t,V,w,z,ca,dV_dt,dV_dt_noisy
0.000000000000000000e+00,-1.000000000000000000e+00,0.000000000000000000e+00,0.000000000000000000e+00,0.000000000000000000e+00,-2.083333333333334370e+00,-2.048774914126855862e+00
8.001600320064013172e-02,-1.155927041344937845e+00,-3.983487786101306410e-03,4.258378659242472190e-04,2.116407230529268851e-04,-1.713752585758235858e+00,-1.631590771408119922e+00
1.600320064012802634e-01,-1.265335676494974360e+00,-8.825709511914641911e-03,6.920637507409790716e-04,3.417022324704549843e-04,-1.014961619122918046e+00,-9.819179115045792994e-01
2.400480096019204090e-01,-1.322736241347715724e+00,-1.417653778617339669e-02,8.886644863673456504e-04,4.358284482488339676e-04,-4.638137560901395284e-01,-5.941294792505755762e-01
3.200640128025605269e-01,-1.346390757167962526e+00,-1.975148003864484608e-02,1.057056421304040711e-03,5.149976064873628290e-04,-1.631025365545259453e-01,-7.256694988721416884e-02
4.000800160032006447e-01,-1.353110561752565388e+00,-2.539027245600107216e-02,1.214473840313919127e-03,5.879415230041013180e-04,-2.353386785340751478e-02,2.110358938299361845e-02
4.800960192038408181e-01,-1.352213109547655945e+00,-3.101747119723460150e-02,1.368046361658671042e-03,6.582774109110790068e-04,3.754242841888612986e-02,-1.615289511714238652e-02
5.601120224044808804e-01,-1.348003387905314154e+00,-3.660020347537504964e-02,1.520797134244272330e-03,7.275435733682698381e-04,6.406909576912250825e-02,1.221809061887578207e-01
6.401280256051210538e-01,-1.342343013667773644e+00,-4.212456381828483254e-02,1.674063554628905026e-03,7.964243509673314811e-04,7.588418423207865526e-02,1.123414238506862395e-01
7.201440288057612271e-01,-1.336021492013660161e+00,-4.758474695301561502e-02,1.828480706430997416e-03,8.652477905049752588e-04,8.147550033260220204e-02,1.108887499981548036e-01
8.001600320064012895e-01,-1.329372982787454305e+00,-5.297836624516713555e-02,1.984387718439604032e-03,9.341912965071333137e-04,8.442980961598268996e-02,8.727203374756237197e-02
8.801760352070414628e-01,-1.322539018949027367e+00,-5.830447167940615294e-02,2.141998815951042402e-03,1.003368198941907144e-03,8.627028596487062995e-02,1.409415846261153349e-01
9.601920384076816362e-01,-1.315578901631951236e+00,-6.356270913641602627e-02,2.301476685082737717e-03,1.072864875692855447e-03,8.765223861412269057e-02,1.400682991395599264e-02
1.040208041608321698e+00,-1.308516288548142281e+00,-6.875295916524867823e-02,2.462964706961506475e-03,1.142757051646223643e-03,8.886323164106063599e-02,7.257223684175535816e-02
1.120224044808961761e+00,-1.301358988322030452e+00,-7.387517954091171735e-02,2.626601519445475024e-03,1.213117146773966346e-03,9.003284652339578475e-02,4.182091525539795296e-02
1.200240048009602045e+00,-1.294107577190702019e+00,-7.892933381777290924e-02,2.792528058539743650e-03,1.284017811979421345e-03,9.122262368333448890e-02,1.511072449467972534e-01
1.280256051210242108e+00,-1.286759061065370524e+00,-8.391535876990602327e-02,2.960891150027412586e-03,1.355533712870010980e-03,9.246408404814959736e-02,9.643629479631549151e-02
1.360272054410882170e+00,-1.279308496657281635e+00,-8.883314777736343870e-02,3.131845720665555298e-03,1.427742608694140304e-03,9.377565310692367873e-02,6.452997801041482351e-02
1.440288057611522454e+00,-1.271749722694072382e+00,-9.368254093848217556e-02,3.305556479010520344e-03,1.500726156235542052e-03,9.517055672068966410e-02,1.697971048500544755e-02
1.520304060812162517e+00,-1.264075622322448522e+00,-9.846331861865716129e-02,3.482199364096824797e-03,1.574570588734318854e-03,9.666024879805799885e-02,7.094102473617092119e-02
1.600320064012802579e+00,-1.256278165962336546e+00,-1.031751962856237992e-01,3.661962981268931071e-03,1.649367379724392011e-03,9.825592455439002837e-02,9.907014260622437618e-02
1.680336067213442863e+00,-1.248348391665691004e+00,-1.078178190283054227e-01,3.845050217202934054e-03,1.725213987825514059e-03,9.996956919832641897e-02,7.240927866838937910e-02
1.760352070414082926e+00,-1.240276328259429794e+00,-1.123907555919594486e-01,4.031680075906452290e-03,1.802214701989250049e-03,1.018146877846501375e-01,2.312210692244708599e-01
1.840368073614722988e+00,-1.232050854455887023e+00,-1.168934918852003596e-01,4.222089765566089739e-03,1.880481600253179663e-03,1.038067796480945520e-01,2.044792111786739863e-01
1.920384076815363272e+00,-1.223659516609226783e+00,-1.213254234762207590e-01,4.416537133011706577e-03,1.960135668512341407e-03,1.059638188265486364e-01,-1.651524290700482345e-01
2.000400080016003113e+00,-1.215088297977487075e+00,-1.256858468619660996e-01,4.615303520892309608e-03,2.041308114180543851e-03,1.083067882105839819e-01,-8.059453638618330196e-02
2.080416083216643397e+00,-1.206321354357829279e+00,-1.299739488791790409e-01,4.818697195486392089e-03,2.124141945977912720e-03,1.108604578933759383e-01,9.338324868785974342e-02
2.160432086417283681e+00,-1.197340680073514463e+00,-1.341887941545246432e-01,5.027057442220124808e-03,2.208793864007392669e-03,1.136543067139981350e-01,7.143526555636277309e-02
2.240448089617923522e+00,-1.188125686805614256e+00,-1.383293101397460034e-01,5.240759493376636637e-03,2.295436537223940338e-03,1.167236663896575183e-01,1.380879661395186253e-01
2.320464092818563806e+00,-1.178652677263270832e+00,-1.423942690283653834e-01,5.460220524502281889e-03,2.384261380118543779e-03,1.201112193409632767e-01,1.418434124432196297e-01
2.400480096019204090e+00,-1.168894180866681953e+00,-1.463822657435930041e-01,5.685907018515836027e-03,2.475481969699446470e-03,1.238689786970399720e-01,3.356528542021448014e-01
2.480496099219843931e+00,-1.158818106121785041e+00,-1.502916909287446146e-01,5.918343899782930843e-03,2.569338292893734443e-03,1.280609343876561168e-01,1.685885811842798010e-02
2.560512102420484215e+00,-1.148386646370558317e+00,-1.541206975115052003e-01,6.158125987039565936e-03,2.666102084236050482e-03,1.327666335430143507e-01,9.500613283031453249e-02
2.640528105621124499e+00,-1.137554849175660632e+00,-1.578671589058746327e-01,6.405932525430098334e-03,2.766083614405286540e-03,1.380860932169533650e-01,3.423632539661863872e-01
2.720544108821764340e+00,-1.126268720075399576e+00,-1.615286161887343475e-01,6.662545868183330534e-03,2.869640438173672817e-03,1.441466468687955249e-01,2.088169464889802207e-01
2.800560112022404624e+00,-1.114462671186225329e+00,-1.651022105277185348e-01,6.928875843085529479e-03,2.977188832278087564e-03,1.511126515338509502e-01,2.174189887714771396e-01
2.880576115223044908e+00,-1.102056031512920420e+00,-1.685845955576534549e-01,7.205992050271300617e-03,3.089218993967233953e-03,1.591995160736700554e-01,1.077988789049237617e-01
2.960592118423684749e+00,-1.088948188506794201e+00,-1.719718219911866852e-01,7.495167451374159032e-03,3.206315604490004006e-03,1.686944102188253636e-01,3.886893133260072020e-03
3.040608121624325033e+00,-1.075011690781406681e+00,-1.752591829703327442e-01,7.797938404063811842e-03,3.329186224550245623e-03,1.799875615848361143e-01,1.967340360071102301e-01
3.120624124824965318e+00,-1.060082205938561062e+00,-1.784410028144907123e-01,8.116189309494878726e-03,3.458701437361796742e-03,1.936207421865291378e-01,2.045221509686838968e-01
3.200640128025605158e+00,-1.043943522887434305e+00,-1.815103422948423639e-01,8.452275069396107329e-03,3.595953063404960359e-03,2.103647015041069102e-01,8.762949607964948262e-02
3.280656131226245442e+00,-1.026304577477468838e+00,-1.844585768153275407e-01,8.809203460487937537e-03,3.742341082738181481e-03,2.313471654820067058e-01,1.630244993039504653e-01
3.360672134426885727e+00,-1.006762908360927078e+00,-1.872747740155655816e-01,9.190917125252787145e-03,3.899708386602129210e-03,2.582724036534017054e-01,2.510680356806789804e-01
3.440688137627525567e+00,-9.847443430940208131e-01,-1.899447455871701440e-01,9.602747193906581782e-03,4.070558088957633089e-03,2.938153561658246593e-01,1.993401938597469114e-01
3.520704140828165851e+00,-9.593987632943284938e-01,-1.924495424284933809e-01,1.005218065366807190e-02,4.258422056940134454e-03,3.423670331831857316e-01,3.325400363979639784e-01
3.600720144028806136e+00,-9.294101073756740883e-01,-1.947629505692673457e-01,1.055023815836991438e-02,4.468524227252334766e-03,4.115347305924780263e-01,4.210830333394234848e-01
3.680736147229445976e+00,-8.926262047997356452e-01,-1.968470719375585154e-01,1.111414275119979728e-02,4.709068495783984461e-03,5.153975562049203374e-01,5.189561799104689399e-01
3.760752150430086260e+00,-8.452772727627761995e-01,-1.986439228608147811e-01,1.177301300792960199e-02,4.993992500420612116e-03,6.822564916003341917e-01,6.316273257689026810e-01
3.840768153630726545e+00,-7.801515020223291907e-01,-2.000578842774200505e-01,1.258164517768118468e-02,5.349648773711315752e-03,9.753398344022051747e-01,1.034714641580787520e+00
3.920784156831366385e+00,-6.817398329012124281e-01,-2.009138693385681962e-01,1.366037557583428194e-02,5.834167613272846047e-03,1.556816116239783110e+00,1.645932811668015860e+00
4.000800160032006225e+00,-5.109926364924202158e-01,-2.008365128437015201e-01,1.534381435452103308e-02,6.609819355436534656e-03,2.923659385392675336e+00,2.955744215849331891e+00
4.080816163232646510e+00,-1.482259183565572402e-01,-1.987793809570932713e-01,1.895713773883031528e-02,8.320832541515768219e-03,6.883940352460841794e+00,6.802117329721810712e+00
4.160832166433286794e+00,7.643437468958775849e-01,-1.913781291734501511e-01,2.937462202513838050e-02,1.332533336716002284e-02,1.629846032462832994e+01,1.637162555300687572e+01
4.240848169633927078e+00,1.820284622319341405e+00,-1.757945803712770705e-01,4.492955716772367020e-02,2.070642792614738742e-02,5.977863562380604456e+00,5.927719560533899035e+00
4.320864172834567363e+00,1.985314468573672109e+00,-1.566170858205335470e-01,6.066227683350761124e-02,2.798877750120714117e-02,2.876700566009377513e-01,3.755861184297362709e-01
4.400880176035207647e+00,1.987604055114642776e+00,-1.371825600978535953e-01,7.630806385189457808e-02,3.504317181786117258e-02,-7.376104594727130037e-02,-1.809397876350157253e-01
4.480896179235847043e+00,1.980624293060538221e+00,-1.178457999235049680e-01,9.185219882234495203e-02,4.186492540462093126e-02,-9.263854724374867566e-02,-1.191826930870554246e-03
4.560912182436487328e+00,1.973144408526753990e+00,-9.862865855276366223e-02,1.072854914183376807e-01,4.845269340092360488e-02,-9.390123387093117502e-02,-9.590757933247921752e-02
4.640928185637127612e+00,1.965616591272598024e+00,-7.953533176190802356e-02,1.225999619560443621e-01,5.480639388456511052e-02,-9.423164053343098534e-02,-2.191065295668725432e-01
4.720944188837767896e+00,1.958065727201476314e+00,-6.056934426616673861e-02,1.377885526313996634e-01,6.092707195320908736e-02,-9.449856450363773586e-02,-1.258885117003225029e-01
4.800960192038408181e+00,1.950494276624575862e+00,-4.173436494155805671e-02,1.528450324787692660e-01,6.681681963209500086e-02,-9.474638664369706975e-02,-8.933615876654267540e-02
4.880976195239048465e+00,1.942903638966624102e+00,-2.303418166605767509e-02,1.677639208581883923e-01,7.247867714228348190e-02,-9.497914358217178499e-02,-6.770000966572640999e-02
4.960992198439687861e+00,1.935295047900470466e+00,-4.472626369111340830e-03,1.825404190030425755e-01,7.791652051487094055e-02,-9.519403862214938228e-02,-1.934128511162471753e-01
5.041008201640328146e+00,1.927669902782842559e+00,1.394650258380146501e-02,1.971703480698407396e-01,8.313494304686569469e-02,-9.539385830318429516e-02,-2.061311630197036060e-01
5.121024204840968430e+00,1.920029442733119929e+00,3.221951745233743447e-02,2.116500929002003428e-01,8.813913663810592214e-02,-9.557651026641661440e-02,-7.561805698170853685e-02
5.201040208041608714e+00,1.912374978570813955e+00,5.034291147557826140e-02,2.259765508169570836e-01,9.293477744769450266e-02,-9.574381138242916978e-02,-1.424187730704093713e-01
5.281056211242248999e+00,1.904707735148604142e+00,6.831342186471504874e-02,2.401470849749499925e-01,9.752791896680640393e-02,-9.589683427308620667e-02,-7.234627310006368217e-02
5.361072214442888395e+00,1.897028804876780050e+00,8.612808207912030223e-02,2.541594818124157107e-01,1.019248944191218365e-01,-9.603510090163118462e-02,-2.008314865379326464e-02
5.441088217643528679e+00,1.889339298155575886e+00,1.037842617538530937e-01,2.680119122289352229e-01,1.061322295072096578e-01,-9.616209330025100865e-02,-2.610408299353458861e-01
5.521104220844168964e+00,1.881640101673580201e+00,1.212796951548426178e-01,2.817028961861516856e-01,1.101565658273961357e-01,-9.627777718757747627e-02,-7.083896553581574274e-02
5.601120224044809248e+00,1.873932018300630276e+00,1.386124964559170281e-01,2.952312704047378999e-01,1.140045947533750437e-01,-9.638354252388646459e-02,2.608115422968677877e-02
5.681136227245449533e+00,1.866215779261884089e+00,1.557811639192286934e-01,3.085961589142999228e-01,1.176830012694293492e-01,-9.648272305001204252e-02,-1.262354074870593590e-01
5.761152230446089817e+00,1.858491878677504205e+00,1.727845744578616893e-01,3.217969462151868965e-01,1.211984170041365549e-01,-9.657548582165317863e-02,-1.776569441454101672e-01
5.841168233646729213e+00,1.850760720456283259e+00,1.896219689581578882e-01,3.348332528049273726e-01,1.245573815911751175e-01,-9.666350195066918116e-02,-2.143911923270989950e-02
5.921184236847369498e+00,1.843022619740612988e+00,2.062929312998127429e-01,3.477049128854433624e-01,1.277663114551095269e-01,-9.674983970303085989e-02,-7.140518808221671399e-02
6.001200240048009782e+00,1.835277682215548989e+00,2.227973628149609031e-01,3.604119540604444616e-01,1.308314751141938237e-01,-9.683515407807041786e-02,-7.246847000314374232e-03
6.081216243248650066e+00,1.827525900732904551e+00,2.391354529504605142e-01,3.729545788297190523e-01,1.337589741261558385e-01,-9.692049676019789950e-02,-1.314420677653258818e-01
6.161232246449290351e+00,1.819767193175701792e+00,2.553076483291225607e-01,3.853331477337380018e-01,1.365547288761299327e-01,-9.700819257946954877e-02,-2.451900199516906798e-01
6.241248249649930635e+00,1.812001345831217858e+00,2.713146215691420449e-01,3.975481640035352648e-01,1.392244684729815885e-01,-9.709991280845917117e-02,-1.081009892795842670e-01
6.321264252850570031e+00,1.804227998452111681e+00,2.871572404998974926e-01,4.096002595726913054e-01,1.417737240931519760e-01,-9.719605939343123335e-02,-1.417788746945544687e-01
6.401280256051210316e+00,1.796446720077972126e+00,3.028365383877513195e-01,4.214901823234106226e-01,1.442078251895316798e-01,-9.729774727429488235e-02,-1.976536506953746608e-02
6.481296259251850600e+00,1.788657010382754819e+00,3.183536861759534431e-01,4.332187844643222707e-01,1.465318980625458234e-01,-9.740658676641866798e-02,-7.804330192870329030e-02
6.561312262452490884e+00,1.780858279648000586e+00,3.337099669528182933e-01,4.447870119337419270e-01,1.487508663537434050e-01,-9.752390544833372532e-02,-2.606088286918438746e-01
6.641328265653131169e+00,1.773049830639990665e+00,3.489067527811246516e-01,4.561958947332762082e-01,1.508694530854360061e-01,-9.765009308485492201e-02,-2.171664010951749046e-01
6.721344268853771453e+00,1.765230906604616345e+00,3.639454837651032726e-01,4.674465381011140841e-01,1.528921839242773362e-01,-9.778578266030901744e-02,-9.406879001583490219e-03
6.801360272054410849e+00,1.757400696875060397e+00,3.788276496442018471e-01,4.785401144554703445e-01,1.548233914019989388e-01,-9.793184529196252708e-02,-2.995534355017787087e-02
6.881376275255051134e+00,1.749558336207044151e+00,3.935547737178571315e-01,4.894778560355116381e-01,1.566672198655173764e-01,-9.808924007419020374e-02,-1.621135766650390608e-01
6.961392278455691418e+00,1.741702902938431219e+00,4.081283989446967131e-01,5.002610481755821459e-01,1.584276309672464356e-01,-9.825886298254690732e-02,-9.836374263927497030e-02
7.041408281656331702e+00,1.733833408395527576e+00,4.225500760698094327e-01,5.108910231557293180e-01,1.601084095393162376e-01,-9.844120291458563488e-02,-5.388384753696701807e-02
7.121424284856971987e+00,1.725948812664087173e+00,4.368213534840760248e-01,5.213691545729637333e-01,1.617131697211980357e-01,-9.863670307550947980e-02,-5.179626949078168507e-02
7.201440288057612271e+00,1.718048032214835708e+00,4.509437687295187458e-01,5.316968521885513388e-01,1.632453612367749940e-01,-9.884591011491972168e-02,-1.122169050348470476e-02
7.281456291258251667e+00,1.710129939089787499e+00,4.649188414673814940e-01,5.418755572086847438e-01,1.647082757354340066e-01,-9.906942071412211392e-02,-7.342085799196591822e-02
7.361472294458891952e+00,1.702193360230826791e+00,4.787480677038217780e-01,5.519067379587453415e-01,1.661050531282196596e-01,-9.930784958762442494e-02,-1.087906834844742376e-01
7.441488297659532236e+00,1.694237076795061636e+00,4.924329151069636312e-01,5.617918859158227418e-01,1.674386878644492094e-01,-9.956181274261496905e-02,-1.254466192213995190e-01
7.521504300860172521e+00,1.686259823359427035e+00,5.059748192626410956e-01,5.715325120674349391e-01,1.687120351059068213e-01,-9.983192179200475747e-02,5.742358261320371082e-03
7.601520304060812805e+00,1.678260286930572498e+00,5.193751807306542512e-01,5.811301435673400517e-01,1.699278167654731941e-01,-1.001187858770222205e-01,-3.252042133848759842e-01
7.681536307261453089e+00,1.670237105687937706e+00,5.326353627778998012e-01,5.905863206619944572e-01,1.710886273850979189e-01,-1.004230184347698618e-01,-1.142885509439035968e-01
7.761552310462092485e+00,1.662188867280163018e+00,5.457566896792017674e-01,5.999025938636171063e-01,1.721969398346568647e-01,-1.007452440016917694e-01,-9.744523360328576078e-02
7.841568313662732770e+00,1.654114106825072872e+00,5.587404454887856531e-01,6.090805213479347779e-01,1.732551108186355382e-01,-1.010861081754049762e-01,-2.436210042624237515e-01
7.921584316863373054e+00,1.646011305154210680e+00,5.715878731959663783e-01,6.181216665565414381e-01,1.742653861819664085e-01,-1.014463021141595589e-01,-6.816494080035490066e-02
8.001600320064012450e+00,1.637878885615807301e+00,5.843001741977840169e-01,6.270275959858510051e-01,1.752299060100740435e-01,-1.018265639656165678e-01,-1.669546652099559714e-01
8.081616323264652735e+00,1.629715210464333985e+00,5.968785080216485461e-01,6.357998771458330811e-01,1.761507095208549867e-01,-1.022276814327607863e-01,-1.598320180118610601e-02
8.161632326465293019e+00,1.621518576858627547e+00,6.093239922431665789e-01,6.444400766732119035e-01,1.770297397486623181e-01,-1.026504961980784225e-01,-1.152097046015111426e-01
8.241648329665933304e+00,1.613287212430214446e+00,6.216377025522044075e-01,6.529497585850612129e-01,1.778688480221479185e-01,-1.030959097394437696e-01,-3.618058566049849045e-02
8.321664332866573588e+00,1.605019270391646158e+00,6.338206729268307527e-01,6.613304826598244146e-01,1.786697982391919903e-01,-1.035648904287367333e-01,1.831947008838559487e-02
8.401680336067213872e+00,1.596712824155781307e+00,6.458738958804643993e-01,6.695838029337641828e-01,1.794342709431910321e-01,-1.040584819876427813e-01,-6.576552371629554306e-02
8.481696339267854157e+00,1.588365861453741035e+00,6.577983227523230836e-01,6.777112663017035299e-01,1.801638672057361557e-01,-1.045778138512851174e-01,-1.921499281935696857e-01
8.561712342468494441e+00,1.579976277111316607e+00,6.695948640187818768e-01,6.857144112118375157e-01,1.808601123213370021e-01,-1.051240982538573232e-01,-2.565559614243211883e-01
8.641728345669134725e+00,1.571541865298521801e+00,6.812643895999453969e-01,6.935947664447373873e-01,1.815244593200454892e-01,-1.056986322215333618e-01,6.963977953010391797e-02
8.721744348869775010e+00,1.563060311519579360e+00,6.928077291405038141e-01,7.013538499672995474e-01,1.821582923040477309e-01,-1.063028104687335773e-01,-1.174320297874855146e-01
8.801760352070415294e+00,1.554529183672454851e+00,7.042256722499635746e-01,7.089931678530412285e-01,1.827629296144676896e-01,-1.069381375247896448e-01,-1.757946322882218138e-01
8.881776355271053802e+00,1.545945922327728317e+00,7.155189686857051923e-01,7.165142132603528058e-01,1.833396268344982538e-01,-1.076062438485209105e-01,-9.318053504243840879e-02
8.961792358471694087e+00,1.537307830168512357e+00,7.266883284643225194e-01,7.239184654606420910e-01,1.838895796348643252e-01,-1.083089067073536582e-01,-1.274500397556185827e-01
9.041808361672334371e+00,1.528612060517765325e+00,7.377344218874846149e-01,7.312073889084836908e-01,1.844139264674179435e-01,-1.090480765378210037e-01,-2.383385011655222985e-02
9.121824364872974655e+00,1.519855604860721465e+00,7.486578794689606742e-01,7.383824323459916572e-01,1.849137511123927491e-01,-1.098259094370945821e-01,-1.064330911933845519e-01
9.201840368073614940e+00,1.511035279252208818e+00,7.594592917494055184e-01,7.454450279336162222e-01,1.853900850845176251e-01,-1.106448064374709883e-01,-1.092698480756290336e-01
9.281856371274255224e+00,1.502147706191252263e+00,7.701392090020680037e-01,7.523965904006307825e-01,1.858439099033309116e-01,-1.115074071289065549e-01,-1.829653792322029626e-01
9.361872374474895508e+00,1.493189283873815887e+00,7.806981408577976511e-01,7.592385162102983642e-01,1.862761592336363847e-01,-1.124164204051300575e-01,-6.545961053038071298e-02
9.441888377675535793e+00,1.484156174093657299e+00,7.911365556774548891e-01,7.659721827211632972e-01,1.866877208951358280e-01,-1.133748066306644597e-01,-2.167614788661627045e-01
9.521904380876176077e+00,1.475044284694606356e+00,8.014548797675894454e-01,7.725989473423662268e-01,1.870794387478854626e-01,-1.143859030239599561e-01,-4.779695904756324498e-02
9.601920384076816362e+00,1.465849246505437575e+00,8.116534964206753022e-01,7.791201466735211412e-01,1.874521144564776920e-01,-1.154535044305460278e-01,3.694024686846716921e-02
9.681936387277456646e+00,1.456566385456256052e+00,8.217327447550042407e-01,7.855370956187026632e-01,1.878065091350267779e-01,-1.165819231871895179e-01,-2.690505269971047442e-01
9.761952390478096930e+00,1.447190663473149286e+00,8.316929184825647692e-01,7.918510864755118339e-01,1.881433448803076502e-01,-1.177756667030627202e-01,-3.643985898381945088e-01
9.841968393678735438e+00,1.437716646542589682e+00,8.415342642539337392e-01,7.980633879625378402e-01,1.884633061822450217e-01,-1.190396142595265272e-01,-5.735173874409457695e-02
9.921984396879375723e+00,1.428138484874209357e+00,8.512569796062554595e-01,8.041752441731464529e-01,1.887670412123785557e-01,-1.203794273423250405e-01,1.344103542059875700e-01
1.000200040008001601e+01,1.418449868212451337e+00,8.608612106794117924e-01,8.101878734545179261e-01,1.890551629963745650e-01,-1.218016809855740346e-01,-2.218941658727633937e-01
1.008201640328065629e+01,1.408643930315029547e+00,8.703470498386832732e-01,8.161024672115551049e-01,1.893282504766702901e-01,-1.233134452852488461e-01,-2.483830211654476650e-01
1.016203240648129658e+01,1.398713183615429623e+00,8.797145326608069027e-01,8.219201885730903490e-01,1.895868494416157179e-01,-1.249224500652582059e-01,-6.602555668721082904e-02
1.024204840968193686e+01,1.388649489603144493e+00,8.889636341257036722e-01,8.276421708806911415e-01,1.898314733083085737e-01,-1.266378306306617518e-01,-2.107099896364925395e-01
1.032206441288257714e+01,1.378443953222719953e+00,8.980942646408012209e-01,8.332695160318156491e-01,1.900626037812135072e-01,-1.284700603315702683e-01,-1.790726087252439147e-01
1.040208041608321743e+01,1.368086758343384002e+00,9.071062657612245506e-01,8.388032926445427861e-01,1.902806913776166620e-01,-1.304304551898435860e-01,-1.652422018582213603e-01
1.048209641928385771e+01,1.357567122228495959e+00,9.159994042130751302e-01,8.442445338692508017e-01,1.904861557426020813e-01,-1.325323657380736431e-01,-7.933215710889378325e-02
1.056211242248449800e+01,1.346873143147874652e+00,9.247733655727418123e-01,8.495942349322874731e-01,1.906793858028330846e-01,-1.347913603571851415e-01,-1.753215964964970064e-01
1.064212842568513828e+01,1.335991546509019967e+00,9.334277475119862055e-01,8.548533503672820499e-01,1.908607397463099598e-01,-1.372247336779985893e-01,-1.094364496699825745e-01
1.072214442888577679e+01,1.324907584700397933e+00,9.419620503692501812e-01,8.600227906225386132e-01,1.910305446862983758e-01,-1.398531477155698366e-01,-1.575064736049273662e-01
1.080216043208641707e+01,1.313604728769191876e+00,9.503756674682954930e-01,8.651034182260943783e-01,1.911890961093820340e-01,-1.427005730143662832e-01,-2.271676833795266137e-01
1.088217643528705736e+01,1.302064342842651934e+00,9.586678734399066704e-01,8.700960432309811088e-01,1.913366569853591215e-01,-1.457948450316687294e-01,-1.777774708059908226e-01
1.096219243848769764e+01,1.290265408304369199e+00,9.668378092711248373e-01,8.750014176401544885e-01,1.914734564081283508e-01,-1.491695060844219767e-01,-2.442094726012138395e-01
1.104220844168833793e+01,1.278183930952385694e+00,9.748844667392828622e-01,8.798202289955054933e-01,1.915996878774798295e-01,-1.528637618940884013e-01,-1.522122633071135156e-01
1.112222444488897821e+01,1.265792519342209932e+00,9.828066669081145790e-01,8.845530922366477977e-01,1.917155068071681734e-01,-1.569253785144941737e-01,-2.693120012710578104e-01
1.120224044808961850e+01,1.253059534435957634e+00,9.906030371317801064e-01,8.892005401428492162e-01,1.918210274450774522e-01,-1.614115738286250878e-01,-2.707010107581493963e-01
1.128225645129025878e+01,1.239948309404095950e+00,9.982719801807087290e-01,8.937630111264039945e-01,1.919163186382056296e-01,-1.663928010165377502e-01,-2.069661948601220214e-02
1.136227245449089907e+01,1.226415868675171605e+00,1.005811639156080073e+00,8.982408344047102533e-01,1.920013985111667654e-01,-1.719555246014609073e-01,-1.772739466319950552e-01
1.144228845769153935e+01,1.212411541906169621e+00,1.013219850964762969e+00,9.026342108138333264e-01,1.920762272688386618e-01,-1.782081818906350312e-01,-1.835983844378393237e-01
1.152230446089217963e+01,1.197874849197134273e+00,1.020494091308723261e+00,9.069431887974001016e-01,1.921406979948294957e-01,-1.852873060450455078e-01,-1.341336640532836133e-01
1.160232046409281992e+01,1.182732963314720331e+00,1.027631401286147828e+00,9.111676326459865471e-01,1.921946241291682678e-01,-1.933681911811868659e-01,-2.354538914360739810e-01
1.168233646729345843e+01,1.166897025562587453e+00,1.034628296005377646e+00,9.153071811709567740e-01,1.922377229235942009e-01,-2.026785954387738675e-01,-2.255321321865896844e-01
1.176235247049409871e+01,1.150257169581647032e+00,1.041480643576377485e+00,9.193611919548436706e-01,1.922695927476741062e-01,-2.135196940482614325e-01,-1.710048205150705436e-01
1.184236847369473900e+01,1.132675511057496864e+00,1.048183503865625310e+00,9.233286649453428252e-01,1.922896815669601078e-01,-2.262975265177158413e-01,-1.980559422932756941e-01
1.192238447689537928e+01,1.113975952875543740e+00,1.054730911222266920e+00,9.272081357195439688e-01,1.922972424390810287e-01,-2.415710852889246807e-01,-3.575007579821676273e-01
1.200240048009601956e+01,1.093929115740044589e+00,1.061115573009756563e+00,9.309975219807474778e-01,1.922912688800828551e-01,-2.601288643224036745e-01,-1.767946046554375039e-01
1.208241648329665985e+01,1.072229411444004965e+00,1.067328441141309092e+00,9.346938963296657077e-01,1.922703983540801909e-01,-2.831146442929116658e-01,-3.421581386218159881e-01
1.216243248649730013e+01,1.048458752176566033e+00,1.073358084699485016e+00,9.382931370894487255e-01,1.922327627554892560e-01,-3.122414950192303751e-01,-4.178493900506489722e-01
1.224244848969794042e+01,1.022027333075324007e+00,1.079189743631197018e+00,9.417893720249611578e-01,1.921757486096460632e-01,-3.501739658818225909e-01,-4.402214728817277489e-01
1.232246449289858070e+01,9.920718745077200529e-01,1.084803837207047428e+00,9.451740431587779545e-01,1.920955911445936526e-01,-4.012446387235357737e-01,-4.402991731590680802e-01
1.240248049609922099e+01,9.572717872089457902e-01,1.090173503611103545e+00,9.484342415506866741e-01,1.919866471237081373e-01,-4.728846433111999481e-01,-3.101546178488931993e-01
1.248249649929986127e+01,9.154945123912661131e-01,1.095260295471438328e+00,9.515495107941989161e-01,1.918399912758929626e-01,-5.786968828452587754e-01,-6.962504733373368060e-01
1.256251250250050155e+01,8.630559309710914562e-01,1.100006086129518668e+00,9.544851080358901507e-01,1.916404433080008129e-01,-7.456803081068580363e-01,-7.296727188534239961e-01
1.264252850570114006e+01,7.930146914857466589e-01,1.104316330530598522e+00,9.571758784836745804e-01,1.913594294207014157e-01,-1.033227343266004850e+00,-1.247009779075062497e+00
1.272254450890178035e+01,6.907252294122881997e-01,1.108020791836585195e+00,9.594805722056503061e-01,1.909347417906963051e-01,-1.590530015167942901e+00,-1.590686708482462519e+00
1.280256051210242063e+01,5.202458046023381577e-01,1.110762459347721887e+00,9.610166032537988956e-01,1.901977309004996008e-01,-2.861225691315255393e+00,-2.771269049567654630e+00
1.288257651530306092e+01,1.753986220831473819e-01,1.111580180106998883e+00,9.603424301508773908e-01,1.885232104471039616e-01,-6.394355962576686814e+00,-6.418022294782832482e+00
1.296259251850370120e+01,-6.573188500056634798e-01,1.107429006185508769e+00,9.521507936473048161e-01,1.837893470559890663e-01,-1.500536581826059113e+01,-1.506830131064892520e+01
1.304260852170434148e+01,-1.729747484340158126e+00,1.095369822279192551e+00,9.375120601415397603e-01,1.767222352152287845e-01,-7.200189320652182090e+00,-7.177038214246328707e+00
1.312262452490498177e+01,-1.944887724762137227e+00,1.079328661557189761e+00,9.226646069535204830e-01,1.698050888477449782e-01,-4.757318175347580169e-01,-4.057166424196929633e-01
1.320264052810562205e+01,-1.953815143421832268e+00,1.062913577618457284e+00,9.080444039097155251e-01,1.631926130142969389e-01,3.675808458029616865e-02,1.031238416820368375e-01
1.328265653130626234e+01,-1.949209953283369545e+00,1.046594134395754994e+00,8.936562669716674456e-01,1.568758406958891405e-01,6.600817228069322251e-02,2.632555576736723690e-01
1.336267253450690262e+01,-1.943829286219972419e+00,1.030398496554592036e+00,8.794969283269146176e-01,1.508426544394156354e-01,6.778161933419513119e-02,8.869836656782281725e-02
1.344268853770754291e+01,-1.938395776508906154e+00,1.014327908399002665e+00,8.655627870442250682e-01,1.450808398721555592e-01,6.798732941014351550e-02,8.746319434850255425e-03
1.352270454090818141e+01,-1.932951072726968311e+00,9.983820938415342017e-01,8.518502777899671363e-01,1.395783167179142359e-01,6.810003203218395473e-02,5.550211303351967884e-02
1.360272054410882170e+01,-1.927497805035431888e+00,9.825606943732754228e-01,8.383558907978648778e-01,1.343232222342577720e-01,6.820418421607382653e-02,6.095432965409262188e-02
1.368273654730946198e+01,-1.922036349839232106e+00,9.668633520334586340e-01,8.250761721831109119e-01,1.293039738366476565e-01,6.830459008443784397e-02,7.917832843224971440e-02
1.376275255051010227e+01,-1.916566959514138802e+00,9.512897142622080970e-01,8.120077231222347924e-01,1.245093189156738639e-01,6.840177588315621282e-02,6.539899456021272539e-02
1.384276855371074255e+01,-1.911089883174393877e+00,9.358394341833137231e-01,7.991471989794933783e-01,1.199283733250517819e-01,6.849625899143924057e-02,8.589285288105957816e-02
1.392278455691138284e+01,-1.905605360356273925e+00,9.205121705883488881e-01,7.864913084432570978e-01,1.155506497427569723e-01,6.858836717790472992e-02,-9.849663888360654651e-02
1.400280056011202312e+01,-1.900113604628286712e+00,9.053075878866605475e-01,7.740368126762101619e-01,1.113660771321866305e-01,6.867772575626929221e-02,1.516406213602735642e-01
1.408281656331266340e+01,-1.894614829326129346e+00,8.902253561450685915e-01,7.617805244812512200e-01,1.073650125211229323e-01,6.876414717089801565e-02,1.129022027879478252e-02
1.416283256651330369e+01,-1.889109248556702036e+00,8.752651510554831926e-01,7.497193074802867008e-01,1.035382462643332085e-01,6.884766700402389361e-02,-4.846820264067858153e-02
1.424284856971394397e+01,-1.883597074558793105e+00,8.604266538769650419e-01,7.378500753064439754e-01,9.987700187736633928e-02,6.892845558250926263e-02,1.327035715466528543e-01
1.432286457291458426e+01,-1.878078515690638772e+00,8.457095513601904369e-01,7.261697908096318432e-01,9.637293143222384895e-02,6.900674987237731539e-02,2.007393506109855230e-01
1.440288057611522454e+01,-1.872553774964781370e+00,8.311135356519323558e-01,7.146754652752088655e-01,9.301810739989001264e-02,6.908280285423812339e-02,1.183856178041823859e-01
1.448289657931586305e+01,-1.867023045401518200e+00,8.166383041679696753e-01,7.033641576553527619e-01,8.980501171691225581e-02,6.915673268065303247e-02,8.527266406520506159e-02
1.456291258251650333e+01,-1.861486507214677344e+00,8.022835594446108276e-01,6.922329738131055565e-01,8.672652274849568244e-02,6.922843483436885714e-02,-2.399359570282635912e-02
1.464292858571714362e+01,-1.855944337252082521e+00,7.880490089942623344e-01,6.812790657794003391e-01,8.377590072144001920e-02,6.929787720631186421e-02,3.564546109876617352e-01
1.472294458891778390e+01,-1.850396708953086833e+00,7.739343651080020647e-01,6.704996310218342970e-01,8.094677210859139993e-02,6.936508836722365956e-02,1.573909504333744769e-01
1.480296059211842419e+01,-1.844843791814388734e+00,7.599393446255091611e-01,6.598919117253628785e-01,7.823311336503153968e-02,6.943013082142818204e-02,-4.449933621286940311e-02
1.488297659531906447e+01,-1.839285751083931775e+00,7.460636686724084754e-01,6.494531940847317886e-01,7.562923434331422778e-02,6.949308221398109442e-02,-8.470709409993365524e-03
1.496299259851970476e+01,-1.833722747635470940e+00,7.323070623631784404e-01,6.391808076084324330e-01,7.312976165170928522e-02,6.955402292352780291e-02,7.825194778071824231e-02
1.504300860172034504e+01,-1.828154937980597916e+00,7.186692544678562333e-01,6.290721244339790852e-01,7.072962216484127151e-02,6.961302864529617107e-02,-8.586008455430246822e-02
1.512302460492098533e+01,-1.822582474379223383e+00,7.051499770408740098e-01,6.191245586543020485e-01,6.842402684966703008e-02,6.967016673818382522e-02,8.653320743923526015e-02
1.520304060812162561e+01,-1.817005505013676192e+00,6.917489650104768906e-01,6.093355656550663024e-01,6.620845503064348714e-02,6.972549527434479533e-02,2.381833970306888176e-02
1.528305661132226589e+01,-1.811424174195682468e+00,6.784659557273071684e-01,5.997026414627233404e-01,6.407863918537171077e-02,6.977906388876964350e-02,1.924061239203913865e-01
1.536307261452290618e+01,-1.805838622579578168e+00,6.653006884709017354e-01,5.902233221031133459e-01,6.203055033515301325e-02,6.983091567969446078e-02,1.660463820425191472e-01
1.544308861772354469e+01,-1.800248987359119646e+00,6.522529039130342543e-01,5.808951829704376291e-01,6.006038407298507770e-02,6.988108955645194742e-02,-2.012474541870253320e-01
1.552310462092418497e+01,-1.794655402429245816e+00,6.393223435370468666e-01,5.717158382064286837e-01,5.816454725384631597e-02,6.992962257070384213e-02,7.409988117343510594e-02
1.560312062412482526e+01,-1.789057998498074342e+00,6.265087490125736958e-01,5.626829400895501099e-01,5.633964535802003792e-02,6.997655189727308711e-02,-9.177019805509573080e-02
1.568313662732546554e+01,-1.783456903138303851e+00,6.138118615253271848e-01,5.537941784340595364e-01,5.458247052712108388e-02,7.002191625433001887e-02,1.809857161791823266e-01
1.576315263052610582e+01,-1.777852240771027770e+00,6.012314210619535970e-01,5.450472799987796657e-01,5.288999026390783786e-02,7.006575666569508920e-02,8.687634357847752453e-02
1.584316863372674611e+01,-1.772244132578768339e+00,5.887671656503117301e-01,5.364400079054210124e-01,5.125933678045213604e-02,7.010811657442439504e-02,1.249486617931241106e-01
1.592318463692738639e+01,-1.766632696348261922e+00,5.764188305559344583e-01,5.279701610663087852e-01,4.968779697442932131e-02,7.014904141192934706e-02,-3.636343146840055607e-02
1.600320064012802490e+01,-1.761018046247220470e+00,5.641861474358634831e-01,5.196355736213692511e-01,4.817280300986153535e-02,7.018857781465187573e-02,2.530316016142019064e-01
1.608321664332866519e+01,-1.755400292542896645e+00,5.520688434515287346e-01,5.114341143842349169e-01,4.671192347633275344e-02,7.022677275679151121e-02,2.722341094718360166e-01
1.616323264652930547e+01,-1.749779541273842831e+00,5.400666403428594498e-01,5.033636862973361881e-01,4.530285509927071963e-02,7.026367293630764177e-02,-3.621343132631360540e-02
1.624324864972994575e+01,-1.744155893889686171e+00,5.281792534663550809e-01,4.954222258958473346e-01,4.394341497317047485e-02,7.029932480864253819e-02,1.075808369952741678e-01
1.632326465293058604e+01,-1.738529446877117746e+00,5.164063908004320469e-01,4.876077027803626951e-01,4.263153328946654719e-02,7.033377571109694637e-02,3.003532872078260030e-03
1.640328065613122632e+01,-1.732900291393519421e+00,5.047477519219673026e-01,4.799181190981825496e-01,4.136524653101531640e-02,7.036707655856261345e-02,6.801008287248939965e-02
1.648329665933186661e+01,-1.727268512932750744e+00,4.932030269585853666e-01,4.723515090330935307e-01,4.014269110572546428e-02,7.039928661909874985e-02,-5.616441130335764198e-02
1.656331266253250689e+01,-1.721634191050548157e+00,4.817718955218787680e-01,4.649059383035331061e-01,3.896209739268785555e-02,7.043048089528450295e-02,2.571450323533464033e-01
1.664332866573314718e+01,-1.715997399179717053e+00,4.704540256274019061e-01,4.575795036690332163e-01,3.782178417513813729e-02,7.046076064378958836e-02,-2.645719046447721212e-02
1.672334466893378746e+01,-1.710358204567794749e+00,4.592490726079154761e-01,4.503703324448429801e-01,3.672015343568428569e-02,7.049026756152099171e-02,4.088188606177153156e-02
1.680336067213442774e+01,-1.704716668429476112e+00,4.481566780271779571e-01,4.432765820246419852e-01,3.565568549040617347e-02,7.051920353323970492e-02,1.206674966442919383e-01
1.688337667533506803e+01,-1.699072842437341579e+00,4.371764685886248003e-01,4.362964394108460597e-01,3.462693443947803540e-02,7.054776309845731119e-02,5.791695256844461848e-03
1.696339267853570831e+01,-1.693426760896910910e+00,4.263080550441389893e-01,4.294281207522824828e-01,3.363252391319226237e-02,7.057596935628671075e-02,4.664472638305649371e-02
1.704340868173634860e+01,-1.687778446643332764e+00,4.155510311724948669e-01,4.226698708910021085e-01,3.267114309459966809e-02,7.060384141585537843e-02,1.423985677315892096e-02
1.712342468493698888e+01,-1.682127912423603933e+00,4.049049727762573103e-01,4.160199629163882085e-01,3.174154299932396839e-02,7.063144866324699844e-02,5.728537317961759218e-02
1.720344068813762917e+01,-1.676475161570067263e+00,3.943694367188630978e-01,4.094766977268323727e-01,3.084253299529934531e-02,7.065894642252629199e-02,-4.639531708750399552e-02
1.728345669133826945e+01,-1.670820189062340866e+00,3.839439600152286802e-01,4.030384035990187686e-01,2.997297754619577398e-02,7.068661890007252313e-02,2.688781133984245730e-02
1.736347269453890974e+01,-1.665162982012854176e+00,3.736280589821943665e-01,3.967034357646319065e-01,2.913179316326584833e-02,7.071490704895835866e-02,5.002561457773392617e-02
1.744348869773955002e+01,-1.659503499688319339e+00,3.634212283855398629e-01,3.904701759918930981e-01,2.831794555022769735e-02,7.074398209112181535e-02,3.737138171070832765e-02
1.752350470094019030e+01,-1.653841672945412622e+00,3.533229407353635776e-01,3.843370321765246511e-01,2.753044693002457827e-02,7.077377177424001853e-02,7.644276726361952379e-02
1.760352070414083059e+01,-1.648177421588818525e+00,3.433326457384650587e-01,3.783024379423173822e-01,2.676835354136083631e-02,7.080437423641824934e-02,4.149415230074612881e-02
1.768353670734147087e+01,-1.642510657623378556e+00,3.334497698016740674e-01,3.723648522473730349e-01,2.603076329157930080e-02,7.083614365331267204e-02,1.461572844972507668e-01
1.776355271054210760e+01,-1.636841286343232005e+00,3.236737156361431667e-01,3.665227589972825939e-01,2.531681355587457952e-02,7.086972413852532515e-02,3.855013155994233692e-02
1.784356871374274789e+01,-1.631169170158372594e+00,3.140038618336998266e-01,3.607746666599873087e-01,2.462567911048244712e-02,7.090530035398640019e-02,5.724034072439798670e-02
1.792358471694338817e+01,-1.625494133667987340e+00,3.044395627187165831e-01,3.551191078929586964e-01,2.395657019555903766e-02,7.094275180221168431e-02,4.464618202626433052e-03
1.800360072014402846e+01,-1.619815995833193245e+00,2.949801484378575256e-01,3.495546391816301002e-01,2.330873069879908083e-02,7.098235281017273302e-02,1.833086879864903596e-02
1.808361672334466874e+01,-1.614134574915405906e+00,2.856249250851685129e-01,3.440798404813507627e-01,2.268143644806363060e-02,7.102487420997463663e-02,-5.542440487199659649e-02
1.816363272654530903e+01,-1.608449644039608772e+00,2.763731747669723182e-01,3.386933148582774167e-01,2.207399360358696869e-02,7.107068867234084264e-02,1.229491807601372499e-01
1.824364872974594931e+01,-1.602760920412028334e+00,2.672241559341254069e-01,3.333936881415283104e-01,2.148573714865911408e-02,7.111960178962581369e-02,-4.313219997562339758e-02
1.832366473294658960e+01,-1.597068122849800043e+00,2.581771041378455589e-01,3.281796085936721785e-01,2.091602947587944267e-02,7.117203090171095314e-02,-3.413608917121543906e-03
1.840368073614722988e+01,-1.591370969842117900e+00,2.492312326973630254e-01,3.230497465791772882e-01,2.036425905325424737e-02,7.122895354200048379e-02,1.071534187431209401e-01
1.848369673934787016e+01,-1.585669097613460865e+00,2.403857331683824650e-01,3.180027942247390937e-01,1.982983916184879666e-02,7.129033056729634776e-02,1.115476671617495891e-01
1.856371274254851045e+01,-1.579962114464583234e+00,2.316397765127894137e-01,3.130374651095716443e-01,1.931220671807455658e-02,7.135620944056751680e-02,3.134473434006041642e-02
1.864372874574915073e+01,-1.574249647160620658e+00,2.229925143878033755e-01,3.081524939627435788e-01,1.881082116487171191e-02,7.142760231866052134e-02,-1.304989787302196502e-01
1.872374474894979102e+01,-1.568531254100576033e+00,2.144430799922335540e-01,3.033466363418494405e-01,1.832516341509813837e-02,7.150484852678357095e-02,1.135561772563410954e-01
1.880376075215043130e+01,-1.562806432661109080e+00,2.059905894285596895e-01,2.986186683347963888e-01,1.785473486311570795e-02,7.158780514059694122e-02,9.754415102980290575e-02
1.888377675535107159e+01,-1.557074710448094645e+00,1.976341435652667067e-01,2.939673862867007159e-01,1.739905646171419074e-02,7.167753067098166231e-02,-6.956059087619588521e-02
1.896379275855171187e+01,-1.551335542196455197e+00,1.893728291464794877e-01,2.893916064938146238e-01,1.695766783285538801e-02,7.177440073666135900e-02,1.488066090161109800e-01
1.904380876175235215e+01,-1.545588318613608347e+00,1.812057204820305412e-01,2.848901649255066726e-01,1.653012643845659657e-02,7.187832011188964587e-02,1.768340068547022415e-03
1.912382476495299244e+01,-1.539832468463433246e+00,1.731318816697198504e-01,2.804619169755681596e-01,1.611600680870910185e-02,7.199053044765618692e-02,-4.062828116767386311e-02
1.920384076815363272e+01,-1.534067312616935297e+00,1.651503677463607433e-01,2.761057371639557001e-01,1.571489978695246592e-02,7.211105381774093881e-02,8.168412491416661425e-02
1.928385677135427301e+01,-1.528292149687971113e+00,1.572602269677064457e-01,2.718205188970382880e-01,1.532641184086259989e-02,7.224022540141226967e-02,5.439318226149075786e-02
1.936387277455491329e+01,-1.522506288430786725e+00,1.494605029164379761e-01,2.676051742250649124e-01,1.495016440766924054e-02,7.237922668079758981e-02,9.264162677991234773e-02
1.944388877775555358e+01,-1.516708906219115027e+00,1.417502357952279690e-01,2.634586335609152563e-01,1.458579325375024965e-02,7.252772916131848546e-02,-8.804707667112539327e-02
1.952390478095619386e+01,-1.510899229232710139e+00,1.341284653153496653e-01,2.593798454883148308e-01,1.423294790876983469e-02,7.268691929590148648e-02,2.539099309231388490e-01
1.960392078415683059e+01,-1.505076382690643255e+00,1.265942319902247926e-01,2.553677764917210435e-01,1.389129109063272360e-02,7.285703031274758101e-02,1.259116885837477384e-02
1.968393678735747088e+01,-1.499239459768043847e+00,1.191465795016339868e-01,2.514214107498301543e-01,1.356049818869883503e-02,7.303850620209421940e-02,-8.092742464754688891e-02
1.976395279055811116e+01,-1.493387545324257992e+00,1.117845568581805893e-01,2.475397499269127721e-01,1.324025677127517280e-02,7.323237437551737006e-02,1.351165932322323238e-01
1.984396879375875145e+01,-1.487519604443422905e+00,1.045072198200627800e-01,2.437218129293525493e-01,1.293026609998764766e-02,7.343852574432686853e-02,3.795811273420920257e-02
1.992398479695939173e+01,-1.481634652172765243e+00,9.731363377747966059e-02,2.399666357559812058e-01,1.263023671227473180e-02,7.365836884435338072e-02,1.061442174216437606e-01
2.000400080016003201e+01,-1.475731547551750067e+00,9.020287460285368597e-02,2.362732712387701772e-01,1.233988997109670450e-02,7.389169641809668898e-02,3.993085335559283522e-02
2.008401680336067230e+01,-1.469809205672364616e+00,8.317403170012842295e-02,2.326407889253287731e-01,1.205895770370540507e-02,7.413992265916292956e-02,6.816588661117091441e-02
2.016403280656131258e+01,-1.463866389897803710e+00,7.622620872734235664e-02,2.290682748312497241e-01,1.178718179486449961e-02,7.440300977289288076e-02,9.898029414675627025e-02
2.024404880976195287e+01,-1.457901900589413824e+00,6.935852644421561242e-02,2.255548313356922074e-01,1.152431386759360764e-02,7.468227815718447848e-02,1.698975889465048628e-05
2.032406481296259315e+01,-1.451914397809128676e+00,6.257012345815171628e-02,2.220995769572359779e-01,1.127011492110268319e-02,7.497787218706322698e-02,1.428518317730190224e-01
2.040408081616323344e+01,-1.445902562060057406e+00,5.586015882210725036e-02,2.187016462618490698e-01,1.102435504881316315e-02,7.529109284740666264e-02,2.830108293945231279e-02
2.048409681936387372e+01,-1.439864933702481586e+00,4.922781271675865516e-02,2.153601896593385356e-01,1.078681311552275035e-02,7.562218768357979737e-02,-1.134652673346743523e-02
2.056411282256451400e+01,-1.433800068874685030e+00,4.267228892013721908e-02,2.120743733338928683e-01,1.055727651388407677e-02,7.597255056110817362e-02,8.367579274335845696e-02
2.064412882576515429e+01,-1.427706369632725236e+00,3.619281526867005466e-02,2.088433790527553791e-01,1.033554087309127012e-02,7.634246933665425616e-02,1.208465971857584642e-01
2.072414482896579457e+01,-1.421582257366050817e+00,2.978864613623097984e-02,2.056664041314612834e-01,1.012140985640969278e-02,7.673349873952781119e-02,5.382556457766385360e-02
2.080416083216643486e+01,-1.415425980209509271e+00,2.345906258998824850e-02,2.025426612503828383e-01,9.914694896045628258e-03,7.714599576533562320e-02,-9.105982942620660658e-03
2.088417683536707514e+01,-1.409235801133869259e+00,1.720337487918688693e-02,1.994713784577463178e-01,9.715215030249678765e-03,7.758162121386408261e-02,1.395601778447273789e-01
2.096419283856771543e+01,-1.403009806255717251e+00,1.102092244250929207e-02,1.964517990070848430e-01,9.522796667957328376e-03,7.804097914865106012e-02,-9.799190006362663852e-02
2.104420884176835571e+01,-1.396746061242212233e+00,4.911076128453590976e-03,1.934831813799719469e-01,9.337273453832735381e-03,7.852566399109511819e-02,-2.456074961245817423e-02
2.112422484496899600e+01,-1.390442482403018598e+00,-1.126761509098780489e-03,1.905647991806494190e-01,9.158486078076543899e-03,7.903676195871085775e-02,8.298905101204930024e-02
2.120424084816963628e+01,-1.384096900607314051e+00,-7.093154655856323196e-03,1.876959411489872720e-01,8.986282152335928544e-03,7.957573940887006925e-02,-5.653020042163668657e-02
2.128425685137027656e+01,-1.377707030959917978e+00,-1.298863334573777464e-02,1.848759111422095536e-01,8.820516077197429472e-03,8.014418678151680187e-02,8.294361320643373059e-02
2.136427285457091685e+01,-1.371270436058506403e+00,-1.881369263610788156e-02,1.821040281325058408e-01,8.661048923907913033e-03,8.074353392009819830e-02,7.525722211825180974e-02
2.144428885777155358e+01,-1.364784593446948913e+00,-2.456879102590661321e-02,1.793796262924364782e-01,8.507748365667401613e-03,8.137594243106757719e-02,1.712499213168844070e-01
2.152430486097219386e+01,-1.358246760789256768e+00,-3.025435035233546219e-02,1.767020549774935001e-01,8.360488563147455005e-03,8.204296910051178671e-02,-9.436066080817373525e-03
2.160432086417283415e+01,-1.351654093352784969e+00,-3.587075377412409644e-02,1.740706789020323719e-01,8.219150151024499917e-03,8.274702537092175347e-02,2.015637300675748866e-02
2.168433686737347443e+01,-1.345003540915869822e+00,-4.141834537508737313e-02,1.714848782001493765e-01,8.083620171684353928e-03,8.349044664156361761e-02,1.168086151116636273e-01
2.176435287057411472e+01,-1.338291834613785758e+00,-4.689742903631494153e-02,1.689440485801049496e-01,7.953792059250598678e-03,8.427559406806493791e-02,-1.614807649525157873e-01
2.184436887377475500e+01,-1.331515539935504533e+00,-5.230826666275996406e-02,1.664476015740837533e-01,7.829565674521737212e-03,8.510561648318887285e-02,3.951098463746473555e-01
2.192438487697539529e+01,-1.324670940218325432e+00,-5.765107769189720122e-02,1.639949647002277022e-01,7.710847298956152208e-03,8.598354338630571914e-02,1.611847034012882374e-02
2.200440088017603557e+01,-1.317754050834295754e+00,-6.292603740096874843e-02,1.615855817773796110e-01,7.597549707022782650e-03,8.691274454827382923e-02,1.392923927571804166e-02
2.208441688337667586e+01,-1.310760629667884647e+00,-6.813327503525437590e-02,1.592189133035540605e-01,7.489592272126821722e-03,8.789734079633357289e-02,1.740100918867048541e-01
2.216443288657731614e+01,-1.303686075551005796e+00,-7.327287272955025632e-02,1.568944367991306210e-01,7.386901055943563554e-03,8.894162623683601887e-02,8.495844209326761098e-02
2.224444888977795642e+01,-1.296525407956082399e+00,-7.834486348163491320e-02,1.546116472980030576e-01,7.289408972042215641e-03,9.005032866964533811e-02,-8.789253320071378772e-02
2.232446489297859671e+01,-1.289273261463571796e+00,-8.334922865530325353e-02,1.523700579507238362e-01,7.197056005265253797e-03,9.122902733575168066e-02,1.539217653450128953e-01
2.240448089617923699e+01,-1.281923805635088787e+00,-8.828589583006574149e-02,1.501692006569293747e-01,7.109789444652508429e-03,9.248398823308248695e-02,1.780217716330033673e-01
2.248449689937987728e+01,-1.274470656003522828e+00,-9.315473635752354042e-02,1.480086268020962825e-01,7.027564166495270728e-03,9.382205449060525282e-02,4.882742714301112341e-02
2.256451290258051756e+01,-1.266906845747480581e+00,-9.795556178860721774e-02,1.458879082109738046e-01,6.950343022928340969e-03,9.525113376763205686e-02,6.709109793842957248e-02
2.264452890578115785e+01,-1.259224743573943872e+00,-1.026881202190749742e-01,1.438066382138543375e-01,6.878097282927157947e-03,9.678034954588542182e-02,1.453788092718246161e-01
2.272454490898179813e+01,-1.251415940463973753e+00,-1.073520922517820775e-01,1.417644328745901183e-01,6.810807148791776962e-03,9.842011140598280750e-02,7.542086414537851891e-03
2.280456091218243841e+01,-1.243471120194050483e+00,-1.119470862942694850e-01,1.397609324340405579e-01,6.748462373454706606e-03,1.001822653325714074e-01,1.440211217532622601e-01
2.288457691538307870e+01,-1.235379946409931096e+00,-1.164726325892455477e-01,1.377958030759502128e-01,6.691063030577209733e-03,1.020805736789835300e-01,1.220104247234333333e-01
2.296459291858371898e+01,-1.227130898876313880e+00,-1.209281765237780054e-01,1.358687389809870028e-01,6.638620417941508249e-03,1.041310829290762879e-01,3.663782135148448138e-02
2.304460892178435927e+01,-1.218711072523720018e+00,-1.253130708070633037e-01,1.339794647615634438e-01,6.591158137893213947e-03,1.063525635539437908e-01,-3.285762382724066732e-02
2.312462492498499955e+01,-1.210105933725204919e+00,-1.296265662306400057e-01,1.321277383687268492e-01,6.548713397283425185e-03,1.087670736541170718e-01,8.620649057800845727e-02
2.320464092818563984e+01,-1.201299021968534664e+00,-1.338678007136459291e-01,1.303133545784141978e-01,6.511338576605267200e-03,1.114006821669486641e-01,2.385845634093181067e-02
2.328465693138627657e+01,-1.192271596634036923e+00,-1.380357860103281487e-01,1.285361492335094780e-01,6.479103151896359152e-03,1.142844808004306323e-01,2.144255033684470679e-01
2.336467293458691685e+01,-1.183002189254054759e+00,-1.421293918264772416e-01,1.267960043927569280e-01,6.452096038515015876e-03,1.174558334314890901e-01,1.318643702814814023e-01
2.344468893778755714e+01,-1.173466039247200055e+00,-1.461473266362073864e-01,1.250928546365807636e-01,6.430428473930393379e-03,1.209599971035386218e-01,1.991684493595282657e-01
2.352470494098819742e+01,-1.163634379825809972e+00,-1.500881142780630673e-01,1.234266948657042895e-01,6.414237597232299790e-03,1.248522742398235075e-01,1.383144677742693118e-01
2.360472094418883771e+01,-1.153473524039965392e+00,-1.539500651674807763e-01,1.217975900375623394e-01,6.403690934405609388e-03,1.292009007709968293e-01,1.554910124794998960e-01
2.368473694738947799e+01,-1.142943680836449705e+00,-1.577312405643053750e-01,1.202056874503607403e-01,6.398992076401789457e-03,1.340909707168116971e-01,5.579107899377362678e-02
2.376475295059011827e+01,-1.131997401334281284e+00,-1.614294077701546315e-01,1.186512324235104443e-01,6.400387950202270602e-03,1.396298457430673878e-01,2.064345884002818377e-01
2.384476895379075856e+01,-1.120577510924244402e+00,-1.650419833187485030e-01,1.171345885756506916e-01,6.408178250281155661e-03,1.459547314688672826e-01,3.244245588995697260e-01
2.392478495699139884e+01,-1.108614314778740173e+00,-1.685659600332201080e-01,1.156562644312980892e-01,6.422727849545445747e-03,1.532434787877852422e-01,1.222747232360310715e-01
2.400480096019203913e+01,-1.096021760547206236e+00,-1.719978120465861793e-01,1.142169488956043255e-01,6.444483393527331364e-03,1.617302948635011839e-01,1.024528420920862853e-01
2.408481696339267941e+01,-1.082692068769931515e+00,-1.753333688395575796e-01,1.128175595182014518e-01,6.473995944862840496e-03,1.717290774978671164e-01,1.559454072788318824e-01
2.416483296659331970e+01,-1.068488007033052467e+00,-1.785676459383109260e-01,1.114593094610856344e-01,6.511952488679561765e-03,1.836688168431733215e-01,1.355407884830609477e-01
2.424484896979395998e+01,-1.053231645267230343e+00,-1.816946128767215896e-01,1.101438022833918645e-01,6.559220612789695877e-03,1.981491450823609501e-01,1.280012152170069140e-01
2.432486497299460027e+01,-1.036687452649315722e+00,-1.847068653842955099e-01,1.088731706888282219e-01,6.616914164261121847e-03,2.160297832699008824e-01,2.298491476667175459e-01
2.440488097619524055e+01,-1.018535998595810899e+00,-1.875951538038063138e-01,1.076502853027805351e-01,6.686492227131488573e-03,2.385796845173614178e-01,2.094879312123523740e-01
2.448489697939588083e+01,-9.983318316159963679e-01,-1.903476808857215707e-01,1.064790807805316569e-01,6.769914170952688777e-03,2.677363271153705426e-01,4.116236864996364320e-01
2.456491298259652112e+01,-9.754330503313394241e-01,-1.929490197989157663e-01,1.053650878534720114e-01,6.869893270348148562e-03,3.065776477885553408e-01,3.065978120840677779e-01
2.464492898579716140e+01,-9.488778903603494186e-01,-1.953783758918719859e-01,1.043163474407279717e-01,6.990333569024109565e-03,3.602295559946511183e-01,3.926207537577939277e-01
2.472494498899780169e+01,-9.171553907992332499e-01,-1.976066438112041024e-01,1.033450881146123629e-01,7.137133590465884886e-03,4.377296926954862832e-01,5.329318794954664984e-01
2.480496099219844197e+01,-8.777497335659237843e-01,-1.995911193876866718e-01,1.024710534994139471e-01,7.319784542294194112e-03,5.561715403587803586e-01,5.260959551083260743e-01
2.488497699539908226e+01,-8.261523749651169535e-01,-2.012651942011411399e-01,1.017288370192080127e-01,7.554901786885811002e-03,7.508708105227163143e-01,8.945444645316101839e-01
2.496499299859972254e+01,-7.534746973143011672e-01,-2.025160762890943489e-01,1.011864698273836072e-01,7.875195040426788418e-03,1.103584191799082292e+00,1.040314770547070999e+00
2.504500900180036282e+01,-6.398188443338654885e-01,-2.031291499193257910e-01,1.010026674940283781e-01,8.357153092452343501e-03,1.833933205011669232e+00,1.753100434823056775e+00
2.512502500500100311e+01,-4.323532961644495076e-01,-2.026149629863259471e-01,1.016607851242793820e-01,9.234377732354036999e-03,3.652798069704579653e+00,3.616171367819554394e+00
2.520504100820163984e+01,3.841433089581834659e-02,-1.994747650851776133e-01,1.052596584268027796e-01,1.152301757933602185e-02,9.127820248085781074e+00,9.116348508889068114e+00
2.528505701140228012e+01,1.148434754532049240e+00,-1.896905031366975525e-01,1.167594639339092494e-01,1.759716598176372729e-02,1.647590446052373281e+01,1.633577264051382727e+01
2.536507301460292041e+01,1.913626036962420285e+00,-1.724272316888437739e-01,1.312124745263959780e-01,2.494115937052576032e-02,2.847798713245481839e+00,2.844289234832597213e+00
2.544508901780356069e+01,1.984932859275376771e+00,-1.530826213682049131e-01,1.456709633435505635e-01,3.209220838057232073e-02,7.239342508804542942e-02,-9.435523395589669182e-02
2.552510502100420098e+01,1.981748744266566886e+00,-1.336882216469725271e-01,1.600531424191806440e-01,3.901236521822574327e-02,-8.422336039027762677e-02,5.499047966427224321e-02
2.560512102420484126e+01,1.974530882780460850e+00,-1.144029491557489175e-01,1.743473751830389717e-01,4.569896320023265207e-02,-9.267124217063223146e-02,-1.007709373114016455e-01
2.568513702740548155e+01,1.967079000333441741e+00,-9.523800842316229587e-02,1.885448812614118619e-01,5.215139073236820660e-02,-9.340016139057008560e-02,-1.575959338601675142e-01
2.576515303060612183e+01,1.959592773999099702e+00,-7.619709224528330160e-02,2.026379255784779287e-01,5.837022446439257828e-02,-9.370570338165847002e-02,-1.845395152100157143e-01
2.584516903380676212e+01,1.952083966960444839e+00,-5.728372794425320297e-02,2.166196435814752574e-01,6.435712522151709747e-02,-9.397307917427726032e-02,-1.324161265950969391e-01
2.592518503700740240e+01,1.944554447997832058e+00,-3.850160133075592600e-02,2.304839570215327094e-01,7.011474590238037097e-02,-9.422483348442188544e-02,-1.165327803274645302e-01
2.600520104020804268e+01,1.937005446716709933e+00,-1.985450445443174075e-02,2.442255021689266059e-01,7.564662381655357093e-02,-9.445893773535946059e-02,-1.989100342964955082e-01
2.608521704340868297e+01,1.929438349814740716e+00,-1.346260448719075950e-03,2.578395651480438477e-01,8.095706390854354173e-02,-9.467795520602119430e-02,-1.866574645883046502e-01
2.616523304660932325e+01,1.921854408879963172e+00,1.701935493924930376e-02,2.713220233118964209e-01,8.605101952106161689e-02,-9.487970708896521776e-02,-1.135972075951188764e-01
2.624524904980996354e+01,1.914254954833205513e+00,3.523868799615293562e-02,2.846692919046201475e-01,9.093397577656638087e-02,-9.506550449861796148e-02,-1.471438792781820659e-01
2.632526505301060382e+01,1.906641266439673688e+00,5.330827660585210626e-02,2.978782754842979608e-01,9.561183922922114609e-02,-9.523640578717826322e-02,-1.315095419346143379e-03
2.640528105621124411e+01,1.899014498014795382e+00,7.122491105801387334e-02,3.109463236235567862e-01,1.000908361559789267e-01,-9.539159795256181573e-02,1.839543947199068219e-02
2.648529705941188439e+01,1.891375840765751493e+00,8.898568361061279242e-02,3.238711904872850211e-01,1.043774208620524835e-01,-9.553438150053210343e-02,-9.393226114054313569e-02
2.656531306261252467e+01,1.883726278872209781e+00,1.065880271207072238e-01,3.366509979680930575e-01,1.084781945927997815e-01,-9.566468078053350088e-02,-4.830472357508072689e-02
2.664532906581316496e+01,1.876066715464833390e+00,1.240297404131378012e-01,3.492842020397466940e-01,1.123998350432953430e-01,-9.578365324912715972e-02,-2.293024906116391537e-01
2.672534506901380524e+01,1.868397994561643793e+00,1.413090018406881199e-01,3.617695620727255368e-01,1.161490360740721622e-01,-9.589462599998745118e-02,-3.215285505672596522e-02
2.680536107221444553e+01,1.860720726881726517e+00,1.584243722156708223e-01,3.741061128635110311e-01,1.197324569622085777e-01,-9.599777171014796384e-02,-9.905611866147431832e-02
2.688537707541508581e+01,1.853035430197855327e+00,1.753747871839518024e-01,3.862931391216652965e-01,1.231566803539770882e-01,-9.609467687512023015e-02,-4.762784528003650986e-02
2.696539307861572610e+01,1.845342536013813595e+00,1.921595418241055786e-01,3.983301522228827607e-01,1.264281780289047696e-01,-9.618846632819290365e-02,6.384714683117305445e-02
2.704540908181636283e+01,1.837642264283732896e+00,2.087782692621671654e-01,4.102168690318163113e-01,1.295532835604436550e-01,-9.627988419004217258e-02,-3.243656598244786249e-01
2.712542508501700311e+01,1.829934714623684622e+00,2.252309141323004527e-01,4.219531925949904227e-01,1.325381709793979901e-01,-9.636999340713395257e-02,-7.027517550179110395e-02
2.720544108821764340e+01,1.822219907601355660e+00,2.415177031972092492e-01,4.335391945506784639e-01,1.353888386115907061e-01,-9.646118909369359729e-02,-2.063730954104799342e-01
2.728545709141828368e+01,1.814497727504721158e+00,2.576391147048602837e-01,4.449750991059294725e-01,1.381110973248768914e-01,-9.655525902527127557e-02,-3.733558988482246765e-02
2.736547309461892397e+01,1.806767903822940502e+00,2.735958473166196225e-01,4.562612684324972578e-01,1.407105624919856302e-01,-9.665266656295468106e-02,-2.279840103058012879e-01
2.744548909781956425e+01,1.799030089056214532e+00,2.893887893914938725e-01,4.673981893484258077e-01,1.431926490543329877e-01,-9.675460144101463711e-02,-1.462945581414139828e-01
2.752550510102020453e+01,1.791283860582100651e+00,3.050189898257922860e-01,4.783864611787553289e-01,1.455625691535169519e-01,-9.686276938316445984e-02,-7.658939380712707912e-02
2.760552110422084482e+01,1.783528699643708970e+00,3.204876308192207701e-01,4.892267846849959190e-01,1.478253318625049051e-01,-9.697857176119359379e-02,-3.562763311765636959e-02
2.768553710742148510e+01,1.775763973776771865e+00,3.357960028222064519e-01,4.999199519642503753e-01,1.499857446143517958e-01,-9.710245005050896494e-02,-8.962304111685176489e-02
2.776555311062212539e+01,1.767988986357121428e+00,3.509454816473011052e-01,5.104668372238955198e-01,1.520484159835069071e-01,-9.723510104804738985e-02,-1.765181949468285216e-01
2.784556911382276567e+01,1.760202982472611533e+00,3.659375081189076284e-01,5.208683883591368469e-01,1.540177595327614224e-01,-9.737746263490179577e-02,-1.527306844064426072e-01
2.792558511702340596e+01,1.752405148696512205e+00,3.807735701202697998e-01,5.311256192577280544e-01,1.558979984804216012e-01,-9.753055840248520125e-02,-9.080269277547292628e-03
2.800560112022404624e+01,1.744594610878142271e+00,3.954551869244412599e-01,5.412396027650623331e-01,1.576931709833535866e-01,-9.769532070246292332e-02,-9.824528227111678502e-02
2.808561712342468653e+01,1.736770423844266276e+00,4.099838956837854043e-01,5.512114642500658412e-01,1.594071358664509441e-01,-9.787223883047160844e-02,-2.662536785145773743e-01
2.816563312662532681e+01,1.728931590196519208e+00,4.243612397895231148e-01,5.610423757139065826e-01,1.610435786567997740e-01,-9.806178662522674339e-02,-1.369551579825757648e-02
2.824564912982596709e+01,1.721077067133614191e+00,4.385887590401752467e-01,5.707335503953727684e-01,1.626060178093390318e-01,-9.826453718015867866e-02,-5.663968920881125302e-02
2.832566513302660738e+01,1.713205766076562053e+00,4.526679814184847994e-01,5.802862378279797229e-01,1.640978110303914772e-01,-9.848110771423154719e-02,-1.113955318903686598e-02
2.840568113622724766e+01,1.705316552431262567e+00,4.666004162696607560e-01,5.897017193074821639e-01,1.655221616234361648e-01,-9.871212667527454188e-02,-1.323748733129427035e-01
2.848569713942788795e+01,1.697408245324848464e+00,4.803875487058654747e-01,5.989813037329633216e-01,1.668821247968913790e-01,-9.895821660662815211e-02,-1.614256476396717932e-02
2.856571314262852823e+01,1.689479617218471397e+00,4.940308350737103726e-01,6.081263237880989436e-01,1.681806138863390920e-01,-9.921998846373278336e-02,-2.053264804639002850e-01
2.864572914582916852e+01,1.681529393313558662e+00,5.075316993352196882e-01,6.171381324322751105e-01,1.694204064541578181e-01,-9.949804383598270796e-02,-4.249806274943676576e-02
2.872574514902980880e+01,1.673556250624689046e+00,5.208915302273038339e-01,6.260180996740297710e-01,1.706041502382672770e-01,-9.979298092789717911e-02,-1.488310118907028856e-01
2.880576115223044908e+01,1.665558816324982150e+00,5.341116790801504477e-01,6.347676096018289860e-01,1.717343689289038966e-01,-1.001053946382585158e-01,-3.267022414624386195e-02
2.888577715543108582e+01,1.657535667149251823e+00,5.471934581810697917e-01,6.433880576491607384e-01,1.728134677581044387e-01,-1.004359107607585844e-01,1.285008808804277702e-04
2.896579315863172610e+01,1.649485327428320103e+00,5.601381395978779487e-01,6.518808480734566979e-01,1.738437388916811155e-01,-1.007851975037138414e-01,-1.743842127045667767e-01
2.904580916183236639e+01,1.641406266152378057e+00,5.729469543784830865e-01,6.602473916298781109e-01,1.748273666171854535e-01,-1.011539650267498369e-01,-1.062769129766241855e-01
2.912582516503300667e+01,1.633296893710062259e+00,5.856210920529317798e-01,6.684891034225634021e-01,1.757664323244990112e-01,-1.015429680660220879e-01,-9.764750542042219261e-02
2.920584116823364695e+01,1.625155558235450215e+00,5.981617003762681462e-01,6.766074009174721793e-01,1.766629192782345759e-01,-1.019530101930593569e-01,1.701347159100330408e-02
2.928585717143428724e+01,1.616980541533669546e+00,6.105698852589563908e-01,6.846037021022628455e-01,1.775187171831084376e-01,-1.023849493366521535e-01,-3.132914019967399100e-02
2.936587317463492752e+01,1.608770054558402718e+00,6.228467108390361995e-01,6.924794237798000962e-01,1.783356265449856926e-01,-1.028397044275666805e-01,-2.247674588286125708e-01
2.944588917783556781e+01,1.600522232416022872e+00,6.349931996566066106e-01,7.002359799829166453e-01,1.791153628314753332e-01,-1.033182632147452984e-01,-5.755743714388956989e-02
2.952590518103620809e+01,1.592235128871337446e+00,6.470103328967473644e-01,7.078747804989630188e-01,1.798595604368298795e-01,-1.038216914527698154e-01,-2.931277051485595142e-02
2.960592118423684838e+01,1.583906710349148428e+00,6.588990506715920459e-01,7.153972294934795029e-01,1.805697764565279972e-01,-1.043511441689154440e-01,1.080294454238588664e-01
2.968593718743748866e+01,1.575534848441176194e+00,6.706602523203702981e-01,7.228047242232276126e-01,1.812474942774479902e-01,-1.049078611167930664e-01,-2.728227707922122325e-01
2.976595319063812894e+01,1.567117311643225319e+00,6.822947967024926008e-01,7.300986538290863415e-01,1.818941269896490742e-01,-1.054931631539593462e-01,-1.591283931473584379e-01
2.984596919383876923e+01,1.558651757375970615e+00,6.938035024597501987e-01,7.372803981997320122e-01,1.825110206258129530e-01,-1.061084704641820919e-01,2.722864834455140937e-02
2.992598519703940951e+01,1.550135722885151557e+00,7.051871482358991194e-01,7.443513268979184971e-01,1.830994572346733573e-01,-1.067553166243365159e-01,-2.422623464850058028e-01
3.000600120024004980e+01,1.541566615352134351e+00,7.164464728364368096e-01,7.513127981411736878e-01,1.836606577944943364e-01,-1.074353668912217397e-01,-2.273814252836943717e-01
3.008601720344069008e+01,1.532941701164938220e+00,7.275821753139787296e-01,7.581661578290344039e-01,1.841957849725217033e-01,-1.081504416652473433e-01,-5.644222212721756310e-02
3.016603320664133037e+01,1.524258094271768949e+00,7.385949149654051915e-01,7.649127386090939229e-01,1.847059457360956947e-01,-1.089025457928619045e-01,-7.061679704983572781e-03
3.024604920984197065e+01,1.515512743518968364e+00,7.494853112272485962e-01,7.715538589741870457e-01,1.851921938208128393e-01,-1.096939042909736428e-01,-1.765619530285290617e-01
3.032606521304261094e+01,1.506702418721902470e+00,7.602539434564088427e-01,7.780908223830464987e-01,1.856555320607931880e-01,-1.105270028839089314e-01,-5.651428565470278942e-02
3.040608121624325122e+01,1.497823686033128876e+00,7.709013506299673413e-01,7.845249163998456732e-01,1.860969145872265473e-01,-1.114044853793710876e-01,-9.970895843637637979e-02
3.048609721944389150e+01,1.488872882783279561e+00,7.814280309017282988e-01,7.908574118417786014e-01,1.865172488981862997e-01,-1.123290925771389115e-01,3.954581082473448972e-02
3.056611322264453179e+01,1.479846107541584299e+00,7.918344409157653807e-01,7.970895619203932636e-01,1.869173978005138070e-01,-1.133038862238006095e-01,-1.134557301946742952e-01
3.064612922584517207e+01,1.470739199697916666e+00,8.021209949831006325e-01,8.032226013754121263e-01,1.872981812307387972e-01,-1.143323371556356771e-01,-1.530760595882899033e-02
3.072614522904581236e+01,1.461547715958057214e+00,8.122880640650770312e-01,8.092577455890386240e-01,1.876603779564854635e-01,-1.154184110821090958e-01,-2.057301970135356206e-01
3.080616123224644909e+01,1.452266891667213899e+00,8.223359746090228573e-01,8.151961896755469672e-01,1.880047271627722227e-01,-1.165664865395460437e-01,-1.350543714857482258e-01
3.088617723544708937e+01,1.442891581122616396e+00,8.322650072530778376e-01,8.210391075388689952e-01,1.883319299265734936e-01,-1.177810598288198118e-01,-1.274515052050017028e-01
3.096619323864772966e+01,1.433416246711099129e+00,8.420753949686614614e-01,8.267876508535499935e-01,1.886426505646818519e-01,-1.190672429278033517e-01,-5.156448179280861965e-03
3.104620924184836994e+01,1.423834926063157980e+00,8.517673209814247137e-01,8.324429479809668520e-01,1.889375178671122146e-01,-1.204309962911487286e-01,-6.246969233910304453e-02
3.112622524504901023e+01,1.414141171388964224e+00,8.613409164781589133e-01,8.380061028092151698e-01,1.892171262167694490e-01,-1.218790742399902816e-01,-1.970543873693472170e-01
3.120624124824965051e+01,1.404327944526318817e+00,8.707962581791668377e-01,8.434781935110069462e-01,1.894820365990144417e-01,-1.234185434393575420e-01,-5.522176707136400298e-02
3.128625725145029079e+01,1.394387595999610152e+00,8.801333649024208894e-01,8.488602711239159326e-01,1.897327774612795059e-01,-1.250575626837557852e-01,-4.799443504099432101e-02
3.136627325465093108e+01,1.384311805398127371e+00,8.893521937630126661e-01,8.541533579825912881e-01,1.899698454435654604e-01,-1.268057583021162116e-01,-1.379703305340608810e-01
3.144628925785157136e+01,1.374091427508671082e+00,8.984526363458403830e-01,8.593584460157119853e-01,1.901937059925813134e-01,-1.286736480536065930e-01,-1.544398795567874794e-01
3.152630526105221165e+01,1.363716396382239404e+00,9.074345137454280508e-01,8.644764947751911732e-01,1.904047938024324704e-01,-1.306730623190852092e-01,-1.500533868613407873e-01
3.160632126425285193e+01,1.353175659483490723e+00,9.162975704255584830e-01,8.695084291454040493e-01,1.906035130639298913e-01,-1.328181247339410564e-01,-3.023173653328293797e-01
3.168633726745349222e+01,1.342456944208687108e+00,9.250414681914955750e-01,8.744551368253146162e-01,1.907902375757467850e-01,-1.351246438939718297e-01,-1.162503430815100824e-01
3.176635327065413250e+01,1.331546598115314284e+00,9.336657783640521791e-01,8.793174653368687199e-01,1.909653106064782835e-01,-1.376108023421321325e-01,-1.141530094194041223e-01
3.184636927385477279e+01,1.320429435830134057e+00,9.421699722385024067e-01,8.840962184834784132e-01,1.911290444807407229e-01,-1.402983167158963762e-01,-2.268511690917953127e-01
3.192638527705541307e+01,1.309088356188716773e+00,9.505534114861426964e-01,8.887921523767013943e-01,1.912817199587017181e-01,-1.432118433127599344e-01,-6.896721832525319618e-02
3.200640128025604980e+01,1.297504138140601837e+00,9.588153347330214959e-01,8.934059704857950646e-01,1.914235851565712909e-01,-1.463809471273239127e-01,-2.836776407096864849e-01
3.208641728345669009e+01,1.285654980497685784e+00,9.669548433156073264e-01,8.979383179236671841e-01,1.915548541296230867e-01,-1.498404367064179454e-01,-2.050217188457136575e-01
3.216643328665733037e+01,1.273516025485917913e+00,9.749708836008073032e-01,9.023897744951961952e-01,1.916757049058015472e-01,-1.536317777195331247e-01,-2.011536846186883221e-01
3.224644928985797065e+01,1.261058795984044911e+00,9.828622253371462891e-01,9.067608461870404479e-01,1.917862768390475037e-01,-1.578051454899226380e-01,4.094583770896942365e-02
3.232646529305861094e+01,1.248250359827620448e+00,9.906274367722047725e-01,9.110519549296811626e-01,1.918866672319863576e-01,-1.624210511801824075e-01,-3.223394575059704836e-01
3.240648129625925122e+01,1.235052449273931874e+00,9.982648523716886046e-01,9.152634256332761176e-01,1.919769267802121371e-01,-1.675540400928293705e-01,-1.112910145722031674e-01
3.248649729945989151e+01,1.221420128928954574e+00,1.005772535211351348e+00,9.193954702875691831e-01,1.920570537921195420e-01,-1.732960762135221655e-01,-7.908374845462584624e-02
3.256651330266053179e+01,1.207300230871424684e+00,1.013148228232369608e+00,9.234481674995002054e-01,1.921269864595269439e-01,-1.797625380328432554e-01,-1.419899816288565653e-01
3.264652930586117208e+01,1.192629183535547144e+00,1.020389294109726785e+00,9.274214364224261375e-01,1.921865927672446184e-01,-1.870997554496767190e-01,-6.891896101433778177e-02
3.272654530906181236e+01,1.177330092841835096e+00,1.027492638726272611e+00,9.313150027990316770e-01,1.922356570683224075e-01,-1.954957500758330857e-01,-2.957695187884753496e-01
3.280656131226245265e+01,1.161308872423315375e+00,1.034454610640627159e+00,9.351283536890223624e-01,1.922738618332471838e-01,-2.051964150179580448e-01,-4.332222752491769469e-01
3.288657731546309293e+01,1.144448695356686363e+00,1.041270871556401634e+00,9.388606768629567112e-01,1.923007629034994004e-01,-2.165284109881510100e-01,-1.398466220911246394e-01
3.296659331866373321e+01,1.126602232821052985e+00,1.047936221508598331e+00,9.425107769998155582e-01,1.923157548154277030e-01,-2.299345195726332225e-01,-3.495173360397422213e-01
3.304660932186437350e+01,1.107580354324309235e+00,1.054444360591473506e+00,9.460769575136975806e-01,1.923180213722045784e-01,-2.460283950425773414e-01,-2.786683826971708133e-01
3.312662532506501378e+01,1.087135228500638817e+00,1.060787557384661461e+00,9.495568495513790896e-01,1.923064634559582542e-01,-2.656820978832130642e-01,-3.835666976256908445e-01
3.320664132826565407e+01,1.064934318051271367e+00,1.066956174600024676e+00,9.529471564866718314e-01,1.922795902907524779e-01,-2.901712544824880391e-01,-1.849370687875349639e-01
3.328665733146629435e+01,1.040519049451749112e+00,1.072937967225020106e+00,9.562432574571632093e-01,1.922353493120247114e-01,-3.214257002829651322e-01,-2.349106767962230169e-01
3.336667333466693464e+01,1.013236165034707037e+00,1.078717012975994205e+00,9.594385664241211753e-01,1.921708493621447078e-01,-3.624819453304312100e-01,-4.344883115211306546e-01
3.344668933786757492e+01,9.821184956076897121e-01,1.084272005947000128e+00,9.625234392817892948e-01,1.920818854924707941e-01,-4.183463900435807625e-01,-3.279972055826147481e-01
3.352670534106821520e+01,9.456657290842056529e-01,1.089573399111465779e+00,9.654831897234059657e-01,1.919620711815347158e-01,-4.977511288615954488e-01,-4.856234029296238042e-01
3.360672134426885549e+01,9.014128973435088232e-01,1.094578311424092787e+00,9.682941885819338346e-01,1.918011232468810057e-01,-6.170145169838547883e-01,-6.309534000398294706e-01
3.368673734746949577e+01,8.450070544858294674e-01,1.099220720064485457e+00,9.709153760185117443e-01,1.915811133042976122e-01,-8.093802247877951439e-01,-8.036385585835585932e-01
3.376675335067013606e+01,7.680119799237689060e-01,1.103390542136844621e+00,9.732671036138599296e-01,1.912670966809089101e-01,-1.150460868350500210e+00,-1.170735804335495844e+00
3.384676935387077634e+01,6.519430342428413905e-01,1.106882303094245623e+00,9.751675012693805655e-01,1.907789378033155903e-01,-1.838574399844628005e+00,-1.777073873463531184e+00
3.392678535707141663e+01,4.491449820856111552e-01,1.109239802983327028e+00,9.760824073384797295e-01,1.898815944812841661e-01,-3.494171729785082281e+00,-3.463136972740774144e+00
3.400680136027205691e+01,1.242611110402871283e-02,1.109122135822362187e+00,9.738135441395031622e-01,1.876345379034361494e-01,-8.285987071178734453e+00,-8.320933785822116846e+00
3.408681736347269720e+01,-1.007042329502845224e+00,1.102838638189528986e+00,9.626755743537016574e-01,1.818620764777459375e-01,-1.602807712772775872e+01,-1.592745155314620220e+01
3.416683336667333748e+01,-1.848160756609714683e+00,1.089064811536558430e+00,9.475597270255832205e-01,1.747656801554673123e-01,-3.787834645406289003e+00,-3.848982206882671786e+00
3.424684936987397776e+01,-1.950910036475002274e+00,1.072792523563830702e+00,9.325475211700881006e-01,1.679334772001860043e-01,-1.790122264635346516e-01,-1.503188621567894123e-01
3.432686537307461805e+01,-1.951988560741598766e+00,1.056410912642548272e+00,9.177703478003937931e-01,1.614045484103517614e-01,5.366507493720640287e-02,9.588061206243789214e-02
3.440688137627525833e+01,-1.946939255139456204e+00,1.040141335962419866e+00,9.032279729584500316e-01,1.551679968366480034e-01,6.696699935228034306e-02,2.148477053359333921e-01
3.448689737947589862e+01,-1.941533244365373889e+00,1.023996323898611394e+00,8.889168615060248912e-01,1.492116228243630938e-01,6.783684314617399735e-02,1.729270681127718923e-02
3.456691338267653890e+01,-1.936098294424707822e+00,1.007976240361534881e+00,8.748333608921486926e-01,1.435232384710827258e-01,6.799105631727642152e-02,2.422993009483170868e-01
3.464692938587717919e+01,-1.930653518492544629e+00,9.920807613077996523e-01,8.609738668220885405e-01,1.380908169740791835e-01,6.809979127202908655e-02,8.571628643427155192e-02
3.472694538907781947e+01,-1.925200283479037378e+00,9.763095281738592979e-01,8.473348318765027143e-01,1.329025679398512516e-01,6.820271480898615346e-02,4.880502374372884533e-02
3.480696139227845975e+01,-1.919738912724203050e+00,9.606621856858662545e-01,8.339127651547897369e-01,1.279469962124503979e-01,6.830273242942330736e-02,1.055457335562226540e-03
3.488697739547910004e+01,-1.914269657827040172e+00,9.451383840824536531e-01,8.207042314065288169e-01,1.232129484154332461e-01,6.840032304920029560e-02,1.270296649546535372e-01
3.496699339867974032e+01,-1.908792738586567728e+00,9.297377792066454649e-01,8.077058501457528017e-01,1.186896484973669758e-01,6.849500947666425921e-02,7.338853392090241567e-02
3.504700940188038061e+01,-1.903308377312762145e+00,9.144600325816011344e-01,7.949142947798026881e-01,1.143667234909217234e-01,6.858656634527310336e-02,-4.177436024750547094e-02
3.512702540508102089e+01,-1.897816799481002681e+00,8.993048113985445680e-01,7.823262917513874593e-01,1.102342207138606173e-01,6.867505285458319619e-02,-4.411366477128045305e-02
3.520704140828166118e+01,-1.892318230275849666e+00,8.842717884822084429e-01,7.699386196946540473e-01,1.062826176187708083e-01,6.876070278354351473e-02,1.320878200349012710e-02
3.528705741148230146e+01,-1.886812891867677200e+00,8.693606422427958558e-01,7.577481086052167969e-01,1.025028254384995202e-01,6.884383800181553825e-02,1.243237614698744498e-03
3.536707341468294175e+01,-1.881300999172011990e+00,8.545710566065133351e-01,7.457516390238060344e-01,9.888618768891695165e-02,6.892473272345767121e-02,1.779549718961786486e-01
3.544708941788357492e+01,-1.875782748905941766e+00,8.399027209090077495e-01,7.339461412330523515e-01,9.542447449062757547e-02,6.900326672800022321e-02,2.065570965250180802e-01
3.552710542108421521e+01,-1.870258331869130153e+00,8.253553298243752057e-01,7.223285944684908477e-01,9.210987356521101177e-02,6.907932860720222834e-02,1.559352909939530907e-01
3.560712142428485549e+01,-1.864727936445549572e+00,8.109285832492595381e-01,7.108960261422159199e-01,8.893497865302103789e-02,6.915292144717422040e-02,1.049398104502805573e-01
3.568713742748549578e+01,-1.859191747395919858e+00,7.966221861489537481e-01,6.996455110790662513e-01,8.589277599668723728e-02,6.922411482913476410e-02,2.640029404467397062e-02
3.576715343068613606e+01,-1.853649945095009910e+00,7.824358483763338423e-01,6.885741707653397770e-01,8.297662943729612606e-02,6.929301160715495289e-02,7.474133269917951350e-02
3.584716943388677635e+01,-1.848102705066223539e+00,7.683692844613497774e-01,6.776791726098040369e-01,8.018026458151476799e-02,6.935972458487343895e-02,1.578304251877280240e-01
3.592718543708741663e+01,-1.842550197758685560e+00,7.544222133690881016e-01,6.669577292167740978e-01,7.749775241847314811e-02,6.942436126549655917e-02,2.825215846378278384e-01
3.600720144028805692e+01,-1.836992588516348057e+00,7.405943582245001489e-01,6.564070976710447702e-01,7.492349269518065735e-02,6.948701502740572966e-02,1.607769355575850989e-01
3.608721744348869720e+01,-1.831430037692926449e+00,7.268854460019678054e-01,6.460245788344598505e-01,7.245219729838164868e-02,6.954776125300266010e-02,4.150654682353026315e-02
3.616723344668933748e+01,-1.825862700865072741e+00,7.132952071779562475e-01,6.358075166539131073e-01,7.007887383851850449e-02,6.960665694367984546e-02,7.340916452076862164e-02
3.624724944988997777e+01,-1.820290728606593023e+00,6.998233753437621552e-01,6.257532974805489756e-01,6.779880958713346839e-02,6.966372806864462586e-02,2.140923795346134917e-02
3.632726545309061805e+01,-1.814714267353205956e+00,6.864696867810620162e-01,6.158593494000554891e-01,6.560755588194637500e-02,6.971898997766845518e-02,-8.520867617273192307e-03
3.640728145629125834e+01,-1.809133460420729644e+00,6.732338799965946752e-01,6.061231415738127515e-01,6.350091308280486624e-02,6.977247201878922223e-02,5.134827179699278515e-02
3.648729745949189862e+01,-1.803548447902304508e+00,6.601156952112754439e-01,5.965421835906375980e-01,6.147491613636355684e-02,6.982420982234727180e-02,8.938567904285885102e-02
3.656731346269253891e+01,-1.797959366676267434e+00,6.471148738061147654e-01,5.871140248290106500e-01,5.952582078673993721e-02,6.987424213266563155e-02,2.534644008004220406e-01
3.664732946589317919e+01,-1.792366350417877285e+00,6.342311577239577725e-01,5.778362538296095696e-01,5.765009045272578153e-02,6.992260901784036475e-02,7.512585601317971207e-02
3.672734546909381947e+01,-1.786769529601307083e+00,6.214642888265515808e-01,5.687064976779750980e-01,5.584438377893857081e-02,6.996935107977109158e-02,2.057051585761146828e-01
3.680736147229445976e+01,-1.781169031482081833e+00,6.088140082067474701e-01,5.597224213971511153e-01,5.410554285795545620e-02,7.001450940437303760e-02,2.467634175168468003e-01
3.688737747549510004e+01,-1.775564980053826236e+00,5.962800554559816169e-01,5.508817273501341871e-01,5.243058211250890138e-02,7.005812610058892442e-02,7.793891312655951142e-02
3.696739347869574033e+01,-1.769957495976856254e+00,5.838621678875480780e-01,5.421821546519820512e-01,5.081667782082152640e-02,7.010024537768416719e-02,2.308801341393080242e-01
3.704740948189638061e+01,-1.764346696479712762e+00,5.715600797165993896e-01,5.336214785914314973e-01,4.926115826376137319e-02,7.014091520114451583e-02,1.416344556580328429e-01
3.712742548509702090e+01,-1.758732695238289123e+00,5.593735211982528988e-01,5.251975100618776482e-01,4.776149446940502336e-02,7.018018965042477353e-02,2.842666015446318473e-02
3.720744148829766118e+01,-1.753115602240623794e+00,5.473022177256825493e-01,5.169080950015808584e-01,4.631529152855031611e-02,7.021813217385486361e-02,9.673613465874267292e-02
3.728745749149830147e+01,-1.747495523716155130e+00,5.353458888907994817e-01,5.087511138429662294e-01,4.492028045351655063e-02,7.025482174814468017e-02,7.254260355263775217e-02
3.736747349469894175e+01,-1.741872561092445926e+00,5.235042475072020363e-01,5.007244809708029099e-01,4.357431055196780284e-02,7.029033509606125163e-02,4.705643210156613965e-02
3.744748949789958203e+01,-1.736246809866173413e+00,5.117769986015290318e-01,4.928261441891963468e-01,4.227534228751181344e-02,7.032472916719545442e-02,5.044660586770209620e-02
3.752750550110022232e+01,-1.730618359630953673e+00,5.001638383811876087e-01,4.850540841973772777e-01,4.102144059925181413e-02,7.035805526015570521e-02,8.477898560745461554e-02
3.760752150430086260e+01,-1.724987293627243901e+00,4.886644531781854650e-01,4.774063140740394950e-01,3.981076865294955192e-02,7.039036185601532658e-02,1.138084759042370109e-01
3.768753750750150289e+01,-1.719353688337542430e+00,4.772785183760017147e-01,4.698808787701537204e-01,3.864158199743292221e-02,7.042169982801882444e-02,-1.806648768785404369e-02
3.776755351070214317e+01,-1.713717613171701792e+00,4.660056973256216928e-01,4.624758546101534473e-01,3.751222310087894835e-02,7.045213093543820082e-02,6.951336473581880282e-02
3.784756951390278346e+01,-1.708079130277004198e+00,4.548456402574660440e-01,4.551893488013903921e-01,3.642111624272395543e-02,7.048174016969013800e-02,-8.175376202481041132e-02
3.792758551710342374e+01,-1.702438294509852401e+00,4.437979831965607191e-01,4.480194989517663484e-01,3.536676273813739446e-02,7.051065250098242920e-02,9.659020242900323572e-02
3.800760152030406402e+01,-1.696795153607853379e+00,4.328623468888850856e-01,4.409644725954506295e-01,3.434773647321070350e-02,7.053905454454598156e-02,1.328990021226844342e-01
3.808761752350470431e+01,-1.691149748577167378e+00,4.220383357472665131e-01,4.340224667265966674e-01,3.336267973023916006e-02,7.056722102680018649e-02,8.696270486278086242e-02
3.816763352670534459e+01,-1.685502105836774289e+00,4.113255367960832465e-01,4.271917073400328668e-01,3.241029928326415177e-02,7.059534895989122427e-02,9.918066415176553241e-02
3.824764952990598488e+01,-1.679852230294918591e+00,4.007235186543882111e-01,4.204704489797199130e-01,3.148936274594266171e-02,7.062342442517230423e-02,1.296177347811388880e-01
3.832766553310662516e+01,-1.674200114877844259e+00,3.902318306217293364e-01,4.138569742966901055e-01,3.059869515562271131e-02,7.065147334824745107e-02,4.141388926547473481e-03
3.840768153630726545e+01,-1.668545742234073925e+00,3.798500017938323814e-01,4.073495936138623597e-01,2.973717577635286505e-02,7.067962159556656632e-02,4.677473566310766384e-02
3.848769753950790573e+01,-1.662889086160164842e+00,3.695775402432742163e-01,4.009466444984227107e-01,2.890373510625570547e-02,7.070814567265784611e-02,1.218003500542363116e-01
3.856771354270854602e+01,-1.657230113203052024e+00,3.594139322764841049e-01,3.946464913417530029e-01,2.809735207536180612e-02,7.073752441225725218e-02,1.709260978851715462e-01
3.864772954590918630e+01,-1.651568764071013495e+00,3.493586417007970568e-01,3.884475249441601830e-01,2.731705141969258815e-02,7.076804724426011273e-02,1.102601873787853737e-01
3.872774554910982658e+01,-1.645904942731329923e+00,3.394111092103253013e-01,3.823481621075953130e-01,2.656190122089325395e-02,7.079961365806519691e-02,3.260855558935846221e-01
3.880776155231046687e+01,-1.640238541324634092e+00,3.295707520077399977e-01,3.763468452403420650e-01,2.583101060220310483e-02,7.083231052893712576e-02,6.169625331044997080e-02
3.888777755551110715e+01,-1.634569445305484647e+00,3.198369634682667328e-01,3.704420419667142084e-01,2.512352756690587260e-02,7.086653545850876701e-02,1.708325783939933784e-01
3.896779355871174744e+01,-1.628897532964773243e+00,3.102091129024944216e-01,3.646322447432516767e-01,2.443863697031890131e-02,7.090299422218560021e-02,1.975757620471939036e-01
3.904780956191238772e+01,-1.623222630716471215e+00,3.006865452708494257e-01,3.589159704753110414e-01,2.377555861343100957e-02,7.094178538641290888e-02,5.756480075223512766e-02
3.912782556511302090e+01,-1.617544530662358149e+00,2.912685812656128914e-01,3.532917601492761572e-01,2.313354545694221859e-02,7.098281556215460530e-02,-1.106847265811963799e-02
3.920784156831366118e+01,-1.611863022918694766e+00,2.819545175935824766e-01,3.477581784746055504e-01,2.251188194525021585e-02,7.102648533590869007e-02,-4.723380741681047768e-02
3.928785757151430147e+01,-1.606177894935548300e+00,2.727436272744215295e-01,3.423138135283592121e-01,2.190988242958015475e-02,7.107367065038103227e-02,8.730137063329813929e-02
3.936787357471494175e+01,-1.600488866622528095e+00,2.636351598163366172e-01,3.369572763956573125e-01,2.132688968052788223e-02,7.112443986692432163e-02,1.821536353208072223e-01
3.944788957791558204e+01,-1.594795621559286003e+00,2.546283419171317397e-01,3.316872008319881049e-01,2.076227349605880984e-02,7.117872830299659670e-02,9.834556818853835980e-02
3.952790558111622232e+01,-1.589097853746711975e+00,2.457223783838395903e-01,3.265022429361716383e-01,2.021542939385763751e-02,7.123726588907294821e-02,8.852287342604832354e-02
3.960792158431686261e+01,-1.583395228902348739e+00,2.369164528433708450e-01,3.214010808157269361e-01,1.968577737392739405e-02,7.130081529880157032e-02,3.337942699753097819e-02
3.968793758751750289e+01,-1.577687326167029891e+00,2.282097284942053994e-01,3.163824142539468087e-01,1.917276075090679557e-02,7.136909432920827967e-02,1.274720676085653315e-01
3.976795359071814318e+01,-1.571973732901135401e+00,2.196013496441876489e-01,3.114449644121588534e-01,1.867584506755156498e-02,7.144261374211202664e-02,-1.421404914022602051e-01
3.984796959391878346e+01,-1.566254032853835021e+00,2.110904429356963985e-01,3.065874735203764079e-01,1.819451706252012135e-02,7.152243114483605724e-02,9.475975628230774717e-02
3.992798559711942374e+01,-1.560527703453273185e+00,2.026761182783787252e-01,3.018087045549716629e-01,1.772828368789120673e-02,7.160827685536719223e-02,7.442090781066322547e-02
4.000800160032006403e+01,-1.554794227378752058e+00,1.943574708353543734e-01,2.971074409658974180e-01,1.727667120279810509e-02,7.170064339035268908e-02,-6.533338126582140248e-02
4.008801760352070431e+01,-1.549053085453729661e+00,1.861335826067707366e-01,2.924824863885143733e-01,1.683922430832647532e-02,7.180062960649470638e-02,2.893604220208808586e-01
4.016803360672134460e+01,-1.543303641396341686e+00,1.780035235973723429e-01,2.879326643366156291e-01,1.641550531890745637e-02,7.190791203784512031e-02,-6.683341111761358089e-02
4.024804960992198488e+01,-1.537545284445866800e+00,1.699663542466930410e-01,2.834568179591912540e-01,1.600509340711172429e-02,7.202329958892889072e-02,-3.572875009583714734e-02
4.032806561312262517e+01,-1.531777364327820079e+00,1.620211269895471540e-01,2.790538097590464783e-01,1.560758386965890171e-02,7.214757466622798154e-02,-4.793873608905455108e-02
4.040808161632326545e+01,-1.525999131424341515e+00,1.541668878737456339e-01,2.747225213163383972e-01,1.522258743304816773e-02,7.228050858282958346e-02,1.833172887586983490e-01
4.048809761952390573e+01,-1.520209885784389092e+00,1.464026792353555206e-01,2.704618530715741098e-01,1.484972962277993601e-02,7.242340229660568229e-02,-1.638508381931338964e-02
4.056811362272454602e+01,-1.514408807614084918e+00,1.387275408757474571e-01,2.662707240359383776e-01,1.448865012974058161e-02,7.257624221169087231e-02,1.394418835081121522e-01
4.064812962592518630e+01,-1.508595070957465145e+00,1.311405126274811095e-01,2.621480715796332683e-01,1.413900224501840087e-02,7.273962907939635070e-02,1.314906443315214668e-01
4.072814562912582659e+01,-1.502767826170724907e+00,1.236406363096291400e-01,2.580928511955871141e-01,1.380045231109257829e-02,7.291447723200786268e-02,9.888151833682190528e-02
4.080816163232646687e+01,-1.496926113998549468e+00,1.162269573141713891e-01,2.541040362483093507e-01,1.347267919248509860e-02,7.310066996415158502e-02,-5.765722070153948831e-02
4.088817763552710716e+01,-1.491069025138355375e+00,1.088985274496055283e-01,2.501806178021527272e-01,1.315537381006506856e-02,7.329960636998765489e-02,1.208896857120560914e-02
4.096819363872774744e+01,-1.485195497922649599e+00,1.016544058891119817e-01,2.463216043497398478e-01,1.284823864991034570e-02,7.351104859853220541e-02,2.408225456019398303e-01
4.104820964192838773e+01,-1.479304522851397019e+00,9.449366221599997395e-02,2.425260216712462613e-01,1.255098735807028132e-02,7.373631776354701295e-02,-5.533912217471483042e-02
4.112822564512902801e+01,-1.473394956717674953e+00,8.741537736865408192e-02,2.387929125803560926e-01,1.226334430025259083e-02,7.397547161146558747e-02,-9.190024425378251482e-03
4.120824164832966829e+01,-1.467465671310687947e+00,8.041864632797190993e-02,2.351213367849664393e-01,1.198504419699679066e-02,7.422958078452927821e-02,5.800492850649140164e-02
4.128825765153030858e+01,-1.461515436838945581e+00,7.350257931876760797e-02,2.315103706693521224e-01,1.171583173818978481e-02,7.449902088034909831e-02,1.553980280840863148e-01
4.136827365473094886e+01,-1.455543003482946185e+00,6.666630403779594261e-02,2.279591071516942624e-01,1.145546125150317604e-02,7.478470512326806929e-02,9.994862418375496937e-02
4.144828965793158915e+01,-1.449547037990063680e+00,5.990896701824793835e-02,2.244666555004645458e-01,1.120369636625979243e-02,7.508720426835802098e-02,1.492916201978918556e-01
4.152830566113222943e+01,-1.443526169348399835e+00,5.322973554187401118e-02,2.210321411991910123e-01,1.096030971595509003e-02,7.540743674368703686e-02,-3.132198655351244032e-02
4.160832166433286972e+01,-1.437478940007926420e+00,4.662779894591252000e-02,2.176547057860176437e-01,1.072508264207219265e-02,7.574603430603377152e-02,1.702236936976349591e-01
4.168833766753351000e+01,-1.431403855946289827e+00,4.010237044026231101e-02,2.143335067422439677e-01,1.049780493505994734e-02,7.610407561074442051e-02,1.330069572686266577e-01
4.176835367073415028e+01,-1.425299312988536737e+00,3.365268811948388811e-02,2.110677173411592555e-01,1.027827456771892613e-02,7.648215204108721466e-02,-8.297430347127615624e-02
4.184836967393479057e+01,-1.419163686823016413e+00,2.727801690925340389e-02,2.078565265787797045e-01,1.006629748040495549e-02,7.688161630284565118e-02,2.308732370935727141e-01
4.192838567713543085e+01,-1.412995205602990634e+00,2.097764909874325415e-02,2.046991390199002225e-01,9.861687334883113484e-03,7.730299366226887903e-02,3.065427796797946525e-01
4.200840168033607114e+01,-1.406792096104744205e+00,1.475090654897644356e-02,2.015947747845660554e-01,9.664265347503607495e-03,7.774792446837219817e-02,8.901887537016150986e-04
4.208841768353671142e+01,-1.400552405125335520e+00,8.597140754823630326e-03,1.985426693923808272e-01,9.473860061205327879e-03,7.821699631413939202e-02,8.378227797580972691e-02
4.216843368673735171e+01,-1.394274171786658023e+00,2.515735162383398241e-03,1.955420737975235856e-01,9.290307220472068805e-03,7.871197011895732232e-02,2.184542284297117942e-01
4.224844968993799199e+01,-1.387955255655571429e+00,-3.493894846839609714e-03,1.925922542626560263e-01,9.113449574448333548e-03,7.923377976931968159e-02,-6.889024317340051995e-02
4.232846569313863228e+01,-1.381593462252207027e+00,-9.432299984922657213e-03,1.896924924103063903e-01,8.943136775328699647e-03,7.978415095812912972e-02,-1.192018809488459008e-01
4.240848169633927256e+01,-1.375186440551924738e+00,-1.529999667924845583e-02,1.868420851677741190e-01,8.779225230796265655e-03,8.036450725418939345e-02,-4.932990496580286210e-02
4.248849769953991284e+01,-1.368731717254707769e+00,-2.109746574576020633e-02,1.840403448120504770e-01,8.621578012266319438e-03,8.097651199345638762e-02,2.426983335784968498e-02
4.256851370274055313e+01,-1.362226703468672140e+00,-2.682515124066383108e-02,1.812865990250874804e-01,8.470064774080467498e-03,8.162227031889286721e-02,2.377804912040409890e-02
4.264852970594119341e+01,-1.355668598069141639e+00,-3.248346007540493796e-02,1.785801909067129267e-01,8.324561656769294618e-03,8.230343995604189056e-02,1.430381573403014805e-01
4.272854570914183370e+01,-1.349054494914778912e+00,-3.807276005061441954e-02,1.759204791546934155e-01,8.184951278166296626e-03,8.302256734273914807e-02,1.098762045390451053e-01
4.280856171234247398e+01,-1.342381260380434815e+00,-4.359337959769046811e-02,1.733068381205341568e-01,8.051122666881264586e-03,8.378197527758139695e-02,-4.082575118932495195e-02
4.288857771554310716e+01,-1.335645550852933683e+00,-4.904560637756070346e-02,1.707386579984790098e-01,7.922971265683004249e-03,8.458419248086046505e-02,1.413221894897458142e-01
4.296859371874374744e+01,-1.328843842702897904e+00,-5.442968564643566043e-02,1.682153450731694033e-01,7.800398967345665430e-03,8.543248159853226997e-02,2.728406157666526943e-01
4.304860972194438773e+01,-1.321972314776919788e+00,-5.974581973523847289e-02,1.657363218949743089e-01,7.683314116983302501e-03,8.632995081587230279e-02,2.060353787229006195e-01
4.312862572514502801e+01,-1.315026876487026541e+00,-6.499416617327362367e-02,1.633010276262552851e-01,7.571631601667961654e-03,8.728015812839960696e-02,1.863909028967538628e-01
4.320864172834566830e+01,-1.308003163333853358e+00,-7.017483586686550090e-02,1.609089184299650477e-01,7.465272962726992971e-03,8.828739181414302362e-02,9.030518466628001395e-02
4.328865773154630858e+01,-1.300896433808438557e+00,-7.528789195431813408e-02,1.585594678355599085e-01,7.364166497472914540e-03,8.935610963570431164e-02,1.877192491001594410e-01
4.336867373474694887e+01,-1.293701555834929628e+00,-8.033334760720048373e-02,1.562521672676641937e-01,7.268247442381450298e-03,9.049128132360313714e-02,-6.122000673354485722e-03
4.344868973794758915e+01,-1.286412991831832997e+00,-8.531116348706414831e-02,1.539865266767376784e-01,7.177458206747121434e-03,9.169874611723426161e-02,1.668002098175395131e-01
4.352870574114822944e+01,-1.279024715156327874e+00,-9.022124547851706478e-02,1.517620752094130943e-01,7.091748624742499202e-03,9.298505616529770257e-02,8.426021421718304927e-02
4.360872174434886972e+01,-1.271530121163704452e+00,-9.506344206416475484e-02,1.495783619949533072e-01,7.011076263148557398e-03,9.435740872772105381e-02,2.074479785156660983e-01
4.368873774754951000e+01,-1.263921992414843709e+00,-9.983754059156350891e-02,1.474349571522956814e-01,6.935406836173953725e-03,9.582412232657117057e-02,1.424251774523578318e-01
4.376875375075015029e+01,-1.256192410492565470e+00,-1.045432634184216697e-01,1.453314529206214678e-01,6.864714677539323316e-03,9.739479561161820675e-02,-1.159318295961703216e-02
4.384876975395079057e+01,-1.248332638321569599e+00,-1.091802636059039100e-01,1.432674649678489232e-01,6.798983295587270569e-03,9.908041053511180973e-02,1.118797058824628349e-01
4.392878575715143086e+01,-1.240332982224014557e+00,-1.137481199270098803e-01,1.412426339269797215e-01,6.738206034759648341e-03,1.008934994042172684e-01,2.227156463853958712e-01
4.400880176035207114e+01,-1.232182667726269054e+00,-1.182463305566030659e-01,1.392566272738786359e-01,6.682386898587761720e-03,1.028486381012947148e-01,-1.007475040538521882e-02
4.408881776355271143e+01,-1.223869664379905409e+00,-1.226743059443402700e-01,1.373091415206108001e-01,6.631541518730479055e-03,1.049628525286002562e-01,4.904886471013367166e-02
4.416883376675335171e+01,-1.215380469892899606e+00,-1.270313604714159994e-01,1.353999048199183985e-01,6.585698315085729282e-03,1.072561036903403597e-01,3.038880285156617123e-02
4.424884976995399199e+01,-1.206699848535063291e+00,-1.313167025623216688e-01,1.335286800834022958e-01,6.544899894818496933e-03,1.097519151889257971e-01,-3.981267885565029085e-02
4.432886577315463228e+01,-1.197810508725290601e+00,-1.355294229465388856e-01,1.316952687294348223e-01,6.509204743981537172e-03,1.124781710880845553e-01,2.086049986150541602e-01
4.440888177635527256e+01,-1.188692715554703794e+00,-1.396684804514120304e-01,1.298995152449363977e-01,6.478689298668386179e-03,1.154682092159214912e-01,2.465679395145241870e-01
4.448889777955591285e+01,-1.179323804341722681e+00,-1.437326848955532976e-01,1.281413127517075923e-01,6.453450484102863163e-03,1.187622154284896647e-01,1.987665361341923176e-01
4.456891378275655313e+01,-1.169677563433755729e+00,-1.477206763954466429e-01,1.264206098421796209e-01,6.433608845320982865e-03,1.224090286605937494e-01,1.466660602043213524e-01
4.464892978595719342e+01,-1.159723449773071291e+00,-1.516309000434009069e-01,1.247374190635228558e-01,6.419312447576240761e-03,1.264685471338330980e-01,1.212654087023873478e-01
4.472894578915783370e+01,-1.149425580386783219e+00,-1.554615746550158106e-01,1.230918275519760630e-01,6.410741782400604556e-03,1.310149729312651834e-01,1.549530029837307421e-01
4.480896179235847399e+01,-1.138741419628701790e+00,-1.592106538306997110e-01,1.214840105088811073e-01,6.408116004997604920e-03,1.361412449840899985e-01,6.298565327498210908e-02
4.488897779555911427e+01,-1.127620047387874136e+00,-1.628757769279619294e-01,1.199142484868246511e-01,6.411700959896162767e-03,1.419651865087887543e-01,2.313497465539559594e-01
4.496899379875975455e+01,-1.115999841219121658e+00,-1.664542066022321187e-01,1.183829498657074791e-01,6.421819647071906959e-03,1.486381728910524114e-01,2.531874052948909215e-01
4.504900980196039484e+01,-1.103805325600517140e+00,-1.699427481851481514e-01,1.168906805212153455e-01,6.438866076773496969e-03,1.563575828718074268e-01,2.496119362721981316e-01
4.512902580516103512e+01,-1.090942815490354434e+00,-1.733376439602335450e-01,1.154382036867334926e-01,6.463323938382122859e-03,1.653850504173197955e-01,1.122902286454404153e-01
4.520904180836167541e+01,-1.077294246306605530e+00,-1.766344321461043032e-01,1.140265346383144696e-01,6.495792288930993079e-03,1.760737573904345987e-01,1.839141915851148501e-01
4.528905781156231569e+01,-1.062708268806735301e+00,-1.798277570429675787e-01,1.126570168114459786e-01,6.537021369578469021e-03,1.889104314726910150e-01,1.723323495747555445e-01
4.536907381476295598e+01,-1.046987180526818495e+00,-1.829111033677173204e-01,1.113314314710219938e-01,6.587964414218386126e-03,2.045818971258533125e-01,3.834393759225869225e-01
4.544908981796359626e+01,-1.029866888274559411e+00,-1.858764212887726586e-01,1.100521594243787232e-01,6.649854201771557977e-03,2.240833952571938958e-01,2.420530154494500152e-01
4.552910582116423654e+01,-1.010985549420134744e+00,-1.887135783362010044e-01,1.088224278479314883e-01,6.724320207271484474e-03,2.489023189659170243e-01,6.069522957287737386e-02
4.560912182436487683e+01,-9.898324840163127414e-01,-1.914095337307289979e-01,1.076467019350111770e-01,6.813574999345885751e-03,2.813428938628959042e-01,3.211934589460032630e-01
4.568913782756551711e+01,-9.656612953899876839e-01,-1.939470466112128422e-01,1.065313359171262547e-01,6.920724875840752847e-03,3.251291188225938211e-01,5.133557437296925041e-01
4.576915383076615740e+01,-9.373342735261576131e-01,-1.963025602841319550e-01,1.054857189078940716e-01,7.050318005732738799e-03,3.865922559718178997e-01,4.551098275940745896e-01
4.584916983396679768e+01,-9.030262154567652022e-01,-1.984425417718069795e-01,1.045244371427754698e-01,7.209381388515755974e-03,4.771809409682893355e-01,5.651289119729104860e-01
4.592918583716743797e+01,-8.596175489377139156e-01,-2.003167197198384708e-01,1.036717219910129884e-01,7.409559289417655230e-03,6.192424369926757821e-01,6.228485636775661360e-01
4.600920184036807825e+01,-8.013257082142296595e-01,-2.018443995907505395e-01,1.029717537736295346e-01,7.672078625857862641e-03,8.608484005433715280e-01,6.637094519248531999e-01
4.608921784356871854e+01,-7.162313940456719319e-01,-2.028833981303400369e-01,1.025165701717007521e-01,8.041228265687172874e-03,1.319299248837265237e+00,1.138273473431971716e+00
4.616923384676935882e+01,-5.759986523259417179e-01,-2.031465746763385094e-01,1.025407823257981077e-01,8.630196791526368455e-03,2.331946295982383344e+00,2.207351518508795074e+00
4.624924984996999910e+01,-2.993956764103613000e-01,-2.019105818707001287e-01,1.038636224570844702e-01,9.835294690241384516e-03,5.070974684978253322e+00,5.058291481274280521e+00
4.632926585317063939e+01,3.789747311262740559e-01,-1.967623324330531887e-01,1.101165799286207558e-01,1.341316306699682007e-02,1.309604493246798640e+01,1.312704478211711745e+01
4.640928185637127967e+01,1.590943732757556628e+00,-1.836840004541291371e-01,1.236741174590966080e-01,2.044501528743085730e-02,1.141751552953173920e+01,1.148645694474569190e+01
4.648929785957191996e+01,1.966540033311201086e+00,-1.650527415095962847e-01,1.381398287449491780e-01,2.773011893793451976e-02,9.076814716976139286e-01,8.736356674211415152e-01
4.656931386277255314e+01,1.985046089937597458e+00,-1.456347588001893345e-01,1.525495471184726837e-01,3.479260032700677574e-02,-3.985007871262109813e-02,5.584284712848777699e-02
4.664932986597319342e+01,1.978978025977546462e+00,-1.262794868498588186e-01,1.668780223275994901e-01,4.162270414530612472e-02,-9.015945798838478908e-02,-1.181343338263470266e-01
4.672934586917383371e+01,1.971601522834303344e+00,-1.070403416015255765e-01,1.811153403250794491e-01,4.821885946442293347e-02,-9.308542615884973781e-02,-1.635343776935536675e-01
4.680936187237447399e+01,1.964133435752727364e+00,-8.792304790387620028e-02,1.952531601927778859e-01,5.458093336058533751e-02,-9.351705746590312229e-02,-8.352885921413116810e-03
4.688937787557511427e+01,1.956638990322852489e+00,-6.893110598649784815e-02,2.092840895128271483e-01,6.070993112840333134e-02,-9.380048530182802380e-02,-1.852449836122453397e-01
4.696939387877575456e+01,1.949122871241005805e+00,-5.006810475839625074e-02,2.232015713931062295e-01,6.660790863493910863e-02,-9.406184710153905892e-02,-3.669703401836489354e-01
4.704940988197639484e+01,1.941586504712783601e+00,-3.133777908493158570e-02,2.369998066347690502e-01,7.227787379373765142e-02,-9.430703816898071412e-02,-2.003027140637705927e-01
4.712942588517703513e+01,1.934031165081061765e+00,-1.274394197838120760e-02,2.506736848923805105e-01,7.772367450820114043e-02,-9.453516859804778072e-02,-8.511921404775804612e-02
4.720944188837767541e+01,1.926458221541416993e+00,5.709592520491116666e-03,2.642187224378002575e-01,8.294988024188387765e-02,-9.474805341136879888e-02,-4.027658293163346448e-01
4.728945789157831570e+01,1.918868914072936915e+00,2.401908704295740993e-02,2.776310056543327964e-01,8.796166327396312545e-02,-9.494332404941822900e-02,-1.306571286672758847e-01
4.736947389477895598e+01,1.911264602279848734e+00,4.218095354875683184e-02,2.909071395908709445e-01,9.276468414350050318e-02,-9.512374829961332823e-02,-1.283327841759143162e-01
4.744948989797959626e+01,1.903646489105822459e+00,6.019182021424487883e-02,3.040442010932192796e-01,9.736498441942594007e-02,-9.528862588577746706e-02,-2.379342227827054013e-01
4.752950590118023655e+01,1.896015745200341662e+00,7.804858787212499982e-02,3.170396960403568110e-01,1.017688887423691679e-01,-9.543873723889505223e-02,-2.436890836986758124e-01
4.760952190438087683e+01,1.888373512296395385e+00,9.574847548280072951e-02,3.298915203338685931e-01,1.059829171944054182e-01,-9.557699256505565455e-02,-1.418231873749832006e-01
4.768953790758151712e+01,1.880720713509422826e+00,1.132890539085299325e-01,3.425979243136363928e-01,1.100137083304912888e-01,-9.570276708473993144e-02,-1.504127840482211431e-01
4.776955391078215740e+01,1.873058242280493335e+00,1.306682664273159933e-01,3.551574802809235876e-01,1.138679526931846847e-01,-9.581844517711594900e-02,3.017340576204775859e-02
4.784956991398279769e+01,1.865386866629328955e+00,1.478844381853065271e-01,3.675690528916499278e-01,1.175523363024867374e-01,-9.592653678738675971e-02,-5.844023227410681531e-02
4.792958591718343797e+01,1.857707141847795285e+00,1.649362749922454463e-01,3.798317721621446430e-01,1.210734933717544370e-01,-9.602712860513652748e-02,-2.541126731556944685e-01
4.800960192038407826e+01,1.850019557738002529e+00,1.818228523632348936e-01,3.919450088516674979e-01,1.244379673846423701e-01,-9.612256738428769098e-02,-1.815877143679619499e-01
4.808961792358471854e+01,1.842324479811399573e+00,1.985435976521980062e-01,4.039083520369757263e-01,1.276521796309012802e-01,-9.621552830076686436e-02,-2.570137558856361304e-02
4.816963392678535882e+01,1.834622065411240621e+00,2.150982666050730852e-01,4.157215886795108672e-01,1.307224042891276528e-01,-9.630639072105637299e-02,9.329128617473397833e-02
4.824964992998599911e+01,1.826912381449470768e+00,2.314869154319775246e-01,4.273846849968694350e-01,1.336547491829840895e-01,-9.639668588060298915e-02,-5.774673650618052795e-02
4.832966593318663939e+01,1.819195407592502534e+00,2.477098707881487671e-01,4.388977694943885233e-01,1.364551414086913328e-01,-9.648893413128287189e-02,-6.541767966533436340e-02
4.840968193638727968e+01,1.811470964698024710e+00,2.637676989204538192e-01,4.502611175068956251e-01,1.391293170954972236e-01,-9.658431209075349355e-02,8.949093432644716906e-02
4.848969793958791996e+01,1.803738747007189724e+00,2.796611745991817721e-01,4.614751371042256634e-01,1.416828146344141226e-01,-9.668342194002685352e-02,-9.895056634192846146e-02
4.856971394278856025e+01,1.795998376215730108e+00,2.953912509117611052e-01,4.725403562401558344e-01,1.441209707933280848e-01,-9.678762206056928941e-02,-1.276977178940426338e-01
4.864972994598920053e+01,1.788249397385696327e+00,3.109590307845964130e-01,4.834574110369361799e-01,1.464489192109618976e-01,-9.689865223863058930e-02,-2.382235304677974008e-01
4.872974594918984081e+01,1.780491248861877596e+00,3.263657405864722194e-01,4.942270351000704331e-01,1.486715908282383591e-01,-9.701758032371055052e-02,-1.483191885464811566e-01
4.880976195239048110e+01,1.772723269416773384e+00,3.416127058977250219e-01,5.048500497650167951e-01,1.507937158770930319e-01,-9.714484816511839704e-02,1.207264260946969425e-01
4.888977795559112138e+01,1.764944738707212135e+00,3.567013295719105859e-01,5.153273551895680704e-01,1.528198271048783474e-01,-9.728122489016319263e-02,-2.394553641390348986e-01
4.896979395879176167e+01,1.757154878357053418e+00,3.716330723204659958e-01,5.256599222198603538e-01,1.547542639648173124e-01,-9.742766867363791827e-02,-9.630849799231296082e-02
4.904980996199240195e+01,1.749352851996895275e+00,3.864094356471934888e-01,5.358487849567156180e-01,1.566011775431986053e-01,-9.758518932660928402e-02,-2.384179321218408698e-01
4.912982596519304224e+01,1.741537760878842933e+00,4.010319470225039429e-01,5.458950339586144951e-01,1.583645360331842611e-01,-9.775462545542831783e-02,-8.490705065025253018e-02
4.920984196839368252e+01,1.733708637867201086e+00,4.155021471327292049e-01,5.557998100232408589e-01,1.600481305973819046e-01,-9.793641568302882683e-02,-9.171695337816712645e-03
4.928985797159432281e+01,1.725864467533098745e+00,4.298215789371062634e-01,5.655642984922737426e-01,1.616555814880922815e-01,-9.813106093187334844e-02,-1.224959929131921449e-01
4.936987397479496309e+01,1.718004189087561473e+00,4.439917784781149956e-01,5.751897240355785534e-01,1.631903443208281845e-01,-9.833914354472617081e-02,-2.530441651477646769e-02
4.944988997799560337e+01,1.710126696056564866e+00,4.580142672166880313e-01,5.846773458706240323e-01,1.646557164144757390e-01,-9.856128057337681936e-02,-2.647689802249299229e-02
4.952990598119624366e+01,1.702230836004932968e+00,4.718905457004010096e-01,5.940284533776638565e-01,1.660548431287855453e-01,-9.879809617559451307e-02,-5.409561456490309672e-02
4.960992198439688394e+01,1.694315410198953709e+00,4.856220883937625854e-01,6.032443620752215852e-01,1.673907241441250360e-01,-9.905020820654072966e-02,7.257459173505456662e-02
4.968993798759752423e+01,1.686379173116133945e+00,4.992103395124926624e-01,6.123264099237019087e-01,1.686662196402258784e-01,-9.931822498563599999e-02,-2.143446958583046513e-02
4.976995399079816451e+01,1.678420831724078299e+00,5.126567097177366916e-01,6.212759539279198995e-01,1.698840563404647175e-01,-9.960274895710191645e-02,-1.300987055705335460e-01
4.984996999399880480e+01,1.670439044440329202e+00,5.259625735406825431e-01,6.300943670120094930e-01,1.710468333963247600e-01,-9.990438412183777483e-02,-1.679867389710492653e-01
4.992998599719944508e+01,1.662432419425227570e+00,5.391292674232055493e-01,6.387830351426139197e-01,1.721570280933789054e-01,-1.002237387006749136e-01,-1.847543734511098434e-01
5.001000200040008536e+01,1.654399513488142626e+00,5.521580882679488766e-01,6.473433546782135783e-01,1.732170013654824037e-01,-1.005614515839747813e-01,-5.297470782047358773e-02
5.009001800360072565e+01,1.646338830001476516e+00,5.650502924138099958e-01,6.557767299247260206e-01,1.742290031085153290e-01,-1.009182050435181166e-01,-1.332903864685349715e-01
5.017003400680136593e+01,1.638248815817032078e+00,5.778070949591251892e-01,6.640845708791142110e-01,1.751951772884979552e-01,-1.012947248864234928e-01,1.716219790140061097e-01
5.025005001000200622e+01,1.630127857850943496e+00,5.904296693625614711e-01,6.722682911441728582e-01,1.761175668417494511e-01,-1.016917835638911360e-01,8.255297699792457644e-02
5.033006601320263940e+01,1.621974279268169727e+00,6.029191472634701787e-01,6.803293059991522007e-01,1.769981183670970848e-01,-1.021102048246569360e-01,-1.235626047752892559e-01
5.041008201640327968e+01,1.613786335238235337e+00,6.152766184714221209e-01,6.882690306121219681e-01,1.778386866119394116e-01,-1.025508696258906061e-01,-1.354639950421895611e-01
5.049009801960391997e+01,1.605562208236058774e+00,6.275031310816547858e-01,6.960888783810741387e-01,1.786410387553576118e-01,-1.030147232282202507e-01,6.600293210342203509e-02
5.057011402280456025e+01,1.597300002862670043e+00,6.395996916792615616e-01,7.037902593917677585e-01,1.794068584925244125e-01,-1.035027835757831860e-01,-2.918387617062818684e-01
5.065013002600520053e+01,1.588997740186798513e+00,6.515672656000014440e-01,7.113745789811558584e-01,1.801377499254304959e-01,-1.040161517148932568e-01,-1.491712576454040928e-01
5.073014602920584082e+01,1.580653350944428492e+00,6.634067772227962845e-01,7.188432363961518856e-01,1.808352412655596375e-01,-1.045560123438954436e-01,-9.480317244358230089e-03
5.081016203240648110e+01,1.572264667686017026e+00,6.751191102696580959e-01,7.261976235380025457e-01,1.815007883544508538e-01,-1.051236285631640399e-01,-1.963333856550603940e-01
5.089017803560712139e+01,1.563829417150632395e+00,6.867051080867524471e-01,7.334391237828589150e-01,1.821357780081300226e-01,-1.057203567510503484e-01,-1.534033540603989276e-01
5.097019403880776167e+01,1.555345211647213288e+00,6.981655738928487231e-01,7.405691108700731551e-01,1.827415311917262308e-01,-1.063476587374448390e-01,-1.414617753469136208e-01
5.105021004200840196e+01,1.546809539672306499e+00,7.095012709774730641e-01,7.475889478498675134e-01,1.833193060304102728e-01,-1.070071175772221994e-01,-4.092626792656582635e-02
5.113022604520904224e+01,1.538219755729606453e+00,7.207129228334961946e-01,7.544999860823626836e-01,1.838703006626931646e-01,-1.077004580465223960e-01,-9.394776956420949898e-02
5.121024204840968252e+01,1.529573069283505671e+00,7.318012132099297462e-01,7.613035642801542213e-01,1.843956559419261676e-01,-1.084295725560555090e-01,-6.822083152724209287e-02
5.129025805161032281e+01,1.520866532761151912e+00,7.427667860712560133e-01,7.680010075867444996e-01,1.848964579915801099e-01,-1.091965531058905481e-01,-4.966818058755656518e-02
5.137027405481096309e+01,1.512097028497701334e+00,7.536102454497568548e-01,7.745936266831470185e-01,1.853737406195624660e-01,-1.100037298565004207e-01,-1.070099070387871415e-01
5.145029005801160338e+01,1.503261251501624596e+00,7.643321551924842083e-01,7.810827169159596517e-01,1.858284875969337946e-01,-1.108536682849423083e-01,2.029515399248338348e-04
5.153030606121224366e+01,1.494355679084386823e+00,7.749330386355678391e-01,7.874695574423206113e-01,1.862616348071614025e-01,-1.117489925516135241e-01,-1.846448796621770472e-01
5.161032206441288395e+01,1.485376559228786197e+00,7.854133780320707858e-01,7.937554103733004407e-01,1.866740722650070405e-01,-1.126925617718432804e-01,-2.563047113345070516e-01
5.169033806761352423e+01,1.476319894321229453e+00,7.957736138257042180e-01,7.999415199135788690e-01,1.870666460116552077e-01,-1.136876003788964140e-01,-2.913747808601409028e-01
5.177035407081416452e+01,1.467181419130717535e+00,8.060141437575450984e-01,8.060291114885725916e-01,1.874401598892795617e-01,-1.147377771526833512e-01,-2.768387550489291860e-01
5.185037007401480480e+01,1.457956574278334472e+00,8.161353217790535686e-01,8.120193908487318701e-01,1.877953771971934416e-01,-1.158472650337430410e-01,-1.708988379885004738e-01
5.193038607721544508e+01,1.448640448768217848e+00,8.261374569001773693e-01,8.179135431522891464e-01,1.881330222370567462e-01,-1.170204173202987752e-01,-1.401572799466681285e-02
5.201040208041608537e+01,1.439227748746845670e+00,8.360208116316103499e-01,8.237127319910785284e-01,1.884537817369413004e-01,-1.182619277845159411e-01,-1.008452520473182845e-01
5.209041808361672565e+01,1.429712780076803247e+00,8.457856000342361957e-01,8.294180983468872892e-01,1.887583061546140306e-01,-1.195772463515015760e-01,-1.794319073050378577e-01
5.217043408681736594e+01,1.420089406092577722e+00,8.554319855511755000e-01,8.350307594785598697e-01,1.890472108666828854e-01,-1.209727088384432436e-01,-2.279582681400095234e-01
5.225045009001800622e+01,1.410350955474003909e+00,8.649600787566482651e-01,8.405518077397311494e-01,1.893210772497485317e-01,-1.224551192139752831e-01,-1.753436843470336515e-01
5.233046609321864651e+01,1.400490158340926827e+00,8.743699345031094028e-01,8.459823092678755430e-01,1.895804536314256439e-01,-1.240318840866824757e-01,-1.643985226263262600e-01
5.241048209641928679e+01,1.390499120952389811e+00,8.836615482847935965e-01,8.513233025042012958e-01,1.898258560979574072e-01,-1.257117616509401126e-01,-1.822217007408583611e-01
5.249049809961992707e+01,1.380369226316397580e+00,8.928348524496477756e-01,8.565757965773839189e-01,1.900577691809818281e-01,-1.275048031490061407e-01,-2.707592352232798261e-01
5.257051410282056736e+01,1.370090973546432611e+00,9.018897121575903952e-01,8.617407695232602860e-01,1.902766464167033600e-01,-1.294218191376164673e-01,-1.770026012498434054e-01
5.265053010602120764e+01,1.359653937651870814e+00,9.108259196873687014e-01,8.668191661687063565e-01,1.904829107013590872e-01,-1.314755470054662645e-01,-2.976193366755849889e-02
5.273054610922184793e+01,1.349046629154138088e+00,9.196431884055100703e-01,8.718118957623802734e-01,1.906769544908338276e-01,-1.336808581381132566e-01,-3.511417522976604255e-01
5.281056211242248821e+01,1.338256247352410222e+00,9.283411464009869718e-01,8.767198293206541759e-01,1.908591398374107073e-01,-1.360541995618261280e-01,-1.601150668062636950e-01
5.289057811562312850e+01,1.327268590505204626e+00,9.369193275283027589e-01,8.815437963822557732e-01,1.910297981239442444e-01,-1.386151916239378168e-01,-3.507500271071903875e-01
5.297059411882376878e+01,1.316067770615643395e+00,9.453771621976075901e-01,8.862845813468448464e-01,1.911892295916961249e-01,-1.413865996987784257e-01,-1.230818386409882614e-01
5.305061012202440907e+01,1.304635896842389675e+00,9.537139664279282725e-01,8.909429191586634156e-01,1.913377025576987467e-01,-1.443947256433542048e-01,-2.191436647341847288e-01
5.313062612522504935e+01,1.292952832564656873e+00,9.619289276314944015e-01,8.955194900165123206e-01,1.914754521809497179e-01,-1.476712675597513513e-01,-3.562400343690179660e-01
5.321064212842568963e+01,1.280995631534141310e+00,9.700210900273382730e-01,9.000149133317483230e-01,1.916026789042346301e-01,-1.512531360907426459e-01,-1.411829170974002179e-01
5.329065813162632992e+01,1.268738152569752531e+00,9.779893344128071098e-01,9.044297400728172898e-01,1.917195461714768512e-01,-1.551851943467963402e-01,2.655534100844272882e-02
5.337067413482697020e+01,1.256150273715012311e+00,9.858323565571939229e-01,9.087644438010050729e-01,1.918261775995856455e-01,-1.595210450086329002e-01,-1.486318916734166162e-01
5.345069013802761049e+01,1.243197166652639352e+00,9.935486384433915852e-01,9.130194092942491846e-01,1.919226530977534428e-01,-1.643264408519570785e-01,-4.814729247372231957e-02
5.353070614122825077e+01,1.229838129603229469e+00,1.001136415424778825e+00,9.171949187387598013e-01,1.920090039745614707e-01,-1.696818390655135955e-01,-1.768322792824044976e-01
5.361072214442889106e+01,1.216025312219455978e+00,1.008593633147360169e+00,9.212911339928376853e-01,1.920852063566049484e-01,-1.756877288037320128e-01,-3.914468116199416037e-01
5.369073814762953134e+01,1.201701791578510203e+00,1.015917896581161273e+00,9.253080744512013345e-01,1.921511727776057110e-01,-1.824700902237769151e-01,-1.334217411613760063e-01
5.377075415083017162e+01,1.186799287514494150e+00,1.023106402266453330e+00,9.292455879135617103e-01,1.922067407698676567e-01,-1.901899821333291607e-01,-2.320179128145504754e-01
5.385077015403081191e+01,1.171234816505134502e+00,1.030155854874588384e+00,9.331033129818333549e-01,1.922516579050193297e-01,-1.990554566849461748e-01,-3.452639494522340979e-01
5.393078615723145219e+01,1.154906271034086718e+00,1.037062356329756518e+00,9.368806284717468014e-01,1.922855612919012191e-01,-2.093401250635729127e-01,-1.308564576712610839e-01
5.401080216043208537e+01,1.137686179811733700e+00,1.043821259781542610e+00,9.405765847346960751e-01,1.923079493624076652e-01,-2.214104411980388765e-01,-1.927246846526561863e-01
5.409081816363272566e+01,1.119412707671135765e+00,1.050426974093154220e+00,9.441898084627435850e-01,1.923181423271077273e-01,-2.357670923118698747e-01,-2.883080563836873944e-01
5.417083416683336594e+01,1.099876506857067282e+00,1.056872694108982325e+00,9.477183669385582654e-01,1.923152251915562772e-01,-2.531103851370314350e-01,-1.663034425968218377e-01
5.425085017003400623e+01,1.078800872925864240e+00,1.063150021050981664e+00,9.511595692195566887e-01,1.922979635555767397e-01,-2.744462589468643632e-01,-3.616534557261676386e-01
5.433086617323464651e+01,1.055810779314221293e+00,1.069248412052347330e+00,9.545096645361210719e-01,1.922646747945057910e-01,-3.012644444573497893e-01,-2.369212105833401194e-01
5.441088217643528679e+01,1.030382877804998820e+00,1.075154360306232793e+00,9.577633685339915770e-01,1.922130243247369974e-01,-3.358512819544440253e-01,-4.298973288787740210e-01
5.449089817963592708e+01,1.001761129312197962e+00,1.080850120186748198e+00,9.609130809755717095e-01,1.921396867825838073e-01,-3.818660071243401566e-01,-3.284705309537322426e-01
5.457091418283656736e+01,9.688071266566519180e-01,1.086311640063034156e+00,9.639475220794035959e-01,1.920397517423105271e-01,-4.454659630912044532e-01,-5.555407575461366321e-01
5.465093018603720765e+01,9.297180540566054585e-01,1.091505021080880988e+00,9.668491851250640146e-01,1.919056072099495358e-01,-5.376608724662945704e-01,-3.887420521641833937e-01
5.473094618923784793e+01,8.814545917839019529e-01,1.096380029326234684e+00,9.695891450893701080e-01,1.917246528404239758e-01,-6.796705150014403785e-01,-6.542397649998499265e-01
5.481096219243848822e+01,8.184695305291580514e-01,1.100857143749823797e+00,9.721152098457446211e-01,1.914740600011630711e-01,-9.164513049062045225e-01,-7.731637933068933322e-01
5.489097819563912850e+01,7.295392621487999385e-01,1.104798579821074878e+00,9.743204286118162250e-01,1.911068180429653374e-01,-1.355558587875496546e+00,-1.437803185627481550e+00
5.497099419883976879e+01,5.886141030737052082e-01,1.107931984327444219e+00,9.759391813039757224e-01,1.905058120557015788e-01,-2.297959026180725228e+00,-2.345569263477477850e+00
5.505101020204040907e+01,3.234849978301183038e-01,1.109592966914957346e+00,9.760847702135764248e-01,1.892829009217720515e-01,-4.750481054986259721e+00,-4.666514575134780074e+00
5.513102620524104935e+01,-2.946320055030159923e-01,1.107636701873669249e+00,9.709545052189295644e-01,1.858593233889178076e-01,-1.179664416284960815e+01,-1.207101587768054074e+01
5.521104220844168964e+01,-1.462261270050376982e+00,1.098178227038028476e+00,9.571220906877033752e-01,1.791137787716431395e-01,-1.259545615588079315e+01,-1.270213524134551797e+01
5.529105821164232992e+01,-1.921372890309819281e+00,1.082831133970059589e+00,9.419840571490589731e-01,1.720982988073772590e-01,-1.331247780028231631e+00,-1.227930084800064048e+00
5.537107421484297021e+01,-1.953415123889771898e+00,1.066442179996761830e+00,9.270578581803685658e-01,1.653838486709533484e-01,-1.412270221596290121e-02,3.238823017347455813e-02
5.545109021804361049e+01,-1.950151468248000786e+00,1.050099583385927904e+00,9.123678511849709905e-01,1.589689421376413725e-01,6.305206889822001504e-02,1.609290031400008036e-01
5.553110622124425078e+01,-1.944852589814501265e+00,1.033878025132689782e+00,8.979113926886466146e-01,1.528417347029318030e-01,6.754564893791947799e-02,3.656956022944707341e-02
5.561112222444489106e+01,-1.939428992953375008e+00,1.017781407070641464e+00,8.836848442713267637e-01,1.469899982669872762e-01,6.791034090404268753e-02,1.243102790643547950e-01
5.569113822764553134e+01,-1.933989892330282290e+00,1.001809604656582309e+00,8.696845679178395461e-01,1.414015963685506250e-01,6.803370264222285968e-02,-5.050724379459428648e-03
5.577115423084617163e+01,-1.928541846097354684e+00,9.859622676475776615e-01,8.559069802676283478e-01,1.360645854207166716e-01,6.813938620273407576e-02,-6.905665055950560571e-02
5.585117023404681191e+01,-1.923085484399341905e+00,9.702390380034021655e-01,8.423485548899758424e-01,1.309672824638327959e-01,6.824106379446220894e-02,-1.012384335771998323e-01
5.593118623724745220e+01,-1.917621086949705678e+00,9.546395625557341225e-01,8.290058215614023451e-01,1.260983190765393447e-01,6.834013682547601665e-02,1.316917972243357438e-02
5.601120224044809248e+01,-1.912148891736957790e+00,9.391634937182141707e-01,8.158753653799281080e-01,1.214466835419923119e-01,6.843666112829188686e-02,1.354251888584181301e-02
5.609121824364873277e+01,-1.906669117250409329e+00,9.238104895363338231e-01,8.029538258842127130e-01,1.170017524795099600e-01,6.853017590050802799e-02,5.592436140836862246e-03
5.617123424684937305e+01,-1.901181986945576163e+00,9.085802137373379939e-01,7.902378961874358954e-01,1.127533131628665336e-01,6.862056130698956924e-02,-2.862599357928041766e-01
5.625125025005001334e+01,-1.895687726151530139e+00,8.934723357046895353e-01,7.777243221244909410e-01,1.086915777500042923e-01,6.870794165462490444e-02,-1.311524183490292705e-01
5.633126625325065362e+01,-1.890186558889028312e+00,8.784865304385651719e-01,7.654099014132520473e-01,1.048071906119648899e-01,6.879258405645266583e-02,1.552933513710715724e-02
5.641128225645129390e+01,-1.884678705397596854e+00,8.636224785018894456e-01,7.532914828297102572e-01,1.010912298774620244e-01,6.887481972977504974e-02,9.757648248953020020e-02
5.649129825965193419e+01,-1.879164375137830856e+00,8.488798659365262012e-01,7.413659653965076757e-01,9.753520421742886692e-02,6.895481964818844789e-02,1.107555714348387038e-02
5.657131426285257447e+01,-1.873643760970271854e+00,8.342583841609109152e-01,7.296302975848536487e-01,9.413104579073440503e-02,6.903241542681320952e-02,-1.865730460825716641e-02
5.665133026605321476e+01,-1.868117052722726434e+00,8.197577298935951884e-01,7.180814765304390779e-01,9.087110016482084773e-02,6.910753882040376883e-02,-1.617397944947599475e-01
5.673134626925385504e+01,-1.862584437312609031e+00,8.053776050190692981e-01,7.067165472616860900e-01,8.774811391781627001e-02,6.918021678948699238e-02,2.713301206870799009e-01
5.681136227245449533e+01,-1.857046097761889447e+00,7.911177164237143122e-01,6.955326019406019578e-01,8.475522052807982210e-02,6.925053078699339171e-02,-4.086059715969930783e-02
5.689137827565513561e+01,-1.851502212545756310e+00,7.769777758035646409e-01,6.845267791160709603e-01,8.188592506290248707e-02,6.931858719120415069e-02,2.376582509611135374e-01
5.697139427885577589e+01,-1.845952955217603719e+00,7.629574994418518719e-01,6.736962629893558097e-01,7.913408809292235557e-02,6.938449694928877642e-02,2.254530886486434960e-01
5.705141028205641618e+01,-1.840398494257239781e+00,7.490566079543764522e-01,6.630382826915877104e-01,7.649390918298830389e-02,6.944836267400028573e-02,9.684126926409358793e-02
5.713142628525705646e+01,-1.834838993093507620e+00,7.352748260008266090e-01,6.525501115730284463e-01,7.395991024374527767e-02,6.951027161275213917e-02,1.224933110648431661e-02
5.721144228845769675e+01,-1.829274610256801381e+00,7.216118819602554968e-01,6.422290665038927759e-01,7.152691897074399396e-02,6.957029308312656646e-02,8.279184620135293660e-02
5.729145829165833703e+01,-1.823705499595082324e+00,7.080675075689463194e-01,6.320725071865259670e-01,6.919005254878116129e-02,6.962847837042734911e-02,-4.567571903350819973e-02
5.737147429485897732e+01,-1.818131810050855002e+00,6.946414375178013856e-01,6.220778354787080966e-01,6.694470175768432729e-02,6.968484844919881072e-02,9.575786111899789455e-02
5.745149029805961760e+01,-1.812553686797963470e+00,6.813334090127775022e-01,6.122424947279947460e-01,6.478651558118617149e-02,6.973942248406916899e-02,7.003463726902810216e-02
5.753150630126025789e+01,-1.806971271883111241e+00,6.681431612922298369e-01,6.025639691168096501e-01,6.271138639166547180e-02,6.979223152704244759e-02,1.229890583218685440e-01
5.761152230446089817e+01,-1.801384704143699667e+00,6.550704350993558078e-01,5.930397830180854646e-01,6.071543576017372768e-02,6.984331188953363245e-02,1.648869967539118297e-01
5.769153830766153845e+01,-1.795794119216229223e+00,6.421149721110903652e-01,5.836675003613231993e-01,5.879500092213181539e-02,6.989270246373358031e-02,2.431765512050180766e-01
5.777155431086217163e+01,-1.790199649543608995e+00,6.292765143226034530e-01,5.744447240088930151e-01,5.694662191382125066e-02,6.994044328705595337e-02,3.110885983539057875e-02
5.785157031406281192e+01,-1.784601424369236744e+00,6.165548033870081879e-01,5.653690951424054090e-01,5.516702938276030893e-02,6.998657501675747961e-02,1.743254167926857612e-01
5.793158631726345220e+01,-1.778999569709461381e+00,6.039495799102307938e-01,5.564382926590023537e-01,5.345313306568576922e-02,7.003113909602592946e-02,-9.135818966864148183e-03
5.801160232046409249e+01,-1.773394208299695629e+00,5.914605827013027506e-01,5.476500325773940858e-01,5.180201092069347535e-02,7.007417849873853744e-02,-1.938231625338758535e-02
5.809161832366473277e+01,-1.767785459513092183e+00,5.790875479787627178e-01,5.390020674535028755e-01,5.021089889475222751e-02,7.011573903679402253e-02,8.310095504856424009e-03
5.817163432686537305e+01,-1.762173439254248963e+00,5.668302085342652452e-01,5.304921858055599015e-01,4.867718130394081688e-02,7.015587130191486276e-02,-2.804069427705126183e-02
5.825165033006601334e+01,-1.756558259833905566e+00,5.546882928549645708e-01,5.221182115485153430e-01,4.719838180109612452e-02,7.019463339244802480e-02,1.682210652259138461e-01
5.833166633326665362e+01,-1.750940029863870429e+00,5.426615242068416611e-01,5.138780034376239092e-01,4.577215490386161295e-02,7.023209542446895437e-02,1.625562092706414608e-01
5.841168233646729391e+01,-1.745318853893670141e+00,5.307496196806719135e-01,5.057694545210514869e-01,4.439627805518169684e-02,7.026833852195324415e-02,1.974995132258922648e-01
5.849169833966793419e+01,-1.739694830856989727e+00,5.189522892008380239e-01,4.977904916012896863e-01,4.306864418788655668e-02,7.030342479447115878e-02,6.777339186805915461e-02
5.857171434286857448e+01,-1.734068053995870828e+00,5.072692345088700705e-01,4.899390747054671591e-01,4.178725476533545757e-02,7.033740797298126957e-02,9.777556758170904971e-02
5.865173034606921476e+01,-1.728438610494520855e+00,4.957001481207075066e-01,4.822131965642983964e-01,4.055021327035427531e-02,7.037033760814298544e-02,1.252763774813615144e-02
5.873174634926985505e+01,-1.722806581041812723e+00,4.842447122632907996e-01,4.746108820995716404e-01,3.935571911552759178e-02,7.040226269071220289e-02,-4.469386209426273737e-02
5.881176235247049533e+01,-1.717172039464406108e+00,4.729025977965117811e-01,4.671301879200749907e-01,3.820206194883900286e-02,7.043323820695723825e-02,1.151350532601129184e-01
5.889177835567113561e+01,-1.711535052463583284e+00,4.616734631268613054e-01,4.597692018258558444e-01,3.708761632971196293e-02,7.046333520109235304e-02,9.730064633274591868e-02
5.897179435887177590e+01,-1.705895679491288286e+00,4.505569531197452515e-01,4.525260423207169702e-01,3.601083675165378528e-02,7.049265490472259033e-02,-4.020867160104968363e-02
5.905181036207241618e+01,-1.700253972802961977e+00,4.395526980180482490e-01,4.453988581328541252e-01,3.497025298890495820e-02,7.052134746979993318e-02,1.290545941344606040e-01
5.913182636527305647e+01,-1.694609977726519334e+00,4.286603123751009936e-01,4.383858277435505602e-01,3.396446574571593269e-02,7.054963580712739213e-02,-1.036230984528454802e-01
5.921184236847369675e+01,-1.688963731500012111e+00,4.178793940047804689e-01,4.314851589236558538e-01,3.299214258803232630e-02,7.057780549805242609e-02,5.267795708559903922e-02
5.929185837167433704e+01,-1.683315250223123893e+00,4.072095229209111711e-01,4.246950882765715418e-01,3.205201413801994637e-02,7.060592106300223048e-02,7.574537351450430500e-03
5.937187437487497732e+01,-1.677664533850633966e+00,3.966502603777357083e-01,4.180138807908267418e-01,3.114287051512481391e-02,7.063397415326272410e-02,1.770635253098329365e-02
5.945189037807561760e+01,-1.672011571504507854e+00,3.862011479622460275e-01,4.114398294004520951e-01,3.026355800624753664e-02,7.066203111164154338e-02,-3.768374441087851690e-02
5.953190638127625789e+01,-1.666356342627876019e+00,3.758617067323675176e-01,4.049712545525639973e-01,2.941297594914107916e-02,7.069027891496021399e-02,1.659396880611497815e-01
5.961192238447689817e+01,-1.660698818608572713e+00,3.656314364265196848e-01,3.986065037825716750e-01,2.859007381473247650e-02,7.071907909588365237e-02,1.273139003007958958e-01
5.969193838767753846e+01,-1.655038960341620680e+00,3.555098147375195805e-01,3.923439512963604048e-01,2.779384847456141047e-02,7.074892931631035498e-02,1.890909559974278120e-01
5.977195439087817874e+01,-1.649376689720553957e+00,3.454962965771879446e-01,3.861819975563641760e-01,2.702334163922873872e-02,7.077986148774709219e-02,8.382959635226483464e-02
5.985197039407881903e+01,-1.643711905386050498e+00,3.355903135985234265e-01,3.801190688803529616e-01,2.627763746025436539e-02,7.081182955973042148e-02,-5.899353585985714354e-02
5.993198639727945931e+01,-1.638044497202392868e+00,3.257912738231697469e-01,3.741536170476467693e-01,2.555586028197396817e-02,7.084504630122112623e-02,3.294489450673970116e-02
6.001200240048009960e+01,-1.632374350098426019e+00,3.160985613465499555e-01,3.682841189113827962e-01,2.485717253258885526e-02,7.088007471701268658e-02,-4.827170582034184809e-02
6.009201840368073988e+01,-1.626701327235770878e+00,3.065115360849715032e-01,3.625090760149564661e-01,2.418077274414874578e-02,7.091748338285547293e-02,1.155969998808485666e-01
6.017203440688138016e+01,-1.621025233419489231e+00,2.970295335687633820e-01,3.568270142121152122e-01,2.352589369233833855e-02,7.095711841352617122e-02,1.908277113183515783e-01
6.025205041008202045e+01,-1.615345860221691909e+00,2.876518651852242314e-01,3.512364833059929969e-01,2.289180065526553315e-02,7.099908315171751805e-02,1.026081223096765443e-01
6.033206641328266073e+01,-1.609663000215251216e+00,2.783778184480362183e-01,3.457360566913927347e-01,2.227778977612833791e-02,7.104403283785740153e-02,9.791941451892438586e-03
6.041208241648330102e+01,-1.603976421645590511e+00,2.692066572501508603e-01,3.403243309978249420e-01,2.168318652164891169e-02,7.109266326719709816e-02,3.275995101885495475e-02
6.049209841968394130e+01,-1.598285818442136685e+00,2.601376221503379216e-01,3.349999257344625780e-01,2.110734423023670134e-02,7.114474981639862250e-02,9.018975008306312491e-02
6.057211442288458159e+01,-1.592590878645159913e+00,2.511699312844206666e-01,3.297614829614979870e-01,2.054964275556964148e-02,7.120054677992315728e-02,-7.483519257512488698e-02
6.065213042608522187e+01,-1.586891298331013056e+00,2.423027812099502742e-01,3.246076669605784115e-01,2.000948718680917518e-02,7.126104684918310728e-02,8.472126117513863186e-02
6.073214642928586215e+01,-1.581186700801391787e+00,2.335353474882023439e-01,3.195371638945743720e-01,1.948630663568449647e-02,7.132642891312275524e-02,8.967621666555992965e-02
6.081216243248650244e+01,-1.575476662235719472e+00,2.248667858402722819e-01,3.145486814921602536e-01,1.897955310252943950e-02,7.139660353094948175e-02,1.537231596573070125e-02
6.089217843568714272e+01,-1.569760781134200478e+00,2.162962336369873284e-01,3.096409487489248380e-01,1.848870041279448290e-02,7.147252868644898838e-02,2.806900198191111112e-02
6.097219443888778301e+01,-1.564038598344275499e+00,2.078228108711481781e-01,3.048127156067819143e-01,1.801324320148721403e-02,7.155470672303883284e-02,8.693917103153560311e-02
6.105221044208842329e+01,-1.558309580323388843e+00,1.994456215055675496e-01,3.000627526505869058e-01,1.755269596039680038e-02,7.164292684834448754e-02,-1.218595787727438928e-02
6.113222644528906358e+01,-1.552573226153939112e+00,1.911637554924499327e-01,2.953898508382724053e-01,1.710659215231567429e-02,7.173822681945316027e-02,-1.230805258020938042e-02
6.121224244848970386e+01,-1.546828965701832370e+00,1.829762899626503347e-01,2.907928211944777463e-01,1.667448335510352334e-02,7.184104495438110860e-02,1.478381313951798171e-01
6.129225845169034415e+01,-1.541076159455038175e+00,1.748822909437975914e-01,2.862704945304627713e-01,1.625593846286687086e-02,7.195126954838981792e-02,9.228834150221132404e-02
6.137227445489098443e+01,-1.535314208260248448e+00,1.668808156827400746e-01,2.818217211976939973e-01,1.585054294484179727e-02,7.207016473837930814e-02,2.379365248198977434e-01
6.145229045809162471e+01,-1.529542400356264986e+00,1.589709138080072637e-01,2.774453707872200359e-01,1.545789811674625619e-02,7.219771779188415006e-02,-2.860008210096523507e-02
6.153230646129225789e+01,-1.523760008379513309e+00,1.511516297098985662e-01,2.731403318933974811e-01,1.507762047961765453e-02,7.233435067985072298e-02,-1.077622341857000787e-01
6.161232246449289818e+01,-1.517966305592281850e+00,1.434220046051554454e-01,2.689055118679277157e-01,1.470934108774232286e-02,7.248117437688439413e-02,1.643590627936722948e-01
6.169233846769353846e+01,-1.512160437743554686e+00,1.357810779097043119e-01,2.647398365414538324e-01,1.435270493253800426e-02,7.263788395005799092e-02,1.660523258291867754e-01
6.177235447089417875e+01,-1.506341604930728995e+00,1.282278901610833799e-01,2.606422500343148485e-01,1.400737039947723764e-02,7.280577455310993651e-02,-3.412558053712586026e-03
6.185237047409481903e+01,-1.500508886460920177e+00,1.207614841792412491e-01,2.566117144789393234e-01,1.367300870964211629e-02,7.298489337747275651e-02,-7.630080791217912217e-02
6.193238647729545931e+01,-1.494661356975194311e+00,1.133809076736956856e-01,2.526472098283043533e-01,1.334930342930417541e-02,7.317594654684972388e-02,6.595688742707370156e-02
6.201240248049609960e+01,-1.488798049312882066e+00,1.060852150778467951e-01,2.487477336307842291e-01,1.303594998730392938e-02,7.337970629287832169e-02,-1.044108326280965282e-01
6.209241848369673988e+01,-1.482917907037585525e+00,9.887346928036759575e-02,2.449123008062981111e-01,1.273265521591539391e-02,7.359631228633557731e-02,3.669984762046042681e-02
6.217243448689738017e+01,-1.477019897249360447e+00,9.174474418833916678e-02,2.411399434821392684e-01,1.243913694215317833e-02,7.382701757507256768e-02,-1.472642024261056615e-01
6.225245049009802045e+01,-1.471102845345255039e+00,8.469812574934727778e-02,2.374297107464005130e-01,1.215512355872533541e-02,7.407171623345330802e-02,4.727713987661705253e-02
6.233246649329866074e+01,-1.465165627767027301e+00,7.773271487490465703e-02,2.337806685284915809e-01,1.188035367597119196e-02,7.433185073193164516e-02,-1.408031762876662540e-01
6.241248249649930102e+01,-1.459206959622358024e+00,7.084762807705022314e-02,2.301918993497856225e-01,1.161457572757754533e-02,7.460731495779748812e-02,4.772335481406869695e-02
6.249249849969994131e+01,-1.453225608781963274e+00,6.404200042889786337e-02,2.266625022332823813e-01,1.135754767081474832e-02,7.489959794595053844e-02,2.233507239970184965e-01
6.257251450290058159e+01,-1.447220176789817403e+00,5.731498600680409033e-02,2.231915924647815130e-01,1.110903662911186598e-02,7.520868870526552230e-02,4.513916612868643097e-02
6.265253050610122187e+01,-1.441189311069208445e+00,5.066576075067902307e-02,2.197783015261382811e-01,1.086881863370547409e-02,7.553610726791426533e-02,1.490599654544084163e-01
6.273254650930186216e+01,-1.435131489032380969e+00,4.409352275343042527e-02,2.164217768715320511e-01,1.063667830142275145e-02,7.588195890414553557e-02,8.174284428299316563e-03
6.281256251250250244e+01,-1.429045224491438892e+00,3.759749499525143895e-02,2.131211818852344619e-01,1.041240861452667581e-02,7.624780193659771999e-02,-1.660050197404416839e-02
6.289257851570314273e+01,-1.422928859730127504e+00,3.117692550712690761e-02,2.098756956768462190e-01,1.019581063217213542e-02,7.663391290409610201e-02,-7.687392449910707137e-02
6.297259451890378301e+01,-1.416780753315021402e+00,2.483108990388355891e-02,2.066845130606014547e-01,9.986693303720046988e-03,7.704183216572647874e-02,1.772726784510842424e-01
6.305261052210442330e+01,-1.410599104682619842e+00,1.855929158693414224e-02,2.035468443838189256e-01,9.784873217847140855e-03,7.747214997839355077e-02,6.777417692029054364e-02
6.313262652530506358e+01,-1.404382085575433647e+00,1.236086384079626219e-02,2.004619155121834251e-01,9.590174438720277042e-03,7.792627022649711854e-02,2.361580970043879735e-01
6.321264252850570386e+01,-1.398127743574542725e+00,6.235170409674995265e-03,1.974289677200576631e-01,9.402428304203971909e-03,7.840527138712968802e-02,-4.357657963305126836e-02
6.329265853170634415e+01,-1.391834030291891455e+00,1.816068442792814243e-04,1.944472576582023660e-01,9.221473270603968916e-03,7.891036257070384308e-02,5.240112248045479537e-02
6.337267453490698443e+01,-1.385498816139765887e+00,-5.800398266122776605e-03,1.915160573336511518e-01,9.047154771242094454e-03,7.944314883867530097e-02,8.306182764414024589e-02
6.345269053810762472e+01,-1.379119810059190598e+00,-1.171138274824294438e-02,1.886346540548346495e-01,8.879325064852868279e-03,8.000480369752660526e-02,2.168219735576649709e-01
6.353270654130826500e+01,-1.372694658119237854e+00,-1.755184905804041406e-02,1.858023505005989562e-01,8.717843152089451569e-03,8.059733305515683066e-02,2.582907981811990994e-01
6.361272254450890529e+01,-1.366220799944101394e+00,-2.332226422944666880e-02,1.830184646672969873e-01,8.562574637505050365e-03,8.122207932274440323e-02,1.176274356775278140e-02
6.369273854770954557e+01,-1.359695595647991251e+00,-2.902305784426475674e-02,1.802823300086956182e-01,8.413391692840796118e-03,8.188129631258893315e-02,-3.614709487236987540e-02
6.377275455091018586e+01,-1.353116203754878510e+00,-3.465462181711868872e-02,1.775932954449943590e-01,8.270172960291730796e-03,8.257696400434887118e-02,-9.580758381519287326e-02
6.385277055411082614e+01,-1.346479602681070364e+00,-4.021730907675556688e-02,1.749507254949299595e-01,8.132803521403015462e-03,8.331123165942876108e-02,2.121835485318799841e-01
6.393278655731146642e+01,-1.339782624960642154e+00,-4.571143205445474256e-02,1.723540004579655616e-01,8.001174894972555920e-03,8.408696094081793970e-02,7.048753785213678069e-02
6.401280256051209960e+01,-1.333021831919256162e+00,-5.113726238002445218e-02,1.698025165143403070e-01,7.875184997441834339e-03,8.490667425020180514e-02,1.515898284983110966e-02
6.409281856371273989e+01,-1.326193575164005489e+00,-5.649502896952739162e-02,1.672956860108123500e-01,7.754738198744792060e-03,8.577345017103084335e-02,7.562944950746194883e-02
6.417283456691338017e+01,-1.319293973360401662e+00,-6.178491664402608469e-02,1.648329377363565440e-01,7.639745375629989656e-03,8.669095360540951534e-02,-1.741998936555108068e-01
6.425285057011402046e+01,-1.312318807732400172e+00,-6.700706531708040814e-02,1.624137171794320100e-01,7.530123957516389639e-03,8.766276844769009535e-02,-9.000053412072812897e-02
6.433286657331466074e+01,-1.305263557315865519e+00,-7.216156777201361561e-02,1.600374869731223948e-01,7.425798067369976732e-03,8.869310822337150846e-02,1.770733369106424759e-01
6.441288257651530103e+01,-1.298123367949540752e+00,-7.724846775120722264e-02,1.577037273627973635e-01,7.326698674487950279e-03,8.978691617498330002e-02,1.241901715601794187e-01
6.449289857971594131e+01,-1.290892950783144588e+00,-8.226775844027899021e-02,1.554119366861980989e-01,7.232763753272949785e-03,9.094942923563026360e-02,1.007573785448627052e-01
6.457291458291658159e+01,-1.283566561788111571e+00,-8.721937986785006924e-02,1.531616320335563164e-01,7.143938531124235589e-03,9.218654737215940809e-02,-1.318214367027421841e-02
6.465293058611722188e+01,-1.276137967958664632e+00,-9.210321598803131171e-02,1.509523500198134416e-01,7.060175790711505951e-03,9.350513725036452284e-02,1.470396421375775864e-01
6.473294658931786216e+01,-1.268600360549637429e+00,-9.691909180202216978e-02,1.487836476369007455e-01,6.981436209561114707e-03,9.491299371985981170e-02,2.675035262732589625e-01
6.481296259251850245e+01,-1.260946247710655665e+00,-1.016667701502676768e-01,1.466551032377223507e-01,6.907688761620939429e-03,9.641878963888225740e-02,-3.130803395803088973e-02
6.489297859571914273e+01,-1.253167393392220275e+00,-1.063459473096863006e-01,1.445663177756207896e-01,6.838911241714862137e-03,9.803252795892082594e-02,9.421621509715000231e-02
6.497299459891978302e+01,-1.245254709907795521e+00,-1.109562482248139942e-01,1.425169162236046283e-01,6.775090873413189968e-03,9.976578840514750690e-02,5.094741556878293332e-02
6.505301060212042330e+01,-1.237198120665258250e+00,-1.154972210618362555e-01,1.405065492339107880e-01,6.716225028875125527e-03,1.016319643521045313e-01,1.323931478310544640e-01
6.513302660532106358e+01,-1.228986388178717526e+00,-1.199683309518957686e-01,1.385348950850179284e-01,6.662322082063165327e-03,1.036465205865606115e-01,9.970399923707702616e-02
6.521304260852170387e+01,-1.220606931242567805e+00,-1.243689523631898580e-01,1.366016620293069861e-01,6.613402449687397558e-03,1.058274905873230198e-01,8.576549507218803048e-02
6.529305861172234415e+01,-1.212045605366298462e+00,-1.286983600341271849e-01,1.347065911055543019e-01,6.569499848904651780e-03,1.081960979432996378e-01,1.461456326756747914e-02
6.537307461492298444e+01,-1.203286420689930747e+00,-1.329557183878186111e-01,1.328494594889542135e-01,6.530662804273763486e-03,1.107774466765085453e-01,1.038189212577973891e-01
6.545309061812362472e+01,-1.194311196011341503e+00,-1.371400688940199175e-01,1.310300845341459131e-01,6.496956477099215949e-03,1.136014160618432911e-01,4.677230011639435525e-02
6.553310662132426501e+01,-1.185099130777476528e+00,-1.412503148858615665e-01,1.292483286880720117e-01,6.468464899709062618e-03,1.167038269465011519e-01,9.666416903635796642e-02
6.561312262452490529e+01,-1.175626270222889902e+00,-1.452852032004533500e-01,1.275041055043193983e-01,6.445293723005960165e-03,1.201279709075075974e-01,1.083765931732846716e-01
6.569313862772554558e+01,-1.165864829692332183e+00,-1.492433018226418384e-01,1.257973870665736182e-01,6.427573621427076257e-03,1.239266314390093104e-01,1.839561834041520960e-01
6.577315463092618586e+01,-1.155782333315892974e+00,-1.531229724201539633e-01,1.241282132391524351e-01,6.415464551756220636e-03,1.281647921920796851e-01,6.453305903615726147e-02
6.585317063412682614e+01,-1.145340499760314268e+00,-1.569223363390111203e-01,1.224967033087346197e-01,6.409161131001421541e-03,1.329232951357530446e-01,9.518127479201597685e-02
6.593318663732746643e+01,-1.134493783293801128e+00,-1.606392320919184935e-01,1.209030708002334226e-01,6.408899502266415110e-03,1.383038604353531986e-01,2.401005506124634370e-01
6.601320264052810671e+01,-1.123187439112568020e+00,-1.642711615824841154e-01,1.193476425809761876e-01,6.414966214926399839e-03,1.444360932140630605e-01,1.172033736520939756e-01
6.609321864372874700e+01,-1.111354918766184419e+00,-1.678152212240651142e-01,1.178308838510474105e-01,6.427709875373844792e-03,1.514874313206543421e-01,1.198910092704369712e-01
6.617323464692938728e+01,-1.098914301685593786e+00,-1.712680126311216522e-01,1.163534313258264424e-01,6.447556660418179465e-03,1.596775311034807077e-01,2.407045458442468866e-01
6.625325065013002757e+01,-1.085763311089094074e+00,-1.746255249376533480e-01,1.149161381342027749e-01,6.475031364048048667e-03,1.692995123142977676e-01,1.911521308051256363e-01
6.633326665333066785e+01,-1.071772263082442667e+00,-1.778829770720116998e-01,1.135201356584504967e-01,6.510786460145911135e-03,1.807522102652624751e-01,1.844764726533560939e-01
6.641328265653130813e+01,-1.056773766277306459e+00,-1.810346007307952754e-01,1.121669213175624791e-01,6.555643509565424465e-03,1.945901219925032788e-01,2.112096705092530724e-01
6.649329865973194842e+01,-1.040547263440998682e+00,-1.840733392511729738e-01,1.108584853940198511e-01,6.610653081172904524e-03,2.116032810610180004e-01,8.230125047374289848e-02
6.657331466293258870e+01,-1.022795413905119855e+00,-1.869904145092189662e-01,1.095975004633462369e-01,6.677184519254631551e-03,2.329497612583976418e-01,2.737701261574572720e-01
6.665333066613322899e+01,-1.003106353443604437e+00,-1.897746870534345598e-01,1.083876151987253206e-01,6.757065559067137669e-03,2.603833459042328435e-01,3.877631426245932711e-01
6.673334666933386927e+01,-9.808912853001664489e-01,-1.924116791018704586e-01,1.072339283064024651e-01,6.852808103341997449e-03,2.966634474086310980e-01,3.496550918494593096e-01
6.681336267253450956e+01,-9.552762884473192662e-01,-1.948820195403614397e-01,1.061437932141206797e-01,6.967992563370198691e-03,3.463329889863472344e-01,1.857152829038166697e-01
6.689337867573514984e+01,-9.249046917040038007e-01,-1.971588509527907596e-01,1.051282669546612231e-01,7.107961638583892676e-03,4.172898921952876150e-01,4.408159219613210222e-01
6.697339467893579013e+01,-8.875494152182239471e-01,-1.992032252466835740e-01,1.042049382387507939e-01,7.281177909894286440e-03,5.242148101463651733e-01,4.289423183038039156e-01
6.705341068213643041e+01,-8.392921312207066720e-01,-2.009553230196967077e-01,1.034039880020087565e-01,7.502140194524773049e-03,6.967770537676453158e-01,6.694430912314179860e-01
6.713342668533707069e+01,-7.725918752009577339e-01,-2.023159663849754264e-01,1.027830115922401116e-01,7.798532711464936824e-03,1.001723028286140682e+00,1.010114000295244452e+00
6.721344268853771098e+01,-6.711060244073269176e-01,-2.031021572252901808e-01,1.024704010795318698e-01,8.232195028370296874e-03,1.611758837139411815e+00,1.488055784867454268e+00
6.729345869173835126e+01,-4.932693458329135416e-01,-2.029167648383940759e-01,1.028300956818990058e-01,8.978904465043405919e-03,3.061569967712146401e+00,3.190780511728946944e+00
6.737347469493899155e+01,-1.105577348969603857e-01,-2.006311781117464388e-01,1.053322541575389543e-01,1.075034394784337745e-02,7.295750286127828055e+00,7.284584120264129048e+00
6.745349069813963183e+01,8.440133451394817854e-01,-1.927279754924767219e-01,1.149780412613307656e-01,1.595556307677650082e-02,1.654026672661323616e+01,1.661530736560729338e+01
6.753350670134027212e+01,1.842144225657416312e+00,-1.767568272416866204e-01,1.292939292407785934e-01,2.328728516213890778e-02,5.169991735206219907e+00,5.229339721070304314e+00
6.761352270454091240e+01,1.982260785615296506e+00,-1.575471053392129839e-01,1.437447515426936162e-01,3.048950435785295621e-02,2.306695590215748770e-01,3.610052261524926420e-01
6.769353870774155268e+01,1.983149676188816768e+00,-1.381353644922047319e-01,1.581240769558426851e-01,3.746242196794376950e-02,-7.590586336895972785e-02,3.927097405905191629e-02
6.777355471094219297e+01,1.976150019343769104e+00,-1.188237484476690198e-01,1.724180063136265817e-01,4.420211889368602654e-02,-9.215694603178677113e-02,-2.434729650602721063e-01
6.785357071414283325e+01,1.968715668376506134e+00,-9.963131200325535397e-02,1.866174322609070735e-01,5.070767421246354795e-02,-9.329982453980499579e-02,-9.281873424335521094e-02
6.793358671734347354e+01,1.961236067849168041e+00,-8.056209679712426908e-02,2.007144010794479627e-01,5.697940685286610740e-02,-9.363079349059624801e-02,-3.108713451548384965e-01
6.801360272054411382e+01,1.953733039086197776e+00,-6.161960117785877933e-02,2.147018535887786350e-01,6.301873907810374986e-02,-9.390328922965432423e-02,-1.422809873944752279e-01
6.809361872374475411e+01,1.946208957017880214e+00,-4.280747671430312762e-02,2.285735345560781229e-01,6.882810762638998103e-02,-9.415867465524634106e-02,-2.631640604586374388e-02
6.817363472694539439e+01,1.938665091579672817e+00,-2.412949737304572947e-02,2.423239189530650428e-01,7.441085914140464774e-02,-9.439666269682217559e-02,-6.566997416762601625e-03
6.825365073014603468e+01,1.931102822541407971e+00,-5.589485983677974085e-03,2.559481458010423593e-01,7.977113483201357658e-02,-9.461970491466370481e-02,3.076289090678174798e-02
6.833366673334667496e+01,1.923523387171756305e+00,1.280876425188997095e-02,2.694419582467966201e-01,8.491375129131974175e-02,-9.482506824328244821e-02,-1.360028332082515723e-01
6.841368273654731524e+01,1.915928150254180284e+00,3.106156517696804370e-02,2.828016490712366715e-01,8.984408291392094459e-02,-9.501496969029693540e-02,-6.641856157851019904e-02
6.849369873974795553e+01,1.908318366112215614e+00,4.916540510672013503e-02,2.960240110816140802e-01,9.456794987811525943e-02,-9.518921963175795697e-02,-8.882185654856238066e-02
6.857371474294859581e+01,1.900695230962597071e+00,6.711701152514912283e-02,3.091062918712295660e-01,9.909151432046381380e-02,-9.534781966168701106e-02,2.802086151590842122e-02
6.865373074614923610e+01,1.893059952368529864e+00,8.491340345780752641e-02,3.220461525500394884e-01,1.034211862948085370e-01,-9.549388710269317293e-02,6.003611196602305633e-02
6.873374674934987638e+01,1.885413519380737535e+00,1.025519328754828791e-01,3.348416301026999053e-01,1.075635402593321105e-01,-9.562667630821745923e-02,-1.347800061761744161e-01
6.881376275255051667e+01,1.877756891995664201e+00,1.200303127432147121e-01,3.474911030295266823e-01,1.115252422021057316e-01,-9.574826960401586207e-02,2.794152271226200135e-01
6.889377875575115695e+01,1.870090924288076106e+00,1.373466335368262736e-01,3.599932600173330610e-01,1.153129870945991675e-01,-9.586135041330066942e-02,-9.946542383123919973e-02
6.897379475895179723e+01,1.862416251314873650e+00,1.544993684747286433e-01,3.723470713719769787e-01,1.189334460463668669e-01,-9.596587628149001736e-02,-1.358547196109212707e-01
6.905381076215243752e+01,1.854733446602283342e+00,1.714873679534507644e-01,3.845517629616581612e-01,1.223932223589388885e-01,-9.606418497906249465e-02,-3.928018130434069582e-02
6.913382676535307780e+01,1.847042960240513620e+00,1.883098460363530346e-01,3.966067924775056319e-01,1.256988155998466083e-01,-9.615900106268726599e-02,-2.343976255690360944e-02
6.921384276855371809e+01,1.839345029227137163e+00,2.049663602802723195e-01,4.085118278018812776e-01,1.288565927771936348e-01,-9.625065767954604778e-02,-4.468923220333043816e-02
6.929385877175435837e+01,1.831639801864456851e+00,2.214567860155097767e-01,4.202667272864734627e-01,1.318727657145138399e-01,-9.634080206945283553e-02,-1.643084654205387296e-01
6.937387477495499866e+01,1.823927335697734575e+00,2.377812876312786206e-01,4.318715217884780966e-01,1.347533737854101910e-01,-9.643209128511569250e-02,4.794800586662480157e-02
6.945389077815563894e+01,1.816207515053795074e+00,2.539402882437382103e-01,4.433263983066096925e-01,1.375042712243795540e-01,-9.652553929154622514e-02,-9.394315290206492475e-02
6.953390678135627923e+01,1.808480102265056289e+00,2.699344384191612600e-01,4.546316850610954696e-01,1.401311183010487404e-01,-9.662186067752320806e-02,5.442515599068276089e-02
6.961392278455691951e+01,1.800744785255006697e+00,2.857645853260245006e-01,4.657878378935775832e-01,1.426393757302781840e-01,-9.672261204206958340e-02,3.993357410934317286e-02
6.969393878775755979e+01,1.793001168535825363e+00,3.014317432449994394e-01,4.767954278708422255e-01,1.450343017650979338e-01,-9.682966851659730034e-02,-2.267151914499832277e-01
6.977395479095820008e+01,1.785248732070616740e+00,3.169370659337554241e-01,4.876551299815626295e-01,1.473209514897075023e-01,-9.694385367743987847e-02,-1.973751663705243242e-01
6.985397079415884036e+01,1.777486864132033384e+00,3.322818209085605656e-01,4.983677128190713290e-01,1.495041778935309595e-01,-9.706570119910676309e-02,-1.994890149801489265e-01
6.993398679735948065e+01,1.769714892340826129e+00,3.474673660569964628e-01,5.089340291638128067e-01,1.515886343728621577e-01,-9.719613023718848277e-02,-7.448837417805422023e-02
7.001400280056012093e+01,1.761932082904378527e+00,3.624951287531474886e-01,5.193550073856967320e-01,1.535787783594372291e-01,-9.733624198940762917e-02,-9.412482973932780050e-02
7.009401880376076122e+01,1.754137639354230949e+00,3.773665873686242733e-01,5.296316435891751384e-01,1.554788758208336952e-01,-9.748713546620241255e-02,-7.272961151280345204e-02
7.017403480696140150e+01,1.746330688509239559e+00,3.920832551290711065e-01,5.397649944342153283e-01,1.572930064203612033e-01,-9.764942381097971302e-02,-1.809205047492627449e-01
7.025405081016204178e+01,1.738510295480625967e+00,4.066466660517549236e-01,5.497561705681127675e-01,1.590250691575925690e-01,-9.782355076052851039e-02,-5.710881416898794249e-02
7.033406681336268207e+01,1.730675478450797389e+00,4.210583628813388546e-01,5.596063306142676774e-01,1.606787883441808673e-01,-9.801009679487812654e-02,4.050036418194780108e-02
7.041408281656332235e+01,1.722825208554134901e+00,4.353198868885254647e-01,5.693166756689498342e-01,1.622577197953026518e-01,-9.820970724681507558e-02,-2.335691787113890749e-01
7.049409881976396264e+01,1.714958409846782272e+00,4.494327692978131727e-01,5.788884442589156132e-01,1.637652571382377520e-01,-9.842304389146017130e-02,-1.198025682562167959e-01
7.057411482296460292e+01,1.707073959357249926e+00,4.633985241584115400e-01,5.883229077183191880e-01,1.652046381588748447e-01,-9.865075723163585497e-02,-7.555018178130994133e-02
7.065413082616524321e+01,1.699170687101070110e+00,4.772186424807347005e-01,5.976213659472617845e-01,1.665789511227020181e-01,-9.889347422625469064e-02,-1.135985320842902435e-01
7.073414682936588349e+01,1.691247375728622604e+00,4.908945874730793468e-01,6.067851435178520658e-01,1.678911410200520093e-01,-9.915179161046200340e-02,-1.205645360863515092e-01
7.081416283256650956e+01,1.683302758771207719e+00,5.044277907290939389e-01,6.158155860969114492e-01,1.691440156964062469e-01,-9.942624959817791819e-02,7.580014885634919763e-02
7.089417883576714985e+01,1.675335522657017684e+00,5.178196492096647230e-01,6.247140571565764633e-01,1.703402518373016705e-01,-9.971740625011327186e-02,2.698934422836715696e-02
7.097419483896779013e+01,1.667344306278908839e+00,5.310715229154319150e-01,6.334819349478273409e-01,1.714824007855861587e-01,-1.000258614364493703e-01,-1.668636710383414323e-02
7.105421084216843042e+01,1.659327698837496978e+00,5.441847331379707775e-01,6.421206097137031055e-01,1.725728941745403311e-01,-1.003522508028875659e-01,-1.780722071420335340e-01
7.113422684536907070e+01,1.651284237431938751e+00,5.571605611875257713e-01,6.506314811207953852e-01,1.736140493654075023e-01,-1.006972448488033245e-01,1.218634271483819975e-01
7.121424284856971099e+01,1.643212404314711828e+00,5.700002475126533241e-01,6.590159558896888647e-01,1.746080746820490026e-01,-1.010615508036841192e-01,-6.647128453144544868e-02
7.129425885177035127e+01,1.635110623772868088e+00,5.827049911380284275e-01,6.672754456066749551e-01,1.755570744387444093e-01,-1.014459163359140992e-01,-1.607435106199802122e-01
7.137427485497099156e+01,1.626977258603173881e+00,5.952759493565547011e-01,6.754113647005562937e-01,1.764630537597982607e-01,-1.018511344596587098e-01,-1.370888626065423221e-01
7.145429085817163184e+01,1.618810606152443876e+00,6.077142376206695618e-01,6.834251285696987255e-01,1.773279231917063159e-01,-1.022780492873923142e-01,-1.527109112031624638e-01
7.153430686137227212e+01,1.610608893897204741e+00,6.200209295853997826e-01,6.913181518456750219e-01,1.781535031102683686e-01,-1.027275625120130376e-01,1.079261018841202180e-01
7.161432286457291241e+01,1.602370274538521100e+00,6.321970572623735185e-01,6.990918467809017489e-01,1.789415279262868697e-01,-1.032006406964922074e-01,-8.408194312881793475e-02
7.169433886777355269e+01,1.594092820588351334e+00,6.442436112497069711e-01,7.067476217486113876e-01,1.796936500944305015e-01,-1.036983236049726642e-01,-9.876635531069810625e-02
7.177435487097419298e+01,1.585774518423022750e+00,6.561615410075495314e-01,7.142868798443172684e-01,1.804114439305222473e-01,-1.042217339297615841e-01,-3.208829498615862197e-01
7.185437087417483326e+01,1.577413261777246944e+00,6.679517551531548580e-01,7.217110175786571880e-01,1.810964092429785954e-01,-1.047720888573661080e-01,-3.239106362963965757e-02
7.193438687737547355e+01,1.569006844659784461e+00,6.796151217527007793e-01,7.290214236521082025e-01,1.817499747844151248e-01,-1.053507141903622935e-01,-2.125003098988813566e-01
7.201440288057611383e+01,1.560552952996205667e+00,6.911524685928887024e-01,7.362194778027747466e-01,1.823735015296542583e-01,-1.059590494212739320e-01,-2.202547127959135487e-01
7.209441888377675411e+01,1.552049153009682936e+00,7.025645834234897080e-01,7.433065497192160587e-01,1.829682857865998491e-01,-1.065986106365018893e-01,-4.664284084010097281e-02
7.217443488697739440e+01,1.543492882317926806e+00,7.138522141289425083e-01,7.502839980087904204e-01,1.835355621454322628e-01,-1.072710247137315109e-01,-1.949118764323784503e-01
7.225445089017803468e+01,1.534881439693984051e+00,7.250160688309139623e-01,7.571531692144279901e-01,1.840765062724947498e-01,-1.079780580480221852e-01,-2.569456299743010097e-02
7.233446689337867497e+01,1.526211973499493668e+00,7.360568159076771311e-01,7.639153968720789889e-01,1.845922375546311944e-01,-1.087216430663631717e-01,2.167665728486409260e-03
7.241448289657931525e+01,1.517481469122858861e+00,7.469750839149829069e-01,7.705720006010818857e-01,1.850838215993915459e-01,-1.095039112505677426e-01,-2.897434032996553666e-01
7.249449889977995554e+01,1.508686735307376736e+00,7.577714613948798306e-01,7.771242852197515205e-01,1.855522725962300001e-01,-1.103272332245441856e-01,-1.252382367113739625e-01
7.257451490298059582e+01,1.499824389236138700e+00,7.684464965585144913e-01,7.835735398783669758e-01,1.859985555434247317e-01,-1.111942665318971235e-01,-2.698760634230129574e-01
7.265453090618123611e+01,1.490890832758696272e+00,7.790006968673082177e-01,7.899210372042534400e-01,1.864235883462898868e-01,-1.121078942464492911e-01,-1.196012925279250072e-01
7.273454690938187639e+01,1.481882219251558386e+00,7.894345285033814719e-01,7.961680324514697205e-01,1.868282437910362137e-01,-1.130710674948479100e-01,-2.315126964422531408e-02
7.281456291258251667e+01,1.472794444077522691e+00,7.997484155402274641e-01,8.023157626344645799e-01,1.872133513918331216e-01,-1.140870718819034235e-01,-2.517698084724258600e-01
7.289457891578315696e+01,1.463623123737399334e+00,8.099427389642780417e-01,8.083654456469542282e-01,1.875796991190039342e-01,-1.151596482425493173e-01,6.375633283134163332e-02
7.297459491898379724e+01,1.454363570133105021e+00,8.200178354935394598e-01,8.143182793536276609e-01,1.879280350094480467e-01,-1.162930872746950617e-01,-1.487572011626313584e-01
7.305461092218443753e+01,1.445010745881461389e+00,8.299739962503196455e-01,8.201754406499928152e-01,1.882590686637609922e-01,-1.174921122582897604e-01,-2.372488922622540686e-01
7.313462692538507781e+01,1.435559200975867533e+00,8.398114652692846294e-01,8.259380844797576948e-01,1.885734726316979082e-01,-1.187615997812654922e-01,-1.326933349793508465e-01
7.321464292858571810e+01,1.426003061958683649e+00,8.495304373866535697e-01,8.316073427612010738e-01,1.888718836689894376e-01,-1.201071387417138037e-01,-4.242966596922347067e-02
7.329465893178635838e+01,1.416335994294960710e+00,8.591310559007010461e-01,8.371843232374629462e-01,1.891549038791727755e-01,-1.215352682334358558e-01,-2.608285978362322455e-01
7.337467493498699866e+01,1.406551124156197430e+00,8.686134100627905807e-01,8.426701082429958189e-01,1.894231017429310604e-01,-1.230532842682222072e-01,-1.244798803830516193e-01
7.345469093818763895e+01,1.396640935989002630e+00,8.779775322703110563e-01,8.480657533608927379e-01,1.896770130291758061e-01,-1.246689183367039044e-01,-2.636501679639818851e-01
7.353470694138827923e+01,1.386597252980137807e+00,8.872233941785376832e-01,8.533722858774716036e-01,1.899171415489855352e-01,-1.263912392422766873e-01,-7.636622089826572424e-03
7.361472294458891952e+01,1.376411152461505694e+00,8.963509025523698215e-01,8.585907030792766514e-01,1.901439597809551629e-01,-1.282308527919148733e-01,-1.144435635086505088e-01
7.369473894778955980e+01,1.366072786146310669e+00,9.053598950459584849e-01,8.637219703912679680e-01,1.903579093741629424e-01,-1.301992217578012978e-01,-1.744677071891410081e-01
7.377475495099020009e+01,1.355571315143855537e+00,9.142501343251018264e-01,8.687670191653010798e-01,1.905594014436104711e-01,-1.323096519350433486e-01,-3.056100449693593957e-02
7.385477095419084037e+01,1.344894790752759306e+00,9.230213014561909901e-01,8.737267441576096472e-01,1.907488166848526900e-01,-1.345778755760126955e-01,-2.652390015357956599e-01
7.393478695739148066e+01,1.334029881150001762e+00,9.316729892231865318e-01,8.786020007271961862e-01,1.909265053320778338e-01,-1.370213543342380103e-01,-1.781900336948127328e-01
7.401480296059212094e+01,1.322961756070866413e+00,9.402046927458370673e-01,8.833936014055262520e-01,1.910927867993402196e-01,-1.396607908995664560e-01,4.309106580124405506e-02
7.409481896379276122e+01,1.311673812159224406e+00,9.486157994291987139e-01,8.881023119702341484e-01,1.912479490811139216e-01,-1.425204490469983432e-01,-1.568270870934051764e-01
7.417483496699340151e+01,1.300147305176536650e+00,9.569055775119053031e-01,8.927288468618447270e-01,1.913922478468643995e-01,-1.456283219721576927e-01,-1.187222888641628615e-02
7.425485097019404179e+01,1.288361096128472161e+00,9.650731607831053438e-01,8.972738635054380296e-01,1.915259050315807066e-01,-1.490182397305681028e-01,-1.314446446984214312e-01
7.433486697339468208e+01,1.276291047104554988e+00,9.731175329215977499e-01,9.017379558135374396e-01,1.916491070775022121e-01,-1.527297792860787817e-01,-2.246922754545520595e-01
7.441488297659532236e+01,1.263909584576958345e+00,9.810375058932832015e-01,9.061216459452116068e-01,1.917620023974733190e-01,-1.568111035463004566e-01,-1.834332406577081354e-01
7.449489897979596265e+01,1.251184857426546282e+00,9.888316965577983453e-01,9.104253745887354032e-01,1.918646982237003362e-01,-1.613200291554345300e-01,-1.556266249987952599e-01
7.457491498299660293e+01,1.238079926721624258e+00,9.964984956914699765e-01,9.146494886120649648e-01,1.919572563123950470e-01,-1.663276907192368093e-01,-2.093290622835271841e-01
7.465493098619724321e+01,1.224551486787972099e+00,1.004036032336673712e+00,9.187942259912577070e-01,1.920396875162877492e-01,-1.719215132471876850e-01,-2.563916862232116234e-01
7.473494698939788350e+01,1.210548445970506926e+00,1.011442126914665396e+00,9.228596963636639394e-01,1.921119444780736985e-01,-1.782111545807457675e-01,-2.584503223904607849e-01
7.481496299259852378e+01,1.196009790637654779e+00,1.018714235470673302e+00,9.268458566332579140e-01,1.921739122658622512e-01,-1.853348076838734482e-01,-3.357816013602430427e-01
7.489497899579916407e+01,1.180862004885672389e+00,1.025849375397974050e+00,9.307524787094559882e-01,1.922253956392339092e-01,-1.934700220774576707e-01,-1.845596950835723116e-01
7.497499499899980435e+01,1.165015327445858784e+00,1.032844032850674720e+00,9.345791074932910947e-01,1.922661022139743048e-01,-2.028476768194620306e-01,-1.656395923289779581e-01
7.505501100220044464e+01,1.148358692272704928e+00,1.039694040002360653e+00,9.383250041439121780e-01,1.922956193501546007e-01,-2.137733660614538067e-01,-1.410433758565812767e-01
7.513502700540108492e+01,1.130752587762949402e+00,1.046394411413145376e+00,9.419890682594848075e-01,1.923133820287803997e-01,-2.266595068418059133e-01,-4.094181314148992445e-01
7.521504300860172521e+01,1.112018666406195733e+00,1.052939123215812067e+00,9.455697290247276898e-01,1.923186274417636177e-01,-2.420745475121999224e-01,-1.636877753592581031e-01
7.529505901180236549e+01,1.091924362378712710e+00,1.059320806424923989e+00,9.490647884652541055e-01,1.923103289650641146e-01,-2.608213999505615277e-01,-2.647320072264121027e-01
7.537507501500300577e+01,1.070159431561164221e+00,1.065530310184449103e+00,9.524711888907869684e-01,1.922870973376012982e-01,-2.840664909556395168e-01,-4.291280861423640292e-01
7.545509101820364606e+01,1.046298823059843119e+00,1.071556062179242153e+00,9.557846554100051240e-01,1.922470275574172105e-01,-3.135600139783395468e-01,-3.059765027335289433e-01
7.553510702140428634e+01,1.019741836813684355e+00,1.077383100528511717e+00,9.589991241742361616e-01,1.921874523063070161e-01,-3.520297883001899386e-01,-2.727703071838820104e-01
7.561512302460492663e+01,9.896074508461669694e-01,1.082991545830711999e+00,9.621057794267119379e-01,1.921045238632398677e-01,-4.039222043667689555e-01,-3.538801312485184147e-01
7.569513902780556691e+01,9.545445919854069761e-01,1.088354073430581437e+00,9.650913326963602712e-01,1.919924624720171780e-01,-4.768861090554771254e-01,-4.065533852922424973e-01
7.577515503100620720e+01,9.123648123674911181e-01,1.093431476658474510e+00,9.679347057156013623e-01,1.918420995099075488e-01,-5.849736132527788568e-01,-4.926401697421242121e-01
7.585517103420684748e+01,8.592729474818932012e-01,1.098164289608161148e+00,9.705999992435325741e-01,1.916377750982402872e-01,-7.562015423541235126e-01,-6.688058168681285665e-01
7.593518703740748776e+01,7.880832115251632519e-01,1.102455368338333574e+00,9.730195477192663533e-01,1.913498362087609761e-01,-1.052557570439915935e+00,-1.058302575324824080e+00
7.601520304060812805e+01,6.835357900055908376e-01,1.106128707669526534e+00,9.750454256916424312e-01,1.909131540753936374e-01,-1.630909651225427526e+00,-1.841332712074882361e+00
7.609521904380876833e+01,5.078628558303849294e-01,1.108811609657238906e+00,9.762715341649657042e-01,1.901487894726580363e-01,-2.961857685499598158e+00,-3.039980842741912603e+00
7.617523504700940862e+01,1.485541296556782964e-01,1.109484975182045474e+00,9.751421264580654169e-01,1.883834659163476921e-01,-6.692833989945888185e+00,-6.659374376107695781e+00
7.625525105021004890e+01,-7.180315885173630397e-01,1.104974894400780006e+00,9.661978742536332376e-01,1.834494976031077196e-01,-1.534265625609089945e+01,-1.539174353822834540e+01
7.633526705341068919e+01,-1.756020771724448259e+00,1.092587521005161877e+00,9.512530226536539679e-01,1.763666611545370022e-01,-6.477775909694134526e+00,-6.411337688863240736e+00
7.641528305661132947e+01,-1.945783755542170201e+00,1.076503353823472953e+00,9.361861589401431205e-01,1.694648266398074699e-01,-4.052434876080451831e-01,-3.275616771097029090e-01
7.649529905981196976e+01,-1.952849442752526699e+00,1.060106687307114992e+00,9.213513242761278699e-01,1.628675492639919675e-01,4.071507645488359195e-02,4.345063758779935809e-02
7.657531506301261004e+01,-1.948142217178628011e+00,1.043809491965273839e+00,9.067520199612448817e-01,1.565653783296862833e-01,6.620425397729778894e-02,2.521229642141091798e-01
7.665533106621325032e+01,-1.942757783195271371e+00,1.027636227412250136e+00,8.923848706945429754e-01,1.505461762997837849e-01,6.776837275516700565e-02,-3.178492139998059796e-02
7.673534706941389061e+01,-1.937325993266264312e+00,1.011587933189145083e+00,8.782462193994990951e-01,1.447977328786474449e-01,6.796282825361765756e-02,1.590686615130002257e-01
7.681536307261453089e+01,-1.931883286983331782e+00,9.956643230932407107e-01,8.643324482093956984e-01,1.393079770587577482e-01,6.807521883877010183e-02,1.881661849344367504e-02
7.689537907581517118e+01,-1.926432000534592737e+00,9.798650394935319863e-01,8.506399958147553564e-01,1.340650588698223955e-01,6.817949445029058975e-02,-1.186713696082110359e-02
7.697539507901581146e+01,-1.920972500683032047e+00,9.641897259408832577e-01,8.371653576153605947e-01,1.290574112990528766e-01,6.828008716792260957e-02,1.251616141604241228e-01
7.705541108221645175e+01,-1.915505043864113244e+00,9.486380314089850607e-01,8.239050848782332181e-01,1.242737995084111785e-01,6.837763428728937942e-02,4.816257352092512267e-03
7.713542708541709203e+01,-1.910029881427902643e+00,9.332096105399863006e-01,8.108557838507155502e-01,1.197033587831792256e-01,6.847270102149083382e-02,1.524015991931023661e-01
7.721544308861773231e+01,-1.904547241504032540e+00,9.179041235980210933e-01,7.980141148838051368e-01,1.153356224148526371e-01,6.856520803044802159e-02,-5.006416069137428759e-02
7.729545909181837260e+01,-1.899057338543689299e+00,9.027212364785991427e-01,7.853767915709847225e-01,1.111605407463485684e-01,6.865479484637337926e-02,7.021318825196316837e-02
7.737547509501901288e+01,-1.893560389798250698e+00,8.876606207244776003e-01,7.729405799016235701e-01,1.071684925951413569e-01,6.874138776889332503e-02,-1.755160446145787034e-02
7.745549109821965317e+01,-1.888056612326695971e+00,8.727219534808409174e-01,7.607022974276399507e-01,1.033502902169168708e-01,6.882510147479814488e-02,4.337729551317669185e-02
7.753550710142029345e+01,-1.882546220512016921e+00,8.579049174345836359e-01,7.486588124439303993e-01,9.969717889289755886e-02,6.890615686558215769e-02,2.976502270058167809e-02
7.761552310462093374e+01,-1.877029424189590179e+00,8.432092007356832841e-01,7.368070431823350308e-01,9.620083212621660662e-02,6.898481849142157341e-02,-4.581211961891340501e-02
7.769553910782157402e+01,-1.871506426122777622e+00,8.286344968952837897e-01,7.251439570188407124e-01,9.285334332686905057e-02,6.906131117091623972e-02,1.326892778010959617e-01
7.777555511102221431e+01,-1.865977414191142270e+00,8.141805046463382878e-01,7.136665696935549086e-01,8.964721475705463016e-02,6.913557200255160406e-02,-5.728878211752905236e-02
7.785557111422285459e+01,-1.860442569933518309e+00,7.998469278195993182e-01,7.023719445442199172e-01,8.657534440453616698e-02,6.920752338104574353e-02,-3.070143331454683322e-02
7.793558711742349487e+01,-1.854902071930788265e+00,7.856334751796635318e-01,6.912571917520946574e-01,8.363101135186587487e-02,6.927717169674246778e-02,1.565522885629680450e-01
7.801560312062413516e+01,-1.849356094982383292e+00,7.715398602206562373e-01,6.803194675999841845e-01,8.080786011934966429e-02,6.934457114569081426e-02,1.648186062464707669e-01
7.809561912382477544e+01,-1.843804809650141596e+00,7.575658009311891927e-01,6.695559737423980584e-01,7.809988437788213667e-02,6.940979992083734507e-02,1.343543274549152677e-01
7.817563512702541573e+01,-1.838248382019891158e+00,7.437110195264290402e-01,6.589639564876115241e-01,7.550141035557005054e-02,6.947294392581210287e-02,1.016770030233779543e-01
7.825565113022604180e+01,-1.832686973633849137e+00,7.299752421454344109e-01,6.485407060914192279e-01,7.300708019914892155e-02,6.953408647783210217e-02,2.955613398385580348e-01
7.833566713342668208e+01,-1.827120741551161442e+00,7.163581985119895634e-01,6.382835560623602023e-01,7.061183549704748430e-02,6.959330263836549513e-02,-5.314723860781596365e-02
7.841568313662732237e+01,-1.821549838498135676e+00,7.028596215573218453e-01,6.281898824782385926e-01,6.831090112491124133e-02,6.965065697843719761e-02,-6.448161155549692047e-03
7.849569913982796265e+01,-1.815974413073863092e+00,6.894792470031210208e-01,6.182571033137068683e-01,6.609976953563670432e-02,6.970620374945335485e-02,-3.142154165318998549e-02
7.857571514302860294e+01,-1.810394609981078373e+00,6.762168129035056596e-01,6.084826777787472052e-01,6.397418558372541808e-02,6.975998858839982386e-02,1.579058718332774502e-01
7.865573114622924322e+01,-1.804810570256180746e+00,6.630720591446953582e-01,5.988641056678511987e-01,6.193013194717457426e-02,6.981205103868265427e-02,9.691304573110337550e-02
7.873574714942988351e+01,-1.799222431476364514e+00,6.500447269013540641e-01,5.893989267197223825e-01,5.996381518844642183e-02,6.986242731247815918e-02,1.792610205796431599e-01
7.881576315263052379e+01,-1.793630327925812340e+00,6.371345580487920435e-01,5.800847199873224724e-01,5.807165247857330737e-02,6.991115285861077000e-02,1.654873860839282673e-01
7.889577915583116408e+01,-1.788034390706829901e+00,6.243412945304661621e-01,5.709191032180911396e-01,5.625025899452382183e-02,6.995826442927344235e-02,4.579576865129385971e-02
7.897579515903180436e+01,-1.782434747785698770e+00,6.116646776805068075e-01,5.618997322441764419e-01,5.449643598900474201e-02,7.000380146038598372e-02,-1.353586538734463662e-02
7.905581116223244464e+01,-1.776831523966873716e+00,5.991044475013309611e-01,5.530243003825098258e-01,5.280715952340740010e-02,7.004780669333798837e-02,-3.079718983717508185e-02
7.913582716543308493e+01,-1.771224840792937183e+00,5.866603418967606398e-01,5.442905378445758169e-01,5.117956984819111571e-02,7.009032606946075106e-02,2.896576972321030508e-01
7.921584316863372521e+01,-1.765614816371471996e+00,5.743320958614759331e-01,5.356962111557200812e-01,4.961096141026290901e-02,7.013140802345912972e-02,1.653137427242362678e-01
7.929585917183436550e+01,-1.760001565133699764e+00,5.621194406280718425e-01,5.272391225838536366e-01,4.809877346354553274e-02,7.017110238762280794e-02,1.279243033066565505e-01
7.937587517503500578e+01,-1.754385197533333773e+00,5.500221027734731871e-01,5.189171095774097742e-01,4.664058125666147026e-02,7.020945919408994040e-02,3.477641499206465120e-02
7.945589117823564607e+01,-1.748765819697666313e+00,5.380398032869834202e-01,5.107280442124174646e-01,4.523408777027621702e-02,7.024652772946032853e-02,4.890671065329786626e-02
7.953590718143628635e+01,-1.743143533046337845e+00,5.261722566027923209e-01,5.026698326485594670e-01,4.387711597595596313e-02,7.028235625193973712e-02,3.437314267561697445e-02
7.961592318463692663e+01,-1.737518433896605874e+00,5.144191696003580505e-01,4.947404145940891840e-01,4.256760158825013268e-02,7.031699282801923134e-02,3.643850997222631422e-02
7.969593918783756692e+01,-1.731890613077156749e+00,5.027802405766883531e-01,4.869377627794825858e-01,4.130358628198293330e-02,7.035048778219893384e-02,-1.714994490779524206e-01
7.977595519103820720e+01,-1.726260155575592314e+00,4.912551581951742352e-01,4.792598824397101276e-01,4.008321134732812513e-02,7.038289827927743381e-02,6.276295661614773869e-02
7.985597119423884749e+01,-1.720627140247635412e+00,4.798436004162756063e-01,4.717048108050152511e-01,3.890471175606417115e-02,7.041429557459871758e-02,3.070092890118638479e-02
7.993598719743948777e+01,-1.714991639618820285e+00,4.685452334160039034e-01,4.642706166000938328e-01,3.776641061339684746e-02,7.044477547259106465e-02,9.794040779930293650e-02
8.001600320064012806e+01,-1.709353719811909089e+00,4.573597104987886519e-01,4.569553995515728828e-01,3.666671397083870465e-02,7.047447252849087240e-02,8.995842884544347218e-02
8.009601920384076834e+01,-1.703713440641250187e+00,4.462866710119602898e-01,4.497572899036929583e-01,3.560410597680870731e-02,7.050357865002396252e-02,1.543753779825738914e-01
8.017603520704140863e+01,-1.698070854291445331e+00,4.353257392640503820e-01,4.426744479419322253e-01,3.457714434277363302e-02,7.053232804840325887e-02,6.776740000514301643e-02
8.025605121024204891e+01,-1.692425995160004693e+00,4.244765234294317069e-01,4.357050635236643377e-01,3.358445610358088557e-02,7.056077614677469523e-02,1.488039553744648635e-01
8.033606721344268919e+01,-1.686778884191631800e+00,4.137386145264902448e-01,4.288473556181248147e-01,3.262473365343229043e-02,7.058893084982004185e-02,-1.869553712990517647e-01
8.041608321664332948e+01,-1.681129531952780143e+00,4.031115854267369181e-01,4.220995718541172281e-01,3.169673103831283090e-02,7.061684809830590104e-02,-4.095086035912763600e-02
8.049609921984396976e+01,-1.675477939318232190e+00,3.925949899001348609e-01,4.154599880752348207e-01,3.079926048740962846e-02,7.064466803519617311e-02,2.417889477414561505e-01
8.057611522304461005e+01,-1.669824098552938674e+00,3.821883617156058843e-01,4.089269079028004517e-01,2.993118916742766242e-02,7.067265855166190991e-02,-5.267923122013790094e-02
8.065613122624525033e+01,-1.664167994457336430e+00,3.718912138053648286e-01,4.024986623064194524e-01,2.909143614461900604e-02,7.070125801165380586e-02,4.137078110913210843e-02
8.073614722944589062e+01,-1.658509587264882734e+00,3.617030374355525990e-01,3.961736091797476988e-01,2.827896953930337035e-02,7.073071239762432350e-02,1.399910659070836561e-01
8.081616323264653090e+01,-1.652848804885406642e+00,3.516233014903981102e-01,3.899501329245579906e-01,2.749280386103314378e-02,7.076094027933244046e-02,-1.891101986186308204e-02
8.089617923584717119e+01,-1.647185563269004005e+00,3.416514519514636805e-01,3.838266440457330786e-01,2.673199751351502951e-02,7.079201544786042910e-02,1.416294649669366801e-01
8.097619523904781147e+01,-1.641519770388424559e+00,3.317869114213207182e-01,3.778015787517781110e-01,2.599565045519802373e-02,7.082426888045667557e-02,-7.340137571819674300e-02
8.105621124224845175e+01,-1.635851328273343119e+00,3.220290787506167596e-01,3.718733985624197436e-01,2.528290200569525623e-02,7.085834251936359851e-02,-1.218922758539304763e-01
8.113622724544909204e+01,-1.630180099271739902e+00,3.123773286441840491e-01,3.660405899182040401e-01,2.459292878581164146e-02,7.089449093229949206e-02,-6.345073919575286436e-02
8.121624324864973232e+01,-1.624505903524338768e+00,3.028310115053789997e-01,3.603016638010892447e-01,2.392494278613743058e-02,7.093257426431590074e-02,-9.585416713544836487e-02
8.129625925185037261e+01,-1.618828554931288188e+00,2.933894535625328759e-01,3.546551553679777036e-01,2.327818955672638149e-02,7.097283941768020576e-02,6.778690193830300137e-02
8.137627525505101289e+01,-1.613147867217650688e+00,2.840519570216845091e-01,3.490996235875232223e-01,2.265194650523128655e-02,7.101604470046846140e-02,3.782211140701342150e-02
8.145629125825165318e+01,-1.607463612239528272e+00,2.748178001662167080e-01,3.436336508762327102e-01,2.204552129438553873e-02,7.106262061625928661e-02,1.024903797606909472e-01
8.153630726145229346e+01,-1.601775502210102564e+00,2.656862376851721330e-01,3.382558427443731475e-01,2.145825033689328920e-02,7.111235919744010592e-02,-3.387708781120364609e-02
8.161632326465293374e+01,-1.596083250257714248e+00,2.566565014653865440e-01,3.329648274619070869e-01,2.088949738634970910e-02,7.116565377675923565e-02,3.240413909199900688e-01
8.169633926785357403e+01,-1.590386570710035974e+00,2.477278012924698236e-01,3.277592557223854564e-01,2.033865220766997370e-02,7.122349082126604169e-02,6.026140798851294805e-02
8.177635527105421431e+01,-1.584685096444649277e+00,2.388993253397287686e-01,3.226378002982585036e-01,1.980512931854809533e-02,7.128586036643479174e-02,6.529412149605551274e-02
8.185637127425485460e+01,-1.578978429707957876e+00,2.301702413464695451e-01,3.175991557258005527e-01,1.928836681509336209e-02,7.135278977967972336e-02,1.155188033742136910e-01
8.193638727745549488e+01,-1.573266191997103380e+00,2.215396979444408110e-01,3.126420379984314324e-01,1.878782526674493275e-02,7.142528790059117505e-02,4.566531253346411967e-02
8.201640328065613517e+01,-1.567547937427781868e+00,2.130068255258329157e-01,3.077651842407895799e-01,1.830298666285371315e-02,7.150371308508214618e-02,6.951634689168748049e-03
8.209641928385677545e+01,-1.561823157491570191e+00,2.045707376141517875e-01,3.029673524055108702e-01,1.783335342703066748e-02,7.158791520233548367e-02,7.876776953686762117e-02
8.217643528705741574e+01,-1.556091374448107301e+00,1.962305327553117151e-01,2.982473209962295813e-01,1.737844749714639869e-02,7.167895592143473660e-02,1.621567139301254845e-01
8.225645129025805602e+01,-1.550352037215708245e+00,1.879852956389916063e-01,2.936038887568712674e-01,1.693780943858210278e-02,7.177720938316874133e-02,1.369531145920730164e-01
8.233646729345869630e+01,-1.544604530889567506e+00,1.798340988070927515e-01,2.890358743895418137e-01,1.651099761758765411e-02,7.188258599496212542e-02,1.646906213820174547e-01
8.241648329665933659e+01,-1.538848278775136746e+00,1.717760048903585468e-01,2.845421163018109767e-01,1.609758743202207784e-02,7.199633521560062921e-02,1.421826539319239607e-02
8.249649929985997687e+01,-1.533082594442085833e+00,1.638100677600663746e-01,2.801214723037348531e-01,1.569717055813633216e-02,7.211846000602893658e-02,-6.711711168926617899e-03
8.257651530306061716e+01,-1.527306771999523249e+00,1.559353348402731654e-01,2.757728193653437576e-01,1.530935426445778798e-02,7.224932620725661725e-02,2.713660335073891372e-01
8.265653130626125744e+01,-1.521520112562255056e+00,1.481508491955022266e-01,2.714950533688377243e-01,1.493376075832775554e-02,7.239009318144688787e-02,4.720111666125682837e-02
8.273654730946189773e+01,-1.515721787026476752e+00,1.404556508481110133e-01,2.672870888243779608e-01,1.457002654779394543e-02,7.254043609651213143e-02,1.191098106918055954e-01
8.281656331266253801e+01,-1.509911016920068016e+00,1.328487796762016226e-01,2.631478586751024307e-01,1.421780187779084909e-02,7.270157381717295975e-02,1.452937577047376805e-01
8.289657931586317829e+01,-1.504086917259984002e+00,1.253292766697643446e-01,2.590763140211252424e-01,1.387675015569636225e-02,7.287368681452299768e-02,2.137239220114244831e-01
8.297659531906381858e+01,-1.498248578309441248e+00,1.178961863621614536e-01,2.550714239132214067e-01,1.354654743798153031e-02,7.305728594782165408e-02,-6.326553740066565013e-02
8.305661132226445886e+01,-1.492395073838364006e+00,1.105485589078171876e-01,2.511321751363579935e-01,1.322688193712251783e-02,7.325333746154572001e-02,2.404641453762550868e-02
8.313662732546509915e+01,-1.486525364693268791e+00,1.032854515790928712e-01,2.472575719671122052e-01,1.291745353952642762e-02,7.346178474130649061e-02,2.893245423978034470e-02
8.321664332866573943e+01,-1.480638456703869954e+00,9.610593158001687342e-02,2.434466360175528143e-01,1.261797338788147628e-02,7.368401159339836581e-02,4.237594283547671536e-02
8.329665933186637972e+01,-1.474733201131954052e+00,8.900907692232998270e-02,2.396984059743509088e-01,1.232816343301135729e-02,7.391981646036153986e-02,-1.685036950671093270e-01
8.337667533506702000e+01,-1.468808506711099637e+00,8.199397947044456680e-02,2.360119374787895963e-01,1.204775607424548103e-02,7.417064047845634001e-02,6.341103098877508282e-02
8.345669133826766029e+01,-1.462863125347946935e+00,7.505974561537552547e-02,2.323863028734715064e-01,1.177649375260539019e-02,7.443640647967954271e-02,-2.160809202078692315e-01
8.353670734146830057e+01,-1.456895852746527442e+00,6.820549918221589791e-02,2.288205910997894721e-01,1.151412863511816140e-02,7.471849620118031776e-02,1.034278359910013878e-01
8.361672334466894085e+01,-1.450905335151905451e+00,6.143038207188551703e-02,2.253139074648621010e-01,1.126042225093050290e-02,7.501699331994571285e-02,1.277017648469833400e-01
8.369673934786958114e+01,-1.444890248633797336e+00,5.473355695766193157e-02,2.218653735543943406e-01,1.101514521421475580e-02,7.533327414933881083e-02,1.340755081565479234e-01
8.377675535107022142e+01,-1.438849118455328480e+00,4.811420783580733218e-02,2.184741270184967221e-01,1.077807689850692439e-02,7.566752352788043423e-02,-4.584064285666399063e-02
8.385677135427086171e+01,-1.432780494992692555e+00,4.157154260555116082e-02,2.151393215085089794e-01,1.054900519860642837e-02,7.602120553964822336e-02,1.705259873752354161e-01
8.393678735747150199e+01,-1.426682765315722135e+00,3.510479340368172912e-02,2.118601264753754987e-01,1.032772623644706567e-02,7.639456573449678045e-02,-1.099616118046763125e-02
8.401680336067214228e+01,-1.420554341401593534e+00,2.871321916649676592e-02,2.086357271398700530e-01,1.011404416327342862e-02,7.678919747723163269e-02,-4.689351777410773192e-02
8.409681936387278256e+01,-1.414393458691418637e+00,2.239610571682069257e-02,2.054653243029715692e-01,9.907770893589100056e-03,7.720546692656383991e-02,-2.177743040144591857e-02
8.417683536707342284e+01,-1.408198364050935014e+00,1.615276824497698452e-02,2.023481343477632755e-01,9.708725943759355034e-03,7.764501027062746530e-02,-8.058815878797878640e-03
8.425685137027406313e+01,-1.401967134638275825e+00,9.982551372750725349e-03,1.992833890802771235e-01,9.516736200327136422e-03,7.810851179121755528e-02,9.445945562566512854e-02
8.433686737347470341e+01,-1.395697813400840426e+00,3.884831230739731623e-03,1.962703357410675864e-01,9.331635781456440806e-03,7.859748920688365559e-02,1.601985596123771671e-01
8.441688337667534370e+01,-1.389388308322408561e+00,-2.140984065912860963e-03,1.933082369134667688e-01,9.153265855361678027e-03,7.911314365560742634e-02,-1.318924608915202912e-01
8.449689937987598398e+01,-1.383036424500697414e+00,-8.095453083848949336e-03,1.903963705189807287e-01,8.981474509315986662e-03,7.965686568980788473e-02,2.472916192355557874e-02
8.457691538307662427e+01,-1.376639865310895994e+00,-1.397909996452367624e-02,1.875340298166675579e-01,8.816116627643862808e-03,8.023035326621762164e-02,1.696275183954511212e-01
8.465693138627726455e+01,-1.370196165373724906e+00,-1.979241381738702094e-02,1.847205233829464777e-01,8.657053766291585364e-03,8.083497995283567272e-02,1.004544742292403509e-01
8.473694738947790484e+01,-1.363702783389210138e+00,-2.553584695189283979e-02,1.819551752135535050e-01,8.504154093958703545e-03,8.147297671473435754e-02,1.316503056614296563e-01
8.481696339267854512e+01,-1.357156953668702482e+00,-3.120981487333067059e-02,1.792373246983358925e-01,8.357292275321150099e-03,8.214594635241162512e-02,-6.832115060593640932e-02
8.489697939587918540e+01,-1.350555795918110036e+00,-3.681469431927382463e-02,1.765663267936760095e-01,8.216349457307968798e-03,8.285624479475046933e-02,1.777299861084611909e-01
8.497699539907982569e+01,-1.343896240558714927e+00,-4.235082263425192506e-02,1.739415521057031955e-01,8.081213215356448237e-03,8.360635487533463195e-02,-7.328806257448267081e-02
8.505701140228046597e+01,-1.337174980076123454e+00,-4.781849691029192717e-02,1.713623870219560252e-01,7.951777527469536949e-03,8.439862068503073411e-02,1.034057670879458407e-01
8.513702740548110626e+01,-1.330388539089607081e+00,-5.321797206307215394e-02,1.688282339775220298e-01,7.827942818591391780e-03,8.523619441009400166e-02,2.213619334988933263e-01
8.521704340868174654e+01,-1.323533170780143431e+00,-5.854946021078770435e-02,1.663385116328386648e-01,7.709615963682010450e-03,8.612225814723920014e-02,2.740572971319357176e-01
8.529705941188238683e+01,-1.316604839450389752e+00,-6.381312922503409868e-02,1.638926551680115196e-01,7.596710351006273100e-03,8.706018144314418838e-02,1.382138364477753234e-01
8.537707541508302711e+01,-1.309599248567608232e+00,-6.900910068131069219e-02,1.614901166831161083e-01,7.489145999989068984e-03,8.805411344049744737e-02,1.761510336363266704e-01
8.545709141828366739e+01,-1.302511751022357833e+00,-7.413744863378109173e-02,1.591303655621432722e-01,7.386849661880559928e-03,8.910851636685056254e-02,2.847535294967487585e-02
8.553710742148430768e+01,-1.295337299982221246e+00,-7.919819780875649029e-02,1.568128889471246123e-01,7.289754975708439243e-03,9.022817386989383237e-02,4.208376064630204444e-02
8.561712342468494796e+01,-1.288070454057443248e+00,-8.419132096112721952e-02,1.545371923639203560e-01,7.197802699688787484e-03,9.141872204649452438e-02,2.083610591852517735e-01
8.569713942788557404e+01,-1.280705308341128168e+00,-8.911673655024164586e-02,1.523028003829125510e-01,7.110940958901617454e-03,9.268658975050257653e-02,9.284722799774899893e-02
8.577715543108621432e+01,-1.273235392047612491e+00,-9.397430634939168970e-02,1.501092573606818414e-01,7.029125531243960064e-03,9.403878899601705865e-02,8.130740660991730984e-02
8.585717143428685461e+01,-1.265653632036300547e+00,-9.876383187299318800e-02,1.479561284054227710e-01,6.952320242274991416e-03,9.548335881650898971e-02,-4.557245120219821644e-02
8.593718743748749489e+01,-1.257952277043510536e+00,-1.034850505509865848e-01,1.458430004782097777e-01,6.880497423796246535e-03,9.702959261457931583e-02,1.120886904040534482e-01
8.601720344068813517e+01,-1.250122788175377364e+00,-1.081376315170418101e-01,1.437694836604692661e-01,6.813638449961173689e-03,9.868815906188092846e-02,1.632744997701447431e-01
8.609721944388877546e+01,-1.242155699117611700e+00,-1.127211708592477518e-01,1.417352126256211653e-01,6.751734368245930831e-03,1.004712043263789739e-01,2.105425680233448393e-02
8.617723544708941574e+01,-1.234040493157040119e+00,-1.172351855856372665e-01,1.397398484387581408e-01,6.694786685681242133e-03,1.023928018626942271e-01,5.168481961782082912e-02
8.625725145029005603e+01,-1.225765441324090821e+00,-1.216791066809141536e-01,1.377830806753885806e-01,6.642808303493323401e-03,1.044693833462541355e-01,2.625150429483434911e-01
8.633726745349069631e+01,-1.217317395355420606e+00,-1.260522710734841567e-01,1.358646299235933275e-01,6.595824629622877404e-03,1.067201952295235984e-01,1.245468101444098807e-01
8.641728345669133660e+01,-1.208681537688896634e+00,-1.303539121207402951e-01,1.339842507767697588e-01,6.553874919454212751e-03,1.091678922494537796e-01,8.030852769095354893e-02
8.649729945989197688e+01,-1.199841073959040161e+00,-1.345831483235400694e-01,1.321417354269559252e-01,6.517013895621552068e-03,1.118392909808987867e-01,-1.858987953034976770e-03
8.657731546309261716e+01,-1.190776860524074943e+00,-1.387389697474400441e-01,1.303369180221515544e-01,6.485313723659431352e-03,1.147663830536795743e-01,5.280847992557488602e-02
8.665733146629325745e+01,-1.181466944633191352e+00,-1.428202216013092218e-01,1.285696799882647123e-01,6.458866437395667168e-03,1.179876635749248226e-01,9.298803847077380391e-02
8.673734746949389773e+01,-1.171885979270071321e+00,-1.468255844405636223e-01,1.268399565478433300e-01,6.437786921775983696e-03,1.215498267263314530e-01,2.584626118477031942e-01
8.681736347269453802e+01,-1.162004480858740640e+00,-1.507535499936474011e-01,1.251477447926019060e-01,6.422216620979564333e-03,1.255100181290654537e-01,6.446054831084074843e-02
8.689737947589517830e+01,-1.151787877493648304e+00,-1.546023913867934640e-01,1.234931137784391619e-01,6.412328192102171101e-03,1.299388637587453599e-01,3.093724405053508431e-01
8.697739547909581859e+01,-1.141195273614759920e+00,-1.583701261287302764e-01,1.218762172851235032e-01,6.408331406733591869e-03,1.349245954218518950e-01,4.205581372676568674e-02
8.705741148229645887e+01,-1.130177825453016816e+00,-1.620544696199048285e-01,1.202973101366566766e-01,6.410480723028668705e-03,1.405787517496707162e-01,1.048200712670653706e-01
8.713742748549709916e+01,-1.118676574036267191e+00,-1.656527760887783474e-01,1.187567693538645747e-01,6.419085129062839998e-03,1.470441852048434694e-01,2.313985499959352599e-01
8.721744348869773944e+01,-1.106619510132464512e+00,-1.691619625891229717e-01,1.172551219767301867e-01,6.434521127232357800e-03,1.545065135640830145e-01,1.304870204505746700e-01
8.729745949189837972e+01,-1.093917533183428992e+00,-1.725784097305911868e-01,1.157930822802013954e-01,6.457250152162623096e-03,1.632108295427453504e-01,8.018462530268467836e-02
8.737747549509902001e+01,-1.080458759730116514e+00,-1.758978296172697964e-01,1.143716026306406813e-01,6.487842446324081601e-03,1.734865623352344066e-01,1.603022211870669678e-01
8.745749149829966029e+01,-1.066100335895178608e+00,-1.791150889901658161e-01,1.129919438962277978e-01,6.527010176246880561e-03,1.857854686701420344e-01,2.306567180130353889e-01
8.753750750150030058e+01,-1.050656503196990332e+00,-1.822239631447930830e-01,1.116557762354036393e-01,6.575655001999603302e-03,2.007414851296306646e-01,2.916806364472568358e-02
8.761752350470094086e+01,-1.033880437304153244e+00,-1.852167900739503381e-01,1.103653267861858939e-01,6.634937966705705542e-03,2.192673915076246427e-01,1.944137569327576143e-01
8.769753950790158115e+01,-1.015436002736696874e+00,-1.880839687931161464e-01,1.091236032567468178e-01,6.706385545027974612e-03,2.427172918197148532e-01,2.317836293745502707e-01
8.777755551110222143e+01,-9.948521723563100716e-01,-1.908132090882310727e-01,1.079347453822415287e-01,6.792056815912152386e-03,2.731708886582026041e-01,2.327961126656359903e-01
8.785757151430286171e+01,-9.714463092758482965e-01,-1.933883685399272467e-01,1.068046025435802071e-01,6.894818913559722269e-03,3.139551050121463516e-01,3.874907116500453941e-01
8.793758751750350200e+01,-9.441884658674789543e-01,-1.957875685589857417e-01,1.057417364340572652e-01,7.018826400682464349e-03,3.706568840897265238e-01,3.138016671381390621e-01
8.801760352070414228e+01,-9.114468512305182735e-01,-1.979799779390864767e-01,1.047592811755886921e-01,7.170412833482926913e-03,4.532276100912651651e-01,4.167761252326316890e-01
8.809761952390478257e+01,-8.704758784758009904e-01,-1.999199699977120548e-01,1.038786863393365012e-01,7.359889272358017751e-03,5.807287718874655225e-01,5.844930306237182682e-01
8.817763552710542285e+01,-8.162880463458576097e-01,-2.015355565625353562e-01,1.031381370205134845e-01,7.605599756791404931e-03,7.931844956510031297e-01,8.660694050825491486e-01
8.825765153030606314e+01,-7.388744603767471997e-01,-2.027029044577497441e-01,1.026144550616951284e-01,7.944494020208246396e-03,1.185221969340297665e+00,1.163105707575526671e+00
8.833766753350670342e+01,-6.152857220331264809e-01,-2.031808281911975933e-01,1.024931958829746192e-01,8.466036557936122350e-03,2.018103887370841676e+00,2.169763614461017287e+00
8.841768353670734371e+01,-3.826570331070491826e-01,-2.023976788081597034e-01,1.033709825226325207e-01,9.458691275675780788e-03,4.163667140816929901e+00,4.072895310814557135e+00
8.849769953990798399e+01,1.641625999098450528e-01,-1.985207101954966080e-01,1.079189606640327398e-01,1.221549987494952548e-02,1.065846745421035457e+01,1.078711888944376263e+01
8.857771554310862427e+01,1.349919456329101930e+00,-1.873684202775994512e-01,1.204338202082252396e-01,1.877429862964661786e-02,1.500490525554857335e+01,1.491912310043750622e+01
8.865773154630926456e+01,1.942754461752438822e+00,-1.694206889594190024e-01,1.348913326342243146e-01,2.609996227081703285e-02,1.810113264949548384e+00,1.793806616751960847e+00
8.873774754950990484e+01,1.985361071953015255e+00,-1.500299936998543970e-01,1.493171756271104156e-01,3.321449094270641222e-02,1.051339212188896755e-02,4.691801065864386472e-02
8.881776355271054513e+01,1.980588025000471042e+00,-1.306510043432322077e-01,1.636646498021840090e-01,4.009739289309091625e-02,-8.747302732942038861e-02,1.180109587965499640e-01
8.889777955591118541e+01,1.973284491824399023e+00,-1.113848371852378671e-01,1.779230209342456681e-01,4.674654892862437072e-02,-9.287840296265600926e-02,-3.295788297346599616e-03
8.897779555911182570e+01,1.965825314695801795e+00,-9.223965847273428442e-02,1.920836980227346169e-01,5.316155056668736556e-02,-9.344447219937680738e-02,-1.340307571550711785e-01
8.905781156231246598e+01,1.958336128616224192e+00,-7.321904178140274666e-02,2.061390867792962933e-01,5.934315341160430884e-02,-9.373903182242608600e-02,3.617287973674603030e-02
8.913782756551310626e+01,1.950824772342739655e+00,-5.432653852365108837e-02,2.200824483880175764e-01,6.529318357865730726e-02,-9.400368424599211958e-02,-1.153741747353627667e-01
8.921784356871374655e+01,1.943292902255123300e+00,-3.556585576910237245e-02,2.339078183725245841e-01,7.101444295810518947e-02,-9.425299212431097196e-02,-1.733975777542757502e-01
8.929785957191438683e+01,1.935741745239503597e+00,-1.694079540191265401e-02,2.476099360758034496e-01,7.651059959847451852e-02,-9.448463896844740140e-02,-4.961616978977914649e-02
8.937787557511502712e+01,1.928172690568360270e+00,1.544821844846294961e-03,2.611841810139537978e-01,8.178607012852978642e-02,-9.470120525132447176e-02,-8.525412044799478284e-02
8.945789157831566740e+01,1.920586987388693156e+00,1.988723468857792054e-02,2.746265151412604633e-01,8.684590063867538012e-02,-9.490049416480857147e-02,4.661425615149761281e-04
8.953790758151630769e+01,1.912985964872508049e+00,3.808281520281849714e-02,2.879334303050685717e-01,9.169565085511648117e-02,-9.508394383845293618e-02,-1.500577802531842808e-01
8.961792358471694797e+01,1.905370892091608592e+00,5.612813720624675040e-02,3.011019003815441075e-01,9.634128504341073207e-02,-9.525259270578965987e-02,-5.710224293969714399e-02
8.969793958791758826e+01,1.897742913095118666e+00,7.402003548923301313e-02,3.141293376213221133e-01,1.007890718320988421e-01,-9.540570254726252197e-02,-3.195076926378563609e-02
8.977795559111822854e+01,1.890103204312112872e+00,9.175565357178110115e-02,3.270135528144978987e-01,1.050454941915665713e-01,-9.554658640253226032e-02,-6.774203044746424096e-02
8.985797159431886882e+01,1.882452734086142998e+00,1.093324803937738149e-01,3.397527189618134713e-01,1.091171700540854578e-01,-9.567522881855933248e-02,-9.857358202769514466e-02
8.993798759751950911e+01,1.874792385727130473e+00,1.267483737602651817e-01,3.523453381179102450e-01,1.130107834905456909e-01,-9.579277401357833011e-02,-1.655546114226784105e-01
9.001800360072014939e+01,1.867122983182857521e+00,1.440015720712607972e-01,3.647902111545041071e-01,1.167330260008234838e-01,-9.590256329862559270e-02,-5.527384163086832003e-03
9.009801960392078968e+01,1.859445117933053337e+00,1.610906956214064323e-01,3.770864101991107664e-01,1.202905472156541866e-01,-9.600483538999109168e-02,-8.228238535874775328e-02
9.017803560712142996e+01,1.851759284098361213e+00,1.780147376033105466e-01,3.892332534964941804e-01,1.236899141594454687e-01,-9.610110797667187343e-02,-4.647071072578617956e-02
9.025805161032207025e+01,1.844065891566671223e+00,1.947730475808613360e-01,4.012302825029860909e-01,1.269375781778205037e-01,-9.619449138488604667e-02,-1.312723154709452555e-01
9.033806761352271053e+01,1.836365142845325149e+00,2.113653092686741120e-01,4.130772410208625178e-01,1.300398486174466628e-01,-9.628582700099731773e-02,-9.498465792678210950e-02
9.041808361672335081e+01,1.828657115163218494e+00,2.277915134522019713e-01,4.247740561757644140e-01,1.330028723713412298e-01,-9.637609834899606154e-02,-2.000988975194679109e-01
9.049809961992399110e+01,1.820941807279816249e+00,2.440519282677451607e-01,4.363208210848774082e-01,1.358326184707134843e-01,-9.646760814135159345e-02,-8.791507862777139803e-02
9.057811562312463138e+01,1.813219089652349458e+00,2.601470684171592329e-01,4.477177790688552927e-01,1.385348669705378510e-01,-9.656225337091803307e-02,-2.004122100548691443e-02
9.065813162632527167e+01,1.805488675248799080e+00,2.760776641692618827e-01,4.589653092623730002e-01,1.411152014481704409e-01,-9.666049191537767760e-02,-8.736116330739446267e-02
9.073814762952591195e+01,1.797750198605795324e+00,2.918446308129907241e-01,4.700639134901057892e-01,1.435790045116607239e-01,-9.676343107500318119e-02,-1.082415002317871355e-02
9.081816363272655224e+01,1.790003220306610299e+00,3.074490397551386534e-01,4.810142043038997950e-01,1.459314557964306591e-01,-9.687269576695509143e-02,-6.558164755468789964e-02
9.089817963592719252e+01,1.782247211724815594e+00,3.228920915972986472e-01,4.918168940722685845e-01,1.481775319930924428e-01,-9.698976993277458325e-02,3.939589306915722289e-02
9.097819563912783281e+01,1.774481529956972503e+00,3.381750914680925479e-01,5.024727850256477391e-01,1.503220085146252383e-01,-9.711513122520609720e-02,-1.161200944404863766e-01
9.105821164232847309e+01,1.766705465455485013e+00,3.532994265195436023e-01,5.129827601634895373e-01,1.523694624661832697e-01,-9.724941793022093273e-02,-2.611124405855119179e-01
9.113822764552911337e+01,1.758918251427660673e+00,3.682665459449194212e-01,5.233477749515731414e-01,1.543242766383812470e-01,-9.739351691947437106e-02,-5.414469401091735051e-02
9.121824364872975366e+01,1.751119063571364265e+00,3.830779433917353982e-01,5.335688497357102822e-01,1.561906442856952626e-01,-9.754841022292168318e-02,-1.140673590106779378e-01
9.129825965193039394e+01,1.743307019601142205e+00,3.977351416326211364e-01,5.436470628056490062e-01,1.579725744913204333e-01,-9.771504575183734276e-02,-1.951443839801033087e-01
9.137827565513103423e+01,1.735481169317352412e+00,4.122396793727243214e-01,5.535835440507627103e-01,1.596738979542365322e-01,-9.789399492020137150e-02,-3.276745912792485005e-02
9.145829165833167451e+01,1.727640506489635408e+00,4.265930999216857589e-01,5.633794691510468633e-01,1.612982730613118920e-01,-9.808570380407943823e-02,-7.165278987861568860e-02
9.153830766153231480e+01,1.719783979883719782e+00,4.407969416103780236e-01,5.730360542563238679e-01,1.628491921341782001e-01,-9.829072159288146371e-02,-5.375686139941947966e-02
9.161832366473295508e+01,1.711910492919851423e+00,4.548527297994049978e-01,5.825545511107759200e-01,1.643299877609521731e-01,-9.850964861593744515e-02,-1.317472436946065806e-01
9.169833966793359536e+01,1.704018903336673274e+00,4.687619702610774652e-01,5.919362425817781270e-01,1.657438391396187094e-01,-9.874310298444294309e-02,-7.903838655966745341e-02
9.177835567113423565e+01,1.696108022823508144e+00,4.825261437611069737e-01,6.011824385567604567e-01,1.670937783750268968e-01,-9.899170273337462578e-02,-7.355779831783214318e-02
9.185837167433487593e+01,1.688176616525874918e+00,4.961467016788632112e-01,6.102944721752061596e-01,1.683826966837483896e-01,-9.925605924349517606e-02,7.820945141067484063e-02
9.193838767753551622e+01,1.680223402343055117e+00,5.096250625189008288e-01,6.192736963659364324e-01,1.696133504712762363e-01,-9.953677847955866298e-02,-1.679327549254271412e-01
9.201840368073615650e+01,1.672247049948660580e+00,5.229626091808804444e-01,6.281214806625575742e-01,1.707883672545097431e-01,-9.983446725725930726e-02,-1.008838872129988878e-01
9.209841968393679679e+01,1.664246179456081443e+00,5.361606868693630235e-01,6.368392082724165792e-01,1.719102514094486833e-01,-1.001497419113428489e-01,-6.376376068437819566e-02
9.217843568713743707e+01,1.656219359523969148e+00,5.492206015391472018e-01,6.454282733766397717e-01,1.729813897297509395e-01,-1.004832343045283793e-01,-2.729619269140683424e-01
9.225845169033807736e+01,1.648165105731633107e+00,5.621436187809308871e-01,6.538900786406814936e-01,1.740040567863922749e-01,-1.008356134377164093e-01,-2.611324501805357690e-01
9.233846769353871764e+01,1.640081877935762655e+00,5.749309630712828856e-01,6.622260329168592197e-01,1.749804200825997580e-01,-1.012075932755554519e-01,1.153742438072256071e-01
9.241848369673935792e+01,1.631968076900596420e+00,5.875838173161911371e-01,6.704375491217815508e-01,1.759125450011497505e-01,-1.015999344398318960e-01,-2.783118298059987228e-01
9.249849969993999821e+01,1.623822040569334879e+00,6.001033226264241849e-01,6.785260422729695318e-01,1.768023995435391849e-01,-1.020134483559045901e-01,-4.452053389037868847e-02
9.257851570314063849e+01,1.615642039917070560e+00,6.124905782727859682e-01,6.864929276703038985e-01,1.776518588624664552e-01,-1.024490027978455786e-01,-1.872715434043027982e-01
9.265853170634127878e+01,1.607426274358418006e+00,6.247466417765027424e-01,6.943396192090673935e-01,1.784627095905347571e-01,-1.029075286995043137e-01,-1.792235389746174579e-01
9.273854770954191906e+01,1.599172866687378125e+00,6.368725290962499175e-01,7.020675278123582608e-01,1.792366539692131222e-01,-1.033900283438665690e-01,-3.016425187711008205e-01
9.281856371274255935e+01,1.590879857494711391e+00,6.488692148788514080e-01,7.096780599715553084e-01,1.799753137829261107e-01,-1.038975845495782035e-01,-1.939714417821129522e-01
9.289857971594319963e+01,1.582545198242780726e+00,6.607376327483999168e-01,7.171726163844448498e-01,1.806802341038212245e-01,-1.044313559570381189e-01,-2.599349440666992583e-02
9.297859571914383991e+01,1.574166744159627207e+00,6.724786756044142111e-01,7.245525906809393568e-01,1.813528868529677984e-01,-1.049925832189338437e-01,-2.438668673105851281e-01
9.305861172234448020e+01,1.565742246573025298e+00,6.840931959088120129e-01,7.318193682271654232e-01,1.819946741841051430e-01,-1.055825992721734496e-01,-4.603991123799519580e-02
9.313862772554510627e+01,1.557269344458433569e+00,6.955820059434725255e-01,7.389743249991691521e-01,1.826069316961533295e-01,-1.062028407116749618e-01,-7.487306577681654418e-02
9.321864372874574656e+01,1.548745555254857242e+00,7.069458780210344795e-01,7.460188265178467892e-01,1.831909314806568490e-01,-1.068548629552454332e-01,9.497536697999381383e-02
9.329865973194638684e+01,1.540168264897540773e+00,7.181855446334207693e-01,7.529542268370087443e-01,1.837478850102337025e-01,-1.075403599468685578e-01,-1.549937182726400797e-01
9.337867573514702713e+01,1.531534717002847046e+00,7.293016985237213978e-01,7.597818675767556984e-01,1.842789458739242103e-01,-1.082611890963203205e-01,1.808021482396016122e-02
9.345869173834766741e+01,1.522842001123845046e+00,7.402949926676356540e-01,7.665030769944364275e-01,1.847852123650799427e-01,-1.090194020869586500e-01,-2.013250666281464485e-02
9.353870774154830769e+01,1.514087039976032223e+00,7.511660401509483442e-01,7.731191690855133691e-01,1.852677299271285605e-01,-1.098172821333912030e-01,-1.384841238652197437e-01
9.361872374474894798e+01,1.505266572689208049e+00,7.619154139438099049e-01,7.796314427075918818e-01,1.857274934626307050e-01,-1.106573422669565598e-01,-2.769529411605731739e-01
9.369873974794958826e+01,1.496377125354199311e+00,7.725436466032153948e-01,7.860411807229439329e-01,1.861654495118000019e-01,-1.115421546880587811e-01,3.940188327059201967e-02
9.377875575115022855e+01,1.487414999402642435e+00,7.830512297375742392e-01,7.923496491417086895e-01,1.865824982999574611e-01,-1.124745183527439685e-01,-2.489134089370981517e-01
9.385877175435086883e+01,1.478376255676092654e+00,7.934386133197905977e-01,7.985580962633196389e-01,1.869794956604473590e-01,-1.134575851514454947e-01,-1.607991804137250680e-01
9.393878775755150912e+01,1.469256692943120335e+00,8.037062048370074985e-01,8.046677518074970559e-01,1.873572548363579837e-01,-1.144949365316033640e-01,-2.617728253158468910e-02
9.401880376075214940e+01,1.460051822644050201e+00,8.138543682478330821e-01,8.106798260244737486e-01,1.877165481632316890e-01,-1.155906501116146790e-01,-3.995093232286084373e-03
9.409881976395278969e+01,1.450756814627449209e+00,8.238834228684169814e-01,8.165955087852059258e-01,1.880581086400198443e-01,-1.167490051471473111e-01,-2.012936747629461842e-01
9.417883576715342997e+01,1.441366462476401544e+00,8.337936418974122299e-01,8.224159686205115838e-01,1.883826313802196839e-01,-1.179745744836438459e-01,-1.211747430734663178e-01
9.425885177035407025e+01,1.431875168261586229e+00,8.435852505271967949e-01,8.281423516920766170e-01,1.886907749414020730e-01,-1.192726561831197740e-01,-1.451305003900546786e-01
9.433886777355471054e+01,1.422276902716738123e+00,8.532584238448408520e-01,8.337757806977385000e-01,1.889831625408589233e-01,-1.206494157399581879e-01,-2.493558181721922118e-03
9.441888377675535082e+01,1.412565120648491490e+00,8.628132846261936661e-01,8.393173537084133162e-01,1.892603831623128063e-01,-1.221115377035369987e-01,1.283517997145548484e-01
9.449889977995599111e+01,1.402732688320602383e+00,8.722499006430594060e-01,8.447681428903236478e-01,1.895229925378101310e-01,-1.236662109403915966e-01,-3.066548934923848391e-01
9.457891578315663139e+01,1.392771862746275069e+00,8.815682811280541875e-01,8.501291930584811141e-01,1.897715139849463772e-01,-1.253219114543097090e-01,-3.367962045588282494e-02
9.465893178635727168e+01,1.382674204470183854e+00,8.907683730506943398e-01,8.554015200953312137e-01,1.900064391224026428e-01,-1.270884517084500120e-01,-4.129059893991224861e-01
9.473894778955791196e+01,1.372430414494475226e+00,8.998500572544045895e-01,8.605861092219749819e-01,1.902282284643406485e-01,-1.289763545121627719e-01,-1.275697172956980485e-01
9.481896379275855224e+01,1.362030288188664118e+00,9.088131430116536125e-01,8.656839129499811492e-01,1.904373118174240431e-01,-1.309979024921928414e-01,-2.418763548871116220e-01
9.489897979595919253e+01,1.351462599037420498e+00,9.176573620607589854e-01,8.706958487709983707e-01,1.906340885157774556e-01,-1.331675549481908805e-01,6.601432406281440568e-02
9.497899579915983281e+01,1.340714849595738167e+00,9.263823625285719787e-01,8.756227965941525415e-01,1.908189275069238355e-01,-1.355012593593635239e-01,-1.188644065292575880e-01
9.505901180236047310e+01,1.329773175033059029e+00,9.349877003809490272e-01,8.804655956227596114e-01,1.909921671478478356e-01,-1.380178893406483476e-01,-2.116950641362271290e-01
9.513902780556111338e+01,1.318622101577840100e+00,9.434728302803589983e-01,8.852250407928918818e-01,1.911541147813407282e-01,-1.407395404930206206e-01,-1.906708259639026681e-01
9.521904380876175367e+01,1.307244204847330726e+00,9.518370953431875003e-01,8.899018786518944069e-01,1.913050460452012380e-01,-1.436914974813310875e-01,-2.012210726855534759e-01
9.529905981196239395e+01,1.295619903913305171e+00,9.600797132665652711e-01,8.944968022533967833e-01,1.914452037217903302e-01,-1.469042812715148916e-01,-1.280731204152461000e-01
9.537907581516303424e+01,1.283726921526017195e+00,9.681997622883149468e-01,8.990104453551885921e-01,1.915747962856253761e-01,-1.504134204089041527e-01,-1.662282674468748833e-01
9.545909181836367452e+01,1.271539895539440579e+00,9.761961620148652541e-01,9.034433751241023325e-01,1.916939957800402050e-01,-1.542618672119550061e-01,-8.867330981380279475e-02
9.553910782156431480e+01,1.259029672592590687e+00,9.840676522981314234e-01,9.077960835112474092e-01,1.918029351309349373e-01,-1.585010603020658992e-01,-4.474952109596808114e-03
9.561912382476495509e+01,1.246162569146289867e+00,9.918127662865275918e-01,9.120689764879007511e-01,1.919017045330501381e-01,-1.631937129127264408e-01,-9.305250822197803917e-02
9.569913982796559537e+01,1.232899325577982541e+00,9.994297984387356948e-01,9.162623608176924117e-01,1.919903467961066590e-01,-1.684166380909193905e-01,-2.910169428613287312e-01
9.577915583116623566e+01,1.219193848302178695e+00,1.006916764173701351e+00,9.203764273408856500e-01,1.920688512036423656e-01,-1.742653023349777230e-01,-3.366459829835762863e-01
9.585917183436687594e+01,1.204991448564223688e+00,1.014271350857993692e+00,9.244112299425625290e-01,1.921371455607824019e-01,-1.808592159025526613e-01,-2.564011684681228864e-01
9.593918783756751623e+01,1.190226681526104002e+00,1.021490853943316957e+00,9.283666581491102354e-01,1.921950855219247689e-01,-1.883506575012350304e-01,-8.302913107026170525e-02
9.601920384076815651e+01,1.174820210308644475e+00,1.028572098347992902e+00,9.322424018409704027e-01,1.922424406155300580e-01,-1.969355609468648183e-01,-2.304403763133997252e-01
9.609921984396879679e+01,1.158674741631632976e+00,1.035511333486266450e+00,9.360379038143799013e-01,1.922788750724921114e-01,-2.068707815418180385e-01,-2.736280634494764330e-01
9.617923584716943708e+01,1.141669219223398812e+00,1.042304096955632309e+00,9.397522959386919172e-01,1.923039216847756139e-01,-2.184987643493757625e-01,-2.046705085687874903e-01
9.625925185037007736e+01,1.123650545046708249e+00,1.048945032136792577e+00,9.433843109960233786e-01,1.923169452783730082e-01,-2.322850885768640294e-01,-3.738376835360054939e-01
9.633926785357071765e+01,1.104421576036104469e+00,1.055427637165856414e+00,9.469321575394284984e-01,1.923170902856305431e-01,-2.488774419645178870e-01,-3.628102141314470397e-01
9.641928385677135793e+01,1.083723067188240519e+00,1.061743914441850567e+00,9.503933379710411966e-01,1.923032038414532463e-01,-2.692002483359628995e-01,-2.181677058150156001e-01
9.649929985997199822e+01,1.061205780582472391e+00,1.067883867046982571e+00,9.537643754278924968e-01,1.922737193991188309e-01,-2.946126130314613567e-01,-3.249279623222836033e-01
9.657931586317263850e+01,1.036385747558845605e+00,1.073834749926842358e+00,9.570403868953326620e-01,1.922264733301615736e-01,-3.271824957553876034e-01,-3.725061199644393861e-01
9.665933186637327879e+01,1.008569657367654360e+00,1.079579922080619259e+00,9.602143886273091233e-01,1.921584046574032756e-01,-3.701863094789648034e-01,-3.384228069473144140e-01
9.673934786957391907e+01,9.767240173965494598e-01,1.085097000894019947e+00,9.632760999400642454e-01,1.920650344073331905e-01,-4.290705505294339916e-01,-4.875576708475148902e-01
9.681936387277455935e+01,9.392322292070613976e-01,1.090354743907447466e+00,9.662097469122368221e-01,1.919395041904106980e-01,-5.134304082032914440e-01,-5.820595128595589252e-01
9.689937987597519964e+01,8.934107357004585914e-01,1.095307430880571919e+00,9.689896832665798598e-01,1.917706492485223568e-01,-6.414207624789669548e-01,-6.874017787323343232e-01
9.697939587917583992e+01,8.344570802819496480e-01,1.099883880072570763e+00,9.715706702613603474e-01,1.915387031843903964e-01,-8.506129614829688323e-01,-7.903509025718089553e-01
9.705941188237648021e+01,7.529038938988923402e-01,1.103963599700709786e+00,9.738630521785071048e-01,1.912043003229431382e-01,-1.228205863538064824e+00,-1.222223869965944454e+00
9.713942788557712049e+01,6.275236235513570460e-01,1.107316566636746158e+00,9.756552432101500694e-01,1.906741761239850730e-01,-2.008943631502899230e+00,-2.128403389970530135e+00
9.721944388877776078e+01,4.019529556888211674e-01,1.109413106054321085e+00,9.762934540077748968e-01,1.896611151098858139e-01,-3.948611850516740684e+00,-3.978917541969661631e+00
9.729945989197840106e+01,-1.010919098392542015e-01,1.108622053590459844e+00,9.729921818401161548e-01,1.869859948015877293e-01,-9.619605348258454924e+00,-9.554782955613324802e+00
9.737947589517904134e+01,-1.207134935262199393e+00,1.101036586665393946e+00,9.605485674560475529e-01,1.807319497221641924e-01,-1.530386157796636581e+01,-1.511678638365067862e+01
9.745949189837968163e+01,-1.887629148780828769e+00,1.086496066858205989e+00,9.453986485760191849e-01,1.736605341632434241e-01,-2.504184442383097675e+00,-2.618419841595292841e+00
9.753950790158032191e+01,-1.952554631477685820e+00,1.070154450658019174e+00,9.304193295100020578e-01,1.668769446572119786e-01,-8.890350948118352914e-02,-5.504998007633123136e-02
9.761952390478096220e+01,-1.951258709124389368e+00,1.053787779289173221e+00,9.156759303249869530e-01,1.603952359423498619e-01,5.879301937101732989e-02,3.291819168948158236e-02
9.769953990798160248e+01,-1.946073451695417456e+00,1.037538086759474121e+00,9.011668663078723496e-01,1.542039827243775196e-01,6.727677111672270005e-02,1.498287147979481260e-01
9.777955591118224277e+01,-1.940658326107112197e+00,1.021413182760188665e+00,8.868885422506068705e-01,1.482909653849027176e-01,6.787120482905917296e-02,1.128267025606658480e-01
9.785957191438288305e+01,-1.935221547653654728e+00,1.005413163891217598e+00,8.728373101049108351e-01,1.426440153728599503e-01,6.800786256291324605e-02,2.152255533369947238e-01
9.793958791758352334e+01,-1.929775452059562912e+00,9.895376917110398907e-01,8.590095736306546659e-01,1.372511389291226902e-01,6.811565964751631341e-02,1.200607498749773489e-01
9.801960392078416362e+01,-1.924320970364911565e+00,9.737864075832451949e-01,8.454017935424336105e-01,1.321005889382849130e-01,6.821887125736530999e-02,1.370754003447457320e-02
9.809961992398480390e+01,-1.918858373983063581e+00,9.581589570346041862e-01,8.320104869565677630e-01,1.271809216950094690e-01,6.831861347179613020e-02,1.445929565386730453e-02
9.817963592718544419e+01,-1.913387904830151420e+00,9.426549912015846910e-01,8.188322265131235955e-01,1.224810416203708230e-01,6.841506823020565564e-02,1.089700792019185766e-01
9.825965193038608447e+01,-1.907909806960502275e+00,9.272741669053508051e-01,8.058636394921496748e-01,1.179902351719162162e-01,6.850861457367019014e-02,1.080029335161292181e-01
9.833966793358672476e+01,-1.902424323107094972e+00,9.120161466380189985e-01,7.931014069432483771e-01,1.136981951618539072e-01,6.859973241551964307e-02,3.083934591740599140e-01
9.841968393678736504e+01,-1.896931674069382678e+00,8.968805984965917411e-01,7.805422628287954634e-01,1.095950367114191387e-01,6.868833831717990890e-02,2.363216102837394084e-01
9.849969993998800533e+01,-1.891432068701941249e+00,8.818671961767353684e-01,7.681829931824826208e-01,1.056713060410978400e-01,6.877414814127763565e-02,-4.858368709622792880e-02
9.857971594318864561e+01,-1.885925716728413803e+00,8.669756189595833051e-01,7.560204352819441809e-01,1.019179832313127920e-01,6.885710929598332086e-02,1.038795888733388129e-01
9.865973194638928589e+01,-1.880412826280170480e+00,8.522055516440179002e-01,7.440514768344493879e-01,9.832647999990483390e-02,6.893731642117900682e-02,-6.416156971568001688e-02
9.873974794958992618e+01,-1.874893601992368541e+00,8.375566844600060845e-01,7.322730551760358031e-01,9.488863344172630832e-02,6.901494518747053331e-02,-9.655274438446226348e-02
9.881976395279056646e+01,-1.869368243618048764e+00,8.230287129607516405e-01,7.206821564838400418e-01,9.159669656818038297e-02,6.909020276732041888e-02,1.434448029115913958e-01
9.889977995599120675e+01,-1.863836945088104713e+00,8.086213378913966743e-01,7.092758150013888097e-01,8.844332637751682602e-02,6.916329248804614638e-02,1.243380457925618160e-01
9.897979595919184703e+01,-1.858299891247612523e+00,7.943342650251210557e-01,6.980511122764806453e-01,8.542157008386261352e-02,6.923430636612548650e-02,-3.462247306757548770e-02
9.905981196239248732e+01,-1.852757256323013468e+00,7.801672049747448989e-01,6.870051764116076320e-01,8.252485003744422509e-02,6.930317536174429582e-02,2.336718491715975010e-01
9.913982796559312760e+01,-1.847209211057973643e+00,7.661198729965218446e-01,6.761351813270616296e-01,7.974694778111275639e-02,6.936988660163068143e-02,-2.838710634839872182e-02
9.921984396879376789e+01,-1.841655922633061104e+00,7.521919887434427299e-01,6.654383460357400359e-01,7.708198760992542031e-02,6.943447064702984450e-02,-4.733836746763712966e-02
9.929985997199440817e+01,-1.836097554344215288e+00,7.383832759837462012e-01,6.549119339297504450e-01,7.452441993248551388e-02,6.949698200066078968e-02,1.347588041426636407e-01
9.937987597519504845e+01,-1.830534265449147213e+00,7.246934622840240925e-01,6.445532520786242392e-01,7.206900467305846214e-02,6.955748572746861536e-02,9.165134029902374802e-02
9.945989197839568874e+01,-1.824966211140808259e+00,7.111222786552113817e-01,6.343596505389309526e-01,6.971079490258667855e-02,6.961604887037037281e-02,5.356524877348711744e-02
9.953990798159632902e+01,-1.819393542611214665e+00,6.976694591598484596e-01,6.243285216750936728e-01,6.744512084359731430e-02,6.967273550791963643e-02,6.296615221782324301e-02
9.961992398479696931e+01,-1.813816407173033163e+00,6.843347404791418898e-01,6.144572994912101960e-01,6.526757435786094408e-02,6.972760446106729404e-02,9.210768358692006386e-02
9.969993998799760959e+01,-1.808234948410394560e+00,6.711178614384922803e-01,6.047434589736900845e-01,6.317399399569030571e-02,6.978070881100417733e-02,5.582271023612064842e-02
9.977995599119824988e+01,-1.802649306334435320e+00,6.580185624903343022e-01,5.951845154445223329e-01,6.116045066117194867e-02,6.983209653857042065e-02,5.258160971046671461e-02
9.985997199439889016e+01,-1.797059617523038888e+00,6.450365851533383932e-01,5.857780239249968934e-01,5.922323392764833327e-02,6.988181173722129991e-02,-1.197138571294236176e-01
9.993998799759953044e+01,-1.791466015228181385e+00,6.321716714072542764e-01,5.765215785097038692e-01,5.735883902172971699e-02,6.992989598505194859e-02,-6.426624061591476589e-02
1.000200040008001707e+02,-1.785868629438169375e+00,6.194235630429468786e-01,5.674128117506427316e-01,5.556395448140038357e-02,6.997638958774476947e-02,1.310713466200209287e-01
1.001000200040008110e+02,-1.780267586885896369e+00,6.067920009674785398e-01,5.584493940512779142e-01,5.383545048384971027e-02,7.002133252151099274e-02,-4.087565231584572301e-04
1.001800360072014513e+02,-1.774663010998032808e+00,5.942767244644328040e-01,5.496290330703823557e-01,5.217036783103295994e-02,7.006476501414532487e-02,1.245840909253157075e-01
1.002600520104020916e+02,-1.769055021783791704e+00,5.818774704100553308e-01,5.409494731355141139e-01,5.056590757524225682e-02,7.010672780198984322e-02,1.936531177265558012e-01
1.003400680136027319e+02,-1.763443735665608525e+00,5.695939724462074638e-01,5.324084946659779494e-01,4.901942126279799916e-02,7.014726219214395542e-02,3.465217954730105687e-02
1.004200840168033722e+02,-1.757829265257667917e+00,5.574259601115892915e-01,5.240039136051283242e-01,4.752840177105899927e-02,7.018641013967485964e-02,9.848338827398339657e-02
1.005001000200040124e+02,-1.752211719101775866e+00,5.453731579331843049e-01,5.157335808618722650e-01,4.609047471204989060e-02,7.022421462245936885e-02,2.778718593003281501e-01
1.005801160232046385e+02,-1.746591201373527413e+00,5.334352844804139959e-01,5.075953817612413044e-01,4.470339037490977940e-02,7.026072065819816137e-02,1.397542848895527157e-01
1.006601320264052788e+02,-1.740967811575077295e+00,5.216120513850435181e-01,4.995872355038937784e-01,4.336501617890269750e-02,7.029597736029763455e-02,2.544833604354314049e-01
1.007401480296059191e+02,-1.735341644234109859e+00,5.099031623305195771e-01,4.917070946344435090e-01,4.207332960876653677e-02,7.033004147255772498e-02,2.236707468639656804e-01
1.008201640328065594e+02,-1.729712788631667664e+00,4.983083120149666145e-01,4.839529445184664880e-01,4.082641160457541746e-02,7.036298285370279348e-02,1.456990178058162888e-01
1.009001800360071996e+02,-1.724081328584511130e+00,4.868271850927781697e-01,4.763228028280938608e-01,3.962244037898821764e-02,7.039489240602547770e-02,5.920551626365088554e-02
1.009801960392078399e+02,-1.718447342310420956e+00,4.754594551003412661e-01,4.688147190360714145e-01,3.845968563564570314e-02,7.042589295267256966e-02,-1.377346037088247876e-02
1.010602120424084802e+02,-1.712810902466352925e+00,4.642047833722808825e-01,4.614267739181895367e-01,3.733650316352442322e-02,7.045615500924015673e-02,-4.071364394299650802e-02
1.011402280456091205e+02,-1.707172073307063886e+00,4.530628179446792858e-01,4.541570790636745292e-01,3.625132978306511849e-02,7.048584322861817242e-02,1.191187366967451089e-01
1.012202440488097608e+02,-1.701530904690480739e+00,4.420331924511617938e-01,4.470037763933688013e-01,3.520267862108643342e-02,7.051499179738171530e-02,1.173333294648609693e-01
1.013002600520104011e+02,-1.695887436148004968e+00,4.311155250636810043e-01,4.399650376869060908e-01,3.418913469353403178e-02,7.054362717923909343e-02,5.308140637596889255e-02
1.013802760552110414e+02,-1.690241697625341377e+00,4.203094174428068652e-01,4.330390641175521083e-01,3.320935077499659327e-02,7.057180672528362564e-02,1.554184448339434865e-01
1.014602920584116816e+02,-1.684593709812140183e+00,4.096144537157164756e-01,4.262240857948814687e-01,3.226204353587544538e-02,7.059964647047611841e-02,1.014593503616135345e-02
1.015403080616123219e+02,-1.678943484795083485e+00,3.990301994935676055e-01,4.195183613152836388e-01,3.134598992919228333e-02,7.062735555997470827e-02,1.816492623710935783e-01
1.016203240648129622e+02,-1.673291027128374298e+00,3.885562009381922643e-01,4.129201773202373915e-01,3.046002381012685722e-02,7.065527876110935801e-02,7.465598523972134803e-02
1.017003400680136025e+02,-1.667636327466127222e+00,3.781919838594156036e-01,4.064278480613266464e-01,2.960303277206156186e-02,7.068376964766975856e-02,6.705111206961321402e-02
1.017803560712142428e+02,-1.661979343897622918e+00,3.679370528334692247e-01,4.000397149711608091e-01,2.877395518388620871e-02,7.071279877371439149e-02,7.068546907576789273e-02
1.018603720744148831e+02,-1.656320018764590563e+00,3.577908905240396731e-01,3.937541462458939989e-01,2.797177741758452921e-02,7.074236833163813354e-02,6.088324065318577449e-02
1.019403880776155233e+02,-1.650658284548473631e+00,3.477529570531003866e-01,3.875695364340666638e-01,2.719553125074658864e-02,7.077266362148920686e-02,3.195990924543612999e-01
1.020204040808161636e+02,-1.644994066564750446e+00,3.378226894571009220e-01,3.814843060325107116e-01,2.644429143240403096e-02,7.080412619625969795e-02,-9.034785671850062427e-02
1.021004200840168039e+02,-1.639327277420936424e+00,3.279995012168945290e-01,3.754969010884539049e-01,2.571717340074508584e-02,7.083734660679325001e-02,8.855960098497306365e-02
1.021804360872174442e+02,-1.633657779200943017e+00,3.182827817748452581e-01,3.696057928040872298e-01,2.501333114055331527e-02,7.087228432170883385e-02,1.952829032556145927e-01
1.022604520904180845e+02,-1.627985412053884806e+00,3.086718964206741078e-01,3.638094771571634412e-01,2.433195517721005799e-02,7.090892175410784537e-02,1.426602270113599968e-01
1.023404680936187248e+02,-1.622310011417382070e+00,2.991661862671419758e-01,3.581064745276926198e-01,2.367227069362744241e-02,7.094764209375006847e-02,4.073944492302303266e-02
1.024204840968193650e+02,-1.616631408603174114e+00,2.897649682972893159e-01,3.524953293295914891e-01,2.303353576126597468e-02,7.098924267582712444e-02,2.450013450975107865e-01
1.025005001000200053e+02,-1.610949377318724229e+00,2.804675353307318764e-01,3.469746096406141622e-01,2.241503967445075685e-02,7.103385858125421670e-02,-3.581542719531392860e-02
1.025805161032206456e+02,-1.605263651685278736e+00,2.712731564073609936e-01,3.415429068496492748e-01,2.181610138982197772e-02,7.108138049365386735e-02,-5.954823247816928844e-02
1.026605321064212859e+02,-1.599573969324063594e+00,2.621810774225382112e-01,3.361988353157520648e-01,2.123606806166653677e-02,7.113233769769217174e-02,1.279393939909332367e-01
1.027405481096219262e+02,-1.593880059136940641e+00,2.531905216882149312e-01,3.309410320256523375e-01,2.067431366060102499e-02,7.118764538433033917e-02,-7.425933473897225467e-02
1.028205641128225665e+02,-1.588181565109304305e+00,2.443006903623294312e-01,3.257681562460568725e-01,2.013023766817828228e-02,7.124713983245045679e-02,-1.665478354642110914e-01
1.029005801160232068e+02,-1.582478115995390455e+00,2.355107636204492594e-01,3.206788892076941067e-01,1.960326385977140262e-02,7.131098217717651844e-02,1.595996459499764986e-01
1.029805961192238470e+02,-1.576769355083804225e+00,2.268199018152148028e-01,3.156719337908354128e-01,1.909283915624084352e-02,7.138021629037108462e-02,1.475152475524147133e-01
1.030606121224244873e+02,-1.571054848787024838e+00,2.182272462458226536e-01,3.107460141944031751e-01,1.859843253131104185e-02,7.145504276418399026e-02,1.446837290585290259e-01
1.031406281256251276e+02,-1.565334114251440756e+00,2.097319205534426967e-01,3.058998756330395530e-01,1.811953399168038381e-02,7.153539101256434218e-02,2.278827654415156723e-02
1.032206441288257679e+02,-1.559606696656427260e+00,2.013330324709134145e-01,3.011322840526041711e-01,1.765565362130247853e-02,7.162234800907607557e-02,8.991696077801038245e-02
1.033006601320264082e+02,-1.553872062706812773e+00,1.930296748717600097e-01,2.964420258150903265e-01,1.720632066257892639e-02,7.171620570608841505e-02,-2.481645211815650121e-02
1.033806761352270485e+02,-1.548129622501353664e+00,1.848209274763500110e-01,2.918279074149869867e-01,1.677108266099320774e-02,7.181691007213768241e-02,2.452520307334033478e-01
1.034606921384276887e+02,-1.542378821692884872e+00,1.767058589894216492e-01,2.872887552198969963e-01,1.634950466647194789e-02,7.192569917174804206e-02,1.510281243221928693e-01
1.035407081416283290e+02,-1.536618997929489305e+00,1.686835282329517682e-01,2.828234151649875461e-01,1.594116845450341616e-02,7.204257592316153092e-02,1.462681831601833626e-01
1.036207241448289693e+02,-1.530849467646268058e+00,1.607529864019177634e-01,2.784307525050991328e-01,1.554567181456619276e-02,7.216786969548028008e-02,-1.228306043951832016e-01
1.037007401480296096e+02,-1.525069558329021913e+00,1.529132791486931264e-01,2.741096515639677156e-01,1.516262787386609898e-02,7.230276971166293976e-02,1.530329741106513652e-01
1.037807561512302499e+02,-1.519278466462072652e+00,1.451634478613811896e-01,2.698590154453434087e-01,1.479166443699234459e-02,7.244694477272009547e-02,2.218441469708560265e-01
1.038607721544308902e+02,-1.513475434444286449e+00,1.375025325191031600e-01,2.656777658316294422e-01,1.443242340029954503e-02,7.260153324856188917e-02,1.942277418132991873e-01
1.039407881576315305e+02,-1.507659612121398096e+00,1.299295730405023164e-01,2.615648427094435791e-01,1.408456016074840361e-02,7.276684390278183312e-02,1.516798774824318352e-01
1.040208041608321707e+02,-1.501830106362024519e+00,1.224436115498602623e-01,2.575192041496215944e-01,1.374774307951459953e-02,7.294321210875569228e-02,7.284749520578914783e-02
1.041008201640328110e+02,-1.495986028850217364e+00,1.150436946600832816e-01,2.535398260972535622e-01,1.342165297675996377e-02,7.313176175093409614e-02,3.894847702542979240e-02
1.041808361672334513e+02,-1.490126361283490519e+00,1.077288747907633876e-01,2.496257021141512211e-01,1.310598262790804366e-02,7.333230098754989212e-02,1.334964695494381126e-01
1.042608521704340916e+02,-1.484250141695552694e+00,1.004982131378343718e-01,2.457758432252510061e-01,1.280043633379523114e-02,7.354625563086215900e-02,1.118231912105984438e-01
1.043408681736347319e+02,-1.478356253866788705e+00,9.335078052702580620e-02,2.419892776511654853e-01,1.250472945673996791e-02,7.377343870589060659e-02,9.741089174447575827e-02
1.044208841768353722e+02,-1.472443630109139034e+00,8.628566042314922413e-02,2.382650506784093625e-01,1.221858804433072557e-02,7.401517072274273190e-02,4.309269604384116659e-02
1.045009001800360124e+02,-1.466511066810985087e+00,7.930194981200276716e-02,2.346022244127876633e-01,1.194174841485899294e-02,7.427153055839554041e-02,2.423971833509387941e-01
1.045809161832366527e+02,-1.460557378004082807e+00,7.239876186939052383e-02,2.309998776535499010e-01,1.167395681984842969e-02,7.454366610331347731e-02,-4.224066311628502102e-02
1.046609321864372930e+02,-1.454581262885986659e+00,6.557522699408661893e-02,2.274571056781803380e-01,1.141496907926169667e-02,7.483189148821486891e-02,7.256864590700652651e-02
1.047409481896379333e+02,-1.448581414841123349e+00,5.883049513100072070e-02,2.239730201218844141e-01,1.116455027893151902e-02,7.513729363996089761e-02,1.711920636103128612e-02
1.048209641928385736e+02,-1.442556417785246348e+00,5.216373682006129886e-02,2.205467487884349431e-01,1.092247444872708820e-02,7.546030750107991791e-02,1.786646123101657824e-01
1.049009801960392139e+02,-1.436504842829559037e+00,4.557414533843549137e-02,2.171774355475202811e-01,1.068852429707087444e-02,7.580210561248654222e-02,2.188502563419146285e-01
1.049809961992398541e+02,-1.430425137779894884e+00,3.906093755436459980e-02,2.138642401601492382e-01,1.046249092269923783e-02,7.616313938161373143e-02,2.005720234626405807e-01
1.050610122024404944e+02,-1.424315745602043659e+00,3.262335609149411703e-02,2.106063382101647230e-01,1.024417359079996849e-02,7.654478522805870100e-02,1.520855034039080844e-01
1.051410282056411347e+02,-1.418174957834898775e+00,2.626066980575873788e-02,2.074029209330897905e-01,1.003337946958370377e-02,7.694747052651536301e-02,-6.331272712148543202e-02
1.052210442088417750e+02,-1.412001073687312980e+00,1.997217610825517686e-02,2.042531951948666769e-01,9.829923451395376766e-03,7.737280780148605985e-02,2.854960785561188041e-01
1.053010602120424153e+02,-1.405792214340707114e+00,1.375720104237726851e-02,2.011563833233381282e-01,9.633627910743054398e-03,7.782129549223151810e-02,1.294909044496964090e-01
1.053810762152430556e+02,-1.399546501667368714e+00,7.615101663101286542e-03,1.981117231303972936e-01,9.444322565734958666e-03,7.829464988131155934e-02,6.744832538162998103e-02
1.054610922184436959e+02,-1.393261880739605552e+00,1.545266032531126231e-03,1.951184677715286087e-01,9.261844267490026636e-03,7.879369585436858670e-02,8.094375546584098302e-02
1.055411082216443361e+02,-1.386936251166857481e+00,-4.452884760183372682e-03,1.921758857823436806e-01,9.086036885020626688e-03,7.932007230309345847e-02,4.536815893793329918e-02
1.056211242248449764e+02,-1.380567365780771105e+00,-1.037989618511174841e-02,1.892832610090900980e-01,8.916751144893502248e-03,7.987512150413540735e-02,1.222631787765166844e-01
1.057011402280456167e+02,-1.374152862666641939e+00,-1.623627895885305233e-02,1.864398926328704187e-01,8.753844523993902296e-03,8.046040014840030730e-02,1.114771809594607144e-01
1.057811562312462570e+02,-1.367690267735669929e+00,-2.202250793529501177e-02,1.836450952009934523e-01,8.597181152081764463e-03,8.107782789407275148e-02,4.506782332740248698e-02
1.058611722344468973e+02,-1.361176914492142620e+00,-2.773902160415366372e-02,1.808981986296166744e-01,8.446631705641454574e-03,8.172894965200869222e-02,-1.752601940255390234e-01
1.059411882376475376e+02,-1.354610045697744569e+00,-3.338622020996313833e-02,1.781985483524388680e-01,8.302073379499117986e-03,8.241620992026250925e-02,7.890407641546527684e-02
1.060212042408481778e+02,-1.347986672108466122e+00,-3.896446567199871036e-02,1.755455053371530461e-01,8.163389797262356889e-03,8.314160691212943433e-02,1.308252025360795989e-01
1.061012202440488181e+02,-1.341303636013519540e+00,-4.447407988774044335e-02,1.729384462750677420e-01,8.030471011983017840e-03,8.390758874754758456e-02,1.365243732367801555e-01
1.061812362472494584e+02,-1.334557602558520628e+00,-4.991534349230192930e-02,1.703767637633556431e-01,7.903213506826366544e-03,8.471716006721100034e-02,6.937065998964227209e-02
1.062612522504500987e+02,-1.327744951009362406e+00,-5.528849536187156050e-02,1.678598664478934133e-01,7.781520179071786149e-03,8.557304868423587507e-02,1.309045256305766403e-01
1.063412682536507390e+02,-1.320861839680239624e+00,-6.059373055784935541e-02,1.653871793531009604e-01,7.665300419872489966e-03,8.647864154637729950e-02,1.893105355900748243e-01
1.064212842568513793e+02,-1.313904163355110066e+00,-6.583119898853352636e-02,1.629581441849714263e-01,7.554470182674869784e-03,8.743785911065156402e-02,4.041283085426488481e-02
1.065013002600520196e+02,-1.306867457418695366e+00,-7.100100438831012661e-02,1.605722196428656101e-01,7.448952057271681325e-03,8.845462193659089922e-02,2.350825264784537072e-01
1.065813162632526598e+02,-1.299746928239351229e+00,-7.610320194506768610e-02,1.582288819201911612e-01,7.348675438940997957e-03,8.953354273622970982e-02,-1.059822874458627717e-01
1.066613322664533001e+02,-1.292537412996166868e+00,-8.113779625683120722e-02,1.559276252297466525e-01,7.253576710024959261e-03,9.067999151107786204e-02,-3.542486186082918764e-02
1.067413482696539404e+02,-1.285233278544063884e+00,-8.610473956623414249e-02,1.536679623588822485e-01,7.163599435598910770e-03,9.189972917106395411e-02,1.385234133522122990e-03
1.068213642728545807e+02,-1.277828391368408756e+00,-9.100392893901945723e-02,1.514494254104229998e-01,7.078694650503854734e-03,9.319925469590972789e-02,-1.512474162516445064e-01
1.069013802760552210e+02,-1.270316075006428846e+00,-9.583520306159189206e-02,1.492715666715271061e-01,6.998821207955812848e-03,9.458611047647429160e-02,-5.390151626804368101e-03
1.069813962792558613e+02,-1.262689019951732883e+00,-1.005983389591133675e-01,1.471339595862826699e-01,6.923946176493554414e-03,9.606891079496013286e-02,2.209061083585983076e-01
1.070614122824565015e+02,-1.254939165225448905e+00,-1.052930483793505650e-01,1.450361998735764657e-01,6.854045304722482072e-03,9.765731550422929175e-02,2.218102220294876359e-01
1.071414282856571418e+02,-1.247057617185838518e+00,-1.099189729687194000e-01,1.429779069184278772e-01,6.789103616838941362e-03,9.936245526041172227e-02,1.090983015330322381e-01
1.072214442888577821e+02,-1.239034530108785059e+00,-1.144756788697277872e-01,1.409587253883976543e-01,6.729116112936990753e-03,1.011972490250667989e-01,2.732974456988641609e-01
1.073014602920584224e+02,-1.230858950815792774e+00,-1.189626505516730159e-01,1.389783271258639430e-01,6.674088597501699922e-03,1.031767033110760068e-01,1.271257253056954639e-01
1.073814762952590627e+02,-1.222518629373362309e+00,-1.233792836118075414e-01,1.370364133870433931e-01,6.624038669103533492e-03,1.053182802785211231e-01,5.553708461689575715e-02
1.074614922984597030e+02,-1.213999794313934011e+00,-1.277248762583891029e-01,1.351327175122788438e-01,6.578996910701324398e-03,1.076424014506997401e-01,1.318054783889813508e-01
1.075415083016603432e+02,-1.205286897574620708e+00,-1.319986189538351895e-01,1.332670081629519498e-01,6.539008344889419774e-03,1.101731996555251336e-01,9.645853861913494809e-02
1.076215243048609835e+02,-1.196362286168553668e+00,-1.361995822515228438e-01,1.314390931982612754e-01,6.504134186049654806e-03,1.129393721258701438e-01,1.865327181758699715e-01
1.077015403080616238e+02,-1.187205794303353157e+00,-1.403267022397417796e-01,1.296488243732153156e-01,6.474453974578111594e-03,1.159752745404678959e-01,-3.432978943487215162e-02
1.077815563112622641e+02,-1.177794234947320495e+00,-1.443787629675842288e-01,1.278961030797513831e-01,6.450068197072485708e-03,1.193223548992351779e-01,2.192638492323580879e-01
1.078615723144629044e+02,-1.168100759438639669e+00,-1.483543750774921621e-01,1.261808874195268493e-01,6.431101527644316959e-03,1.230310474038029400e-01,7.707837428495097065e-02
1.079415883176635447e+02,-1.158094042006491131e+00,-1.522519496223901092e-01,1.245032009959938235e-01,6.417706872286111849e-03,1.271632991106007859e-01,2.126956007616265798e-01
1.080216043208641707e+02,-1.147737229147856919e+00,-1.560696657034709445e-01,1.228631439534887265e-01,6.410070464466714572e-03,1.317959812428482480e-01,-2.230803894179034241e-02
1.081016203240648110e+02,-1.136986568982008228e+00,-1.598054300843668729e-01,1.212609069924558552e-01,6.408418355477423466e-03,1.370255581896542008e-01,9.509969264442537373e-02
1.081816363272654513e+02,-1.125789598654647783e+00,-1.634568262517101800e-01,1.196967893845989062e-01,6.413024782760629559e-03,1.429745762650768415e-01,1.507808983000984149e-01
1.082616523304660916e+02,-1.114082711463429298e+00,-1.670210493954246700e-01,1.181712224516902748e-01,6.424223108315175144e-03,1.498008354576484680e-01,2.399460983527648972e-01
1.083416683336667319e+02,-1.101787837778281043e+00,-1.704948223049483624e-01,1.166848006430329793e-01,6.442420338271077733e-03,1.577105986640760793e-01,3.595749174689027994e-02
1.084216843368673722e+02,-1.088807838865950783e+00,-1.738742849733415918e-01,1.152383233757527242e-01,6.468116723816064693e-03,1.669780253018355309e-01,3.337224508927111866e-01
1.085017003400680125e+02,-1.075020017556700402e+00,-1.771548470740057224e-01,1.138328524384493584e-01,6.501932728997537880e-03,1.779744794338736780e-01,2.262408269342252032e-01
1.085817163432686527e+02,-1.060266616082653046e+00,-1.803309860950942922e-01,1.124697931880004748e-01,6.544647303412034871e-03,1.912134963440705049e-01,1.386359545037597896e-01
1.086617323464692930e+02,-1.044340820036555151e+00,-1.833959696101416792e-01,1.111510103920875098e-01,6.597252563507738365e-03,2.074225959577898626e-01,3.291527993765979154e-01
1.087417483496699333e+02,-1.026965347297773334e+00,-1.863414559642463664e-01,1.098790011423767254e-01,6.661035713247292871e-03,2.276610093930878653e-01,2.379321116953508342e-01
1.088217643528705736e+02,-1.007758597037580417e+00,-1.891569107986428855e-01,1.086571598360286661e-01,6.737704872051607750e-03,2.535203224180392900e-01,3.693500204891622674e-01
1.089017803560712139e+02,-9.861791714558981736e-01,-1.918287220577518104e-01,1.074902018033770806e-01,6.829590767440717712e-03,2.874817887823711837e-01,5.197965696570483463e-01
1.089817963592718542e+02,-9.614308126486657002e-01,-1.943388060593720934e-01,1.063848734009222585e-01,6.939985697984186151e-03,3.335857708620472151e-01,4.104386086279052659e-01
1.090618123624724944e+02,-9.322908298066194810e-01,-1.966623083998565447e-01,1.053512129628219052e-01,7.073746981790076868e-03,3.987638129011570332e-01,3.460958665441535853e-01
1.091418283656731347e+02,-8.967791948673999869e-01,-1.987635819885489319e-01,1.044049649317702472e-01,7.238455189984695053e-03,4.956907728927862355e-01,4.531200293536714052e-01
1.092218443688737750e+02,-8.514720921283508437e-01,-2.005886630918967406e-01,1.035726250191860570e-01,7.446840581138584013e-03,6.494567023867476863e-01,7.077121370245943455e-01
1.093018603720744153e+02,-7.899264159361399917e-01,-2.020498026338223008e-01,1.029033866999157915e-01,7.722542255507942703e-03,9.150157269574229479e-01,9.438062686667987311e-01
1.093818763752750556e+02,-6.985919101009425702e-01,-2.029895338814904915e-01,1.025025100100124265e-01,8.116230226802738368e-03,1.429663885768816645e+00,1.346360889413517725e+00
1.094618923784756959e+02,-5.443689315428035247e-01,-2.030807652570356114e-01,1.026497572517919010e-01,8.762938342051556848e-03,2.600316341685232402e+00,2.533505390122634537e+00
1.095419083816763361e+02,-2.292582628071337669e-01,-2.014591841692550400e-01,1.043834386423953403e-01,1.016512425686152271e-02,5.875480883405037602e+00,5.942059086333256523e+00
1.096219243848769764e+02,5.583378335011471849e-01,-1.952499336682039788e-01,1.120192022048180774e-01,1.440801314505806355e-02,1.480569464913697431e+01,1.504036448622310473e+01
1.097019403880776167e+02,1.719214928337737813e+00,-1.808857034971921296e-01,1.260186685944499896e-01,2.162757639711448965e-02,8.576377370254286703e+00,8.313340632123493279e+00
1.097819563912782570e+02,1.975625002750217130e+00,-1.619421156280068941e-01,1.404802808910768364e-01,2.887937710842268871e-02,5.352278372701371190e-01,6.076194510524093317e-01
1.098619723944788973e+02,1.984394707096526211e+00,-1.425213455713858490e-01,1.548774255461757010e-01,3.590476283497437415e-02,-5.983404952282292411e-02,-8.093876782499037636e-02
1.099419883976795376e+02,1.977811414830562109e+00,-1.231838616866910430e-01,1.691915269251103859e-01,4.269737030273230982e-02,-9.124922498732826459e-02,-1.331275361330959417e-02
1.100220044008801779e+02,1.970404182919411662e+00,-1.039640298032778326e-01,1.834130646143647403e-01,4.925592651368605746e-02,-9.318859036055569811e-02,-6.416452554028326261e-03
1.101020204040808181e+02,1.962930931380096666e+00,-8.486662662768644505e-02,1.975338629203760299e-01,5.558048833904496305e-02,-9.356483334309831368e-02,-8.828102483924352151e-02
1.101820364072814584e+02,1.955432912502527154e+00,-6.589513968802582222e-02,2.115466693309886737e-01,6.167223563798417824e-02,-9.384379314870266997e-02,-1.954411478509222033e-01
1.102620524104820987e+02,1.947913446273330962e+00,-4.705318426009855864e-02,2.254450534561591724e-01,6.753338418660433107e-02,-9.410169444882431067e-02,-2.338068837991237325e-01
1.103420684136827390e+02,1.940373979088849898e+00,-2.834451300254767214e-02,2.392233310449828065e-01,7.316708454088216573e-02,-9.434483180306030281e-02,-2.817627006623767416e-01
1.104220844168833793e+02,1.932815729967105822e+00,-9.772944190217357913e-03,2.528764962990859844e-01,7.857730849084482161e-02,-9.457022985427920858e-02,2.766433016921242272e-02
1.105021004200840196e+02,1.925240083405809211e+00,8.657715223154508616e-03,2.664001605966205832e-01,8.376873020731874508e-02,-9.478022582188921907e-02,-1.157504623975887242e-01
1.105821164232846598e+02,1.917648307597227708e+00,2.694374702812732739e-02,2.797904968440703688e-01,8.874660790937036192e-02,-9.497352417087212562e-02,-1.490010209067277047e-01
1.106621324264853001e+02,1.910041688035114094e+00,4.508159376188697332e-02,2.930441887978930682e-01,9.351667030508364897e-02,-9.515063511969477916e-02,-1.229225762023341412e-01
1.107421484296859404e+02,1.902421502821413313e+00,6.306792361968759086e-02,3.061583848755154991e-01,9.808501074325468028e-02,-9.531373592138120410e-02,-2.292605077610384290e-01
1.108221644328865807e+02,1.894788851202168001e+00,8.089968589741246274e-02,3.191306560291178318e-01,1.024579908681013812e-01,-9.546169291421244263e-02,-6.500023496210646790e-02
1.109021804360872210e+02,1.887144859124119778e+00,9.857415406319459950e-02,3.319589572960479074e-01,1.066421546880140653e-01,-9.559746112756481451e-02,3.627268847681475172e-02
1.109821964392878613e+02,1.879490484739542833e+00,1.160889575488551623e-01,3.446415927356674125e-01,1.106441533151283491e-01,-9.572215566710558232e-02,1.812390740999070271e-02
1.110622124424885016e+02,1.871826537568432647e+00,1.334421007478422683e-01,3.571771834359419029e-01,1.144706801248027705e-01,-9.583612190859833180e-02,-2.524160290313703370e-01
1.111422284456891418e+02,1.864153788434467440e+00,1.506319701561192603e-01,3.695646383323766271e-01,1.181284157767965720e-01,-9.594265490599253321e-02,4.040853347490265535e-02
1.112222444488897821e+02,1.856472804873163129e+00,1.676573317813481456e-01,3.818031276155588460e-01,1.216239823363643308e-01,-9.604290285122572823e-02,-1.724665923238593024e-01
1.113022604520904224e+02,1.848784003980669777e+00,1.845173191202554019e-01,3.938920584822260818e-01,1.249639056111957885e-01,-9.613763417984401427e-02,-2.874328607041205519e-01
1.113822764552910627e+02,1.841087733589448883e+00,2.012114139026212889e-01,4.058310530345448086e-01,1.281545847955890272e-01,-9.622966110141815965e-02,-2.191768846424796136e-01
1.114622924584917030e+02,1.833384178053486302e+00,2.177394219200776693e-01,4.176199281505576510e-01,1.312022685223422358e-01,-9.632080762031272614e-02,-1.929722187448181248e-01
1.115423084616923433e+02,1.825673350507723169e+00,2.341014449517025975e-01,4.292586771388680056e-01,1.341130364560988719e-01,-9.641157495365038077e-02,-9.710635898765428153e-02
1.116223244648929835e+02,1.817955184656445455e+00,2.502978502589854881e-01,4.407474530164660620e-01,1.368927856295621692e-01,-9.650369239534023480e-02,-1.997012396939649159e-01
1.117023404680936238e+02,1.810229521988364398e+00,2.663292395099969290e-01,4.520865532755889427e-01,1.395472208021884541e-01,-9.659946372377950508e-02,-2.476240098017723767e-01
1.117823564712942641e+02,1.802496049684865875e+00,2.821964180649300657e-01,4.632764060028069508e-01,1.420818481920853860e-01,-9.669974411335713338e-02,-1.231491476264873486e-01
1.118623724744949044e+02,1.794754350386571717e+00,2.979003650011270987e-01,4.743175572177074639e-01,1.445019720054764867e-01,-9.680519746670390724e-02,9.558519681265331691e-02
1.119423884776955447e+02,1.787003937815743848e+00,3.134422048213877932e-01,4.852106593265119172e-01,1.468126932684764574e-01,-9.691708102085583310e-02,-1.671521692597159325e-01
1.120224044808961850e+02,1.779244253847762414e+00,3.288231813275911408e-01,4.959564605909652646e-01,1.490189105316325202e-01,-9.703692841756608733e-02,-5.061157687259154603e-02
1.121024204840968252e+02,1.771474647366400479e+00,3.440446338467337828e-01,5.065557955184772920e-01,1.511253220783558004e-01,-9.716577592503647387e-02,-8.917109280208988797e-02
1.121824364872974655e+02,1.763694374968737488e+00,3.591079757998841826e-01,5.170095760865548451e-01,1.531364293226754603e-01,-9.730404593386587919e-02,1.685027254855915313e-01
1.122624524904981058e+02,1.755902637424894053e+00,3.740146755669807588e-01,5.273187837231362307e-01,1.550565411312028741e-01,-9.745240244076122660e-02,-2.872782184067090849e-01
1.123424684936987461e+02,1.748098581628103387e+00,3.887662397815900284e-01,5.374844619790070110e-01,1.568897788498908319e-01,-9.761166425967318649e-02,1.192650046182471002e-02
1.124224844968993864e+02,1.740281300719116464e+00,4.033641988338628193e-01,5.475077098269331977e-01,1.586400818498337750e-01,-9.778269573848530349e-02,-2.259211953184966648e-01
1.125025005001000267e+02,1.732449834432617353e+00,4.178100944136620698e-01,5.573896755302283346e-01,1.603112134391123100e-01,-9.796632911025643375e-02,-1.572078545122699844e-01
1.125825165033006670e+02,1.724603163193051403e+00,4.321054689338891808e-01,5.671315510296541795e-01,1.619067670152170568e-01,-9.816315360439351045e-02,-1.078313189437347247e-01
1.126625325065013072e+02,1.716740213511867230e+00,4.462518565908938362e-01,5.767345668002136216e-01,1.634301723545063534e-01,-9.837361700052102420e-02,2.202350031792830454e-01
1.127425485097019475e+02,1.708859867876701522e+00,4.602507758934365478e-01,5.861999871356379233e-01,1.648847019558037919e-01,-9.859824496686736550e-02,-1.748987759951999843e-01
1.128225645129025878e+02,1.700960964313475543e+00,4.741037235287573481e-01,5.955291058236816815e-01,1.662734773719960479e-01,-9.883760936035893008e-02,-2.877260206851926516e-01
1.129025805161032281e+02,1.693042295651625340e+00,4.878121693652748281e-01,6.047232421763771848e-01,1.675994754762103744e-01,-9.909230514528882816e-02,3.064405488883378825e-02
1.129825965193038684e+02,1.685102608671990243e+00,5.013775524350917445e-01,6.137837373835354216e-01,1.688655346210042596e-01,-9.936293882173707903e-02,-1.832865496547473882e-01
1.130626125225045087e+02,1.677140603059342761e+00,5.148012777545688534e-01,6.227119511607276392e-01,1.700743606585143897e-01,-9.965012502776010583e-02,-1.239451603968293181e-01
1.131426285257051489e+02,1.669154930092984657e+00,5.280847138556648002e-01,6.315092586656152474e-01,1.712285327973717131e-01,-9.995448863085176772e-02,-1.023586709252774229e-01
1.132226445289057892e+02,1.661144191018761429e+00,5.412291909148393421e-01,6.401770476588501957e-01,1.723305092786552584e-01,-1.002766702023788481e-01,-9.057779164428959862e-02
1.133026605321064295e+02,1.653106935054413196e+00,5.542359993796860396e-01,6.487167158878952566e-01,1.733826328584440468e-01,-1.006173332773113716e-01,-1.176311961130005329e-01
1.133826765353070698e+02,1.645041656987556999e+00,5.671063890058605228e-01,6.571296686740186743e-01,1.743871360888283872e-01,-1.009771722465815924e-01,-7.420152864917621549e-02
1.134626925385077101e+02,1.636946794331808119e+00,5.798415682281663486e-01,6.654173166844288279e-01,1.753461463927146746e-01,-1.013569201141997778e-01,-6.262095989062541057e-02
1.135427085417083504e+02,1.628820724011707854e+00,5.924427037998069023e-01,6.735810738730461100e-01,1.762616909305401713e-01,-1.017573556814518887e-01,-1.636507385965793593e-02
1.136227245449089907e+02,1.620661758551222187e+00,6.049109206428199270e-01,6.816223555747770169e-01,1.771357012592225944e-01,-1.021793100005274901e-01,-1.449026235904936899e-01
1.137027405481096309e+02,1.612468141743618633e+00,6.172473018606133843e-01,6.895425767393843497e-01,1.779700177853978660e-01,-1.026236721734422042e-01,-1.774966865089325774e-01
1.137827565513102712e+02,1.604238043782467482e+00,6.294528888704004066e-01,6.973431502921260128e-01,1.787663940163328191e-01,-1.030913947636935557e-01,-2.094464226303989485e-01
1.138627725545109115e+02,1.595969555834325426e+00,6.415286816192474761e-01,7.050254856093053357e-01,1.795265006129055929e-01,-1.035834992411402422e-01,-4.431260922422035342e-02
1.139427885577115518e+02,1.587660684033206149e+00,6.534756388525039261e-01,7.125909870977202853e-01,1.802519292497803960e-01,-1.041010819983770319e-01,-1.087308965179885484e-01
1.140228045609121921e+02,1.579309342875144351e+00,6.652946784076375630e-01,7.200410528677442246e-01,1.809441962884164312e-01,-1.046453215625811617e-01,-4.932486441979785918e-02
1.141028205641128324e+02,1.570913347987856312e+00,6.769866775100541467e-01,7.273770734904090318e-01,1.816047462688781533e-01,-1.052174876836425854e-01,-5.139786350205544779e-02
1.141828365673134726e+02,1.562470408245476783e+00,6.885524730503865820e-01,7.346004308294141749e-01,1.822349552265918604e-01,-1.058189530091180330e-01,6.276874032634249811e-02
1.142628525705141129e+02,1.553978117191393116e+00,6.999928618250751411e-01,7.417124969394358613e-01,1.828361338402461345e-01,-1.064512080624621659e-01,-8.570069850575856574e-02
1.143428685737147532e+02,1.545433943722998249e+00,7.113086007238734743e-01,7.487146330224800916e-01,1.834095304169832130e-01,-1.071158802248825537e-01,-3.187874855587626011e-02
1.144228845769153935e+02,1.536835221980355159e+00,7.225004068492475451e-01,7.556081884343017752e-01,1.839563337208907912e-01,-1.078147573849247420e-01,-2.280737400144061122e-01
1.145029005801160338e+02,1.528179140365868438e+00,7.335689575535362383e-01,7.623944997330999174e-01,1.844776756505946691e-01,-1.085498168657453300e-01,-2.165799844847406674e-01
1.145829165833166741e+02,1.519462728073647018e+00,7.445148903878577862e-01,7.690748897632992964e-01,1.849746337716982880e-01,-1.093232344319836069e-01,-1.404970090124196824e-01
1.146629325865173143e+02,1.510682831504032153e+00,7.553388029871884735e-01,7.756506667692534274e-01,1.854482337105103074e-01,-1.101372534718481067e-01,-2.318090210532928186e-01
1.147429485897179546e+02,1.501836102237324111e+00,7.660412527745251721e-01,7.821231235248408131e-01,1.858994514108949503e-01,-1.109942883136358360e-01,-4.203496653452107323e-02
1.148229645929185949e+02,1.492918983516284159e+00,7.766227565277051825e-01,7.884935364742401420e-01,1.863292152601661866e-01,-1.118970286580964202e-01,-2.452023074855284868e-01
1.149029805961192352e+02,1.483927692109591634e+00,7.870837898080934592e-01,7.947631648765060008e-01,1.867384080884622044e-01,-1.128485003879797777e-01,-1.060101985144084324e-01
1.149829965993198755e+02,1.474858198341038484e+00,7.974247862201188086e-01,8.009332499443223563e-01,1.871278690445848103e-01,-1.138521361202238236e-01,-3.596616982701839049e-01
1.150630126025205158e+02,1.465706196046556276e+00,8.076461365271391246e-01,8.070050139708947468e-01,1.874983953526911662e-01,-1.149117380826250590e-01,-2.253897104231595838e-01
1.151430286057211561e+02,1.456467050754637782e+00,8.177481876729962851e-01,8.129796594408248422e-01,1.878507439550084479e-01,-1.160311878346934056e-01,-1.499347214615881219e-01
1.152230446089217963e+02,1.447135788102897669e+00,8.277312413437615257e-01,8.188583680884913285e-01,1.881856330298507518e-01,-1.172148334062234065e-01,-1.431188020927458837e-01
1.153030606121224366e+02,1.437707067944090866e+00,8.375955523204591247e-01,8.246422999103899532e-01,1.885037433947214514e-01,-1.184677062225053534e-01,-2.976322805591329335e-01
1.153830766153230769e+02,1.428175144092742155e+00,8.473413265948680495e-01,8.303325921182186375e-01,1.888057197946725885e-01,-1.197956018536297518e-01,-1.089286939443833147e-01
1.154630926185237030e+02,1.418533776262227875e+00,8.569687194269987041e-01,8.359303580366522768e-01,1.890921720841329812e-01,-1.212046204689162798e-01,-2.371821759858790124e-02
1.155431086217243433e+02,1.408776188588772627e+00,8.664778327371848166e-01,8.414366858812033501e-01,1.893636762775256777e-01,-1.227014920527708108e-01,-5.787745152901054013e-02
1.156231246249249836e+02,1.398895041058416888e+00,8.758687119341136418e-01,8.468526374029271553e-01,1.896207754685181601e-01,-1.242941582476744800e-01,-1.901524646914653227e-01
1.157031406281256238e+02,1.388882339532996557e+00,8.851413425804273150e-01,8.521792464156623392e-01,1.898639806319365464e-01,-1.259916823455817236e-01,-1.847213661624355907e-01
1.157831566313262641e+02,1.378729293331100836e+00,8.942956468190208508e-01,8.574175171822822072e-01,1.900937713035291965e-01,-1.278037454651201332e-01,-2.464337736350643571e-01
1.158631726345269044e+02,1.368426282920389037e+00,9.033314783427992545e-01,8.625684225139221839e-01,1.903105960736801716e-01,-1.297417176479576106e-01,-6.676291818676176326e-02
1.159431886377275447e+02,1.357962744667303046e+00,9.122486170250241333e-01,8.676329016487585033e-01,1.905148729346261005e-01,-1.318189061432412101e-01,1.234697763195427567e-02
1.160232046409281850e+02,1.347326944844913443e+00,9.210467633779167995e-01,8.726118579004000786e-01,1.907069894840778823e-01,-1.340498962346961531e-01,-1.866454437847487324e-01
1.161032206441288253e+02,1.336505901060072166e+00,9.297255307377721989e-01,8.775061558046782784e-01,1.908873028620235446e-01,-1.364519405080699688e-01,-3.062337472028480168e-01
1.161832366473294655e+02,1.325485165979850555e+00,9.382844369636078596e-01,8.823166178831699513e-01,1.910561394879506103e-01,-1.390451983796087143e-01,-1.190447741191188735e-01
1.162632526505301058e+02,1.314248512413114467e+00,9.467228952316909529e-01,8.870440209224774719e-01,1.912137945602397360e-01,-1.418525680956836399e-01,-7.107562568503046629e-02
1.163432686537307461e+02,1.302777764467943467e+00,9.550402014470676937e-01,8.916890913747913539e-01,1.913605311380909835e-01,-1.449016466960120764e-01,-4.171140316685213456e-01
1.164232846569313864e+02,1.291052318312681635e+00,9.632355215879335741e-01,8.962525001551483461e-01,1.914965789562027287e-01,-1.482244360450177267e-01,-1.343888320817998583e-01
1.165033006601320267e+02,1.279048787880772586e+00,9.713078747030536864e-01,9.007348561682521071e-01,1.916221326640474842e-01,-1.518593343903751336e-01,6.457936357770896474e-02
1.165833166633326670e+02,1.266740421650333293e+00,9.792561137166904128e-01,9.051366986185085395e-01,1.917373495400993832e-01,-1.558522886740285052e-01,-7.378752773105963503e-02
1.166633326665333072e+02,1.254096413649434805e+00,9.870789020079464571e-01,9.094584876017585140e-01,1.918423464636005160e-01,-1.602587511295883171e-01,-1.052128710373427256e-01
1.167433486697339475e+02,1.241081065327649169e+00,9.947746844915271724e-01,9.137005924325217743e-01,1.919371959145790008e-01,-1.651465297094478757e-01,-1.249344019769412506e-01
1.168233646729345878e+02,1.227652640178655830e+00,1.002341652984382936e+00,9.178632772385612038e-01,1.920219208207993022e-01,-1.705990292998324498e-01,-6.440914717036644310e-02
1.169033806761352281e+02,1.213761945158457589e+00,1.009777702536927446e+00,9.219466826775772894e-01,1.920964877558898609e-01,-1.767202041647167321e-01,-2.708369295454113312e-01
1.169833966793358684e+02,1.199350450843155835e+00,1.017080376985056267e+00,9.259508026476419573e-01,1.921607980207306887e-01,-1.836412283109822852e-01,-2.681750085546815709e-01
1.170634126825365087e+02,1.184347717528631438e+00,1.024246800827642856e+00,9.298754542863008066e-01,1.922146758976837067e-01,-1.915294615065316064e-01,-1.507725306171179558e-01
1.171434286857371490e+02,1.168668066254922255e+00,1.031273589653093792e+00,9.337202381646884097e-01,1.922578527201188048e-01,-2.006022676648205882e-01,-2.691352021138575523e-01
1.172234446889377892e+02,1.152205794347266332e+00,1.038156736171013339e+00,9.374844855628432505e-01,1.922899454856729362e-01,-2.111460040132628890e-01,-1.852757619917834719e-01
1.173034606921384295e+02,1.134828586745028733e+00,1.044891457155097569e+00,9.411671861697229469e-01,1.923104270979331676e-01,-2.235452990234837456e-01,-4.148015473865230285e-01
1.173834766953390698e+02,1.116368013679119420e+00,1.051471987005699660e+00,9.447668873034739123e-01,1.923185844098766750e-01,-2.383277186698090633e-01,-1.625322522983457252e-01
1.174634926985397101e+02,1.096605487345819974e+00,1.057891293684995571e+00,9.482815499574215323e-01,1.923134577097539710e-01,-2.562341250547356397e-01,-1.715369838347521603e-01
1.175435087017403504e+02,1.075250983561455209e+00,1.064140676682396869e+00,9.517083367340740674e-01,1.922937507781736777e-01,-2.783335553608906610e-01,-2.739657651511648306e-01
1.176235247049409907e+02,1.051909680001770209e+00,1.070209182271200543e+00,9.550432886878995609e-01,1.922576927532816116e-01,-3.062176690838774862e-01,-2.897753749690680225e-01
1.177035407081416309e+02,1.026027787672280756e+00,1.076082724237820809e+00,9.582808131695850218e-01,1.922028175388424964e-01,-3.423446853522915667e-01,-1.802795767819672657e-01
1.177835567113422712e+02,9.968003304085810701e-01,1.081742711673060464e+00,9.614128321685381229e-01,1.921255946289118222e-01,-3.906782395305202771e-01,-4.989877023187206939e-01
1.178635727145429115e+02,9.630061946521175642e-01,1.087163803911633586e+00,9.644272823695334562e-01,1.920207747845788238e-01,-4.579479310524853242e-01,-5.492635966810075487e-01
1.179435887177435518e+02,9.226937608545421332e-01,1.092310026191297467e+00,9.673052766792139545e-01,1.918801448794271169e-01,-5.563195366718981516e-01,-6.657001660634433993e-01
1.180236047209441921e+02,8.725355433452082199e-01,1.097127571608471186e+00,9.700152332400395760e-01,1.916899399117266978e-01,-7.095636088873841230e-01,-7.520366260129387470e-01
1.181036207241448324e+02,8.063676403429409500e-01,1.101530181685219878e+00,9.724991664097429878e-01,1.914247774545284053e-01,-9.689279446628479286e-01,-1.070042936763685004e+00
1.181836367273454727e+02,7.114730496137809945e-01,1.105365717348091303e+00,9.746351629380681780e-01,1.910310310734958661e-01,-1.459830469403797126e+00,-1.456125621684903226e+00
1.182636527305461129e+02,5.575647243911722173e-01,1.108325236945309822e+00,9.761082737375905705e-01,1.903698444916460952e-01,-2.543339588408416230e+00,-2.608413269008324598e+00
1.183436687337467532e+02,2.580792264628353205e-01,1.109620285879184154e+00,9.758051713783657544e-01,1.889557008994479648e-01,-5.455813268705933083e+00,-5.600728180671470824e+00
1.184236847369473935e+02,-4.565600550110668343e-01,1.106685856741910445e+00,9.691535538695770224e-01,1.849217329459930947e-01,-1.341250363454434513e+01,-1.356752140816181829e+01
1.185037007401480338e+02,-1.607649988114135953e+00,1.095946699858468598e+00,9.546887875118941214e-01,1.779695873268333783e-01,-1.000757435878581703e+01,-9.886408648097674501e+00
1.185837167433486741e+02,-1.935011398169947494e+00,1.080210834018638932e+00,9.395762605767036257e-01,1.709999472392592090e-01,-8.282546956853181763e-01,-8.351425774806725544e-01
1.186637327465493144e+02,-1.953387559825432662e+00,1.063811106316356225e+00,9.246878882125708632e-01,1.643342952641890231e-01,1.606953537970912116e-02,-6.664247053747299893e-03
1.187437487497499546e+02,-1.949329512159791555e+00,1.047486921961567896e+00,9.100355443826770863e-01,1.579663894792564527e-01,6.478037792796154104e-02,6.743733646826273465e-02
1.188237647529505949e+02,-1.943984049525451896e+00,1.031285387811599286e+00,8.956161762873027232e-01,1.518842215556831521e-01,6.766194908980616152e-02,5.942573750539145716e-02
1.189037807561512352e+02,-1.938556425557517393e+00,1.015208829734814966e+00,8.814261321497123269e-01,1.460755669609438423e-01,6.793385415760078150e-02,1.435451477158372624e-01
1.189837967593518755e+02,-1.933115762090358736e+00,9.992570338846161748e-01,8.674617819987866518e-01,1.405283148629646317e-01,6.805046479834014894e-02,1.242763676178636062e-01
1.190638127625525158e+02,-1.927666365418878369e+00,9.834296458236354566e-01,8.537195516154639785e-01,1.352305593509493253e-01,6.815550214617077662e-02,9.184727510783703697e-03
1.191438287657531561e+02,-1.922208720955217442e+00,9.677263080923130811e-01,8.401959236343651272e-01,1.301706646409816759e-01,6.825753411211638033e-02,-1.409517160921169854e-02
1.192238447689537963e+02,-1.916743063818379555e+00,9.521466683298852596e-01,8.268874367560270500e-01,1.253373170147323024e-01,6.835643730041807142e-02,-4.031564155569150598e-02
1.193038607721544366e+02,-1.911269624415540269e+00,9.366903798430189498e-01,8.137906848615086286e-01,1.207195652142189768e-01,6.845204466851551039e-02,-5.666108495264279843e-02
1.193838767753550769e+02,-1.905788637987897882e+00,9.213571016276527192e-01,8.009023161335266927e-01,1.163068504955402788e-01,6.854449801829282096e-02,2.087590620253272078e-01
1.194638927785557172e+02,-1.900300341066654353e+00,9.061464983516090976e-01,7.882190321916220377e-01,1.120890275664891966e-01,6.863414229730940841e-02,-2.301978116913236394e-02
1.195439087817563575e+02,-1.894804967252807559e+00,8.910582403239968308e-01,7.757375872415656071e-01,1.080563776302530393e-01,6.872139576397928717e-02,-1.331831835901854111e-01
1.196239247849569978e+02,-1.889302731017753922e+00,8.760920034208470319e-01,7.634547872382857481e-01,1.041996147127028649e-01,6.880623012781722503e-02,-1.554221605793583427e-02
1.197039407881576381e+02,-1.883793834483055152e+00,8.612474690495228735e-01,7.513674890635194670e-01,1.005098863765619410e-01,6.888841422870439768e-02,-9.947755202464644841e-03
1.197839567913582783e+02,-1.878278479155407243e+00,8.465243241078819203e-01,7.394725997172970633e-01,9.697876983074134316e-02,6.896790126061508319e-02,1.019530626765950687e-01
1.198639727945589186e+02,-1.872756864072363747e+00,8.319222608894661919e-01,7.277670755222088728e-01,9.359826433852470873e-02,6.904476183196839312e-02,-1.955349674656955972e-02
1.199439887977595589e+02,-1.867229184366666850e+00,8.174409769664030545e-01,7.162479213407755285e-01,9.036078072097046554e-02,6.911913074549164149e-02,1.225944374491587247e-01
1.200240048009601992e+02,-1.861695630262940604e+00,8.030801750480107692e-01,7.049121898056839308e-01,8.725912864590089357e-02,6.919116784406681431e-02,1.080438653042223029e-01
1.201040208041608395e+02,-1.856156386441058626e+00,7.888395628129519777e-01,6.937569805626562225e-01,8.428650229254693038e-02,6.926103068030237120e-02,1.959439824837979904e-01
1.201840368073614798e+02,-1.850611631700682880e+00,7.747188527128325841e-01,6.827794395257184012e-01,8.143646488930750271e-02,6.932885682272710293e-02,2.860281647300795260e-01
1.202640528105621200e+02,-1.845061537092458348e+00,7.607177617405564973e-01,6.719767581445519333e-01,7.870293253831706082e-02,6.939469978584217325e-02,3.542851122989349455e-01
1.203440688137627603e+02,-1.839506266130821022e+00,7.468360111708924887e-01,6.613461726838844035e-01,7.608015766643021205e-02,6.945853092167192377e-02,2.045419952099484517e-01
1.204240848169634006e+02,-1.833945978964274470e+00,7.330733262769554281e-01,6.508849635148269419e-01,7.356271237703843058e-02,6.952035985523102868e-02,-4.644967227243168573e-02
1.205041008201640409e+02,-1.828380832209288043e+00,7.194294359990583976e-01,6.405904544175207160e-01,7.114547192092909866e-02,6.958022034544986134e-02,2.916028104529663767e-02
1.205841168233646812e+02,-1.822810978841947982e+00,7.059040725756279278e-01,6.304600118951053656e-01,6.882359845687315014e-02,6.963815897938346877e-02,9.440277328051389916e-02
1.206641328265653215e+02,-1.817236568181230361e+00,6.924969711348327728e-01,6.204910444988103180e-01,6.659252523214555242e-02,6.969422771845312781e-02,2.765069781180844455e-01
1.207441488297659618e+02,-1.811657745932949259e+00,6.792078692455039146e-01,6.106810021639788033e-01,6.444794127955623397e-02,6.974847933890471197e-02,1.374105125986224141e-01
1.208241648329666020e+02,-1.806074654267439961e+00,6.660365064260798107e-01,6.010273755568358300e-01,6.238577669977123097e-02,6.980096495973198145e-02,1.901382054200107530e-01
1.209041808361672423e+02,-1.800487431908016411e+00,6.529826236105040760e-01,5.915276954318174907e-01,6.040218857498055177e-02,6.985173299662306157e-02,5.245654483544293090e-02
1.209841968393678826e+02,-1.794896214211144425e+00,6.400459625702059618e-01,5.821795319992862927e-01,5.849354754159458852e-02,6.990082901768418511e-02,1.289292786487508669e-01
1.210642128425685229e+02,-1.789301133223167639e+00,6.272262652915520098e-01,5.729804943034586540e-01,5.665642503496737259e-02,6.994829610733332981e-02,1.417675217043564140e-01
1.211442288457691632e+02,-1.783702317702230866e+00,6.145232733084298182e-01,5.639282296103801384e-01,5.488758120756575404e-02,6.999417546638131427e-02,2.436332592007221104e-02
1.212242448489698035e+02,-1.778099893097841777e+00,6.019367269899499329e-01,5.550204228057844524e-01,5.318395351301535845e-02,7.003850709053072165e-02,1.477713034559655081e-01
1.213042608521704437e+02,-1.772493981484225545e+00,5.894663647836029252e-01,5.462547958026821027e-01,5.154264594160853225e-02,7.008133047381737146e-02,1.771623898464436686e-01
1.213842768553710840e+02,-1.766884701447317685e+00,5.771119224146110671e-01,5.376291069585252824e-01,4.996091888777465934e-02,7.012268538055532741e-02,5.428611190497373284e-02
1.214642928585717243e+02,-1.761272167928831900e+00,5.648731320426408908e-01,5.291411505018016603e-01,4.843617962636171531e-02,7.016261281510005610e-02,1.719772662269824226e-01
1.215443088617723646e+02,-1.755656492034409100e+00,5.527497213775275364e-01,5.207887559679170719e-01,4.696597337208487100e-02,7.020115639722324108e-02,2.349966274292344670e-01
1.216243248649730049e+02,-1.750037780816306787e+00,5.407414127561631645e-01,5.125697876442270040e-01,4.554797489493175866e-02,7.023836441836656119e-02,7.686835826604780653e-02
1.217043408681736452e+02,-1.744416137044460413e+00,5.288479221832579347e-01,5.044821440240875310e-01,4.417998066348279018e-02,7.027429291215497864e-02,7.030651068982718410e-02
1.217843568713742854e+02,-1.738791658983041000e+00,5.170689583392533706e-01,4.965237572697960844e-01,4.285990148784925291e-02,7.030901012135132300e-02,3.934728061870736149e-02
1.218643728745749257e+02,-1.733164440192753286e+00,5.054042215592784437e-01,4.886925926842999313e-01,4.158575563412048037e-02,7.034260278133974698e-02,8.411657078742515448e-03
1.219443888777755660e+02,-1.727534569383478713e+00,4.938534027876685939e-01,4.809866481915565095e-01,4.035566238273812639e-02,7.037518470192627440e-02,8.599029936649336958e-02
1.220244048809762063e+02,-1.721902130007074927e+00,4.824161825120610314e-01,4.734039538253982937e-01,3.916783600399389303e-02,7.040689976363923019e-02,2.922421458092258617e-02
1.221044208841768466e+02,-1.716267195604713747e+00,4.710922296696952727e-01,4.659425712264129160e-01,3.802058012458535419e-02,7.043782171088155963e-02,3.923975587084923417e-02
1.221844368873774869e+02,-1.710629830322569100e+00,4.598812005624168808e-01,4.586005931475680697e-01,3.691228246087306653e-02,7.046798702624867961e-02,-6.881140389783713118e-03
1.222644528905781272e+02,-1.704990089848103185e+00,4.487827377725175371e-01,4.513761429680898662e-01,3.584140989507028641e-02,7.049743744136152679e-02,-8.310737255440256432e-02
1.223444688937787674e+02,-1.699348021268847875e+00,4.377964690820393967e-01,4.442673742153551153e-01,3.480650387185982297e-02,7.052623553426493053e-02,-2.319817363836562674e-02
1.224244848969794077e+02,-1.693703663144995542e+00,4.269220064077410837e-01,4.372724700948186771e-01,3.380617609431764425e-02,7.055448561925636852e-02,1.034542286149644497e-01
1.225045009001800480e+02,-1.688057045838314618e+00,4.161589447604790437e-01,4.303896430278935648e-01,3.283910449917763069e-02,7.058236042629395524e-02,-4.773147696638808946e-02
1.225845169033806883e+02,-1.682408192140891989e+00,4.055068612382144999e-01,4.236171341977106319e-01,3.190402949266808036e-02,7.061013400792223726e-02,5.812744650860457440e-03
1.226645329065813286e+02,-1.676757115560107980e+00,3.949653140525672401e-01,4.169532131023684918e-01,3.099975042919873164e-02,7.063815978251078431e-02,2.348541724775185524e-01
1.227445489097819689e+02,-1.671103802575937713e+00,3.845338415491129092e-01,4.103961771139254533e-01,3.012512231557446310e-02,7.066648792250218580e-02,1.833180643702213009e-01
1.228245649129826091e+02,-1.665448221125963579e+00,3.742119613794542832e-01,4.039443510478278876e-01,2.927905272756638200e-02,7.069509485144939709e-02,1.353489614986422285e-03
1.229045809161832494e+02,-1.659790328331181897e+00,3.639991697431370077e-01,3.975960867399155330e-01,2.846049892318521998e-02,7.072408273440314308e-02,1.310620254119338746e-01
1.229845969193838755e+02,-1.654130072442065558e+00,3.538949406908053485e-01,3.913497626303051313e-01,2.766846513887065429e-02,7.075374024425942765e-02,5.725145793544661466e-03
1.230646129225845158e+02,-1.648467394944632458e+00,3.438987255185690373e-01,3.852037833547307666e-01,2.690200005643834241e-02,7.078460294854607704e-02,2.335435196082954745e-01
1.231446289257851561e+02,-1.642802208461259905e+00,3.340099521703303598e-01,3.791565793399387929e-01,2.616019442761815042e-02,7.081699078076847398e-02,1.224762124701280624e-02
1.232246449289857964e+02,-1.637134384266231146e+00,3.242280247793351000e-01,3.732066064071846712e-01,2.544217884717163772e-02,7.085077942552212016e-02,7.902244946161077199e-02
1.233046609321864366e+02,-1.631463782872653479e+00,3.145523234882376395e-01,3.673523453888437595e-01,2.474712166705166083e-02,7.088609048034114068e-02,2.093669521053150573e-01
1.233846769353870769e+02,-1.625790260453943814e+00,3.049822043061846677e-01,3.615923017493413716e-01,2.407422703798579519e-02,7.092343578466719922e-02,-1.186424016396292469e-02
1.234646929385877172e+02,-1.620113659862680855e+00,2.955169990359940435e-01,3.559250052109885210e-01,2.342273307019393513e-02,7.096353553637177458e-02,2.014169563002370100e-01
1.235447089417883575e+02,-1.614433759189326301e+00,2.861560151634605642e-01,3.503490093798869442e-01,2.279191010284482496e-02,7.100628739638500941e-02,-1.073884656075875521e-02
1.236247249449889978e+02,-1.608750316374172540e+00,2.768985362598155864e-01,3.448628913930835149e-01,2.218105908486058681e-02,7.105172893017985825e-02,9.487130341721618232e-02
1.237047409481896381e+02,-1.603063092872268891e+00,2.677438224531965560e-01,3.394652515704416063e-01,2.158951005221345504e-02,7.110052095213453827e-02,4.153905166757454470e-02
1.237847569513902783e+02,-1.597371827145450007e+00,2.586911108423542993e-01,3.341547130654519138e-01,2.101662069257273155e-02,7.115341483034526293e-02,6.230291116998971923e-02
1.238647729545909186e+02,-1.591676177919652213e+00,2.497396159189516629e-01,3.289299215166932022e-01,2.046177499209677481e-02,7.121017057924450278e-02,8.721920058213089577e-02
1.239447889577915589e+02,-1.585975800165808858e+00,2.408885306789479708e-01,3.237895447287789108e-01,1.992438197264125369e-02,7.127108595005385294e-02,6.383664674420348739e-02
1.240248049609921992e+02,-1.580270357187282260e+00,2.321370276239083374e-01,3.187322723505507938e-01,1.940387449869332426e-02,7.133721290535112447e-02,-3.039612800700916551e-02
1.241048209641928395e+02,-1.574559427320616711e+00,2.234842594422895845e-01,3.137568155397801317e-01,1.889970814420856987e-02,7.140859178352797210e-02,1.580665741243816036e-01
1.241848369673934798e+02,-1.568842553931750095e+00,2.149293604235076594e-01,3.088619066603037755e-01,1.841136013688729825e-02,7.148524976697753774e-02,1.435391826618550026e-01
1.242648529705941201e+02,-1.563119304571179313e+00,2.064714480552712061e-01,3.040462989897373403e-01,1.793832836522275126e-02,7.156829524290544975e-02,2.005519476662195044e-01
1.243448689737947603e+02,-1.557389162678552541e+00,1.981096239993486163e-01,2.993087664001263803e-01,1.748013042640688547e-02,7.165792356357628123e-02,2.101527392465050992e-01
1.244248849769954006e+02,-1.551651563724756766e+00,1.898429757994064826e-01,2.946481030730979112e-01,1.703630274119639562e-02,7.175412948925118106e-02,-6.264265313826923587e-02
1.245049009801960409e+02,-1.545905975522194886e+00,1.816705789073443655e-01,2.900631232335048049e-01,1.660639972463634831e-02,7.185814167946259767e-02,2.004092703343194337e-01
1.245849169833966812e+02,-1.540151758646737923e+00,1.735914977905353984e-01,2.855526608411459444e-01,1.618999298040429274e-02,7.196994861848743374e-02,2.017434159965371399e-01
1.246649329865973215e+02,-1.534388252558221089e+00,1.656047881401081223e-01,2.811155693382041409e-01,1.578667056316466338e-02,7.208986057715589812e-02,1.886554122139626199e-02
1.247449489897979618e+02,-1.528614809913824368e+00,1.577094989295669547e-01,2.767507213945899491e-01,1.539603627816884743e-02,7.221908230822214614e-02,1.759595428952189233e-01
1.248249649929986020e+02,-1.522830652881868252e+00,1.499046736648264044e-01,2.724570086151913983e-01,1.501770899823277709e-02,7.235728406751289199e-02,2.191804012270575641e-01
1.249049809961992423e+02,-1.517035044556911405e+00,1.421893531855754067e-01,2.682333413318738202e-01,1.465132205541486328e-02,7.250552561256749795e-02,1.862197526202941794e-02
1.249849969993998826e+02,-1.511227168431525936e+00,1.345625770961664802e-01,2.640786483301917897e-01,1.429652263221395554e-02,7.266423352682398196e-02,-6.521170139552133482e-02
1.250650130026005229e+02,-1.505406149202048294e+00,1.270233858821618322e-01,2.599918766170647988e-01,1.395297120212423032e-02,7.283359158190838567e-02,3.687993896090750040e-02
1.251450290058011632e+02,-1.499571133342666007e+00,1.195708233569307971e-01,2.559719912150239529e-01,1.362034101051011643e-02,7.301484171180187832e-02,3.522855481530364208e-01
1.252250450090018035e+02,-1.493721126812372235e+00,1.122039378562085937e-01,2.520179748933558672e-01,1.329831755041958538e-02,7.320771666252459675e-02,9.683376194255438607e-02
1.253050610122024437e+02,-1.487855194110012880e+00,1.049217852765290809e-01,2.481288280121327350e-01,1.298659811758825361e-02,7.341360466036356280e-02,-4.800734051408307723e-02
1.253850770154030840e+02,-1.481972256567665402e+00,9.772343000821687165e-02,2.443035682544450748e-01,1.268489133326452731e-02,7.363242112649499849e-02,4.833769388579517434e-02
1.254650930186037243e+02,-1.476071264323169263e+00,9.060794779321697245e-02,2.405412304803783152e-01,1.239291674776908485e-02,7.386528729313238117e-02,-2.553993416653307924e-02
1.255451090218043646e+02,-1.470151062157405430e+00,8.357442691907038257e-02,2.368408664932901697e-01,1.211040442076294875e-02,7.411251157288401004e-02,3.418445199121451783e-02
1.256251250250050049e+02,-1.464210477344412231e+00,7.662197055124936318e-02,2.332015448853155815e-01,1.183709455895928971e-02,7.437494194010937920e-02,8.388935379579284812e-02
1.257051410282056452e+02,-1.458248265263062615e+00,6.974969824450535927e-02,2.296223508451018525e-01,1.157273715252230169e-02,7.465318888124228280e-02,-1.815065116129442879e-01
1.257851570314062855e+02,-1.452263131291573472e+00,6.295674780532717341e-02,2.261023859992722651e-01,1.131709164437086010e-02,7.494798457999742036e-02,1.109880627279359044e-01
1.258651730346069257e+02,-1.446253721892095001e+00,5.624227693045821819e-02,2.226407682536784838e-01,1.106992661446778298e-02,7.526009145086492991e-02,2.167270551540080303e-01
1.259451890378075660e+02,-1.440218621302897573e+00,4.960546480082070331e-02,2.192366316449766428e-01,1.083101948352809159e-02,7.559029939892616956e-02,5.585341886427588887e-02
1.260252050410082063e+02,-1.434156345273564837e+00,4.304551360057509712e-02,2.158891262023321100e-01,1.060015623492568601e-02,7.593938928290100421e-02,3.766989699240422956e-02
1.261052210442088466e+02,-1.428065354418856847e+00,3.656165008059502480e-02,2.125974178271384796e-01,1.037713115805165287e-02,7.630836207571907448e-02,1.856674066672022727e-01
1.261852370474094869e+02,-1.421944010555234783e+00,3.015312671410030204e-02,2.093606881603362890e-01,1.016174659710156018e-02,7.669792003404700409e-02,-4.996594257190041521e-02
1.262652530506101272e+02,-1.415790642487543050e+00,2.381922346428216875e-02,2.061781345099280849e-01,9.953812740575511755e-03,7.710938711275373836e-02,-4.747963099810363630e-02
1.263452690538107674e+02,-1.409603436151410261e+00,1.755924838784094291e-02,2.030489697110521574e-01,9.753147387534751023e-03,7.754336790526537848e-02,-6.151023836438714032e-02
1.264252850570114077e+02,-1.403380568214475987e+00,1.137253974304028130e-02,1.999724221156516657e-01,9.559575787492658600e-03,7.800151531464308285e-02,6.226371962807729366e-02
1.265053010602120480e+02,-1.397120034788763121e+00,5.258466062212644593e-03,1.969477354468632813e-01,9.372930422154365088e-03,7.848448130839369430e-02,1.178871790701137845e-01
1.265853170634126883e+02,-1.390819818703336264e+00,-7.835715743343843551e-04,1.939741688423598509e-01,9.193050888944179905e-03,7.899406455492924417e-02,6.993677014894227051e-02
1.266653330666133286e+02,-1.384477719925956585e+00,-6.754139567257464241e-03,1.910509967373847096e-01,9.019783712734565778e-03,7.953126454344988661e-02,1.345088868732592924e-01
1.267453490698139689e+02,-1.378091479440874956e+00,-1.265376984097394721e-02,1.881775089274869417e-01,8.852982253678391353e-03,8.009787130817139222e-02,1.631725913044166643e-01
1.268253650730146092e+02,-1.371658675795282001e+00,-1.848295948497517480e-02,1.853530105234418301e-01,8.692506568104788056e-03,8.069537989916321374e-02,1.303539066263149082e-01
1.269053810762152494e+02,-1.365176757739938074e+00,-2.424216943584790035e-02,1.825768220084882099e-01,8.538223326090586124e-03,8.132551804250322258e-02,4.601373883770243367e-04
1.269853970794158897e+02,-1.358643056056057841e+00,-2.993182327965897283e-02,1.798482793117205103e-01,8.390005742585891074e-03,8.199051128513443198e-02,5.518174237150136330e-02
1.270654130826165300e+02,-1.352054677914354741e+00,-3.555230692574749135e-02,1.771667338295728755e-01,8.247733487571018429e-03,8.269211619917928024e-02,2.075168357202220593e-01
1.271454290858171703e+02,-1.345408612755308431e+00,-4.110396661592556622e-02,1.745315526242821047e-01,8.111292688693920450e-03,8.343294374973309058e-02,-2.123571557262966814e-02
1.272254450890178106e+02,-1.338701625632651826e+00,-4.658710851179530960e-02,1.719421185098029825e-01,7.980575881815259870e-03,8.421553456754828082e-02,5.887316411895425483e-02
1.273054610922184509e+02,-1.331930246521413341e+00,-5.200199746902409853e-02,1.693978302423750637e-01,7.855482016970789794e-03,8.504251146062881406e-02,4.331513009414542092e-02
1.273854770954190911e+02,-1.325090815231071639e+00,-5.734885521612761994e-02,1.668981028056879812e-01,7.735916514416789347e-03,8.591727517205409448e-02,6.790840927595534482e-02
1.274654930986197314e+02,-1.318179372376644398e+00,-6.262785968899944877e-02,1.644423676212704022e-01,7.621791285659324476e-03,8.684322252496198824e-02,-2.072362664822963163e-02
1.275455091018203717e+02,-1.311191656028271257e+00,-6.783914332704159278e-02,1.620300729011472929e-01,7.513024827147185905e-03,8.782406891072648547e-02,-4.710928134800458633e-02
1.276255251050210120e+02,-1.304123113408897749e+00,-7.298279099537288706e-02,1.596606840884602918e-01,7.409542359087578113e-03,8.886431183170867554e-02,3.444607098066576611e-01
1.277055411082216523e+02,-1.296968809532319966e+00,-7.805883859327594765e-02,1.573336842782492861e-01,7.311275954788241417e-03,8.996880606558267657e-02,1.845589145743494752e-01
1.277855571114222926e+02,-1.289723377530284987e+00,-8.306727102351431358e-02,1.550485747608205400e-01,7.218164730961644515e-03,9.114281899128343079e-02,1.988109549354602490e-02
1.278655731146229328e+02,-1.282381013024268324e+00,-8.800801936492552713e-02,1.528048757201078967e-01,7.130155114568034747e-03,9.239251817065394223e-02,8.649602052650509632e-02
1.279455891178235731e+02,-1.274935401887730135e+00,-9.288095825350536905e-02,1.506021269858335843e-01,7.047201134690326933e-03,9.372495737816360917e-02,1.613958089074930824e-01
1.280256051210241992e+02,-1.267379612955644497e+00,-9.768590315365341392e-02,1.484398888807538786e-01,6.969264758971582818e-03,9.514791356787076493e-02,6.078181567970232513e-02
1.281056211242248537e+02,-1.259706044466780916e+00,-1.024226064840947914e-01,1.463177432999448468e-01,6.896316342237751584e-03,9.667028621151811663e-02,1.583226428068374436e-01
1.281856371274254798e+02,-1.251906339498863874e+00,-1.070907533186383764e-01,1.442352949598924849e-01,6.828335154830174336e-03,9.830237422661092239e-02,3.677390489559639875e-02
1.282656531306261343e+02,-1.243971265847517049e+00,-1.116899566086860668e-01,1.421921728420772746e-01,6.765310001454239580e-03,1.000560580446169523e-01,6.420314306264277016e-02
1.283456691338267603e+02,-1.235890563406087717e+00,-1.162197517484123699e-01,1.401880318773610912e-01,6.707239951815909332e-03,1.019449760177508074e-01,9.346810043361089559e-02
1.284256851370274148e+02,-1.227652787766024156e+00,-1.206795899235256486e-01,1.382225549756767036e-01,6.654135233411466628e-03,1.039849426696718565e-01,5.823539159396307063e-02
1.285057011402280409e+02,-1.219245127474363866e+00,-1.250688301838297489e-01,1.362954554554913489e-01,6.606018311134286697e-03,1.061944918171211366e-01,-1.390877572452965394e-01
1.285857171434286954e+02,-1.210653164866101417e+00,-1.293867302836147759e-01,1.344064799175860303e-01,6.562925172719128765e-03,1.085954348736829361e-01,1.107106432766648690e-01
1.286657331466293215e+02,-1.201860584749406824e+00,-1.336324357976880761e-01,1.325554116956509654e-01,6.524906882448678822e-03,1.112135820236706818e-01,1.373757835965027096e-01
1.287457491498299760e+02,-1.192848816858419037e+00,-1.378049671102085372e-01,1.307420750257478892e-01,6.492031469330219323e-03,1.140796784779848222e-01,1.616993253274803533e-01
1.288257651530306021e+02,-1.183596591566741241e+00,-1.419032037854063566e-01,1.289663401160757172e-01,6.464386234307715508e-03,1.172306186675610429e-01,1.783211783772589709e-02
1.289057811562312565e+02,-1.174079386894080423e+00,-1.459258656080955341e-01,1.272281293664425106e-01,6.442080593553203317e-03,1.207110563157351435e-01,1.551357928753395177e-01
1.289857971594318826e+02,-1.164268729116042733e+00,-1.498714894416924570e-01,1.255274250615369402e-01,6.425249609769628951e-03,1.245755328273194518e-01,1.461455915163416830e-01
1.290658131626325371e+02,-1.154131293880324538e+00,-1.537384008458110296e-01,1.238642789596798854e-01,6.414058409052332196e-03,1.288913054856184737e-01,-4.799048165503999597e-02
1.291458291658331632e+02,-1.143627742754417254e+00,-1.575246788737876269e-01,1.222388243811080299e-01,6.408707767816424622e-03,1.337421881196409201e-01,-8.645134242628485510e-02
1.292258451690338177e+02,-1.132711198110614381e+00,-1.612281119640605054e-01,1.206512916263535878e-01,6.409441261396351709e-03,1.392338419246460235e-01,1.868809003882407060e-01
1.293058611722344438e+02,-1.121325215957988730e+00,-1.648461420481192874e-01,1.191020278981189395e-01,6.416554528555655501e-03,1.455011796535926605e-01,5.008264603670119219e-02
1.293858771754350983e+02,-1.109401050377381903e+00,-1.683757928153680472e-01,1.175915234214015975e-01,6.430407454115744971e-03,1.527189096956902414e-01,2.529395424800097159e-01
1.294658931786357243e+02,-1.096853897137265887e+00,-1.718135762651432086e-01,1.161204462777825908e-01,6.451440463989705290e-03,1.611168351507513696e-01,3.751539647838380009e-01
1.295459091818363788e+02,-1.083577628215844246e+00,-1.751553696451755571e-01,1.146896895735025901e-01,6.480196646685447946e-03,1.710025222781064724e-01,1.127298316815008444e-01
1.296259251850370049e+02,-1.069437284736359794e+00,-1.783962498761033078e-01,1.133004367624185771e-01,6.517352461265609603e-03,1.827957845466660070e-01,1.138563089056019023e-01
1.297059411882376594e+02,-1.054258163473252630e+00,-1.815302651186108951e-01,1.119542544470713968e-01,6.563761527110323693e-03,1.970825607525587830e-01,1.959129482441331338e-01
1.297859571914382855e+02,-1.037809256821995429e+00,-1.845501156560096223e-01,1.106532276102293322e-01,6.620518557971394498e-03,2.147012260065996603e-01,2.821758936951369590e-01
1.298659731946389400e+02,-1.019777856899136248e+00,-1.874466942805553815e-01,1.094001621984805328e-01,6.689055394798576817e-03,2.368867530012953859e-01,1.233068316403155562e-01
1.299459891978395660e+02,-9.997287696952671388e-01,-1.902084029273471422e-01,1.081989014193501103e-01,6.771291368809374128e-03,2.655201336739232976e-01,3.900672999347696290e-01
1.300260052010402205e+02,-9.770363661535667044e-01,-1.928201030733144028e-01,1.070548398403884244e-01,6.869878318602059934e-03,3.035809571903705373e-01,4.027031149516617226e-01
1.301060212042408466e+02,-9.507658368167040130e-01,-1.952614333184553852e-01,1.059758040408714380e-01,6.988621385371151205e-03,3.560143416006140704e-01,4.221249894347855469e-01
1.301860372074415011e+02,-9.194539958559134751e-01,-1.975039774145035121e-01,1.049736572481028279e-01,7.133247684840870323e-03,4.315023305084604299e-01,3.775182324860933969e-01
1.302660532106421272e+02,-8.806749697506586205e-01,-1.995061897374692528e-01,1.040674694993849597e-01,7.312928717238409079e-03,5.463799361382859487e-01,6.380101457226885486e-01
1.303460692138427817e+02,-8.301048842985910836e-01,-2.012035642492100984e-01,1.032904510199792875e-01,7.543618006031838422e-03,7.341738339125387647e-01,8.198951199155870562e-01
1.304260852170434077e+02,-7.592819642754479181e-01,-2.024875751792547252e-01,1.027073147617349608e-01,7.856428576332114347e-03,1.071828781596383839e+00,9.517316917678892985e-01
1.305061012202440622e+02,-6.494481662953999201e-01,-2.031536479034132536e-01,1.024669592159213605e-01,8.323106800003289563e-03,1.763719452687213751e+00,1.972737882621403038e+00
1.305861172234446883e+02,-4.514388417743165349e-01,-2.027423158766736844e-01,1.030130126618817726e-01,9.158014903140205762e-03,3.462737578120209658e+00,3.432684844847079475e+00
1.306661332266453428e+02,-9.060298375507012253e-03,-1.998766863581330488e-01,1.062357823775074012e-01,1.127633000039445464e-02,8.541877189423821903e+00,8.578795786845384796e+00
1.307461492298459689e+02,1.058938167965981947e+00,-1.906609583397587127e-01,1.172082413287320740e-01,1.711200064198079018e-02,1.673889137006322514e+01,1.668647582639928473e+01
1.308261652330466234e+02,1.896718108702017735e+00,-1.737418000397713547e-01,1.316177894242063773e-01,2.445846120405004848e-02,3.420635576518939125e+00,3.459125253672556966e+00
1.309061812362472494e+02,1.984379544553242392e+00,-1.544272404806920629e-01,1.460589040693361929e-01,3.162457113183753110e-02,1.087357534534084264e-01,2.247439952126229490e-01
1.309861972394479039e+02,1.982130282700762303e+00,-1.350273324427392341e-01,1.604252053414948476e-01,3.856017454019116525e-02,-8.230282398469547511e-02,-1.630396897836503822e-01
1.310662132426485300e+02,1.974963547635975036e+00,-1.157344350274665257e-01,1.747045342751148700e-01,4.526230881672118483e-02,-9.254026937058536240e-02,-2.580828561335020144e-01
1.311462292458491845e+02,1.967516720217652226e+00,-9.656154673473096861e-02,1.888880173523161954e-01,5.173027482395910898e-02,-9.336491250163149458e-02,-1.383634611651352042e-01
1.312262452490498106e+02,1.960032983405706641e+00,-7.751243599544836715e-02,2.029678525752509066e-01,5.796457428371062232e-02,-9.367581147338935321e-02,-2.242804127661545410e-01
1.313062612522504651e+02,1.952526498409222766e+00,-5.859062029046691739e-02,2.169371152130657454e-01,6.396679871019482488e-02,-9.394583106842992193e-02,-1.698031037925547826e-01
1.313862772554510912e+02,1.944999123111788686e+00,-3.979977504867990984e-02,2.307896720056965001e-01,6.973953833664821300e-02,-9.419736316540915089e-02,-1.068456636884656252e-01
1.314662932586517456e+02,1.937452249773931268e+00,-2.114368754508137369e-02,2.445201088111703946e-01,7.528627531401871353e-02,-9.443417311737031805e-02,-1.008499133826968597e-01
1.315463092618523717e+02,1.929887108054694878e+00,-2.626180801513638106e-03,2.581236655292745152e-01,8.061126732629418645e-02,-9.465339649076176531e-02,3.441949981176006812e-02
1.316263252650530262e+02,1.922305064309131062e+00,1.574896356381413898e-02,2.715961770778626549e-01,8.571942833221865565e-02,-9.485679108993098907e-02,-1.963366262047916422e-01
1.317063412682536523e+02,1.914707408193251359e+00,3.397808126218500313e-02,2.849340197375953010e-01,9.061621165515237886e-02,-9.504416149592403995e-02,-5.977332114316763478e-02
1.317863572714543068e+02,1.907095379346728903e+00,5.205769503161272738e-02,2.981340622662416728e-01,9.530749912579315752e-02,-9.521513829706491905e-02,-1.459718835856873009e-01
1.318663732746549329e+02,1.899470251948346844e+00,6.998457572651806124e-02,3.111936213216622837e-01,9.979949874861547554e-02,-9.537270428542649059e-02,4.113299923236848898e-02
1.319463892778555874e+02,1.891833091937594302e+00,8.775579364964102014e-02,3.241104208077966731e-01,1.040986523217429377e-01,-9.551580315686775124e-02,1.572540464098818314e-01
1.320264052810562134e+02,1.884184960482230276e+00,1.053687569392865453e-01,3.368825547644922480e-01,1.082115536312768800e-01,-9.564664077345470805e-02,-6.530266718993665842e-02
1.321064212842568679e+02,1.876526805914850327e+00,1.228212383599147778e-01,3.495084535247730551e-01,1.121448772720287090e-01,-9.576752429367642316e-02,7.165158085133192800e-02
1.321864372874574940e+02,1.868859372941888752e+00,1.401113899688299913e-01,3.619868528459075363e-01,1.159053177045697020e-01,-9.587832770103568714e-02,-1.488988868449391545e-01
1.322664532906581485e+02,1.861183362215983461e+00,1.572377459347265027e-01,3.743167657496445089e-01,1.194995378919878892e-01,-9.598178272266499889e-02,-2.559224336018763868e-01
1.323464692938587746e+02,1.853499323760395834e+00,1.741992161630706026e-01,3.864974568629571672e-01,1.229341267075161753e-01,-9.608015029455088674e-02,-2.231200018945009578e-01
1.324264852970594291e+02,1.845807607301191533e+00,1.909950715612841743e-01,3.985284190293557072e-01,1.262155642090258822e-01,-9.617374314400302382e-02,-2.540827368906886652e-01
1.325065013002600551e+02,1.838108487325595508e+00,2.076249223828742774e-01,4.104093519861775063e-01,1.293501938647720340e-01,-9.626471374542325266e-02,-1.917396459554972787e-01
1.325865173034607096e+02,1.830402125266524793e+00,2.240886922875632847e-01,4.221401429437137143e-01,1.323442008476571063e-01,-9.635569780620210911e-02,-1.203775682275247949e-01
1.326665333066613357e+02,1.822688487825901538e+00,2.403865894585435481e-01,4.337208488923479099e-01,1.352035955567243986e-01,-9.644721560574630315e-02,1.856312891704230139e-02
1.327465493098619902e+02,1.814967444924034945e+00,2.565190756126148885e-01,4.451516804705574204e-01,1.379342015901799945e-01,-9.654042440810570169e-02,-2.655451317848668558e-02
1.328265653130626163e+02,1.807238787165516891e+00,2.724868348135282559e-01,4.564329872669402599e-01,1.405416474803203031e-01,-9.663736207881357121e-02,-5.026097798687560736e-02
1.329065813162632708e+02,1.799502191018497177e+00,2.882907429990813064e-01,4.675652444258909801e-01,1.430313615716849174e-01,-9.673968541690503020e-02,-1.391132924002863314e-01
1.329865973194638968e+02,1.791757196490220583e+00,3.039318387858476744e-01,4.785490404347950699e-01,1.454085694982870380e-01,-9.684784652269004535e-02,-1.690390785448223077e-01
1.330666133226645513e+02,1.784003271639638566e+00,3.194112958558377180e-01,4.893850659791921798e-01,1.476782937862244072e-01,-9.696273409619399208e-02,-9.363626853157437646e-02
1.331466293258651774e+02,1.776239817974923030e+00,3.347303976745105714e-01,5.000741037773781539e-01,1.498453551800362771e-01,-9.708560006508326623e-02,-8.331892703458582128e-02
1.332266453290658319e+02,1.768466167888043783e+00,3.498905145848355547e-01,5.106170193019688996e-01,1.519143753451009382e-01,-9.721779140193093083e-02,-7.159667046521303591e-02
1.333066613322664580e+02,1.760681564004098476e+00,3.648930833713845412e-01,5.210147523079619036e-01,1.538897806529739010e-01,-9.736003761616485175e-02,-6.020522519832095104e-02
1.333866773354671125e+02,1.752885175585905175e+00,3.797395891001972834e-01,5.312683090895118365e-01,1.557758068004437002e-01,-9.751278279695255180e-02,-1.092741780108796024e-01
1.334666933386677385e+02,1.745076121052977713e+00,3.944315492219934161e-01,5.413787554001714408e-01,1.575765040564534591e-01,-9.767667204063357200e-02,-2.901423015938539574e-01
1.335467093418683930e+02,1.737253468132264667e+00,4.089704998846457329e-01,5.513472099787790626e-01,1.592957429660520896e-01,-9.785244808451845633e-02,-2.093763511949217337e-01
1.336267253450690191e+02,1.729416234070689784e+00,4.233579842179002184e-01,5.611748386241265374e-01,1.609372203687220171e-01,-9.804087460826005351e-02,-1.806023083254909012e-01
1.337067413482696736e+02,1.721563386127140660e+00,4.375955424049733367e-01,5.708628487686889796e-01,1.625044656147085764e-01,-9.824268910294808865e-02,7.143058142688726853e-02
1.337867573514702997e+02,1.713693840042555649e+00,4.516847033597423122e-01,5.804124845064040361e-01,1.640008468846979595e-01,-9.845852569533714016e-02,-1.411857728726310657e-01
1.338667733546709542e+02,1.705806458339047094e+00,4.656269778194099263e-01,5.898250220336122007e-01,1.654295775362651932e-01,-9.868885513889258387e-02,-3.118544216644757172e-02
1.339467893578715803e+02,1.697900058917336752e+00,4.794238526407492151e-01,5.991017654647334822e-01,1.667937224153714926e-01,-9.893419041678910841e-02,4.748965724069986738e-02
1.340268053610722347e+02,1.689973415233724685e+00,4.930767861962670473e-01,6.082440429910539459e-01,1.680962040854916129e-01,-9.919509067261161883e-02,-6.585872557239483283e-02
1.341068213642728608e+02,1.682025255103805295e+00,5.065872046976475085e-01,6.172532033513976613e-01,1.693398089363519765e-01,-9.947214494466921630e-02,-1.387513014091253938e-01
1.341868373674734869e+02,1.674054259326417382e+00,5.199564993062930629e-01,6.261306125869228190e-01,1.705271931434267363e-01,-9.976596449789848498e-02,-1.290880653365220065e-01
1.342668533706741414e+02,1.666059060060739228e+00,5.331860239090676634e-01,6.348776510547654572e-01,1.716608884566407645e-01,-1.000771810949430130e-01,-2.023164496836694914e-01
1.343468693738747675e+02,1.658038238901520689e+00,5.462770934513639931e-01,6.434957106776401092e-01,1.727433078027305335e-01,-1.004064491741174514e-01,-6.975255975652150386e-02
1.344268853770754220e+02,1.649990324605549397e+00,5.592309827326267246e-01,6.519861924085352811e-01,1.737767506905974479e-01,-1.007544503913201939e-01,1.205252946339742393e-02
1.345069013802760480e+02,1.641913790429458730e+00,5.720489255812849505e-01,6.603505038913682901e-01,1.747634084129380816e-01,-1.011218994093912582e-01,-4.414075826579302864e-02
1.345869173834767025e+02,1.633807051044649405e+00,5.847321143371604357e-01,6.685900573002683256e-01,1.757053690406485680e-01,-1.015095501874632711e-01,-2.437783344122551599e-02
1.346669333866773286e+02,1.625668459000036314e+00,5.972816995788273742e-01,6.767062673414389051e-01,1.766046222090242590e-01,-1.019182023384870850e-01,-3.015010720147814904e-02
1.347469493898779831e+02,1.617496300706854351e+00,6.096987900422691231e-01,6.847005494030506956e-01,1.774630636968106412e-01,-1.023487073899834177e-01,9.805359922260215022e-02
1.348269653930786092e+02,1.609288791922574902e+00,6.219844526843804067e-01,6.925743178395942223e-01,1.782824998007068729e-01,-1.028019750050110370e-01,-1.661832853964113899e-01
1.349069813962792637e+02,1.601044072712324962e+00,6.341397128516490511e-01,7.003289843783486734e-01,1.790646515091429969e-01,-1.032789794015345763e-01,-8.752659415081871785e-02
1.349869973994798897e+02,1.592760201866704195e+00,6.461655545196408612e-01,7.079659566363561973e-01,1.798111584800263785e-01,-1.037807663516229773e-01,-3.323316262396067144e-02
1.350670134026805442e+02,1.584435150753766397e+00,6.580629205739193521e-01,7.154866367372778591e-01,1.805235828278153598e-01,-1.043084612516981258e-01,2.041817035512705214e-02
1.351470294058811703e+02,1.576066796580711360e+00,6.698327131067421947e-01,7.228924200180308901e-01,1.812034127256970106e-01,-1.048632788325953857e-01,-3.476275221230445966e-01
1.352270454090818248e+02,1.567652915036687356e+00,6.814757937074287231e-01,7.301846938158906841e-01,1.818520658289285441e-01,-1.054465351283895291e-01,-1.576806951800427681e-01
1.353070614122824509e+02,1.559191172282482052e+00,6.929929837267132520e-01,7.373648363270737249e-01,1.824708925255117409e-01,-1.060596623460280385e-01,-1.269090294899104243e-01
1.353870774154831054e+02,1.550679116244844336e+00,7.043850644977818209e-01,7.444342155284124907e-01,1.830611790203961753e-01,-1.067042272782245393e-01,-2.096462588268595828e-01
1.354670934186837314e+02,1.542114167173580075e+00,7.156527774980060430e-01,7.513941881538944711e-01,1.836241502593035368e-01,-1.073819540657980354e-01,-2.266852118517337367e-02
1.355471094218843859e+02,1.533493605691986783e+00,7.267968244450419002e-01,7.582460987187612522e-01,1.841609726983371165e-01,-1.080947222965325527e-01,-8.619577066843980839e-02
1.356271254250850120e+02,1.524814554396330069e+00,7.378178673324680137e-01,7.649912785845779384e-01,1.846727569257129997e-01,-1.088444790850323640e-01,-1.484894423491178173e-01
1.357071414282856665e+02,1.516073967809209222e+00,7.487165283230905466e-01,7.716310450537384735e-01,1.851605601390985123e-01,-1.096333273292449118e-01,-2.730453768952141869e-01
1.357871574314862926e+02,1.507268619489442685e+00,7.594933895353312980e-01,7.781667004883171535e-01,1.856253884849064506e-01,-1.104635878161341900e-01,-2.428408202157994744e-01
1.358671734346869471e+02,1.498395086584325409e+00,7.701489927074804953e-01,7.845995314454677905e-01,1.860681992642295446e-01,-1.113378465255054905e-01,-2.098713176207728237e-01
1.359471894378875731e+02,1.489449732919860381e+00,7.806838387191804562e-01,7.909308078208745485e-01,1.864899030094726851e-01,-1.122590105350707024e-01,-6.677780729785881553e-02
1.360272054410882276e+02,1.480428689478773041e+00,7.910983869592725926e-01,7.971617819922057757e-01,1.868913654355780218e-01,-1.132303585987370909e-01,-2.351564490080053638e-01
1.361072214442888537e+02,1.471327814153244651e+00,8.013930546206067262e-01,8.032936879608555403e-01,1.872734092725235333e-01,-1.142553205044499753e-01,-3.211981067577249771e-01
1.361872374474895082e+02,1.462142664215358767e+00,8.115682157299939359e-01,8.093277404707451828e-01,1.876368159762275833e-01,-1.153375260827385618e-01,-2.605892779477857468e-01
1.362672534506901343e+02,1.452868483526987387e+00,8.216241998666147239e-01,8.152651340907609567e-01,1.879823273182905652e-01,-1.164811241887428461e-01,-1.756773471042536727e-01
1.363472694538907888e+02,1.443500173343558846e+00,8.315612907037495116e-01,8.211070422602443353e-01,1.883106468611683015e-01,-1.176909007643389682e-01,4.963665790152158031e-02
1.364272854570914149e+02,1.434032248191577930e+00,8.413797243445946261e-01,8.268546162854661929e-01,1.886224413195052019e-01,-1.189722557855987795e-01,1.312207911103438485e-01
1.365073014602920694e+02,1.424458753806746358e+00,8.510796875672120843e-01,8.325089842862513079e-01,1.889183418137050929e-01,-1.203307685619034451e-01,-1.684686556342824271e-01
1.365873174634926954e+02,1.414773249517627285e+00,8.606613153259600191e-01,8.380712500252964769e-01,1.891989449896299136e-01,-1.217727762829037830e-01,-2.738693859273497178e-02
1.366673334666933499e+02,1.404968769870029721e+00,8.701246879267841017e-01,8.435424916350384716e-01,1.894648140178999407e-01,-1.233057348620947291e-01,1.681536362455565703e-02
1.367473494698939760e+02,1.395037731089399768e+00,8.794698280552395442e-01,8.489237602420941498e-01,1.897164794791441345e-01,-1.249379899190855570e-01,3.516209331378500336e-03
1.368273654730946305e+02,1.384971814517674149e+00,8.886966974223703408e-01,8.542160784518655348e-01,1.899544401236200608e-01,-1.266784796774528266e-01,-1.383570474840568054e-01
1.369073814762952566e+02,1.374761941105419494e+00,8.978051921477845365e-01,8.594204385822845627e-01,1.901791634580948520e-01,-1.285377573731955048e-01,-2.587456874500454473e-01
1.369873974794959111e+02,1.364398156357343073e+00,9.067951379299561410e-01,8.645378007110438023e-01,1.903910861981694402e-01,-1.305280802283481645e-01,-1.793585161082496271e-01
1.370674134826965371e+02,1.353869427199878350e+00,9.156662849735256460e-01,8.695690905098345524e-01,1.905906145805956187e-01,-1.326628080014866096e-01,-3.188610450038401600e-01
1.371474294858971916e+02,1.343163579429157428e+00,9.244183008317675698e-01,8.745151966299398172e-01,1.907781244291923417e-01,-1.349577538646437591e-01,-1.110941851641775030e-01
1.372274454890978177e+02,1.332267100502496637e+00,9.330507628819785237e-01,8.793769677552907282e-01,1.909539610398256759e-01,-1.374313428794682324e-01,-5.968194357252679105e-02
1.373074614922984722e+02,1.321164851414487806e+00,9.415631500153236466e-01,8.841552092309917787e-01,1.911184388496836306e-01,-1.401043626191089686e-01,-3.294034097331781652e-01
1.373874774954990983e+02,1.309839927170822094e+00,9.499548312100740688e-01,8.888506789093242322e-01,1.912718407279775656e-01,-1.430018235376515068e-01,-1.481837459272740964e-01
1.374674934986997528e+02,1.298273232194921967e+00,9.582250540835173247e-01,8.934640824684555449e-01,1.914144170266231237e-01,-1.461526381473912672e-01,-1.169170695930491638e-01
1.375475095019003788e+02,1.286443152739202622e+00,9.663729297983386646e-01,8.979960676515931217e-01,1.915463841371378428e-01,-1.495912193489046249e-01,-2.465913051837906322e-02
1.376275255051010333e+02,1.274325080757095163e+00,9.743974155594412601e-01,9.024472173866099345e-01,1.916679225550348420e-01,-1.533587533353100718e-01,-1.549644171894318245e-02
1.377075415083016594e+02,1.261890765715029561e+00,9.822972942196630530e-01,9.068180415316616783e-01,1.917791743520283476e-01,-1.575044258063582059e-01,-7.737703168063174430e-02
1.377875575115023139e+02,1.249107650907619105e+00,9.900711480620365545e-01,9.111089665383228509e-01,1.918802397409800353e-01,-1.620883367849212942e-01,-2.307617434915170129e-01
1.378675735147029400e+02,1.235937820737791792e+00,9.977173289825378433e-01,9.153203229794405482e-01,1.919711727500950649e-01,-1.671836280941946251e-01,-2.040183942408282380e-01
1.379475895179035945e+02,1.222336871425178995e+00,1.005233919373145879e+00,9.194523295757753845e-01,1.920519753893505377e-01,-1.728811849281336466e-01,-5.245191568171451990e-02
1.380276055211042205e+02,1.208252237750896851e+00,1.012618685760563020e+00,9.235050733346930052e-01,1.921225901943781067e-01,-1.792944807878615876e-01,-2.398851354150975945e-01
1.381076215243048750e+02,1.193621119717753754e+00,1.019869018900706248e+00,9.274784838008828247e-01,1.921828902647229886e-01,-1.865673789881810984e-01,-1.907921702545794795e-01
1.381876375275055011e+02,1.178367672988243742e+00,1.026981857823266786e+00,9.313722995955793227e-01,1.922326660370373974e-01,-1.948848771319233730e-01,-3.880382349387737073e-02
1.382676535307061556e+02,1.162399085102825413e+00,1.033953593126548665e+00,9.351860243973805220e-01,1.922716075992538520e-01,-2.044881001682069543e-01,-1.916999462860968229e-01
1.383476695339067817e+02,1.145600288880787687e+00,1.040779937709220393e+00,9.389188671666659491e-01,1.922992802662024381e-01,-2.156973651823240745e-01,-3.531488971580118985e-01
1.384276855371074362e+02,1.127826343124306963e+00,1.047455756102837476e+00,9.425696603125626183e-01,1.923150907517581221e-01,-2.289462352989990457e-01,-2.585052090551539505e-01
1.385077015403080622e+02,1.108891387027845621e+00,1.053974832089147551e+00,9.461367444947652583e-01,1.923182390365158201e-01,-2.448344772221028309e-01,-1.809022807425932911e-01
1.385877175435087167e+02,1.088552235879266306e+00,1.060329544233806320e+00,9.496178018909074980e-01,1.923076480205540562e-01,-2.642129185861236129e-01,-2.832460107645492497e-01
1.386677335467093428e+02,1.066483190971277972e+00,1.066510402909208288e+00,9.530096078079638433e-01,1.922818578505997300e-01,-2.883236648394932322e-01,-1.721924573304188799e-01
1.387477495499099973e+02,1.042235925361386650e+00,1.072505367617476058e+00,9.563076459820639696e-01,1.922388609374515167e-01,-3.190410253371467331e-01,-1.908400694857438074e-01
1.388277655531106234e+02,1.015173357675843935e+00,1.078298809413819281e+00,9.595054896636702191e-01,1.921758347888494756e-01,-3.593059069173565323e-01,-4.243877012776567925e-01
1.389077815563112779e+02,9.843549231589773241e-01,1.083869859381895173e+00,9.625937489478302300e-01,1.920886844839814200e-01,-4.139504012091371754e-01,-4.643162716793403089e-01
1.389877975595119040e+02,9.483266192358191793e-01,1.089189653996772700e+00,9.655581694260720882e-01,1.919712114246787948e-01,-4.913675261473710032e-01,-5.017981857231732512e-01
1.390678135627125585e+02,9.047097977156977056e-01,1.094216448526930341e+00,9.683759166188833367e-01,1.918134801696791403e-01,-6.071613747364645874e-01,-7.273377711618973507e-01
1.391478295659131845e+02,8.493265780895407069e-01,1.098886257608976624e+00,9.710075502898655175e-01,1.915982749385243822e-01,-7.929150288892489185e-01,-7.551331975563870813e-01
1.392278455691138390e+02,7.741377136977108941e-01,1.103093066518731957e+00,9.733772417249304532e-01,1.912923386145658766e-01,-1.119865124422281255e+00,-1.137887836746928061e+00
1.393078615723144651e+02,6.616940680348328829e-01,1.106640780371562549e+00,9.753141315901644459e-01,1.908204030519152217e-01,-1.772844514934292182e+00,-1.694324164583275172e+00
1.393878775755151196e+02,4.675604157315770282e-01,1.109100348454303608e+00,9.763266761313293962e-01,1.899660686977089896e-01,-3.322979289942576298e+00,-3.382989632469046271e+00
1.394678935787157457e+02,5.582706348918724248e-02,1.109237166593499468e+00,9.744307223511584626e-01,1.878771574146325396e-01,-7.774563398561642913e+00,-7.862540066516234383e+00
1.395479095819164002e+02,-9.203105243884288633e-01,1.103494406994645738e+00,9.639088896165792786e-01,1.823385101836539901e-01,-1.601585048356053065e+01,-1.583207213371163213e+01
1.396279255851170262e+02,-1.825837243137263366e+00,1.090098102756469789e+00,9.488200097527981214e-01,1.752382055019097440e-01,-4.476857666102909583e+00,-4.564790279121941019e+00
1.397079415883176807e+02,-1.949790460717112595e+00,1.073868964176909024e+00,9.337886723207752260e-01,1.683853306859697807e-01,-2.316114386004902714e-01,-2.901737116878133627e-01
1.397879575915183068e+02,-1.952257631084806766e+00,1.057482217008054004e+00,9.189918140207492536e-01,1.618362224268086180e-01,5.066448544116530783e-02,-2.258427430179964224e-02
1.398679735947189613e+02,-1.947287731405073163e+00,1.041204598247653657e+00,9.044300242509047960e-01,1.555803044031364157e-01,6.678793213126255068e-02,3.632555807201993947e-02
1.399479895979195874e+02,-1.941886893685988769e+00,1.025051401779483617e+00,8.900998031700659840e-01,1.496053904550641578e-01,6.781895053103448312e-02,-2.378567683897600538e-02
1.400280056011202419e+02,-1.936452839407211357e+00,1.009023148006336967e+00,8.759974956111946653e-01,1.438992853354850443e-01,6.798269056434713686e-02,6.348406839885642472e-02
1.401080216043208679e+02,-1.931008689547915269e+00,9.931195215760277861e-01,8.621194925895794281e-01,1.384499487416470387e-01,6.809203255073864591e-02,-2.395602858412823610e-03
1.401880376075215224e+02,-1.925556053364616327e+00,9.773401641146819419e-01,8.484622419473675237e-01,1.332455723122064339e-01,6.819520137571755125e-02,2.650769005928901856e-02
1.402680536107221485e+02,-1.920095270775112217e+00,9.616847200238857196e-01,8.350222481134400576e-01,1.282746393533205909e-01,6.829567283241078091e-02,1.045774717891637673e-01
1.403480696139228030e+02,-1.914626582371256713e+00,9.461528391529238080e-01,8.217960712402574419e-01,1.235259721664610094e-01,6.839354079453408009e-02,1.385516230739796684e-01
1.404280856171234291e+02,-1.909150208339165600e+00,9.307441769817814681e-01,8.087803263183653835e-01,1.189887682990779239e-01,6.848833500367051963e-02,1.151853095248430159e-01
1.405081016203240836e+02,-1.903666374827203134e+00,9.154583946793104499e-01,7.959716823037412681e-01,1.146526269260827180e-01,6.857995028601016063e-02,-5.026696242316483487e-03
1.405881176235247096e+02,-1.898175310439011332e+00,9.002951590820451599e-01,7.833668612585531488e-01,1.105075665903119259e-01,6.866853774054743065e-02,1.083849779157976811e-01
1.406681336267253641e+02,-1.892677242833207485e+00,8.852541426605776698e-01,7.709626375060336656e-01,1.065440355118920657e-01,6.875439794343241040e-02,5.670810868182554754e-02
1.407481496299259902e+02,-1.887172395851133944e+00,8.703350234722020407e-01,7.587558367993917363e-01,1.027529156182963727e-01,6.883789083445002177e-02,5.820536186180814281e-02
1.408281656331266447e+02,-1.881660978476556556e+00,8.555374850756143346e-01,7.467433355040011822e-01,9.912552136286771620e-02,6.891908220540698959e-02,-1.033178396385847353e-01
1.409081816363272708e+02,-1.876143185651004464e+00,8.408612164544798651e-01,7.349220597936071409e-01,9.565359430102605975e-02,6.899778284964463992e-02,1.361295042614518169e-01
1.409881976395279253e+02,-1.870619210437931113e+00,8.263059119481480641e-01,7.232889848602318539e-01,9.232929428636298119e-02,6.907394290639190526e-02,5.511340391437583031e-02
1.410682136427285513e+02,-1.865089242949774517e+00,8.118712711260767101e-01,7.118411341365961098e-01,8.914518804115896533e-02,6.914760860941837617e-02,2.397743532122347254e-01
1.411482296459292058e+02,-1.859553469281495230e+00,7.975569986359939412e-01,7.005755785312348660e-01,8.609423575227202752e-02,6.921887946624433186e-02,1.332290714322723058e-01
1.412282456491298319e+02,-1.854012070799697431e+00,7.833628040248861168e-01,6.894894356762174548e-01,8.316977624566229688e-02,6.928787719909790255e-02,-4.236385920107144099e-02
1.413082616523304864e+02,-1.848465223727808304e+00,7.692884015305891943e-01,6.785798691871169908e-01,8.036551120349247346e-02,6.935472443809487242e-02,-6.786463246646540215e-02
1.413882776555311125e+02,-1.842913098972190911e+00,7.553335098421555260e-01,6.678440879351321691e-01,7.767548880772671971e-02,6.941953133597494885e-02,1.845173763599874395e-01
1.414682936587317670e+02,-1.837355862138260632e+00,7.414978518269207397e-01,6.572793453310141754e-01,7.509408712340810699e-02,6.948238845203569269e-02,-1.800473537758856546e-02
1.415483096619323931e+02,-1.831793673558142377e+00,7.277811542222450969e-01,6.468829386207052279e-01,7.261599747337846300e-02,6.954336049249110197e-02,1.379924812381248533e-01
1.416283256651330191e+02,-1.826226687553679895e+00,7.141831472880154630e-01,6.366522081923176035e-01,7.023620800332751324e-02,6.960245814643245543e-02,3.952536977796962392e-02
1.417083416683336736e+02,-1.820655054512224424e+00,7.007035644281307540e-01,6.265845368945461846e-01,6.794998759144384171e-02,6.965969442998681815e-02,2.800431678885337283e-01
1.417883576715342997e+02,-1.815078921591455785e+00,6.873421417684668633e-01,6.166773493660618888e-01,6.575287021893458372e-02,6.971509899163230717e-02,7.773444217348104979e-02
1.418683736747349542e+02,-1.809498432624146114e+00,6.740986176912807659e-01,6.069281113756819224e-01,6.364063988665692728e-02,6.976870943140034420e-02,2.213460292232905247e-01
1.419483896779355803e+02,-1.803913728129763028e+00,6.609727323274823263e-01,5.973343291732698956e-01,6.160931613731473327e-02,6.982056703194461367e-02,2.032352841393288700e-01
1.420284056811362348e+02,-1.798324945343297898e+00,6.479642270054490893e-01,5.878935488510740326e-01,5.965514022166092806e-02,6.987071421709484254e-02,2.376509043869289017e-02
1.421084216843368608e+02,-1.792732218243776376e+00,6.350728436557655510e-01,5.786033557154374174e-01,5.777456193032731724e-02,6.991919323675321873e-02,3.731403029925729059e-02
1.421884376875375153e+02,-1.787135677568599146e+00,6.222983241712259916e-01,5.694613736686043870e-01,5.596422709943923990e-02,6.996604570300712922e-02,2.189172508438582687e-01
1.422684536907381414e+02,-1.781535450803747977e+00,6.096404097220369245e-01,5.604652646005640060e-01,5.422096578769850655e-02,7.001131272062616206e-02,7.071913046928855751e-02
1.423484696939387959e+02,-1.775931662143501955e+00,5.970988400261872941e-01,5.516127277906650583e-01,5.254178111446403121e-02,7.005503546535229997e-02,-1.601288611972860598e-02
1.424284856971394220e+02,-1.770324432417088589e+00,5.846733525756253602e-01,5.429014993189540395e-01,5.092383874227925100e-02,7.009725616401174531e-02,1.914629914292072521e-01
1.425085017003400765e+02,-1.764713878983185547e+00,5.723636818189973274e-01,5.343293514869813521e-01,4.936445698276076266e-02,7.013801952303749809e-02,3.286226700689135471e-01
1.425885177035407025e+02,-1.759100115596855751e+00,5.601695583024441927e-01,5.258940922480344060e-01,4.786109750162782783e-02,7.017737473464097375e-02,6.782743597596312124e-02
1.426685337067413570e+02,-1.753483252256848202e+00,5.480907077701553387e-01,5.175935646465555928e-01,4.641135659650586637e-02,7.021537826367163504e-02,2.120566237057716907e-01
1.427485497099419831e+02,-1.747863395044698898e+00,5.361268502271869796e-01,5.094256462667102747e-01,4.501295701991196718e-02,7.025209768180551428e-02,5.626660531645065466e-02
1.428285657131426376e+02,-1.742240646000867699e+00,5.242776989674274857e-01,5.013882486898789681e-01,4.366374031920666754e-02,7.028761765817265195e-02,2.084027719471033824e-01
1.429085817163432637e+02,-1.736615102576975600e+00,5.125429595688246742e-01,4.934793169610026120e-01,4.236165966524997606e-02,7.032203621920030123e-02,4.917511990136615163e-02
1.429885977195439182e+02,-1.730986855229249777e+00,5.009223288551967190e-01,4.856968290634337548e-01,4.110477314170510321e-02,7.035541573500031509e-02,2.067183770898336215e-01
1.430686137227445442e+02,-1.725355987708722116e+00,4.894154938436354185e-01,4.780387954026453223e-01,3.989123746791922026e-02,7.038780556459511839e-02,1.281742249176114901e-01
1.431486297259451987e+02,-1.719722576849426421e+00,4.780221306728558162e-01,4.705032582983387224e-01,3.871930212877591759e-02,7.041925243637947585e-02,5.573369591613192703e-02
1.432286457291458248e+02,-1.714086692196363559e+00,4.667419035195819466e-01,4.630882914849552279e-01,3.758730388609623357e-02,7.044980770081893384e-02,9.803690902835536514e-02
1.433086617323464793e+02,-1.708448395752670823e+00,4.555744635102753626e-01,4.557919996204223279e-01,3.649366164726081108e-02,7.047953839389997643e-02,2.040798923542480603e-02
1.433886777355471054e+02,-1.702807741883108683e+00,4.445194476356439384e-01,4.486125178031247773e-01,3.543687166792140741e-02,7.050854267406300724e-02,-3.775042191273648984e-02
1.434686937387477599e+02,-1.697164777412824677e+00,4.335764776757007333e-01,4.415480110969256522e-01,3.441550306685767224e-02,7.053697016630930405e-02,-3.052691710633780031e-02
1.435487097419483860e+02,-1.691519541962061668e+00,4.227451591439480016e-01,4.345966740642372428e-01,3.342819363228199253e-02,7.056504770654448144e-02,6.970398797636684352e-02
1.436287257451490404e+02,-1.685872067418864084e+00,4.120250802554475955e-01,4.277567303068508520e-01,3.247364590004261226e-02,7.059308442055114985e-02,-3.013783422137765455e-02
1.437087417483496665e+02,-1.680222364358968434e+00,4.014158108850071072e-01,4.210264320131208438e-01,3.155062348474188538e-02,7.062117688099514567e-02,1.199675621720029395e-01
1.437887577515503210e+02,-1.674570424766551380e+00,3.909169016257182383e-01,4.144040595144752315e-01,3.065794764801394595e-02,7.064930481464684608e-02,1.293743833989613456e-01
1.438687737547509471e+02,-1.668916229547593666e+00,3.805278829202007329e-01,4.078879208502106390e-01,2.979449408750744696e-02,7.067753017416938954e-02,1.235522540601840802e-01
1.439487897579516016e+02,-1.663259749892748607e+00,3.702482642362150411e-01,4.014763513392108907e-01,2.895918993089258153e-02,7.070604745766581600e-02,2.701157239770172330e-02
1.440288057611522277e+02,-1.657600949094838017e+00,3.600775333190657235e-01,3.951677131592927217e-01,2.815101092125115237e-02,7.073524124106347899e-02,8.257040839539064869e-02
1.441088217643528822e+02,-1.651939778893160238e+00,3.500151555082224863e-01,3.889603949332631760e-01,2.736897878046150312e-02,7.076562074127754065e-02,7.452145916392836911e-02
1.441888377675535082e+02,-1.646276149293136370e+00,3.400605730472274768e-01,3.828528113187274484e-01,2.661215873696911455e-02,7.079718619935962409e-02,2.095325950978186025e-01
1.442688537707541627e+02,-1.640609948364777138e+00,3.302132046781168784e-01,3.768434026113733903e-01,2.587965721127817587e-02,7.082990351529525053e-02,-3.356200658941765891e-03
1.443488697739547888e+02,-1.634941056128042858e+00,3.204724453290341279e-01,3.709306343551297958e-01,2.517061964554060532e-02,7.086402430018720611e-02,3.899747086303280430e-02
1.444288857771554433e+02,-1.629269348465773648e+00,3.108376658857941455e-01,3.651129969583794543e-01,2.448422846706421740e-02,7.090017660324396398e-02,5.420667699444542409e-02
1.445089017803560694e+02,-1.623594671362862174e+00,3.013082129732172487e-01,3.593890053129387141e-01,2.381970117519704652e-02,7.093883637032880052e-02,6.338655643337622048e-02
1.445889177835567239e+02,-1.617916814691662486e+00,2.918834088593660336e-01,3.537571984193460528e-01,2.317628854474158145e-02,7.097982430442628665e-02,2.812734632304206284e-03
1.446689337867573499e+02,-1.612235559934213081e+00,2.825625517857227598e-01,3.482161390303196713e-01,2.255327294379427458e-02,7.102332845496869829e-02,1.496504342597864551e-02
1.447489497899580044e+02,-1.606550690908452372e+00,2.733449163010650551e-01,3.427644132964287604e-01,2.194996675106038880e-02,7.107012049461514103e-02,1.795818559677715975e-01
1.448289657931586305e+02,-1.600861951349906720e+00,2.642297535218322557e-01,3.374006304099956832e-01,2.136571086410642140e-02,7.112070839752834828e-02,1.419416173611613013e-02
1.449089817963592850e+02,-1.595169018694102103e+00,2.552162915911371233e-01,3.321234222574397377e-01,2.079987329708212623e-02,7.117486177076054465e-02,1.698978688100621914e-01
1.449889977995599111e+02,-1.589471573589527731e+00,2.463037366769304237e-01,3.269314430949994965e-01,2.025184786927739997e-02,7.123301296400354199e-02,2.818219135506024875e-01
1.450690138027605656e+02,-1.583769296899759427e+00,2.374912738245522070e-01,3.218233692200410112e-01,1.972105296575478450e-02,7.129618163882363302e-02,2.062210805935430491e-01
1.451490298059611916e+02,-1.578061779329391623e+00,2.287780675684466525e-01,3.167978986322552704e-01,1.920693036239361912e-02,7.136426119911977450e-02,-1.024302068659664749e-01
1.452290458091618461e+02,-1.572348590870916052e+00,2.201632633488567192e-01,3.118537507301831213e-01,1.870894413245735577e-02,7.143739218673575420e-02,1.559045080203338429e-01
1.453090618123624722e+02,-1.566629320590631425e+00,2.116459889496871138e-01,3.069896660110321696e-01,1.822657961490770431e-02,7.151669479705351218e-02,1.264749664187137523e-01
1.453890778155631267e+02,-1.560903467834212410e+00,2.032253554032685816e-01,3.022044057472949019e-01,1.775934242779747887e-02,7.160225727635485815e-02,1.331647918804195196e-01
1.454690938187637528e+02,-1.555170493818089472e+00,1.949004587006415989e-01,2.974967517008499929e-01,1.730675755219081638e-02,7.169413678244779264e-02,-8.391093769025356752e-02
1.455491098219644073e+02,-1.549429888218657014e+00,1.866703816953313166e-01,2.928655058493455643e-01,1.686836847095589051e-02,7.179355267448693512e-02,1.548154556299620177e-01
1.456291258251650333e+02,-1.543681033469769481e+00,1.785341951797440596e-01,2.883094900751170253e-01,1.644373633521449551e-02,7.190046567288332913e-02,-3.001160643429715003e-02
1.457091418283656878e+02,-1.537923292668296193e+00,1.704909600530734315e-01,2.838275459085285446e-01,1.603243919990028285e-02,7.201518316799389308e-02,2.084708879258132530e-01
1.457891578315663139e+02,-1.532156042634702731e+00,1.625397293342442373e-01,2.794185342686989482e-01,1.563407129792215508e-02,7.213891392440635597e-02,1.862819847159387920e-01
1.458691738347669684e+02,-1.526378531059120247e+00,1.546795493905450958e-01,2.750813351674515905e-01,1.524824233387390635e-02,7.227133308760659569e-02,3.341314279591596770e-01
1.459491898379675945e+02,-1.520590041841073825e+00,1.469094626786517921e-01,2.708148474946819317e-01,1.487457685219489671e-02,7.241342833730797512e-02,4.048989958462968775e-02
1.460292058411682490e+02,-1.514789790740306286e+00,1.392285092430501636e-01,2.666179887455598085e-01,1.451271360965004226e-02,7.256572969831613651e-02,-7.331197629837622742e-02
1.461092218443688751e+02,-1.508976921617790845e+00,1.316357287020405165e-01,2.624896947773672218e-01,1.416230499284972313e-02,7.272829545684339481e-02,1.841567063707082452e-01
1.461892378475695295e+02,-1.503150612666400487e+00,1.241301628153143183e-01,2.584289196056854809e-01,1.382301648346306172e-02,7.290244534105937146e-02,1.668151453322708755e-01
1.462692538507701556e+02,-1.497309896926140471e+00,1.167108566055037322e-01,2.544346351274574536e-01,1.349452611453739320e-02,7.308788837337136524e-02,4.122685616805279313e-02
1.463492698539708101e+02,-1.491453861330350072e+00,1.093768613956252606e-01,2.505058309589177079e-01,1.317652400796257353e-02,7.328591963322410308e-02,2.157760129328764598e-01
1.464292858571714362e+02,-1.485581467506263298e+00,1.021272358877674674e-01,2.466415141714625447e-01,1.286871188544394182e-02,7.349661096222019629e-02,1.487679651394793190e-01
1.465093018603720907e+02,-1.479691680284621169e+00,9.496104880354115652e-02,2.428407091260638140e-01,1.257080264971966940e-02,7.372084288796675045e-02,-4.880428571963979500e-02
1.465893178635727168e+02,-1.473783393841493483e+00,8.787738043511741926e-02,2.391024572549113048e-01,1.228251996039803583e-02,7.395918423191809310e-02,4.506906085552171704e-02
1.466693338667733713e+02,-1.467855447114169598e+00,8.087532461011585905e-02,2.354258168772408177e-01,1.200359784591769827e-02,7.421216633611317504e-02,3.584220209715553718e-02
1.467493498699739973e+02,-1.461906650854101875e+00,7.395399068856603475e-02,2.318098630299717522e-01,1.173378034069807486e-02,7.448070375223238282e-02,6.973436186919285129e-02
1.468293658731746518e+02,-1.455935722028338430e+00,6.711250497210002885e-02,2.282536872726743105e-01,1.147282112668702829e-02,7.476517641810970227e-02,1.001828610050161383e-01
1.469093818763752779e+02,-1.449941367832917161e+00,6.035001290895577325e-02,2.247563975570333883e-01,1.122048322232456312e-02,7.506667172377184949e-02,1.166822054693231192e-02
1.469893978795759324e+02,-1.443922184917238560e+00,5.366568016655731688e-02,2.213171180356426349e-01,1.097653865657946537e-02,7.538559801911334790e-02,6.180370018460430714e-02
1.470694138827765585e+02,-1.437876756252270738e+00,4.705869479562033164e-02,2.179349889577934796e-01,1.074076819958518815e-02,7.572308258869285547e-02,1.408575135744100648e-01
1.471494298859772130e+02,-1.431803556154195300e+00,4.052826818815171567e-02,2.146091664984130232e-01,1.051296107342074987e-02,7.607971287623130352e-02,7.484098586578374901e-02
1.472294458891778390e+02,-1.425701020645823158e+00,3.407363696609681109e-02,2.113388226667299585e-01,1.029291471424305382e-02,7.645654834061701988e-02,5.553322462630178036e-02
1.473094618923784935e+02,-1.419567496593782785e+00,2.769406406375088739e-02,2.081231451745788330e-01,1.008043452596708162e-02,7.685449563208514301e-02,5.247814092699337740e-02
1.473894778955791196e+02,-1.413401247643421010e+00,2.138884010023946874e-02,2.049613373420486606e-01,9.875333662880217758e-03,7.727446370929505481e-02,7.332588304221429598e-02
1.474694938987797741e+02,-1.407200482050759538e+00,1.515728483636751348e-02,2.018526180272645631e-01,9.677432834197913572e-03,7.771778190444668388e-02,-1.077943374214520994e-01
1.475495099019804002e+02,-1.400963267484356400e+00,8.998747845990496055e-03,1.987962215152239975e-01,9.486560097491512911e-03,7.818521724122368122e-02,1.002893136257129031e-01
1.476295259051810547e+02,-1.394687646956125127e+00,2.912610465097688166e-03,1.957913975233732951e-01,9.302550718570111107e-03,7.867849100034388088e-02,-1.814108019084384460e-02
1.477095419083816807e+02,-1.388371478791783353e+00,-3.101714144065585623e-03,1.928374110801820696e-01,9.125246976381225922e-03,7.919843241018385827e-02,9.585928875655205794e-02
1.477895579115823352e+02,-1.382012592697232867e+00,-9.044778809236802414e-03,1.899335425922530629e-01,8.954498068772227468e-03,7.974695355720319567e-02,-6.144578080387298746e-02
1.478695739147829613e+02,-1.375608623341541881e+00,-1.491710241667191898e-02,1.870790877511628592e-01,8.790159945599331989e-03,8.032521062832705117e-02,1.785978526274162037e-01
1.479495899179836158e+02,-1.369157133573533747e+00,-2.071916794876624279e-02,1.842733576298750120e-01,8.632095242173110777e-03,8.093516395539597508e-02,1.106768471992097824e-01
1.480296059211842419e+02,-1.362655516416644064e+00,-2.645142209999457386e-02,1.815156786711766002e-01,8.480173164893568122e-03,8.157859988308836796e-02,-4.751530274563502132e-02
1.481096219243848964e+02,-1.356100998432571814e+00,-3.211427415168849331e-02,1.788053927630345596e-01,8.334269425230109857e-03,8.225735162013560198e-02,1.120296460077660344e-01
1.481896379275855224e+02,-1.349490688487330114e+00,-3.770809444503176594e-02,1.761418573784919450e-01,8.194266210604626149e-03,8.297398440891977367e-02,1.304883842038512265e-02
1.482696539307861769e+02,-1.342821445562004223e+00,-4.323321421244140372e-02,1.735244456203822727e-01,8.060052112068123720e-03,8.373059779642008649e-02,2.699438062206509503e-01
1.483496699339868030e+02,-1.336089962589958269e+00,-4.868992364942690415e-02,1.709525464575581133e-01,7.931522151010537286e-03,8.452993233846478605e-02,1.397206057825988723e-01
1.484296859371874575e+02,-1.329292722683790284e+00,-5.407847088242218048e-02,1.684255649134980548e-01,7.808577785410755236e-03,8.537514041565440193e-02,1.179810148091965660e-02
1.485097019403880836e+02,-1.322425911299291990e+00,-5.939906122223756468e-02,1.659429222599179132e-01,7.691126921117609656e-03,8.626920771871030014e-02,1.149181288061747186e-01
1.485897179435887381e+02,-1.315485474972624802e+00,-6.465185502653857108e-02,1.635040563870972519e-01,7.579084013398120975e-03,8.721583757414523574e-02,9.014390379841198675e-02
1.486697339467893642e+02,-1.308467065802209506e+00,-6.983696633522970543e-02,1.611084221433404517e-01,7.472370154637021818e-03,8.821924180961379647e-02,2.142819355898669120e-01
1.487497499499900186e+02,-1.301365952376865476e+00,-7.495446163015917485e-02,1.587554917060124693e-01,7.370913178580930196e-03,8.928372334816181422e-02,1.312997546510382973e-01
1.488297659531906447e+02,-1.294177042329465843e+00,-8.000435731340677092e-02,1.564447551414958892e-01,7.274647859203119647e-03,9.041432971046442502e-02,1.481744046585895536e-01
1.489097819563912992e+02,-1.286894835097553091e+00,-8.498661748235002145e-02,1.541757209978716070e-01,7.183516125463318587e-03,9.161691065673119305e-02,-1.379760256266245044e-02
1.489897979595919253e+02,-1.279513320463995685e+00,-8.990115188108036004e-02,1.519479169445671074e-01,7.097467298090382772e-03,9.289782072370925126e-02,1.786560848706970073e-01
1.490698139627925514e+02,-1.272025935956354825e+00,-9.474781284482949872e-02,1.497608906020192476e-01,7.016458419172333719e-03,9.426423052229289390e-02,3.102502510230149557e-01
1.491498299659932059e+02,-1.264425515787692467e+00,-9.952639175738367538e-02,1.476142105214998668e-01,6.940454653639640224e-03,9.572444918859689122e-02,1.660637246308634130e-01
1.492298459691938319e+02,-1.256704194840310596e+00,-1.042366153265431999e-01,1.455074672925985579e-01,6.869429750138746071e-03,9.728801265371250784e-02,9.999172891112907691e-02
1.493098619723944864e+02,-1.248853280733112081e+00,-1.088781414625976801e-01,1.434402748188034205e-01,6.803366580046902798e-03,9.896571025565514823e-02,1.220382146050895678e-01
1.493898779755951125e+02,-1.240863147019432677e+00,-1.134505540015540576e-01,1.414122718790012390e-01,6.742257812204994864e-03,1.007699669647579427e-01,1.216842714811017245e-02
1.494698939787957670e+02,-1.232723100082534273e+00,-1.179533565666187889e-01,1.394231239723336124e-01,6.686106720127777542e-03,1.027152466519618002e-01,1.280505178076584982e-01
1.495499099819963931e+02,-1.224421201438911311e+00,-1.223859655736913160e-01,1.374725254791910878e-01,6.634928135720982202e-03,1.048184198243763965e-01,1.717220539536920554e-03
1.496299259851970476e+02,-1.215944054250385209e+00,-1.267477019850923592e-01,1.355602022345351043e-01,6.588749594871243058e-03,1.070992410591923016e-01,1.182770278892401605e-01
1.497099419883976736e+02,-1.207276540543875676e+00,-1.310377816020731889e-01,1.336859145984776731e-01,6.547612713886655916e-03,1.095809430162478226e-01,7.754969790668814200e-02
1.497899579915983281e+02,-1.198401512933191970e+00,-1.352553033377921488e-01,1.318494611746574285e-01,6.511574868091815453e-03,1.122910822208392917e-01,3.600452126022174459e-02
1.498699739947989542e+02,-1.189299412763570540e+00,-1.393992351602848512e-01,1.300506833184744693e-01,6.480711238234204176e-03,1.152626103631058940e-01,1.801295245856689708e-01
1.499499899979996087e+02,-1.179947786630241024e+00,-1.434683972615392600e-01,1.282894706201356538e-01,6.455117310413375359e-03,1.185352194295448414e-01,-2.359915125369665967e-02
1.500300060012002348e+02,-1.170320678784124935e+00,-1.474614416307555576e-01,1.265657676460044956e-01,6.434911962721849912e-03,1.221571154115079494e-01,1.249787712860935401e-01
1.501100220044008893e+02,-1.160387859461976978e+00,-1.513768270704486385e-01,1.248795823007653738e-01,6.420241308688333717e-03,1.261873804022893564e-01,5.376391642571698437e-04
1.501900380076015153e+02,-1.150113833493434656e+00,-1.552127883793065211e-01,1.232309963018830695e-01,6.411283528535829078e-03,1.306991541333665796e-01,3.206269148625477960e-01
1.502700540108021698e+02,-1.139456550816202451e+00,-1.589672979814586440e-01,1.216201784430853139e-01,6.408255006956103950e-03,1.357839758574622691e-01,3.402168587286036328e-01
1.503500700140027959e+02,-1.128365706774686394e+00,-1.626380176494702512e-01,1.200474015936352085e-01,6.411418224066552964e-03,1.415577982009977864e-01,2.331402998678809013e-01
1.504300860172034504e+02,-1.116780469041120716e+00,-1.662222370533092963e-01,1.185130647810621468e-01,6.421092036490096307e-03,1.481694555256700407e-01,3.448434816199676956e-01
1.505101020204040765e+02,-1.104626389758277316e+00,-1.697167945193965022e-01,1.170177223113264137e-01,6.437665273573372690e-03,1.558128101997190706e-01,2.220612828535819816e-01
1.505901180236047310e+02,-1.091811142764549603e+00,-1.731179733580006097e-01,1.155621228072951506e-01,6.461615015033237222e-03,1.647445426108767041e-01,2.258990699117738032e-01
1.506701340268053571e+02,-1.078218516044839870e+00,-1.764213634822649757e-01,1.141472627083606889e-01,6.493531716848325794e-03,1.753107543246409938e-01,1.396585625904990524e-01
1.507501500300060115e+02,-1.063699699927811659e+00,-1.796216747354199839e-01,1.127744609292540834e-01,6.534154358543617022e-03,1.879876760517637524e-01,1.052970276576218334e-01
1.508301660332066376e+02,-1.048060540150693942e+00,-1.827124783443198897e-01,1.114454655696753144e-01,6.584420799940557921e-03,2.034461868315805833e-01,2.230683956632526777e-01
1.509101820364072921e+02,-1.031042125936499021e+00,-1.856858399243969948e-01,1.101626114538151457e-01,6.645542380692145285e-03,2.226566860807722981e-01,1.759248741392742121e-01
1.509901980396079182e+02,-1.012290343886621757e+00,-1.885317856553987426e-01,1.089290599257881215e-01,6.719117704131150233e-03,2.470662665073803388e-01,2.100710670854604722e-01
1.510702140428085727e+02,-9.913064698542750630e-01,-1.912374993720273031e-01,1.077491782810483384e-01,6.807313187501350116e-03,2.789110108274008848e-01,3.585991075865959665e-01
1.511502300460091988e+02,-9.673633659539263574e-01,-1.937860695284436829e-01,1.066291685850984938e-01,6.913163054160153739e-03,3.217939046435275285e-01,3.157868037584504739e-01
1.512302460492098533e+02,-9.393560922412793612e-01,-1.961544454497718970e-01,1.055781688347147002e-01,7.041096012267486666e-03,3.818182151139652425e-01,2.324563507582707855e-01
1.513102620524104793e+02,-9.055184666741000754e-01,-1.983099118550369355e-01,1.046103225017794569e-01,7.197927597349312173e-03,4.699712039720565504e-01,4.549898130460861556e-01
1.513902780556111338e+02,-8.628457850776121152e-01,-2.002036101304836280e-01,1.037490066406876604e-01,7.394892556155826385e-03,6.075801205601555344e-01,5.378633991725693120e-01
1.514702940588117599e+02,-8.058019255067314646e-01,-2.017575172597320943e-01,1.030365389008609939e-01,7.652321926185175552e-03,8.401939420537903880e-01,8.173157783825762968e-01
1.515503100620124144e+02,-7.230658649114541925e-01,-2.028351397684441948e-01,1.025601602854694233e-01,8.012190486444657755e-03,1.277920330874164012e+00,1.174693622007576099e+00
1.516303260652130405e+02,-5.880121274348679705e-01,-2.031638235453801511e-01,1.025386719490087167e-01,8.580039544998134537e-03,2.233626460605483643e+00,2.360171564848708492e+00
1.517103420684136950e+02,-3.253199990896097904e-01,-2.020693015082402344e-01,1.037175862280417665e-01,9.716462608510252966e-03,4.782324661609719030e+00,4.979123190983971270e+00
1.517903580716143210e+02,3.119447759855987767e-01,-1.973182405025127595e-01,1.094390584087395063e-01,1.303862223052462341e-02,1.237087421302375567e+01,1.226620163305997302e+01
1.518703740748149755e+02,1.527787747619318681e+00,-1.847906848232708510e-01,1.227466996483284889e-01,1.995959854014605836e-02,1.256870706767062273e+01,1.264003919051649127e+01
1.519503900780156016e+02,1.961229523863165625e+00,-1.663258642644695751e-01,1.372118979111419945e-01,2.725753104179499259e-02,1.115734930733274455e+00,1.181987654161832824e+00
1.520304060812162561e+02,1.985225833520968264e+00,-1.469123826266706678e-01,1.516261495348015798e-01,3.433517392906838134e-02,-2.849606053570846731e-02,-1.295059263199853095e-01
1.521104220844168822e+02,1.979449998593436844e+00,-1.275500230415745617e-01,1.659599503676195964e-01,4.118063109280319795e-02,-8.954867451780590404e-02,-7.301852430394725757e-02
1.521904380876175367e+02,1.972090327092775208e+00,-1.083030006447374682e-01,1.802031875409449979e-01,4.779219148759476093e-02,-9.303387710880330064e-02,5.447844470158090535e-02
1.522704540908181627e+02,1.964624613773704231e+00,-8.917758631934544211e-02,1.943474497851732652e-01,5.416964322021305261e-02,-9.349654464735172865e-02,-2.438894328281912549e-03
1.523504700940188172e+02,1.957131673862235299e+00,-7.017729325761562498e-02,2.083852865068393789e-01,6.031391944688203888e-02,-9.378224670527224305e-02,7.445123553911947578e-02
1.524304860972194433e+02,1.949616964934897778e+00,-5.130569950872861801e-02,2.223100882904907316e-01,6.622700977398825184e-02,-9.404536306947272606e-02,-2.048429962687500772e-01
1.525105021004200978e+02,1.942081877918544253e+00,-3.256653201459840108e-02,2.361160082116250114e-01,7.191186282791760254e-02,-9.429069375624524185e-02,-1.627814771491008783e-01
1.525905181036207239e+02,1.934527790170633921e+00,-1.396360123052724743e-02,2.497978925078531420e-01,7.737227486483518046e-02,-9.452100870881942341e-02,-5.930018613356523999e-02
1.526705341068213784e+02,1.926955954531503812e+00,4.499276731804280338e-03,2.633512179528460506e-01,8.261277156127987131e-02,-9.473410950616920068e-02,-5.329912845113859987e-02
1.527505501100220044e+02,1.919367707736202799e+00,2.281835694015597882e-02,2.767720349797712087e-01,8.763848912852877093e-02,-9.493090771620421586e-02,-8.658476208801504925e-02
1.528305661132226589e+02,1.911764360938093210e+00,4.099003949458960433e-02,2.900569159328402202e-01,9.245505937890026449e-02,-9.511242200240495326e-02,-1.279944471447898580e-01
1.529105821164232850e+02,1.904147109318301334e+00,5.901093652644046061e-02,3.032029079047817155e-01,9.706850193659696813e-02,-9.527756661284798867e-02,-1.306125732020011476e-01
1.529905981196239395e+02,1.896517203459709533e+00,7.687792920432204302e-02,3.162074897129990569e-01,1.014851256304055566e-01,-9.542957354184873620e-02,-1.505791024431930025e-01
1.530706141228245656e+02,1.888875691584872119e+00,9.458821462354542742e-02,3.290685326634985586e-01,1.057114401701918505e-01,-9.556806141602074145e-02,-4.493914606472955431e-02
1.531506301260252201e+02,1.881223561644880249e+00,1.121393395809935911e-01,3.417842647367077547e-01,1.097540784718032819e-01,-9.569428150643030651e-02,-3.662260264330747805e-01
1.532306461292258462e+02,1.873561741297882444e+00,1.295292223509976748e-01,3.543532379222794071e-01,1.136197294996971474e-01,-9.581142646721101108e-02,6.952222550723437255e-02
1.533106621324265006e+02,1.865890925419227742e+00,1.467561630847415977e-01,3.667742984355432112e-01,1.173150811219997314e-01,-9.591940967745224422e-02,-1.434242782765420832e-01
1.533906781356271267e+02,1.858211735726113423e+00,1.638188426346046112e-01,3.790465595465321025e-01,1.208467722406422057e-01,-9.602013931608310848e-02,-2.338794344837866468e-01
1.534706941388277812e+02,1.850524694990445695e+00,1.807163125847716101e-01,3.911693768206683242e-01,1.242213533499583189e-01,-9.611668227943112597e-02,-3.657532141314256968e-02
1.535507101420284073e+02,1.842830103556078347e+00,1.974479779957429848e-01,4.031423255591923827e-01,1.274452546109898499e-01,-9.620944160371007470e-02,-2.317316152133388485e-01
1.536307261452290618e+02,1.835128161574440586e+00,2.140135737338876298e-01,4.149651802298930936e-01,1.305247605265463517e-01,-9.629985766519549850e-02,-5.277674490606862334e-02
1.537107421484296879e+02,1.827418984082605169e+00,2.304131370188958750e-01,4.266378957297737307e-01,1.334659903520402369e-01,-9.639064451449283477e-02,-1.317517470350079989e-01
1.537907581516303424e+02,1.819702516163577366e+00,2.466469777596604906e-01,4.381605903177184236e-01,1.362748834281809485e-01,-9.648305242885429900e-02,-3.269873988187910197e-02
1.538707741548309684e+02,1.811978566903128973e+00,2.627156474503903882e-01,4.495335300555040048e-01,1.389571886883594898e-01,-9.657771733647610435e-02,-1.302910296222711817e-02
1.539507901580316229e+02,1.804246869957306210e+00,2.786199079850173455e-01,4.607571146249703764e-01,1.415184576770232017e-01,-9.667619898670043455e-02,3.730446763542136224e-02
1.540308061612322490e+02,1.796507074887683908e+00,2.943607015400302451e-01,4.718318644026386899e-01,1.439640404929353745e-01,-9.678045891999553785e-02,-1.419103017339014006e-01
1.541108221644329035e+02,1.788758703041335441e+00,3.099391220946308700e-01,4.827584086759039161e-01,1.462990841423052746e-01,-9.689139120048345655e-02,-1.216986047931195303e-01
1.541908381676335296e+02,1.781001178419840958e+00,3.253563887224755757e-01,4.935374748892591978e-01,1.485285328533416938e-01,-9.700952794417586067e-02,-9.402317741643353988e-02
1.542708541708341841e+02,1.773233862784506343e+00,3.406138211211894862e-01,5.041698788298508704e-01,1.506571299720592949e-01,-9.713582556955743796e-02,-2.344799198145896546e-01
1.543508701740348101e+02,1.765456054793977714e+00,3.557128176333267944e-01,5.146565156694846710e-01,1.526894211153864978e-01,-9.727144715409238862e-02,-3.390875578641426580e-02
1.544308861772354646e+02,1.757666987588970997e+00,3.706548356847668146e-01,5.249983517825000945e-01,1.546297583057509584e-01,-9.741753657563703706e-02,-8.054670366832636375e-02
1.545109021804360907e+02,1.749865812649589403e+00,3.854413746188743994e-01,5.351964172695058419e-01,1.564823048567856034e-01,-9.757466932179131858e-02,-2.277069202692384997e-01
1.545909181836367452e+02,1.742051620220788077e+00,4.000739606560483885e-01,5.452517991185390489e-01,1.582510408155020087e-01,-9.774330692446236979e-02,2.717280013379247405e-02
1.546709341868373713e+02,1.734223452723359316e+00,4.145541339501660483e-01,5.551656349482739783e-01,1.599397688027502651e-01,-9.792405840075013579e-02,4.249260503878057871e-02
1.547509501900380258e+02,1.726380304577452174e+00,4.288834375880638539e-01,5.649391072814461401e-01,1.615521201206887303e-01,-9.811759810782055835e-02,-2.260451716807104772e-01
1.548309661932386518e+02,1.718521122291233327e+00,4.430634083028929804e-01,5.745734382992458977e-01,1.630915610192051335e-01,-9.832461265107533821e-02,-3.737160430249736320e-02
1.549109821964393063e+02,1.710644804669358976e+00,4.570955687140102475e-01,5.840698850333577719e-01,1.645613990340021870e-01,-9.854577027131397604e-02,3.022107139828128508e-02
1.549909981996399324e+02,1.702750202988219774e+00,4.709814209116280903e-01,5.934297349561759027e-01,1.659647893260945417e-01,-9.878170642010006275e-02,-1.113253377711623249e-02
1.550710142028405869e+02,1.694836119221998061e+00,4.847224412208279154e-01,6.026543019338116425e-01,1.673047409669192465e-01,-9.903297785272338616e-02,-1.935321905123023323e-01
1.551510302060412130e+02,1.686901307076884793e+00,4.983200759698955262e-01,6.117449225089190978e-01,1.685841231247807159e-01,-9.930009929124614110e-02,-2.354893093760132561e-01
1.552310462092418675e+02,1.678944474835203593e+00,5.117757381200778166e-01,6.207029524840023127e-01,1.698056711186526624e-01,-9.958363123910712877e-02,-1.076506569377827932e-01
1.553110622124424935e+02,1.670964283778666015e+00,5.250908046472840818e-01,6.295297637791630319e-01,1.709719923138034170e-01,-9.988417112136993570e-02,-1.460737750130610690e-01
1.553910782156431480e+02,1.662959346268022109e+00,5.382666145460875962e-01,6.382267415396757348e-01,1.720855718399761647e-01,-1.002023480738328809e-01,-9.763174223347040326e-02
1.554710942188437741e+02,1.654928223537317500e+00,5.513044673526833472e-01,6.467952814711546150e-01,1.731487781185679364e-01,-1.005388221448827446e-01,-1.075166693139205931e-01
1.555511102220444286e+02,1.646869423156815060e+00,5.642056220968021396e-01,6.552367873822544375e-01,1.741638681897851315e-01,-1.008942864168443920e-01,-4.489368665221423610e-02
1.556311262252450547e+02,1.638781396125302381e+00,5.769712966038343938e-01,6.635526689164000791e-01,1.751329928343748343e-01,-1.012694709623798706e-01,-1.541263047114909690e-01
1.557111422284457092e+02,1.630662533557758476e+00,5.896026670791231217e-01,6.717443394558056946e-01,1.760582014874849943e-01,-1.016651479053318208e-01,-1.146991015211162451e-01
1.557911582316463353e+02,1.622511162938891083e+00,6.021008679153466714e-01,6.798132141822577079e-01,1.769414469445100835e-01,-1.020821371567975921e-01,1.978242192931677912e-01
1.558711742348469897e+02,1.614325543916175665e+00,6.144669916723567438e-01,6.877607082805805572e-01,1.777845898606331410e-01,-1.025213126513269124e-01,-1.124644549552806239e-01
1.559511902380476158e+02,1.606103863608444815e+00,6.267020891856458498e-01,6.955882352716294958e-01,1.785894030471679439e-01,-1.029836091192198877e-01,-2.635626003936014650e-02
1.560312062412482703e+02,1.597844231406940319e+00,6.388071697660310244e-01,7.032972054628360281e-01,1.793575755689012785e-01,-1.034700296011395459e-01,-7.171400790430940142e-02
1.561112222444488964e+02,1.589544673245785855e+00,6.507832014580994251e-01,7.108890245050167866e-01,1.800907166474061960e-01,-1.039816540462368266e-01,-7.933284554817496281e-02
1.561912382476495509e+02,1.581203125317118818e+00,6.626311113296657895e-01,7.183650920451036814e-01,1.807903593758749261e-01,-1.045196494354125316e-01,-1.929331499650904225e-01
1.562712542508501770e+02,1.572817427203307084e+00,6.743517857679200977e-01,7.257268004649412019e-01,1.814579642513682589e-01,-1.050852819422049000e-01,-4.965649693880651305e-02
1.563512702540508315e+02,1.564385314393784698e+00,6.859460707612631269e-01,7.329755336970350532e-01,1.820949225306041086e-01,-1.056799316864545646e-01,-1.081691440279556465e-01
1.564312862572514575e+02,1.555904410100468427e+00,6.974147721482603091e-01,7.401126661084624914e-01,1.827025594154735311e-01,-1.063051097952821822e-01,-2.193790304105211475e-02
1.565113022604520836e+02,1.547372213372810945e+00,7.087586558305827289e-01,7.471395614454651168e-01,1.832821370748227985e-01,-1.069624256679516106e-01,1.007289571105204895e-01
1.565913182636527381e+02,1.538786087188180218e+00,7.199784479187812947e-01,7.540575718298201391e-01,1.838348575081966696e-01,-1.076535774364548170e-01,-8.666701669106753603e-02
1.566713342668533642e+02,1.530143249018688811e+00,7.310748347846827144e-01,7.608680367985176662e-01,1.843618652570122585e-01,-1.083804088189879722e-01,-2.975006258435580753e-02
1.567513502700540187e+02,1.521440758717734987e+00,7.420484630288440853e-01,7.675722823802333394e-01,1.848642499693619878e-01,-1.091449396067659117e-01,-2.090424082790187099e-01
1.568313662732546447e+02,1.512675505278861410e+00,7.528999393424542497e-01,7.741716202005135550e-01,1.853430488235481288e-01,-1.099494017998012274e-01,-9.584087212746267292e-02
1.569113822764552992e+02,1.503844192408849478e+00,7.636298302498052415e-01,7.806673466079807611e-01,1.857992488152636068e-01,-1.107962832337702763e-01,4.674197686169276333e-02
1.569913982796559253e+02,1.494943322763350624e+00,7.742386617168812712e-01,7.870607418135441291e-01,1.862337889129100088e-01,-1.116883792649306373e-01,-1.153162075807725867e-01
1.570714142828565798e+02,1.485969172498317503e+00,7.847269186542568109e-01,7.933530690375524275e-01,1.866475620865318819e-01,-1.126287259049757461e-01,-1.739903100528399083e-01
1.571514302860572059e+02,1.476917755645187347e+00,7.950950443047564153e-01,7.995455736571817074e-01,1.870414172144888587e-01,-1.136204298191820228e-01,-9.065999765722790316e-02
1.572314462892578604e+02,1.467784814587355990e+00,8.053434393062297580e-01,8.056394823315616849e-01,1.874161608643390986e-01,-1.146669605535610703e-01,-1.308354213349701700e-01
1.573114622924584864e+02,1.458565798009984649e+00,8.154724605988749042e-01,8.116360021068603769e-01,1.877725589562239394e-01,-1.157722817119871683e-01,-1.375487683669932293e-01
1.573914782956591409e+02,1.449255833246403613e+00,8.254824201190662514e-01,8.175363194882568907e-01,1.881113383093632740e-01,-1.169409495976658775e-01,-1.519396086515632793e-01
1.574714942988597670e+02,1.439849672841762240e+00,8.353735833721409598e-01,8.233415994765871382e-01,1.884331880772372736e-01,-1.181779128668167256e-01,8.273867404629536848e-02
1.575515103020604215e+02,1.430341635008783863e+00,8.451461677524468863e-01,8.290529845496285022e-01,1.887387610684702899e-01,-1.194883423334666683e-01,-2.043501613198333566e-01
1.576315263052610476e+02,1.420725592117648262e+00,8.548003402393418160e-01,8.346715935439509293e-01,1.890286749385030329e-01,-1.208782234309313530e-01,-1.599423477662312021e-01
1.577115423084617021e+02,1.410994926736307775e+00,8.643362148712757653e-01,8.401985204530291185e-01,1.893035132660606246e-01,-1.223545620986657423e-01,-1.771785985382270390e-01
1.577915583116623282e+02,1.401142433817559763e+00,8.737538501110676536e-01,8.456348331384966333e-01,1.895638265191356420e-01,-1.239250152194323884e-01,2.286134789053539951e-03
1.578715743148629826e+02,1.391160234164484644e+00,8.830532456538204844e-01,8.509815718987649991e-01,1.898101328900383689e-01,-1.255978726059842066e-01,-1.512952860746560602e-01
1.579515903180636087e+02,1.381039748710630066e+00,8.922343382259680933e-01,8.562397478260304062e-01,1.900429189726071666e-01,-1.273829544913521183e-01,5.229640483054659450e-03
1.580316063212642632e+02,1.370771583188944431e+00,9.012969972468988233e-01,8.614103410035406361e-01,1.902626403134908828e-01,-1.292915525470395011e-01,-1.104695518437477098e-01
1.581116223244648893e+02,1.360345348892228801e+00,9.102410201581457860e-01,8.664942985028990519e-01,1.904697218251263091e-01,-1.313359260577420806e-01,-1.315104748907111598e-01
1.581916383276655438e+02,1.349749613212032573e+00,9.190661258647070397e-01,8.714925319820304717e-01,1.906645579712748506e-01,-1.335306075993969444e-01,-2.774518683583702128e-01
1.582716543308661699e+02,1.338971716673116097e+00,9.277719479256952839e-01,8.764059149963068229e-01,1.908475127882218458e-01,-1.358924632647265374e-01,-1.260932408838906504e-02
1.583516703340668244e+02,1.327997511416535215e+00,9.363580270199937106e-01,8.812352799323556196e-01,1.910189197068899170e-01,-1.384404074404377294e-01,-8.220699076738605116e-02
1.584316863372674504e+02,1.316811245263959984e+00,9.448238005658849969e-01,8.859814142466846398e-01,1.911790810316799649e-01,-1.411971597509428800e-01,-9.856334738212421676e-02
1.585117023404681049e+02,1.305395184958246135e+00,9.531685923440922359e-01,8.906450562411620808e-01,1.913282672017754538e-01,-1.441889121817502284e-01,-1.538065483673121125e-01
1.585917183436687310e+02,1.293729311674923776e+00,9.613915990675075962e-01,8.952268899188762230e-01,1.914667156264400483e-01,-1.474465853095796586e-01,-1.869934547160610194e-01
1.586717343468693855e+02,1.281790934926610115e+00,9.694918743990880161e-01,8.997275388112807581e-01,1.915946290591614420e-01,-1.510072118908148409e-01,-2.756959835960915428e-01
1.587517503500700116e+02,1.269554083202759198e+00,9.774683111148361192e-01,9.041475587037066663e-01,1.917121734969571278e-01,-1.549145650914698913e-01,-5.822154714608940296e-02
1.588317663532706661e+02,1.256988978504176568e+00,9.853196173566429739e-01,9.084874284617944218e-01,1.918194752413976412e-01,-1.592220898225527037e-01,-1.302101162240703325e-01
1.589117823564712921e+02,1.244061074659957411e+00,9.930442907497410987e-01,9.127475391659427562e-01,1.919166172598758269e-01,-1.639941933060010126e-01,-1.977884117077624015e-01
1.589917983596719466e+02,1.230730151774205972e+00,1.000640583419539320e+00,9.169281801246931263e-01,1.920036341895878795e-01,-1.693106678391009812e-01,-2.302284899773585636e-01
1.590718143628725727e+02,1.216948824431762555e+00,1.008106462225314193e+00,9.210295218257653627e-01,1.920805060781440587e-01,-1.752701198005648942e-01,-1.615467553776648579e-01
1.591518303660732272e+02,1.202660880142732536e+00,1.015439555796604276e+00,9.250515937140133538e-01,1.921471499021442375e-01,-1.819969326700254797e-01,-1.889630916992665055e-01
1.592318463692738533e+02,1.187798847711606598e+00,1.022637090311890651e+00,9.289942559776996900e-01,1.922034085790421121e-01,-1.896493441293806148e-01,-2.323835341185886971e-02
1.593118623724745078e+02,1.172280828440918299e+00,1.029695805921874596e+00,9.328571623565397042e-01,1.922490361628334810e-01,-1.984318163820830705e-01,-1.189135279987209581e-01
1.593918783756751338e+02,1.156006170761607166e+00,1.036611847747479054e+00,9.366397105149625313e-01,1.922836777462531010e-01,-2.086130796236290719e-01,-2.660858264519993521e-01
1.594718943788757883e+02,1.138849292049862738e+00,1.043380623942838037e+00,9.403409750489625241e-01,1.923068419899847115e-01,-2.205522899012934968e-01,-3.289717599537663739e-01
1.595519103820764144e+02,1.120650961418193203e+00,1.049996613008351787e+00,9.439596141877091284e-01,1.923178623756436889e-01,-2.347396074335955651e-01,-2.561853299170107068e-01
1.596319263852770689e+02,1.101205487299667496e+00,1.056453099690789488e+00,9.474937372259246704e-01,1.923158415866694226e-01,-2.518595594269396054e-01,-3.408641217022777004e-01
1.597119423884776950e+02,1.080241391620369251e+00,1.062741804328482420e+00,9.509407108130796260e-01,1.922995695101787361e-01,-2.728935036531821012e-01,-2.631192968465213555e-01
1.597919583916783495e+02,1.057391386176742332e+00,1.068852347388953516e+00,9.542968662952190373e-01,1.922673983690530719e-01,-2.992916807928486245e-01,-2.566860180305045036e-01
1.598719743948789755e+02,1.032143988653507094e+00,1.074771449472314178e+00,9.575570397120678479e-01,1.922170448717661906e-01,-3.332742029429319741e-01,-2.674106474387135668e-01
1.599519903980796300e+02,1.003762106486463690e+00,1.080481696149066417e+00,9.607138165461124313e-01,1.921452633556900713e-01,-3.783836910070448312e-01,-3.344743272038692150e-01
1.600320064012802561e+02,9.711391585040972663e-01,1.085959537983790524e+00,9.637562194185904652e-01,1.920472740619969532e-01,-4.405599318351299809e-01,-4.572469028199410146e-01
1.601120224044809106e+02,9.325291143921295989e-01,1.091171879200562245e+00,9.666672692854783033e-01,1.919156946141857834e-01,-5.303771925294131773e-01,-4.679077772655151901e-01
1.601920384076815367e+02,8.850018799260359614e-01,1.096069858720493562e+00,9.694190476821725744e-01,1.917383656086657506e-01,-6.681047552070634721e-01,-7.545295791575208355e-01
1.602720544108821912e+02,8.232409392640481771e-01,1.100576513081677366e+00,9.719615216622412568e-01,1.914934096805538943e-01,-8.963868363809385231e-01,-9.016692342212027089e-01
1.603520704140828173e+02,7.365715102818140014e-01,1.104559408588028813e+00,9.741931793294460462e-01,1.911362207062793084e-01,-1.316333818968272507e+00,-1.232472174217766447e+00
1.604320864172834717e+02,6.004717337793347154e-01,1.107759510499470634e+00,9.758657661828942231e-01,1.905573450709617256e-01,-2.207660618894900839e+00,-2.176190099870153549e+00
1.605121024204840978e+02,3.478168399881099715e-01,1.109555864953431170e+00,9.761693758944551824e-01,1.894018218428273614e-01,-4.496193747377392747e+00,-4.620586255855485547e+00
1.605921184236847523e+02,-2.342642071496222334e-01,1.107964243792853853e+00,9.716134019071515082e-01,1.862115183704280419e-01,-1.113890472558056643e+01,-1.125163646691358821e+01
1.606721344268853784e+02,-1.393407451308089628e+00,1.099046384678216359e+00,9.581237240313129622e-01,1.795839901754841261e-01,-1.354457779204256340e+01,-1.370324386840867170e+01
1.607521504300860329e+02,-1.913658897294640004e+00,1.083900448961222951e+00,9.429782321773242382e-01,1.725508088041513566e-01,-1.606905036407195508e+00,-1.423599117302831729e+00
1.608321664332866590e+02,-1.953297204253165331e+00,1.067520569898861682e+00,9.280364876198204938e-01,1.658162940160246013e-01,-3.112130501990995057e-02,-1.831422567742240215e-01
1.609121824364873135e+02,-1.950480729841941763e+00,1.051170700916852940e+00,9.133309324855055644e-01,1.593820317645412155e-01,6.208259131958160371e-02,5.127938805341640538e-02
1.609921984396879395e+02,-1.945207816315674521e+00,1.034940953384416940e+00,8.988591587222106716e-01,1.532362712870551646e-01,6.748289774698990051e-02,2.542074790774633275e-01
1.610722144428885940e+02,-1.939786265344742633e+00,1.018836116817585458e+00,8.846175368593107713e-01,1.473667850623769648e-01,6.789957789299083668e-02,1.787309614900126076e-01
1.611522304460892201e+02,-1.934347827166094769e+00,1.002856116966883926e+00,8.706024257556713719e-01,1.417614267931581185e-01,6.802638481433476159e-02,2.029076887044483912e-01
1.612322464492898746e+02,-1.928900350189343360e+00,9.870006061403331366e-01,8.568102382880709023e-01,1.364082379447994209e-01,6.813278541262929311e-02,2.143755355898236542e-02
1.613122624524905007e+02,-1.923444529837463612e+00,9.712692260736160987e-01,8.432374442826906513e-01,1.312955166176123512e-01,6.823475724308109003e-02,1.453802809346264879e-01
1.613922784556911552e+02,-1.917980644233503451e+00,9.556616232208505757e-01,8.298805698303415301e-01,1.264118722777899939e-01,6.833365264049678922e-02,3.761519773643466347e-01
1.614722944588917812e+02,-1.912508947989654651e+00,9.401774496611530196e-01,8.167361964028008181e-01,1.217462686586535947e-01,6.843009144988920767e-02,6.808726969579655119e-02
1.615523104620924357e+02,-1.907029668643323461e+00,9.248163630888174280e-01,8.038009599700010055e-01,1.172880560482259249e-01,6.852390337438590828e-02,1.132045645484264507e-01
1.616323264652930618e+02,-1.901543022928287696e+00,9.095780268430899707e-01,7.910715501326327503e-01,1.130269941821970964e-01,6.861472494926329491e-02,4.045512230517519375e-02
1.617123424684937163e+02,-1.896049231168029925e+00,8.944621099247059837e-01,7.785447092690134241e-01,1.089532669689744770e-01,6.870250012671885731e-02,7.078173542201214585e-02
1.617923584716943424e+02,-1.890548513872259750e+00,8.794682869570056294e-01,7.662172316954665163e-01,1.050574902373863501e-01,6.878736969677112789e-02,1.095899159651589905e-01
1.618723744748949969e+02,-1.885041089063642650e+00,8.645962381326746105e-01,7.540859628405104376e-01,1.013307136292238148e-01,6.886958434158263476e-02,2.110071486868332069e-01
1.619523904780956229e+02,-1.879527170247570433e+00,8.498456491437649252e-01,7.421477984327644606e-01,9.776441766762343499e-02,6.894943819540366725e-02,-1.759803561710630848e-02
1.620324064812962774e+02,-1.874006961262342452e+00,8.352162110831370390e-01,7.303996837020183541e-01,9.435050692918101056e-02,6.902710281767587830e-02,-7.031172151185535735e-02
1.621124224844969035e+02,-1.868480650437184698e+00,8.207076203208684140e-01,7.188386125934513871e-01,9.108130014046884881e-02,6.910244489684580493e-02,7.521209386504253136e-02
1.621924384876975580e+02,-1.862948422482253896e+00,8.063195784005968703e-01,7.074616269955001924e-01,8.794951791320716750e-02,6.917540659120563484e-02,9.327838246777656050e-02
1.622724544908981841e+02,-1.857410458965677025e+00,7.920517918811218472e-01,6.962658159799849367e-01,8.494826872976135590e-02,6.924601118648565645e-02,2.139683949507978078e-01
1.623524704940988386e+02,-1.851866937524688117e+00,7.779039721458020917e-01,6.852483150545513046e-01,8.207103369685121719e-02,6.931432830207251428e-02,1.446910340347989377e-01
1.624324864972994646e+02,-1.846318031370028256e+00,7.638758351819695536e-01,6.744063054274020974e-01,7.931165049936385325e-02,6.938044902708856432e-02,1.056974456702611254e-02
1.625125025005001191e+02,-1.840763909024884404e+00,7.499671013282279697e-01,6.637370132839685022e-01,7.666429690966598820e-02,6.944446903158485451e-02,1.297602538957898233e-01
1.625925185037007452e+02,-1.835204734249486824e+00,7.361774949879119623e-01,6.532377090754294402e-01,7.412347414081128794e-02,6.950647804899456883e-02,1.847707120330404074e-01
1.626725345069013997e+02,-1.829640666106631786e+00,7.225067443067501038e-01,6.429057068187441493e-01,7.168399027392945155e-02,6.956655430015168395e-02,1.018427450370798515e-01
1.627525505101020258e+02,-1.824071859127754269e+00,7.089545808131906268e-01,6.327383634081144015e-01,6.934094394052241206e-02,6.962476259964600622e-02,3.929900652601869826e-02
1.628325665133026803e+02,-1.818498463543270161e+00,6.955207390196405104e-01,6.227330779375563896e-01,6.708970839838206135e-02,6.968115505229521833e-02,1.410011111294933173e-01
1.629125825165033064e+02,-1.812920625545188846e+00,6.822049559833179844e-01,6.128872910345053437e-01,6.492591610480882847e-02,6.973577340855657836e-02,3.788700503781557843e-02
1.629925985197039608e+02,-1.807338487554000173e+00,6.690069708252573966e-01,6.031984842041485662e-01,6.284544386170297370e-02,6.978865230330977276e-02,-1.133142861121627931e-01
1.630726145229045869e+02,-1.801752188432780510e+00,6.559265242063985202e-01,5.936641791844146088e-01,6.084439858334497742e-02,6.983982180575748488e-02,2.065177650558914224e-01
1.631526305261052414e+02,-1.796161863732730568e+00,6.429633577599805916e-01,5.842819373113352643e-01,5.891910371834002680e-02,6.988931178800034116e-02,-5.554614033742982793e-02
1.632326465293058675e+02,-1.790567645964204591e+00,6.301172134797516922e-01,5.750493588947176438e-01,5.706608634177779554e-02,6.993715790754445605e-02,3.994569702658767874e-02
1.633126625325065220e+02,-1.784969664523661459e+00,6.173878330624201771e-01,5.659640826038291328e-01,5.528206492136437944e-02,6.998339894296462527e-02,4.180019067511408365e-02
1.633926785357071481e+02,-1.779368045658080044e+00,6.047749572054821332e-01,5.570237848630583688e-01,5.356393775182934774e-02,7.002807654490211808e-02,3.985998139161188447e-02
1.634726945389078026e+02,-1.773762912413657800e+00,5.922783248604086559e-01,5.482261792572925563e-01,5.190877204454975163e-02,7.007123586969532525e-02,4.489088535494761140e-02
1.635527105421084286e+02,-1.768154384592239614e+00,5.798976724420590312e-01,5.395690159469584968e-01,5.031379365392825431e-02,7.011292771944982460e-02,-7.068414990621368910e-02
1.636327265453090831e+02,-1.762542578592475984e+00,5.676327329948730460e-01,5.310500810924719817e-01,4.877637741806677141e-02,7.015320885809944729e-02,1.258909474105798787e-01
1.637127425485097092e+02,-1.756927606946371734e+00,5.554832353169217862e-01,5.226671962880351519e-01,4.729403808857182007e-02,7.019213566003684734e-02,7.602460763903590157e-02
1.637927585517103637e+02,-1.751309578020508573e+00,5.434489030450583291e-01,5.144182180045792085e-01,4.586442182257215866e-02,7.022976383570522785e-02,7.718405778688061658e-02
1.638727745549109898e+02,-1.745688595620374484e+00,5.315294537030763600e-01,5.063010370417930783e-01,4.448529820904250504e-02,7.026614710152340182e-02,1.804169798924281920e-01
1.639527905581116158e+02,-1.740064758563423908e+00,5.197245977160260821e-01,4.983135779890220940e-01,4.315455280113668357e-02,7.030133657191794949e-02,1.831702911419632873e-01
1.640328065613122703e+02,-1.734438160245466598e+00,5.080340373945505528e-01,4.904537986949867312e-01,4.187018012635877751e-02,7.033538146711676431e-02,2.070878306504693178e-01
1.641128225645128964e+02,-1.728808888224363294e+00,4.964574658935642093e-01,4.827196897461693559e-01,4.063027714684029623e-02,7.036833165960931780e-02,2.582517879943539985e-01
1.641928385677135509e+02,-1.723177023848021294e+00,4.849945661502396699e-01,4.751092739537303711e-01,3.943303714271976373e-02,7.040024260291863345e-02,1.185276348676076591e-01
1.642728545709141770e+02,-1.717542641956602223e+00,4.736450098070562609e-01,4.676206058489125184e-01,3.827674399255764914e-02,7.043118319619706691e-02,-8.059044397080425415e-02
1.643528705741148315e+02,-1.711905810691351171e+00,4.624084561260803361e-01,4.602517711867440964e-01,3.715976682575256040e-02,7.046124713742107915e-02,9.453420292435721350e-02
1.644328865773154575e+02,-1.706266591444965730e+00,4.512845509015397383e-01,4.530008864580298278e-01,3.608055502309744089e-02,7.049056830675942686e-02,7.457188383738616588e-02
1.645129025805161120e+02,-1.700625038990358995e+00,4.402729253781045848e-01,4.458660984094507951e-01,3.503763354278512793e-02,7.051934069868606714e-02,8.020590310059622086e-02
1.645929185837167381e+02,-1.694981201000035576e+00,4.293731951802212676e-01,4.388455835716793541e-01,3.402959855039614651e-02,7.054782384036326071e-02,1.329921760090585492e-02
1.646729345869173926e+02,-1.689335107411294779e+00,4.185849592277521847e-01,4.319375477942904440e-01,3.305511333210210678e-02,7.057611118486128987e-02,-1.552130889371861056e-02
1.647529505901180187e+02,-1.683686772085621675e+00,4.079077987227575641e-01,4.251402257897483050e-01,3.211290447309469304e-02,7.060419863586797629e-02,1.530368310488404160e-01
1.648329665933186732e+02,-1.678036198155660852e+00,3.973412761889982825e-01,4.184518806855584971e-01,3.120175828309022792e-02,7.063213475939078556e-02,1.704174840739835495e-01
1.649129825965192992e+02,-1.672383378866269421e+00,3.868849345458967304e-01,4.118708035837204129e-01,3.032051745169682747e-02,7.066006049229606178e-02,-3.832869455407902914e-02
1.649929985997199537e+02,-1.666728298811470665e+00,3.765382962430037228e-01,4.053953131278229538e-01,2.946807791823672848e-02,7.068825589250996022e-02,1.274385597605571796e-01
1.650730146029205798e+02,-1.661070935089350886e+00,3.663008624632168031e-01,3.990237550777369080e-01,2.864338594140495090e-02,7.071718252971703755e-02,5.660812670519031753e-02
1.651530306061212343e+02,-1.655411238124626427e+00,3.561721123294542268e-01,3.927545018891427930e-01,2.784543535392444355e-02,7.074707682142231113e-02,3.475638175826496062e-02
1.652330466093218604e+02,-1.649749125412048212e+00,3.461515022430907695e-01,3.865859523017975419e-01,2.707326499121575150e-02,7.077785048574883331e-02,1.419874301085199964e-01
1.653130626125225149e+02,-1.644084502973469641e+00,3.362384654218698032e-01,3.805165309386894790e-01,2.632595628346452721e-02,7.080959401009473408e-02,6.844857655085773152e-02
1.653930786157231410e+02,-1.638417269504211182e+00,3.264324114834806223e-01,3.745446879105874816e-01,2.560263099736820314e-02,7.084268025446191497e-02,1.815312824172987671e-02
1.654730946189237955e+02,-1.632747316939047399e+00,3.167327261305238895e-01,3.686688984273748249e-01,2.490244911810009579e-02,7.087778554832405153e-02,7.914388287955273493e-02
1.655531106221244215e+02,-1.627074490163394671e+00,3.071387707974753134e-01,3.628876624105111248e-01,2.422460685933532781e-02,7.091505972568537541e-02,-1.261200138036963347e-01
1.656331266253250760e+02,-1.621398597318755908e+00,2.976498826146133370e-01,3.571995041192790321e-01,2.356833479844549703e-02,7.095439065344308349e-02,1.427640028015378371e-02
1.657131426285257021e+02,-1.615719442612854273e+00,2.882653745977887816e-01,3.516029717878998428e-01,2.293289612736454375e-02,7.099610924812677082e-02,2.949342617634107683e-02
1.657931586317263566e+02,-1.610036829367228473e+00,2.789845358657230268e-01,3.460966372657496848e-01,2.231758500775799306e-02,7.104104909640349130e-02,-6.639635027784679400e-02
1.658731746349269827e+02,-1.604350504426881541e+00,2.698066317591845120e-01,3.406790956548355065e-01,2.172172502075385078e-02,7.108943667449782455e-02,9.105481959791969504e-02
1.659531906381276372e+02,-1.598660167231130691e+00,2.607309043546992000e-01,3.353489649636793857e-01,2.114466771371817724e-02,7.114112522050228260e-02,1.001691843978751995e-01
1.660332066413282632e+02,-1.592965523551304274e+00,2.517565733116634563e-01,3.301048857763122513e-01,2.058579123741047581e-02,7.119667931769282920e-02,1.295994872491049860e-02
1.661132226445289177e+02,-1.587266268440342909e+00,2.428828365792219668e-01,3.249455209168799485e-01,2.004449905852482769e-02,7.125702753037164994e-02,5.608282852993352191e-02
1.661932386477295438e+02,-1.581562006634060991e+00,2.341088709696586279e-01,3.198695551087094024e-01,1.952021874184422731e-02,7.132195369717458933e-02,1.403711351549934983e-01
1.662732546509301983e+02,-1.575852334823972134e+00,2.254338335468424881e-01,3.148756946689446612e-01,1.901240081685565131e-02,7.139172117384302851e-02,1.790094041778022005e-01
1.663532706541308244e+02,-1.570136862366076969e+00,2.168568629040829310e-01,3.099626672005961758e-01,1.852051770588912863e-02,7.146744530206264323e-02,-2.992960856804394165e-03
1.664332866573314789e+02,-1.564415104003554990e+00,2.083770800035575910e-01,3.051292212655202785e-01,1.804406270177688967e-02,7.154910258027752379e-02,1.069067366499290295e-01
1.665133026605321049e+02,-1.558686547057612337e+00,1.999935898854184602e-01,3.003741260973938343e-01,1.758254901948903132e-02,7.163682620016584290e-02,1.767134349629025381e-01
1.665933186637327594e+02,-1.552950702622645895e+00,1.917054834388441653e-01,2.956961713206236464e-01,1.713550890167584578e-02,7.173182363074646906e-02,6.997146133088238962e-02
1.666733346669333855e+02,-1.547206974027875770e+00,1.835118384442936956e-01,2.910941666364517677e-01,1.670249275609352047e-02,7.183401610582652863e-02,-4.175742376707938797e-03
1.667533506701340400e+02,-1.541454748553109821e+00,1.754117217060638945e-01,2.865669415626732053e-01,1.628306836353929712e-02,7.194372351937636245e-02,-3.686933483682874879e-03
1.668333666733346661e+02,-1.535693426306777631e+00,1.674041910017639023e-01,2.821133451691041905e-01,1.587682012529557582e-02,7.206214905214232413e-02,4.077454253104395576e-02
1.669133826765353206e+02,-1.529922280150320058e+00,1.594882962938006243e-01,2.777322457786685628e-01,1.548334833286838658e-02,7.218897287074657609e-02,-3.027818691531052042e-02
1.669933986797359466e+02,-1.524140615093648510e+00,1.516630824069616634e-01,2.734225307462847532e-01,1.510226851186183272e-02,7.232512044999701850e-02,2.743318274306021376e-01
1.670734146829366011e+02,-1.518347677686140873e+00,1.439275905765572960e-01,2.691831061857896112e-01,1.473321077456962030e-02,7.247120856324618110e-02,1.611178288286697208e-02
1.671534306861372272e+02,-1.512542632274978427e+00,1.362808603239536176e-01,2.650128967174104622e-01,1.437581921444842058e-02,7.262719631158619238e-02,1.109991270904304023e-01
1.672334466893378817e+02,-1.506724685920193485e+00,1.287219321042546161e-01,2.609108452638235209e-01,1.402975135396439949e-02,7.279444307789206814e-02,9.159129634955558152e-02
1.673134626925385078e+02,-1.500892900964824195e+00,1.212498483983109887e-01,2.568759127678567067e-01,1.369467758211587172e-02,7.297267726620003392e-02,1.370724256454763368e-01
1.673934786957391623e+02,-1.495046384081804458e+00,1.138636566952280771e-01,2.529070780216447489e-01,1.337028067244612657e-02,7.316306439035594189e-02,3.495129868198029038e-02
1.674734946989397883e+02,-1.489184138219111553e+00,1.065624107548761718e-01,2.490033374083359952e-01,1.305625528268294054e-02,7.336586067486892959e-02,-5.628218151661211477e-02
1.675535107021404428e+02,-1.483305141779884373e+00,9.934517300214362745e-02,2.451637047159300198e-01,1.275230751259543577e-02,7.358169383869221647e-02,2.375534578878997771e-01
1.676335267053410689e+02,-1.477408337095878821e+00,9.221101643606030573e-02,2.413872109340647054e-01,1.245815447480414298e-02,7.381138992587892023e-02,6.605945969783240390e-02
1.677135427085417234e+02,-1.471492575932653590e+00,8.515902624678779731e-02,2.376729040422357886e-01,1.217352388154599105e-02,7.405518681255894575e-02,8.575500119947675193e-02
1.677935587117423495e+02,-1.465556720424376902e+00,7.818830224531918283e-02,2.340198488595993387e-01,1.189815368031445220e-02,7.431426309392942520e-02,9.435028614943238856e-02
1.678735747149430040e+02,-1.459599502674914229e+00,7.129795989868302486e-02,2.304271268194347522e-01,1.163179167019233115e-02,7.458870552817398192e-02,2.007566513463685254e-01
1.679535907181436301e+02,-1.453619684153190317e+00,6.448713299016435585e-02,2.268938358590820437e-01,1.137419519130979627e-02,7.487985618113007780e-02,1.517866435500742073e-01
1.680336067213442846e+02,-1.447615878935511580e+00,5.775497430483085559e-02,2.234190901958337250e-01,1.112513077371616796e-02,7.518782253428338280e-02,1.925942538921106006e-01
1.681136227245449106e+02,-1.441586729791116017e+00,5.110065828640888985e-02,2.200020202459193608e-01,1.088437387105131368e-02,7.551400142766072354e-02,1.577972862696121192e-01
1.681936387277455651e+02,-1.435530728886692309e+00,4.452338154582065333e-02,2.166417724145115742e-01,1.065170854427373304e-02,7.585863657111500957e-02,9.124330662065445463e-02
1.682736547309461912e+02,-1.429446381109857445e+00,3.802236534194670947e-02,2.133375090350511649e-01,1.042692723157425186e-02,7.622310334910462060e-02,1.017499827430709686e-01
1.683536707341468457e+02,-1.423332050724536835e+00,3.159685608220700465e-02,2.100884081870847964e-01,1.020983047026886338e-02,7.660790004471312864e-02,2.431385649236977864e-03
1.684336867373474718e+02,-1.417186080349737365e+00,2.524612743247108340e-02,2.068936636441573718e-01,1.000022669386678269e-02,7.701429066044618299e-02,-1.167013742545323918e-01
1.685137027405481263e+02,-1.411006699184542912e+00,1.896948105186770789e-02,2.037524847399743710e-01,9.797931999190505684e-03,7.744317041082680875e-02,5.366635714913377264e-02
1.685937187437487523e+02,-1.404792058770033325e+00,1.276624807798038171e-02,2.006640963069744321e-01,9.602769958819796711e-03,7.789561213705548104e-02,-2.923757061653139977e-02
1.686737347469494068e+02,-1.398540238747461029e+00,6.635790374993738236e-03,1.976277386163657057e-01,9.414571443349941879e-03,7.837300694021177849e-02,3.372369601943525641e-01
1.687537507501500329e+02,-1.392249174793107391e+00,5.775012161072096140e-04,1.946426672931778901e-01,9.233174439525674779e-03,7.887628269070640075e-02,2.349184512249923584e-01
1.688337667533506874e+02,-1.385916762098720501e+00,-5.409192882057504460e-03,1.917081533422234640e-01,9.058423931155192357e-03,7.940724694965309305e-02,1.966258140241582686e-01
1.689137827565513135e+02,-1.379540706320872667e+00,-1.132483208584347464e-02,1.888234830539916309e-01,8.890171727617246500e-03,7.996693421182113348e-02,2.504877783043344547e-02
1.689937987597519680e+02,-1.373118665230467217e+00,-1.716992115701744190e-02,1.859879580966254109e-01,8.728276391324759145e-03,8.055738020414263123e-02,2.865891070102060123e-01
1.690738147629525940e+02,-1.366648093879911041e+00,-2.294492947783723091e-02,1.832008954554813496e-01,8.572603095605313417e-03,8.117998459612656148e-02,-8.908333725673385495e-02
1.691538307661532485e+02,-1.360126346345273074e+00,-2.865028921298294270e-02,1.804616275543568238e-01,8.423023578340658318e-03,8.183681526824047869e-02,-3.885215908213386637e-02
1.692338467693538746e+02,-1.353550612751519999e+00,-3.428639464851138824e-02,1.777695023023137533e-01,8.279416063730114447e-03,8.253006110176792920e-02,4.597760841910505936e-03
1.693138627725545291e+02,-1.346917870077374291e+00,-3.985360141715879601e-02,1.751238831752398861e-01,8.141665205765638222e-03,8.326171247897634631e-02,-1.238358396500137404e-02
1.693938787757551552e+02,-1.340224962317818624e+00,-4.535222463955555783e-02,1.725241494270931264e-01,8.009662100327250706e-03,8.403459983510018494e-02,9.744178780463742806e-02
1.694738947789558097e+02,-1.333468479492702752e+00,-5.078253858077088484e-02,1.699696961924299365e-01,7.883304246630608997e-03,8.485136746990834533e-02,1.043920807369356635e-01
1.695539107821564357e+02,-1.326644775663839759e+00,-5.614477510706729346e-02,1.674599347340658684e-01,7.762495583897684875e-03,8.571493691403057891e-02,2.768695832979217730e-01
1.696339267853570902e+02,-1.319749988786391715e+00,-6.143912195797587850e-02,1.649942927495774703e-01,7.647146559896892369e-03,8.662896591749690012e-02,1.865228915827790157e-01
1.697139427885577163e+02,-1.312779931153772006e+00,-6.666572197704770386e-02,1.625722146224776177e-01,7.537174173679301627e-03,8.759711415881298036e-02,2.098416748922884989e-01
1.697939587917583708e+02,-1.305730093851514395e+00,-7.182467118128985084e-02,1.601931618337675556e-01,7.432502099609114045e-03,8.862346932265174893e-02,1.306262974876117033e-01
1.698739747949589969e+02,-1.298595644156987250e+00,-7.691601661727621997e-02,1.578566134498171902e-01,7.333060850216765666e-03,8.971291187300188541e-02,7.514702810263021449e-02
1.699539907981596514e+02,-1.291371333739994798e+00,-8.193975476270005942e-02,1.555620666084732429e-01,7.238787938051690143e-03,9.087074668667413646e-02,2.238852740912113115e-02
1.700340068013602774e+02,-1.284051444696112432e+00,-8.689582927225861231e-02,1.533090371366369886e-01,7.149628102361710140e-03,9.210277821277736143e-02,-5.865283691005161726e-02
1.701140228045609319e+02,-1.276629773684883951e+00,-9.178412792373658036e-02,1.510970603316538485e-01,7.065533616085564218e-03,9.341577079233845393e-02,6.601591284079000310e-03
1.701940388077615580e+02,-1.269099555422654513e+00,-9.660447966558041721e-02,1.489256918165942356e-01,6.986464627175940044e-03,9.481748170393627939e-02,5.688974924963375451e-02
1.702740548109622125e+02,-1.261453350453836109e+00,-1.013566514905893112e-01,1.467945085088298574e-01,6.912389552754072235e-03,9.631655574670483499e-02,1.727567918117730028e-01
1.703540708141628386e+02,-1.253682971146235836e+00,-1.060403442306122185e-01,1.447031098269987159e-01,6.843285587636245386e-03,9.792287245794453754e-02,-7.056373460293532962e-02
1.704340868173634931e+02,-1.245779387256327864e+00,-1.106551877092923353e-01,1.426511191100075515e-01,6.779139312582391393e-03,9.964788348260783524e-02,-3.682340840488551592e-02
1.705141028205641192e+02,-1.237732591010041627e+00,-1.152007353403502882e-01,1.406381852600568638e-01,6.719947406473433457e-03,1.015048495607602796e-01,1.236113259454144908e-01
1.705941188237647737e+02,-1.229531431714823375e+00,-1.196764578719615585e-01,1.386639846771252904e-01,6.665717494066557454e-03,1.035091203899772133e-01,-1.229312678784469370e-03
1.706741348269653997e+02,-1.221163422393270359e+00,-1.240817359987718554e-01,1.367282235589411810e-01,6.616469163925299372e-03,1.056785386676743765e-01,1.393737601342741605e-01
1.707541508301660542e+02,-1.212614528040282469e+00,-1.284158513407176738e-01,1.348306406870143637e-01,6.572235214050908131e-03,1.080340895246582472e-01,6.701662777009279037e-02
1.708341668333666803e+02,-1.203868889194213754e+00,-1.326779759509081336e-01,1.329710107400957075e-01,6.533063141972412537e-03,1.106005920438808687e-01,3.557205303603534763e-02
1.709141828365673348e+02,-1.194908480557013153e+00,-1.368671598269257661e-01,1.311491482866974645e-01,6.499016950592435317e-03,1.134075775087829002e-01,-1.974938916089132024e-02
1.709941988397679609e+02,-1.185712688959737804e+00,-1.409823159130617898e-01,1.293649126343331124e-01,6.470179352836964021e-03,1.164904342850024005e-01,1.072426530453016863e-01
1.710742148429686154e+02,-1.176257786373785752e+00,-1.450222019731978729e-01,1.276182137628855962e-01,6.446654481461631427e-03,1.198919087700783814e-01,4.716780108268751881e-02
1.711542308461692414e+02,-1.166516264943109338e+00,-1.489853985242864109e-01,1.259090196444753729e-01,6.428571245691415241e-03,1.236640896108528315e-01,6.251061285592326988e-02
1.712342468493698959e+02,-1.156455988536644108e+00,-1.528702817612206943e-01,1.242373653567405006e-01,6.416087525747361450e-03,1.278710582875892121e-01,6.428071197867520070e-02
1.713142628525705220e+02,-1.146039097907017412e+00,-1.566749900376992466e-01,1.226033645451525406e-01,6.409395466680313340e-03,1.325924761040469246e-01,1.513603459414438746e-01
1.713942788557711481e+02,-1.135220578447853734e+00,-1.603973819766318087e-01,1.210072240024690216e-01,6.408728233408651602e-03,1.379285004243814561e-01,1.528514650638797823e-01
1.714742948589718026e+02,-1.123946361929222038e+00,-1.640349835327412076e-01,1.194492624499127048e-01,6.414368739123213307e-03,1.440066355612282800e-01,-2.728548440260192276e-02
1.715543108621724286e+02,-1.112150773198949061e+00,-1.675849202832306872e-01,1.179299350704325205e-01,6.426661080482819373e-03,1.509914472942748553e-01,1.349424646196578648e-01
1.716343268653730831e+02,-1.099753035144044544e+00,-1.710438296614521236e-01,1.164498660678476016e-01,6.446025756548422192e-03,1.590985909955489053e-01,1.989718754531546174e-01
1.717143428685737092e+02,-1.086652398860767699e+00,-1.744077454442069519e-01,1.150098926497731683e-01,6.472980282764748822e-03,1.686155143925189281e-01,2.725616922096438799e-01
1.717943588717743637e+02,-1.072721264127613372e+00,-1.776719431112442071e-01,1.136111255205293491e-01,6.508167617233235475e-03,1.799328263884077128e-01,2.582605220447026784e-01
1.718743748749749898e+02,-1.057795115813590314e+00,-1.808307272732050941e-01,1.122550347188735198e-01,6.552396643002483985e-03,1.935927256360214788e-01,2.145471061417230096e-01
1.719543908781756443e+02,-1.041657508697797718e+00,-1.838771376999339124e-01,1.109435730938684861e-01,6.606700489580713716e-03,2.103664317685556562e-01,9.612147788369207468e-02
1.720344068813762703e+02,-1.024017114311432275e+00,-1.868025262581685386e-01,1.096793607901001555e-01,6.672423949269376889e-03,2.313821848511025958e-01,1.543882066883941195e-01
1.721144228845769248e+02,-1.004471168557736993e+00,-1.895959341907326456e-01,1.084659702582250473e-01,6.751358888367901649e-03,2.583446644392747293e-01,3.497995499108773609e-01
1.721944388877775509e+02,-9.824451708454411403e-01,-1.922431429322045415e-01,1.073083848991194800e-01,6.845962700688071507e-03,2.939287564627610649e-01,2.237121374383457262e-01
1.722744548909782054e+02,-9.570887102905029087e-01,-1.947251680885504210e-01,1.062137748156706807e-01,6.959728765550098235e-03,3.425239924241846312e-01,4.451504538469931438e-01
1.723544708941788315e+02,-9.270859084659688332e-01,-1.970157568166086837e-01,1.051928874700157890e-01,7.097852236013216763e-03,4.117316989460099719e-01,5.391284492170876907e-01
1.724344868973794860e+02,-8.902852117145123589e-01,-1.990769612500018493e-01,1.042627482242810544e-01,7.268526201763088855e-03,5.156130013688052793e-01,4.093954025708003153e-01
1.725145029005801121e+02,-8.429207422071458566e-01,-2.008507494690026374e-01,1.034524010360692026e-01,7.485703695858545066e-03,6.824107623458534055e-01,7.264722284326994295e-01
1.725945189037807665e+02,-7.777928181935741536e-01,-2.022414606903953360e-01,1.028168197924098221e-01,7.775806526595274888e-03,9.751603587131443263e-01,9.639530438584911209e-01
1.726745349069813926e+02,-6.794375736546074407e-01,-2.030740557990452777e-01,1.024770500466603007e-01,8.197126187557583071e-03,1.555276635326354517e+00,1.758046999980483971e+00
1.727545509101820471e+02,-5.089931051780214322e-01,-2.029736742897708945e-01,1.027696142433529997e-01,8.912167741368262272e-03,2.916139175235973990e+00,2.999943771120122893e+00
1.728345669133826732e+02,-1.477487744116792179e-01,-2.008978002958764775e-01,1.050216818863905360e-01,1.056334233009017208e-02,6.844713661456580667e+00,6.793667721786672331e+00
1.729145829165833277e+02,7.578800873634109481e-01,-1.935081591121779188e-01,1.140904026566513796e-01,1.549296335614900287e-02,1.617235902930294245e+01,1.621308987580460226e+01
1.729945989197839538e+02,1.812659926464109228e+00,-1.779740697320656428e-01,1.283423393695580783e-01,2.280598025514222679e-02,6.051929857851606975e+00,5.960161484087659112e+00
1.730746149229846083e+02,1.980871151554042475e+00,-1.588248907778025409e-01,1.427967275453154994e-01,3.002281045345040270e-02,2.996739061303068663e-01,2.845256537849010225e-01
1.731546309261852343e+02,1.983539862078099736e+00,-1.394093974315912809e-01,1.571812935249140564e-01,3.701099301231013106e-02,-7.228027698504869980e-02,-5.178133522307455661e-02
1.732346469293858888e+02,1.976634427977638220e+00,-1.200901909734890111e-01,1.714811291177915920e-01,4.376607119096243004e-02,-9.194768587270935045e-02,-7.701055382378901859e-02
1.733146629325865149e+02,1.969206539502362796e+00,-1.008897735442396554e-01,1.856870192138172226e-01,5.028702758378918170e-02,-9.327017144899248102e-02,-6.249331851852008013e-02
1.733946789357871694e+02,1.961728720347635013e+00,-8.181234860323681468e-02,1.997909466781047638e-01,5.657410553291885441e-02,-9.361219052383909500e-02,-1.843062234303240732e-01
1.734746949389877955e+02,1.954227116965137512e+00,-6.286140878820198341e-02,2.137857966163064227e-01,6.262865731281473669e-02,-9.388570255502680373e-02,-2.792136788842358164e-01
1.735547109421884500e+02,1.946704387216360521e+00,-4.404059551696028196e-02,2.276652632827614597e-01,6.845305599577344857e-02,-9.414243671263160251e-02,-1.304339153428140108e-01
1.736347269453890760e+02,1.939161785178558750e+00,-2.535367681347683311e-02,2.414237757322193478e-01,7.405059185137141675e-02,-9.438164110708259502e-02,-1.836173589577959619e-01
1.737147429485897305e+02,1.931600676793137072e+00,-6.804474671372899575e-03,2.550564312176611947e-01,7.942535748479362390e-02,-9.460534361005723536e-02,-1.646237570842493114e-01
1.737947589517903566e+02,1.924022344787854166e+00,1.160321329916473229e-02,2.685589348827461809e-01,8.458212872577171304e-02,-9.481236081203699151e-02,1.189212411928243091e-01
1.738747749549910111e+02,1.916428089519381706e+00,2.986568991592207165e-02,2.819275449369337827e-01,8.952624680415982583e-02,-9.500265515397383898e-02,2.128614343907775375e-02
1.739547909581916372e+02,1.908819236727193669e+00,4.797942970424882991e-02,2.951590227344580986e-01,9.426350586937648490e-02,-9.517833607949618968e-02,-1.126234519166133263e-01
1.740348069613922917e+02,1.901196944332379957e+00,6.594114278408136354e-02,3.082505872692153370e-01,9.880004857138484364e-02,-9.533795402362410520e-02,-2.386815009607806404e-01
1.741148229645929177e+02,1.893562419805249419e+00,8.374782761958629584e-02,3.211998736491145645e-01,1.031422713415111603e-01,-9.548443870177024395e-02,-2.253040172839504973e-01
1.741948389677935722e+02,1.885916704446743530e+00,1.013968131796885580e-01,3.340048952262226756e-01,1.072967401792538078e-01,-9.561851157818111735e-02,-5.949890404749349354e-02
1.742748549709941983e+02,1.878260713692931239e+00,1.188857881723722199e-01,3.466640090360023074e-01,1.112701170854941274e-01,-9.574055405379353068e-02,1.119432756647134597e-02
1.743548709741948528e+02,1.870595332508861564e+00,1.362128179163262232e-01,3.591758842700381593e-01,1.150690968503982475e-01,-9.585397771807169232e-02,-1.247054708476581092e-01
1.744348869773954789e+02,1.862921226303352551e+00,1.533763504731930627e-01,3.715394735380679880e-01,1.187003535951188654e-01,-9.595940682720939530e-02,-8.244943998411286001e-02
1.745149029805961334e+02,1.855238937195769822e+00,1.703752118616740363e-01,3.837539866553074663e-01,1.221704962676921219e-01,-9.605791338089947340e-02,-7.057734016370838248e-02
1.745949189837967594e+02,1.847548937222011967e+00,1.872085927558080065e-01,3.958188667517926751e-01,1.254860322156224062e-01,-9.615263690518731365e-02,1.046668222649234370e-02
1.746749349869974139e+02,1.839851500511011650e+00,2.038760287952475214e-01,4.077337685098945119e-01,1.286533379223888662e-01,-9.624476837885170832e-02,-2.842919033612189006e-01
1.747549509901980400e+02,1.832146755406141025e+00,2.203773753342233854e-01,4.194985383255395717e-01,1.316786360024826130e-01,-9.633508763874192027e-02,-8.073985922093232515e-02
1.748349669933986945e+02,1.824434753392814246e+00,2.367127787108189163e-01,4.311131962301726350e-01,1.345679776068621492e-01,-9.642584513242999367e-02,-5.587275116549834941e-02
1.749149829965993206e+02,1.816715424011777102e+00,2.528826458894823936e-01,4.425779194240853642e-01,1.373272294546739325e-01,-9.651916890644485214e-02,-1.509959164059895831e-03
1.749949989997999751e+02,1.808988528767129011e+00,2.688876134542528273e-01,4.538930272709664204e-01,1.399620647758166303e-01,-9.661552952136970296e-02,-5.700173021755217118e-02
1.750750150030006012e+02,1.801253745725480249e+00,2.847285166082960117e-01,4.650589676126782313e-01,1.424779575251889363e-01,-9.671601005669522300e-02,-2.067856993321929848e-01
1.751550310062012557e+02,1.793510678002772973e+00,3.004063595364142580e-01,4.760763042963782610e-01,1.448801793144181005e-01,-9.682228623244942822e-02,-1.548776437059879718e-01
1.752350470094018817e+02,1.785758837471454141e+00,3.159222875674895237e-01,4.869457058008376249e-01,1.471737985728608367e-01,-9.693592655760294163e-02,-2.493541858975517056e-01
1.753150630126025362e+02,1.777997616348424570e+00,3.312775614831465210e-01,4.976679348611600107e-01,1.493636815177823152e-01,-9.705742194677305368e-02,-7.773717431296500724e-02
1.753950790158031623e+02,1.770226337550272255e+00,3.464735339208155351e-01,5.082438389935227674e-01,1.514544945713985069e-01,-9.718742863628268558e-02,-7.795142519921739732e-02
1.754750950190038168e+02,1.762444265246062569e+00,3.615116282969317862e-01,5.186743418452685050e-01,1.534507079233763949e-01,-9.732687879482546101e-02,-4.614371683857765305e-02
1.755551110222044429e+02,1.754650604449714768e+00,3.763933201596312839e-01,5.289604352931993603e-01,1.553565999808010634e-01,-9.747681220443824013e-02,-1.944640108943614110e-01
1.756351270254050974e+02,1.746844499363577441e+00,3.911201208585162736e-01,5.391031722210343213e-01,1.571762624899780414e-01,-9.763820607229661830e-02,-2.116612743160296572e-01
1.757151430286057234e+02,1.739025021877089516e+00,4.056935634243916677e-01,5.491036599147751662e-01,1.589136061511256248e-01,-9.781158365444672653e-02,5.474827203007789911e-02
1.757951590318063779e+02,1.731191189148732157e+00,4.201151903725460213e-01,5.589630540164634009e-01,1.605723665760036278e-01,-9.799740787949234866e-02,-7.977919781243524022e-02
1.758751750350070040e+02,1.723341972682743695e+00,4.343865433591965197e-01,5.686825529882016950e-01,1.621561104681198684e-01,-9.819625070670440214e-02,7.640409144038212697e-02
1.759551910382076585e+02,1.715476297986633814e+00,4.485091545086818954e-01,5.782633930408260792e-01,1.636682419262366628e-01,-9.840873336107794356e-02,-5.446431850775781958e-02
1.760352070414082846e+02,1.707593044385378400e+00,4.624845391955811347e-01,5.877068434844249234e-01,1.651120087904838774e-01,-9.863548990153014895e-02,-2.448062053903949931e-01
1.761152230446089391e+02,1.699691044833097964e+00,4.763141901037987735e-01,5.970142024629122579e-01,1.664905089667076676e-01,-9.887714766087171703e-02,-1.833546939941307907e-02
1.761952390478095651e+02,1.691769085620785651e+00,4.899995723954583826e-01,6.061867930381793501e-01,1.678066966779959424e-01,-9.913432003188366037e-02,2.437871298090771299e-02
1.762752550510102196e+02,1.683825905893431285e+00,5.035421198360753303e-01,6.152259595927382918e-01,1.690633886034813016e-01,-9.940760786498609169e-02,-1.444799514574895416e-01
1.763552710542108457e+02,1.675860196714309192e+00,5.169432317370831198e-01,6.241330645224563156e-01,1.702632698737321093e-01,-9.969760211363254410e-02,-2.921634670680303136e-01
1.764352870574115002e+02,1.667870599572736312e+00,5.302042705911009790e-01,6.329094851937570043e-01,1.714088998996824154e-01,-1.000048848355666875e-01,-3.348074731916665658e-02
1.765153030606121263e+02,1.659855706384255392e+00,5.433265602813022177e-01,6.415566111414917616e-01,1.725027180181429864e-01,-1.003300741870702395e-01,-1.143653313762327817e-01
1.765953190638127808e+02,1.651814057368600430e+00,5.563113847795631006e-01,6.500758414866701917e-01,1.735470489424509599e-01,-1.006738291854644696e-01,-7.291452868378675567e-02
1.766753350670134068e+02,1.643744138245820219e+00,5.691599872429251583e-01,6.584685825543601378e-01,1.745441080106220899e-01,-1.010368492659147188e-01,-3.696880422197645899e-01
1.767553510702140613e+02,1.635644377097088542e+00,5.818735694327137331e-01,6.667362456740200116e-01,1.754960062268255960e-01,-1.014198766537924290e-01,-5.570737038400161434e-02
1.768353670734146874e+02,1.627513140838358296e+00,5.944532913917551786e-01,6.748802451458943974e-01,1.764047550946775955e-01,-1.018237004142580338e-01,-3.768752810940959042e-01
1.769153830766153419e+02,1.619348731276839093e+00,6.069002713241826719e-01,6.829019963586390185e-01,1.772722712429946057e-01,-1.022491617495679961e-01,-1.889897952500954048e-01
1.769953990798159680e+02,1.611149380723353453e+00,6.192155856297693051e-01,6.908029140443534555e-01,1.781003808462880700e-01,-1.026971603562770730e-01,-1.410701896327629101e-02
1.770754150830166225e+02,1.602913247135227648e+00,6.314002690517266370e-01,6.985844106584483404e-01,1.788908238435764908e-01,-1.031686618544913614e-01,-2.856163771471273982e-01
1.771554310862172485e+02,1.594638408765159276e+00,6.434553149023949370e-01,7.062478948725375849e-01,1.796452579600318344e-01,-1.036647064619408698e-01,-2.900449771755734818e-01
1.772354470894179030e+02,1.586322858290629023e+00,6.553816753364460901e-01,7.137947701695547265e-01,1.803652625366900519e-01,-1.041864192110844578e-01,-1.491643185463221166e-01
1.773154630926185291e+02,1.577964496363450042e+00,6.671802616452580104e-01,7.212264335308541385e-01,1.810523421739194116e-01,-1.047350214702674753e-01,5.993098639657756799e-02
1.773954790958191836e+02,1.569561123087390708e+00,6.788519445559578758e-01,7.285442742061745136e-01,1.817079301948227865e-01,-1.053118169216368805e-01,5.625341038700160112e-02
1.774754950990198097e+02,1.561110429582703185e+00,6.903975545059898300e-01,7.357496725569524498e-01,1.823333919345281884e-01,-1.059181963288510775e-01,-1.667464488021359048e-01
1.775555111022204642e+02,1.552609989487782505e+00,7.018178818757644377e-01,7.428439989645206909e-01,1.829300278615530184e-01,-1.065556580899393313e-01,-6.603385317457133308e-03
1.776355271054210903e+02,1.544057249281869604e+00,7.131136771675845587e-01,7.498286127951173663e-01,1.834990765374856503e-01,-1.072258248447408024e-01,-4.933421167027973731e-02
1.777155431086217448e+02,1.535449517786064311e+00,7.242856511144674103e-01,7.567048614137751317e-01,1.840417174209336704e-01,-1.079304650653534203e-01,-8.183229980697466488e-02
1.777955591118223708e+02,1.526783954770893015e+00,7.353344747047326768e-01,7.634740792392501474e-01,1.845590735214958089e-01,-1.086715203323943002e-01,-7.323269598991835605e-02
1.778755751150230253e+02,1.518057558578931321e+00,7.462607791089075349e-01,7.701375868323914187e-01,1.850522139092473373e-01,-1.094511389127736378e-01,-1.820620217455928835e-01
1.779555911182236514e+02,1.509267152647833843e+00,7.570651554952703144e-01,7.766966900101770488e-01,1.855221560848769879e-01,-1.102717161657773559e-01,-3.026731025249573825e-02
1.780356071214243059e+02,1.500409368142705313e+00,7.677481547340041512e-01,7.831526789786387166e-01,1.859698682156680771e-01,-1.111358995497538360e-01,-5.139085314349089995e-03
1.781156231246249320e+02,1.491480612017677565e+00,7.783102870313487465e-01,7.895068274805788766e-01,1.863962712436108005e-01,-1.120463989526296333e-01,1.579447042611596963e-01
1.781956391278255865e+02,1.482477054243894088e+00,7.887520213095463584e-01,7.957603919388402947e-01,1.868022408642563970e-01,-1.130061578006227863e-01,-2.148654659156426505e-02
1.782756551310262125e+02,1.473394611776626562e+00,7.990737844196111883e-01,8.019146105924462864e-01,1.871886093825792241e-01,-1.140185019745915129e-01,-3.594904753868799485e-01
1.783556711342268670e+02,1.464228925728721320e+00,8.092759601853960483e-01,8.079707026173835738e-01,1.875561674492322584e-01,-1.150872223594043287e-01,-2.357974020901915657e-01
1.784356871374274931e+02,1.454975333258295978e+00,8.193588882504498905e-01,8.139298672213888253e-01,1.879056656791150415e-01,-1.162166293042790621e-01,-8.320616227392914344e-02
1.785157031406281476e+02,1.445628806664548849e+00,8.293228628634118360e-01,8.197932827145339996e-01,1.882378161598820543e-01,-1.174112041524441596e-01,-1.109042920632084817e-01
1.785957191438287737e+02,1.436183924177631743e+00,8.391681312153664862e-01,8.255621055160231592e-01,1.885532938381302981e-01,-1.186758145205552006e-01,-3.051167633592677397e-01
1.786757351470294282e+02,1.426634850449673086e+00,8.488948913930604023e-01,8.312374690880092176e-01,1.888527377851742795e-01,-1.200161247477016246e-01,-1.344127888908437096e-01
1.787557511502300542e+02,1.416975290858971670e+00,8.585032901094812319e-01,8.368204827953330538e-01,1.891367523484067392e-01,-1.214387099490274458e-01,-1.577103051900676789e-01
1.788357671534306803e+02,1.407198391095642043e+00,8.679934203690822248e-01,8.423122306929067271e-01,1.894059081952497170e-01,-1.229505742442210670e-01,-1.283784451339713695e-01
1.789157831566313348e+02,1.397296681887249648e+00,8.773653184032206287e-01,8.477137701671019210e-01,1.896607432206613986e-01,-1.245594460805216075e-01,-1.372860003544100482e-01
1.789957991598319609e+02,1.387262047243334795e+00,8.866189598836056174e-01,8.530261304054908011e-01,1.899017633121151405e-01,-1.262744851778518917e-01,-3.470302589176164909e-02
1.790758151630326154e+02,1.377085608546822160e+00,8.957542560316471558e-01,8.582503107278005583e-01,1.901294429945834807e-01,-1.281060871973105364e-01,1.784430018915433847e-02
1.791558311662332414e+02,1.366757571175187591e+00,9.047710492842823138e-01,8.633872787256537951e-01,1.903442259370463074e-01,-1.300655267752068300e-01,-6.220175680426150155e-02
1.792358471694338959e+02,1.356267184231548129e+00,9.136691072916058864e-01,8.684379680505754928e-01,1.905465252499362605e-01,-1.321661949053351548e-01,-2.436958720323494365e-01
1.793158631726345220e+02,1.345602568181459624e+00,9.224481167642016866e-01,8.734032759551503267e-01,1.907367236324215010e-01,-1.344235507652238870e-01,-2.212412470104827000e-01
1.793958791758351765e+02,1.334750479793774813e+00,9.311076766119807946e-01,8.782840604942824259e-01,1.909151733329314815e-01,-1.368548415738246593e-01,-2.035493369762973459e-01
1.794758951790358026e+02,1.323696215342816451e+00,9.396472885056840196e-01,8.830811371102887941e-01,1.910821957982745956e-01,-1.394807556263658044e-01,-1.455752587990883362e-01
1.795559111822364571e+02,1.312423274712089860e+00,9.480663474622580411e-01,8.877952748106515690e-01,1.912380811244963896e-01,-1.423250773262219049e-01,-1.854465655494300369e-01
1.796359271854370832e+02,1.300913078761736674e+00,9.563641298546514680e-01,8.924271915578929626e-01,1.913830871368169817e-01,-1.454156623073576959e-01,-1.808561669055414323e-01
1.797159431886377376e+02,1.289144656765967456e+00,9.645397788187044519e-01,8.969775487190272401e-01,1.915174380401444554e-01,-1.487858990912652168e-01,-2.414720859824855403e-01
1.797959591918383637e+02,1.277094077475755540e+00,9.725922885564404208e-01,9.014469446233512873e-01,1.916413226834662309e-01,-1.524748816001383900e-01,-5.798275389982118777e-02
1.798759751950390182e+02,1.264734026629186436e+00,9.805204828986158194e-01,9.058359064111874970e-01,1.917548920612916763e-01,-1.565302610450999832e-01,-7.181209316552790434e-02
1.799559911982396443e+02,1.252032944532678327e+00,9.883229925533881799e-01,9.101448804984391128e-01,1.918582562433502336e-01,-1.610090133917427280e-01,-6.596885635321311780e-02
1.800360072014402988e+02,1.238954275030151431e+00,9.959982240412923460e-01,9.143742203274236591e-01,1.919514801171717244e-01,-1.659814145049925971e-01,-1.744175926986570035e-01
1.801160232046409249e+02,1.225455161307559049e+00,1.003544325054370967e+00,9.185241715993883727e-01,1.920345780947629033e-01,-1.715335840187168226e-01,-1.264457398699815327e-01
1.801960392078415794e+02,1.211485086322624305e+00,1.010959137840557798e+00,9.225948530668608427e-01,1.921075069029941074e-01,-1.777735752058362539e-01,-2.692740296815886447e-01
1.802760552110422054e+02,1.196983763752228702e+00,1.018240144439711559e+00,9.265862325665037424e-01,1.921701564008549967e-01,-1.848374336782948602e-01,-2.864047165712640952e-01
1.803560712142428599e+02,1.181878591283712643e+00,1.025384393836200392e+00,9.304980953634857110e-01,1.922223371063326025e-01,-1.928996852275488560e-01,-2.476586795833535248e-01
1.804360872174434860e+02,1.166081025500331769e+00,1.032388410326672723e+00,9.343300028056557016e-01,1.922637636350573165e-01,-2.021872055371159993e-01,-1.440687707108199989e-01
1.805161032206441405e+02,1.149481588675947519e+00,1.039248073683976425e+00,9.380812368473039342e-01,1.922940321342769820e-01,-2.129998046601688788e-01,-2.282407074296753380e-01
1.805961192238447666e+02,1.131942913620596958e+00,1.045958458329231178e+00,9.417507238099801503e-01,1.923125888314841381e-01,-2.257415870002915659e-01,-3.402874596355309755e-01
1.806761352270454211e+02,1.113289613701149650e+00,1.052513616977268640e+00,9.453369279929750846e-01,1.923186856800775113e-01,-2.409687420055317553e-01,-2.319711807952189453e-01
1.807561512302460471e+02,1.093293302656188626e+00,1.058906280741468642e+00,9.488376987769125970e-01,1.923113159922096305e-01,-2.594655186554495341e-01,-2.174802496783772021e-01
1.808361672334467016e+02,1.071649791861656542e+00,1.065127432803214313e+00,9.522500442362427098e-01,1.922891182916109387e-01,-2.823689586349681369e-01,-2.663361010103164617e-01
1.809161832366473277e+02,1.047943116302015198e+00,1.071165685495011122e+00,9.555697841442752916e-01,1.922502277864099052e-01,-3.113812994000875189e-01,-3.782853071461044214e-01
1.809961992398479822e+02,1.021586716392218319e+00,1.077006338939076935e+00,9.587909962696135047e-01,1.921920376664869035e-01,-3.491484847698039795e-01,-3.429401711408179287e-01
1.810762152430486083e+02,9.917225742882499473e-01,1.082629900474469942e+00,9.619050874726543521e-01,1.921107959827625389e-01,-3.999696500235572216e-01,-4.423591403150884394e-01
1.811562312462492628e+02,9.570391060564727992e-01,1.088009643272449534e+00,9.648991408515323887e-01,1.920008839650739485e-01,-4.712117846787267084e-01,-5.039908465442138885e-01
1.812362472494498888e+02,9.154202447950811061e-01,1.093107339535844158e+00,9.677527471927802605e-01,1.918534248966947131e-01,-5.763449109043694563e-01,-5.855142093046280527e-01
1.813162632526505433e+02,8.632148515346681483e-01,1.097865249027630385e+00,9.704313378167159776e-01,1.916533431500961893e-01,-7.420647721984890977e-01,-6.669276123624638952e-01
1.813962792558511694e+02,7.935543300953233903e-01,1.102189573250760057e+00,9.728702625704439555e-01,1.913723164558772116e-01,-1.026984540782344135e+00,-8.446556561322161594e-01
1.814762952590518239e+02,6.919775775656122896e-01,1.105911735040662869e+00,9.749298393741906432e-01,1.909488610919927443e-01,-1.577966159205842933e+00,-1.422291743571043154e+00
1.815563112622524500e+02,5.230990517804576800e-01,1.108679255986032786e+00,9.762335478658024090e-01,1.902170315465061268e-01,-2.830309364624795876e+00,-2.767635040714291783e+00
1.816363272654531045e+02,1.827298482211211494e-01,1.109547958928681188e+00,9.753717080457546817e-01,1.885652017665377378e-01,-6.300784774987858050e+00,-6.340943188396561681e+00
1.817163432686537305e+02,-6.385100818712534654e-01,1.105517345331655577e+00,9.670967368766630878e-01,1.838914909567685441e-01,-1.486510197632807717e+01,-1.489610466683726209e+01
1.817963592718543850e+02,-1.719441833431511579e+00,1.093584774159410244e+00,9.522509762948604406e-01,1.768310682779638265e-01,-7.436569699544839374e+00,-7.463271491425874871e+00
1.818763752750550111e+02,-1.943403797217138074e+00,1.077581793415323341e+00,9.371701388260040844e-01,1.699093187360941892e-01,-5.022530266225844198e-01,-3.871489450833293655e-01
1.819563912782556656e+02,-1.953049421262508467e+00,1.061182632185855068e+00,9.223197408774321815e-01,1.632922266951707113e-01,3.511724289887718786e-02,-2.414146935132531202e-01
1.820364072814562917e+02,-1.948489763958292764e+00,1.044877503947432951e+00,9.077050408020721495e-01,1.569710173106895756e-01,6.587870073867241327e-02,9.165887649246956537e-02
1.821164232846569462e+02,-1.943114334811412824e+00,1.028696020952815982e+00,8.933227352210875161e-01,1.509335817184498107e-01,6.774275697744025493e-02,-1.315061860061691457e-01
1.821964392878575723e+02,-1.937683604525016756e+00,1.012639514804263063e+00,8.791691674188750749e-01,1.451677045558687207e-01,6.795441164144933044e-02,6.756739365723250790e-02
1.822764552910582267e+02,-1.932241487192364993e+00,9.967077157807240351e-01,8.652407159494248656e-01,1.396613028155629099e-01,6.806790827446618231e-02,2.005224056196184546e-01
1.823564712942588528e+02,-1.926790758263045023e+00,9.809002668775618217e-01,8.515338157519202200e-01,1.344025099379845822e-01,6.817273714685989638e-02,-2.292136385016445288e-02
1.824364872974595073e+02,-1.921331798499077870e+00,9.652168113045226372e-01,8.380449585204198248e-01,1.293797386596149956e-01,6.827381994845838076e-02,-1.600129560647314264e-01
1.825165033006601334e+02,-1.915864858245236668e+00,9.496569976473427932e-01,8.247706918746138260e-01,1.245817310142925821e-01,6.837158260360604034e-02,1.980836513948234512e-01
1.825965193038607879e+02,-1.910390184808780090e+00,9.342204801645621615e-01,8.117076184726734756e-01,1.199975969859897185e-01,6.846645234134252078e-02,2.190486921425136568e-01
1.826765353070614140e+02,-1.904908023251447258e+00,9.189069187873465383e-01,7.988523951344316254e-01,1.156168430162005933e-01,6.855891405398439886e-02,1.184166198108918266e-01
1.827565513102620685e+02,-1.899418593832435498e+00,9.037159790536765103e-01,7.862017319780109093e-01,1.114293915924935985e-01,6.864878402525614876e-02,1.941756133678843865e-01
1.828365673134626945e+02,-1.893922108157048090e+00,8.886473321230301536e-01,7.737523915722721579e-01,1.074255931363564537e-01,6.873578283765058305e-02,-1.151319518500773520e-02
1.829165833166633490e+02,-1.888418779223580923e+00,8.737006547637616860e-01,7.615011881030289143e-01,1.035962313575785193e-01,6.881987714422860281e-02,1.860813763238087781e-01
1.829965993198639751e+02,-1.882908818644598803e+00,8.588756292930209701e-01,7.494449865526096044e-01,9.993252316372970567e-02,6.890118608144091272e-02,2.389636060600107414e-01
1.830766153230646296e+02,-1.877392434590156922e+00,8.441719434990637705e-01,7.375807018929030345e-01,9.642611411708466862e-02,6.897991121477958787e-02,1.329978043005587696e-01
1.831566313262652557e+02,-1.871869830277792079e+00,8.295892905435113818e-01,7.259052982917810759e-01,9.306907032566966165e-02,6.905628399784535798e-02,9.716270249259122138e-02
1.832366473294659102e+02,-1.866341202523007725e+00,8.151273688400407780e-01,7.144157883325022995e-01,8.985386754730964598e-02,6.913051520739815770e-02,1.974593490925745931e-01
1.833166633326665362e+02,-1.860806735608718787e+00,8.007858818953607072e-01,7.031092322457618282e-01,8.677337818044118800e-02,6.920259893216790248e-02,1.823973537082101415e-01
1.833966793358671907e+02,-1.855266606121318995e+00,7.865645381500827593e-01,6.919827371547594419e-01,8.382085671674348315e-02,6.927246462731101451e-02,-5.610274264019776691e-03
1.834766953390678168e+02,-1.849720987582291976e+00,7.724630507903031962e-01,6.810334563327051782e-01,8.098992413863771722e-02,6.934011458677030726e-02,2.053427794505961468e-01
1.835567113422684713e+02,-1.844170049789831012e+00,7.584811375142063161e-01,6.702585884721501408e-01,7.827455166285141042e-02,6.940559301039095352e-02,1.438675613319164159e-01
1.836367273454690974e+02,-1.838613958474210719e+00,7.446185202661924629e-01,6.596553769662996114e-01,7.566904415853295540e-02,6.946896579846789654e-02,8.533844495471773484e-02
1.837167433486697519e+02,-1.833052875135057436e+00,7.308749249363230005e-01,6.492211092019702923e-01,7.316802350473397554e-02,6.953030682683020158e-02,1.999021960787647212e-01
1.837967593518703779e+02,-1.827486957017747216e+00,7.172500810234797575e-01,6.389531158641003072e-01,7.076641209745110350e-02,6.958968931700809657e-02,1.621349389395414231e-01
1.838767753550710324e+02,-1.821916357190215718e+00,7.037437212604228387e-01,6.288487702514927724e-01,6.845941666979758755e-02,6.964718108374151617e-02,1.442406326024606722e-01
1.839567913582716585e+02,-1.816341224685749767e+00,6.903555811993663527e-01,6.189054876037093367e-01,6.624251254973299863e-02,6.970284260553599731e-02,1.891802283044566324e-02
1.840368073614723130e+02,-1.810761704681301154e+00,6.770853987565127463e-01,6.091207244388081588e-01,6.411142844706506361e-02,6.975672702195928609e-02,1.531041890186508048e-01
1.841168233646729391e+02,-1.805177938685055050e+00,6.639329137144640569e-01,5.994919779018523798e-01,6.206213183455905336e-02,6.980888131296880683e-02,-4.104255991723110286e-02
1.841968393678735936e+02,-1.799590064710877568e+00,6.508978671813090422e-01,5.900167851238956596e-01,6.009081496596071353e-02,6.985934806097576777e-02,5.721443578382688633e-02
1.842768553710742196e+02,-1.793998217421357788e+00,6.379800010057081749e-01,5.806927225913788293e-01,5.819388155604831442e-02,6.990816733375149195e-02,-9.941796036481320709e-02
1.843568713742748741e+02,-1.788402528224953381e+00,6.251790571472503055e-01,5.715174055256582175e-01,5.636793413363475752e-02,6.995537835619569655e-02,-1.004838116043597629e-01
1.844368873774755002e+02,-1.782803125316754445e+00,6.124947770019406601e-01,5.624884872726063634e-01,5.460976206735592559e-02,7.000102076053921207e-02,1.143066310929293922e-01
1.845169033806761547e+02,-1.777200133656076764e+00,5.999269006827077089e-01,5.536036587020195521e-01,5.291633025542150787e-02,7.004513531783940206e-02,6.184446536193435179e-02
1.845969193838767808e+02,-1.771593674877997904e+00,5.874751662554718035e-01,5.448606476167779933e-01,5.128476846400854827e-02,7.008776415746986732e-02,7.856320428202591410e-02
1.846769353870774353e+02,-1.765983867139544694e+00,5.751393089314340568e-01,5.362572181715078434e-01,4.971236129410289833e-02,7.012895057672274834e-02,1.293239482516009842e-01
1.847569513902780614e+02,-1.760370824905039377e+00,5.629190602169669155e-01,5.277911703006973321e-01,4.819653875318484493e-02,7.016873862849132282e-02,1.051671074082373147e-01
1.848369673934787158e+02,-1.754754658678562063e+00,5.508141470226888270e-01,5.194603391560257410e-01,4.673486740578775694e-02,7.020717275116467038e-02,-1.843126239904924191e-02
1.849169833966793419e+02,-1.749135474695161951e+00,5.388242907341038723e-01,5.112625945528697091e-01,4.532504207555865944e-02,7.024429777204299619e-02,7.758747604810756204e-02
1.849969993998799964e+02,-1.743513374585733411e+00,5.269492062464570248e-01,5.031958404257536044e-01,4.396487807068574782e-02,7.028015967230488714e-02,6.357313887972991517e-02
1.850770154030806225e+02,-1.737888455033937962e+00,5.151886009673207756e-01,4.952580142927164308e-01,4.265230390441542702e-02,7.031480754862012850e-02,1.831776666852682339e-02
1.851570314062812770e+02,-1.732260807446635908e+00,5.035421737907593842e-01,4.874470867283763331e-01,4.138535448259826610e-02,7.034829724378022231e-02,5.789345326772292466e-02
1.852370474094819031e+02,-1.726630517662472997e+00,4.920096140478217861e-01,4.797610608456695513e-01,4.016216473080681804e-02,7.038069714510597485e-02,3.383909473547725560e-02
1.853170634126825576e+02,-1.720997665726033965e+00,4.805906004384853936e-01,4.721979717860609882e-01,3.898096363434789408e-02,7.041209666592690430e-02,5.501212901706034608e-03
1.853970794158831836e+02,-1.715362325757788131e+00,4.692847999510882939e-01,4.647558862182079586e-01,3.784006866550160969e-02,7.044261793093739565e-02,3.701656108123563965e-02
1.854770954190838381e+02,-1.709724565960471621e+00,4.580918667756911367e-01,4.574329018448892170e-01,3.673788057338843449e-02,7.047243137793257617e-02,9.397065863755656168e-02
1.855571114222844642e+02,-1.704084447467063113e+00,4.470114412141168447e-01,4.502271469180525454e-01,3.567287851302462093e-02,7.050174378760987182e-02,2.768242773731512951e-01
1.856371274254851187e+02,-1.698442015849187525e+00,4.360431485730391077e-01,4.431367797611409087e-01,3.464361549097620674e-02,7.053061348442704603e-02,-1.116763131543432874e-02
1.857171434286857448e+02,-1.692797304444579876e+00,4.251865981121295546e-01,4.361599883005687350e-01,3.364871410755874981e-02,7.055905645234131218e-02,1.227507923952268903e-01
1.857971594318863993e+02,-1.687150336604824608e+00,4.144413820139071780e-01,4.292949896049961800e-01,3.268686257525338368e-02,7.058712222477100950e-02,-7.554575314278286213e-02
1.858771754350870253e+02,-1.681501126119695266e+00,4.038070743817360198e-01,4.225400294323012895e-01,3.175681099468340152e-02,7.061492414393438777e-02,2.296174063941556764e-01
1.859571914382876798e+02,-1.675849677988608732e+00,3.932832302824248449e-01,4.158933817843016856e-01,3.085736787082593580e-02,7.064267653201922181e-02,3.730514369834188326e-02
1.860372074414883059e+02,-1.670195989633812106e+00,3.828693848436235947e-01,4.093533484692472579e-01,2.998739685316662018e-02,7.067074019307117982e-02,8.455830603994893280e-02
1.861172234446889604e+02,-1.664540044045145217e+00,3.725650523847164330e-01,4.029182586708865421e-01,2.914581368409800352e-02,7.069948519923124897e-02,1.984414034445366182e-01
1.861972394478895865e+02,-1.658881789886270441e+00,3.623697255710991438e-01,3.965864685233064235e-01,2.833158334085380051e-02,7.072887449725423492e-02,1.694965887912687208e-01
1.862772554510902125e+02,-1.653221159848641264e+00,3.522828747869836130e-01,3.903563606976933054e-01,2.754371736076046892e-02,7.075891148170254663e-02,-7.842702657725450499e-02
1.863572714542908670e+02,-1.647558077083612016e+00,3.423039475596159065e-01,3.842263439952913751e-01,2.678127133470401336e-02,7.078980210351026869e-02,1.263090890912000053e-01
1.864372874574914931e+02,-1.641892458195278071e+00,3.324323680729236452e-01,3.781948529473640463e-01,2.604334255771274462e-02,7.082203296840255957e-02,4.808280526088172524e-02
1.865173034606921476e+02,-1.636224203381533293e+00,3.226675367416092510e-01,3.722603474206345742e-01,2.532906782534929610e-02,7.085617197854499061e-02,1.327685268330791313e-01
1.865973194638927737e+02,-1.630553159871440227e+00,3.130088297964666033e-01,3.664213122258251354e-01,2.463762136475156767e-02,7.089212288646090654e-02,8.613056165664340069e-02
1.866773354670934282e+02,-1.624879157076119629e+00,3.034555992646432721e-01,3.606762567431240907e-01,2.396821289773904545e-02,7.092991328273845486e-02,1.445338406113758634e-01
1.867573514702940543e+02,-1.619202021117401191e+00,2.940071730081589285e-01,3.550237145524947624e-01,2.332008582160433052e-02,7.097000930224098281e-02,1.001655731532908877e-01
1.868373674734947087e+02,-1.613521570122281146e+00,2.846628548248942292e-01,3.494622430683514969e-01,2.269251549946640564e-02,7.101321933354401428e-02,5.702778617097192804e-02
1.869173834766953348e+02,-1.607837554935980906e+00,2.754219244658162591e-01,3.439904231721522820e-01,2.208480764973198840e-02,7.105951189707512827e-02,1.887574107846493043e-01
1.869973994798959893e+02,-1.602149699141988792e+00,2.662836381849932876e-01,3.386068588669967627e-01,2.149629683925069826e-02,7.110887591703432542e-02,-8.329578206782980998e-02
1.870774154830966154e+02,-1.596457732950527619e+00,2.572472294196711529e-01,3.333101769392913249e-01,2.092634506665334848e-02,7.116200328401295350e-02,2.785599544303366676e-02
1.871574314862972699e+02,-1.590761361463444157e+00,2.483119093481311046e-01,3.280990266165441649e-01,2.037434042478341450e-02,7.121965666728423405e-02,-2.434024446844684775e-02
1.872374474894978960e+02,-1.585060206395365379e+00,2.394768674667660247e-01,3.229720792260832307e-01,1.983969583898415392e-02,7.128157369159296430e-02,5.689441944287795816e-02
1.873174634926985505e+02,-1.579353890793445903e+00,2.307412729048100852e-01,3.179280278859253350e-01,1.932184789115043780e-02,7.134814207840171896e-02,2.835386903880517118e-02
1.873974794958991765e+02,-1.573642042614621817e+00,2.221042755485867215e-01,3.129655871894675978e-01,1.882025570631848041e-02,7.142044669147494529e-02,5.661564715610332282e-02
1.874774954990998310e+02,-1.567924191966365344e+00,2.135650068256941259e-01,3.080834928753858337e-01,1.833439989338693857e-02,7.149835660913948787e-02,2.245453677386146513e-02
1.875575115023004571e+02,-1.562199852568202152e+00,2.051225814031811534e-01,3.032805015391376036e-01,1.786378156293570024e-02,7.158209375498249261e-02,2.462229303470766378e-02
1.876375275055011116e+02,-1.556468556286348948e+00,1.967760988177303660e-01,2.985553903442552670e-01,1.740792139818257006e-02,7.167284745829942405e-02,-9.273231353513129716e-02
1.877175435087017377e+02,-1.550729726539350706e+00,1.885246444828724832e-01,2.939069567057459031e-01,1.696635876225536035e-02,7.177049032855986610e-02,6.800354038181970207e-02
1.877975595119023922e+02,-1.544982775274956976e+00,1.803672917885308369e-01,2.893340180264952766e-01,1.653865087755609226e-02,7.187536938701617750e-02,1.027058603393803254e-01
1.878775755151030182e+02,-1.539227125088817427e+00,1.723031039712626944e-01,2.848354114269627813e-01,1.612437204521483328e-02,7.198867363636431149e-02,1.235339166382275200e-02
1.879575915183036727e+02,-1.533462073544600290e+00,1.643311353111472084e-01,2.804099934437264130e-01,1.572311289006190702e-02,7.211008622493714215e-02,6.416330055833321944e-03
1.880376075215042988e+02,-1.527686947188867661e+00,1.564504337448474613e-01,2.760566398021442880e-01,1.533447967945516903e-02,7.224048248082627632e-02,7.782835556512782138e-03
1.881176235247049533e+02,-1.521901021862533510e+00,1.486600424441603396e-01,2.717742451421707450e-01,1.495809365475325205e-02,7.238054819802761108e-02,2.402846385495526205e-01
1.881976395279055794e+02,-1.516103483577616151e+00,1.409590016005178026e-01,2.675617227578604984e-01,1.459359040265661468e-02,7.253016768524467306e-02,9.133194794034546482e-02
1.882776555311062339e+02,-1.510293565837663277e+00,1.333463511161797344e-01,2.634180043915219649e-01,1.424061928410183010e-02,7.269070751277674491e-02,1.114646715175346969e-01
1.883576715343068599e+02,-1.504470361820093638e+00,1.258211317003854746e-01,2.593420399481716210e-01,1.389884285335045259e-02,7.286194812820313838e-02,4.282137627101527400e-02
1.884376875375075144e+02,-1.498632996341431767e+00,1.183823877588159185e-01,2.553327973142043295e-01,1.356793635509179717e-02,7.304490522563877875e-02,2.305039754959940790e-02
1.885177035407081405e+02,-1.492780513411502863e+00,1.110291688554153056e-01,2.513892621057996490e-01,1.324758721258495822e-02,7.324002723684534810e-02,-1.461792674178014062e-02
1.885977195439087950e+02,-1.486911905385567056e+00,1.037605318588584596e-01,2.475104374627648818e-01,1.293749456189950686e-02,7.344769945889645379e-02,2.276604785225473937e-01
1.886777355471094211e+02,-1.481026159862809832e+00,9.657554317935458654e-02,2.436953438584390508e-01,1.263736881619197117e-02,7.366897581073238166e-02,-9.637404644843640400e-02
1.887577515503100756e+02,-1.475122144655692580e+00,8.947328009282612404e-02,2.399430188644121054e-01,1.234693122881724316e-02,7.390385485269729271e-02,1.039008829625335528e-01
1.888377675535107016e+02,-1.469198766896394615e+00,8.245283350775027553e-02,2.362525170133198127e-01,1.206591352397976338e-02,7.415370146621781677e-02,7.174954460340099427e-02
1.889177835567113561e+02,-1.463254780431900937e+00,7.551330875717053581e-02,2.326229095517595435e-01,1.179405749183772868e-02,7.441841393197572152e-02,4.885618433293704987e-02
1.889977995599119822e+02,-1.457288990889609170e+00,6.865382853834321730e-02,2.290532843392063811e-01,1.153111467240768885e-02,7.469946275854062734e-02,-8.194129005294019386e-02
1.890778155631126367e+02,-1.451300039415835963e+00,6.187353342565431874e-02,2.255427456056588731e-01,1.127684598612079675e-02,7.499680229392366448e-02,-4.850574077863784028e-02
1.891578315663132628e+02,-1.445286615645146489e+00,5.517158476691664398e-02,2.220904138767486324e-01,1.103102146177233067e-02,7.531194128395334031e-02,1.734784135367056779e-01
1.892378475695139173e+02,-1.439247240561438046e+00,4.854716502406900697e-02,2.186954257445881955e-01,1.079341990262252908e-02,7.564494418322263714e-02,6.271645612350607024e-03
1.893178635727145434e+02,-1.433180474607518295e+00,4.199948054888353460e-02,2.153569338168725977e-01,1.056382865348154745e-02,7.599735009911674777e-02,1.639071330560345763e-01
1.893978795759151978e+02,-1.427084708348291375e+00,3.552776179621678493e-02,2.120741065059030539e-01,1.034204330121574894e-02,7.636938413255328628e-02,1.433422536771365996e-01
1.894778955791158239e+02,-1.420958353827483478e+00,2.913126590809198002e-02,2.088461279991500608e-01,1.012786747632836264e-02,7.676257382397619344e-02,1.347009424351454654e-01
1.895579115823164784e+02,-1.414799662983514672e+00,2.280927693048431099e-02,2.056721980780387427e-01,9.921112590411725746e-03,7.717742458889868817e-02,1.533265734537005986e-01
1.896379275855171045e+02,-1.408606870794025578e+00,1.656110801140592628e-02,2.025515320977093470e-01,9.721597663136296100e-03,7.761534792715520104e-02,-4.341131031272539575e-02
1.897179435887177590e+02,-1.402378082695010741e+00,1.038610191314209147e-02,1.994833608604153763e-01,9.529149106106233821e-03,7.807729956614815892e-02,3.067132808335378685e-02
1.897979595919183851e+02,-1.396111323429219508e+00,4.283632520970979789e-03,1.964669305822487333e-01,9.343600561527064946e-03,7.856449058879406977e-02,1.464245695717642515e-01
1.898779755951190396e+02,-1.389804532390144676e+00,-1.746894033943733378e-03,1.935015028506074930e-01,9.164792744511998657e-03,7.907841005462815098e-02,-4.715781800877277830e-02
1.899579915983196656e+02,-1.383455500333661714e+00,-7.706038690286519041e-03,1.905863545665600345e-01,8.992573285327560423e-03,7.962018344378590795e-02,2.460802111436299344e-01
1.900380076015203201e+02,-1.377061956593455871e+00,-1.359432775010130552e-02,1.877207779914040753e-01,8.826796630342005623e-03,8.019170825529980950e-02,2.422786617783906360e-02
1.901180236047209462e+02,-1.370621433768253183e+00,-1.941225275452161669e-02,1.849040806851432739e-01,8.667323895694222999e-03,8.079422438148989305e-02,7.436309062458090757e-02
1.901980396079216007e+02,-1.364131399242802578e+00,-2.516026844079032737e-02,1.821355856296879017e-01,8.514022818586158489e-03,8.142994566404512802e-02,-2.108265012382680437e-02
1.902780556111222268e+02,-1.357589109962448415e+00,-3.083879270844509801e-02,1.794146312051775882e-01,8.366767640956307775e-03,8.210059423583997151e-02,1.186814734100791469e-01
1.903580716143228813e+02,-1.350991678429810383e+00,-3.644820499531754854e-02,1.767405713300460590e-01,8.225439079345454874e-03,8.280831522409436152e-02,9.427615422843607651e-03
1.904380876175235073e+02,-1.344336064246025142e+00,-4.198884514246800648e-02,1.741127755885296946e-01,8.089924292932298283e-03,8.355575201245474259e-02,5.930551777878195763e-02
1.905181036207241618e+02,-1.337618969421531689e+00,-4.746101297729590079e-02,1.715306293198751997e-01,7.960116836234494564e-03,8.434518509740761283e-02,-2.952714351622309774e-02
1.905981196239247879e+02,-1.330836922339206252e+00,-5.286496629512506956e-02,1.689935338901688844e-01,7.835916706088156755e-03,8.517963616461758647e-02,2.043553087599787044e-01
1.906781356271254424e+02,-1.323986209673063685e+00,-5.820091994377777495e-02,1.665009068968779093e-01,7.717230357920058445e-03,8.606242879533008983e-02,-7.720025022463088138e-02
1.907581516303260685e+02,-1.317062808351628256e+00,-6.346904481133683329e-02,1.640521824176264520e-01,7.603970746189308086e-03,8.699684680767132139e-02,1.321087638479994109e-01
1.908381676335267230e+02,-1.310062433242065172e+00,-6.866946563071286980e-02,1.616468114211591089e-01,7.496057447453558994e-03,8.798692637092836444e-02,1.116939419125937971e-01
1.909181836367273490e+02,-1.302980473188419142e+00,-7.380225953042081344e-02,1.592842621519371393e-01,7.393416771329368309e-03,8.903721377937263981e-02,1.328171277921680604e-01
1.909981996399280035e+02,-1.295811906063380370e+00,-7.886745456929170062e-02,1.569640205649911469e-01,7.295981896821549309e-03,9.015244051380054413e-02,-1.191279158541362626e-02
1.910782156431286296e+02,-1.288551312017446770e+00,-8.386502705065466967e-02,1.546855909510440608e-01,7.203693103428089606e-03,9.133813365331359957e-02,1.947122116213791942e-01
1.911582316463292841e+02,-1.281192820086684891e+00,-8.879489907241712443e-02,1.524484966064754699e-01,7.116498023573702633e-03,9.260068275744777477e-02,1.890393965227232242e-01
1.912382476495299102e+02,-1.273730005879741833e+00,-9.365693615527072302e-02,1.502522805685609086e-01,7.034351925531507656e-03,9.394711346035374000e-02,1.099052585363654022e-01
1.913182636527305647e+02,-1.266155833688887178e+00,-9.845094393237760477e-02,1.480965065437168104e-01,6.957218089877591737e-03,9.538535415039971210e-02,1.266515289702631886e-01
1.913982796559311907e+02,-1.258462596599726702e+00,-1.031766642090101160e-01,1.459807600143921136e-01,6.885068271202235413e-03,9.692458712585311220e-02,8.118866303970284637e-02
1.914782956591318452e+02,-1.250641811476763676e+00,-1.078337707522794842e-01,1.439046494981263413e-01,6.817883230446335902e-03,9.857538943953535193e-02,1.628804352181829063e-01
1.915583116623324713e+02,-1.242684082779274668e+00,-1.124218645547845202e-01,1.418678080086350490e-01,6.755653361146835012e-03,1.003498412965443259e-01,1.822992663773957689e-02
1.916383276655331258e+02,-1.234578965478710932e+00,-1.169404680486036269e-01,1.398698948114964480e-01,6.698379454245297591e-03,1.022618612403620314e-01,1.577474883540315176e-01
1.917183436687337519e+02,-1.226314814511734630e+00,-1.213890181299418503e-01,1.379105975321840427e-01,6.646073628205772729e-03,1.043277010214938710e-01,1.449603457457288302e-01
1.917983596719344064e+02,-1.217878581041207164e+00,-1.257668582024994708e-01,1.359896346309815984e-01,6.598760428918193019e-03,1.065663992542183469e-01,-3.443644383594032798e-02
1.918783756751350325e+02,-1.209255565576781377e+00,-1.300732287688799449e-01,1.341067583603761382e-01,6.556478153990930383e-03,1.090003638671651065e-01,-1.534046840579557092e-01
1.919583916783356869e+02,-1.200429116662328655e+00,-1.343072562428491434e-01,1.322617583192467750e-01,6.519280454581921277e-03,1.116561235137657898e-01,9.993313046751695072e-02
1.920384076815363130e+02,-1.191380258937569936e+00,-1.384679395918721190e-01,1.304544657471360669e-01,6.487238281354386175e-03,1.145652959658752246e-01,9.840929091076955348e-02
1.921184236847369675e+02,-1.182087240152751351e+00,-1.425541341278047380e-01,1.286847587737250387e-01,6.460442276014494514e-03,1.177658970063572702e-01,2.395709859912831530e-01
1.921984396879375936e+02,-1.172524956940515173e+00,-1.465645319302825988e-01,1.269525688536995711e-01,6.439005715206355326e-03,1.213040170917997068e-01,1.270636977225100550e-01
1.922784556911382481e+02,-1.162664224165400384e+00,-1.504976379958576360e-01,1.252578887241607430e-01,6.423068164855116197e-03,1.252360303358516225e-01,7.545626879758707273e-02
1.923584716943388742e+02,-1.152470838842123424e+00,-1.543517408771613864e-01,1.236007823490228724e-01,6.412800063373097319e-03,1.296315632504530524e-01,-6.348279736544809593e-03
1.924384876975395287e+02,-1.141904366222992184e+00,-1.581248762059687119e-01,1.219813974790198430e-01,6.408408529645590393e-03,1.345775350944214965e-01,1.257511668638178481e-01
1.925185037007401547e+02,-1.130916544905316012e+00,-1.618147809106958712e-01,1.203999817034699660e-01,6.410144808970580192e-03,1.401837360835093971e-01,8.179994792552816585e-02
1.925985197039408092e+02,-1.119449161624327616e+00,-1.654188350974164223e-01,1.188569032356640853e-01,6.418313943667557434e-03,1.465906537286423006e-01,3.631868608870544857e-02
1.926785357071414353e+02,-1.107431176103143677e+00,-1.689339873233664246e-01,1.173526782251048256e-01,6.433287517121837745e-03,1.539806524647663322e-01,1.419389838990416375e-01
1.927585517103420898e+02,-1.094774765109755243e+00,-1.723566570387403130e-01,1.158880072687204221e-01,6.455520739627818375e-03,1.625942577046200765e-01,2.682929809530385512e-01
1.928385677135427159e+02,-1.081369759739983394e+00,-1.756826052074510203e-01,1.144638251620339331e-01,6.485575799081633695e-03,1.727543579667339957e-01,1.820306149392517392e-01
1.929185837167433704e+02,-1.067075657136423716e+00,-1.789067609247058099e-01,1.130813697688416997e-01,6.524154244715650412e-03,1.849031248584542819e-01,7.999685946852079510e-02
1.929985997199439964e+02,-1.051710004318217484e+00,-1.820229805313413329e-01,1.117422804066028896e-01,6.572143422452137417e-03,1.996600769726228353e-01,2.323873762014541378e-01
1.930786157231446509e+02,-1.035030715696267922e+00,-1.850237098426406879e-01,1.104487417753410722e-01,6.630684565728890353e-03,2.179155818784649645e-01,1.081088118666636289e-01
1.931586317263452770e+02,-1.016708680706579493e+00,-1.878994950087742033e-01,1.092037012661181694e-01,6.701275847685298284e-03,2.409877395068572847e-01,8.321997723929427937e-02
1.932386477295459315e+02,-9.962836672044733666e-01,-1.906382528448237745e-01,1.080112095546539586e-01,6.785934359800203063e-03,2.708960170697796155e-01,3.203214557629848191e-01
1.933186637327465576e+02,-9.730902586098477691e-01,-1.932241418758485207e-01,1.068769790130474212e-01,6.887462358134850346e-03,3.108616105741708324e-01,2.558265153185995677e-01
1.933986797359472121e+02,-9.461273593155132833e-01,-1.956357399339122283e-01,1.058093488978675140e-01,7.009908641720383887e-03,3.662751710583969089e-01,4.776322648379121572e-01
1.934786957391478381e+02,-9.138145641560980748e-01,-1.978429454571538348e-01,1.048210665990178397e-01,7.159422174019494482e-03,4.466976309261950218e-01,4.777998865512169124e-01
1.935587117423484926e+02,-8.735043711222802987e-01,-1.998013721105598162e-01,1.039328519127313277e-01,7.345964430864064879e-03,5.703457164976086791e-01,4.897036920666825166e-01
1.936387277455491187e+02,-8.204143676617374759e-01,-2.014413213251388113e-01,1.031813498698203047e-01,7.587139238194971248e-03,7.752124752019803333e-01,7.971430038069114987e-01
1.937187437487497448e+02,-7.450188736112244303e-01,-2.026436927000889732e-01,1.026395798994102215e-01,7.918063080814167348e-03,1.150333254792599957e+00,1.279884754206524811e+00
1.937987597519503993e+02,-6.256945396011592830e-01,-2.031787870535265716e-01,1.024813545785566438e-01,8.422523484994760834e-03,1.938729512543714506e+00,1.919858154579453524e+00
1.938787757551510254e+02,-4.039749370924375915e-01,-2.025110061373624204e-01,1.032529102883548017e-01,9.364577550672079781e-03,3.941294857721178158e+00,3.835181785604169225e+00
1.939587917583516798e+02,1.098168671152673775e-01,-1.989535713545185769e-01,1.073757965179775314e-01,1.191654279719153373e-02,1.000170880712690291e+01,9.935563033843250125e+00
1.940388077615523059e+02,1.268922008456322637e+00,-1.883688657693765034e-01,1.194906406337884058e-01,1.828939090180192739e-02,1.574947705297214640e+01,1.566817095314049268e+01
1.941188237647529604e+02,1.932256913382284003e+00,-1.706826112918117255e-01,1.339403013916371787e-01,2.562410200330573692e-02,2.190242761684680239e+00,2.072143970207058317e+00
1.941988397679535865e+02,1.985249361496351561e+00,-1.513076108547658782e-01,1.483707300286144781e-01,3.275367989527452894e-02,3.266224995891187088e-02,-9.658621882170778661e-02
1.942788557711542410e+02,1.981045340436064617e+00,-1.319221720943522247e-01,1.627237304689055641e-01,3.965190779171580415e-02,-8.630258165632925804e-02,-4.406461667687138622e-02
1.943588717743548671e+02,1.973773027045515160e+00,-1.126482027545833431e-01,1.769882376379118549e-01,4.631646211418145170e-02,-9.279741642729873174e-02,1.814816957425942345e-02
1.944388877775555216e+02,1.966316978330385545e+00,-9.349495326690937524e-02,1.911555826408135872e-01,5.274685186729054232e-02,-9.342200737518652209e-02,-1.296103622658295040e-01
1.945189037807561476e+02,1.958829364035213905e+00,-7.446603753805301762e-02,2.052181114888305402e-01,5.894375931486490333e-02,-9.372110657389787214e-02,-1.506287935192855698e-02
1.945989197839568021e+02,1.951319398739908451e+00,-5.556499645109218982e-02,2.191690317681818934e-01,6.490894288882219365e-02,-9.398667860520742989e-02,-3.166987626340045381e-03
1.946789357871574282e+02,1.943788839911482658e+00,-3.679552836488403367e-02,2.330023303264996681e-01,7.064514354603138035e-02,-9.423705051928377152e-02,7.415904874567494365e-02
1.947589517903580827e+02,1.936238919829050387e+00,-1.816143122962089046e-02,2.467127022441698014e-01,7.615597593499631723e-02,-9.447016218135914634e-02,-1.131049714208142432e-01
1.948389677935587088e+02,1.928670986444072533e+00,3.334731340859816134e-04,2.602954867713966336e-01,8.144581112546198098e-02,-9.468719679412189449e-02,-1.296288340266123496e-01
1.949189837967593633e+02,1.921086354300133081e+00,1.868541706303356031e-02,2.737466092240816717e-01,8.651965742573840268e-02,-9.488816795157833939e-02,-5.276355709966334268e-02
1.949989997999599893e+02,1.913486284356025635e+00,3.689076183433885603e-02,2.870625281225011594e-01,9.138304422272056082e-02,-9.507211375670608644e-02,-8.531443201739721816e-02
1.950790158031606438e+02,1.905872105244402759e+00,5.494606594156545287e-02,3.002401870247992099e-01,9.604191235939893434e-02,-9.524194958386257570e-02,-6.503824255480893102e-02
1.951590318063612699e+02,1.898244947896390533e+00,7.284814545699488941e-02,3.132769706163223145e-01,1.005025133288478256e-01,-9.539630947212884848e-02,3.425953612819421235e-02
1.952390478095619244e+02,1.890605961631449450e+00,9.059412241553384260e-02,3.261706646309188717e-01,1.047713185606855973e-01,-9.553741546998294198e-02,-1.384645115357833189e-01
1.953190638127625505e+02,1.882956182622730568e+00,1.081814620424932094e-01,3.389194192978050024e-01,1.088549393382348268e-01,-9.566721503135450222e-02,-7.401340527707231387e-02
1.953990798159632050e+02,1.875296460999674730e+00,1.256079974922484355e-01,3.515217159925377866e-01,1.127600572943484869e-01,-9.578550786257696015e-02,-1.939094392849676218e-01
1.954790958191638310e+02,1.867627618970821857e+00,1.428719420113095107e-01,3.639763368100740748e-01,1.164933650531686377e-01,-9.589531954081569054e-02,-1.118389855529328403e-01
1.955591118223644855e+02,1.859950304543898758e+00,1.599718908434328013e-01,3.762823368342314567e-01,1.200615163383399742e-01,-9.599838161427932948e-02,-1.633293020760711312e-01
1.956391278255651116e+02,1.852264986258542967e+00,1.769068131701807822e-01,3.884390188524134979e-01,1.234710847024097502e-01,-9.609512230477276762e-02,-1.718493676297252470e-01
1.957191438287657661e+02,1.844572067370676915e+00,1.936760357873917038e-01,4.004459103044496482e-01,1.267285299763238893e-01,-9.618818908271251078e-02,-1.181596599190037483e-01
1.957991598319663922e+02,1.836871804232455441e+00,2.102792211144558221e-01,4.123027422866432090e-01,1.298401715322968775e-01,-9.627979824854485114e-02,-1.409351236470514912e-01
1.958791758351670467e+02,1.829164264036675425e+00,2.267163406776045997e-01,4.240094304193647301e-01,1.328121674718190093e-01,-9.637036664414885823e-02,-5.921273577833371243e-02
1.959591918383676727e+02,1.821449430945266013e+00,2.429876453692443594e-01,4.355660574056317569e-01,1.356504989082120693e-01,-9.646153644841150288e-02,-1.607798352033841527e-02
1.960392078415683272e+02,1.813727199421073966e+00,2.590936345923499640e-01,4.469728571437321385e-01,1.383609585906545592e-01,-9.655570470730109878e-02,-2.457919496582994523e-01
1.961192238447689533e+02,1.805997308434609261e+00,2.750350253387021660e-01,4.582302002516931982e-01,1.409491431852838150e-01,-9.665387726679255942e-02,3.681978709191138788e-03
1.961992398479696078e+02,1.798259382437379372e+00,2.908127216778195745e-01,4.693385808660128222e-01,1.434204486034378057e-01,-9.675668031726147866e-02,-3.193923858520636427e-01
1.962792558511702339e+02,1.790512975623718361e+00,3.064277856331099614e-01,4.802986046034673495e-01,1.457800678485013379e-01,-9.686539779121816629e-02,-7.212015258839064857e-02
1.963592718543708884e+02,1.782757568716419883e+00,3.218814100859837546e-01,4.911109775837399494e-01,1.480329909224987195e-01,-9.698163579206359186e-02,-2.595223807125365822e-02
1.964392878575715145e+02,1.774992545395167598e+00,3.371748939483311669e-01,5.017764964142696904e-01,1.501840063961839278e-01,-9.710646868311759161e-02,-1.621777712079456590e-01
1.965193038607721689e+02,1.767217193256379826e+00,3.523096196376583888e-01,5.122960390464641467e-01,1.522377043037672073e-01,-9.724032241228142137e-02,-1.201502892353726731e-01
1.965993198639727950e+02,1.759430742640467171e+00,3.672870328523722971e-01,5.226705564213588451e-01,1.541984800758264829e-01,-9.738389090015522886e-02,-1.755610898227320249e-01
1.966793358671734495e+02,1.751632368556190977e+00,3.821086248251747142e-01,5.329010648381604653e-01,1.560705392725298679e-01,-9.753803790891052428e-02,-8.062942629031399910e-03
1.967593518703740756e+02,1.743821190775805663e+00,3.967759168476832077e-01,5.429886389771919619e-01,1.578579029152746283e-01,-9.770367690712031261e-02,-4.149204360772188460e-01
1.968393678735747301e+02,1.735996273449758487e+00,4.112904469139301300e-01,5.529344055175362538e-01,1.595644132500178280e-01,-9.788166570973561020e-02,-1.950022593250339276e-01
1.969193838767753562e+02,1.728156617158137731e+00,4.256537583316446494e-01,5.627395372958930997e-01,1.611937398050715120e-01,-9.807253639489768582e-02,-2.917717990452072252e-01
1.969993998799760107e+02,1.720301170380916345e+00,4.398673900305336004e-01,5.724052479552628192e-01,1.627493856294572883e-01,-9.827674624547921844e-02,-7.943708568205234966e-02
1.970794158831766367e+02,1.712428837372161894e+00,4.539328684483138199e-01,5.819327870407146053e-01,1.642346936211774577e-01,-9.849483775877243552e-02,3.142701777953432751e-02
1.971594318863772912e+02,1.704538477587112411e+00,4.678517008284411305e-01,5.913234355028197387e-01,1.656528528717706727e-01,-9.872739657420456783e-02,2.043033056487783550e-02
1.972394478895779173e+02,1.696628905117924191e+00,4.816253697284855195e-01,6.005785015713387409e-01,1.670069049678829243e-01,-9.897502648388636914e-02,-3.215992372503892471e-02
1.973194638927785718e+02,1.688698888033485668e+00,4.952553285772833269e-01,6.096993169661677481e-01,1.682997502033840853e-01,-9.923833697532136178e-02,-7.441569855588552052e-02
1.973994798959791979e+02,1.680747147540353703e+00,5.087429981324778083e-01,6.186872334153885600e-01,1.695341536658762638e-01,-9.951793971067629530e-02,-1.761241096883549295e-01
1.974794958991798524e+02,1.672772356893905243e+00,5.220897637047785533e-01,6.275436194532419965e-01,1.707127511700461953e-01,-9.981445103166702859e-02,2.202684079873284961e-02
1.975595119023804784e+02,1.664773139999575324e+00,5.352969730292722605e-01,6.362698574731048273e-01,1.718380550173513877e-01,-1.001284981873670765e-01,-3.779708532565065338e-02
1.976395279055811329e+02,1.656748069653046773e+00,5.483659346781608601e-01,6.448673410129882599e-01,1.729124595673539599e-01,-1.004607275200505856e-01,-1.848913031871151635e-01
1.977195439087817590e+02,1.648695665376330499e+00,5.612979169218623721e-01,6.533374722528758616e-01,1.739382466107145253e-01,-1.008118133143762196e-01,-2.287682807847612187e-01
1.977995599119824135e+02,1.640614390813232237e+00,5.740941469575122635e-01,6.616816597052125326e-01,1.749175905377143014e-01,-1.011824664248775485e-01,-1.640500578368866980e-01
1.978795759151830396e+02,1.632502650653495646e+00,5.867558104342813774e-01,6.699013160812739009e-01,1.758525632992288534e-01,-1.015734421483144301e-01,6.607858432942814719e-03
1.979595919183836941e+02,1.624358787059310361e+00,5.992840512147319387e-01,6.779978563177768702e-01,1.767451391595548371e-01,-1.019855471074221365e-01,2.310048607528433773e-02
1.980396079215843201e+02,1.616181075571559544e+00,6.116799713195459898e-01,6.859726957491916188e-01,1.775971992424034973e-01,-1.024196451644532324e-01,5.915990620087097085e-02
1.981196239247849746e+02,1.607967720475449225e+00,6.239446310105769555e-01,6.938272484125495021e-01,1.784105358728995672e-01,-1.028766625908603127e-01,-1.804189137641509788e-01
1.981996399279856007e+02,1.599716849606662494e+00,6.360790489732327524e-01,7.015629254723729780e-01,1.791868567195495643e-01,-1.033575928874014282e-01,-1.393432427753918124e-01
1.982796559311862552e+02,1.591426508579135479e+00,6.480842025649180549e-01,7.091811337544398075e-01,1.799277887410141163e-01,-1.038635017805808469e-01,3.440691087207367604e-02
1.983596719343868813e+02,1.583094654414563873e+00,6.599610281005878765e-01,7.166832743776976322e-01,1.806348819431080333e-01,-1.043955330192178343e-01,-8.239001752502189690e-02
1.984396879375875358e+02,1.574719148550975278e+00,6.717104211506084166e-01,7.240707414745134463e-01,1.813096129518762256e-01,-1.049549156631246483e-01,-2.853279601324160142e-02
1.985197039407881618e+02,1.566297749203677592e+00,6.833332368290360170e-01,7.313449209898582604e-01,1.819533884088199438e-01,-1.055429735956917026e-01,-2.376377031708213627e-01
1.985997199439888163e+02,1.557828103045687973e+00,6.948302900532857818e-01,7.385071895506919448e-01,1.825675481944681044e-01,-1.061611380076654676e-01,-1.431003387552352568e-01
1.986797359471894424e+02,1.549307736166813942e+00,7.062023557579368838e-01,7.455589133970563775e-01,1.831533684864696532e-01,-1.068109635913763733e-01,-1.083898618322098606e-01
1.987597519503900969e+02,1.540734044259832292e+00,7.174501690472364634e-01,7.525014473668656390e-01,1.837120646582953709e-01,-1.074941491566616669e-01,-1.428857662170609222e-01
1.988397679535907230e+02,1.532104281969005832e+00,7.285744252716895852e-01,7.593361339264528276e-01,1.842447940244478777e-01,-1.082125633321967539e-01,-1.495856302966996898e-01
1.989197839567913775e+02,1.523415551319254213e+00,7.395757800150565275e-01,7.660643022392271684e-01,1.847526584378444692e-01,-1.089682759524326916e-01,-2.722022800866330527e-01
1.989997999599920036e+02,1.514664788029838727e+00,7.504548489836279090e-01,7.726872672650618723e-01,1.852367067448832116e-01,-1.097635774452390689e-01,5.334683955967295388e-02
1.990798159631926580e+02,1.505848736308727620e+00,7.612122078314054185e-01,7.792063288859218950e-01,1.856979371047247362e-01,-1.106008378392309144e-01,-9.570230801158871592e-02
1.991598319663932841e+02,1.496963934371129623e+00,7.718483918001523003e-01,7.856227710432432954e-01,1.861372991742927530e-01,-1.114825878288372429e-01,-2.568131669403292960e-01
1.992398479695939386e+02,1.488006701571852552e+00,7.823638951984392964e-01,7.919378608810828668e-01,1.865556961640660871e-01,-1.124116548898490553e-01,-4.336294666688333965e-03
1.993198639727945647e+02,1.478973119226239419e+00,7.927591707409723520e-01,7.981528478887615075e-01,1.869539867695114710e-01,-1.133912296251315954e-01,-1.061478303104375076e-01
1.993998799759952192e+02,1.469859009413797768e+00,8.030346287089646928e-01,8.042689630326698147e-01,1.873329869806111270e-01,-1.144249418081486058e-01,-4.204273600547864254e-02
1.994798959791958453e+02,1.460659900404000178e+00,8.131906359736305046e-01,8.102874178721493070e-01,1.876934717742062553e-01,-1.155167849614974207e-01,-1.339329995083003433e-01
1.995599119823964998e+02,1.451370973649992235e+00,8.232275148961407663e-01,8.162094036524711882e-01,1.880361766928385636e-01,-1.166708492434387345e-01,-1.939673838016796048e-01
1.996399279855971258e+02,1.441987053477464809e+00,8.331455417341943059e-01,8.220360903368527650e-01,1.883617992984836509e-01,-1.178917617817965002e-01,-1.926267690728223070e-01
1.997199439887977803e+02,1.432502577726477933e+00,8.429449448463320893e-01,8.277686255866327780e-01,1.886710005121664813e-01,-1.191848928728658774e-01,-8.358176379630025132e-02
1.997999599919984064e+02,1.422911550091478627e+00,8.526259026629983140e-01,8.334081336757706016e-01,1.889644058392438153e-01,-1.205563840558809829e-01,-4.173722220441920816e-02
1.998799759951990609e+02,1.413207443193430946e+00,8.621885415904905203e-01,8.389557143423280738e-01,1.892426064879330627e-01,-1.220126421588238474e-01,-7.160029379858615095e-02
1.999599919983996870e+02,1.403383170430571480e+00,8.716329330757078830e-01,8.444124414953897428e-01,1.895061603481817125e-01,-1.235609091009295946e-01,-5.748023825924042374e-02
2.000400080016003415e+02,1.393431045066768181e+00,8.809590902189893269e-01,8.497793617868523164e-01,1.897555928417221371e-01,-1.252097451238318171e-01,-3.218159299663458928e-03
2.001200240048009675e+02,1.383342663542411755e+00,8.901669642919887160e-01,8.550574930614512903e-01,1.899913976562689621e-01,-1.269687079060971557e-01,-9.640587301797420849e-02
2.002000400080016220e+02,1.373108780342294111e+00,8.992564406792490361e-01,8.602478226205146905e-01,1.902140373393649553e-01,-1.288481956708151244e-01,-2.643685245530583150e-02
2.002800560112022481e+02,1.362719272280616511e+00,9.082273334021067068e-01,8.653513051809765821e-01,1.904239437014710323e-01,-1.308605793963288355e-01,-1.791296751102676443e-02
2.003600720144029026e+02,1.352162974101595694e+00,9.170793795671435822e-01,8.703688606215869150e-01,1.906215180804398113e-01,-1.330200426577457518e-01,-1.013576890349549287e-01
2.004400880176035287e+02,1.341427469970263742e+00,9.258122330881267681e-01,8.753013714187213301e-01,1.908071314281425124e-01,-1.353423458492625242e-01,-1.403427968587123431e-01
2.005201040208041832e+02,1.330499012020983640e+00,9.344254560976543722e-01,8.801496795378821458e-01,1.909811241145468186e-01,-1.378463736894444680e-01,-1.785355267643178312e-01
2.006001200240048092e+02,1.319362218711810808e+00,9.429185104046593491e-01,8.849145829671202224e-01,1.911438055503763833e-01,-1.405537700686187996e-01,-2.579070143979851903e-01
2.006801360272054637e+02,1.307999814082147605e+00,9.512907467463885824e-01,8.895968315698814521e-01,1.912954534828858189e-01,-1.434896959929030102e-01,-2.961069368068490748e-01
2.007601520304060898e+02,1.296392373782323082e+00,9.595413914740059669e-01,8.941971220841087309e-01,1.914363128945086312e-01,-1.466843271506895752e-01,-1.212453306749536330e-02
2.008401680336067443e+02,1.284517798788599618e+00,9.676695326440070133e-01,8.987160923890923359e-01,1.915665945809529036e-01,-1.501727029010552217e-01,-1.480765598711219488e-01
2.009201840368073704e+02,1.272350966461055055e+00,9.756741007386048326e-01,9.031543142548673631e-01,1.916864730449377996e-01,-1.539974044316730351e-01,-2.053152075599565529e-01
2.010002000400080249e+02,1.259862973872143854e+00,9.835538484017468663e-01,9.075122849136896264e-01,1.917960838994527961e-01,-1.582090689535756156e-01,3.221054671922074508e-03
2.010802160432086509e+02,1.247020484648337257e+00,9.913073230747333486e-01,9.117904163345835755e-01,1.918955202634846091e-01,-1.628697510099086365e-01,-6.193456383595136172e-02
2.011602320464092770e+02,1.233784622391796315e+00,9.989328362689782193e-01,9.159890223093857253e-01,1.919848282498887726e-01,-1.680550690527957136e-01,-1.581498499867027563e-01
2.012402480496099315e+02,1.220109807474474062e+00,1.006428422952476476e+00,9.201083018618708698e-01,1.920640008679869726e-01,-1.738592309982939232e-01,-6.921284617833131647e-02
2.013202640528105576e+02,1.205941966642277041e+00,1.013791793982663281e+00,9.241483186691793472e-01,1.921329702712812060e-01,-1.803998621425745297e-01,-1.951840439962019003e-01
2.014002800560112121e+02,1.191216448468202627e+00,1.021020272789135097e+00,9.281089740460826132e-01,1.921915972443881959e-01,-1.878267994565724353e-01,-1.474646077915356956e-01
2.014802960592118382e+02,1.175854948261891408e+00,1.028110718036664872e+00,9.319899722878918213e-01,1.922396574936183211e-01,-1.963326893583555721e-01,-9.619059075710811868e-03
2.015603120624124927e+02,1.159761501479875001e+00,1.035059420905819483e+00,9.357907742151752029e-01,1.922768229006197593e-01,-2.061696802174189935e-01,-9.551498231756906654e-02
2.016403280656131187e+02,1.142816838653892830e+00,1.041861970786631675e+00,9.395105345310551526e-01,1.923026358853153484e-01,-2.176736241123300442e-01,-2.401073578390237329e-01
2.017203440688137732e+02,1.124870291084900664e+00,1.048513076595108284e+00,9.431480155955201949e-01,1.923164737080284570e-01,-2.313004963720610707e-01,-1.568469426506751141e-01
2.018003600720143993e+02,1.105728082775994991e+00,1.055006321298140870e+00,9.467014652777263617e-01,1.923174973353711792e-01,-2.476835873000904353e-01,-1.242592505105994671e-01
2.018803760752150538e+02,1.085135773916003910e+00,1.061333819120820143e+00,9.501684395757290513e-01,1.923045764954952885e-01,-2.677251623847159978e-01,-2.740488862524472213e-01
2.019603920784156799e+02,1.062751189063530832e+00,1.067485724313048889e+00,9.535455370271737063e-01,1.922761765568095360e-01,-2.927490040600805310e-01,-3.288789116520555722e-01
2.020404080816163344e+02,1.038101080047892477e+00,1.073449502226810015e+00,9.568279845840513831e-01,1.922301806981547290e-01,-3.247643983317310967e-01,-1.313212393167041137e-01
2.021204240848169604e+02,1.010509109897891111e+00,1.079208815061592608e+00,9.600089661721569190e-01,1.921635997719600419e-01,-3.669457099535117228e-01,-3.903753492085875187e-01
2.022004400880176149e+02,9.789699516893547449e-01,1.084741735264761475e+00,9.630784704688779563e-01,1.920720710023150479e-01,-4.245516701455009922e-01,-5.500249447182294915e-01
2.022804560912182410e+02,9.419165291335851453e-01,1.090017738624476484e+00,9.660211856261070595e-01,1.919489367484252806e-01,-5.068079762659022380e-01,-4.855953427092736252e-01
2.023604720944188955e+02,8.967587232853229118e-01,1.094992311834525278e+00,9.688123267328165866e-01,1.917834090341761777e-01,-6.310800081526929395e-01,-3.948125291197733255e-01
2.024404880976195216e+02,8.388868288549210517e-01,1.099596472430709682e+00,9.714084474394268920e-01,1.915565102181328028e-01,-8.330696982386365246e-01,-7.620656522330949700e-01
2.025205041008201761e+02,7.592788282658056165e-01,1.103714198908241517e+00,9.737242265907465333e-01,1.912307899869374050e-01,-1.194937437665960500e+00,-1.090535703978107618e+00
2.026005201040208021e+02,6.378999998856753617e-01,1.107126092737123146e+00,9.755610907667940923e-01,1.907187321687025261e-01,-1.935464106762807557e+00,-2.143015886429838979e+00
2.026805361072214566e+02,4.222048451081034104e-01,1.109334711953557484e+00,9.763184521103969171e-01,1.897562963485563969e-01,-3.750788981374386655e+00,-3.796156630213857408e+00
2.027605521104220827e+02,-5.199702408101940926e-02,1.108836269669185137e+00,9.734684575263002904e-01,1.872683728042669471e-01,-9.044752634529821478e+00,-8.913568473342568410e+00
2.028405681136227372e+02,-1.125388333634581350e+00,1.101794429677762865e+00,9.615348463845901916e-01,1.812012780809232337e-01,-1.573456694032150160e+01,-1.576383819833228372e+01
2.029205841168233633e+02,-1.873224445708454589e+00,1.087551182062733934e+00,9.463918025440039017e-01,1.741174079117741857e-01,-2.982469159624929755e+00,-2.839287689497021816e+00
2.030006001200240178e+02,-1.952004017103157851e+00,1.071233796999560894e+00,9.313972175443532286e-01,1.673136835637828168e-01,-1.213806729584543387e-01,-6.181804267605300884e-02
2.030806161232246438e+02,-1.951563381451061341e+00,1.054860759643814427e+00,9.166382951535227974e-01,1.608124501467086964e-01,5.694513066906436993e-02,1.088367678641151137e-01
2.031606321264252983e+02,-1.946427198181329477e+00,1.038602923426249269e+00,9.021139280996685050e-01,1.546024698350835502e-01,6.716416700182359367e-02,2.477242264181372666e-01
2.032406481296259244e+02,-1.941015451753437260e+00,1.022469797796056845e+00,8.878205419378069063e-01,1.486715295493782896e-01,6.785796092697582438e-02,3.021381420872678442e-02
2.033206641328265789e+02,-1.935579410222983299e+00,1.006461575613994963e+00,8.737544861652746242e-01,1.430074523842756740e-01,6.800059964109372856e-02,3.407731346705718256e-02
2.034006801360272050e+02,-1.930133867550082538e+00,9.905779236246986530e-01,8.599121608208439849e-01,1.375982306730801352e-01,6.810845609106913612e-02,9.184702100562161520e-02
2.034806961392278595e+02,-1.924679929344239371e+00,9.748184832180869508e-01,8.462900228824616899e-01,1.324320991967278538e-01,6.821194834005644969e-02,1.033348934384795692e-01
2.035607121424284855e+02,-1.919217867143489187e+00,9.591828995483233644e-01,8.328845857835168731e-01,1.274975927976168821e-01,6.831218708967246034e-02,-8.812724825832429776e-02
2.036407281456291400e+02,-1.913747915239676800e+00,9.436708233605375362e-01,8.196924185395407791e-01,1.227835918488575095e-01,6.840908397698075571e-02,2.047346627593802093e-01
2.037207441488297661e+02,-1.908270311682296105e+00,9.282819110880133895e-01,8.067101448638470673e-01,1.182793568381138166e-01,6.850280861647045638e-02,1.047858681458959385e-01
2.038007601520304206e+02,-1.902785296364835288e+00,9.130158248428222878e-01,7.939344422961815972e-01,1.139745532786787807e-01,6.859374206411861241e-02,6.546626751545400746e-02
2.038807761552310467e+02,-1.897293105489945786e+00,8.978722323875637512e-01,7.813620413456779934e-01,1.098592681766946827e-01,6.868230569775507499e-02,1.443170976054332921e-01
2.039607921584317012e+02,-1.891793952970477699e+00,8.828508070616820635e-01,7.689897246473187398e-01,1.059240192565627792e-01,6.876836470352670760e-02,4.271092467094002310e-02
2.040408081616323273e+02,-1.886288043848199703e+00,8.679512277696809219e-01,7.568143261336678362e-01,1.021597580849520071e-01,6.885169450909223166e-02,2.032103604544314157e-01
2.041208241648329818e+02,-1.880775582954537395e+00,8.531731789415393230e-01,7.448327302200815625e-01,9.855786814593045508e-02,6.893226764776716475e-02,8.907409890432417543e-02
2.042008401680336078e+02,-1.875256772727636578e+00,8.385163504469103080e-01,7.330418710029937834e-01,9.511015881917667114e-02,6.901017695445793576e-02,1.548054220430792882e-01
2.042808561712342623e+02,-1.869731811657227460e+00,8.239804374884338589e-01,7.214387314713498478e-01,9.180885610635038108e-02,6.908557932235742660e-02,-5.869519538920953128e-03
2.043608721744348884e+02,-1.864200893187728969e+00,8.095651404718354760e-01,7.100203427310844972e-01,8.864659084340849315e-02,6.915865427024742162e-02,5.500301257142611866e-02
2.044408881776355429e+02,-1.858664205011814730e+00,7.952701648504511001e-01,6.987837832422706397e-01,8.561638503345281315e-02,6.922957500319210089e-02,1.199842918323512642e-01
2.045209041808361690e+02,-1.853121927997395835e+00,7.810952209404240509e-01,6.877261780688025405e-01,8.271163683844891257e-02,6.929846843650722121e-02,-1.177343180533392542e-02
2.046009201840368235e+02,-1.847574232890149215e+00,7.670400236995030818e-01,6.768446981401611273e-01,7.992610468024335946e-02,6.936530851144040444e-02,1.675094203227991962e-02
2.046809361872374495e+02,-1.842021285639081851e+00,7.531042924960990037e-01,6.661365595257090488e-01,7.725389082313000033e-02,6.943007612927182270e-02,7.745089411888830822e-02
2.047609521904381040e+02,-1.836463248808970272e+00,7.392877508346024085e-01,6.555990227205813481e-01,7.468942474025966338e-02,6.949279335219937792e-02,1.939011008747362763e-01
2.048409681936387301e+02,-1.830900281263990736e+00,7.255901260405525077e-01,6.452293919431657532e-01,7.222744650678619704e-02,6.955350445921743008e-02,1.587388179022146129e-01
2.049209841968393846e+02,-1.825332538060016274e+00,7.120111489089098189e-01,6.350250144439412159e-01,6.986299041093577133e-02,6.961226445863777368e-02,1.730297654394593598e-01
2.050010002000400107e+02,-1.819760170437919156e+00,6.985505533138003376e-01,6.249832798255903210e-01,6.759136893062957230e-02,6.966913167621019420e-02,1.129542962626305935e-01
2.050810162032406652e+02,-1.814183325885005305e+00,6.852080757780852904e-01,6.151016193740714844e-01,6.540815718666742606e-02,6.972416340126907919e-02,1.727828740386668782e-01
2.051610322064412912e+02,-1.808602148235870954e+00,6.719834550015751917e-01,6.053775054005767764e-01,6.330917795318626029e-02,6.977741372725665414e-02,2.366475826198609356e-01
2.052410482096419457e+02,-1.803016777787865843e+00,6.588764313465675926e-01,5.958084505940759446e-01,6.129048728112831967e-02,6.982893287206387578e-02,9.939302226223906134e-02
2.053210642128425718e+02,-1.797427351410411100e+00,6.458867462798948411e-01,5.863920073843816860e-01,5.934836077024695927e-02,6.987876740411763654e-02,1.261004852195412307e-01
2.054010802160432263e+02,-1.791834002631224498e+00,6.330141417705987816e-01,5.771257673154496226e-01,5.747928050885228735e-02,6.992696093497258181e-02,1.409345648165846732e-01
2.054810962192438524e+02,-1.786236861686485877e+00,6.202583596429123158e-01,5.680073604288535805e-01,5.567992268762954333e-02,6.997355496452389856e-02,-1.176288413269014899e-01
2.055611122224445069e+02,-1.780636055525670391e+00,6.076191408842356312e-01,5.590344546571649476e-01,5.394714588371597730e-02,7.001858968314345066e-02,7.253530418828776916e-02
2.056411282256451329e+02,-1.775031707765668099e+00,5.950962249084242872e-01,5.502047552271823738e-01,5.227798000350179775e-02,7.006210464395590254e-02,1.242286083581439771e-01
2.057211442288457874e+02,-1.769423938592408430e+00,5.826893487747955014e-01,5.415160040727552415e-01,5.066961586674024326e-02,7.010413931903686224e-02,1.577827323200387266e-01
2.058011602320464135e+02,-1.763812864611980613e+00,5.703982463639674094e-01,5.329659792571515009e-01,4.911939541032945417e-02,7.014473364441858871e-02,5.024141335078333159e-02
2.058811762352470680e+02,-1.758198598656718348e+00,5.582226475118078346e-01,5.245524944047275095e-01,4.762480248710330988e-02,7.018392874050538577e-02,1.798099516663621000e-01
2.059611922384476941e+02,-1.752581249555363874e+00,5.461622771035614665e-01,5.162733981418577978e-01,4.618345423304649061e-02,7.022176806735225263e-02,1.823185692171985783e-02
2.060412082416483486e+02,-1.746960921879745721e+00,5.342168541304610496e-01,5.081265735468927236e-01,4.479309297517044403e-02,7.025829933661048576e-02,6.453380708348017969e-02
2.061212242448489746e+02,-1.741337715683860976e+00,5.223860907119818320e-01,5.001099376091107107e-01,4.345157865182343315e-02,7.029357755501675076e-02,2.503636184303337231e-01
2.062012402480496291e+02,-1.735711726254374865e+00,5.106696910872102757e-01,4.922214406964458000e-01,4.215688171717629773e-02,7.032766961756753421e-02,-5.305217228065757518e-02
2.062812562512502552e+02,-1.730083043894746542e+00,4.990673505796919263e-01,4.844590660319628705e-01,4.090707650204363638e-02,7.036066090061118827e-02,7.391661657650751283e-02
2.063612722544509097e+02,-1.724451753768020623e+00,4.875787545404894896e-01,4.768208291788751385e-01,3.970033500384170799e-02,7.039266432848217958e-02,6.686039561356200978e-02
2.064412882576515358e+02,-1.718817935872558378e+00,4.762035772752268858e-01,4.693047775340872807e-01,3.853492107940539868e-02,7.042383354387213301e-02,7.240483519881925345e-02
2.065213042608521903e+02,-1.713181661674510359e+00,4.649414809495298062e-01,4.619089898297333852e-01,3.740918501523443629e-02,7.045429487538348856e-02,2.791802493952002390e-02
2.066013202640528164e+02,-1.707542990685962048e+00,4.537921144899940140e-01,4.546315756429606947e-01,3.632155845110332515e-02,7.048408333837352657e-02,1.460282831827138805e-01
2.066813362672534709e+02,-1.701901973275243618e+00,4.427551125086963135e-01,4.474706749143956830e-01,3.527054963445319657e-02,7.051323317287250259e-02,-2.606730224190387246e-02
2.067613522704540969e+02,-1.696258650779207455e+00,4.318300942304145185e-01,4.404244574744715646e-01,3.425473898340109652e-02,7.054180034554713430e-02,-5.133157754655703897e-02
2.068413682736547514e+02,-1.690613055638812368e+00,4.210166624394715562e-01,4.334911225776827415e-01,3.327277493795896546e-02,7.056988539710928876e-02,1.285391226435764755e-01
2.069213842768553775e+02,-1.684965211812846198e+00,4.103144024560149150e-01,4.266688984447891131e-01,3.232337008017809044e-02,7.059766238196527044e-02,-3.881939724616377541e-02
2.070014002800560320e+02,-1.679315135514100721e+00,3.997228811510322721e-01,4.199560418128177042e-01,3.140529750507937978e-02,7.062541431521185409e-02,1.176048999452291299e-01
2.070814162832566581e+02,-1.673662833763669866e+00,3.892416460007558920e-01,4.133508374925679574e-01,3.051738742528294773e-02,7.065351751332285546e-02,8.212890903108333029e-02
2.071614322864573126e+02,-1.668008285392832635e+00,3.788702241342607469e-01,4.068515979315674436e-01,2.965852399250025820e-02,7.068203262288394462e-02,1.128949813288368520e-02
2.072414482896579386e+02,-1.662351449261393110e+00,3.686081215421239676e-01,4.004566627876042229e-01,2.882764232344482355e-02,7.071092800550321522e-02,4.519665045513550361e-02
2.073214642928585931e+02,-1.656692273459169806e+00,3.584548223664980604e-01,3.941643985099760883e-01,2.802372571508473728e-02,7.074031189218121796e-02,6.960175018715893114e-02
2.074014802960592192e+02,-1.651030697482370524e+00,3.484097882533488955e-01,3.879731979274780307e-01,2.724580303579146948e-02,7.077049726449749500e-02,1.241737148138229857e-01
2.074814962992598737e+02,-1.645366654038891596e+00,3.384724577989639549e-01,3.818814798437148439e-01,2.649294628074105526e-02,7.080205450467683126e-02,1.594472476187287768e-02
2.075615123024604998e+02,-1.639700042034934580e+00,3.286422459910701699e-01,3.758876886357584990e-01,2.576426827854934667e-02,7.083524636670515684e-02,5.793327869888544729e-02
2.076415283056611543e+02,-1.634030720814752424e+00,3.189185438372515446e-01,3.699902938624116677e-01,2.505892054162220384e-02,7.086994763849108203e-02,-6.441435295990841081e-02
2.077215443088617803e+02,-1.628358540655599374e+00,3.093007182522498622e-01,3.641877898848392414e-01,2.437609125199139901e-02,7.090632640203570203e-02,5.109584849223455794e-02
2.078015603120624348e+02,-1.622683348827075323e+00,2.997881119843107678e-01,3.584786954913784518e-01,2.371500336968998535e-02,7.094497717813341708e-02,-1.133868252773368168e-01
2.078815763152630609e+02,-1.617004971094636812e+00,2.903800435776306421e-01,3.528615535257736413e-01,2.307491285508308718e-02,7.098654397223735923e-02,7.350017483301381216e-02
2.079615923184637154e+02,-1.611323167432418657e+00,2.810758073628506493e-01,3.473349305177426682e-01,2.245510699683374300e-02,7.103084852399660365e-02,3.236090521406409515e-02
2.080416083216643415e+02,-1.605637685968548833e+00,2.718746739756201514e-01,3.418974163355827378e-01,2.185490284774904701e-02,7.107803279604030244e-02,2.867972650914459298e-01
2.081216243248649960e+02,-1.599948279962493114e+00,2.627758908817057204e-01,3.365476238409614296e-01,2.127364575230759891e-02,7.112889710149672418e-02,2.058516778907849842e-01
2.082016403280656220e+02,-1.594254661139309359e+00,2.537786827848275695e-01,3.312841885399261943e-01,2.071070795692038849e-02,7.118397623243483130e-02,6.229051585559345489e-02
2.082816563312662765e+02,-1.588556471200732290e+00,2.448822522403240054e-01,3.261057682425840820e-01,2.016548730307236512e-02,7.124302755680267385e-02,1.718691303887000255e-01
2.083616723344669026e+02,-1.582853359128866044e+00,2.360857808540460789e-01,3.210110427485367568e-01,1.963740600621180499e-02,7.130656323534809160e-02,1.053035746209098761e-01
2.084416883376675571e+02,-1.577144969187296519e+00,2.273884302577169059e-01,3.159987135244896606e-01,1.912590949929315193e-02,7.137560013540100723e-02,-3.787813922873868588e-02
2.085217043408681832e+02,-1.571430847525564722e+00,2.187893428559852527e-01,3.110675033719814686e-01,1.863046533544268982e-02,7.144991794919702821e-02,-1.656177317794716719e-01
2.086017203440688093e+02,-1.565710534398868869e+00,2.102876434948998119e-01,3.062161561366441576e-01,1.815056217017397416e-02,7.152983734820921036e-02,1.872778350565804661e-01
2.086817363472694637e+02,-1.559983581541197095e+00,2.018824409466380698e-01,3.014434364119043530e-01,1.768570879643763943e-02,7.161651847014567640e-02,1.152899112363037215e-01
2.087617523504700898e+02,-1.554249431881330468e+00,1.935728288835497635e-01,2.967481292198913545e-01,1.723543322061128757e-02,7.170978014067845574e-02,-1.191250208869161914e-01
2.088417683536707443e+02,-1.548507522454123597e+00,1.853578879435621440e-01,2.921290397446605347e-01,1.679928181220853578e-02,7.181001025683975136e-02,1.398340286282459821e-01
2.089217843568713704e+02,-1.542757297555731766e+00,1.772366875074660730e-01,2.875849930557043410e-01,1.637681849407702714e-02,7.191837504860708330e-02,1.674156165762966386e-01
2.090018003600720249e+02,-1.536998078934753265e+00,1.692082868830202258e-01,2.831148338042250301e-01,1.596762396174097182e-02,7.203455762796601158e-02,7.801853207166989379e-03
2.090818163632726510e+02,-1.531229215160266000e+00,1.612717378531489665e-01,2.787174259898513862e-01,1.557129497639251660e-02,7.215939645430838323e-02,1.550305289155406718e-01
2.091618323664733055e+02,-1.525450009897205250e+00,1.534260862653283042e-01,2.743916526845304182e-01,1.518744367398734522e-02,7.229362846613504590e-02,-9.580846762434150343e-02
2.092418483696739315e+02,-1.519659671713129878e+00,1.456703737424103473e-01,2.701364157653037279e-01,1.481569691325558720e-02,7.243708320934065525e-02,5.423817084435681585e-02
2.093218643728745860e+02,-1.513857458878773654e+00,1.380036403881071960e-01,2.659506357052335845e-01,1.445569568425096596e-02,7.259111317861992319e-02,7.968882990535139377e-02
2.094018803760752121e+02,-1.508042496019658341e+00,1.304249259066141697e-01,2.618332512858801420e-01,1.410709450892640160e-02,7.275556896125592865e-02,1.544120492532019551e-01
2.094818963792758666e+02,-1.502213925445311293e+00,1.229332723791516369e-01,2.577832194048320646e-01,1.376956091635933577e-02,7.293131055843803112e-02,1.161479923008097576e-01
2.095619123824764927e+02,-1.496370831057381112e+00,1.155277259211977547e-01,2.537995148305776105e-01,1.344277491866990512e-02,7.311897155859309327e-02,9.865969701650906254e-02
2.096419283856771472e+02,-1.490512220594127912e+00,1.082073385988513575e-01,2.498811299780108464e-01,1.312642852189272770e-02,7.331872152670521059e-02,1.321006358805375536e-01
2.097219443888777732e+02,-1.484637122912866980e+00,1.009711709420240966e-01,2.460270747283015980e-01,1.282022528164236848e-02,7.353179403168114137e-02,1.133204373851254276e-02
2.098019603920784277e+02,-1.478744426522396571e+00,9.381829305385401552e-02,2.422363761754330880e-01,1.252387984468646305e-02,7.375802511647554238e-02,2.246410019170048122e-01
2.098819763952790538e+02,-1.472833075491708055e+00,8.674778759136037021e-02,2.385080784943895416e-01,1.223711757041011546e-02,7.399885996355604068e-02,4.300503144247574266e-02
2.099619923984797083e+02,-1.466901854097529823e+00,7.975875047803313023e-02,2.348412426831766875e-01,1.195967410949367975e-02,7.425414599064403265e-02,1.565909830946706771e-01
2.100420084016803344e+02,-1.460949599741882654e+00,7.285029390753208767e-02,2.312349464571954727e-01,1.169129507520469749e-02,7.452531814970721202e-02,7.706032121190703466e-02
2.101220244048809889e+02,-1.454974993053983701e+00,6.602154694406202340e-02,2.276882840056583535e-01,1.143173566363256920e-02,7.481236837995358657e-02,5.306829506841034827e-02
2.102020404080816149e+02,-1.448976754464763150e+00,5.927165835008418177e-02,2.242003659028630191e-01,1.118076036572627358e-02,7.511670943923876020e-02,1.364677414821707235e-01
2.102820564112822694e+02,-1.442953449056192383e+00,5.259979710892544180e-02,2.207703188834272412e-01,1.093814262703411526e-02,7.543845451437854177e-02,1.228249467640926129e-01
2.103620724144828955e+02,-1.436903673749926780e+00,4.600515510437172551e-02,2.173972857747487331e-01,1.070366459861352669e-02,7.577906923562204022e-02,2.127933881901826751e-01
2.104420884176835500e+02,-1.430825861984269309e+00,3.948694747170052033e-02,2.140804252870197877e-01,1.047711683056184659e-02,7.613874652644446461e-02,1.862301814028723412e-01
2.105221044208841761e+02,-1.424718476348074914e+00,3.304441521659021858e-02,2.108189119753378360e-01,1.025829806245491353e-02,7.651905767737032793e-02,2.249452307756877323e-02
2.106021204240848306e+02,-1.418579804585562654e+00,2.667682534262643540e-02,2.076119360427369775e-01,1.004701494649285279e-02,7.692030900589329201e-02,1.297211661950706252e-01
2.106821364272854566e+02,-1.412408152259326588e+00,2.038347338672756928e-02,2.044587033329867964e-01,9.843081874861108957e-03,7.734412325139040922e-02,9.026757515986424951e-02
2.107621524304861111e+02,-1.406201653554797870e+00,1.416368348051558895e-02,2.013584351600107292e-01,9.646320736151386271e-03,7.779108342932995745e-02,9.595131000854212333e-04
2.108421684336867372e+02,-1.399958421332275549e+00,8.016810542957440375e-03,1.983103683144121776e-01,9.456560768458648417e-03,7.826271469729306762e-02,-2.905251237141669163e-02
2.109221844368873917e+02,-1.393676428033544301e+00,1.942240668443300303e-03,1.953137549522306893e-01,9.273638362750215997e-03,7.876008704963854967e-02,1.068858442914037005e-01
2.110022004400880178e+02,-1.387353557452037700e+00,-4.060607389914742786e-03,1.923678625878116055e-01,9.097396925592358616e-03,7.928455948263081476e-02,2.844499636003240683e-02
2.110822164432886723e+02,-1.380987592973150324e+00,-9.992281188245855095e-03,1.894719740725716028e-01,8.927686742289654004e-03,7.983773425681391089e-02,-5.618277037937001450e-02
2.111622324464892984e+02,-1.374576159982088264e+00,-1.585329390709298153e-02,1.866253875663496931e-01,8.764364842992115531e-03,8.042091750063495859e-02,7.353135357766250879e-02
2.112422484496899528e+02,-1.368116810139537343e+00,-2.164412265833876026e-02,1.838274166159395706e-01,8.607294928280162516e-03,8.103620842662742629e-02,1.056768712392973930e-01
2.113222644528905789e+02,-1.361606880378076534e+00,-2.736520842482255758e-02,1.810773901187851254e-01,8.456347243327411514e-03,8.168506717654905325e-02,9.413135076112821853e-02
2.114022804560912334e+02,-1.355043615859263584e+00,-3.301695403008385321e-02,1.783746524822607538e-01,8.311398554434114294e-03,8.236983855078819361e-02,-3.560326137629352128e-02
2.114822964592918595e+02,-1.348424057380553487e+00,-3.859972383434084886e-02,1.757185636590058164e-01,8.172332068597602459e-03,8.309269873209376711e-02,2.755204933123890643e-02
2.115623124624925140e+02,-1.341745044169503576e+00,-4.411384251823707858e-02,1.731084992905760900e-01,8.039037411031202743e-03,8.385591263323897981e-02,2.230547340540339207e-01
2.116423284656931401e+02,-1.335003259532672404e+00,-4.955959342055685224e-02,1.705438509263212943e-01,7.911410643843095822e-03,8.466250941125139096e-02,1.002213365657106392e-02
2.117223444688937946e+02,-1.328195108120974188e+00,-5.493721815224850841e-02,1.680240261543586855e-01,7.789354243966018464e-03,8.551528931909696540e-02,5.510818911275794374e-02
2.118023604720944206e+02,-1.321316752423804086e+00,-6.024691479494607982e-02,1.655484489034446671e-01,7.672777168799390680e-03,8.641748703826597489e-02,3.190452338506372110e-01
2.118823764752950751e+02,-1.314364110471311076e+00,-6.548883623164189483e-02,1.631165597759065000e-01,7.561594939439573483e-03,8.737303574178310883e-02,1.243364761949813935e-01
2.119623924784957012e+02,-1.307332748330821470e+00,-7.066308922997710518e-02,1.607278163468131849e-01,7.455729708377874070e-03,8.838590678557529945e-02,4.025773043634726239e-02
2.120424084816963557e+02,-1.300217887006204220e+00,-7.576973230523324776e-02,1.583816936360008532e-01,7.355110414283838778e-03,8.946059077203898091e-02,-1.029461831844449698e-01
2.121224244848969818e+02,-1.293014387642352547e+00,-8.080877346790257820e-02,1.560776846512673122e-01,7.259672972512103833e-03,9.060239316253416997e-02,1.233433310441954395e-01
2.122024404880976363e+02,-1.285716659794987615e+00,-8.578016837931567995e-02,1.538153009489054979e-01,7.169360473568023827e-03,9.181713134771093965e-02,-4.527544301431349338e-02
2.122824564912982623e+02,-1.278318599864538996e+00,-9.068381786767437669e-02,1.515940733318862088e-01,7.084123448863654908e-03,9.311120939345246539e-02,9.226887569830541369e-02
2.123624724944989168e+02,-1.270813565221595942e+00,-9.551956460183567976e-02,1.494135527261478136e-01,7.003920223231131781e-03,9.449206512355950993e-02,9.435498796384028664e-03
2.124424884976995429e+02,-1.263194291825255000e+00,-1.002871897660501804e-01,1.472733111519231031e-01,6.928717311521635780e-03,9.596824869633480137e-02,-6.985583365907066522e-02
2.125225045009001974e+02,-1.255452777391344865e+00,-1.049864094630492267e-01,1.451729428326776483e-01,6.858489879264263560e-03,9.754939038957975705e-02,2.641781829704684115e-01
2.126025205041008235e+02,-1.247580183493928407e+00,-1.096168701382932015e-01,1.431120655464618585e-01,6.793222318580723236e-03,9.924649130669936647e-02,8.990989472532319449e-02
2.126825365073014780e+02,-1.239566729199356843e+00,-1.141781431061802410e-01,1.410903222399080559e-01,6.732908947875596711e-03,1.010723282328250816e-01,1.941601163777055827e-01
2.127625525105021040e+02,-1.231401538009366359e+00,-1.186697184371595659e-01,1.391073829006720108e-01,6.677554831117992612e-03,1.030417507969635521e-01,1.780293657606598356e-01
2.128425685137027585e+02,-1.223072454084306981e+00,-1.230909977917570980e-01,1.371629467771574018e-01,6.627176758818482255e-03,1.051720621834934949e-01,3.316065240717672169e-02
2.129225845169033846e+02,-1.214565815795968895e+00,-1.274412860450764295e-01,1.352567450121351655e-01,6.581804421053525506e-03,1.074834828563296235e-01,1.173169259985397395e-01
2.130026005201040391e+02,-1.205866199917530190e+00,-1.317197811124418971e-01,1.333885438307109428e-01,6.541481839542838059e-03,1.099998684256369846e-01,7.518353274424569022e-02
2.130826165233046652e+02,-1.196956102655567511e+00,-1.359255618624101436e-01,1.315581483782902183e-01,6.506269102088868030e-03,1.127495804607116237e-01,2.099706985035497409e-01
2.131626325265053197e+02,-1.187815537445849001e+00,-1.400575737361753892e-01,1.297654073584195156e-01,6.476244468805202048e-03,1.157665606216943394e-01,1.595627427792415953e-01
2.132426485297059457e+02,-1.178421533889688622e+00,-1.441146113941489393e-01,1.280102186973132161e-01,6.451506956603034713e-03,1.190917379255144321e-01,8.434115462941998986e-02
2.133226645329066002e+02,-1.168747507109804351e+00,-1.480952976271723009e-01,1.262925365183385218e-01,6.432179534625635971e-03,1.227748868570705670e-01,2.892608037233591611e-01
2.134026805361072263e+02,-1.158762455302728034e+00,-1.519980575291074443e-01,1.246123798064660559e-01,6.418413108958355776e-03,1.268771049627938907e-01,1.793435265121532396e-01
2.134826965393078808e+02,-1.148429926751171504e+00,-1.558210865931692057e-01,1.229698432795483104e-01,6.410391539653568019e-03,1.314741555496441727e-01,1.782114171829322080e-01
2.135627125425085069e+02,-1.137706673368476196e+00,-1.595623109247137905e-01,1.213651111798870474e-01,6.408338026161324377e-03,1.366610388443264268e-01,5.890638761438042603e-02
2.136427285457091614e+02,-1.126540871784536435e+00,-1.632193370935836330e-01,1.197984749867838650e-01,6.412523333441898926e-03,1.425583384598732295e-01,1.837835153682951250e-01
2.137227445489097875e+02,-1.114869738189445014e+00,-1.667893881767567588e-01,1.182703564790549972e-01,6.423276534322537069e-03,1.493211819933129569e-01,3.326318461426475137e-03
2.138027605521104419e+02,-1.102616278378293568e+00,-1.702692211041299253e-01,1.167813382280519091e-01,6.440999253291941444e-03,1.571521305754941533e-01,2.037950629410750225e-01
2.138827765553110680e+02,-1.089684784878784507e+00,-1.736550182762399419e-01,1.153322045969380483e-01,6.466184870032114750e-03,1.663201185132509585e-01,7.321234344817342810e-02
2.139627925585117225e+02,-1.075954494822797036e+00,-1.769422427874061121e-01,1.139239979632693106e-01,6.499444929946601550e-03,1.771889503851788727e-01,1.959161365156473766e-01
2.140428085617123486e+02,-1.061270318555316061e+00,-1.801254409823796754e-01,1.125580980076355542e-01,6.541546506337325879e-03,1.902609602905586117e-01,1.628864952140889888e-01
2.141228245649130031e+02,-1.045429226420797830e+00,-1.831979707211840169e-01,1.112363347220192977e-01,6.593465534284876500e-03,2.062466310594444907e-01,2.294277172362414463e-01
2.142028405681136292e+02,-1.028159442497857734e+00,-1.861516116109394048e-01,1.099611567312943211e-01,6.656466549197921287e-03,2.261784045173492741e-01,2.622285664799725580e-01
2.142828565713142837e+02,-1.009087626016147876e+00,-1.889759965899535932e-01,1.087358886211138298e-01,6.732224852426737030e-03,2.516041558237619435e-01,2.460796467435877044e-01
2.143628725745149097e+02,-9.876852425215683073e-01,-1.916577517762185490e-01,1.075651411184524453e-01,6.823021769983311779e-03,2.849307025841969487e-01,2.795044839077590049e-01
2.144428885777155642e+02,-9.631769593910026739e-01,-1.941791455039452718e-01,1.064554962377447928e-01,6.932071651626401862e-03,3.300650358154258446e-01,1.813848475176888519e-01
2.145229045809161903e+02,-9.343758168141182985e-01,-1.965158663942691286e-01,1.054167196285838992e-01,7.064101964842295182e-03,3.936848900398252082e-01,2.038931984655263374e-01
2.146029205841168448e+02,-8.993671808960328473e-01,-1.986331557933505854e-01,1.044640667215669810e-01,7.226459535488866104e-03,4.879445950046416014e-01,6.141035013750889560e-01
2.146829365873174709e+02,-8.548560850783779586e-01,-2.004786046101703356e-01,1.036230741404777778e-01,7.431414583679764145e-03,6.367647428761956663e-01,6.941631122375855334e-01
2.147629525905181254e+02,-7.946808528048576736e-01,-2.019674512127210553e-01,1.029407957668561080e-01,7.701576569623154976e-03,8.921469827888300896e-01,7.442320417810435185e-01
2.148429685937187514e+02,-7.059906482567879227e-01,-2.029487449493013185e-01,1.025167950918252913e-01,8.084866003361423567e-03,1.382745344717220215e+00,1.573665732671692075e+00
2.149229845969194059e+02,-5.577461189060261004e-01,-2.031126099706081212e-01,1.026111067291935464e-01,8.706771057492273397e-03,2.485153626400963489e+00,2.413714051827791973e+00
2.150030006001200320e+02,-2.592494658079159131e-01,-2.016564566205687192e-01,1.041648976480253758e-01,1.002268132723820211e-02,5.527572622675824832e+00,5.578668879130511016e+00
2.150830166033206865e+02,4.821943470950569299e-01,-1.958972214642697718e-01,1.112223259295112288e-01,1.398770582346495726e-02,1.412651344103958984e+01,1.416903653203838864e+01
2.151630326065213126e+02,1.671083090230484292e+00,-1.820480987751690038e-01,1.250671370004943217e-01,2.114355703034022718e-02,9.724126347814399551e+00,9.734981949538831003e+00
2.152430486097219671e+02,1.972470687008722523e+00,-1.632177194898660477e-01,1.395308353437857141e-01,2.840926843402862348e-02,6.677503137792176746e-01,7.285973048401207519e-01
2.153230646129225931e+02,1.984691589314606430e+00,-1.437968965191687987e-01,1.539330320944109487e-01,3.544986558126212578e-02,-5.277050785794656917e-02,-1.901625682066135636e-01
2.154030806161232476e+02,1.978290601479450350e+00,-1.244520555547784513e-01,1.682529083150252069e-01,4.225783830574915412e-02,-9.086098280882901057e-02,-9.447504515982838025e-02
2.154830966193238737e+02,1.970894461335610082e+00,-1.052242997198200719e-01,1.824807954984929148e-01,4.883179790429185291e-02,-9.314938214536362671e-02,-1.185548523770386109e-01
2.155631126225245282e+02,1.963423236797901428e+00,-8.611873824932438082e-02,1.966084511688525882e-01,5.517172394819231523e-02,-9.354500442330711263e-02,-8.478868218509143240e-02
2.156431286257251543e+02,1.955926697331791253e+00,-6.713886121162190856e-02,2.106285657587559368e-01,6.127872503956889594e-02,-9.382627143501645617e-02,-1.212439746391851397e-01
2.157231446289258088e+02,1.948408595566029522e+00,-4.828827301085086149e-02,2.245346572582740119e-01,6.715495175846893094e-02,-9.408528707897925725e-02,-1.582916136212967895e-01
2.158031606321264348e+02,1.940870398142661157e+00,-2.957071931211414234e-02,2.383209945018085474e-01,7.280349657652780693e-02,-9.432919422778700269e-02,-1.674457105644244492e-01
2.158831766353270893e+02,1.933313357222877116e+00,-1.099001650120040065e-02,2.519825290192003187e-01,7.822828090282497870e-02,-9.455622184244384665e-02,-6.088662455484630809e-03
2.159631926385277154e+02,1.925738796179236267e+00,7.450025453007952207e-03,2.655148333690986462e-01,8.343393638311286109e-02,-9.476660700268628446e-02,-1.795667672376744517e-01
2.160432086417283415e+02,1.918148056774965582e+00,2.574568006232793096e-02,2.789140451347967842e-01,8.842568638426889782e-02,-9.496151826653771721e-02,-5.871548784080845435e-02
2.161232246449289960e+02,1.910542366037694784e+00,4.389337734059878954e-02,2.921768159445473634e-01,9.320923202136885410e-02,-9.513937903328893719e-02,-6.015122181896526143e-02
2.162032406481296221e+02,1.902923034830129811e+00,6.188976875783169102e-02,3.053002649924645984e-01,9.779064573168259888e-02,-9.530332508310042361e-02,-1.050932740187074943e-01
2.162832566513302766e+02,1.895291181637177136e+00,7.973178363454570816e-02,3.182819366619087931e-01,1.021762742711372074e-01,-9.545265480060421970e-02,-5.311562922119839047e-02
2.163632726545309026e+02,1.887647887725306228e+00,9.741667312848607818e-02,3.311197618452561553e-01,1.063726520836183048e-01,-9.558864191054217141e-02,-4.137988489137508358e-02
2.164432886577315571e+02,1.879994175988605187e+00,1.149420424113262312e-01,3.438120226609537311e-01,1.103864253397561640e-01,-9.571425250093477943e-02,-1.489297877995696961e-01
2.165233046609321832e+02,1.872330843818610369e+00,1.323058709217390660e-01,3.563573202743668955e-01,1.142242864289450682e-01,-9.582915710172941470e-02,-6.221262055535146940e-02
2.166033206641328377e+02,1.864658637979743849e+00,1.495065200815313966e-01,3.687545455360127233e-01,1.178929183518111351e-01,-9.593562188524480672e-02,9.461969735366397571e-02
2.166833366673334638e+02,1.856978186842566325e+00,1.665427310949339490e-01,3.810028522220548219e-01,1.213989482679895815e-01,-9.603642278487242723e-02,-2.031273484491293579e-01
2.167633526705341183e+02,1.849289898780318575e+00,1.834136138545878481e-01,3.931016326447572262e-01,1.247489093234668833e-01,-9.613176254597115278e-02,-1.263726561064337783e-01
2.168433686737347443e+02,1.841594100859915706e+00,2.001186279566973258e-01,4.050504954133665181e-01,1.279492098407398193e-01,-9.622355612787930612e-02,-1.729165190015387044e-01
2.169233846769353988e+02,1.833891019297505531e+00,2.166575586301597578e-01,4.168492451770202667e-01,1.310061089751662355e-01,-9.631464590141719517e-02,1.021864861570637995e-01
2.170034006801360249e+02,1.826180681290958452e+00,2.330304890932064776e-01,4.284978641716479797e-01,1.339256979709937956e-01,-9.640569739504008251e-02,-2.366844451716925701e-01
2.170834166833366794e+02,1.818463005107341823e+00,2.492377701566446391e-01,4.399964953957269387e-01,1.367138862087238227e-01,-9.649775202947331876e-02,-9.578938784163720799e-02
2.171634326865373055e+02,1.810737830287008521e+00,2.652799890519352277e-01,4.513454272811849854e-01,1.393763913191052861e-01,-9.659286068124592339e-02,-3.678930588272899538e-03
2.172434486897379600e+02,1.803004883873713826e+00,2.811579385923296814e-01,4.625450797257703028e-01,1.419187327108684393e-01,-9.669284031158242865e-02,-1.835127923134257100e-01
2.173234646929385860e+02,1.795263748201424425e+00,2.968725873364649881e-01,4.735959913598505877e-01,1.443462279342992427e-01,-9.679815758355386768e-02,-1.103993852419676847e-01
2.174034806961392405e+02,1.787513929818357994e+00,3.124250510834770678e-01,4.844988079280251325e-01,1.466639913747113666e-01,-9.690970519235786451e-02,-1.681065911722557649e-01
2.174834966993398666e+02,1.779754867274689234e+00,3.278165665715979671e-01,4.952542716935394163e-01,1.488769348455675212e-01,-9.702878824411620418e-02,-2.310717347304501179e-01
2.175635127025405211e+02,1.771985927678044748e+00,3.430484674956567059e-01,5.058632117693032670e-01,1.509897697075835155e-01,-9.715682044955376018e-02,-1.042609678796526801e-01
2.176435287057411472e+02,1.764206383333988937e+00,3.581221629851192856e-01,5.163265352913378736e-01,1.530070101976022667e-01,-9.729452597249180212e-02,-4.797501895348093431e-02
2.177235447089418017e+02,1.756415431664920535e+00,3.730391183638360753e-01,5.266452193529930215e-01,1.549329776975399697e-01,-9.744236153570104420e-02,-1.372839949232785017e-01
2.178035607121424277e+02,1.748612218083784420e+00,3.878008382333683612e-01,5.368203036323322408e-01,1.567718057202525106e-01,-9.760100501054261302e-02,-8.128915124661104108e-02
2.178835767153430822e+02,1.740795836021997278e+00,4.024088518358083233e-01,5.468528836518931069e-01,1.585274454262289856e-01,-9.777123866598277924e-02,-2.954147046488921069e-02
2.179635927185437083e+02,1.732965327191623439e+00,4.168647004680749446e-01,5.567441046114177672e-01,1.602036715154803170e-01,-9.795386473453668308e-02,2.128488959486857235e-02
2.180436087217443628e+02,1.725119682056587500e+00,4.311699267679556247e-01,5.664951557415843775e-01,1.618040883672156593e-01,-9.814964979518517318e-02,-2.216057364169489174e-01
2.181236247249449889e+02,1.717257835678842826e+00,4.453260656994772471e-01,5.761072651319329996e-01,1.633321363234334911e-01,-9.835917556814052776e-02,-3.723375766434856848e-02
2.182036407281456434e+02,1.709378671106845271e+00,4.593346370119781308e-01,5.855816949892268530e-01,1.647910980314560292e-01,-9.858290124958660194e-02,-1.607082092684614938e-01
2.182836567313462695e+02,1.701481027545509672e+00,4.731971389984168663e-01,5.949197372873590295e-01,1.661841047777480596e-01,-9.882135111639878122e-02,-2.872303032920557886e-01
2.183636727345469239e+02,1.693563699731886141e+00,4.869150434278479156e-01,6.041227097752684960e-01,1.675141427597901800e-01,-9.907509210222500973e-02,-1.768732551110837603e-01
2.184436887377475500e+02,1.685625436923565701e+00,5.004897914684194316e-01,6.131919523100798353e-01,1.687840592533810802e-01,-9.934471647810999562e-02,-3.535265297021725206e-02
2.185237047409482045e+02,1.677664941720069081e+00,5.139227904573457906e-01,6.221288234865854916e-01,1.699965686427574174e-01,-9.963083379258830252e-02,-6.900490599639449996e-02
2.186037207441488306e+02,1.669680868649007666e+00,5.272154113894522709e-01,6.309346975366646459e-01,1.711542582888518904e-01,-9.993406926604858631e-02,-2.095924056304419580e-01
2.186837367473494851e+02,1.661671822458624437e+00,5.403689870103366433e-01,6.396109614748217709e-01,1.722595942175889905e-01,-1.002550664197188190e-01,6.016517340902724498e-02
2.187637527505501112e+02,1.653636356067166302e+00,5.533848104133088919e-01,6.481590124679544873e-01,1.733149266154483392e-01,-1.005944922363333216e-01,-6.039921863230210408e-02
2.188437687537507657e+02,1.645572968126790547e+00,5.662641340520421229e-01,6.565802554095908627e-01,1.743224951239145948e-01,-1.009530436012914811e-01,-1.078674946719358485e-01
2.189237847569513917e+02,1.637480100166201602e+00,5.790081690919403057e-01,6.648761006803536322e-01,1.752844339279283070e-01,-1.013314541654972145e-01,-1.555273814684154376e-01
2.190038007601520462e+02,1.629356133281262053e+00,5.916180850337453556e-01,6.730479620781485428e-01,1.762027766363030157e-01,-1.017305011078023513e-01,-6.008167355769598178e-02
2.190838167633526723e+02,1.621199384347182804e+00,6.040950095516932628e-01,6.810972549027655143e-01,1.770794609542911680e-01,-1.021510115612633829e-01,-1.409267501479626872e-01
2.191638327665533268e+02,1.613008101728826027e+00,6.164400284967950228e-01,6.890253941809968419e-01,1.779163331502627288e-01,-1.025938687068433941e-01,1.064321509307347702e-02
2.192438487697539529e+02,1.604780460467880809e+00,6.286541860224709177e-01,6.968337930192917140e-01,1.787151523197956782e-01,-1.030600177356205682e-01,-7.179924291004771697e-02
2.193238647729546074e+02,1.596514556926347250e+00,6.407384847960332364e-01,7.045238610721138439e-01,1.794775944515231147e-01,-1.035504720382662835e-01,-4.218682749574774460e-02
2.194038807761552334e+02,1.588208402865606272e+00,6.526938862643288930e-01,7.120970031148523560e-01,1.802052562998135710e-01,-1.040663201035657570e-01,-1.346454764149457028e-01
2.194838967793558879e+02,1.579859918938437691e+00,6.645213109464499501e-01,7.195546177110559993e-01,1.808996590699046558e-01,-1.046087336975684567e-01,-2.521071607672985548e-01
2.195639127825565140e+02,1.571466927568327288e+00,6.762216387297307341e-01,7.268980959642372675e-01,1.815622519214314390e-01,-1.051789779558720550e-01,-5.258011175672308579e-02
2.196439287857571685e+02,1.563027145185284628e+00,6.877957091484764307e-01,7.341288203452182026e-01,1.821944152964952990e-01,-1.057784240550835309e-01,-2.064967215342677909e-01
2.197239447889577946e+02,1.554538173780721344e+00,6.992443216269657036e-01,7.412481635862805396e-01,1.827974640784614246e-01,-1.064085651384147346e-01,-1.170281751908978929e-01
2.198039607921584491e+02,1.545997491734661722e+00,7.105682356703801883e-01,7.482574876339226355e-01,1.833726505876444313e-01,-1.070710361576285297e-01,-1.084879369306029212e-01
2.198839767953590751e+02,1.537402443857025958e+00,7.217681709884163910e-01,7.551581426521458695e-01,1.839211674198953372e-01,-1.077676382594400240e-01,-1.856751329800367112e-01
2.199639927985597296e+02,1.528750229692861895e+00,7.328448075418331209e-01,7.619514660688285757e-01,1.844441501340284006e-01,-1.085003532331277332e-01,-1.983753264166160379e-02
2.200440088017603557e+02,1.520037883402412637e+00,7.437987855305185914e-01,7.686387816594754119e-01,1.849426797946354395e-01,-1.092712393935185711e-01,-2.517197789863994117e-01
2.201240248049610102e+02,1.511262261375435401e+00,7.546307052345504474e-01,7.752213986563627479e-01,1.854177853734413073e-01,-1.100824953802551076e-01,3.857345390328817403e-02
2.202040408081616363e+02,1.502420030112539218e+00,7.653411267261157613e-01,7.817006108769265493e-01,1.858704460147974358e-01,-1.109365534191456004e-01,-1.698357195772736139e-01
2.202840568113622908e+02,1.493507649914691759e+00,7.759305694584455182e-01,7.880776958647203179e-01,1.863015931703947969e-01,-1.118361309667068038e-01,-1.580559972933737178e-02
2.203640728145629168e+02,1.484521356989063623e+00,7.863995117035250670e-01,7.943539140338597981e-01,1.867121126067908810e-01,-1.127842912452284296e-01,1.605786752791202310e-02
2.204440888177635713e+02,1.475457142329017923e+00,7.967483898294812628e-01,8.005305078088243986e-01,1.871028462894437638e-01,-1.137844918113875559e-01,-1.997201097757991262e-01
2.205241048209641974e+02,1.466310707318345230e+00,8.069775975093010922e-01,8.066087007586166813e-01,1.874745941501293200e-01,-1.148403313022725025e-01,-1.881610892807970559e-01
2.206041208241648519e+02,1.457077437427934496e+00,8.170874846230677946e-01,8.125896967001899895e-01,1.878281157328755557e-01,-1.159556503372571878e-01,-2.232691661070354550e-02
2.206841368273654780e+02,1.447752387822530018e+00,8.270783558467798002e-01,8.184746787598817797e-01,1.881641317197643437e-01,-1.171348575990105445e-01,-9.854864105300004118e-02
2.207641528305661325e+02,1.438330251950298733e+00,8.369504690511403444e-01,8.242648083910937284e-01,1.884833253425296506e-01,-1.183830533256435835e-01,-1.101796113099098862e-01
2.208441688337667586e+02,1.428805307363365529e+00,8.467040335230490156e-01,8.299612243391222277e-01,1.887863436820013674e-01,-1.197059137144587670e-01,-3.018990268724502379e-01
2.209241848369674130e+02,1.419171334757033387e+00,8.563392080127983919e-01,8.355650415426543187e-01,1.890737988568253480e-01,-1.211093391639272987e-01,-2.846634549959063398e-01
2.210042008401680391e+02,1.409421604424035523e+00,8.658560979817019332e-01,8.410773499039129186e-01,1.893462690749552479e-01,-1.226001409520269259e-01,-6.912249355552589625e-02
2.210842168433686936e+02,1.399548827635705761e+00,8.752547525753660018e-01,8.464992129507341589e-01,1.896042995655434771e-01,-1.241863283363009440e-01,1.863713089409416157e-02
2.211642328465693197e+02,1.389545039119620462e+00,8.845351615140826240e-01,8.518316663925202814e-01,1.898484033984887964e-01,-1.258766723846505009e-01,-1.964534327448996254e-01
2.212442488497699742e+02,1.379401502115067180e+00,8.936972512583105654e-01,8.570757164919122761e-01,1.900790621604840913e-01,-1.276807960107831375e-01,-2.137786888590068601e-01
2.213242648529706003e+02,1.369108672304906626e+00,9.027408800369528530e-01,8.622323381783953966e-01,1.902967264585936902e-01,-1.296101561389984003e-01,-1.087897156879290977e-01
2.214042808561712548e+02,1.358656039564691165e+00,9.116658328443587589e-01,8.673024729771894314e-01,1.905018162941295445e-01,-1.316777736706353785e-01,-8.548953194968589298e-02
2.214842968593718808e+02,1.348031946446804907e+00,9.204718156650436578e-01,8.722870266508616632e-01,1.906947212648091861e-01,-1.338980817164187043e-01,-7.793438655376352941e-02
2.215643128625725353e+02,1.337223518494866648e+00,9.291584476571628226e-01,8.771868663625378426e-01,1.908758005107754618e-01,-1.362883612604712247e-01,-1.800863810377456575e-01
2.216443288657731614e+02,1.326216390921596266e+00,9.377252534046071064e-01,8.820028175247316415e-01,1.910453824939121747e-01,-1.388683447565125517e-01,-3.323608944853259084e-01
2.217243448689738159e+02,1.314994470386060987e+00,9.461716532385759937e-01,8.867356600542526390e-01,1.912037644850240470e-01,-1.416608193453836040e-01,3.367225553558422790e-03
2.218043608721744420e+02,1.303539726737263260e+00,9.544969511036479615e-01,8.913861238580736979e-01,1.913512116862993717e-01,-1.446931174482773974e-01,-1.940737222350270852e-01
2.218843768753750965e+02,1.291831710511079478e+00,9.627003221521511778e-01,8.959548837075880234e-01,1.914879560812246251e-01,-1.479967515211649820e-01,-2.305011367749358608e-02
2.219643928785757225e+02,1.279847256208783701e+00,9.707807954489897639e-01,9.004425527792274675e-01,1.916141946768777915e-01,-1.516098570792337452e-01,-3.494934503410107030e-01
2.220444088817763770e+02,1.267559829927359827e+00,9.787372357411064927e-01,9.048496751606220911e-01,1.917300873088872148e-01,-1.555776302432546054e-01,-1.186698311277731288e-01
2.221244248849770031e+02,1.254938938729403208e+00,9.865683194647024701e-01,9.091767164482575936e-01,1.918357536081676529e-01,-1.599550079136161096e-01,-2.096453656328258197e-01
2.222044408881776576e+02,1.241949215983904287e+00,9.942725071243491142e-01,9.134240523695534852e-01,1.919312691355602729e-01,-1.648087247550417134e-01,-2.726735504740858129e-01
2.222844568913782837e+02,1.228549382353201214e+00,1.001848008183593652e+00,9.175919544477851852e-01,1.920166602484348062e-01,-1.702211782344309476e-01,-7.374135013705018782e-02
2.223644728945789382e+02,1.214690769092931166e+00,1.009292738969112202e+00,9.216805721494074621e-01,1.920918974919484101e-01,-1.762946613881807845e-01,-4.796292750507677449e-02
2.224444888977795642e+02,1.200315545359540881e+00,1.016604268147121459e+00,9.256899098283760674e-01,1.921568867685073956e-01,-1.831584097378102793e-01,-2.413964109102129107e-01
2.225245049009802187e+02,1.185354140735271233e+00,1.023779750367569408e+00,9.296197973617651433e-01,1.922114578698710663e-01,-1.909769972656627512e-01,-1.266983230731866250e-01
2.226045209041808448e+02,1.169722002367912017e+00,1.030815837949533131e+00,9.334698510303215402e-01,1.922553488360870533e-01,-1.999639663432195569e-01,-3.067165252054758762e-01
2.226845369073814993e+02,1.153314932358219469e+00,1.037708568602820458e+00,9.372394217571485830e-01,1.922881849722061498e-01,-2.104004225775418790e-01,-2.718207105112110944e-01
2.227645529105821254e+02,1.136002615159654283e+00,1.044453215862726658e+00,9.409275244362972357e-01,1.923094497954697668e-01,-2.226633468875360844e-01,-2.470249634634694991e-01
2.228445689137827799e+02,1.117619365395769560e+00,1.051044086479996587e+00,9.445327393348824652e-01,1.923184440104472315e-01,-2.372690932192278446e-01,-2.717700290147548881e-01
2.229245849169834059e+02,1.097950449720049626e+00,1.057474242478099180e+00,9.480530715981824175e-01,1.923142264840783378e-01,-2.549415924217895979e-01,-1.915140588510837460e-01
2.230046009201840604e+02,1.076711398748331883e+00,1.063735108573789834e+00,9.514857447311854122e-01,1.922955267048389594e-01,-2.767234551558583888e-01,-3.965561995189011424e-01
2.230846169233846865e+02,1.053515655910796545e+00,1.069815902287523768e+00,9.548268866681187683e-01,1.922606106650706081e-01,-3.041635795123537322e-01,-2.080057660268743169e-01
2.231646329265853410e+02,1.027822176682252842e+00,1.075702778651877578e+00,9.580710335003544964e-01,1.922070671938142516e-01,-3.396479450707173831e-01,-2.436640894442264615e-01
2.232446489297859671e+02,9.988465017895384879e-01,1.081377499583097146e+00,9.612103072229842837e-01,1.921314516957287055e-01,-3.870119018466844363e-01,-4.086245799619530605e-01
2.233246649329866216e+02,9.654022989249717579e-01,1.086815263811371501e+00,9.642329736109886973e-01,1.920286572861818197e-01,-4.527431864457504007e-01,-5.703043374747260863e-01
2.234046809361872477e+02,9.256006951680970651e-01,1.091980967473282771e+00,9.671207272449126036e-01,1.918907242310231853e-01,-5.485171810942879311e-01,-7.845620865864197935e-01
2.234846969393878737e+02,8.762362629856000895e-01,1.096822308508038191e+00,9.698431117931106682e-01,1.917043810625235212e-01,-6.970174864918493585e-01,-7.032739676970772846e-01
2.235647129425885282e+02,8.114077581970124964e-01,1.101255880731016878e+00,9.723446136305459175e-01,1.914453352625401228e-01,-9.467949279531678863e-01,-1.017876079967436675e+00
2.236447289457891543e+02,7.190375935908374094e-01,1.105135656209945472e+00,9.745097540868312702e-01,1.910628056323340485e-01,-1.415557765983407768e+00,-1.405391399880973946e+00
2.237247449489898088e+02,5.706689195165352002e-01,1.108168441481372835e+00,9.760450986619080282e-01,1.904274142554952809e-01,-2.438221814009697397e+00,-2.542951333408403514e+00
2.238047609521904349e+02,2.859780559927370125e-01,1.109619991952085938e+00,9.759375616473837667e-01,1.890966145238566765e-01,-5.151323312722722925e+00,-5.151058769604174969e+00
2.238847769553910894e+02,-3.877002268280080322e-01,1.107101275393982398e+00,9.699269915655500673e-01,1.853185542726660806e-01,-1.275586268296210690e+01,-1.276196857415867214e+01
2.239647929585917154e+02,-1.552127061266006081e+00,1.096878563997938372e+00,9.556876646334040437e-01,1.784377740511963462e-01,-1.109286431878032531e+01,-1.109174838330515911e+01
2.240448089617923699e+02,-1.930191919687890945e+00,1.081285590355304693e+00,9.405636602872806673e-01,1.714490065293468035e-01,-1.008781620521048694e+00,-9.804538612985196355e-01
2.241248249649929960e+02,-1.953444811458666885e+00,1.064888606430562490e+00,9.256597495431216904e-01,1.647633888039767569e-01,5.350890578334488445e-03,3.429530222068637169e-02
2.242048409681936505e+02,-1.949668830249687623e+00,1.048556784129946129e+00,9.109919596694528998e-01,1.583762635432240662e-01,6.416545963458253343e-02,1.603567358090918216e-01
2.242848569713942766e+02,-1.944339996459932829e+00,1.032347043090193539e+00,8.965573817396416123e-01,1.522756801204838140e-01,6.761952936828741212e-02,-1.000507441959259947e-02
2.243648729745949311e+02,-1.938913888476928360e+00,1.016262268614044562e+00,8.823523681963035825e-01,1.464494117726994893e-01,6.792470256229421466e-02,1.393277353229822602e-01
2.244448889777955571e+02,-1.933473854282587112e+00,1.000302278504751508e+00,8.683732856971476677e-01,1.408853368936454353e-01,6.804370581865448742e-02,8.399313479870521015e-02
2.245249049809962116e+02,-1.928025002068981975e+00,9.844667197703671491e-01,8.546165562703803564e-01,1.355715339309460088e-01,6.814871854489840119e-02,2.681432850376849752e-02
2.246049209841968377e+02,-1.922567882748953405e+00,9.687552347282830656e-01,8.410786588334544511e-01,1.304963476074007533e-01,6.825060872319571592e-02,-3.033313027994803679e-02
2.246849369873974922e+02,-1.917102748446200655e+00,9.531674706845107981e-01,8.277561284274048692e-01,1.256484416636205192e-01,6.834982720848870041e-02,2.129055463130313519e-01
2.247649529905981183e+02,-1.911629821410077534e+00,9.377030805534324331e-01,8.146455553312255127e-01,1.210168399745637779e-01,6.844591281053302723e-02,9.227471936885306425e-02
2.248449689937987728e+02,-1.906149330327624902e+00,9.223617229422276242e-01,8.017435841829596566e-01,1.165909572463813271e-01,6.853877424421866982e-02,1.755097017199368226e-02
2.249249849969993988e+02,-1.900661506975989568e+00,9.071430621348057777e-01,7.890469131139683512e-01,1.123606205156824495e-01,6.862858921524855882e-02,7.600807880246809867e-02
2.250050010002000533e+02,-1.895166582617757944e+00,8.920467680636250396e-01,7.765522928974013528e-01,1.083160826754617223e-01,6.871569274916333736e-02,6.939127105981376942e-02
2.250850170034006794e+02,-1.889664784185194124e+00,8.770725162670811592e-01,7.642565261107829855e-01,1.044480292094754903e-01,6.880045796315154005e-02,1.725522750973410013e-02
2.251650330066013339e+02,-1.884156320013515185e+00,8.622199878043153021e-01,7.521564663118801564e-01,1.007475792432120792e-01,6.888283965208047421e-02,-6.738676422435108115e-02
2.252450490098019600e+02,-1.878641387776187388e+00,8.474888692053772488e-01,7.402490172291376069e-01,9.720628192711626425e-02,6.896264855366512903e-02,8.435535387326142942e-02
2.253250650130026145e+02,-1.873120183801954219e+00,8.328788524051328190e-01,7.285311319655007889e-01,9.381610906265180905e-02,6.903985333029938332e-02,5.317473290812682607e-02
2.254050810162032406e+02,-1.867592901450710885e+00,8.183896346274340816e-01,7.169998122149614517e-01,9.056944477438638730e-02,6.911451999397494328e-02,4.148130246547875738e-02
2.254850970194038950e+02,-1.862059729956833332e+00,8.040209182450999137e-01,7.056521074919200887e-01,8.745907292541454936e-02,6.918676677066248892e-02,1.668995821231787913e-01
2.255651130226045211e+02,-1.856520853650966973e+00,7.897724106136729816e-01,6.944851143732617693e-01,8.447816287259327095e-02,6.925673137482546426e-02,-6.028355199158572097e-02
2.256451290258051756e+02,-1.850976451498669517e+00,7.756438238766961701e-01,6.834959757527812041e-01,8.162025406483248979e-02,6.932454861010434177e-02,-2.475403944200144091e-02
2.257251450290058017e+02,-1.845426696898704755e+00,7.616348747406492814e-01,6.726818801078626731e-01,7.887923990345105385e-02,6.939033639167951906e-02,8.560383321141437629e-02
2.258051610322064562e+02,-1.839871757571504673e+00,7.477452842171278258e-01,6.620400607780581037e-01,7.624935120859992199e-02,6.945418494619520766e-02,1.522215172902584013e-01
2.258851770354070823e+02,-1.834311794116734839e+00,7.339747773268545661e-01,6.515677952553963204e-01,7.372513957019194430e-02,6.951610674846148141e-02,1.303300069060787381e-01
2.259651930386077368e+02,-1.828746962337975068e+00,7.203230827772009182e-01,6.412624044863636241e-01,7.130146080530441743e-02,6.957610122565460742e-02,1.418621705070197692e-01
2.260452090418083628e+02,-1.823177414775032590e+00,7.067899326000556259e-01,6.311212521852481716e-01,6.897345869532568730e-02,6.963419332105813542e-02,-1.474932369087323669e-01
2.261252250450090173e+02,-1.817603300527274479e+00,6.933750617456637677e-01,6.211417441584702326e-01,6.673654913554125101e-02,6.969042080737369860e-02,1.191452612992689453e-01
2.262052410482096434e+02,-1.812024765240134672e+00,6.800782076361751027e-01,6.113213276399200868e-01,6.458640479581591320e-02,6.974482770471246429e-02,1.113702796540286116e-01
2.262852570514102979e+02,-1.806441951135328017e+00,6.668991096772365346e-01,6.016574906369942521e-01,6.251894036277902411e-02,6.979746016073790083e-02,1.377498486762332996e-01
2.263652730546109240e+02,-1.800854997061601903e+00,6.538375087266929953e-01,5.921477612872628749e-01,6.053029841094792474e-02,6.984836410592887290e-02,2.298495847507589507e-03
2.264452890578115785e+02,-1.795264038546630303e+00,6.408931465193670185e-01,5.827897072254775157e-01,5.861683593153535488e-02,6.989758413451785390e-02,1.207499368262273942e-01
2.265253050610122045e+02,-1.789669207834635678e+00,6.280657650474343878e-01,5.735809349608593788e-01,5.677511153282700784e-02,6.994516319224208800e-02,1.695292971770286927e-01
2.266053210642128590e+02,-1.784070633898011016e+00,6.153551058958918185e-01,5.645190892643905389e-01,5.500187331420255260e-02,6.999114277406459639e-02,2.292076907940859831e-01
2.266853370674134851e+02,-1.778468442415089168e+00,6.027609095332291389e-01,5.556018525660544327e-01,5.329404740677353564e-02,7.003556344873235195e-02,9.564926712540770815e-02
2.267653530706141396e+02,-1.772862755709802896e+00,5.902829145574730596e-01,5.468269443617637116e-01,5.164872716659470869e-02,7.007846563302638776e-02,-6.073192447869199539e-02
2.268453690738147657e+02,-1.767253692652750896e+00,5.779208568984594008e-01,5.381921206299260518e-01,5.006316300125653040e-02,7.011989063431811608e-02,7.618874749332892049e-02
2.269253850770154202e+02,-1.761641368526651874e+00,5.656744689773309798e-01,5.296951732573991212e-01,4.853475280689022869e-02,7.015988206762191481e-02,1.345385075596826630e-01
2.270054010802160462e+02,-1.756025894862820680e+00,5.535434788250188642e-01,5.213339294747939556e-01,4.706103299009292001e-02,7.019848783125087754e-02,1.216320851375500417e-01
2.270854170834167007e+02,-1.750407379258626328e+00,5.415276091616897380e-01,5.131062513008882719e-01,4.563967004762305851e-02,7.023576289370142556e-02,2.601572108063970878e-01
2.271654330866173268e+02,-1.744785925189353382e+00,5.296265764399661347e-01,5.050100349961161861e-01,4.426845267587761756e-02,7.027177320278188422e-02,5.119992822943515709e-02
2.272454490898179813e+02,-1.739161631831035226e+00,5.178400898550293840e-01,4.970432105249112387e-01,4.294528438183849856e-02,7.030660107724961971e-02,-2.951070771748449950e-02
2.273254650930186074e+02,-1.733534593977681171e+00,5.061678503257827089e-01,4.892037410268776365e-01,4.166817656737822201e-02,7.034035409231587099e-02,8.279382889469506790e-03
2.274054810962192619e+02,-1.727904900445232261e+00,4.946095494461597575e-01,4.814896222964350492e-01,4.043524205922446185e-02,7.037313686862195494e-02,1.360992183076418227e-01
2.274854970994198879e+02,-1.722272631490726180e+00,4.831648684132107130e-01,4.738988822709386262e-01,3.924468905770030214e-02,7.040500142775144021e-02,-7.947039226810392876e-03
2.275655131026205424e+02,-1.716637859866903204e+00,4.718334769522449790e-01,4.664295805274830120e-01,3.809481547856884837e-02,7.043599133682160174e-02,-3.166606468668024810e-02
2.276455291058211685e+02,-1.711000650593030636e+00,4.606150322300384126e-01,4.590798077879604255e-01,3.698400366291972052e-02,7.046615343387768737e-02,-1.129724664619033425e-02
2.277255451090218230e+02,-1.705361060719686517e+00,4.495091777668389077e-01,4.518476854322866498e-01,3.591071543145027412e-02,7.049555004816701609e-02,1.908290996207923917e-01
2.278055611122224491e+02,-1.699719139267958923e+00,4.385155423553748211e-01,4.447313650197998736e-01,3.487348746067896882e-02,7.052427590765603105e-02,9.493288130817659209e-02
2.278855771154231036e+02,-1.694074927383368179e+00,4.276337389949442236e-01,4.377290278186611872e-01,3.387092695981611112e-02,7.055248026081734070e-02,3.824259880439450504e-02
2.279655931186237297e+02,-1.688428458746350502e+00,4.168633638494354532e-01,4.308388843432577886e-01,3.290170762825913447e-02,7.058039469313784342e-02,1.554515688755834790e-01
2.280456091218243841e+02,-1.682779759466115799e+00,4.062039952354042360e-01,4.240591738993578774e-01,3.196456587482755796e-02,7.060834819337530321e-02,1.394739824733300382e-01
2.281256251250250102e+02,-1.677128834212385344e+00,3.956551926026594668e-01,4.173881641354746375e-01,3.105829728033992695e-02,7.063646710516943705e-02,-2.467875600103383582e-02
2.282056411282256647e+02,-1.671475666749331346e+00,3.852164956139935703e-01,4.108241506033121215e-01,3.018175328831104731e-02,7.066472079433616660e-02,1.537872231238363030e-01
2.282856571314262908e+02,-1.665820229512788186e+00,3.748874233178619564e-01,4.043654563269335478e-01,2.933383810824330765e-02,7.069316836082542577e-02,9.579456575660554030e-02
2.283656731346269453e+02,-1.660162485255155529e+00,3.646674733646545485e-01,3.980104313786241854e-01,2.851350581605948190e-02,7.072201486319207309e-02,-1.319473797138348004e-01
2.284456891378275714e+02,-1.654502389083626568e+00,3.545561213049239768e-01,3.917574524623437804e-01,2.771975763865497724e-02,7.075167287474634636e-02,-4.537594819364629273e-02
2.285257051410282259e+02,-1.648839882850042571e+00,3.445528199487669641e-01,3.856049225035586558e-01,2.695163940954654544e-02,7.078265423442614557e-02,9.767563594697191431e-02
2.286057211442288519e+02,-1.643174864075406916e+00,3.346569987264091384e-01,3.795512702428340823e-01,2.620823918261519503e-02,7.081492249545878748e-02,1.199914791425296945e-01
2.286857371474295064e+02,-1.637507210240559008e+00,3.248680633593095113e-01,3.735949498437003968e-01,2.548868499812473321e-02,7.084846253183341158e-02,4.365809506601801837e-02
2.287657531506301325e+02,-1.631836791633512806e+00,3.151853956086052011e-01,3.677344405066684807e-01,2.479214278704660115e-02,7.088357393115404803e-02,-2.654013376370316368e-02
2.288457691538307870e+02,-1.626163474735367931e+00,3.056083531128879205e-01,3.619682460893077769e-01,2.411781440426992440e-02,7.092094841301618824e-02,9.669012536108864686e-02
2.289257851570314131e+02,-1.620487086377166319e+00,2.961362692004200214e-01,3.562948947275020317e-01,2.346493577974452516e-02,7.096093658197702436e-02,-1.085578298053251622e-01
2.290058011602320676e+02,-1.614807402596072361e+00,2.867684529248181735e-01,3.507129384666869409e-01,2.283277518354003693e-02,7.100336404799942325e-02,1.273230288855234926e-01
2.290858171634326936e+02,-1.609124195316394612e+00,2.775041894697580225e-01,3.452209529092027940e-01,2.222063160031067033e-02,7.104851972764697488e-02,5.750555913473925224e-02
2.291658331666333481e+02,-1.603437238410276633e+00,2.683427405429975598e-01,3.398175368631357052e-01,2.162783319913584579e-02,7.109727236342747170e-02,6.981779301985262254e-02
2.292458491698339742e+02,-1.597746248245113687e+00,2.592833446434263389e-01,3.345013119869276186e-01,2.105373588964077822e-02,7.114989464625312565e-02,8.239663182914330752e-03
2.293258651730346287e+02,-1.592050889160968374e+00,2.503252177265051781e-01,3.292709224506082388e-01,2.049772196825668663e-02,7.120622395341766331e-02,1.546737132789136604e-01
2.294058811762352548e+02,-1.586350835616266552e+00,2.414675542548133380e-01,3.241250346144984862e-01,1.995919884947108813e-02,7.126689622750648212e-02,-1.574144192951955346e-01
2.294858971794359093e+02,-1.580645745143786973e+00,2.327095280252506060e-01,3.190623366998770472e-01,1.943759786465674294e-02,7.133280799732390209e-02,-1.278873488313857221e-02
2.295659131826365353e+02,-1.574935181586679001e+00,2.240502929070505300e-01,3.140815384557892331e-01,1.893237312568369149e-02,7.140368672376717907e-02,1.302532993547634577e-01
2.296459291858371898e+02,-1.569218711606528149e+00,2.154889844500153806e-01,3.091813708648450398e-01,1.844300046943660176e-02,7.147995696956434275e-02,3.692667548726671911e-03
2.297259451890378159e+02,-1.563495905569457722e+00,2.070247212242665724e-01,3.043605858395237451e-01,1.796897645567540128e-02,7.156273235081889172e-02,2.178211544890371054e-01
2.298059611922384704e+02,-1.557766225663604676e+00,1.986566057663533003e-01,2.996179559009453652e-01,1.750981741062355296e-02,7.165177873632716521e-02,1.155286817497871293e-01
2.298859771954390965e+02,-1.552029134343321237e+00,1.903837266047853916e-01,2.949522739088401013e-01,1.706505854577852060e-02,7.174753735955489986e-02,-1.734554244439551196e-03
2.299659931986397510e+02,-1.546284096773683281e+00,1.822051599329569949e-01,2.903623527785511027e-01,1.663425311759271844e-02,7.185114206824452787e-02,1.835444969666095438e-01
2.300460092018403770e+02,-1.540530458391058843e+00,1.741199707824059584e-01,2.858470251753211788e-01,1.621697162027511269e-02,7.196227314690134547e-02,6.525566103319126177e-02
2.301260252050410315e+02,-1.534767590284388916e+00,1.661272155053760413e-01,2.814051432752849857e-01,1.581280105209812922e-02,7.208174590177772456e-02,1.321704465061488420e-01
2.302060412082416576e+02,-1.528994822532834252e+00,1.582259433561707673e-01,2.770355784867034044e-01,1.542134420084867626e-02,7.221033090166299739e-02,1.406556773129145899e-02
2.302860572114423121e+02,-1.523211386904084863e+00,1.504151981433390628e-01,2.727372211770650035e-01,1.504221896819402278e-02,7.234781915335108948e-02,1.592860072718269016e-02
2.303660732146429382e+02,-1.517416565322350364e+00,1.426940209262813342e-01,2.685089804598504437e-01,1.467505775663889567e-02,7.249553638859380922e-02,1.457162179654520329e-01
2.304460892178435927e+02,-1.511609513813580108e+00,1.350614511669515072e-01,2.643497839056685450e-01,1.431950685117830586e-02,7.265341062035780839e-02,8.581695932125570081e-02
2.305261052210442188e+02,-1.505789392196385412e+00,1.275165293865470062e-01,2.602585773387376400e-01,1.397522587200341650e-02,7.282215067782281392e-02,1.457914938593596332e-03
2.306061212242448732e+02,-1.499955322499951338e+00,1.200582990011323931e-01,2.562343245972606431e-01,1.364188723709868108e-02,7.300255799164728776e-02,-1.038330423666113111e-02
2.306861372274454993e+02,-1.494106329939729916e+00,1.126858080375916088e-01,2.522760072928922903e-01,1.331917565027057951e-02,7.319462386388159159e-02,1.409799390035920141e-01
2.307661532306461538e+02,-1.488241479963198000e+00,1.053981118597881877e-01,2.483826246368320556e-01,1.300678764582248632e-02,7.339970103457503503e-02,2.510559675213586694e-01
2.308461692338467799e+02,-1.482359687085275546e+00,9.819427415249548652e-02,2.445531931739887976e-01,1.270443111091362071e-02,7.361755151799441454e-02,-5.316630846402034538e-03
2.309261852370474060e+02,-1.476459923870552915e+00,9.107336998329589040e-02,2.407867466486819652e-01,1.241182489349409307e-02,7.384958527697545183e-02,1.450090428639646267e-01
2.310062012402480605e+02,-1.470541013230251437e+00,8.403448659941294141e-02,2.370823357460410952e-01,1.212869836914178510e-02,7.409573259279170210e-02,-2.089810160836364783e-01
2.310862172434486865e+02,-1.464601814239236743e+00,7.707672630192746732e-02,2.334390279701735460e-01,1.185479109359474127e-02,7.435725657594041693e-02,-5.839554734746860154e-02
2.311662332466493410e+02,-1.458641055976554801e+00,7.019920733856732653e-02,2.298559074122990820e-01,1.158985241862198028e-02,7.463433208147428333e-02,1.457399737850889609e-01
2.312462492498499671e+02,-1.452657477998940738e+00,6.340106643988928370e-02,2.263320746343809309e-01,1.133364118099735966e-02,7.492812345047515643e-02,2.362659236244662453e-01
2.313262652530506216e+02,-1.446649700438161545e+00,5.668145976842685341e-02,2.228666464646401890e-01,1.108592536333783372e-02,7.523896509112736053e-02,8.591416831926232400e-02
2.314062812562512477e+02,-1.440616341361099506e+00,5.003956521957557413e-02,2.194587558950612804e-01,1.084648181950037364e-02,7.556805532218180410e-02,1.340189752238168386e-01
2.314862972594519022e+02,-1.434555892315025449e+00,4.347458324576283090e-02,2.161075518951527663e-01,1.061509597203366684e-02,7.591578295787762554e-02,1.061673872788396200e-01
2.315663132626525282e+02,-1.428466845285273346e+00,3.698573910745006632e-02,2.128121993380112931e-01,1.039156157757569615e-02,7.628350487424882809e-02,1.805944023529942877e-01
2.316463292658531827e+02,-1.422347543200984443e+00,3.057228338606602161e-02,2.095718788214387396e-01,1.017568045212183594e-02,7.667160584547524915e-02,-2.562346089443680308e-02
2.317263452690538088e+02,-1.416196339409710570e+00,2.423349433772240338e-02,2.063857866362803772e-01,9.967262279965093813e-03,7.708165787226663179e-02,1.446894629966460344e-01
2.318063612722544633e+02,-1.410011412739638370e+00,1.796867802695124514e-02,2.032531345911507692e-01,9.766124361865894180e-03,7.751409841848209969e-02,3.947158871558394122e-02
2.318863772754550894e+02,-1.403790949521787734e+00,1.177717074719385887e-02,2.001731500239371242e-01,9.572091465106279465e-03,7.797062461814899259e-02,4.935060799740034754e-02
2.319663932786557439e+02,-1.397532957556760991e+00,5.658339003391504168e-03,1.971450756484424971e-01,9.384995600866516408e-03,7.845194657511615766e-02,8.287096910373555059e-02
2.320464092818563699e+02,-1.391235412803247584e+00,-3.884183528724148484e-04,1.941681695852998102e-01,9.204675901044429009e-03,7.895969357357905671e-02,6.358107202506538269e-02
2.321264252850570244e+02,-1.384896141417979898e+00,-6.363669796367281764e-03,1.912417052721202271e-01,9.030978442967642003e-03,7.949508034248239929e-02,8.566389760061840497e-03
2.322064412882576505e+02,-1.378512871319562683e+00,-1.226794967247187527e-02,1.883649714841182377e-01,8.863756135873283523e-03,8.005964557933388515e-02,5.977527365142643739e-02
2.322864572914583050e+02,-1.372083211471319064e+00,-1.810175725229021954e-02,1.855372723360048381e-01,8.702868604717906714e-03,8.065512371810990011e-02,-7.816138875157141452e-03
2.323664732946589311e+02,-1.365604600899681831e+00,-2.386555601800085732e-02,1.827579272868113114e-01,8.548182081341922436e-03,8.128301823111315494e-02,2.325612047713493391e-01
2.324464892978595856e+02,-1.359074391529401682e+00,-2.955977194648890666e-02,1.800262712560146694e-01,8.399569356480163923e-03,8.194566519888939193e-02,1.560755108442448691e-01
2.325265053010602117e+02,-1.352489703622728801e+00,-3.518479347123121270e-02,1.773416546185389575e-01,8.256909676460809019e-03,8.264482599482704528e-02,4.684709285768664383e-02
2.326065213042608661e+02,-1.345847524063489065e+00,-4.074096956268553199e-02,1.747034433940884424e-01,8.120088741003160873e-03,8.338294403022021573e-02,2.455318368024331233e-01
2.326865373074614922e+02,-1.339144649999740810e+00,-4.622860891841225339e-02,1.721110193681107958e-01,7.988998670986827491e-03,8.416273527978726521e-02,2.162653251199958826e-01
2.327665533106621467e+02,-1.332377618040910816e+00,-5.164797922459301444e-02,1.695637802346326717e-01,7.863537990436691300e-03,8.498671816016849234e-02,1.382867782080171581e-01
2.328465693138627728e+02,-1.325542775780333304e+00,-5.699930513483731503e-02,1.670611398972302319e-01,7.743611690244635824e-03,8.585819071746528253e-02,3.819408036322088917e-02
2.329265853170634273e+02,-1.318636198457618258e+00,-6.228276738712397453e-02,1.646025286991146253e-01,7.629131258922789392e-03,8.678068278015448056e-02,1.174163699156795804e-01
2.330066013202640534e+02,-1.311653637131230621e+00,-6.749850153028021105e-02,1.621873937297777513e-01,7.520014753228685365e-03,8.775781085169882811e-02,1.494576472233805076e-01
2.330866173234647079e+02,-1.304590553342132253e+00,-7.264659566920436684e-02,1.598151992794829557e-01,7.416186943830794728e-03,8.879396789795400424e-02,2.312741716582345508e-01
2.331666333266653339e+02,-1.297442049865197289e+00,-7.772708887939284994e-02,1.574854272777315989e-01,7.317579453505926659e-03,8.989408374850664518e-02,7.730577999711971127e-02
2.332466493298659884e+02,-1.290202786886488040e+00,-8.273996951214232509e-02,1.551975777968880033e-01,7.224130927612253117e-03,9.106336854151196591e-02,4.033097969452720949e-02
2.333266653330666145e+02,-1.282866985123142456e+00,-8.768517232006696471e-02,1.529511697500587353e-01,7.135787300761916446e-03,9.230788271564621672e-02,3.240258304334108219e-01
2.334066813362672690e+02,-1.275428366407584502e+00,-9.256257574058768256e-02,1.507457416490339264e-01,7.052502091754259128e-03,9.363462369188849110e-02,2.359603464525746042e-01
2.334866973394678951e+02,-1.267880050164827743e+00,-9.737199915241509518e-02,1.485808524483029636e-01,6.974236738648135689e-03,9.505137568823207594e-02,1.311953822760276167e-01
2.335667133426685496e+02,-1.260214477579599812e+00,-1.021131992823870460e-01,1.464560825838152613e-01,6.900961027365269500e-03,9.656692649446604881e-02,1.091573724758393427e-02
2.336467293458691756e+02,-1.252423341829135506e+00,-1.067858658066314359e-01,1.443710352251166007e-01,6.832653621941673673e-03,9.819145560776582071e-02,1.515926536382599388e-01
2.337267453490698301e+02,-1.244497471008956690e+00,-1.113896165996122456e-01,1.423253377061491354e-01,6.769302677484908930e-03,9.993672472185954891e-02,2.156782470421925446e-01
2.338067613522704562e+02,-1.236426682884947281e+00,-1.159239922796490713e-01,1.403186432015962326e-01,6.710906567468228646e-03,1.018162851347124281e-01,1.816746636126835845e-01
2.338867773554711107e+02,-1.228199615834707048e+00,-1.203884498006395076e-01,1.383506327115184009e-01,6.657474754679840352e-03,1.038457888895751718e-01,1.905444753192571117e-01
2.339667933586717368e+02,-1.219803553499866799e+00,-1.247823545568505221e-01,1.364210174691327382e-01,6.609028860955335968e-03,1.060435638464652802e-01,1.155882499006951197e-01
2.340468093618723913e+02,-1.211224191159349095e+00,-1.291049712919171144e-01,1.345295417853581144e-01,6.565603939192785760e-03,1.084311796870119499e-01,2.261096827119014607e-01
2.341268253650730173e+02,-1.202445348116551349e+00,-1.333554533401535291e-01,1.326759864575130232e-01,6.527250007572682998e-03,1.110341554846634715e-01,5.663717306397186152e-02
2.342068413682736718e+02,-1.193448614973480204e+00,-1.375328297695571911e-01,1.308601728864458302e-01,6.494033913385621228e-03,1.138828789110452044e-01,7.561493518824224935e-02
2.342868573714742979e+02,-1.184212916675284166e+00,-1.416359899281583734e-01,1.290819680826422178e-01,6.466041610720660304e-03,1.170138033772839814e-01,7.276436602905109186e-02
2.343668733746749524e+02,-1.174713965330322907e+00,-1.456636647565244247e-01,1.273412907975074171e-01,6.443380962433568025e-03,1.204710157086633093e-01,6.183695545650703257e-02
2.344468893778755785e+02,-1.164923571790194012e+00,-1.496144039620969091e-01,1.256381191052720336e-01,6.426185219351012237e-03,1.243083265602896309e-01,3.221636250010702085e-01
2.345269053810762330e+02,-1.154808762857532756e+00,-1.534865480032273910e-01,1.239724998541836543e-01,6.414617372940801567e-03,1.285920505848546502e-01,-3.383648914546377728e-02
2.346069213842768590e+02,-1.144330637787883020e+00,-1.572781933925066211e-01,1.223445605679104875e-01,6.408875654688943324e-03,1.334047684964964620e-01,1.618006131824769878e-01
2.346869373874775135e+02,-1.133442870709544303e+00,-1.609871492517720160e-01,1.207545246133701761e-01,6.409200567111564620e-03,1.388505049798212376e-01,4.634868676413893274e-02
2.347669533906781396e+02,-1.122089722012366009e+00,-1.646108823003036570e-01,1.192027307821297011e-01,6.415883988205970875e-03,1.450619672368018975e-01,2.693697983450693556e-02
2.348469693938787941e+02,-1.110203357211100084e+00,-1.681464462942386939e-01,1.176896589439992424e-01,6.429281134497660637e-03,1.522108393357854417e-01,1.669617721208854488e-01
2.349269853970794202e+02,-1.097700169948175208e+00,-1.715903903019398991e-01,1.162159641904394192e-01,6.449826529351050490e-03,1.605227023201968861e-01,1.029169869914386970e-02
2.350070014002800747e+02,-1.084475631025743958e+00,-1.749386379240003286e-01,1.147825230516974354e-01,6.478055673329031344e-03,1.702990988750562040e-01,1.659499089668959315e-01
2.350870174034807008e+02,-1.070396974911304477e+00,-1.781863249403943805e-01,1.133904973727105359e-01,6.514635069096152802e-03,1.819510899334058351e-01,4.135496558342188766e-01
2.351670334066813552e+02,-1.055292545502225066e+00,-1.813275756798875260e-01,1.120414249960865610e-01,6.560405005701149678e-03,1.960514860623711053e-01,1.895125214682764903e-01
2.352470494098819813e+02,-1.038935687137493069e+00,-1.843551913022822286e-01,1.107373515388217350e-01,6.616441842760894740e-03,2.134184311228120301e-01,2.631329590698214260e-01
2.353270654130826358e+02,-1.021020110647302692e+00,-1.872602015059801617e-01,1.094810273487738239e-01,6.684151361900506245e-03,2.352546795460142559e-01,1.554886528010276936e-01
2.354070814162832619e+02,-1.001120374914456157e+00,-1.900311991571486114e-01,1.082762144561576351e-01,6.765414664133841648e-03,2.633878101424711460e-01,3.154185138185495729e-01
2.354870974194839164e+02,-9.786262814579789193e-01,-1.926533213298224356e-01,1.071281836835733525e-01,6.862825048017812297e-03,3.007047574236362264e-01,1.572111695539052667e-01
2.355671134226845425e+02,-9.526285840892521062e-01,-1.951066204572648177e-01,1.060445632377520347e-01,6.980093417845650156e-03,3.519809317662967452e-01,3.749483605791797403e-01
2.356471294258851970e+02,-9.217089607889722425e-01,-1.973633335145340839e-01,1.050368771304375504e-01,7.122785113642835994e-03,4.255664028902327867e-01,4.168483440203560320e-01
2.357271454290858230e+02,-8.835255662531248388e-01,-1.993830067969521447e-01,1.041235694818271607e-01,7.299772041052715425e-03,5.370928839175861391e-01,7.557494968661906398e-01
2.358071614322864775e+02,-8.339266511456320252e-01,-2.011031118058942135e-01,1.033365639014086484e-01,7.526389779802458366e-03,7.184389135522422087e-01,7.131420838332422907e-01
2.358871774354871036e+02,-7.648435434118402432e-01,-2.024190895316545225e-01,1.027375267476573761e-01,7.832283499192639262e-03,1.042163381263076616e+00,1.009232711306593533e+00
2.359671934386877581e+02,-6.585571435391578410e-01,-2.031355959386114129e-01,1.024664800520221075e-01,8.284910779502614731e-03,1.698910636577491307e+00,1.646199718988904381e+00
2.360472094418883842e+02,-4.692005339743150483e-01,-2.028201800354109130e-01,1.029320034165570469e-01,9.081662211078414190e-03,3.289929838832889697e+00,3.173606269524663404e+00
2.361272254450890387e+02,-5.258349895125104950e-02,-2.002046229290698753e-01,1.058394044451283766e-01,1.104812299507356918e-02,8.005793096741999904e+00,8.084547221482411672e+00
2.362072414482896647e+02,9.706283713641715716e-01,-1.915354590853384775e-01,1.162862386938093295e-01,1.663464223797240377e-02,1.679156674951883943e+01,1.693772995839633211e+01
2.362872574514903192e+02,1.877051055916910016e+00,-1.749833933095178706e-01,1.306660706731151422e-01,2.397934900223927177e-02,4.069323190015946778e+00,4.034598032357367359e+00
2.363672734546909453e+02,1.983697498256455471e+00,-1.557053352367009924e-01,1.451113029169737723e-01,3.116031422975070950e-02,1.518755074513267189e-01,2.244794585966319866e-01
2.364472894578915998e+02,1.982557618078721218e+00,-1.363001890671944327e-01,1.594829723664321630e-01,3.811121137837460149e-02,-8.003966689152514080e-02,-1.132413977675035405e-01
2.365273054610922259e+02,1.975450164742903691e+00,-1.169995946516910607e-01,1.737683077077219196e-01,4.482873545746233340e-02,-9.240208713636698101e-02,-5.054735180634185865e-02
2.366073214642928804e+02,1.968007963964620632e+00,-9.781868744252435188e-02,1.879583439235937015e-01,5.131209848802088802e-02,-9.333946818424181113e-02,-4.590437722751843086e-02
2.366873374674935064e+02,1.960525879643985947e+00,-7.876133006682231597e-02,2.020452173542844621e-01,5.756172759459260435e-02,-9.365720190678689105e-02,-2.341595801249808928e-01
2.367673534706941609e+02,1.953020817769316686e+00,-5.983103150813920412e-02,2.160219484530561118e-01,6.357914523554797359e-02,-9.392862777747294778e-02,-1.689724343463615275e-01
2.368473694738947870e+02,1.945494781530982875e+00,-4.103145749644831336e-02,2.298823542216939242e-01,6.936687909786766471e-02,-9.418152318024239356e-02,4.600062091119766494e-04
2.369273854770954415e+02,1.937949137700590185e+00,-2.236639015014062551e-02,2.436209752964645925e-01,7.492835618461135549e-02,-9.441886269737093107e-02,-2.823527529572961159e-01
2.370074014802960676e+02,1.930385172966453844e+00,-3.839652646263144384e-03,2.572330104374802584e-01,8.026778683962206007e-02,-9.463979427412427814e-02,-9.246046588483088080e-02
2.370874174834967221e+02,1.922804182258817995e+00,1.454496845897866250e-02,2.707142571371564665e-01,8.539004550235730628e-02,-9.484360398731966901e-02,-1.276333068990605502e-01
2.371674334866973481e+02,1.915207525956833745e+00,3.278379878472591907e-02,2.840610576220213290e-01,9.030055351067113600e-02,-9.503243698636724968e-02,-1.860330230628458037e-01
2.372474494898980026e+02,1.907596404669386292e+00,5.087334688138000355e-02,2.972702496780365022e-01,9.500516776187024892e-02,-9.520447537959371431e-02,-8.894272404065445281e-02
2.373274654930986287e+02,1.899972092364573761e+00,6.881036559947353859e-02,3.103391217965994486e-01,9.951007776052316067e-02,-9.536254313316938624e-02,-6.347135394620964655e-02
2.374074814962992832e+02,1.892335705219950759e+00,8.659190413023959421e-02,3.232653722745358338e-01,1.038217125586606282e-01,-9.550702633423849286e-02,-4.063837368495658992e-02
2.374874974994999093e+02,1.884688255011739200e+00,1.042153475671611651e-01,3.360470718856832795e-01,1.079466582491367260e-01,-9.563828128639866033e-02,-3.563721109651445951e-01
2.375675135027005638e+02,1.877030732197213725e+00,1.216784440370325404e-01,3.486826298246078482e-01,1.118915860925116107e-01,-9.575972601561805186e-02,7.261083742006763098e-02
2.376475295059011899e+02,1.869363899920397643e+00,1.389793204241239477e-01,3.611707626553712358e-01,1.156631909212558068e-01,-9.587153418360444546e-02,-1.422972256980765682e-01
2.377275455091018443e+02,1.861688424820388654e+00,1.561164859669177951e-01,3.735104659816229633e-01,1.192681391701157362e-01,-9.597508656751033151e-02,8.932497037213285584e-03
2.378075615123024704e+02,1.854004897778117167e+00,1.730888261573489129e-01,3.857009886242555585e-01,1.227130257319806877e-01,-9.607364832824143164e-02,-1.071583819796391168e-01
2.378875775155031249e+02,1.846313688468045777e+00,1.898955887369594420e-01,3.977418090942014817e-01,1.260043387451252328e-01,-9.616785803217842155e-02,-1.531181757920772046e-01
2.379675935187037510e+02,1.838615048193532164e+00,2.065363624740403636e-01,4.096326141404022514e-01,1.291484313897343916e-01,-9.625889254041425369e-02,-1.017277911911677046e-01
2.380476095219044055e+02,1.830909149019699367e+00,2.230110512782244314e-01,4.213732792054780685e-01,1.321514998079850178e-01,-9.634947003517232988e-02,2.207551891994208038e-01
2.381276255251050316e+02,1.823195999851310534e+00,2.393198454741171932e-01,4.329638506242208806e-01,1.350195663063965545e-01,-9.644112686757570774e-02,6.057724114532571369e-02
2.382076415283056861e+02,1.815475458026376776e+00,2.554631911137570377e-01,4.444045293979784206e-01,1.377584670601231798e-01,-9.653441639561402554e-02,-1.303005585353955997e-01
2.382876575315063121e+02,1.807747303867027089e+00,2.714417586313300212e-01,4.556956564033584067e-01,1.403738436190240246e-01,-9.663088160729166320e-02,-7.317349924769531166e-02
2.383676735347069382e+02,1.800011233416506595e+00,2.872564122293926325e-01,4.668376989143767086e-01,1.428711375959242358e-01,-9.673256734666832446e-02,1.602717362190543560e-02
2.384476895379075927e+02,1.792266811718948194e+00,3.029081806444720026e-01,4.778312383166701816e-01,1.452555879887176271e-01,-9.684046187826839125e-02,-3.814444872208427872e-02
2.385277055411082188e+02,1.784513499684762250e+00,3.183982295105067251e-01,4.886769588979485990e-01,1.475322306573206566e-01,-9.695508927133889010e-02,-8.784083448901550129e-02
2.386077215443088733e+02,1.776750694327008828e+00,3.337278358291258518e-01,4.993756376189144586e-01,1.497058995470731402e-01,-9.707743906964411140e-02,-1.151706062776660239e-01
2.386877375475094993e+02,1.768977727885966411e+00,3.488983649004351872e-01,5.099281347789215157e-01,1.517812293101486742e-01,-9.720873693926587733e-02,-2.040254629812994769e-01
2.387677535507101538e+02,1.761193864055147884e+00,3.639112496767827332e-01,5.203353854920901300e-01,1.537626590271053695e-01,-9.735017115688818223e-02,-2.175093200483149691e-02
2.388477695539107799e+02,1.753398280175616719e+00,3.787679725488338200e-01,5.305983919006063143e-01,1.556544367789960137e-01,-9.750228890767348444e-02,1.315386948896328512e-02
2.389277855571114344e+02,1.745590092391167580e+00,3.934700492972050268e-01,5.407182160533156035e-01,1.574606248585553037e-01,-9.766557161032529688e-02,1.257103797036559500e-01
2.390078015603120605e+02,1.737768367967385430e+00,4.080190152322422659e-01,5.506959733925401723e-01,1.591851054484018924e-01,-9.784065856321827459e-02,-1.518562721105152780e-01
2.390878175635127150e+02,1.729932125121557140e+00,4.224164133556214118e-01,5.605328267943141540e-01,1.608315866225372703e-01,-9.802825591502042912e-02,-3.252493412290655139e-02
2.391678335667133410e+02,1.722080333216391201e+00,4.366637843208240888e-01,5.702299811106885663e-01,1.624036085527703621e-01,-9.822907825655785574e-02,-1.009775837040511465e-01
2.392478495699139955e+02,1.714211913116599817e+00,4.507626580046553699e-01,5.797886781688136315e-01,1.639045498240282450e-01,-9.844381462807069716e-02,2.755284029978188887e-02
2.393278655731146216e+02,1.706325736851242336e+00,4.647145465070556813e-01,5.892101921856073288e-01,1.653376337809785435e-01,-9.867309540268418000e-02,-1.080831949626725741e-01
2.394078815763152761e+02,1.698420625073396417e+00,4.785209384077357964e-01,5.984958255610062228e-01,1.667059348439741961e-01,-9.891742331096589624e-02,-1.632129440544871357e-01
2.394878975795159022e+02,1.690495352655262185e+00,4.921832940796044276e-01,6.076469050146895423e-01,1.680123847446160501e-01,-9.917731558513401269e-02,-2.676293429598423090e-01
2.395679135827165567e+02,1.682548649483460945e+00,5.057030419492628548e-01,6.166647780369415299e-01,1.692597786433127360e-01,-9.945333547516990724e-02,-2.760336211363262349e-02
2.396479295859171827e+02,1.674579198919565526e+00,5.190815755601138060e-01,6.255508096255293360e-01,1.704507810993237671e-01,-9.974607908209559559e-02,-8.329250285310949020e-02
2.397279455891178372e+02,1.666585636077549060e+00,5.323202513082091469e-01,6.343063792830931913e-01,1.715879318712388024e-01,-1.000561699932470128e-01,1.266316924612406747e-02
2.398079615923184633e+02,1.658566545823866312e+00,5.454203867419809004e-01,6.429328782518838326e-01,1.726736515319691190e-01,-1.003842586475955923e-01,-1.550172575649614304e-01
2.398879775955191178e+02,1.650520460451655902e+00,5.583832593302713310e-01,6.514317069649301351e-01,1.737102468873057692e-01,-1.007310247848169915e-01,1.588908870459190825e-01
2.399679935987197439e+02,1.642445856987737596e+00,5.712101056148239930e-01,6.598042726943604830e-01,1.746999161910889053e-01,-1.010971817661313055e-01,-1.714788796124794290e-01
2.400480096019203984e+02,1.634341154096794702e+00,5.839021206746287662e-01,6.680519873794528163e-01,1.756447541532976109e-01,-1.014834819304935576e-01,-4.979482168699031486e-02
2.401280256051210245e+02,1.626204708552144274e+00,5.964604578389941514e-01,6.761762656182688236e-01,1.765467567399308102e-01,-1.018907224720796978e-01,-6.001362964199358219e-02
2.402080416083216790e+02,1.618034811246104487e+00,6.088862285951565090e-01,6.841785228082417625e-01,1.774078257656171720e-01,-1.023197515978457872e-01,8.417516659434826076e-03
2.402880576115223050e+02,1.609829682715861354e+00,6.211805026435150978e-01,6.920601734220760415e-01,1.782297732814645264e-01,-1.027714749519972881e-01,-1.189086642249936737e-01
2.403680736147229595e+02,1.601587468162150696e+00,6.333443080604245212e-01,6.998226294065476027e-01,1.790143257619002115e-01,-1.032468624802718171e-01,-1.945411162296037944e-01
2.404480896179235856e+02,1.593306231938665718e+00,6.453786315338244650e-01,7.074672986925377716e-01,1.797631280951472732e-01,-1.037469560557585657e-01,-2.021771706329298368e-01
2.405281056211242401e+02,1.584983951489036036e+00,6.572844186420511159e-01,7.149955838056262225e-01,1.804777473826587320e-01,-1.042728783018892491e-01,-2.255864545647240371e-02
2.406081216243248662e+02,1.576618510706109033e+00,6.690625741499220958e-01,7.224088805670983993e-01,1.811596765532625941e-01,-1.048258431303850102e-01,-9.407985671360129254e-02
2.406881376275255207e+02,1.568207692684183252e+00,6.807139622997928630e-01,7.297085768760115387e-01,1.818103377980642699e-01,-1.054071685657256841e-01,-7.078827453594661867e-02
2.407681536307261467e+02,1.559749171829336811e+00,6.922394070777306840e-01,7.368960515633052877e-01,1.824310858322705786e-01,-1.060182924546598793e-01,-1.872897970288207037e-01
2.408481696339268012e+02,1.551240505304684048e+00,7.036396924372915196e-01,7.439726733095340938e-01,1.830232109901291648e-01,-1.066607920168397006e-01,-9.254104664785621492e-02
2.409281856371274273e+02,1.542679122015194304e+00,7.149155624730173519e-01,7.509397996184703494e-01,1.835879421593008265e-01,-1.073363769233656728e-01,-8.542747291049904157e-02
2.410082016403280818e+02,1.534062307244545620e+00,7.260677215383126715e-01,7.577987758393432971e-01,1.841264495609581664e-01,-1.080468287455921272e-01,-4.638027709721045944e-02
2.410882176435287079e+02,1.525387193239898354e+00,7.370968342469360612e-01,7.645509342272904796e-01,1.846398473800244244e-01,-1.087940723697236600e-01,-2.549554722993249145e-01
2.411682336467293624e+02,1.516650747022061152e+00,7.480035253823513752e-01,7.711975930364409759e-01,1.851291962519710788e-01,-1.095802199873291416e-01,-1.862999599427510589e-01
2.412482496499299884e+02,1.507849756424043397e+00,7.587883796966923278e-01,7.777400556376321550e-01,1.855955056111643908e-01,-1.104076106354379139e-01,6.251270025706234801e-02
2.413282656531306429e+02,1.498980814859744770e+00,7.694519415826880371e-01,7.841796096528568238e-01,1.860397359053857225e-01,-1.112788576490122971e-01,-1.505739898138086508e-01
2.414082816563312690e+02,1.490040304642608504e+00,7.799947146036684265e-01,7.905175260982721941e-01,1.864628006807694249e-01,-1.121969044081530531e-01,-1.205895003137392174e-01
2.414882976595319235e+02,1.481024369256845663e+00,7.904171609162399248e-01,7.967550585310505529e-01,1.868655685426299229e-01,-1.131649443456519966e-01,-1.530033814243610957e-01
2.415683136627325496e+02,1.471928875738803155e+00,8.007197005672306300e-01,8.028934421915957520e-01,1.872488649957791407e-01,-1.141862488322070712e-01,-2.638583144618097398e-01
2.416483296659332041e+02,1.462749405235366673e+00,8.109027104414018305e-01,8.089338931170537705e-01,1.876134741598935174e-01,-1.152644874819946930e-01,-2.228365025867367621e-01
2.417283456691338301e+02,1.453481229405419795e+00,8.209665230486890009e-01,8.148776072294100503e-01,1.879601403686165240e-01,-1.164038664731123496e-01,-7.933351585313008769e-02
2.418083616723344846e+02,1.444119280246761061e+00,8.309114250878557595e-01,8.207257593842797183e-01,1.882895696524815310e-01,-1.176092253303312463e-01,-1.848175515538960367e-01
2.418883776755351107e+02,1.434658086562764279e+00,8.407376559184794873e-01,8.264795023810985741e-01,1.886024311125465980e-01,-1.188857412836280547e-01,8.382776000690803087e-02
2.419683936787357652e+02,1.425091721640870723e+00,8.504454056603011347e-01,8.321399659018201556e-01,1.888993581754949413e-01,-1.202389180558177673e-01,-2.700571957259256251e-01
2.420484096819363913e+02,1.415413788348381718e+00,8.600348126964084683e-01,8.377082553437914525e-01,1.891809497199163081e-01,-1.216751763679482790e-01,-3.159104703464873376e-01
2.421284256851370458e+02,1.405617366764898124e+00,8.695059609577421300e-01,8.431854505605270722e-01,1.894477710868168463e-01,-1.232020082954463081e-01,-1.623987479976786719e-01
2.422084416883376718e+02,1.395694896982048627e+00,8.788588771457692683e-01,8.485726045110252302e-01,1.897003549809081202e-01,-1.248274496759654850e-01,-2.457824805282027292e-01
2.422884576915383263e+02,1.385638114585050706e+00,8.880935270862961861e-01,8.538707417260829047e-01,1.899392022249951351e-01,-1.265604412214821339e-01,1.150585901534603717e-02
2.423684736947389524e+02,1.375438009792277594e+00,8.972098112424546912e-01,8.590808565618192061e-01,1.901647823596251119e-01,-1.284116174465041449e-01,-1.710339470390611349e-01
2.424484896979396069e+02,1.365084674203736581e+00,9.062075602108515815e-01,8.642039112912465182e-01,1.903775341195629023e-01,-1.303929335827597180e-01,-7.875743638562510140e-02
2.425285057011402330e+02,1.354567147038666874e+00,9.150865293768903896e-01,8.692408339263959505e-01,1.905778657423922162e-01,-1.325176381525142166e-01,-2.743727017441350835e-01
2.426085217043408875e+02,1.343873353571659601e+00,9.238463918050052737e-01,8.741925156233250060e-01,1.907661550454915200e-01,-1.348015836142010815e-01,-6.873149999609735883e-02
2.426885377075415136e+02,1.332989855071757379e+00,9.324867312163365174e-01,8.790598078111621083e-01,1.909427493489544436e-01,-1.372627882737093019e-01,-7.390448401202449891e-02
2.427685537107421681e+02,1.321901633895101291e+00,9.410070332312979735e-01,8.838435187969754248e-01,1.911079651335316487e-01,-1.399219429788142732e-01,-1.658439074771621280e-02
2.428485697139427941e+02,1.310591920437443214e+00,9.494066743232779659e-01,8.885444096831806027e-01,1.912620873656339926e-01,-1.428038580270588054e-01,-1.214946765550193042e-01
2.429285857171434486e+02,1.299041753622589557e+00,9.576849106925741095e-01,8.931631897658023345e-01,1.914053685852052933e-01,-1.459369632074755674e-01,-9.498313123294681304e-02
2.430086017203440747e+02,1.287229722186897796e+00,9.658408627668996216e-01,8.977005107679294493e-01,1.915380274569660479e-01,-1.493554901481480846e-01,-1.334076728376553389e-01
2.430886177235447292e+02,1.275131409507369362e+00,9.738734986867104704e-01,9.021569601458776511e-01,1.916602469219218507e-01,-1.530999342166244892e-01,-6.143799656438421464e-02
2.431686337267453553e+02,1.262718845389883660e+00,9.817816133031974646e-01,9.065330528274149202e-01,1.917721716594014414e-01,-1.572190614131371844e-01,-1.992952581073316187e-01
2.432486497299460098e+02,1.249959765598954053e+00,9.895638031507048016e-01,9.108292211331773247e-01,1.918739047704730583e-01,-1.617720324060489823e-01,-1.081511760735516803e-01
2.433286657331466358e+02,1.236816657794209906e+00,9.972184361763793969e-01,9.150458023607370706e-01,1.919655034672368144e-01,-1.668311496439436881e-01,-2.246185577900280395e-01
2.434086817363472903e+02,1.223245572318839125e+00,1.004743614031661236e+00,9.191830231799794637e-01,1.920469734052397681e-01,-1.724858617528704507e-01,-1.027300514247094371e-01
2.434886977395479164e+02,1.209194556402875653e+00,1.012137125472811761e+00,9.232409799418094254e-01,1.921182612881488505e-01,-1.788480718962953686e-01,-2.074766546173668069e-01
2.435687137427485709e+02,1.194601545582246072e+00,1.019396388295523037e+00,9.272196135106546278e-01,1.921792451639043886e-01,-1.860592590420484527e-01,-2.519751926886589777e-01
2.436487297459491970e+02,1.179391667616917827e+00,1.026518373830842323e+00,9.311186762602033928e-01,1.922297213813100591e-01,-1.943013632169171556e-01,-2.631188685974273356e-01
2.437287457491498515e+02,1.163473371107360821e+00,1.033499512287112898e+00,9.349376889502386545e-01,1.922693872892762001e-01,-2.038112154097632134e-01,-5.768523904660211032e-02
2.438087617523504775e+02,1.146733250869305554e+00,1.040335565936987061e+00,9.386758821694229926e-01,1.922978173348267594e-01,-2.149030029950288467e-01,-3.716978295697672685e-01
2.438887777555511320e+02,1.129028624878055664e+00,1.047021461443107260e+00,9.423321161915185762e-01,1.923144299531070189e-01,-2.280014797112039915e-01,-3.772814308899804514e-01
2.439687937587517581e+02,1.110176758367420691e+00,1.053551062335975397e+00,9.459047684287724689e-01,1.923184405736172164e-01,-2.436933297493559802e-01,-1.810029296699124934e-01
2.440488097619524126e+02,1.089938890504507540e+00,1.059916852024090028e+00,9.493915709052190843e-01,1.923087930939428869e-01,-2.628093406220305406e-01,-3.634303947647504751e-01
2.441288257651530387e+02,1.067995772949061450e+00,1.066109481690388439e+00,9.527893684816668429e-01,1.922840570676201399e-01,-2.865599217951986244e-01,-3.342049825497416249e-01
2.442088417683536932e+02,1.043908803954968656e+00,1.072117105650676860e+00,9.560937455574853860e-01,1.922422676995642066e-01,-3.167672821120626203e-01,-3.671489437116466914e-01
2.442888577715543192e+02,1.017056138486649219e+00,1.077924373097556288e+00,9.592984271094165960e-01,1.921806673952500544e-01,-3.562826977344113466e-01,-1.293506476685918338e-01
2.443688737747549737e+02,9.865222040424633798e-01,1.083510828483846833e+00,9.623942638753382184e-01,1.920952648766571236e-01,-4.097755788915358188e-01,-4.781058738988168688e-01
2.444488897779555998e+02,9.508963256921467710e-01,1.088848252755363566e+00,9.653674076268419224e-01,1.919800377284175408e-01,-4.853240436515887657e-01,-5.585589046080091657e-01
2.445289057811562543e+02,9.078801884349795293e-01,1.093895967320154039e+00,9.681957653495084637e-01,1.918253743573084258e-01,-5.978728315618686562e-01,-6.378051390639223328e-01
2.446089217843568804e+02,8.534582661253625746e-01,1.098591892865103281e+00,9.708413999611786860e-01,1.916147196393845620e-01,-7.774823404124331372e-01,-7.552903780876929485e-01
2.446889377875575349e+02,7.799552946602009706e-01,1.102833775700596597e+00,9.732319731221149572e-01,1.913163577318772735e-01,-1.091415789840241457e+00,-1.042279473989739191e+00
2.447689537907581609e+02,6.708627181425400599e-01,1.106434106756824187e+00,9.752065387442375721e-01,1.908594029310411999e-01,-1.712398798962967650e+00,-1.860400923787475236e+00
2.448489697939588154e+02,4.846335813466994269e-01,1.108988216000610816e+00,9.763110428812725727e-01,1.900438779194953964e-01,-3.167722655719055869e+00,-3.123869693649720336e+00
2.449289857971594415e+02,9.550074446652531690e-02,1.109355769572202277e+00,9.747499420232546008e-01,1.880960160234729228e-01,-7.309268728905175649e+00,-7.114649142659859038e+00
2.450090018003600960e+02,-8.364287833677968020e-01,1.104127666196961677e+00,9.648600981107833263e-01,1.827980351988750252e-01,-1.583925499344756460e+01,-1.601865644340129080e+01
2.450890178035607221e+02,-1.800322716082459973e+00,1.091126191305156201e+00,9.498161714979873604e-01,1.756995636193954546e-01,-5.234828129128750618e+00,-5.177861401140994246e+00
2.451690338067613766e+02,-1.948414090447210256e+00,1.074948335283076872e+00,9.347700859048684308e-01,1.688265919188847997e-01,-2.934099236459514204e-01,-2.170707409072207827e-01
2.452490498099620027e+02,-1.952515231635865822e+00,1.058556963301785725e+00,9.199576737440351426e-01,1.622577862813080751e-01,4.713231935921102789e-02,6.201366549552755902e-02
2.453290658131626572e+02,-1.947638657829075415e+00,1.042271294308614760e+00,9.053805269898406172e-01,1.559829589670522487e-01,6.657957896573085677e-02,4.642468852009335595e-02
2.454090818163632832e+02,-1.942243722587648325e+00,1.026109876350154826e+00,8.910351893830573689e-01,1.499899405735402036e-01,6.779982923215965851e-02,-1.682850450232850625e-01
2.454890978195639377e+02,-1.936810556746503487e+00,1.010073414142195425e+00,8.769180045663041989e-01,1.442665292588198866e-01,6.797478843791338043e-02,1.874052511440617019e-01
2.455691138227645638e+02,-1.931366996286451698e+00,9.941616026052155775e-01,8.630253598947037474e-01,1.388006719033917646e-01,6.808533479056716464e-02,3.508531077468260428e-02
2.456491298259652183e+02,-1.925914908094233491e+00,9.783740835782798184e-01,8.493536994628547721e-01,1.335805429124849453e-01,6.818881162305029386e-02,4.700995323711186502e-02
2.457291458291658444e+02,-1.920454642600563311e+00,9.627105011131981138e-01,8.358995240035883567e-01,1.285946048293327426e-01,6.828907193941746723e-02,1.904752399105215377e-01
2.458091618323664989e+02,-1.914986460283315983e+00,9.471705047321554716e-01,8.226593900326424347e-01,1.238316564332265640e-01,6.838688827055378061e-02,-1.662176476083919163e-01
2.458891778355671249e+02,-1.909510588333316772e+00,9.317537495587652208e-01,8.096299089613655520e-01,1.192808696819856878e-01,6.848201252998148414e-02,6.110076802660743822e-02
2.459691938387677510e+02,-1.904027245727450524e+00,9.164598963722171421e-01,7.968077462230053198e-01,1.149318167045475236e-01,6.857408072295095858e-02,1.276184983906654691e-01
2.460492098419684055e+02,-1.898536655778487070e+00,9.012886116246410229e-01,7.841896204130982539e-01,1.107744880723925684e-01,6.866305434123365359e-02,1.401076363536762903e-01
2.461292258451690316e+02,-1.893039042424054852e+00,8.862395674078324959e-01,7.717723024434595125e-01,1.067993035613886421e-01,6.874910118178784169e-02,1.291192365109721241e-01
2.462092418483696861e+02,-1.887534627351632688e+00,8.713124414069866042e-01,7.595526147101244741e-01,1.029971165609309958e-01,6.883250330914497672e-02,2.722623283938524485e-01
2.462892578515703121e+02,-1.882023627667856580e+00,8.565069168385106568e-01,7.475274302751035993e-01,9.935921320449904448e-02,6.891358227433669326e-02,9.678938754127675015e-02
2.463692738547709666e+02,-1.876506246910313536e+00,8.418226823513973445e-01,7.356936720612515801e-01,9.587730719700668369e-02,6.899241133012101734e-02,1.703878597596782951e-01
2.464492898579715927e+02,-1.870982675337645063e+00,8.272594319293075094e-01,7.240483120608316447e-01,9.254353120873770600e-02,6.906883315630218956e-02,1.458863402952443877e-01
2.465293058611722472e+02,-1.865453100800051223e+00,8.128168647959614912e-01,7.125883705575287719e-01,8.935042559756851965e-02,6.914280739297590239e-02,-7.932194072745488156e-02
2.466093218643728733e+02,-1.859917707920002661e+00,7.984946852658809657e-01,7.013109153608116930e-01,8.629092511669353427e-02,6.921437484347509050e-02,-7.909109483880988334e-03
2.466893378675735278e+02,-1.854376677243603444e+00,7.842926025669161305e-01,6.902130610527691390e-01,8.335834416742812780e-02,6.928362112868513556e-02,2.773399229889849105e-01
2.467693538707741538e+02,-1.848830184699653323e+00,7.702103306336837152e-01,6.792919682473381737e-01,8.054636106667605044e-02,6.935065065039464072e-02,4.195162085566132848e-02
2.468493698739748083e+02,-1.843278401311072789e+00,7.562475878697552112e-01,6.685448428615717864e-01,7.784900171788873557e-02,6.941556901151890724e-02,6.259661528566402844e-02
2.469293858771754344e+02,-1.837721493107756121e+00,7.424040968768423898e-01,6.579689353988517064e-01,7.526062300312334752e-02,6.947847221754344105e-02,-6.236886215583878346e-02
2.470094018803760889e+02,-1.832159621194093813e+00,7.286795841489808190e-01,6.475615402437095991e-01,7.277589615167452675e-02,6.953944115999505238e-02,3.511279351154214523e-02
2.470894178835767150e+02,-1.826592941928795621e+00,7.150737797301208731e-01,6.373199949681717102e-01,7.038979028746804312e-02,6.959854005534199528e-02,-6.183418146593336329e-02
2.471694338867773695e+02,-1.821021607178493706e+00,7.015864168333285633e-01,6.272416796493003321e-01,6.809755631201895587e-02,6.965581767418155268e-02,8.658272270367570189e-03
2.472494498899779956e+02,-1.815445764320235522e+00,6.882172314194293650e-01,6.173240161978404972e-01,6.589471124170642735e-02,6.971130191090607608e-02,1.249811661685617109e-01
2.473294658931786500e+02,-1.809865556828466060e+00,6.749659617359059505e-01,6.075644676977107750e-01,6.377702308643443119e-02,6.976501232095339011e-02,-1.343336085620945586e-02
2.474094818963792761e+02,-1.804281125099598260e+00,6.618323478142162930e-01,5.979605377562529078e-01,6.174049633063584397e-02,6.981697972678474473e-02,8.259847280761407895e-03
2.474894978995799306e+02,-1.798692606357937152e+00,6.488161309211752936e-01,5.885097698648795728e-01,5.978135805628313759e-02,6.986723980849235405e-02,2.035838214202734531e-01
2.475695139027805567e+02,-1.793100134658006661e+00,6.359170529665525429e-01,5.792097467701106117e-01,5.789604473056286088e-02,6.991583082340269151e-02,1.168762281135037051e-01
2.476495299059812112e+02,-1.787503840881667916e+00,6.231348558659801640e-01,5.700580898547161768e-01,5.608118966714913806e-02,6.996279246721387457e-02,1.214927487693490127e-01
2.477295459091818373e+02,-1.781903852719739056e+00,6.104692808590835851e-01,5.610524585289080601e-01,5.433361115937221375e-02,7.000816559493555635e-02,1.693851141321257026e-01
2.478095619123824918e+02,-1.776300294631407262e+00,5.979200677827865018e-01,5.521905496313144202e-01,5.265030127527964982e-02,7.005199263019762368e-02,1.486137363115097587e-02
2.478895779155831178e+02,-1.770693287778491110e+00,5.854869543003994314e-01,5.434700968396866116e-01,5.102841529838852280e-02,7.009431859317794000e-02,3.097574463274797851e-02
2.479695939187837723e+02,-1.765082949935079526e+00,5.731696750872230517e-01,5.348888700910864324e-01,4.946526179329477357e-02,7.013519276937163482e-02,-1.357980278313614952e-01
2.480496099219843984e+02,-1.759469395376719536e+00,5.609679609741321515e-01,5.264446750115084894e-01,4.795829327209312487e-02,7.017467112524072848e-02,1.434454748401943203e-01
2.481296259251850529e+02,-1.753852734803907687e+00,5.488815380509483033e-01,5.181353523547026496e-01,4.650509743535462953e-02,7.021282089101493762e-02,4.942220531893111446e-02
2.482096419283856790e+02,-1.748233074856887059e+00,5.369101267306685132e-01,5.099587774501219695e-01,4.510338896011643894e-02,7.024971567014537399e-02,6.974283886225179918e-02
2.482896579315863335e+02,-1.742610516965390710e+00,5.250534407764056999e-01,5.019128596597438596e-01,4.375100180665421334e-02,7.028541512620611886e-02,-3.879224713412915415e-02
2.483696739347869595e+02,-1.736985157225058529e+00,5.133111862997451480e-01,4.939955418438597978e-01,4.244588201586609044e-02,7.031997345789964271e-02,1.322297564971073314e-01
2.484496899379876140e+02,-1.731357085960005371e+00,5.016830607303587319e-01,4.862047998355213396e-01,4.118608096921471534e-02,7.035344092909540104e-02,1.329328781628924538e-01
2.485297059411882401e+02,-1.725726387279214791e+00,4.901687517625660795e-01,4.785386419236326572e-01,3.996974908389768627e-02,7.038586659886270080e-02,8.846958800201928930e-02
2.486097219443888946e+02,-1.720093138689004819e+00,4.787679362841658626e-01,4.709951083444942066e-01,3.879512991671820593e-02,7.041730370195495303e-02,-8.856001408288954879e-02
2.486897379475895207e+02,-1.714457410793265746e+00,4.674802792936747498e-01,4.635722707817773180e-01,3.766055465115743933e-02,7.044781824838836082e-02,-1.386793349702784839e-02
2.487697539507901752e+02,-1.708819267115549101e+00,4.563054328124879211e-01,4.562682318747428023e-01,3.656443694323274068e-02,7.047750140405512065e-02,6.696555162920503346e-02
2.488497699539908012e+02,-1.703178764079478880e+00,4.452430347993597270e-01,4.490811247346923052e-01,3.550526810293141294e-02,7.050648619728178135e-02,-1.326595744299080559e-02
2.489297859571914557e+02,-1.697535951185740855e+00,4.342927080749378055e-01,4.420091124694796036e-01,3.448161258919560379e-02,7.053496906706188674e-02,1.090818240352416091e-01
2.490098019603920818e+02,-1.691890871028450816e+00,4.234540592634732370e-01,4.350503877160337152e-01,3.349210379767449813e-02,7.056322738922676807e-02,1.711082784424817760e-01
2.490898179635927363e+02,-1.686243548978816342e+00,4.127266777248594365e-01,4.282031721795993007e-01,3.253544012112687123e-02,7.059139637262609734e-02,-4.997937003537497591e-03
2.491698339667933624e+02,-1.680593991609969917e+00,4.021101345507492875e-01,4.214657161816317554e-01,3.161038126492565076e-02,7.061946205720662229e-02,5.244721078145873211e-02
2.492498499699940169e+02,-1.674942194319608113e+00,3.916039816374305982e-01,4.148362982163968371e-01,3.071574480062436857e-02,7.064746572265842572e-02,2.083417749361174409e-03
2.493298659731946429e+02,-1.669288142465238378e+00,3.812077507917864261e-01,4.083132245146272044e-01,2.985040294058820959e-02,7.067555032101227597e-02,1.737629822123990531e-01
2.494098819763952974e+02,-1.663631812769404972e+00,3.709209529027490682e-01,4.018948286147735471e-01,2.901327951894764820e-02,7.070401058672237671e-02,1.603593028701913448e-01
2.494898979795959235e+02,-1.657973174378825076e+00,3.607430771859116980e-01,3.955794709417844723e-01,2.820334716479392170e-02,7.073333265593673147e-02,3.368938348267431770e-01
2.495699139827965780e+02,-1.652312167125972175e+00,3.506735904272263449e-01,3.893655383903195655e-01,2.741962465312977604e-02,7.076373353719633830e-02,7.147545790454863657e-02
2.496499299859972041e+02,-1.646648697838374309e+00,3.407119363823894465e-01,3.832514439173159704e-01,2.666117442356310749e-02,7.079512025802425779e-02,-2.260655940095786243e-02
2.497299459891978586e+02,-1.640982662537169068e+00,3.308575353749084735e-01,3.772356261452726178e-01,2.592710025620941980e-02,7.082760570357032881e-02,1.117898346736257292e-01
2.498099619923984847e+02,-1.635313950689768481e+00,3.211097839418390887e-01,3.713165489707981326e-01,2.521654509152743140e-02,7.086161235339769049e-02,4.762242633652483126e-02
2.498899779955991391e+02,-1.629642443063272328e+00,3.114680545740081685e-01,3.654927011794934510e-01,2.452868898489214688e-02,7.089783491942142080e-02,9.002096391009750675e-02
2.499699939987997652e+02,-1.623967966372868110e+00,3.019316954110505824e-01,3.597625960614138640e-01,2.386274718404366238e-02,7.093631243395709385e-02,1.953403253975894982e-01
2.500500100020004197e+02,-1.618290317373510367e+00,2.925000303310675842e-01,3.541247710431839057e-01,2.321796832853250184e-02,7.097698007638500450e-02,4.251981264839369001e-02
2.501300260052010458e+02,-1.612609290999919676e+00,2.831723591991758826e-01,3.485777873284485184e-01,2.259363275937802465e-02,7.102026675425768265e-02,1.433495733308530751e-01
2.502100420084017003e+02,-1.606924677892287878e+00,2.739479581399292818e-01,3.431202295410651915e-01,2.198905092895191149e-02,7.106704074544348271e-02,-1.405326856126069002e-01
2.502900580116023264e+02,-1.601236199263028626e+00,2.648260796931464767e-01,3.377507053645252277e-01,2.140356190126280894e-02,7.111732182163571503e-02,1.770378177607038750e-01
2.503700740148029809e+02,-1.595543544013555026e+00,2.558059535199831425e-01,3.324678452042087451e-01,2.083653194898591604e-02,7.117107426670293835e-02,8.474701659248938534e-02
2.504500900180036069e+02,-1.589846411270790627e+00,2.468867872867997471e-01,3.272703018586762269e-01,2.028735323479767885e-02,7.122905041433702511e-02,4.747767649248682553e-02
2.505301060212042614e+02,-1.584144468829989272e+00,2.380677673452862575e-01,3.221567501835099212e-01,1.975544256374207192e-02,7.129197381959585800e-02,2.149665710689321191e-02
2.506101220244048875e+02,-1.578437300240246977e+00,2.293480594890572322e-01,3.171258867584055841e-01,1.924024020668398116e-02,7.135956471772536558e-02,2.132932263863165090e-01
2.506901380276055420e+02,-1.572724498360965173e+00,2.207268104686996024e-01,3.121764295881884754e-01,1.874120880492581229e-02,7.143235528527178135e-02,2.111081437507327657e-02
2.507701540308061681e+02,-1.567005650476176237e+00,2.122031491872713727e-01,3.073071177919059482e-01,1.825783232952634880e-02,7.151138612362453739e-02,1.986933435714959284e-01
2.508501700340068226e+02,-1.561280238303128343e+00,2.037761876299175046e-01,3.025167112801022684e-01,1.778961509143692915e-02,7.159638072504713457e-02,2.133158430124603572e-02
2.509301860372074486e+02,-1.555547749900449750e+00,1.954450228366950704e-01,2.978039904810862448e-01,1.733608082795129804e-02,7.168784366637266647e-02,7.680232332425901420e-02
2.510102020404081031e+02,-1.549807670374244717e+00,1.872087384632468432e-01,2.931677560513108460e-01,1.689677183063938853e-02,7.178686486694375868e-02,1.078889236347644887e-01
2.510902180436087292e+02,-1.544059368434676394e+00,1.790664059456591739e-01,2.886068285679199152e-01,1.647124811065103431e-02,7.189312037810188794e-02,2.750023726275588887e-01
2.511702340468093837e+02,-1.538302238162465363e+00,1.710170869153908590e-01,2.841200482842119457e-01,1.605908663741345554e-02,7.200741588393351489e-02,9.766513792117906267e-02
2.512502500500100098e+02,-1.532535634706262639e+00,1.630598347549524207e-01,2.797062748475183103e-01,1.565988059916830280e-02,7.213053861839964498e-02,9.660068691306997191e-02
2.513302660532106643e+02,-1.526758813475275200e+00,1.551936962043841961e-01,2.753643870215824463e-01,1.527323870327071224e-02,7.226225407778071042e-02,6.644647974115722167e-02
2.514102820564112903e+02,-1.520971079356431055e+00,1.474177140304842870e-01,2.710932824684565978e-01,1.489878454040479555e-02,7.240385511670353880e-02,4.320767437310482628e-02
2.514902980596119448e+02,-1.515171619258931734e+00,1.397309282114994611e-01,2.668918774585518627e-01,1.453615594666667413e-02,7.255534650662427698e-02,1.292484410494276759e-02
2.515703140628125709e+02,-1.509359610969771115e+00,1.321323784757419961e-01,2.627591066565806432e-01,1.418500443330310105e-02,7.271729755309458421e-02,2.546196989436921854e-01
2.516503300660132254e+02,-1.503534212549884730e+00,1.246211062905516059e-01,2.586939228861201978e-01,1.384499463467142068e-02,7.289065390189401750e-02,2.209933917791978564e-01
2.517303460692138515e+02,-1.497694469121260807e+00,1.171961564135644285e-01,2.546952968755556435e-01,1.351580377404966449e-02,7.307527200636106113e-02,5.496889802973192740e-03
2.518103620724145060e+02,-1.491839477792566093e+00,1.098565797635925323e-01,2.507622170865606570e-01,1.319712119485493690e-02,7.327255696398127238e-02,9.057359010662723031e-02
2.518903780756151320e+02,-1.485968183929016417e+00,1.026014343673086332e-01,2.468936894413905347e-01,1.288864786595633749e-02,7.348228008078795670e-02,-4.293356180640270359e-02
2.519703940788157865e+02,-1.480079582267071370e+00,9.542978838832921751e-02,2.430887371796505991e-01,1.259009597240984268e-02,7.370572885426023013e-02,1.691386210437781923e-01
2.520504100820164126e+02,-1.474172539379767333e+00,8.834072112467726556e-02,2.393464006061326588e-01,1.230118847344223096e-02,7.394300522409555376e-02,1.440068232324583919e-01
2.521304260852170671e+02,-1.468245929900265700e+00,8.133332563281461813e-02,2.356657369459736751e-01,1.202165873245617835e-02,7.419511865377602378e-02,8.685500521047773148e-02
2.522104420884176932e+02,-1.462298535699728452e+00,7.440671002449721072e-02,2.320458201312244617e-01,1.175125013140621878e-02,7.446250773830570546e-02,-4.823091797584458384e-03
2.522904580916183477e+02,-1.456329109287050283e+00,6.755999959991967896e-02,2.284857406505825250e-01,1.148971573326191924e-02,7.474600969835862307e-02,1.527953268951442178e-01
2.523704740948189738e+02,-1.450336330515275884e+00,6.079233833545831522e-02,2.249846053719631866e-01,1.123681794690009443e-02,7.504626743843959003e-02,1.382341924399126953e-01
2.524504900980196282e+02,-1.444318830716462942e+00,5.410289067947909175e-02,2.215415373976917512e-01,1.099232822303783559e-02,7.536411511810427177e-02,5.894283917191012884e-02
2.525305061012202543e+02,-1.438275166750701883e+00,4.749084300239360401e-02,2.181556759117031785e-01,1.075602676004501143e-02,7.570026050539527263e-02,1.509493150704045716e-01
2.526105221044209088e+02,-1.432203847438418887e+00,4.095540528105944683e-02,2.148261760569065704e-01,1.052770223777351258e-02,7.605569454305072252e-02,-5.683028731254113897e-02
2.526905381076215349e+02,-1.426103284029156315e+00,3.449581226662881001e-02,2.115522087927859951e-01,1.030715155372406190e-02,7.643108107260043749e-02,1.807652105182264157e-02
2.527705541108221894e+02,-1.419971856582286085e+00,2.811132529237979349e-02,2.083329608139675715e-01,1.009417960081189156e-02,7.682769244454655533e-02,-1.679991984508612257e-02
2.528505701140228155e+02,-1.413807808585756165e+00,2.180123295365353486e-02,2.051676344047638489e-01,9.888599024069948812e-03,7.724610508525811547e-02,9.012101315550979930e-02
2.529305861172234700e+02,-1.407609374982016881e+00,1.556485320580990039e-02,2.020554474149280355e-01,9.690230047284340703e-03,7.768791068883452999e-02,2.459404722025375634e-01
2.530106021204240960e+02,-1.401374615631170828e+00,9.401533513240425965e-03,1.989956331081902119e-01,9.498900245921598415e-03,7.815369679817704696e-02,8.444936950164511069e-02
2.530906181236247505e+02,-1.395101584575640929e+00,3.310653150169677247e-03,1.959874401932287513e-01,9.314444419009752091e-03,7.864523622638601441e-02,1.937795070148231602e-01
2.531706341268253766e+02,-1.388788151485974343e+00,-2.708376853451537059e-03,1.930301326920465244e-01,9.136704388507046679e-03,7.916340166425632485e-02,7.740960681231999485e-02
2.532506501300260311e+02,-1.382432141944183623e+00,-8.656111638370125178e-03,1.901229899965519721e-01,8.965528899349990699e-03,7.970996211951746069e-02,4.044580905848306485e-02
2.533306661332266572e+02,-1.376031215731750690e+00,-1.453307226843904808e-02,1.872653067999917875e-01,8.800773464352561193e-03,8.028625949091136582e-02,1.829099411569673483e-01
2.534106821364272832e+02,-1.369582923880747760e+00,-2.033974424158259756e-02,1.844563931522396061e-01,8.642300276821484467e-03,8.089401156748816935e-02,1.364267151561289748e-01
2.534906981396279377e+02,-1.363084690608393768e+00,-2.607657652361755965e-02,1.816955744962450159e-01,8.489978119689697844e-03,8.153523288296871119e-02,2.246643291489567595e-01
2.535707141428285638e+02,-1.356533738877561790e+00,-3.174398100061380512e-02,1.789821916917001821e-01,8.343682273476945785e-03,8.221158855811357136e-02,1.808046962976545546e-01
2.536507301460292183e+02,-1.349927188908142339e+00,-3.734233058434261593e-02,1.763156011850796068e-01,8.203294501853648779e-03,8.292563135591347889e-02,2.808005436934116195e-03
2.537307461492298444e+02,-1.343261925291457048e+00,-4.287195904327713303e-02,1.736951750533293759e-01,8.068702978568513193e-03,8.367957792132620087e-02,-1.699984783551939937e-01
2.538107621524304989e+02,-1.336534638616261761e+00,-4.833315942064192461e-02,1.711203012053725547e-01,7.939802296626358169e-03,8.447598512914718250e-02,9.924418830522722945e-02
2.538907781556311249e+02,-1.329741836063458083e+00,-5.372618256980889184e-02,1.685903836092366437e-01,7.816493493534075465e-03,8.531807423329254569e-02,-3.133666928540571051e-02
2.539707941588317794e+02,-1.322879725198303769e+00,-5.905123664235168573e-02,1.661048424613465468e-01,7.698684050323104100e-03,8.620885455428942135e-02,-5.377177689409459727e-02
2.540508101620324055e+02,-1.315944259251909054e+00,-6.430848508578498879e-02,1.636631145398520226e-01,7.586287984469842170e-03,8.715188766432249712e-02,-6.002690956561296254e-02
2.541308261652330600e+02,-1.308931116906598691e+00,-6.949804498359678229e-02,1.612646535709793272e-01,7.479225950950940324e-03,8.815140946354894924e-02,2.490222625185495309e-02
2.542108421684336861e+02,-1.301835597647018394e+00,-7.461998595913674204e-02,1.589089305827887655e-01,7.377425337829704270e-03,8.921175279996695906e-02,7.005669828736157956e-02
2.542908581716343406e+02,-1.294652626753159508e+00,-7.967432784301271831e-02,1.565954344405332543e-01,7.280820452824987923e-03,9.033784771130329294e-02,9.167506957054614991e-02
2.543708741748349667e+02,-1.287376730104725642e+00,-8.466103826769573459e-02,1.543236724541786342e-01,7.189352745535196494e-03,9.153547414085944078e-02,2.967716709737361902e-01
2.544508901780356211e+02,-1.280001942619845234e+00,-8.958003053697298490e-02,1.520931710234417478e-01,7.102971047076273026e-03,9.281103056672078411e-02,-2.767182433331791258e-02
2.545309061812362472e+02,-1.272521736181463137e+00,-9.443116089791356305e-02,1.499034764246651719e-01,7.021631878409249385e-03,9.417159422565046789e-02,9.384120178150677505e-02
2.546109221844369017e+02,-1.264928983469706836e+00,-9.921422489423814550e-02,1.477541557953624962e-01,6.945299854432636019e-03,9.562536599534848802e-02,-2.808905228565478085e-02
2.546909381876375278e+02,-1.257215867732356607e+00,-1.039289536246507800e-01,1.456447982364387217e-01,6.873948142567001991e-03,9.718179283001553148e-02,-1.675687920258558949e-03
2.547709541908381823e+02,-1.249373761281807216e+00,-1.085750095946522303e-01,1.435750160833648703e-01,6.807559000040663139e-03,9.885162347817530448e-02,1.061616442060808463e-01
2.548509701940388084e+02,-1.241393101119115938e+00,-1.131519817082932422e-01,1.415444464236747801e-01,6.746124427081481335e-03,1.006471489618765702e-01,1.431182320594333035e-01
2.549309861972394629e+02,-1.233263266810404213e+00,-1.176593790919511912e-01,1.395527529335878203e-01,6.689646970702884873e-03,1.025826738396079102e-01,-2.536946072290792442e-02
2.550110022004400889e+02,-1.224972406514341916e+00,-1.220966241533993635e-01,1.375996280174423825e-01,6.638140668480110515e-03,1.046748889062993487e-01,2.196436173522782753e-01
2.550910182036407434e+02,-1.216507226427118171e+00,-1.264630444205337156e-01,1.356847953519867422e-01,6.591632180670685057e-03,1.069433415432873707e-01,1.448074512460402474e-02
2.551710342068413695e+02,-1.207852734005705475e+00,-1.307578629010083537e-01,1.338080129268082730e-01,6.550162152917708876e-03,1.094110331175766199e-01,2.057718858744043700e-01
2.552510502100420240e+02,-1.198991926055276380e+00,-1.349801865969489090e-01,1.319690767021436395e-01,6.513786866053337260e-03,1.121052040927980609e-01,1.073982649731118066e-01
2.553310662132426501e+02,-1.189905415351342644e+00,-1.391289925818363360e-01,1.301678250637764434e-01,6.482580257837185569e-03,1.150584087121094695e-01,2.061590423622544632e-01
2.554110822164433046e+02,-1.180570955525238830e+00,-1.432031113570446379e-01,1.284041442369891484e-01,6.456636390812290488e-03,1.183098439682818415e-01,1.754507495263527561e-01
2.554910982196439306e+02,-1.170962842617381705e+00,-1.472012066890807103e-01,1.266779749351177875e-01,6.436072495651075885e-03,1.219070898902788191e-01,9.371458724551026687e-02
2.555711142228445851e+02,-1.161051155606343865e+00,-1.511217509615714605e-01,1.249893206015741942e-01,6.421032758461279154e-03,1.259084260125133692e-01,1.741592670300660395e-01
2.556511302260452112e+02,-1.150800781479446089e+00,-1.549629947902002591e-01,1.233382577268207492e-01,6.411693078335687322e-03,1.303859493886103116e-01,-3.451186802024969191e-03
2.557311462292458657e+02,-1.140170148264929795e+00,-1.587229292144264059e-01,1.217249489026141218e-01,6.408267107020063427e-03,1.354298263170114480e-01,5.815204172844840036e-03
2.558111622324464918e+02,-1.129109556592549080e+00,-1.623992381621626180e-01,1.201496595391175620e-01,6.411014007323357668e-03,1.411541757240789563e-01,1.059296987978490256e-01
2.558911782356471463e+02,-1.117558950780249694e+00,-1.659892379908015081e-01,1.186127795607328506e-01,6.420248552100138104e-03,1.477053449432618459e-01,2.853258978342180230e-01
2.559711942388477723e+02,-1.105444894691343771e+00,-1.694897995938689228e-01,1.171148519855932657e-01,6.436354465539889658e-03,1.552737658021288714e-01,8.093025733905220842e-02
2.560512102420483984e+02,-1.092676402107562117e+00,-1.728972465704893824e-01,1.156566112000629309e-01,6.459802340330003494e-03,1.641112944501272319e-01,1.045863769317243175e-01
2.561312262452490813e+02,-1.079139059846267346e+00,-1.762072194164588101e-01,1.142390353760325272e-01,6.491174252275612455e-03,1.745570806213177784e-01,3.413721435931220682e-01
2.562112422484497074e+02,-1.064686535749755247e+00,-1.794144930432720608e-01,1.128634193258039042e-01,6.531198044068478245e-03,1.870771391526089567e-01,1.917186214009499179e-01
2.562912582516503335e+02,-1.049128171718866076e+00,-1.825127233666172522e-01,1.115314787556759418e-01,6.580796525981853426e-03,2.023269073801695073e-01,2.027009295742145667e-01
2.563712742548509596e+02,-1.032210099196517072e+00,-1.854940891836171779e-01,1.102455036598349869e-01,6.641160094095980258e-03,2.212526678021194126e-01,1.165419719645433422e-01
2.564512902580516425e+02,-1.013585715228078277e+00,-1.883487717993827248e-01,1.090085913226640502e-01,6.713857270215788271e-03,2.452625190641533615e-01,2.516095954892096365e-01
2.565313062612522685e+02,-9.927678857580080063e-01,-1.910641741955952932e-01,1.078250139836863519e-01,6.801009624917019394e-03,2.765268286308346091e-01,3.361375620027711175e-01
2.566113222644528946e+02,-9.690481220515554384e-01,-1.936237057661183425e-01,1.067008261265579849e-01,6.905581449457305621e-03,3.185322945043901344e-01,3.132077368128197703e-01
2.566913382676535207e+02,-9.413530340224390836e-01,-1.960048064573029769e-01,1.056449236128268188e-01,7.031886247260808395e-03,3.771640338962121697e-01,4.538698158451164311e-01
2.567713542708542036e+02,-9.079730786769159012e-01,-1.981755509140994964e-01,1.046710248651153558e-01,7.186536552297717421e-03,4.629701220817166729e-01,4.961054948925430197e-01
2.568513702740548297e+02,-8.660132337104002875e-01,-2.000884409255526686e-01,1.038016910755181349e-01,7.380376072800094202e-03,5.963128865108798804e-01,7.015866868906945886e-01
2.569313862772554558e+02,-8.101707535767570523e-01,-2.016680053824958796e-01,1.030774796232463153e-01,7.632889355816325529e-03,8.203751036272272090e-01,9.032824937071916027e-01
2.570114022804560818e+02,-7.296862422332431874e-01,-2.027831375364756716e-01,1.025811549680837875e-01,7.983891909049793678e-03,1.238587320331686614e+00,1.225490393684918855e+00
2.570914182836567647e+02,-5.995207681020541246e-01,-2.031747035080458674e-01,1.025170460190403254e-01,8.531925874526410589e-03,2.141367556390528115e+00,2.228562490142080410e+00
2.571714342868573908e+02,-3.497734840260064426e-01,-2.022132050225278199e-01,1.035647786629624867e-01,9.605664639029546162e-03,4.514986655064610943e+00,4.695726754878695175e+00
2.572514502900580169e+02,2.487368178316577416e-01,-1.978365534140510973e-01,1.087831190641595919e-01,1.268547575558027531e-02,1.165470310527417119e+01,1.168531993833129690e+01
2.573314662932586430e+02,1.458760723502254608e+00,-1.858686238515754874e-01,1.217979110534925802e-01,1.947400248830719396e-02,1.365102923694926140e+01,1.352920054438264863e+01
2.574114822964593259e+02,1.954722555048866051e+00,-1.675956994641732423e-01,1.362614766347430562e-01,2.678403856725445828e-02,1.364739854078432568e+00,1.384066465898527554e+00
2.574914982996599520e+02,1.985340698835114548e+00,-1.481892687160320521e-01,1.506805387488950043e-01,3.387681407326974259e-02,-1.471191386680920088e-02,-3.443336750550961278e-02
2.575715143028605780e+02,1.979919349920905791e+00,-1.288199663628524505e-01,1.650199716895088820e-01,4.073761555839903320e-02,-8.881206123740152669e-02,1.705008849783866132e-01
2.576515303060612041e+02,1.972579754354613524e+00,-1.095650855494018361e-01,1.792694347714719749e-01,4.736457777309908274e-02,-9.297634115470257421e-02,-1.737681292657192178e-02
2.577315463092618870e+02,1.965116561830920316e+00,-9.043156410608710338e-02,1.934204446620117201e-01,5.375740901895307428e-02,-9.347577076978234867e-02,-2.041039332101153292e-01
2.578115623124625131e+02,1.957625137095942325e+00,-7.142293440844275920e-02,2.074654922408996072e-01,5.991696997249958828e-02,-9.376442456892428168e-02,-1.126258410813888028e-01
2.578915783156631392e+02,1.950111805845618607e+00,-5.254276356995179337e-02,2.213979153278845258e-01,6.584518356647930948e-02,-9.402846020008021055e-02,5.203621092694954431e-02
2.579715943188637652e+02,1.942578030693824287e+00,-3.379477053998359432e-02,2.352118190622585203e-01,7.154493866475898634e-02,-9.427535239056655803e-02,-2.106341912110573089e-01
2.580516103220644482e+02,1.935025134998716867e+00,-1.518276252183224651e-02,2.489020060885744901e-01,7.701997937225750490e-02,-9.450606113185856805e-02,-1.439702188671063698e-01
2.581316263252650742e+02,1.927454442714838123e+00,3.289442201330605026e-03,2.624639135172131543e-01,8.227478706676998044e-02,-9.472086299713339264e-02,-9.496871280374720448e-02
2.582116423284657003e+02,1.919867220408929986e+00,2.161809184902342348e-02,2.758935556997954563e-01,8.731446140255337551e-02,-9.491822460468132827e-02,-1.102144585175376390e-01
2.582916583316663264e+02,1.912264834540804648e+00,3.979957471567053401e-02,2.891874721513293944e-01,9.214460499981001751e-02,-9.510095684728443743e-02,-1.549625805075793838e-01
2.583716743348670093e+02,1.904648467951609137e+00,5.783048715790123362e-02,3.023426801083164417e-01,9.677121511606566473e-02,-9.526740586033180525e-02,-8.280558626672175626e-02
2.584516903380676354e+02,1.897019343166132188e+00,7.570769116145860400e-02,3.153566312416114514e-01,1.012005843894595025e-01,-9.541970366621198296e-02,-2.372562395759015286e-01
2.585317063412682614e+02,1.889378576280595690e+00,9.342836172711567466e-02,3.282271721787962671e-01,1.054392118206387841e-01,-9.555947646442564114e-02,-1.542776297827094523e-01
2.586117223444688875e+02,1.881727115414436380e+00,1.109900219592491605e-01,3.409525084819269858e-01,1.094937243996310788e-01,-9.568642413826412840e-02,-1.564905379755476278e-01
2.586917383476695704e+02,1.874065896697825417e+00,1.283905652613096804e-01,3.535311717771314477e-01,1.133708092658530231e-01,-9.580376101200205330e-02,-1.269598136518737819e-01
2.587717543508701965e+02,1.866395664648395236e+00,1.456282664962316176e-01,3.659619897902124386e-01,1.170771559263736744e-01,-9.591269211194804190e-02,-1.269545115765327026e-01
2.588517703540708226e+02,1.858717008863404851e+00,1.627017817898610275e-01,3.782440590159760196e-01,1.206194078030798644e-01,-9.601382601274743855e-02,-9.755294924345117580e-02
2.589317863572714487e+02,1.851030459948137752e+00,1.796101388097207652e-01,3.903767198013135542e-01,1.240041222622684791e-01,-9.611020860023147816e-02,-1.322835543482499820e-01
2.590118023604721316e+02,1.843336367040989909e+00,1.963527199434040860e-01,4.023595336472807760e-01,1.272377382232686704e-01,-9.620346363798729095e-02,-1.394540282904563333e-01
2.590918183636727576e+02,1.835634910857337099e+00,2.129292392424897706e-01,4.141922625195519903e-01,1.303265504286550691e-01,-9.629416738324431124e-02,-6.177125693444081994e-02
2.591718343668733837e+02,1.827926195692119560e+00,2.293397149860359197e-01,4.258748499919530750e-01,1.332766895019360243e-01,-9.638447773745832670e-02,-8.068890032352102337e-03
2.592518503700740098e+02,1.820210211516770427e+00,2.455844400051216403e-01,4.374074040715717482e-01,1.360941069793044356e-01,-9.647675094313461208e-02,-2.028814297407297018e-03
2.593318663732746927e+02,1.812486771088788640e+00,2.616639508775741585e-01,4.487901815501417757e-01,1.387845645659037397e-01,-9.657150299716074637e-02,-2.135925193446356896e-01
2.594118823764753188e+02,1.804755596992047906e+00,2.775789966443439893e-01,4.600235737331351271e-01,1.413536269415562596e-01,-9.666977417388741833e-02,-7.381131841526092363e-02
2.594918983796759449e+02,1.797016336105614176e+00,2.933305085479200880e-01,4.711080934341285165e-01,1.438066575277942571e-01,-9.677328228238427088e-02,-2.399182194771909415e-02
2.595719143828765709e+02,1.789268542621853531e+00,3.089195713561546652e-01,4.820443631173900734e-01,1.461488166960854540e-01,-9.688369141867200773e-02,-1.255014630284080335e-01
2.596519303860772538e+02,1.781511645503046415e+00,3.243473966932207686e-01,4.928331040833501264e-01,1.483850619675150806e-01,-9.700151339593135469e-02,-5.226423088244846332e-02
2.597319463892778799e+02,1.773745001196465276e+00,3.396152983679863735e-01,5.034751265940566878e-01,1.505201498146890859e-01,-9.712741821674975018e-02,-1.211295582934268783e-01
2.598119623924785060e+02,1.765967905902934731e+00,3.547246701980973915e-01,5.139713208605614092e-01,1.525586387408297828e-01,-9.726238366725911688e-02,-6.163723642628687882e-02
2.598919783956791321e+02,1.758179594978264815e+00,3.696769662848857219e-01,5.243226488118335471e-01,1.545048933572578942e-01,-9.740751056886987058e-02,-2.517682454983972695e-01
2.599719943988798150e+02,1.750379239611894233e+00,3.844736836556079673e-01,5.345301365730690257e-01,1.563630892254821436e-01,-9.756379843710860644e-02,-5.356323874311762212e-02
2.600520104020804411e+02,1.742565934780992087e+00,3.991163471782305239e-01,5.445948675891676416e-01,1.581372182691616335e-01,-9.773173155566555748e-02,-1.480919964283621548e-01
2.601320264052810671e+02,1.734738721685979757e+00,4.136064964611810835e-01,5.545179763308929477e-01,1.598310945923999693e-01,-9.791179397505012094e-02,-1.736210026284544239e-01
2.602120424084816932e+02,1.726896595016593983e+00,4.279456747103942971e-01,5.643006425342789179e-01,1.614483605729754023e-01,-9.810458277996342291e-02,-1.302562874134471638e-01
2.602920584116823761e+02,1.719038502705424465e+00,4.421354193366086038e-01,5.739440859248300386e-01,1.629924931212023975e-01,-9.831074279719603792e-02,-1.948437732529839650e-03
2.603720744148830022e+02,1.711163345884654907e+00,4.561772541010789550e-01,5.834495613819926652e-01,1.644668100156237434e-01,-9.853092666565199664e-02,-6.501731651695083491e-03
2.604520904180836283e+02,1.703269978872372636e+00,4.700726826177633599e-01,5.928183545043917979e-01,1.658744762442844189e-01,-9.876577327456587119e-02,-7.622077369029355010e-02
2.605321064212842543e+02,1.695357209080155636e+00,4.838231830393643906e-01,6.020517775397734583e-01,1.672185102947770230e-01,-9.901589972186250477e-02,-1.494494405676058402e-02
2.606121224244849373e+02,1.687423796524169628e+00,4.974302037682591937e-01,6.111511656471975140e-01,1.685017903483937707e-01,-9.928189748414847915e-02,-1.423392259581151287e-01
2.606921384276855633e+02,1.679468452196030359e+00,5.108951600486711930e-01,6.201178734619134936e-01,1.697270603437661396e-01,-9.956431464546444676e-02,-2.264225723406190216e-01
2.607721544308861894e+02,1.671489839592411375e+00,5.242194312936728773e-01,6.289532719356194512e-01,1.708969358834031005e-01,-9.986372322453723749e-02,-2.888270893237034342e-01
2.608521704340868155e+02,1.663486573774830779e+00,5.374043590481547561e-01,6.376587454281338330e-01,1.720139099639620139e-01,-1.001807362687567871e-01,-1.057693272562356818e-01
2.609321864372874415e+02,1.655457219057131946e+00,5.504512454809777910e-01,6.462356890282726640e-01,1.730803585163194214e-01,-1.005160034213040121e-01,-1.176667601642936989e-01
2.610122024404881245e+02,1.647400286419744564e+00,5.633613523114047172e-01,6.546855060834756435e-01,1.740985457460823282e-01,-1.008702109517672918e-01,-9.979055854011496807e-02
2.610922184436887505e+02,1.639314230574268283e+00,5.761359000905538208e-01,6.630096059196403102e-01,1.750706292689347410e-01,-1.012440842229192506e-01,-9.704803653057766932e-02
2.611722344468893766e+02,1.631197446642997484e+00,5.887760677691754596e-01,6.712094017343170904e-01,1.759986650381981099e-01,-1.016383917763735711e-01,1.760220853245780814e-02
2.612522504500900027e+02,1.623048266422645547e+00,6.012829924920592983e-01,6.792863086476295109e-01,1.768846120643227382e-01,-1.020539505275114278e-01,-1.966654882501937263e-01
2.613322664532906856e+02,1.614864954204700220e+00,6.136577695679332756e-01,6.872417418967589064e-01,1.777303369279136513e-01,-1.024916318206059440e-01,-1.825035519251054783e-01
2.614122824564913117e+02,1.606645702127299069e+00,6.259014525706269039e-01,6.950771151607947340e-01,1.785376180893158415e-01,-1.029523683111349674e-01,8.605598037693729108e-02
2.614922984596919378e+02,1.598388625034498522e+00,6.380150535337062445e-01,7.027938390039083494e-01,1.793081499988962157e-01,-1.034371618184246056e-01,-2.922207548007582645e-02
2.615723144628925638e+02,1.590091754818931058e+00,6.499995432057683598e-01,7.103933194254864469e-01,1.800435470129463089e-01,-1.039470924309005007e-01,-1.367991957537117442e-01
2.616523304660932467e+02,1.581753034222208809e+00,6.618558513383751007e-01,7.178769565068352509e-01,1.807453471207236539e-01,-1.044833292517519108e-01,-3.110041603615010808e-01
2.617323464692938728e+02,1.573370310070137279e+00,6.735848669820886370e-01,7.252461431445776929e-01,1.814150154885108279e-01,-1.050471433508087804e-01,-1.928667979633956198e-01
2.618123624724944989e+02,1.564941325520897708e+00,6.851874387711930359e-01,7.325022638616990323e-01,1.820539478268435318e-01,-1.056399162061794073e-01,-1.444747747866343135e-01
2.618923784756951250e+02,1.556463709219543468e+00,6.966643751873663470e-01,7.396466936878886012e-01,1.826634735873584048e-01,-1.062631073483380484e-01,-1.175662498389670324e-01
2.619723944788958079e+02,1.547934966463121231e+00,7.080164447637764535e-01,7.466807970998051713e-01,1.832448589948902917e-01,-1.069182796233816846e-01,-9.090291675757566914e-02
2.620524104820964340e+02,1.539352469449891014e+00,7.192443762259678186e-01,7.536059270137337451e-01,1.837993099211440995e-01,-1.076071260030689314e-01,-1.333599044030719105e-01
2.621324264852970600e+02,1.530713446221617202e+00,7.303488585568415070e-01,7.604234238229679033e-01,1.843279746058730795e-01,-1.083314933205237196e-01,3.251850575956172218e-03
2.622124424884976861e+02,1.522014968662031231e+00,7.413305409700127191e-01,7.671346144720285753e-01,1.848319462311255601e-01,-1.090934121483103092e-01,-2.308618552698890047e-01
2.622924584916983690e+02,1.513253939448809149e+00,7.521900327781742002e-01,7.737408115601275282e-01,1.853122653538733788e-01,-1.098951334132347579e-01,-1.414565701324740632e-01
2.623724744948989951e+02,1.504427077830591930e+00,7.629279031426781099e-01,7.802433124660704822e-01,1.857699222019573992e-01,-1.107391722468778483e-01,-1.818952265286718217e-01
2.624524904980996212e+02,1.495530901372713828e+00,7.735446807043716566e-01,7.866433984877536645e-01,1.862058588383316005e-01,-1.116283165217488160e-01,-3.755477961651083885e-02
2.625325065013002472e+02,1.486561691491166570e+00,7.840408531450590024e-01,7.929423339926441328e-01,1.866209711999546605e-01,-1.125654197107042731e-01,-9.823566165103306269e-02
2.626125225045009302e+02,1.477515479777071317e+00,7.944168664761896981e-01,7.991413655583624598e-01,1.870161110089988421e-01,-1.135535811447416221e-01,-3.808052509417608755e-02
2.626925385077015562e+02,1.468388031614681344e+00,8.046731241463622730e-01,8.052417211007535380e-01,1.873920875625017801e-01,-1.145963150566225996e-01,-1.102832431976016048e-01
2.627725545109021823e+02,1.459174821899231755e+00,8.148099859733034522e-01,8.112446089813598604e-01,1.877496694037833758e-01,-1.156976394065242775e-01,2.560664063149705183e-01
2.628525705141028084e+02,1.449871003035249739e+00,8.248277668784544936e-01,8.171512170838242106e-01,1.880895858774904728e-01,-1.168621062488800488e-01,-4.821471017162212713e-02
2.629325865173034913e+02,1.440471337936476193e+00,8.347267355604552908e-01,8.229627118609343928e-01,1.884125285757802803e-01,-1.180944129230768191e-01,-1.967754180843915846e-01
2.630126025205041174e+02,1.430970177158803480e+00,8.445071126277718943e-01,8.286802373040997871e-01,1.887191526590922541e-01,-1.193997533431884195e-01,-1.233679764292066605e-01
2.630926185237047434e+02,1.421361433800251151e+00,8.541690683883976787e-01,8.343049138354711181e-01,1.890100780579198336e-01,-1.207841925553773677e-01,-1.643133265075006344e-01
2.631726345269053695e+02,1.411638529040132095e+00,8.637127204137170500e-01,8.398378371180375002e-01,1.892858905597899766e-01,-1.222547211960675617e-01,-4.984821385041866837e-02
2.632526505301060524e+02,1.401794279478356442e+00,8.731381310378405480e-01,8.452800767853377861e-01,1.895471427884553028e-01,-1.238187001222884609e-01,-3.006485557598317926e-02
2.633326665333066785e+02,1.391820859882844763e+00,8.824453038896676871e-01,8.506326749924799646e-01,1.897943550343199337e-01,-1.254844706130839316e-01,-9.039795977284320605e-02
2.634126825365073046e+02,1.381709754588173134e+00,8.916341798662901219e-01,8.558966447958940016e-01,1.900280159461176233e-01,-1.272619227597845959e-01,-1.483015341112607910e-01
2.634926985397079306e+02,1.371451608651571341e+00,9.007046330816841362e-01,8.610729683895872455e-01,1.902485831040412190e-01,-1.291620301166473972e-01,-1.988712061425495503e-01
2.635727145429086136e+02,1.361036102687725791e+00,9.096564658888767196e-01,8.661625950856265410e-01,1.904564834270368878e-01,-1.311969854612751729e-01,2.642693708695992294e-02
2.636527305461092396e+02,1.350451895637294841e+00,9.184894024235844556e-01,8.711664389350826099e-01,1.906521133714967342e-01,-1.333813660788926714e-01,-2.431080396038319547e-02
2.637327465493098657e+02,1.339686393839877532e+00,9.272030822445378462e-01,8.760853761063289724e-01,1.908358389864561744e-01,-1.357316465675120765e-01,-4.311513193953019352e-01
2.638127625525104918e+02,1.328725560212786760e+00,9.357970523696885756e-01,8.809202417952198827e-01,1.910079957248768667e-01,-1.382666619950706499e-01,-1.338980787644027670e-01
2.638927785557111747e+02,1.317553768099575029e+00,9.442707572285282680e-01,8.856718265252503386e-01,1.911688879524693629e-01,-1.410089824295746030e-01,-2.272155732984983412e-01
2.639727945589118008e+02,1.306153402090515225e+00,9.526235286437686467e-01,8.903408720012938593e-01,1.913187882461873102e-01,-1.439843286427586189e-01,-1.837373477177192127e-01
2.640528105621124269e+02,1.294504628766516507e+00,9.608545719327653556e-01,8.949280659480206568e-01,1.914579362188933431e-01,-1.472235001566221668e-01,2.002298877085179063e-02
2.641328265653130529e+02,1.282584928143308156e+00,9.689629508843126127e-01,8.994340361086328173e-01,1.915865369742214830e-01,-1.507629057559009556e-01,-2.660595207035199583e-01
2.642128425685137358e+02,1.270368577866783921e+00,9.769475693597130528e-01,9.038593429620690456e-01,1.917047589965029664e-01,-1.546459552785192648e-01,-2.605835181968456649e-01
2.642928585717143619e+02,1.257826062611776985e+00,9.848071485294503935e-01,9.082044707616299117e-01,1.918127313090939590e-01,-1.589253005226290427e-01,8.474441892468326243e-02
2.643728745749149880e+02,1.244923187984331658e+00,9.925402007249213288e-01,9.124698167375027147e-01,1.919105398587211686e-01,-1.636646060476726339e-01,-2.127875577313370903e-01
2.644528905781156141e+02,1.231620135730085774e+00,1.000144995491303535e+00,9.166556773937036828e-01,1.919982226460590635e-01,-1.689424625948912628e-01,-1.939302887323540725e-01
2.645329065813162970e+02,1.217870052399437020e+00,1.007619519769909155e+00,9.207622316276712349e-01,1.920757635302313415e-01,-1.748561518991748054e-01,-6.174206119801481374e-02
2.646129225845169231e+02,1.203617356678424510e+00,1.014961426451350901e+00,9.247895189822412654e-01,1.921430839573137483e-01,-1.815280361108673191e-01,-2.335639332661396395e-01
2.646929385877175491e+02,1.188795420317510398e+00,1.022167970299334039e+00,9.287374117684279451e-01,1.922000321029936898e-01,-1.891138941113923444e-01,-1.864247002732421221e-01
2.647729545909181752e+02,1.173323402625061629e+00,1.029235926587718453e+00,9.326055786935604219e-01,1.922463684273902351e-01,-1.978146147556703038e-01,-1.740057156745209999e-01
2.648529705941188581e+02,1.157102048914638415e+00,1.036161483548373008e+00,9.363934361039211174e-01,1.922817459417398844e-01,-2.078940014581559526e-01,-6.766814975945725785e-02
2.649329865973194842e+02,1.140007657531497021e+00,1.042940102921142476e+00,9.401000823319948241e-01,1.923056833053626846e-01,-2.197042461679177272e-01,-3.818177542448334960e-01
2.650130026005201103e+02,1.121883546340576299e+00,1.049566331590511492e+00,9.437242065558570925e-01,1.923175270120841551e-01,-2.337252449181120850e-01,-3.175346379052368384e-01
2.650930186037207363e+02,1.102527583379238285e+00,1.056033542815644433e+00,9.472639593047007533e-01,1.923163970899912090e-01,-2.506261353579397611e-01,-2.638080851302563867e-01
2.651730346069214193e+02,1.081673390237166910e+00,1.062333574070174480e+00,9.507167637021691764e-01,1.923011072454796910e-01,-2.713644508623047624e-01,-1.805650616372290740e-01
2.652530506101220453e+02,1.058961215261200239e+00,1.068456204942590970e+00,9.540790310189416479e-01,1.922700435611918723e-01,-2.973522299700936955e-01,-3.617608139898855213e-01
2.653330666133226714e+02,1.033891084491390000e+00,1.074388378569535840e+00,9.573457145899959553e-01,1.922209727187352279e-01,-3.307456747466241964e-01,-2.846091897382749258e-01
2.654130826165232975e+02,1.005744255439255497e+00,1.080113003209824951e+00,9.605095801540657341e-01,1.921507263620160777e-01,-3.749753132736677319e-01,-4.263940951304543980e-01
2.654930986197239804e+02,9.734448557270471980e-01,1.085607017286239984e+00,9.635599426711589643e-01,1.920546509857261608e-01,-4.357726207888101833e-01,-4.752715352018746509e-01
2.655731146229246065e+02,9.353013958599112332e-01,1.090838101923806480e+00,9.664803304983226040e-01,1.919255849023570326e-01,-5.232969665002223936e-01,-3.958899349787260435e-01
2.656531306261252325e+02,8.884880757792242845e-01,1.095758717320133968e+00,9.692437863399216980e-01,1.917517895827919316e-01,-6.569177455254232578e-01,-6.805063540563536240e-01
2.657331466293258586e+02,8.279068431419163154e-01,1.100294342857051744e+00,9.718023172881016247e-01,1.915122861334333793e-01,-8.771085309775689121e-01,-5.809484210549216154e-01
2.658131626325265415e+02,7.433993147917669075e-01,1.104317622324075154e+00,9.740595008899912699e-01,1.911647181919177152e-01,-1.278985869381732421e+00,-1.243058405457988513e+00
2.658931786357271676e+02,6.118633074782039438e-01,1.107581969367795072e+00,9.757830159122321545e-01,1.906066647407623216e-01,-2.122733840311721742e+00,-2.010148857380669618e+00
2.659731946389277937e+02,3.708480175271791079e-01,1.109506170219222820e+00,9.762318551632783725e-01,1.895130149885081439e-01,-4.260037592126280082e+00,-4.185833577101724323e+00
2.660532106421284197e+02,-1.773416016014150720e-01,1.108257656436101080e+00,9.722158741177550079e-01,1.865434846808352032e-01,-1.049890276358854102e+01,-1.065450222323321938e+01
2.661332266453291027e+02,-1.319888710993263770e+00,1.099884788077801989e+00,9.591191777702339216e-01,1.800543250885524582e-01,-1.437491994793457017e+01,-1.452894193866855588e+01
2.662132426485297287e+02,-1.904369862810496361e+00,1.084966638211095846e+00,9.439690510778157018e-01,1.730044472235067188e-01,-1.932456931422311897e+00,-1.883739362530510109e+00
2.662932586517303548e+02,-1.953081158788499083e+00,1.068599333932473305e+00,9.290118720509884520e-01,1.662498464719040780e-01,-5.163740980878850362e-02,-1.622169859167392203e-01
2.663732746549309809e+02,-1.950804437218072396e+00,1.052242397210082059e+00,9.142908232746509434e-01,1.597961851684810697e-01,6.091359624855186006e-02,6.144852459209371176e-03
2.664532906581316638e+02,-1.945562732914571491e+00,1.036004469919667104e+00,8.998037850922900871e-01,1.536318269306964635e-01,6.740857574657477258e-02,3.375666362397673759e-02
2.665333066613322899e+02,-1.940143540971198233e+00,1.019891413343004150e+00,8.855471396670862028e-01,1.477445462534524856e-01,6.788837755770937843e-02,-2.380650156735741874e-02
2.666133226645329160e+02,-1.934705770673474268e+00,1.003903213887427759e+00,8.715172428955588746e-01,1.421221874156964882e-01,6.801882126117320126e-02,1.863456038796982850e-01
2.666933386677335420e+02,-1.929258863143305414e+00,9.880395270961672693e-01,8.577105039145034304e-01,1.367527772371094075e-01,6.812594287075868227e-02,1.460310321180740556e-01
2.667733546709342249e+02,-1.923803590244880013e+00,9.722999945063274252e-01,8.441233888197033908e-01,1.316245951223486421e-01,6.822841501705340095e-02,8.570626018378771360e-02
2.668533706741348510e+02,-1.918340227445867185e+00,9.566842621921544110e-01,8.307524200284173155e-01,1.267262286201523147e-01,6.832750004180376813e-02,1.244492760443977886e-01
2.669333866773354771e+02,-1.912869026140196160e+00,9.411919818510681157e-01,8.175941753973452464e-01,1.220466170641273523e-01,6.842370894020316507e-02,-2.225888196448150280e-02
2.670134026805361032e+02,-1.907390233268535962e+00,9.258228108499134690e-01,8.046452873398469707e-01,1.175750845213476836e-01,6.851752124592547233e-02,1.559598031088548775e-01
2.670934186837367861e+02,-1.901904068747137577e+00,9.105764121635075981e-01,7.919024419560636296e-01,1.133013632651189706e-01,6.860866235922497003e-02,-1.645485020191433945e-02
2.671734346869374122e+02,-1.896410746973943295e+00,8.954524544076594150e-01,7.793623781791489957e-01,1.092156089999897772e-01,6.869686116424272848e-02,2.247933172011205571e-01
2.672534506901380382e+02,-1.890910484200021058e+00,8.804506118268905501e-01,7.670218869350489133e-01,1.053084090331047468e-01,6.878210408607365878e-02,1.994318229731853465e-03
2.673334666933386643e+02,-1.885403495541818852e+00,8.655705642417392820e-01,7.548778103158517716e-01,1.015707845190408215e-01,6.886453596249425546e-02,1.338346058984002385e-02
2.674134826965393472e+02,-1.879889992760267248e+00,8.508119969796225091e-01,7.429270407667497578e-01,9.799418781574810444e-02,6.894438586537848801e-02,1.854156934069848273e-01
2.674934986997399733e+02,-1.874370182616235336e+00,8.361746007866941444e-01,7.311665202864691127e-01,9.457049588663046791e-02,6.902191130777612926e-02,1.339474603347043935e-01
2.675735147029405994e+02,-1.868844263657273297e+00,8.216580717129431388e-01,7.195932396406952147e-01,9.129200057627738507e-02,6.909729281930898637e-02,-2.638796913939769895e-02
2.676535307061412254e+02,-1.863312420056189689e+00,8.072621109647566406e-01,7.082042375883443874e-01,8.815139648075026590e-02,6.917043932177374677e-02,1.295501169256224883e-01
2.677335467093419084e+02,-1.857774831404833460e+00,7.929864247711758685e-01,6.969966001212112294e-01,8.514176703145212577e-02,6.924129764537823029e-02,6.917911776647325817e-02
2.678135627125425344e+02,-1.852231674070611733e+00,7.788307242008436493e-01,6.859674597157620068e-01,8.225656931568589569e-02,6.930988573403129571e-02,7.114625349764297502e-02
2.678935787157431605e+02,-1.846683120535821621e+00,7.647947249430330219e-01,6.751139945969859557e-01,7.948961807134705126e-02,6.937626179159273043e-02,1.313837217342159192e-01
2.679735947189437866e+02,-1.841129339025508793e+00,7.508781470569835248e-01,6.644334280143447957e-01,7.683506921594489281e-02,6.944050328513695636e-02,1.312233549443013181e-01
2.680536107221444695e+02,-1.835570493332163933e+00,7.370807146873914473e-01,6.539230275294741768e-01,7.428740320240473372e-02,6.950269282251508862e-02,1.715598909769466829e-01
2.681336267253450956e+02,-1.830006742792468666e+00,7.234021557443709449e-01,6.435801043155197076e-01,7.184140843554356892e-02,6.956290945021731398e-02,1.180158355294735895e-01
2.682136427285457216e+02,-1.824438242375423513e+00,7.098422015460225110e-01,6.334020124677806063e-01,6.949216493290386043e-02,6.962122408831761255e-02,1.025348295343936622e-01
2.682936587317463477e+02,-1.818865142845504934e+00,6.964005864222060360e-01,6.233861483256093461e-01,6.723502837126414666e-02,6.967769798486844746e-02,5.981840947970519518e-02
2.683736747349469738e+02,-1.813287590968515994e+00,6.830770472779085223e-01,6.135299498052618761e-01,6.506561462456474099e-02,6.973238323332991984e-02,2.196745036134596929e-01
2.684536907381476567e+02,-1.807705729731966748e+00,6.698713231149379110e-01,6.038308957435463142e-01,6.297978486959759925e-02,6.978532455182290262e-02,-7.862886907141555803e-03
2.685337067413482828e+02,-1.802119698555877614e+00,6.567831545108512303e-01,5.942865052521197899e-01,6.097363131167986283e-02,6.983656167158236450e-02,2.613452908722081469e-01
2.686137227445489088e+02,-1.796529633473820775e+00,6.438122830540452535e-01,5.848943370821523269e-01,5.904346356292686920e-02,6.988613182330460916e-02,2.885156156731230048e-01
2.686937387477495349e+02,-1.790935667268118481e+00,6.309584507345006310e-01,5.756519889993207961e-01,5.718579569009538816e-02,6.993407194388484571e-02,2.872261061089996792e-01
2.687737547509502178e+02,-1.785337929546879421e+00,6.182213992896051780e-01,5.665570971688572710e-01,5.539733393648473003e-02,6.998042035180201959e-02,5.663941465666405550e-02
2.688537707541508439e+02,-1.779736546754531190e+00,6.056008695050490998e-01,5.576073355505655194e-01,5.367496511272758231e-02,7.002521775634068524e-02,2.810315026875809252e-01
2.689337867573514700e+02,-1.774131642111216323e+00,5.930966004708775330e-01,5.488004153035456190e-01,5.201574564383699278e-02,7.006850757451665856e-02,1.855035124831653781e-01
2.690138027605520961e+02,-1.768523335480318481e+00,5.807083287934909910e-01,5.401340842006013832e-01,5.041689125435842161e-02,7.011033562889928961e-02,1.779823592020876866e-01
2.690938187637527790e+02,-1.762911743166949652e+00,5.684357877644866663e-01,5.316061260520806853e-01,4.887576726939082267e-02,7.015074938964277473e-02,4.002225026021048460e-01
2.691738347669534051e+02,-1.757296977653998615e+00,5.562787064879460841e-01,5.232143601390765175e-01,4.738987950646957048e-02,7.018979700516014830e-02,9.074465540781005701e-02
2.692538507701540311e+02,-1.751679147285790883e+00,5.442368089680309495e-01,5.149566406557563036e-01,4.595686573145675580e-02,7.022752643692509178e-02,1.283424359679662674e-01
2.693338667733546572e+02,-1.746058355913059135e+00,5.323098131595959126e-01,5.068308561608035889e-01,4.457448765059573992e-02,7.026398507556513851e-02,-5.462412701693858397e-02
2.694138827765553401e+02,-1.740434702516171717e+00,5.204974299847885399e-01,4.988349290377478984e-01,4.324062341043856394e-02,7.029922026694501724e-02,-1.510169711121644998e-01
2.694938987797559662e+02,-1.734808280826975135e+00,5.087993623194423387e-01,4.909668149641278623e-01,4.195326057745524251e-02,7.033328121894277807e-02,1.001880149210792326e-01
2.695739147829565923e+02,-1.729179178972638731e+00,4.972153039534565333e-01,4.832245023892766111e-01,4.071048956954414350e-02,7.036622279059032148e-02,1.143509466813903697e-01
2.696539307861572183e+02,-1.723547479168045182e+00,4.857449385302928802e-01,4.756060120207294961e-01,3.951049751240828106e-02,7.039811168703322131e-02,1.420334899292997055e-01
2.697339467893579013e+02,-1.717913257485923273e+00,4.743879384710666947e-01,4.681093963190539609e-01,3.835156249463921724e-02,7.042903559364085964e-02,1.019285727189592206e-01
2.698139627925585273e+02,-1.712276583736643598e+00,4.631439638895875621e-01,4.607327390010630963e-01,3.723204819642600416e-02,7.045911578328831193e-02,-1.276808405686823134e-01
2.698939787957591534e+02,-1.706637521491806808e+00,4.520126615051104912e-01,4.534741545512288585e-01,3.615039886792394824e-02,7.048852371907762815e-02,1.090612625508337874e-01
2.699739947989597795e+02,-1.700996127780608713e+00,4.409936635586905185e-01,4.463317877412550927e-01,3.510513463453440730e-02,7.051749002211366024e-02,1.838891025003269730e-01
2.700540108021604624e+02,-1.695352444402930869e+00,4.300865867133540354e-01,4.393038131567745253e-01,3.409484710712611805e-02,7.054611557141196587e-02,2.288968435134552393e-01
2.701340268053610885e+02,-1.689706498213797037e+00,4.192910310044716260e-01,4.323884347328486588e-01,3.311819527764629789e-02,7.057440543505183461e-02,-2.330680568231169314e-02
2.702140428085617145e+02,-1.684058305659416943e+00,4.086065788345241145e-01,4.255838852977396058e-01,3.217390168090744629e-02,7.060240068556544735e-02,-1.765276521786895980e-02
2.702940588117623406e+02,-1.678407873343685131e+00,3.980327939940490611e-01,4.188884261241372364e-01,3.126074880414930757e-02,7.063021216829196147e-02,2.038349262910923998e-03
2.703740748149630235e+02,-1.672755198930027110e+00,3.875692207324473726e-01,4.123003464881048186e-01,3.037757572777188483e-02,7.065806058328405470e-02,7.491266488470996188e-03
2.704540908181636496e+02,-1.667100272511217174e+00,3.772153828890386085e-01,4.058179632357503119e-01,2.952327498153780455e-02,7.068632516358114293e-02,-9.074929058216765765e-02
2.705341068213642757e+02,-1.661443068874797646e+00,3.669707830590315245e-01,3.994396203562812220e-01,2.869678960103913892e-02,7.071538738263674628e-02,2.839615605626746864e-03
2.706141228245649017e+02,-1.655783526777631076e+00,3.568349017878743590e-01,3.931636885607628362e-01,2.789711037030071297e-02,7.074519940743762003e-02,2.297398131230342366e-01
2.706941388277655847e+02,-1.650121569070116090e+00,3.468071969996200377e-01,3.869885648731634653e-01,2.712327324101575579e-02,7.077576914789607265e-02,-3.481801973680112572e-02
2.707741548309662107e+02,-1.644457109480325530e+00,3.368871034766202088e-01,3.809126722273948329e-01,2.637435691351144862e-02,7.080732833174563368e-02,-1.159807202758463829e-01
2.708541708341668368e+02,-1.638790055879166152e+00,3.270740324330650428e-01,3.749344590712741510e-01,2.564948056886964811e-02,7.084041477199570780e-02,4.338176365640171450e-02
2.709341868373674629e+02,-1.633120294483590973e+00,3.173673711292558375e-01,3.690523989750799094e-01,2.494780174090019398e-02,7.087554782124264041e-02,2.036241045534764593e-02
2.710142028405681458e+02,-1.627447657948654092e+00,3.077664825401167925e-01,3.632649902444768930e-01,2.426851431823650110e-02,7.091258973710920510e-02,1.389922806642403252e-01
2.710942188437687719e+02,-1.621771965134417348e+00,2.982707054248995848e-01,3.575707555506620339e-01,2.361084667386813968e-02,7.095162372451821464e-02,-3.400972598671850311e-03
2.711742348469693979e+02,-1.616093033229115017e+00,2.888793544310169770e-01,3.519682415642501616e-01,2.297405990741178267e-02,7.099321219559348584e-02,5.281230154654575903e-02
2.712542508501700240e+02,-1.610410663882033910e+00,2.795917202341464125e-01,3.464560185923591940e-01,2.235744619227979235e-02,7.103811417861899402e-02,-1.313730899814034847e-02
2.713342668533707069e+02,-1.604724586486264037e+00,2.704070696402197660e-01,3.410326802150905889e-01,2.176032721882173449e-02,7.108616955830496242e-02,-2.648488765598036587e-02
2.714142828565713330e+02,-1.599034515233555220e+00,2.613246462839755591e-01,3.356968429468374926e-01,2.118205273898481761e-02,7.113749318248610565e-02,1.079785752142577437e-01
2.714942988597719591e+02,-1.593340172533264765e+00,2.523436713480720073e-01,3.304471459002510381e-01,2.062199919574713575e-02,7.119293502408780006e-02,8.321593565149291993e-02
2.715743148629725852e+02,-1.587641233959077969e+00,2.434633440997627796e-01,3.252822504435049500e-01,2.007956842723842769e-02,7.125300235056933329e-02,6.559734986836182613e-02
2.716543308661732681e+02,-1.581937304847825354e+00,2.346828426869360940e-01,3.202008398685186608e-01,1.955418644868800460e-02,7.131745555462032371e-02,1.228821303258369191e-01
2.717343468693738942e+02,-1.576228003918972886e+00,2.260013255290013179e-01,3.152016190860040257e-01,1.904530231492231052e-02,7.138693578929676542e-02,-1.163226594112044820e-02
2.718143628725745202e+02,-1.570512933361800201e+00,2.174179323691083909e-01,3.102833143074956168e-01,1.855238703971505421e-02,7.146237811947522833e-02,7.308150601153162729e-02
2.718943788757751463e+02,-1.564791595099638721e+00,2.089317852024679678e-01,3.054446727219147228e-01,1.807493257142618256e-02,7.154348217184476610e-02,9.167205945890033458e-02
2.719743948789758292e+02,-1.559063502859852068e+00,2.005419901787213743e-01,3.006844622174741355e-01,1.761245084546585182e-02,7.163082386304718552e-02,1.896529520180139095e-01
2.720544108821764553e+02,-1.553328160627735155e+00,1.922476390449357198e-01,2.960014710854230735e-01,1.716447287924915618e-02,7.172543499393939370e-02,-1.182102492949902856e-01
2.721344268853770814e+02,-1.547584960110841346e+00,1.840478103058017789e-01,2.913945077111389503e-01,1.673054790901675262e-02,7.182698840694015652e-02,3.612150330195914444e-02
2.722144428885777074e+02,-1.541833318799973540e+00,1.759415715668918301e-01,2.868624003241495579e-01,1.631024259989931682e-02,7.193629301600057424e-02,1.164112238753798184e-01
2.722944588917783904e+02,-1.536072615626296267e+00,1.679279810487983304e-01,2.824039967120651751e-01,1.590314028027994819e-02,7.205413624064432865e-02,1.368791201160417248e-02
2.723744748949790164e+02,-1.530302129924329346e+00,1.600060891588993006e-01,2.780181639390559845e-01,1.550884021750083969e-02,7.218026859173339027e-02,8.079162774331448416e-02
2.724544908981796425e+02,-1.524521189166466506e+00,1.521749411183127842e-01,2.737037881223752800e-01,1.512695695825153064e-02,7.231594891487017063e-02,1.405035298604497829e-01
2.725345069013802686e+02,-1.518729010302797500e+00,1.444335781749657432e-01,2.694597741412848579e-01,1.475711967025864976e-02,7.246125230944873430e-02,1.199503725176061103e-01
2.726145229045809515e+02,-1.512924789815488724e+00,1.367810400316406827e-01,2.652850454132570368e-01,1.439897154871634839e-02,7.261662470340393694e-02,-1.007453640151803609e-01
2.726945389077815776e+02,-1.507107719581225691e+00,1.292163669588892172e-01,2.611785436612322764e-01,1.405216924817678445e-02,7.278312930920731449e-02,-4.863730350273255676e-02
2.727745549109822036e+02,-1.501276867000201465e+00,1.217386012182938432e-01,2.571392286485100209e-01,1.371638232672094636e-02,7.296053103072341894e-02,-2.104250585434408460e-01
2.728545709141828297e+02,-1.495431356353458474e+00,1.143467900136611731e-01,2.531660780061444904e-01,1.339129276140867651e-02,7.315022514608453263e-02,1.379780061045237372e-01
2.729345869173835126e+02,-1.489570167664799882e+00,1.070399864757826530e-01,2.492580869579428815e-01,1.307659443823226166e-02,7.335206115748979516e-02,9.389647140489679189e-02
2.730146029205841387e+02,-1.483692313620708525e+00,9.981725257178687694e-02,2.454142681636837242e-01,1.277199272285720229e-02,7.356714616037467180e-02,2.078653103417241743e-01
2.730946189237847648e+02,-1.477796706753014666e+00,9.267766037348475205e-02,2.416336514774435895e-01,1.247720401125817884e-02,7.379580267885560430e-02,7.838720511296538851e-02
2.731746349269853908e+02,-1.471882234387292154e+00,8.562029437208118487e-02,2.379152837769473172e-01,1.219195533535552892e-02,7.403875036933946219e-02,-4.120223344590398518e-02
2.732546509301860738e+02,-1.465947731825270939e+00,7.864425321634381516e-02,2.342582287704428612e-01,1.191598397639466976e-02,7.429671900037858323e-02,1.811628026429427663e-01
2.733346669333866998e+02,-1.459991962841849400e+00,7.174865141840051919e-02,2.306615668120256535e-01,1.164903710023148208e-02,7.457020203058932484e-02,-5.835114423616187540e-02
2.734146829365873259e+02,-1.454013666492722345e+00,6.493262138758666702e-02,2.271243947510828420e-01,1.139087142582641092e-02,7.486016515228631485e-02,7.393251926897752291e-02
2.734946989397879520e+02,-1.448011485764874706e+00,5.819531471956614077e-02,2.236458257462568266e-01,1.114125289187695676e-02,7.516706589218348500e-02,5.375098618196792744e-02
2.735747149429886349e+02,-1.441984042811194522e+00,5.153590427462824419e-02,2.202249891454103881e-01,1.089995637033885391e-02,7.549195606063908992e-02,1.527278087934013096e-01
2.736547309461892610e+02,-1.435929859316736890e+00,4.495358527642851626e-02,2.168610303143160833e-01,1.066676536836881628e-02,7.583542040357510450e-02,1.664786939977809799e-01
2.737347469493898870e+02,-1.429847418409200932e+00,3.844757719062771167e-02,2.135531105336733459e-01,1.044147177655764709e-02,7.619847828090288433e-02,3.307061457867506438e-02
2.738147629525905131e+02,-1.423735116625864938e+00,3.201712487057795098e-02,2.103004068610288546e-01,1.022387561183282778e-02,7.658198708279384537e-02,2.461035692447821610e-03
2.738947789557911960e+02,-1.417591273523444384e+00,2.566149999409810673e-02,2.071021120295198636e-01,1.001378478954448141e-02,7.698684103627298492e-02,7.136929735890401583e-02
2.739747949589918221e+02,-1.411414151552818685e+00,1.938000250566246710e-02,2.039574343643961452e-01,9.811014914811370599e-03,7.741428653730694776e-02,1.880348512309579917e-02
2.740548109621924482e+02,-1.405201882617751030e+00,1.317196140500399675e-02,2.008655976686928579e-01,9.615389068205883877e-03,7.786507130860539916e-02,1.726219894463150994e-01
2.741348269653930743e+02,-1.398952573576946357e+00,7.036736648771100243e-03,1.978258412114553833e-01,9.426737651266774154e-03,7.834084111200467770e-02,1.156531060577639936e-01
2.742148429685937572e+02,-1.392664153004838479e+00,9.737192977569697483e-04,1.948374196003196945e-01,9.244898183097489952e-03,7.884234866814951448e-02,2.181815706639547159e-01
2.742948589717943833e+02,-1.386334528338689642e+00,-5.017666286320934463e-03,1.918996028344141791e-01,9.069715194105891845e-03,7.937145647342734589e-02,3.407031786519024719e-01
2.743748749749950093e+02,-1.379961415908470768e+00,-1.093796250641729077e-02,1.890116761979780680e-01,8.901040048004021585e-03,7.992922309456222674e-02,-7.503288978180935875e-03
2.744548909781956354e+02,-1.373542471332400261e+00,-1.678767652492238818e-02,1.861729403437578645e-01,8.738730864564132200e-03,8.051755612329500322e-02,1.957646816142527557e-02
2.745349069813963183e+02,-1.367075176133131453e+00,-2.256727998737264457e-02,1.833827112566457085e-01,8.582652389099613283e-03,8.113803807527149303e-02,1.286475094144602371e-01
2.746149229845969444e+02,-1.360556873843625558e+00,-2.827720766940669886e-02,1.806403203314400352e-01,8.432675924135241141e-03,8.179250021709302820e-02,1.216166095852551643e-01
2.746949389877975705e+02,-1.353984783380086876e+00,-3.391785624578030900e-02,1.779451144678518004e-01,8.288679274822290111e-03,8.248331251566173861e-02,4.722827999152608841e-02
2.747749549909981965e+02,-1.347355887686858100e+00,-3.948958398960194377e-02,1.752964561082477057e-01,8.150546670340491281e-03,8.321238445586891241e-02,-8.959892667604928140e-02
2.748549709941988795e+02,-1.340667033700706057e+00,-4.499270877327212620e-02,1.726937234588009351e-01,8.018168780651742031e-03,8.398242804972619324e-02,3.388231476685197308e-01
2.749349869973995055e+02,-1.333914844243653697e+00,-5.042750745838562448e-02,1.701363106156319749e-01,7.891442689516843176e-03,8.479625367047793905e-02,9.274253649242185371e-02
2.750150030006001316e+02,-1.327095678909981258e+00,-5.579421482796214499e-02,1.676236277646922235e-01,7.770271907177918325e-03,8.565665563377887481e-02,-3.226119783594591506e-02
2.750950190038007577e+02,-1.320205687314470744e+00,-6.109302159825977241e-02,1.651551015101848374e-01,7.654566449656649389e-03,8.656721265120903563e-02,-1.551358143410873358e-01
2.751750350070014406e+02,-1.313240717035102145e+00,-6.632407349871932700e-02,1.627301751390374251e-01,7.544242888058732069e-03,8.753170294541348651e-02,2.278289640556245277e-01
2.752550510102020667e+02,-1.306196273395482610e+00,-7.148746974991350422e-02,1.603483089875391288e-01,7.439224450097955792e-03,8.855410877590448593e-02,1.211805300411266662e-01
2.753350670134026927e+02,-1.299067540868968473e+00,-7.658326073101311138e-02,1.580089809443693816e-01,7.339441190481594407e-03,8.963921133023980414e-02,8.948717624743096621e-02
2.754150830166033188e+02,-1.291849310627721126e+00,-8.161144621108042119e-02,1.557116869519223346e-01,7.244830160424703749e-03,9.079237845797810680e-02,-1.416618215257441082e-02
2.754950990198040017e+02,-1.284535894890299845e+00,-8.657197341736098950e-02,1.534559415845477559e-01,7.155335614733658589e-03,9.201935531238571164e-02,8.104449863963604506e-02
2.755751150230046278e+02,-1.277121119270142602e+00,-9.146473394129503443e-02,1.512412788282829490e-01,7.070909318085624902e-03,9.332679945037984648e-02,5.359944136080767307e-02
2.756551310262052539e+02,-1.269598256861775631e+00,-9.628956071344771384e-02,1.490672529385733414e-01,6.991510887792404955e-03,9.472239400968150702e-02,-1.570772720431162783e-01
2.757351470294058799e+02,-1.261959923121269256e+00,-1.010462248321467582e-01,1.469334394084649276e-01,6.917108188079513706e-03,9.621478046585689448e-02,3.647710084090225457e-01
2.758151630326065060e+02,-1.254197979807502472e+00,-1.057344316468627060e-01,1.448394361328045332e-01,6.847677817534600711e-03,9.781372618581397893e-02,1.414242757389665983e-01
2.758951790358071889e+02,-1.246303453243122084e+00,-1.103538158395202390e-01,1.427848648258815967e-01,6.783205717151776816e-03,9.953055271058833253e-02,6.438701711031019626e-02
2.759751950390078150e+02,-1.238266402718241954e+00,-1.149039360559373918e-01,1.407693726493868258e-01,6.723687875565808117e-03,1.013783817024020290e-01,3.425272335348311659e-03
2.760552110422084411e+02,-1.230075761148703872e+00,-1.193842686614637189e-01,1.387926341327429813e-01,6.669131170516949536e-03,1.033724348398389753e-01,4.178331902656215457e-02
2.761352270454090672e+02,-1.221719138052572484e+00,-1.237942004973720811e-01,1.368543534391338801e-01,6.619554370685894890e-03,1.055303880276822343e-01,3.488635758937492781e-01
2.762152430486097501e+02,-1.213182606524164431e+00,-1.281330200214897685e-01,1.349542671094187407e-01,6.574989361350576031e-03,1.078729891467617164e-01,1.469055827270611680e-01
2.762952590518103761e+02,-1.204450435839827360e+00,-1.323999068651479372e-01,1.330921473452905401e-01,6.535482620743320904e-03,1.104247745950815845e-01,-2.471923218890124951e-02
2.763752750550110022e+02,-1.195504754623301080e+00,-1.365939194911107990e-01,1.312678059521543150e-01,6.501097002803882946e-03,1.132149314027549453e-01,2.021351058606763451e-01
2.764552910582116283e+02,-1.186325134681380122e+00,-1.407139803786504606e-01,1.294810991257215882e-01,6.471913912658263345e-03,1.162784210294760812e-01,1.656448362295143695e-01
2.765353070614123112e+02,-1.176888071714533135e+00,-1.447588581254468931e-01,1.277319333057064243e-01,6.448035979282788072e-03,1.196574524682272184e-01,1.719217780206118706e-01
2.766153230646129373e+02,-1.167166330557783072e+00,-1.487271456706988071e-01,1.260202723932382085e-01,6.429590364317456196e-03,1.234034289461973660e-01,1.093017526575761483e-01
2.766953390678135634e+02,-1.157128110473147897e+00,-1.526172335894934173e-01,1.243461467308868834e-01,6.416732894300196041e-03,1.275795471401906800e-01,1.096711268372888154e-01
2.767753550710141894e+02,-1.146735968477126333e+00,-1.564272770555453218e-01,1.227096643891556760e-01,6.409653272115931749e-03,1.322643101341832439e-01,1.530082240997770460e-01
2.768553710742148724e+02,-1.135945412926421039e+00,-1.601551545731562110e-01,1.211110255118343360e-01,6.408581722224497221e-03,1.375563416025224472e-01,1.154981562301390791e-01
2.769353870774154984e+02,-1.124703041066756448e+00,-1.637984158696838832e-01,1.195505407783101631e-01,6.413797569183266219e-03,1.435810860966758862e-01,4.413250640569466032e-04
2.770154030806161245e+02,-1.112944035467326565e+00,-1.673542153070059213e-01,1.180286554982023367e-01,6.425640466122178873e-03,1.505002953229708784e-01,4.861042558670103375e-02
2.770954190838167506e+02,-1.100588742476044546e+00,-1.708192256351192262e-01,1.165459815541859123e-01,6.444525322759517456e-03,1.585257146247801563e-01,1.584347167518556088e-01
2.771754350870174335e+02,-1.087537912325483802e+00,-1.741895246104585293e-01,1.151033404917857633e-01,6.470962496998544124e-03,1.679392544585892044e-01,5.618198781702804512e-03
2.772554510902180596e+02,-1.073665984616301916e+00,-1.774604433405216342e-01,1.137018227121522757e-01,6.505585607229245546e-03,1.791235002175706192e-01,1.645287594059714753e-01
2.773354670934186856e+02,-1.058811256235214104e+00,-1.806263581093894288e-01,1.123428713986102806e-01,6.549191105431329679e-03,1.926086790772718604e-01,1.595020087697063826e-01
2.774154830966193117e+02,-1.042761295541978050e+00,-1.836804032894459870e-01,1.110284027632926079e-01,6.602795057533929722e-03,2.091477358323642899e-01,2.820464206257246031e-01
2.774954990998199946e+02,-1.025230634316373513e+00,-1.866140581271874266e-01,1.097609857109053538e-01,6.667718269635097665e-03,2.298400026933666018e-01,2.450930482083410467e-01
2.775755151030206207e+02,-1.005825354141749672e+00,-1.894165405284607695e-01,1.085441184087538452e-01,6.745717661483602301e-03,2.563426990811835671e-01,2.252218883790166326e-01
2.776555311062212468e+02,-9.839848153860176749e-01,-1.920738847952648820e-01,1.073826721993974692e-01,6.839197667312004250e-03,2.912492726417657551e-01,2.603198313090850369e-01
2.777355471094218728e+02,-9.588813325701747159e-01,-1.945674827814629915e-01,1.062836396208689110e-01,6.951567390491525909e-03,3.388020173635257204e-01,3.812786385366161435e-01
2.778155631126225558e+02,-9.292382691769641712e-01,-1.968716674864059712e-01,1.052574698617631810e-01,7.087879857731824856e-03,4.063188973157820238e-01,4.998895882854536010e-01
2.778955791158231818e+02,-8.929764480170658825e-01,-1.989494568436706579e-01,1.043206480691818427e-01,7.256069793400426494e-03,5.072723968364427627e-01,3.979390864985585807e-01
2.779755951190238079e+02,-8.464750944414464184e-01,-2.007445345633184497e-01,1.035011367929908471e-01,7.469571236243793128e-03,6.685598280367757162e-01,5.128425553098284739e-01
2.780556111222244340e+02,-7.828570067211333416e-01,-2.021645918987235169e-01,1.028514409339014724e-01,7.753617249207610251e-03,9.497468403924888003e-01,8.734239477493729309e-01
2.781356271254251169e+02,-6.874798806345899793e-01,-2.030420911538854678e-01,1.024857931485012447e-01,8.163209551698099795e-03,1.501811741624533347e+00,1.267663890857282594e+00
2.782156431286257430e+02,-5.239773743796319883e-01,-2.030228014607182996e-01,1.027158501022823467e-01,8.848817388660732211e-03,2.780406552196917236e+00,2.700032516625581192e+00
2.782956591318263690e+02,-1.826518312409751710e-01,-2.011423364645635592e-01,1.047407907472677896e-01,1.039084166827653789e-02,6.425953548964054463e+00,6.508868737116839220e+00
2.783756751350269951e+02,6.740273195433550413e-01,-1.942495269240822053e-01,1.132231406714573063e-01,1.503980284184117458e-02,1.567868872484229925e+01,1.577655016479324246e+01
2.784556911382276780e+02,1.778286046703644763e+00,-1.791781161264215105e-01,1.273903813219898484e-01,2.232382734972735566e-02,7.027374705112553244e+00,7.181302013656000405e+00
2.785357071414283041e+02,1.979081372533451288e+00,-1.601022804342308592e-01,1.418480256172964804e-01,2.955512263188119285e-02,3.832086667479809305e-01,3.888249987961116538e-01
2.786157231446289302e+02,1.983909024121538911e+00,-1.406838727641607500e-01,1.562377847877588488e-01,3.655855637857247098e-02,-6.788078350368487168e-02,-5.324114206586259834e-02
2.786957391478295563e+02,1.977117648679935780e+00,-1.213571313194344858e-01,1.705434929860829563e-01,4.332901161109137256e-02,-9.169814644675311488e-02,-1.524593462021104351e-01
2.787757551510302392e+02,1.969697275458654584e+00,-1.021487489265849175e-01,1.847558182298348617e-01,4.986537012223845461e-02,-9.323869950079981261e-02,-1.470707930296907273e-01
2.788557711542308652e+02,1.962221279286409326e+00,-8.306312920241415432e-02,1.988666791236612108e-01,5.616779922034577377e-02,-9.359311578406755150e-02,-6.563870781657940578e-02
2.789357871574314913e+02,1.954721130758135805e+00,-6.410376099373703285e-02,2.128689046794579320e-01,6.223758081663171432e-02,-9.386851172716158265e-02,-3.050823911098010655e-03
2.790158031606321174e+02,1.947199737340968184e+00,-4.527427518221044389e-02,2.267561383230071170e-01,6.807702386800139338e-02,-9.412584491727080116e-02,-5.198409654010333752e-02
2.790958191638328003e+02,1.939658417626703546e+00,-2.657843370250180526e-02,2.405227629032941350e-01,7.368936176948980010e-02,-9.436673636318403113e-02,-3.002161111693162354e-01
2.791758351670334264e+02,1.932098466938676928e+00,-8.020057243672816874e-03,2.541638336479868365e-01,7.907863800681233513e-02,-9.459080730388261249e-02,-4.583216954824917422e-02
2.792558511702340525e+02,1.924521242520340403e+00,1.039705244008477629e-02,2.676750174608724664e-01,8.424958713433655655e-02,-9.479943971625133525e-02,-9.574425694767806083e-02
2.793358671734346785e+02,1.916927987052234883e+00,2.866918943341166537e-02,2.810525377655772594e-01,8.920751673035624829e-02,-9.499056099026058353e-02,-1.560334125483457401e-01
2.794158831766353615e+02,1.909320054242236386e+00,4.679281485165694143e-02,2.942931242696463778e-01,9.395819446365538674e-02,-9.516712669832777527e-02,-8.229242942144497641e-02
2.794958991798359875e+02,1.901698622001468442e+00,6.476462154125248172e-02,3.073939671870112855e-01,9.850774308666755685e-02,-9.532818532056738792e-02,-6.071363947964508734e-03
2.795759151830366136e+02,1.894064850905564645e+00,8.258158769915296959e-02,3.203526754632327611e-01,1.028625450450346146e-01,-9.547492748528361994e-02,-8.269977137303714809e-02
2.796559311862372397e+02,1.886419850373808327e+00,1.002410193813578071e-01,3.331672386689110144e-01,1.070291575609220169e-01,-9.561007530059541237e-02,-1.702314826828090211e-01
2.797359471894379226e+02,1.878764515578742245e+00,1.177405810514387252e-01,3.458359922386694540e-01,1.110142383746893918e-01,-9.573308356381066142e-02,2.409844840280570000e-01
2.798159631926385487e+02,1.871099712773999446e+00,1.350783130204470661e-01,3.583575857481137161e-01,1.148244818651067423e-01,-9.584650858047820410e-02,-1.612479310150569944e-01
2.798959791958391747e+02,1.863426170992083186e+00,1.522526380895341536e-01,3.707309539972162837e-01,1.184665649720278990e-01,-9.595270697911745250e-02,-5.078098716074782443e-02
2.799759951990398008e+02,1.855744412614596994e+00,1.692623578113018334e-01,3.829552906455779837e-01,1.219471021326556520e-01,-9.605183574364073440e-02,2.939355662695627980e-02
2.800560112022404837e+02,1.848054894126827552e+00,1.861066394813772895e-01,3.950300241711777738e-01,1.252726083489522357e-01,-9.614628960381149669e-02,-1.848438074805278941e-01
2.801360272054411098e+02,1.840357944416725955e+00,2.027849966678248461e-01,4.069547959708776363e-01,1.284494694801437964e-01,-9.623866881984521893e-02,-4.251688967788633255e-02
2.802160432086417359e+02,1.832653687883234683e+00,2.192972645818000721e-01,4.187294404069314413e-01,1.314839188554794702e-01,-9.632936199938206545e-02,-1.837898228954115698e-01
2.802960592118423619e+02,1.824942159510054784e+00,2.356435714057539266e-01,4.303539666155551946e-01,1.343820193476744085e-01,-9.641988982738505798e-02,-1.250508090783544746e-01
2.803760752150430449e+02,1.817223307473077698e+00,2.518243078912100752e-01,4.418285419365251543e-01,1.371496501222156938e-01,-9.651271917191818484e-02,-1.749403903977073127e-01
2.804560912182436709e+02,1.809496925244982402e+00,2.678400964166335330e-01,4.531534768168304916e-01,1.397924973435565876e-01,-9.660904047607415945e-02,7.918174820728218766e-02
2.805361072214442970e+02,1.801762680471525657e+00,2.836917600926303629e-01,4.643292110457390431e-01,1.423160481935148991e-01,-9.670943545759744242e-02,-2.374561550985379854e-01
2.806161232246449231e+02,1.794020169018642141e+00,2.993802929035584981e-01,4.753563012030036505e-01,1.447255876389411389e-01,-9.681520563013037983e-02,-4.664525829528329282e-02
2.806961392278456060e+02,1.786268911817297189e+00,3.149068317043932641e-01,4.862354092153332030e-01,1.470261974593630450e-01,-9.692802863843913430e-02,-9.520121987576558864e-02
2.807761552310462321e+02,1.778508329094979468e+00,3.302726303717525846e-01,4.969672919179272674e-01,1.492227571096803318e-01,-9.704902987804700509e-02,-2.989810963118602061e-01
2.808561712342468581e+02,1.770737740610069055e+00,3.454790361968870238e-01,5.075527915261459633e-01,1.513199460534387641e-01,-9.717863869563164725e-02,7.581781524887123980e-02
2.809361872374474842e+02,1.762956407265872327e+00,3.605274685611953855e-01,5.179928269316379508e-01,1.533222472575309636e-01,-9.731757847993224853e-02,-1.566739643056903053e-01
2.810162032406481671e+02,1.755163533128520026e+00,3.754194001257592506e-01,5.282883857534761418e-01,1.552339515908028322e-01,-9.746676032577755722e-02,-1.258254696043350218e-01
2.810962192438487932e+02,1.747358265462710447e+00,3.901563403471012270e-01,5.384405170727242229e-01,1.570591629074449547e-01,-9.762715095359558726e-02,-7.771606405768057002e-02
2.811762352470494193e+02,1.739539692935488491e+00,4.047398211873497464e-01,5.484503247881277188e-01,1.588018036337170424e-01,-9.779962166921243871e-02,-1.912814923879457008e-01
2.812562512502500454e+02,1.731706837030407620e+00,4.191713848708932821e-01,5.583189615367913916e-01,1.604656207080230323e-01,-9.798465491002231187e-02,-1.781969010087405825e-01
2.813362672534507283e+02,1.723858668813762263e+00,4.334525734043183642e-01,5.680476231256929021e-01,1.620541917494820738e-01,-9.818272541875575077e-02,-1.039395430567964518e-01
2.814162832566513543e+02,1.715994114579848295e+00,4.475849197825126913e-01,5.776375434305430767e-01,1.635709313557892897e-01,-9.839439477770939302e-02,-1.891532239731759935e-01
2.814962992598519804e+02,1.708112055374655380e+00,4.615699406815086947e-01,5.870899897198472717e-01,1.650190974486781537e-01,-9.862026468030332671e-02,-9.074979947733113894e-02
2.815763152630526065e+02,1.700211326598169759e+00,4.754091304393286421e-01,5.964062583652758320e-01,1.664017976013938138e-01,-9.886094975627979231e-02,2.689489588075910653e-02
2.816563312662532894e+02,1.692290717534436606e+00,4.891039561573177763e-01,6.055876709038627848e-01,1.677219952963517058e-01,-9.911706405334522185e-02,-2.034983465862016394e-01
2.817363472694539155e+02,1.684348970720994654e+00,5.026558537672458638e-01,6.146355704205659354e-01,1.689825160723835706e-01,-9.938921730589245218e-02,-2.611886764885158474e-01
2.818163632726545416e+02,1.676384781082185471e+00,5.160662249239608146e-01,6.235513182227891971e-01,1.701860535303440780e-01,-9.967801783922064507e-02,-1.151106568787778200e-01
2.818963792758551676e+02,1.668396794762370350e+00,5.293364345974550522e-01,6.323362907808381950e-01,1.713351751735358308e-01,-9.998407959830590830e-02,-6.160239538067462800e-02
2.819763952790558506e+02,1.660383607604683176e+00,5.424678092526004081e-01,6.409918769108444714e-01,1.724323280657886204e-01,-1.003080313566204196e-01,-3.484672398086131884e-02
2.820564112822564766e+02,1.652343763166345791e+00,5.554616355180527210e-01,6.495194751786336207e-01,1.734798442951952513e-01,-1.006505252658246308e-01,-2.133022323193417003e-01
2.821364272854571027e+02,1.644275750453193075e+00,5.683191592573774154e-01,6.579204915050301805e-01,1.744799462357226327e-01,-1.010122486822820354e-01,-3.406378174389721458e-01
2.822164432886577288e+02,1.636178001236961999e+00,5.810415849673969957e-01,6.661963369546003433e-01,1.754347516023165854e-01,-1.013939360448842808e-01,-1.493637598087781126e-02
2.822964592918584117e+02,1.628048886489410929e+00,5.936300754404773006e-01,6.743484256916364439e-01,1.763462782978955368e-01,-1.017963711358191303e-01,-3.213824138212374726e-02
2.823764752950590378e+02,1.619886712450461230e+00,6.060857516325258709e-01,6.823781730882254593e-01,1.772164490526929315e-01,-1.022203917603159429e-01,4.801701880122688504e-02
2.824564912982596638e+02,1.611689716269377071e+00,6.184096926885531698e-01,6.902869939706962610e-01,1.780470958581573671e-01,-1.026668958424958866e-01,-2.020758303198471051e-01
2.825365073014602899e+02,1.603456061209508343e+00,6.306029360839348064e-01,6.980763009915942341e-01,1.788399641988884237e-01,-1.031368492175388507e-01,-4.856925317610135545e-02
2.826165233046609728e+02,1.595183831221917314e+00,6.426664778464257211e-01,7.057475031155320266e-01,1.795967170871045626e-01,-1.036312918572354635e-01,-4.318753428353430679e-03
2.826965393078615989e+02,1.586871024553970999e+00,6.546012728293199023e-01,7.133020042079726286e-01,1.803189389048573121e-01,-1.041513371418265055e-01,-2.914889010026494032e-01
2.827765553110622250e+02,1.578515547070988845e+00,6.664082350065545501e-01,7.207412017167116325e-01,1.810081390596114115e-01,-1.046981790535916890e-01,-5.237294047074347869e-04
2.828565713142628510e+02,1.570115204873010928e+00,6.780882377679949835e-01,7.280664854364443661e-01,1.816657554592075174e-01,-1.052730998888487535e-01,3.655461155352815461e-02
2.829365873174635340e+02,1.561667696228768110e+00,6.896421141945812128e-01,7.352792363474666137e-01,1.822931578123666851e-01,-1.058774803506468132e-01,-4.963574447723893834e-02
2.830166033206641600e+02,1.553170602802041111e+00,7.010706572952181137e-01,7.423808255198627304e-01,1.828916507609283371e-01,-1.065128130282436136e-01,-5.443632097428194316e-02
2.830966193238647861e+02,1.544621380124749477e+00,7.123746201893301766e-01,7.493726130750372194e-01,1.834624768499671932e-01,-1.071807200180366348e-01,-3.472246981035310986e-02
2.831766353270654122e+02,1.536017347259344357e+00,7.235547162200091087e-01,7.562559471965374369e-01,1.840068193417755404e-01,-1.078829754012328168e-01,-1.362986044402450525e-01
2.832566513302660383e+02,1.527355675577766636e+00,7.346116189838195476e-01,7.630321631824708017e-01,1.845258048794964911e-01,-1.086215332357684527e-01,-2.555746423783096244e-01
2.833366673334667212e+02,1.518633376565603044e+00,7.455459622636191330e-01,7.697025825318062342e-01,1.850205060059062490e-01,-1.093985616473072686e-01,-2.046680545208003910e-01
2.834166833366673472e+02,1.509847287701272300e+00,7.563583398550967063e-01,7.762685120571390929e-01,1.854919435426385099e-01,-1.102164697604476884e-01,-1.303703306827667663e-01
2.834966993398679733e+02,1.500994045780398523e+00,7.670493053270794892e-01,7.827312430198510862e-01,1.859410888363898229e-01,-1.110777606085883162e-01,-1.987023501335713482e-01
2.835767153430685994e+02,1.492070069871490379e+00,7.776193715936227102e-01,7.890920502729248387e-01,1.863688658733469172e-01,-1.119850899840693637e-01,-1.112246826012014411e-02
2.836567313462692823e+02,1.483071548997723754e+00,7.880690103005052460e-01,7.953521914038877982e-01,1.867761532659748536e-01,-1.129414335051315277e-01,-1.563075177698421414e-01
2.837367473494699084e+02,1.473994421874991856e+00,7.983986510697818062e-01,8.015129058728234224e-01,1.871637861174401951e-01,-1.139501595196434902e-01,-1.275748585149140135e-01
2.838167633526705345e+02,1.464834354335503575e+00,8.086086805553759360e-01,8.075754141343189918e-01,1.875325577655885256e-01,-1.150151101587712499e-01,-2.952846863527164301e-01
2.838967793558711605e+02,1.455586699058804889e+00,8.186994413739119292e-01,8.135409167396953078e-01,1.878832214117492350e-01,-1.161404741118934880e-01,-7.860950245911449419e-02
2.839767953590718434e+02,1.446246443060980047e+00,8.286712308655721504e-01,8.194105934078221853e-01,1.882164916356837692e-01,-1.173305705982286007e-01,-1.904362551806384751e-01
2.840568113622724695e+02,1.436808197818632893e+00,8.385242993395055633e-01,8.251856020269464631e-01,1.885330457851579211e-01,-1.185903318191738887e-01,3.079299219673425902e-02
2.841368273654730956e+02,1.427266166143875470e+00,8.482588481197572694e-01,8.308670775981773504e-01,1.888335252518266172e-01,-1.199254980580724550e-01,-2.953116328580405181e-01
2.842168433686737217e+02,1.417614083468395236e+00,8.578750273815203276e-01,8.364561311082391315e-01,1.891185366338060669e-01,-1.213425510492069370e-01,-9.107953114093469971e-02
2.842968593718744046e+02,1.407845118565459464e+00,8.673729338470491657e-01,8.419538483253596883e-01,1.893886527883380522e-01,-1.228482576460576681e-01,-1.659051591593579122e-01
2.843768753750750307e+02,1.397951854723909815e+00,8.767526075237594974e-01,8.473612884292496261e-01,1.896444137378956174e-01,-1.244504280042663114e-01,-1.631919617643569076e-01
2.844568913782756567e+02,1.387926233326472136e+00,8.860140281004068585e-01,8.526794825034098579e-01,1.898863274498201470e-01,-1.261582720552115178e-01,4.248613363779757401e-02
2.845369073814762828e+02,1.377759409333569884e+00,8.951571113040258654e-01,8.579094318998539137e-01,1.901148705008944284e-01,-1.279818563759596572e-01,-3.401628101273100613e-02
2.846169233846769657e+02,1.367441655159470137e+00,9.041817042354697298e-01,8.630521063587088815e-01,1.903304885768712096e-01,-1.299324349559968783e-01,-2.177557126967070156e-01
2.846969393878775918e+02,1.356962303968340500e+00,9.130875795223978297e-01,8.681084418226783228e-01,1.905335967850914081e-01,-1.320234437024003782e-01,5.716330260402385788e-03
2.847769553910782179e+02,1.346309534685712572e+00,9.218744295635993291e-01,8.730793380370804879e-01,1.907245798320700847e-01,-1.342699611566564033e-01,-2.020417364037065955e-01
2.848569713942788439e+02,1.335470205976761804e+00,9.305418592496124131e-01,8.779656557270001382e-01,1.909037919733995170e-01,-1.366891762193289672e-01,-5.908037770007913692e-02
2.849369873974795269e+02,1.324429730234127911e+00,9.390893768309573897e-01,8.827682132372240975e-01,1.910715566900413886e-01,-1.393016662592019839e-01,-3.159024130100723804e-01
2.850170034006801529e+02,1.313171711123037877e+00,9.475163848722696347e-01,8.874877827843993261e-01,1.912281661750440676e-01,-1.421307590715001345e-01,-1.768146454877109752e-01
2.850970194038807790e+02,1.301677738969776010e+00,9.558221677661338234e-01,8.921250858228578773e-01,1.913738804003187466e-01,-1.452042332788019974e-01,-1.766074765519569933e-01
2.851770354070814051e+02,1.289926996749688914e+00,9.640058780372550151e-01,8.966807876483274820e-01,1.915089258401686534e-01,-1.485549242193337505e-01,-1.838849214275253829e-01
2.852570514102820880e+02,1.277895772856542322e+00,9.720665201796847565e-01,9.011554909537594638e-01,1.916334937305158304e-01,-1.522215876616009322e-01,-3.140612586309771692e-01
2.853370674134827141e+02,1.265556993595335911e+00,9.800029299383602455e-01,9.055497278403932260e-01,1.917477376443628978e-01,-1.562512380634914488e-01,-3.487767791418885377e-01
2.854170834166833401e+02,1.252879401914056334e+00,9.878137515865509366e-01,9.098639503778751525e-01,1.918517704600013196e-01,-1.607001458617335343e-01,-1.646717323292691271e-01
2.854970994198839662e+02,1.239826805225764161e+00,9.954974073885836106e-01,9.140985185420744674e-01,1.919456601846050159e-01,-1.656376334569248376e-01,-1.070266104296403453e-01
2.855771154230846491e+02,1.226356802612527996e+00,1.003052063336316913e+00,9.182536856538296988e-01,1.920294247468415094e-01,-1.711486360775713034e-01,-1.699816345495538394e-01
2.856571314262852752e+02,1.212419430623337790e+00,1.010475583415306078e+00,9.223295795020309829e-01,1.921030249302376203e-01,-1.773395447572712058e-01,-2.137634408836585620e-01
2.857371474294859013e+02,1.197955128343329401e+00,1.017765475228818106e+00,9.263261787002678993e-01,1.921663553210576914e-01,-1.843443633891578282e-01,-3.376492841648319754e-01
2.858171634326865274e+02,1.182892188489480967e+00,1.024918819000004255e+00,9.302432816998648102e-01,1.922192321282939764e-01,-1.923346317782681503e-01,-2.215485356755514390e-01
2.858971794358872103e+02,1.167143261300367385e+00,1.031932176701357617e+00,9.340804660674425497e-01,1.922613768756145369e-01,-2.015332963136856614e-01,-2.595649213705337743e-01
2.859771954390878363e+02,1.150600431924919453e+00,1.038801474934405000e+00,9.378370342091576495e-01,1.922923943542165504e-01,-2.122345386909807452e-01,-2.865194036412005429e-01
2.860572114422884624e+02,1.133128433520531608e+00,1.045521847076931632e+00,9.415119387216028812e-01,1.923117418512608756e-01,-2.248343476182745881e-01,-2.091959102373095458e-01
2.861372274454890885e+02,1.114554774407762405e+00,1.052087421155663893e+00,9.451036783648847361e-01,1.923186858067203187e-01,-2.398769663275762687e-01,-2.246920140626817164e-01
2.862172434486897714e+02,1.094655150793133691e+00,1.058491026576390492e+00,9.486101489150462474e-01,1.923122390618174637e-01,-2.581285089395535248e-01,-2.200284188153422971e-01
2.862972594518903975e+02,1.073131282218228177e+00,1.064723777947653049e+00,9.520284227729549631e-01,1.922910673100274859e-01,-2.806975403122691226e-01,-3.085167374547195251e-01
2.863772754550910236e+02,1.049576034953634718e+00,1.070774468160401449e+00,9.553544119802976908e-01,1.922533449367188618e-01,-3.092399050908911651e-01,-3.948551091121981216e-01
2.864572914582916496e+02,1.023416566868983413e+00,1.076628653073753661e+00,9.585823320186207530e-01,1.921965239456282504e-01,-3.463226262395813215e-01,-3.682472976516566465e-01
2.865373074614923325e+02,9.938171163396556373e-01,1.082267216615161454e+00,9.617038055676614405e-01,1.921169451936678430e-01,-3.961034266588031594e-01,-4.294071880202443570e-01
2.866173234646929586e+02,9.595041345641108776e-01,1.087664011895381977e+00,9.647062741871861302e-01,1.920091451446784558e-01,-4.656797852416377781e-01,-6.323212277351681898e-01
2.866973394678935847e+02,9.184309539946885481e-01,1.092781756854551922e+00,9.675699706382434595e-01,1.918645270484462262e-01,-5.679682042584927038e-01,-6.051262784197239952e-01
2.867773554710942108e+02,8.670836311983662892e-01,1.097564368875235008e+00,9.702615928334974438e-01,1.916685712187675972e-01,-7.284169609668045275e-01,-8.970747141805310854e-01
2.868573714742948937e+02,7.988936716882246714e-01,1.101921241511314431e+00,9.727193345400165780e-01,1.913942101349968838e-01,-1.002479815924406381e+00,-1.202402801401265320e+00
2.869373874774955198e+02,7.001479424427883291e-01,1.105690808392273627e+00,9.748111730171238332e-01,1.909833469932565586e-01,-1.527751803749587189e+00,-1.612567606632733019e+00
2.870174034806961458e+02,5.376653875260600790e-01,1.108539364051531972e+00,9.761875025877689849e-01,1.902818710539903313e-01,-2.707202518442650252e+00,-2.774010105312658681e+00
2.870974194838967719e+02,2.149152652997891044e-01,1.109590879459534163e+00,9.755696929984511989e-01,1.887337525937081428e-01,-5.936216795489682063e+00,-5.868937795920538214e+00
2.871774354870974548e+02,-5.617226764962798269e-01,1.106022657087225580e+00,9.679653772911097631e-01,1.843228980071910383e-01,-1.430790109024386858e+01,-1.434132736746867209e+01
2.872574514902980809e+02,-1.677640360168042299e+00,1.094565868798697439e+00,9.532493795822142291e-01,1.772966556118067971e-01,-8.460066023145962788e+00,-8.409517274996659353e+00
2.873374674934987070e+02,-1.940463709058529718e+00,1.078659510473086058e+00,9.381550664062113798e-01,1.703551336709064057e-01,-6.187024102463384301e-01,-4.767124536555811254e-01
2.874174834966993330e+02,-1.953216998656460923e+00,1.062259049723138560e+00,9.232891079113738630e-01,1.637181810952288985e-01,2.835708331038744312e-02,3.791150785550445601e-02
2.874974994999000160e+02,-1.948835434654321741e+00,1.045946055181068646e+00,9.086589979943466844e-01,1.573778806458929203e-01,6.548749219802696420e-02,1.010316363029305636e-01
2.875775155031006420e+02,-1.943470736211086791e+00,1.029756355997905493e+00,8.942615213253337636e-01,1.513221587416471725e-01,6.771314141408857346e-02,-3.961994692118137040e-03
2.876575315063012681e+02,-1.938041183479367824e+00,1.013691636585854816e+00,8.800930224257563772e-01,1.455387956779988778e-01,6.794613531161675102e-02,1.476449999842262273e-01
2.877375475095018942e+02,-1.932599650850638451e+00,9.977516470435769946e-01,8.661498763153687719e-01,1.400156967935569097e-01,6.806055444420755496e-02,7.140765747813430930e-02
2.878175635127025771e+02,-1.927149474490827741e+00,9.819360312687005488e-01,8.524285141823809697e-01,1.347409792105276893e-01,6.816573122981062216e-02,7.219997718785921281e-02
2.878975795159032032e+02,-1.921691056442753176e+00,9.662444321470061714e-01,8.389254240117809402e-01,1.297030356306501098e-01,6.826732719662498283e-02,-4.710101951825503008e-02
2.879775955191038292e+02,-1.916224640230071330e+00,9.506764978748607486e-01,8.256371497722946318e-01,1.248905851264337785e-01,6.836552668547518641e-02,-2.781240007110770407e-02
2.880576115223044553e+02,-1.910750466875536180e+00,9.352318823221738020e-01,8.125602905293352052e-01,1.202927125035812422e-01,6.846053872721497013e-02,-1.436155531075455904e-03
2.881376275255051382e+02,-1.905268779562162784e+00,9.199102450419545107e-01,7.996914995673235493e-01,1.158988974379292630e-01,6.855278240750911634e-02,7.640414505074499818e-02
2.882176435287057643e+02,-1.899779816455225312e+00,9.047112512430161013e-01,7.870274835260945290e-01,1.116990346129953099e-01,6.864266384868089599e-02,1.752105257428634433e-01
2.882976595319063904e+02,-1.894283791206201828e+00,8.896345717201330494e-01,7.745650015509234487e-01,1.076834460773504198e-01,6.872995280096660942e-02,-8.537367429013353881e-02
2.883776755351070165e+02,-1.888780911932393947e+00,8.746798828628498113e-01,7.623008644582099924e-01,1.038428869943314181e-01,6.881443731068109804e-02,2.962693215736800917e-02
2.884576915383076994e+02,-1.883271386808474279e+00,8.598468666167761176e-01,7.502319339144194466e-01,1.001685458780927490e-01,6.889611002985907007e-02,3.528938905262904435e-02
2.885377075415083254e+02,-1.877755421723213969e+00,8.451352104067165749e-01,7.383551216283082974e-01,9.665204031492995174e-02,6.897508722375628176e-02,2.941607979539902495e-01
2.886177235447089515e+02,-1.872233218594944404e+00,8.305446070399546965e-01,7.266673885563916802e-01,9.328540906370513808e-02,6.905154927492884731e-02,4.635083404750482694e-02
2.886977395479095776e+02,-1.866704974172086251e+00,8.160747545873590081e-01,7.151657441215792943e-01,9.006110132139680258e-02,6.912569677375302035e-02,1.266982615520849398e-02
2.887777555511102605e+02,-1.861170879218409624e+00,8.017253562398367617e-01,7.038472454446055293e-01,8.697196383432745370e-02,6.919771884914965865e-02,1.409964909430182489e-01
2.888577715543108866e+02,-1.855631114846804541e+00,7.874961201298923408e-01,6.927089965879573707e-01,8.401122643594119421e-02,6.926767340747347346e-02,-4.450681796411612434e-02
2.889377875575115127e+02,-1.850085853012297665e+00,7.733867591339534941e-01,6.817481478122752181e-01,8.117248650049312120e-02,6.933550028739715598e-02,1.206708941548958192e-01
2.890178035607121387e+02,-1.844535262373514728e+00,7.593969906577621165e-01,6.709618948452584775e-01,7.844969271890522844e-02,6.940119681359685488e-02,-1.010058857812963784e-01
2.890978195639128216e+02,-1.838979507971230332e+00,7.455265363728180716e-01,6.603474781621591072e-01,7.583712852946668248e-02,6.946479768739077798e-02,2.690011889739957196e-01
2.891778355671134477e+02,-1.833418750969118882e+00,7.317751219180457234e-01,6.499021822780334245e-01,7.332939547231097366e-02,6.952635773091464522e-02,6.209506471993116172e-02
2.892578515703140738e+02,-1.827853148544490658e+00,7.181424765651243103e-01,6.396233350514256566e-01,7.092139668111271944e-02,6.958594019590147450e-02,2.387201143322569691e-02
2.893378675735146999e+02,-1.822282853890257792e+00,7.046283328460125617e-01,6.295083069994319436e-01,6.860832067846796278e-02,6.964360939492458824e-02,-6.476039195163577067e-02
2.894178835767153828e+02,-1.816708016293359984e+00,6.912324261409661386e-01,6.195545106238247168e-01,6.638562560169614102e-02,6.969942657584354828e-02,5.162862847663127197e-02
2.894978995799160089e+02,-1.811128781259078391e+00,6.779544942257518247e-01,6.097593997481338679e-01,6.424902395278898892e-02,6.975344811772782316e-02,7.512139327470492012e-02
2.895779155831166349e+02,-1.805545290654592350e+00,6.647942767766604755e-01,6.001204688653840602e-01,6.219446793890099495e-02,6.980572527835876562e-02,-6.212492136077038540e-03
2.896579315863172610e+02,-1.799957682849272711e+00,6.517515148324463103e-01,5.906352524964465500e-01,6.021813544755244552e-02,6.985630486806698736e-02,1.861981423499466937e-01
2.897379475895179439e+02,-1.794366092833014292e+00,6.388259502121992339e-01,5.813013245587178579e-01,5.831641668266061146e-02,6.990523036275175794e-02,3.412905848963003475e-02
2.898179635927185700e+02,-1.788770652297922092e+00,6.260173248886665709e-01,5.721162977450354736e-01,5.648590147319326044e-02,6.995254309863085940e-02,7.645397251727215071e-02
2.898979795959191961e+02,-1.783171489672407350e+00,6.133253803165725770e-01,5.630778229125570356e-01,5.472336725488605169e-02,6.999828331322177633e-02,9.562385899305880788e-02
2.899779955991198221e+02,-1.777568730100704597e+00,6.007498567161294600e-01,5.541835884815763391e-01,5.302576771674710060e-02,7.004249091020764428e-02,2.033255608874395548e-01
2.900580116023205051e+02,-1.771962495364430623e+00,5.882904923119699481e-01,5.454313198440123855e-01,5.139022209736059110e-02,7.008520593068112703e-02,2.911722273636940805e-02
2.901380276055211311e+02,-1.766352903746619019e+00,5.759470225283812583e-01,5.368187787814971967e-01,4.981400511110186530e-02,7.012646880833334206e-02,7.445702490036600063e-02
2.902180436087217572e+02,-1.760740069842205546e+00,5.637191791419133846e-01,5.283437628928175922e-01,4.829453748081216635e-02,7.016632057312288673e-02,9.692952910087809792e-02
2.902980596119223833e+02,-1.755124104322642431e+00,5.516066893932272119e-01,5.200041050306912771e-01,4.682937705112695526e-02,7.020480324404082539e-02,1.289993903027668309e-01
2.903780756151230662e+02,-1.749505113665690503e+00,5.396092750602481392e-01,5.117976727476424292e-01,4.541621045512145294e-02,7.024196071937494068e-02,-1.158193493317236367e-01
2.904580916183236923e+02,-1.743883199864950218e+00,5.277266514954871424e-01,5.037223677509173880e-01,4.405284530619799077e-02,7.027784053027785749e-02,1.829008129999551424e-01
2.905381076215243183e+02,-1.738258460136894223e+00,5.159585266307256113e-01,4.957761253662176792e-01,4.273720288690226882e-02,7.031249687103474644e-02,5.574882181855426305e-02
2.906181236247249444e+02,-1.732630986646479299e+00,5.043045999531845514e-01,4.879569140102472669e-01,4.146731130661683584e-02,7.034599535677144022e-02,-4.183078528659553430e-03
2.906981396279255705e+02,-1.727000866275322677e+00,4.927645614576223188e-01,4.802627346718671975e-01,4.024129910059844745e-02,7.037841998703275870e-02,6.509811835042875194e-02
2.907781556311262534e+02,-1.721368180459357911e+00,4.813380905796176279e-01,4.726916204017763135e-01,3.905738924364285380e-02,7.040988280989160519e-02,-1.240203944520930912e-01
2.908581716343268795e+02,-1.715733005153935453e+00,4.700248551160360333e-01,4.652416358106396532e-01,3.791389355263265898e-02,7.044053748511275304e-02,-8.469828868930162624e-03
2.909381876375275056e+02,-1.710095409380012699e+00,4.588245101337433129e-01,4.579108765753256427e-01,3.680920745324762350e-02,7.047055882824712625e-02,8.718960128670996679e-02
2.910182036407281316e+02,-1.704455448504902826e+00,4.477366968606398823e-01,4.506974689528501221e-01,3.574180508709991905e-02,7.049999809998278022e-02,2.044358419748890376e-01
2.910982196439288145e+02,-1.698813167278095948e+00,4.367610416159035114e-01,4.435995693032812603e-01,3.471023473772997386e-02,7.052888069910764890e-02,6.034139371737683860e-02
2.911782356471294406e+02,-1.693168600986272088e+00,4.258971547501508303e-01,4.366153636205252764e-01,3.371311455389633394e-02,7.055725503431822809e-02,1.082828067362218150e-01
2.912582516503300667e+02,-1.687521775661837475e+00,4.151446296068435626e-01,4.297430670708936584e-01,3.274912855030598369e-02,7.058521750085214319e-02,3.932520539976006729e-02
2.913382676535306928e+02,-1.681872708592137444e+00,4.045030415182266914e-01,4.229809235395867173e-01,3.181702286720335809e-02,7.061294384839642002e-02,1.550246827109550418e-01
2.914182836567313757e+02,-1.676221409174419863e+00,3.939719468452878015e-01,4.163272051849450373e-01,3.091560227130876401e-02,7.064072732905699037e-02,2.894470497268586406e-02
2.914982996599320018e+02,-1.670567877592043171e+00,3.835508820623683701e-01,4.097802120001503012e-01,3.004372688161880897e-02,7.066896584913620605e-02,1.150414438976386233e-01
2.915783156631326278e+02,-1.664912084502056633e+00,3.732393628347235315e-01,4.033382713801175190e-01,2.920030910372094571e-02,7.069772574328087034e-02,3.552859443592262106e-02
2.916583316663332539e+02,-1.659253979419429870e+00,3.630368832681863389e-01,3.969997376991418192e-01,2.838431076091671099e-02,7.072696884981230503e-02,-2.772081641708235011e-02
2.917383476695339368e+02,-1.653593501208554084e+00,3.529429152497503552e-01,3.907629918963849147e-01,2.759474040758145771e-02,7.075681252217275174e-02,-3.021286323761016024e-02
2.918183636727345629e+02,-1.647930580506466125e+00,3.429569078517448188e-01,3.846264410679337553e-01,2.683065081167076288e-02,7.078759879683219070e-02,4.679129435809781246e-03
2.918983796759351890e+02,-1.642265140809863855e+00,3.330782868315733114e-01,3.785885180660162330e-01,2.609113659519931433e-02,7.081993030372338294e-02,1.853285915355883939e-01
2.919783956791358150e+02,-1.636597066324383842e+00,3.233064541129436753e-01,3.726476811008312406e-01,2.537533201982374031e-02,7.085399963431132653e-02,3.887032264554209360e-01
2.920584116823364980e+02,-1.630926204606449659e+00,3.136407875101198672e-01,3.668024133538435594e-01,2.468240891165655523e-02,7.088969126679833810e-02,4.933103521700958616e-02
2.921384276855371240e+02,-1.625252395844018372e+00,3.040806406803494011e-01,3.610512226022624671e-01,2.401157471601441176e-02,7.092722937164855357e-02,-4.262344988270203028e-03
2.922184436887377501e+02,-1.619575478345694597e+00,2.946253431203790241e-01,3.553926408476942855e-01,2.336207067007337393e-02,7.096729558705439089e-02,1.228830457356824557e-01
2.922984596919383762e+02,-1.613895257837663744e+00,2.852742001542514227e-01,3.498252239462650848e-01,2.273317008425446845e-02,7.101040520107806953e-02,1.186599474879314331e-01
2.923784756951390591e+02,-1.608211478134304651e+00,2.760264930573015363e-01,3.443475512450965281e-01,2.212417672714249092e-02,7.105635210777824784e-02,1.680731620697764606e-02
2.924584916983396852e+02,-1.602523878153214731e+00,2.668814796675540446e-01,3.389582252394537365e-01,2.153442331393959006e-02,7.110539942845259254e-02,2.621731241124631850e-01
2.925385077015403112e+02,-1.596832201386304328e+00,2.578383949606515846e-01,3.336558712302454821e-01,2.096327008227429761e-02,7.115845974220089132e-02,1.577871215104643399e-01
2.926185237047409373e+02,-1.591136129696867796e+00,2.488964514526039729e-01,3.284391369751414325e-01,2.041010344630920723e-02,7.121579962989302293e-02,1.647618271554229519e-01
2.926985397079416202e+02,-1.585435292132359120e+00,2.400548400438644592e-01,3.233066923582675889e-01,1.987433473549422500e-02,7.127726494099186072e-02,7.701362406924579240e-02
2.927785557111422463e+02,-1.579729332705969158e+00,2.313127312602733243e-01,3.182572290782784141e-01,1.935539901276288680e-02,7.134360287552460322e-02,8.377722254563849114e-02
2.928585717143428724e+02,-1.574017866395981624e+00,2.226692761641470286e-01,3.132894603235732434e-01,1.885275395243693475e-02,7.141560795293766528e-02,1.683245466857057338e-01
2.929385877175434985e+02,-1.568300416312881529e+00,2.141236072975353788e-01,3.084021204488947010e-01,1.836587878025869661e-02,7.149298066176333621e-02,-6.833517742532378703e-02
2.930186037207441814e+02,-1.562576521802368834e+00,2.056748404934262975e-01,3.035939646921236301e-01,1.789427329012742429e-02,7.157637430124062783e-02,-9.453531831408748531e-03
2.930986197239448074e+02,-1.556845704516040430e+00,1.973220761973996928e-01,2.988637688713957075e-01,1.743745690481742980e-02,7.166674536091544034e-02,8.021354376619974080e-02
2.931786357271454335e+02,-1.551107379062141689e+00,1.890644006286880674e-01,2.942103290751500455e-01,1.699496778331351446e-02,7.176376778668773493e-02,-7.505193880200865253e-02
2.932586517303460596e+02,-1.545360986684217508e+00,1.809008880451249968e-01,2.896324614066153047e-01,1.656636200110392365e-02,7.186826548978599016e-02,2.361389087022218725e-01
2.933386677335467425e+02,-1.539605928850241501e+00,1.728306022019892030e-01,2.851290016933540339e-01,1.615121275712095433e-02,7.198100985126264229e-02,9.469675408242825276e-03
2.934186837367473686e+02,-1.533841508995336556e+00,1.648525978984055895e-01,2.806988052025006231e-01,1.574910962423083441e-02,7.210174520387822861e-02,2.901687043318675052e-02
2.934986997399479947e+02,-1.528067077021405762e+00,1.569659235497783412e-01,2.763407464116094947e-01,1.535965786474605133e-02,7.223169885987278105e-02,1.046056193613531804e-01
2.935787157431486207e+02,-1.522281878863739779e+00,1.491696224208757249e-01,2.720537187161797821e-01,1.498247775076800431e-02,7.237100579280328350e-02,2.232458901265722273e-01
2.936587317463493036e+02,-1.516485130558607342e+00,1.414627349542352530e-01,2.678366341970991882e-01,1.461720394700979919e-02,7.252000711903752728e-02,6.820248362757198868e-02
2.937387477495499297e+02,-1.510676055625142400e+00,1.338443009760497959e-01,2.636884233890300910e-01,1.426348492514026810e-02,7.267985658837329555e-02,-4.165900039698758328e-03
2.938187637527505558e+02,-1.504853745637681151e+00,1.263133610247652583e-01,2.596080350065059217e-01,1.392098238673662725e-02,7.285026402773578380e-02,-2.056484916665110574e-02
2.938987797559511819e+02,-1.499017348881481748e+00,1.188689593313308618e-01,2.555944357675871137e-01,1.358937076105166952e-02,7.303257165281358543e-02,9.629323346526809380e-02
2.939787957591518648e+02,-1.493165882115820020e+00,1.115101448903580428e-01,2.516466101194997362e-01,1.326833668044660394e-02,7.322674999060800605e-02,1.521970725498354715e-02
2.940588117623524909e+02,-1.487298373704145860e+00,1.042359741995423639e-01,2.477635600659110482e-01,1.295757852943543384e-02,7.343369603724658745e-02,3.109126311518474184e-01
2.941388277655531169e+02,-1.481413782317622108e+00,9.704551282641149523e-02,2.439443049372320982e-01,1.265680598817210505e-02,7.365396991587026820e-02,1.995702705386401821e-01
2.942188437687537430e+02,-1.475511007656017615e+00,8.993783740234086166e-02,2.401878811942583514e-01,1.236573961330204689e-02,7.388800216399665777e-02,-2.430120481159087076e-01
2.942988597719544259e+02,-1.469588936175820981e+00,8.291203778323978646e-02,2.364933422538130214e-01,1.208411044913289267e-02,7.413679754010304990e-02,-1.884047733578431139e-02
2.943788757751550520e+02,-1.463646344825372259e+00,7.596721836964759333e-02,2.328597582732022941e-01,1.181165963707197369e-02,7.440054051511632571e-02,1.097251164690711267e-01
2.944588917783556781e+02,-1.457682027142872094e+00,6.910250061414804912e-02,2.292862160213899880e-01,1.154813808478836155e-02,7.468047237471214794e-02,3.061626595821516639e-01
2.945389077815563041e+02,-1.451694641338420411e+00,6.231702389895678318e-02,2.257718186589419140e-01,1.129330610673267427e-02,7.497673381602186493e-02,-1.269634989026348082e-01
2.946189237847569871e+02,-1.445682868781174468e+00,5.560994812611624177e-02,2.223156856423991468e-01,1.104693314089795486e-02,7.529066027528548422e-02,3.099460056266918617e-02
2.946989397879576131e+02,-1.439645247398410044e+00,4.898045435561991512e-02,2.189169525138831285e-01,1.080879742328381271e-02,7.562248884822034278e-02,1.961405902530931333e-01
2.947789557911582392e+02,-1.433580327291262391e+00,4.242774727530259499e-02,2.155747708284887210e-01,1.057868574342111026e-02,7.597355673336350645e-02,6.622721488296873238e-03
2.948589717943588653e+02,-1.427486521248429119e+00,3.595105577872085428e-02,2.122883079675116358e-01,1.035639315605327120e-02,7.634431942303036844e-02,8.348423571278157373e-02
2.949389877975595482e+02,-1.421362225225897724e+00,2.954963511899208820e-02,2.090567470775456238e-01,1.014172276642769273e-02,7.673602605182965053e-02,2.668716961015325795e-02
2.950190038007601743e+02,-1.415205720513379228e+00,2.322276765210628743e-02,2.058792869260936409e-01,9.934485485270068764e-03,7.714948858108246210e-02,1.443054542192345191e-01
2.950990198039608003e+02,-1.409015221419130492e+00,1.696976443266406259e-02,2.027551418359011537e-01,9.734499832668866773e-03,7.758578141581744247e-02,-3.233658215864008978e-02
2.951790358071614264e+02,-1.402788866074947682e+00,1.078996639745727175e-02,1.996835416074398961e-01,9.541591745617148193e-03,7.804618853709487103e-02,8.034373092297859842e-02
2.952590518103621093e+02,-1.396524661087072960e+00,4.682745192173281938e-03,1.966637314323113617e-01,9.355594389737729999e-03,7.853161409200869192e-02,-6.698087829309244678e-02
2.953390678135627354e+02,-1.390220572818663847e+00,-1.352495061727551021e-03,1.936949718994890601e-01,9.176348025215266477e-03,7.904378342154332049e-02,1.767536924082475647e-01
2.954190838167633615e+02,-1.383874385537036567e+00,-7.316317615218387652e-03,1.907765388941448648e-01,9.003699827012337509e-03,7.958364895493824642e-02,1.401116100348549776e-01
2.954990998199639876e+02,-1.377483843523083618e+00,-1.320925100483629280e-02,1.879077236734028045e-01,8.837503799828580128e-03,8.015318174053129296e-02,7.651024245488285969e-02
2.955791158231646705e+02,-1.371046489734131013e+00,-1.903178910886228759e-02,1.850878327887031660e-01,8.677620623396376659e-03,8.075362889759102325e-02,8.445213595561110176e-02
2.956591318263652965e+02,-1.364559788566287457e+00,-2.478438917367401309e-02,1.823161882010606305e-01,8.523917599425938352e-03,8.138705753051958536e-02,8.412432311897852233e-02
2.957391478295659226e+02,-1.358021027177021223e+00,-3.046747143163962973e-02,1.795921272863074958e-01,8.376268549347556241e-03,8.205539393751122568e-02,4.512186166152652028e-02
2.958191638327665487e+02,-1.351427311455010827e+00,-3.608141800995271625e-02,1.769150029261822021e-01,8.234553759502355463e-03,8.276057726429841832e-02,9.846156319487332775e-02
2.958991798359672316e+02,-1.344775621085398054e+00,-4.162657131355100570e-02,1.742841836770037678e-01,8.098659969390053712e-03,8.350531884063951138e-02,1.201925633211845812e-01
2.959791958391678577e+02,-1.338062677805919476e+00,-4.710323381720592228e-02,1.716990538384140785e-01,7.968480313959405356e-03,8.429194147870788800e-02,7.741175615936332632e-02
2.960592118423684838e+02,-1.331285010130328406e+00,-5.251166621840294008e-02,1.691590137059821586e-01,7.843914360794592561e-03,8.512329918178061783e-02,2.566842013058338867e-02
2.961392278455691098e+02,-1.324438933314961320e+00,-5.785208613046539244e-02,1.666634798112638927e-01,7.724868143932641165e-03,8.600281203046443446e-02,4.534703093604267737e-02
2.962192438487697927e+02,-1.317520444195351192e+00,-6.312466738695651780e-02,1.642118851374322341e-01,7.611254187658652096e-03,8.693374913244077129e-02,4.108166068143444261e-02
2.962992598519704188e+02,-1.310525267125492110e+00,-6.832953788519099958e-02,1.618036795223694591e-01,7.502991625524474753e-03,8.792001555414158398e-02,1.333373136384513324e-01
2.963792758551710449e+02,-1.303448820297593569e+00,-7.346677788011658772e-02,1.594383300666472325e-01,7.400006322960127163e-03,8.896618515553590678e-02,1.044157879208768153e-01
2.964592918583716710e+02,-1.296286113517204130e+00,-7.853641868452335140e-02,1.571153215482360699e-01,7.302231003541325392e-03,9.007700402984003540e-02,2.873752368874575303e-01
2.965393078615723539e+02,-1.289031747866814293e+00,-8.353844014189044931e-02,1.548341570255240274e-01,7.209605469078025561e-03,9.125788550033743507e-02,7.393411331086363614e-02
2.966193238647729800e+02,-1.281679881400157761e+00,-8.847276802298584264e-02,1.525943585190847607e-01,7.122076858040051091e-03,9.251514152455939111e-02,1.000591976285471196e-01
2.966993398679736060e+02,-1.274224137540150181e+00,-9.333927156620773491e-02,1.503954677525652373e-01,7.039599931517320427e-03,9.385582749421877979e-02,3.093248091571117186e-02
2.967793558711742321e+02,-1.266657520075184395e+00,-9.813776048113255490e-02,1.482370470385047379e-01,6.962137428639831281e-03,9.528778053208251941e-02,1.054076144675225174e-01
2.968593718743749150e+02,-1.258972365687763606e+00,-1.028679809324180572e-01,1.461186803860187455e-01,6.889660528998748160e-03,9.682006902285138217e-02,5.235280491432534045e-02
2.969393878775755411e+02,-1.251160243865642840e+00,-1.075296113286152849e-01,1.440399747516078188e-01,6.822149381261236566e-03,9.846316006249296315e-02,1.254873910746880095e-02
2.970194038807761672e+02,-1.243211829067235819e+00,-1.121222575465332660e-01,1.420005614960625218e-01,6.759593727904523487e-03,1.002290692938065664e-01,1.163847308896452520e-01
2.970994198839767932e+02,-1.235116749731153929e+00,-1.166454473819873022e-01,1.400000980986194909e-01,6.701993649821911397e-03,1.021315793442945097e-01,2.612600930865701665e-01
2.971794358871774762e+02,-1.226863443587322910e+00,-1.210986236104797664e-01,1.380382702452140897e-01,6.649360487355458933e-03,1.041867617469818402e-01,1.764862170251209339e-02
2.972594518903781022e+02,-1.218438959949324607e+00,-1.254811360724968072e-01,1.361147942808981492e-01,6.601717929941883049e-03,1.064134479267897504e-01,4.127725983537011700e-02
2.973394678935787283e+02,-1.209828715833547230e+00,-1.297922323705918146e-01,1.342294201322438429e-01,6.559103324139259859e-03,1.088338002908129792e-01,1.048679930416421408e-01
2.974194838967793544e+02,-1.201016199183535305e+00,-1.340310468020445567e-01,1.323819348193668588e-01,6.521569255902782102e-03,1.114740532573928883e-01,1.368117185515370648e-01
2.974994998999800373e+02,-1.191982602644082512e+00,-1.381965871446478589e-01,1.305721666989146934e-01,6.489185472809146614e-03,1.143654664120443559e-01,2.443679234590616089e-01
2.975795159031806634e+02,-1.182706372308105047e+00,-1.422877187220835116e-01,1.287999906333288092e-01,6.462041237738040157e-03,1.175455848964564176e-01,5.269915760197017851e-02
2.976595319063812894e+02,-1.173162645204600008e+00,-1.463031450369205178e-01,1.270653343435229343e-01,6.440248234663335618e-03,1.210599041464546777e-01,1.069796621306569190e-01
2.977395479095819155e+02,-1.163322530531499810e+00,-1.502413842286413614e-01,1.253681862546235370e-01,6.423944170880948289e-03,1.249640389654273903e-01,4.511246928315827687e-02
2.978195639127825984e+02,-1.153152188956162227e+00,-1.541007401202512672e-01,1.237086052924446650e-01,6.413297291013408778e-03,1.293266333998472351e-01,4.130939460347955727e-02
2.978995799159832245e+02,-1.142611639679710134e+00,-1.578792662701312410e-01,1.220867332476031630e-01,6.408512093185631843e-03,1.342333179209689864e-01,8.628365383474681516e-02
2.979795959191838506e+02,-1.131653194574178789e+00,-1.615747208846123051e-01,1.205028105640289782e-01,6.409836651370020774e-03,1.397921678346475960e-01,2.739804167918880040e-02
2.980596119223844767e+02,-1.120219373813016839e+00,-1.651845096247293032e-01,1.189571967650287498e-01,6.417572116981943957e-03,1.461413535333622726e-01,1.898178826983394629e-01
2.981396279255851027e+02,-1.108240089053725175e+00,-1.687056121265325948e-01,1.174503972680112501e-01,6.432085228571064565e-03,1.534600551441812899e-01,2.574779421377214605e-01
2.982196439287857856e+02,-1.095628770378497041e+00,-1.721344861243787328e-01,1.159830992059732446e-01,6.453825072626134980e-03,1.619843331485303628e-01,1.089481858474992959e-01
2.982996599319864117e+02,-1.082276928769282831e+00,-1.754669407442510376e-01,1.145562200868833896e-01,6.483345914706200273e-03,1.720306916226082283e-01,1.001948773394841091e-01
2.983796759351870378e+02,-1.068046365156118060e+00,-1.786979663670337226e-01,1.131709751949331461e-01,6.521338888217819395e-03,1.840319676676891447e-01,3.146325379167921321e-01
2.984596919383876639e+02,-1.052757855491787131e+00,-1.818214989355613209e-01,1.118289736232878362e-01,6.568677316583578125e-03,1.985936537136724633e-01,1.752349715175388623e-01
2.985397079415883468e+02,-1.036173934414668540e+00,-1.848300899784291740e-01,1.105323585713674922e-01,6.626483067779020096e-03,2.165843625776559533e-01,3.631253965325021982e-01
2.986197239447889729e+02,-1.017972334879507557e+00,-1.877144297498954950e-01,1.092840185194864921e-01,6.696226682002094123e-03,2.392873434738883864e-01,-5.229737420053695574e-02
2.986997399479895989e+02,-9.977033037918129343e-01,-1.904626372207370855e-01,1.080879174749198729e-01,6.779884402814033775e-03,2.686639096802192483e-01,2.498784883509690691e-01
2.987797559511902250e+02,-9.747180969257945859e-01,-1.930591641663129965e-01,1.069496348539030611e-01,6.880195545413259235e-03,3.078335382909133111e-01,2.037537106607427428e-01
2.988597719543909079e+02,-9.480434630995115963e-01,-1.954830318992655247e-01,1.058772948439238026e-01,7.001106675028048211e-03,3.619987892176119160e-01,3.062543039122980759e-01
2.989397879575915340e+02,-9.161483844588010905e-01,-1.977048452759301300e-01,1.048832726683157773e-01,7.148589157943222201e-03,4.403482839425619244e-01,5.185632084015239229e-01
2.990198039607921601e+02,-8.764791017336176493e-01,-1.996814128246484632e-01,1.039875904834304809e-01,7.332270355620017048e-03,5.602982004113784553e-01,6.659707149167121143e-01
2.990998199639927861e+02,-8.244479514702941492e-01,-2.013452284939892811e-01,1.032254331346529747e-01,7.569052422440485095e-03,7.579315701693144502e-01,7.380416873199795447e-01
2.991798359671934691e+02,-7.509840280878173902e-01,-2.025816847970849377e-01,1.026662583858486827e-01,7.892334999122061975e-03,1.117077493061288340e+00,1.208168543927909733e+00
2.992598519703940951e+02,-6.356980056028194159e-01,-2.031718480888280998e-01,1.024730713675393173e-01,8.380681701372363901e-03,1.863978648473841426e+00,1.749365390135835696e+00
2.993398679735947212e+02,-4.241651479299066718e-01,-2.026132042570691350e-01,1.031468551363648595e-01,9.276231244884219906e-03,3.734842401353188901e+00,3.759364232487812707e+00
2.994198839767953473e+02,5.884124642272739458e-02,-1.993538183161425725e-01,1.068777922571009092e-01,1.163933872640744022e-02,9.378109459350300270e+00,9.360014825893500756e+00
2.994998999799960302e+02,1.184499598079977734e+00,-1.893342326973049827e-01,1.185514703577265627e-01,1.780561651961948613e-02,1.630306471251168432e+01,1.613033263877338186e+01
2.995799159831966563e+02,1.919584111884710342e+00,-1.719399434895399204e-01,1.329890382584470732e-01,2.514728377055629877e-02,2.638286724582600051e+00,2.725852435471114443e+00
2.996599319863972823e+02,1.985009010292177356e+00,-1.525854481245635108e-01,1.474239399007394591e-01,3.229186623704753678e-02,5.955509758464871961e-02,-1.030362603384289699e-02
2.997399479895979084e+02,1.981495886028337594e+00,-1.331938356171297466e-01,1.617824220003951097e-01,3.920541156094675683e-02,-8.488642819428557362e-02,-4.423869310192987681e-02
2.998199639927985913e+02,1.974261107575087104e+00,-1.139120907792808141e-01,1.760530279954043986e-01,4.588536213179928575e-02,-9.270355610398513246e-02,-1.718379183330068782e-01
2.998999799959992174e+02,1.966808535113734768e+00,-9.475078549030818698e-02,1.902270079403249048e-01,5.233114297793649977e-02,-9.339920342193927527e-02,-7.843861278196100073e-02
2.999799959991998435e+02,1.959322495400429132e+00,-7.571358597939775725e-02,2.042966476221134142e-01,5.854336266679340678e-02,-9.370276661525236972e-02,-3.487985008189090075e-02
3.000600120024004696e+02,1.951813947892899526e+00,-5.680402312872973036e-02,2.182551006786970227e-01,6.452371154094312111e-02,-9.397001627222192899e-02,-9.672696788625385900e-02
3.001400280056011525e+02,1.944284687254032029e+00,-3.802578612274939290e-02,2.320963049780257470e-01,7.027486915153455249e-02,-9.422079712936683171e-02,-1.443891616912469922e-01
3.002200440088017785e+02,1.936736017478715821e+00,-1.938266879429208223e-02,2.458149110587691810e-01,7.580039623622285283e-02,-9.445564198751632556e-02,-3.632235025281384949e-02
3.003000600120024046e+02,1.929169210727935457e+00,-8.784936353139349710e-04,2.594062176557045407e-01,8.110461778966869539e-02,-9.467313221608093798e-02,-7.583020201343154687e-02
3.003800760152030307e+02,1.921585648203909313e+00,1.748296563274975152e-02,2.728661132176091186e-01,8.619250383372493995e-02,-9.487554964574636263e-02,-1.391489093212779360e-01
3.004600920184037136e+02,1.913986555019305369e+00,3.569805971040858339e-02,2.861910227285267561e-01,9.106955294108244614e-02,-9.506062271361194471e-02,-9.287625313560465834e-02
3.005401080216043397e+02,1.906373255647445752e+00,5.376333217834212974e-02,2.993778592412226769e-01,9.574168209649978889e-02,-9.523101238811428060e-02,-1.055196399470005042e-01
3.006201240248049658e+02,1.898746931248051162e+00,7.167558044985776478e-02,3.124239796999421226e-01,1.002151252638489587e-01,-9.538684203160510688e-02,-1.315039613525089690e-01
3.007001400280055918e+02,1.891108677613013933e+00,8.943190529802448607e-02,3.253271446255380228e-01,1.044963419864994858e-01,-9.552836034258833930e-02,-7.359783004814296481e-03
3.007801560312062747e+02,1.883459580938304123e+00,1.070297483847234415e-01,3.380854813323326269e-01,1.085919365984321650e-01,-9.565891242131682737e-02,7.623052659051490765e-02
3.008601720344069008e+02,1.875800499637813257e+00,1.244669181634917021e-01,3.506974503833545365e-01,1.125085880372020675e-01,-9.577828672639870922e-02,-1.487329168906939836e-01
3.009401880376075269e+02,1.868132221621079836e+00,1.417416028153823671e-01,3.631618149785720284e-01,1.162529898365224218e-01,-9.588814852080247697e-02,-1.095312589648969048e-01
3.010202040408081530e+02,1.860455449678285911e+00,1.588523725031386891e-01,3.754776130489111408e-01,1.198317996346839470e-01,-9.599168061974576449e-02,-1.917301060147093006e-01
3.011002200440088359e+02,1.852770656053799980e+00,1.757981722511059441e-01,3.876441318233068700e-01,1.232515973669920661e-01,-9.608912949365458478e-02,-2.309063442948926792e-01
3.011802360472094620e+02,1.845078219285837484e+00,1.925783060370500066e-01,3.996608846352953659e-01,1.265188512348555672e-01,-9.618211180232316693e-02,1.552860109281797851e-02
3.012602520504100880e+02,1.837378428911344175e+00,2.091924149251522536e-01,4.115275897937364369e-01,1.296398905467537888e-01,-9.627360140604078464e-02,-1.650198690436334714e-01
3.013402680536107141e+02,1.829671376783523762e+00,2.256404509615554665e-01,4.232441513363319752e-01,1.326208845440946527e-01,-9.636449569290460315e-02,-6.404260098841417503e-02
3.014202840568113970e+02,1.821957030230283880e+00,2.419226476660310821e-01,4.348106414834679301e-01,1.354678263734557797e-01,-9.645569448273015600e-02,-2.335348013289675340e-01
3.015003000600120231e+02,1.814235278572898125e+00,2.580394890877992231e-01,4.462272846502212675e-01,1.381865214457676794e-01,-9.654923964775713463e-02,-1.620130288243351591e-01
3.015803160632126492e+02,1.806505901306830308e+00,2.739916787707754042e-01,4.574944428801478447e-01,1.407825794955795129e-01,-9.664711794818495183e-02,-5.093883517216932916e-02
3.016603320664132752e+02,1.798768525151922093e+00,2.897801094042075642e-01,4.686126025686633834e-01,1.432614097280154319e-01,-9.674982466645956625e-02,-5.089667160004276991e-02
3.017403480696139582e+02,1.791022696299336081e+00,3.054058335147610270e-01,4.795823623501757615e-01,1.456282185141836993e-01,-9.685824673963117082e-02,-7.504876483247577279e-02
3.018203640728145842e+02,1.783267891595698984e+00,3.208700361936916434e-01,4.904044220531340037e-01,1.478880091748312198e-01,-9.697373952352802973e-02,-5.775987531889557186e-02
3.019003800760152103e+02,1.775503514189914922e+00,3.361740100606682158e-01,5.010795726231449532e-01,1.500455834513657882e-01,-9.709778638813879037e-02,-7.698943826739830520e-02
3.019803960792158364e+02,1.767728867492431633e+00,3.513191326567677852e-01,5.116086869260143555e-01,1.521055443235530547e-01,-9.723111472463644156e-02,1.428313425479998955e-03
3.020604120824165193e+02,1.759943178045911827e+00,3.663068461111187446e-01,5.219927113451322542e-01,1.540722998824876344e-01,-9.737419391431453852e-02,7.083737397068071151e-02
3.021404280856171454e+02,1.752145619113495867e+00,3.811386391774561622e-01,5.322326581029958037e-01,1.559500680171493625e-01,-9.752773607699938285e-02,-4.278041616793656909e-02
3.022204440888177714e+02,1.744335310606101697e+00,3.958160316142353974e-01,5.423295982430914597e-01,1.577428817121722671e-01,-9.769256622977756654e-02,-1.104790092932682322e-01
3.023004600920183975e+02,1.736511319373333251e+00,4.103405606915660475e-01,5.522846552100266759e-01,1.594545947872428870e-01,-9.786952927031827842e-02,-2.022287345074634257e-01
3.023804760952190804e+02,1.728672659088311025e+00,4.247137696548655694e-01,5.620989989736432380e-01,1.610888879388735762e-01,-9.805941129758730113e-02,-1.482993122585116730e-01
3.024604920984197065e+02,1.720818284127230591e+00,4.389371979779023714e-01,5.717738406482787417e-01,1.626492749706240359e-01,-9.826273456772990911e-02,-1.322840447327997548e-01
3.025405081016203326e+02,1.712947098916941524e+00,4.530123731484514971e-01,5.813104275605329718e-01,1.641391091178613926e-01,-9.847996460137023456e-02,4.382062050343021875e-02
3.026205241048209587e+02,1.705057964069101484e+00,4.669408038590177057e-01,5.907100387263813923e-01,1.655615893929580917e-01,-9.871163885796924164e-02,-2.551151074622162729e-01
3.027005401080216416e+02,1.697149695596532837e+00,4.807239744413278060e-01,5.999739807016120086e-01,1.669197668912532906e-01,-9.895833388051736290e-02,-1.802893770973330034e-01
3.027805561112222676e+02,1.689221064082169432e+00,4.943633403596254805e-01,6.091035837715058632e-01,1.682165510102594519e-01,-9.922064668712246571e-02,-2.039870370703308344e-01
3.028605721144228937e+02,1.681270793698225852e+00,5.078603246137897154e-01,6.181001984496317103e-01,1.694547155453740295e-01,-9.949918623733053358e-02,-1.469561331357864542e-02
3.029405881176235198e+02,1.673297561003112444e+00,5.212163149173062449e-01,6.269651922581571668e-01,1.706369046339998863e-01,-9.979457193759061484e-02,-1.711734580405664952e-01
3.030206041208242027e+02,1.665299993454102179e+00,5.344326615298057304e-01,6.356999467648167812e-01,1.717656385271695840e-01,-1.001074367668317033e-01,-2.855586523607321348e-01
3.031006201240248288e+02,1.657276667583161389e+00,5.475106756374001904e-01,6.443058548537331509e-01,1.728433191736168661e-01,-1.004384331479729608e-01,-3.078807107210314031e-01
3.031806361272254549e+02,1.649226106791182200e+00,5.604516281872379269e-01,6.527843182094859031e-01,1.738722356060521390e-01,-1.007882401696885699e-01,-7.220263944981708537e-02
3.032606521304260809e+02,1.641146778722860633e+00,5.732567490942348520e-01,6.611367449954032027e-01,1.748545691232539501e-01,-1.011575711787573995e-01,-2.667878968826748465e-01
3.033406681336267638e+02,1.633037092189969952e+00,5.859272267490280850e-01,6.693645477089017470e-01,1.757923982647418004e-01,-1.015471811225465704e-01,5.871608616648538170e-03
3.034206841368273899e+02,1.624895393615586991e+00,5.984642077655273340e-01,6.774691411979778533e-01,1.766877035772674021e-01,-1.019578733273421300e-01,1.628723830453759902e-03
3.035007001400280160e+02,1.616719962975257330e+00,6.108687969151619379e-01,6.854519408244160728e-01,1.775423721743459582e-01,-1.023905056562066096e-01,-2.186032585383646532e-01
3.035807161432286421e+02,1.608509009213816343e+00,6.231420572020025528e-01,6.933143607602298975e-01,1.783582020915554789e-01,-1.028459962037639452e-01,-1.397868593930067793e-01
3.036607321464293250e+02,1.600260665117786196e+00,6.352850100396580935e-01,7.010578124050803606e-01,1.791369064415223034e-01,-1.033253288587693275e-01,-1.043560290574495203e-01
3.037407481496299511e+02,1.591972981623631878e+00,6.472986354960958977e-01,7.086837029131706212e-01,1.798801173733626801e-01,-1.038295592014182311e-01,-2.564918362745283176e-01
3.038207641528305771e+02,1.583643921540929478e+00,6.591838725774331609e-01,7.161934338190595328e-01,1.805893898419881627e-01,-1.043598213054761081e-01,-2.312850708407817590e-01
3.039007801560312032e+02,1.575271352667190206e+00,6.709416195253448123e-01,7.235883997523403499e-01,1.812662051930817864e-01,-1.049173360868238536e-01,-1.719701011716438799e-01
3.039807961592318861e+02,1.566853040266769304e+00,6.825727341062808318e-01,7.308699872319173174e-01,1.819119745698236923e-01,-1.055034218846007121e-01,-1.130786249901530593e-01
3.040608121624325122e+02,1.558386638880522979e+00,6.940780338730656585e-01,7.380395735309696059e-01,1.825280421475445891e-01,-1.061195079792631724e-01,-8.271367596553899637e-02
3.041408281656331383e+02,1.549869683424698996e+00,7.054582963817711549e-01,7.450985256042468308e-01,1.831156882024984056e-01,-1.067671517475929366e-01,-2.986563713324033031e-01
3.042208441688337643e+02,1.541299579527330987e+00,7.167142593480232415e-01,7.520481990694818375e-01,1.836761320208362691e-01,-1.074480601288299586e-01,-8.771580013883339966e-02
3.043008601720344473e+02,1.532673593036930626e+00,7.278466207283307288e-01,7.588899372351257666e-01,1.842105346537053490e-01,-1.081641160316892947e-01,-1.240104580370771648e-01
3.043808761752350733e+02,1.523988838168878868e+00,7.388560387147634634e-01,7.656250701667667302e-01,1.847200015242052851e-01,-1.089174025528091838e-01,-1.398236925525838670e-01
3.044608921784356994e+02,1.515242256560070722e+00,7.497431316672742430e-01,7.722549137870685643e-01,1.852055848927472992e-01,-1.097100994245078787e-01,-1.602603299825487992e-01
3.045409081816363255e+02,1.506430601634417554e+00,7.605084779027140307e-01,7.787807689974864944e-01,1.856682861840122656e-01,-1.105445081294897935e-01,-1.230198621314555762e-02
3.046209241848370084e+02,1.497550427406079132e+00,7.711526153270807926e-01,7.852039208137778781e-01,1.861090581799518806e-01,-1.114231797636047738e-01,4.021746125525835214e-02
3.047009401880376345e+02,1.488598071329461314e+00,7.816760409441989577e-01,7.915256375100007125e-01,1.865288070844636215e-01,-1.123489727880455646e-01,-1.627100653861542345e-01
3.047809561912382605e+02,1.479569635345845624e+00,7.920792102048146432e-01,7.977471697613959245e-01,1.869283944628570004e-01,-1.133251184864778049e-01,-1.350015111054263806e-01
3.048609721944388866e+02,1.470460962782848879e+00,8.023625361896533636e-01,8.038697497778490852e-01,1.873086390596230555e-01,-1.143552636049566251e-01,-2.777420360460680082e-01
3.049409881976395695e+02,1.461267589428324909e+00,8.125263887280474995e-01,8.098945904276951824e-01,1.876703185015576314e-01,-1.154431823325169360e-01,-1.604120869181673292e-01
3.050210042008401956e+02,1.451984719431986592e+00,8.225710931591132535e-01,8.158228843219424986e-01,1.880141708789562216e-01,-1.165929453182723563e-01,-5.253771096677388452e-02
3.051010202040408217e+02,1.442607208597188162e+00,8.324969287856885947e-01,8.216558028512153111e-01,1.883408962077824378e-01,-1.178092445162384760e-01,-1.325655638092925193e-01
3.051810362072414478e+02,1.433129530275398578e+00,8.423041271223450366e-01,8.273944951715317409e-01,1.886511577776869009e-01,-1.190975186664666730e-01,-8.799589134735978646e-02
3.052610522104421307e+02,1.423545708452081504e+00,8.519928700080545703e-01,8.330400871343056624e-01,1.889455833899407744e-01,-1.204637164626098933e-01,-1.358723918141481468e-01
3.053410682136427567e+02,1.413849243954205193e+00,8.615632874043753775e-01,8.385936801339967106e-01,1.892247664790042416e-01,-1.219141140927790246e-01,-1.162880067208669072e-01
3.054210842168433828e+02,1.404033099961500275e+00,8.710154543993939846e-01,8.440563498145348120e-01,1.894892670955074521e-01,-1.234560429065306719e-01,-6.081579480758254885e-02
3.055011002200440089e+02,1.394089640639753824e+00,8.803493879762003260e-01,8.494291446606221374e-01,1.897396127697610901e-01,-1.250980823102626482e-01,-5.231222651040633165e-02
3.055811162232446350e+02,1.384010491762797113e+00,8.895650437326837467e-01,8.547130844758953350e-01,1.899762992630698033e-01,-1.268494622017862783e-01,-3.249634525958937648e-01
3.056611322264453179e+02,1.373786472890379473e+00,8.986623114912992705e-01,8.599091586254496988e-01,1.901997911543839015e-01,-1.287206036890309324e-01,-1.534246165220107261e-01
3.057411482296459440e+02,1.363407537731490704e+00,9.076410100227570998e-01,8.650183240240327809e-01,1.904105222601771563e-01,-1.307239173475652216e-01,-4.243645986689756899e-01
3.058211642328465700e+02,1.352862572787652207e+00,9.165008818391213730e-01,8.700415029333222749e-01,1.906088959257613569e-01,-1.328732140771518577e-01,-1.339497155629947589e-01
3.059011802360471961e+02,1.342139256725966456e+00,9.252415865051391020e-01,8.749795803729787380e-01,1.907952851013663409e-01,-1.351842204682721094e-01,-1.919632766177740146e-01
3.059811962392478790e+02,1.331223948834932003e+00,9.338626923475522590e-01,8.798334010626756019e-01,1.909700321717214266e-01,-1.376757385285712343e-01,-1.989727675536683282e-01
3.060612122424485051e+02,1.320101359373079042e+00,9.423636682719226387e-01,8.846037660244290279e-01,1.911334486123732190e-01,-1.403689718495165772e-01,1.370402465279457749e-02
3.061412282456491312e+02,1.308754367157948906e+00,9.507438725138807056e-01,8.892914284081133713e-01,1.912858142713371457e-01,-1.432890367716460611e-01,-1.091393827273320488e-01
3.062212442488497572e+02,1.297163687866455195e+00,9.590025401447508369e-01,8.938970886271365712e-01,1.914273763327771216e-01,-1.464656274011266746e-01,-3.482582316299706604e-02
3.063012602520504402e+02,1.285307414908064771e+00,9.671387688141788175e-01,8.984213886327238052e-01,1.915583478955191488e-01,-1.499334503089227999e-01,-8.852676721248453617e-02
3.063812762552510662e+02,1.273160648753362878e+00,9.751514999174579756e-01,9.028649047785041182e-01,1.916789059187185562e-01,-1.537346017144766708e-01,1.371331756291055415e-02
3.064612922584516923e+02,1.260694744846635018e+00,9.830394986655878187e-01,9.072281395167776097e-01,1.917891886795770884e-01,-1.579190221194293198e-01,-1.833289831678253656e-01
3.065413082616523184e+02,1.247876700076743450e+00,9.908013267560664694e-01,9.115115107725841881e-01,1.918892922087946096e-01,-1.625480436234491566e-01,-1.886576515507951135e-01
3.066213242648530013e+02,1.234668025208338848e+00,9.984353124781742972e-01,9.157153392793507818e-01,1.919792658885551839e-01,-1.676961786379480013e-01,-1.775180649882674710e-01
3.067013402680536274e+02,1.221023636897732079e+00,1.005939510264130421e+00,9.198398321751704021e-01,1.920591064302724360e-01,-1.734563261963820158e-01,7.077390361521604389e-02
3.067813562712542534e+02,1.206890078747787864e+00,1.013311654058808520e+00,9.238850627912497115e-01,1.921287502797128788e-01,-1.799443339987119583e-01,-2.240090410869028936e-01
3.068613722744548795e+02,1.192203470570422752e+00,1.020549095059360534e+00,9.278509441032728455e-01,1.921880633035861485e-01,-1.873075845804123007e-01,-1.850413769478938542e-01
3.069413882776555624e+02,1.176886527932238469e+00,1.027648725159208798e+00,9.317371946079673339e-01,1.922368272986331172e-01,-1.957355414004241512e-01,-5.863489965671636606e-02
3.070214042808561885e+02,1.160844591829202299e+00,1.034606876714791124e+00,9.355432928797415837e-01,1.922747216861183939e-01,-2.054757512547411569e-01,-1.134406819259368704e-01
3.071014202840568146e+02,1.143960140412477955e+00,1.041419190220350233e+00,9.392684161015718569e-01,1.923012983691149425e-01,-2.168576052322401804e-01,-2.666471343112473691e-01
3.071814362872574407e+02,1.126084886945531993e+00,1.048080439043217460e+00,9.429113556846916433e-01,1.923159468214060419e-01,-2.303277307796530726e-01,-5.608697070159374132e-02
3.072614522904581236e+02,1.107028348362461667e+00,1.054584289491615312e+00,9.464703980515087878e-01,1.923178442212073180e-01,-2.465054095205920781e-01,-1.985577421390000707e-01
3.073414682936587496e+02,1.086540775434587047e+00,1.060922965535654239e+00,9.499431516734637704e-01,1.923058824121074706e-01,-2.662713911104841458e-01,-1.216441367083525571e-01
3.074214842968593757e+02,1.064286870770455584e+00,1.067086769481982556e+00,9.533262887276321429e-01,1.922785579213897589e-01,-2.909152383052920898e-01,-2.303939253834426937e-01
3.075015003000600018e+02,1.039803803984261865e+00,1.073063372381173330e+00,9.566151433091634182e-01,1.922337995166134017e-01,-3.223895652309766158e-01,-2.446252868857332063e-01
3.075815163032606847e+02,1.012431683614956279e+00,1.078836732070615145e+00,9.598030621751385549e-01,1.921686877744921695e-01,-3.637704951242659579e-01,-4.380218774801878379e-01
3.076615323064613108e+02,9.811923784947421678e-01,1.084385363413643333e+00,9.628802945927397161e-01,1.920789722804330801e-01,-4.201367223458485345e-01,-2.783099046368141538e-01
3.077415483096619369e+02,9.445664330370941997e-01,1.089679437976653897e+00,9.658319736242546583e-01,1.919581885961830769e-01,-5.003613779571536302e-01,-5.704582387887895401e-01
3.078215643128625629e+02,9.000531082178002684e-01,1.094675606144629665e+00,9.686341385230360368e-01,1.917959090987916559e-01,-6.210610073092648342e-01,-6.133733652720577689e-01
3.079015803160632458e+02,8.432259849558731979e-01,1.099306994103320889e+00,9.712450448556517735e-01,1.915739048262229127e-01,-8.161774278442057717e-01,-7.074534731454563685e-01
3.079815963192638719e+02,7.654826923344973943e-01,1.103461828311492754e+00,9.735834369690778978e-01,1.912565216092585729e-01,-1.163172555649669038e+00,-1.197112808800332662e+00
3.080616123224644980e+02,6.479006909705796735e-01,1.106930684788250074e+00,9.754627454840300027e-01,1.907615475974391572e-01,-1.866110600844456124e+00,-1.854170755480273325e+00
3.081416283256651241e+02,4.414520733152211829e-01,1.109245786077142748e+00,9.763303501622020431e-01,1.898458760858424965e-01,-3.566596009841432657e+00,-3.565766864015668780e+00
3.082216443288658070e+02,-5.845254186417014886e-03,1.109020619301767541e+00,9.738957784794884942e-01,1.875311605927123537e-01,-8.501252338924992102e+00,-8.485578537427835855e+00
3.083016603320664331e+02,-1.041861866697098460e+00,1.102516956118225533e+00,9.625143665890121270e-01,1.816690625211063725e-01,-1.598003420818302445e+01,-1.592100209351944251e+01
3.083816763352670591e+02,-1.856108534743449168e+00,1.088600052616531588e+00,9.473858737958145149e-01,1.745755978305194023e-01,-3.535738680860486927e+00,-3.685549777812097805e+00
3.084616923384676852e+02,-1.951265423271616672e+00,1.072313267713507434e+00,9.323761297099586454e-01,1.677517330570985066e-01,-1.605588487563591737e-01,-2.129742129124204131e-01
3.085417083416683681e+02,-1.951857352569836612e+00,1.055934259718979140e+00,9.176016735884957587e-01,1.612309241042072516e-01,5.471481784658782654e-02,2.612599730005439880e-01
3.086217243448689942e+02,-1.946780290945587799e+00,1.039668300689166713e+00,9.030619877632071191e-01,1.550021637313088174e-01,6.702966082113293034e-02,-1.283375384709227740e-01
3.087017403480696203e+02,-1.941372497531372199e+00,1.023526953112060101e+00,8.887535237096393370e-01,1.490532477993505023e-01,6.784323276821657700e-02,4.151425186463233996e-03
3.087817563512702463e+02,-1.935937238548852690e+00,1.007510526134344220e+00,8.746726287576319647e-01,1.433719915241498111e-01,6.799342575997402438e-02,1.478394401202947628e-01
3.088617723544709293e+02,-1.930492255713216698e+00,9.916186927899099945e-01,8.608156992370293858e-01,1.379463736418431730e-01,6.810154396698769874e-02,-1.160008119378901914e-01
3.089417883576715553e+02,-1.925038850765712573e+00,9.758510945430218797e-01,8.471791883859031147e-01,1.327646110781631195e-01,6.820492741482775401e-02,-1.797236706140122042e-02
3.090218043608721814e+02,-1.919577319172048213e+00,9.602073762305454174e-01,8.337596059516427793e-01,1.278152174198125546e-01,6.830550691677844677e-02,-1.205037398468489229e-02
3.091018203640728075e+02,-1.914107886911434964e+00,9.446871882050333902e-01,8.205535173214272282e-01,1.230870491409960937e-01,6.840289495119167285e-02,2.251316852992721607e-01
3.091818363672734904e+02,-1.908630785150781550e+00,9.292901865100464676e-01,8.075575426380252608e-01,1.185693408667349291e-01,6.849701728493667874e-02,-1.837305709008572874e-02
3.092618523704741165e+02,-1.903146248754155057e+00,9.140160328725877026e-01,7.947683559275876553e-01,1.142517308822149219e-01,6.858807908786124230e-02,1.317935210483008879e-01
3.093418683736747425e+02,-1.897654512560783768e+00,8.988643946800234374e-01,7.821826842416530479e-01,1.101242781177976943e-01,6.867645150173684598e-02,5.689139278820753987e-03
3.094218843768753686e+02,-1.892155805904833343e+00,8.838349449399637292e-01,7.697973068133295849e-01,1.061774718150566427e-01,6.876249962900898849e-02,6.980763107600908290e-02
3.095019003800760515e+02,-1.886650336673424633e+00,8.689273621985345031e-01,7.576090542268787420e-01,1.024022350183144553e-01,6.884607389337354943e-02,-4.444305511252905072e-02
3.095819163832766776e+02,-1.881138305635280616e+00,8.541413305148349844e-01,7.456148076022939275e-01,9.878992295151957370e-02,6.892699676340346970e-02,-7.819369692919730941e-02
3.096619323864773037e+02,-1.875619912428653890e+00,8.394765393963996569e-01,7.338114977929559579e-01,9.533231723880465636e-02,6.900525624415759784e-02,2.215849112450565817e-02
3.097419483896779298e+02,-1.870095353725768073e+00,8.249326836935285678e-01,7.221961045962690395e-01,9.202161682089532446e-02,6.908093917675772744e-02,-6.853664849919183233e-02
3.098219643928786127e+02,-1.864564821977412690e+00,8.105094634706691004e-01,7.107656559772393967e-01,8.885042631215712972e-02,6.915418359822178562e-02,5.150937704705732534e-02
3.099019803960792387e+02,-1.859028504559856909e+00,7.962065838525199668e-01,6.995172273048563261e-01,8.581174243952183200e-02,6.922514419041986278e-02,8.105289619883149221e-02
3.099819963992798648e+02,-1.853486583260403719e+00,7.820237548425648111e-01,6.884479406009130775e-01,8.289893910766533980e-02,6.929396865939241312e-02,1.101719135588063309e-01
3.100620124024804909e+02,-1.847939234029619238e+00,7.679606911121553692e-01,6.775549638011978404e-01,8.010575154647189833e-02,6.936078267781170537e-02,2.220724556949296713e-01
3.101420284056811738e+02,-1.842386625203275674e+00,7.540171117533938094e-01,6.668355100286132986e-01,7.742625991747301151e-02,6.942562877944868927e-02,2.112562332044368441e-01
3.102220444088817999e+02,-1.836828918280361211e+00,7.401927400047282335e-01,6.562868368783049133e-01,7.485487268646551229e-02,6.948848521756839647e-02,-4.092994967853526289e-02
3.103020604120824260e+02,-1.831266271444655258e+00,7.264873029483990274e-01,6.459062457144968405e-01,7.238631000855588749e-02,6.954936591443416916e-02,-5.447315851997633351e-03
3.103820764152830520e+02,-1.825698839366335369e+00,7.129005311611084084e-01,6.356910809786446848e-01,7.001558731991953943e-02,6.960830572070586530e-02,2.385279516458796434e-01
3.104620924184837349e+02,-1.820126773123324160e+00,6.994321583261403630e-01,6.256387295087699751e-01,6.773799928659893221e-02,6.966535043944205308e-02,6.413489989094445232e-02
3.105421084216843610e+02,-1.814550220201196273e+00,6.860819208055506380e-01,6.157466198698690052e-01,6.554910422357980437e-02,6.972055031886498222e-02,3.106811194870660875e-02
3.106221244248849871e+02,-1.808969324542589296e+00,6.728495571709273149e-01,6.060122216950902807e-01,6.344470906662659504e-02,6.977395612551284820e-02,1.767977886085057293e-01
3.107021404280856132e+02,-1.803384226621169928e+00,6.597348076917354254e-01,5.964330450376401638e-01,6.142085495415865876e-02,6.982561705716067157e-02,7.272406368316705616e-03
3.107821564312862961e+02,-1.797795063519020520e+00,6.467374137801135126e-01,5.870066397331218377e-01,5.947380345584721978e-02,6.987557989679010761e-02,1.631471844223059686e-01
3.108621724344869222e+02,-1.792201968990302818e+00,6.338571173914877566e-01,5.777305947722164436e-01,5.760002346813836854e-02,6.992388894248163789e-02,3.964168854087789240e-02
3.109421884376875482e+02,-1.786605073497793850e+00,6.210936603803696165e-01,5.686025376834296097e-01,5.579617878374698581e-02,6.997058637437103545e-02,1.993526829394161592e-01
3.110222044408881743e+02,-1.781004504212829742e+00,6.084467838113351013e-01,5.596201339258741747e-01,5.405911633194538518e-02,7.001571283789254085e-02,5.538594856329488031e-02
3.111022204440888572e+02,-1.775400384972803502e+00,5.959162272251888881e-01,5.507810862918208761e-01,5.238585507851566819e-02,7.005930813211158625e-02,1.519470324356566593e-01
3.111822364472894833e+02,-1.769792836194158614e+00,5.835017278609475611e-01,5.420831343189431717e-01,5.077357556831951085e-02,7.010141199219471764e-02,1.759041251848537657e-01
3.112622524504901094e+02,-1.764181974742367043e+00,5.712030198344411058e-01,5.335240537120041759e-01,4.921961008904676693e-02,7.014206504718373258e-02,2.316318647695400634e-01
3.113422684536907354e+02,-1.758567913764072621e+00,5.590198332751057375e-01,5.251016557739672797e-01,4.772143343168578494e-02,7.018131011611028480e-02,-9.559959175057530789e-03
3.114222844568914184e+02,-1.752950762489968062e+00,5.469518934227116658e-01,5.168137868462903128e-01,4.627665422119469490e-02,7.021919407882298847e-02,3.176745570535172147e-02
3.115023004600920444e+02,-1.747330626020478173e+00,5.349989196865504448e-01,5.086583277583426321e-01,4.488300678969527058e-02,7.025577062066135081e-02,-7.153138127163918836e-02
3.115823164632926705e+02,-1.741707605109543699e+00,5.231606246699220808e-01,5.006331932857183142e-01,4.353834356394484240e-02,7.029110420389839131e-02,-1.020897224938657477e-01
3.116623324664932966e+02,-1.736081795965148444e+00,5.114367131636667896e-01,4.927363316174410701e-01,4.224062793885199896e-02,7.032527566238067074e-02,2.052674608858949534e-02
3.117423484696939795e+02,-1.730453290088145524e+00,4.998268811127918876e-01,4.849657238318442753e-01,4.098792760912835231e-02,7.035838984873685198e-02,8.623041922085177002e-02
3.118223644728946056e+02,-1.724822174046594547e+00,4.883308145606714556e-01,4.773193833810684406e-01,3.977840833186030434e-02,7.039058260874045403e-02,1.956223364258299346e-01
3.119023804760952316e+02,-1.719188525538178025e+00,4.769481885641663754e-01,4.697953555836330009e-01,3.861032809343981076e-02,7.042193697748763692e-02,2.872932714797159226e-02
3.119823964792958577e+02,-1.713552412991883100e+00,4.656786661088995749e-01,4.623917171257130310e-01,3.748203165582073004e-02,7.045249227789623925e-02,2.614515644084417501e-01
3.120624124824965406e+02,-1.707913896638836082e+00,4.545218970249471635e-01,4.551065755707786598e-01,3.639194545784216889e-02,7.048228972133460668e-02,8.859153195821237170e-02
3.121424284856971667e+02,-1.702273028304328584e+00,4.434775169014488205e-01,4.479380688773136332e-01,3.533857284843761742e-02,7.051138599545384023e-02,1.585055135771360479e-01
3.122224444888977928e+02,-1.696629851391020072e+00,4.325451460124662417e-01,4.408843649245620666e-01,3.432048962997085589e-02,7.053987180190915418e-02,4.480337686106956874e-02
3.123024604920984189e+02,-1.690984401097257894e+00,4.217243882627488283e-01,4.339436610463222044e-01,3.333633989112006618e-02,7.056789591763576452e-02,-5.535818329014613459e-02
3.123824764952991018e+02,-1.685336704913305894e+00,4.110148301622629785e-01,4.271141835726279812e-01,3.238483210991154743e-02,7.059569524355199799e-02,2.288226184510187833e-01
3.124624924984997278e+02,-1.679686782820551727e+00,4.004160398367349605e-01,4.203941873792307882e-01,3.146473550868870289e-02,7.062361701819300230e-02,4.139459149362217927e-02
3.125425085017003539e+02,-1.674034633167606145e+00,3.899275660335201898e-01,4.137819554430719471e-01,3.057487664317644002e-02,7.065181445433804663e-02,1.816438987372148428e-01
3.126225245049009800e+02,-1.668380231224025012e+00,3.795489372261280359e-01,4.072757984066940895e-01,2.971413621097418467e-02,7.068024762847957554e-02,3.346184712203539163e-02
3.127025405081016629e+02,-1.662723540693349156e+00,3.692796608308728246e-01,4.008740541517271661e-01,2.888144606481666751e-02,7.070897421881799927e-02,1.291130538734725219e-01
3.127825565113022890e+02,-1.657064515695678031e+00,3.591192224669923494e-01,3.945750873789190538e-01,2.807578641540222492e-02,7.073821272752939260e-02,5.449179137690059183e-02
3.128625725145029151e+02,-1.651403103053138643e+00,3.490670853035999777e-01,3.883772891956354112e-01,2.729618321134134537e-02,7.076840845943038749e-02,3.576535497678962755e-02
3.129425885177035411e+02,-1.645739233842431037e+00,3.391226894612424103e-01,3.822790767093580677e-01,2.654170568351111106e-02,7.080006378760786423e-02,5.551066629101475414e-02
3.130226045209041672e+02,-1.640072792759516895e+00,3.292854514305736391e-01,3.762788926251858235e-01,2.581146404158643839e-02,7.083310625018851558e-02,1.386411232533426019e-01
3.131026205241048501e+02,-1.634403646673461052e+00,3.195547638220227471e-01,3.703752048582744649e-01,2.510460731755536148e-02,7.086754644546125470e-02,-5.040732932250882592e-02
3.131826365273054762e+02,-1.628731656253232352e+00,3.099299951765911998e-01,3.645665061516723537e-01,2.442032134195200321e-02,7.090374083255496229e-02,-2.698119355746464443e-02
3.132626525305061023e+02,-1.623056677721705254e+00,3.004104898673896074e-01,3.588513137000708397e-01,2.375782684407465664e-02,7.094243302427638564e-02,1.687647673165638407e-01
3.133426685337067283e+02,-1.617378517322797027e+00,2.909955679451944333e-01,3.532281687733124231e-01,2.311637766494642823e-02,7.098382752760701297e-02,-3.074330738774874727e-03
3.134226845369074113e+02,-1.611696938478626828e+00,2.816845253204247057e-01,3.476956363541459649e-01,2.249525908204265054e-02,7.102778694394809578e-02,8.873567290491898851e-02
3.135027005401080373e+02,-1.606011704091470316e+00,2.724766342303745481e-01,3.422523047889754477e-01,2.189378623804754884e-02,7.107471671220777498e-02,-6.451518906870365444e-02
3.135827165433086634e+02,-1.600322575438133388e+00,2.633711436831085995e-01,3.368967854393822292e-01,2.131130266105779603e-02,7.112553466274915137e-02,4.872591874956175295e-02
3.136627325465092895e+02,-1.594629240752439392e+00,2.543672797507737782e-01,3.316277123281459738e-01,2.074717886709527559e-02,7.118027315160604940e-02,1.802140088084567826e-01
3.137427485497099724e+02,-1.588931354273723118e+00,2.454642464512292732e-01,3.264437418099225829e-01,2.020081105350588282e-02,7.123890099516097529e-02,7.874353496548580633e-02
3.138227645529105985e+02,-1.583228584404226202e+00,2.366612268226728766e-01,3.213435522517614773e-01,1.967161987078694385e-02,7.130226201815248466e-02,9.114809705428407460e-02
3.139027805561112245e+02,-1.577520556893157178e+00,2.279573836973739498e-01,3.163258437017779090e-01,1.915904925751905213e-02,7.137097651369467277e-02,3.096961487979488226e-02
3.139827965593118506e+02,-1.571806817241971244e+00,2.193518606747466015e-01,3.113893375664626428e-01,1.866256534356985908e-02,7.144477539566887470e-02,8.019310173339774805e-02
3.140628125625125335e+02,-1.566086930224545481e+00,2.108437838191511149e-01,3.065327763215441870e-01,1.818165542927031864e-02,7.152439292818779659e-02,-1.079819224499075081e-01
3.141428285657131596e+02,-1.560360433805210167e+00,2.024322628583454797e-01,3.017549232025744654e-01,1.771582701061428719e-02,7.161069022673070827e-02,-9.322205969838846806e-02
3.142228445689137857e+02,-1.554626765602172833e+00,1.941163923524303336e-01,2.970545618943630228e-01,1.726460685607337717e-02,7.170335053661228142e-02,1.112259318104260042e-01
3.143028605721144118e+02,-1.548885390860058608e+00,1.858952538712197455e-01,2.924304962697286125e-01,1.682754015586905572e-02,7.180322308776819484e-02,-1.064569243454868558e-01
3.143828765753150947e+02,-1.543135732359308676e+00,1.777679173861990147e-01,2.878815500943051608e-01,1.640418970025049952e-02,7.191104695309265271e-02,2.009697105410706564e-01
3.144628925785157207e+02,-1.537377117751970390e+00,1.697334427998079265e-01,2.834065667391436061e-01,1.599413510406122105e-02,7.202656820419206518e-02,1.551654342570960576e-01
3.145429085817163468e+02,-1.531608919357705600e+00,1.617908824526057832e-01,2.790044089456379384e-01,1.559697209632586630e-02,7.215098752347375022e-02,-5.000898388828940722e-02
3.146229245849169729e+02,-1.525830410911824808e+00,1.539392823658963516e-01,2.746739585312941156e-01,1.521231181820750442e-02,7.228448662055832197e-02,-1.479479474178106435e-01
3.147029405881176558e+02,-1.520040828896751517e+00,1.461776844830134092e-01,2.704141161494298395e-01,1.483978018191096405e-02,7.242732122639851389e-02,-1.718428375978285350e-01
3.147829565913182819e+02,-1.514239426461574389e+00,1.385051289377400852e-01,2.662238010572283708e-01,1.447901726601491176e-02,7.258071022581552567e-02,1.014479850534641264e-01
3.148629725945189080e+02,-1.508425320778232104e+00,1.309206553166070985e-01,2.621019508349284877e-01,1.412967671742816449e-02,7.274433779435249270e-02,6.116937994220011249e-02
3.149429885977195340e+02,-1.502597682002174029e+00,1.234233056289187752e-01,2.580475212038636501e-01,1.379142522990347772e-02,7.291946494248062460e-02,2.055650303643443699e-01
3.150230046009202169e+02,-1.496755564413307260e+00,1.160121254915125882e-01,2.540594857543835294e-01,1.346394200513906583e-02,7.310620606466571025e-02,1.180794927700503510e-01
3.151030206041208430e+02,-1.490898011248093846e+00,1.086861666753059646e-01,2.501368357564492384e-01,1.314691827920025542e-02,7.330524016045582292e-02,2.269967059456333702e-01
3.151830366073214691e+02,-1.485024025919819746e+00,1.014444889666625549e-01,2.462785799415258547e-01,1.284005685813141562e-02,7.351735726469267596e-02,1.589413143513092042e-01
3.152630526105220952e+02,-1.479132522101118230e+00,9.428616186386183651e-02,2.424837442826637823e-01,1.254307167458206494e-02,7.374272813266830040e-02,-2.317849863882323613e-02
3.153430686137227781e+02,-1.473222432935803239e+00,8.721026710106638546e-02,2.387513718350051661e-01,1.225568739438355655e-02,7.398258201443547177e-02,5.309073119972046451e-02
3.154230846169234042e+02,-1.467292553218980666e+00,8.021589967202841231e-02,2.350805224957151496e-01,1.197763900282067598e-02,7.423687031210685072e-02,-1.271448894415741493e-02
3.155031006201240302e+02,-1.461341722976914115e+00,7.330217067981577295e-02,2.314702728882720439e-01,1.170867146981593998e-02,7.450701249554492200e-02,4.044463003032916504e-02
3.155831166233246563e+02,-1.455368623352843116e+00,6.646820797004786285e-02,2.279197161199262023e-01,1.144853936962874318e-02,7.479295246284235754e-02,2.059901772106563500e-02
3.156631326265253392e+02,-1.449371983928024132e+00,5.971315902637745754e-02,2.244279616966060320e-01,1.119700659366230228e-02,7.509617606851239080e-02,4.919702674776563200e-02
3.157431486297259653e+02,-1.443350368372161130e+00,5.303619138485769768e-02,2.209941352900516576e-01,1.095384600529784348e-02,7.541671706768250660e-02,2.085848864197731301e-01
3.158231646329265914e+02,-1.437302381667709961e+00,4.643649543630646442e-02,2.176173786775361940e-01,1.071883919349166624e-02,7.575609161305048300e-02,1.773379478660991326e-02
3.159031806361272174e+02,-1.431226461323444887e+00,3.991328470141843054e-02,2.142968495257503714e-01,1.049177616248278717e-02,7.611448250075657229e-02,-4.624608475548132314e-02
3.159831966393279004e+02,-1.425121070091686759e+00,3.346579845365668660e-02,2.110317213520217783e-01,1.027245512100527849e-02,7.649339842169931847e-02,1.045764985462864505e-02
3.160632126425285264e+02,-1.418984511023485995e+00,2.709330196980462568e-02,2.078211833351666926e-01,1.006068220860022351e-02,7.689327426939193688e-02,2.628441648548921622e-02
3.161432286457291525e+02,-1.412815078753958842e+00,2.079508880791574449e-02,2.046644402882998037e-01,9.856271312413258240e-03,7.731552123970640567e-02,1.622536197672089231e-02
3.162232446489297786e+02,-1.406610934502160681e+00,1.457048128395801133e-02,2.015607125179579018e-01,9.659043837699540780e-03,7.776098510997922486e-02,5.806336562078689978e-02
3.163032606521304615e+02,-1.400370172774590305e+00,8.418832124456061133e-03,1.985092357885318293e-01,9.468828539496969982e-03,7.823088326606381093e-02,3.245800213758448516e-02
3.163832766553310876e+02,-1.394090797967217021e+00,2.339525491722026229e-03,1.955092612588632539e-01,9.285461349147771520e-03,7.872658831271245328e-02,1.874975327208603937e-01
3.164632926585317136e+02,-1.387770677722931278e+00,-3.668022194413166071e-03,1.925600554218264981e-01,9.108785210131264271e-03,7.924917441637964466e-02,1.680421042747140548e-01
3.165433086617323397e+02,-1.381407622471367169e+00,-9.604360596217010812e-03,1.896609001319811139e-01,8.938649964961246225e-03,7.980046439248553169e-02,1.094277570609675232e-03
3.166233246649330226e+02,-1.374999252146274609e+00,-1.547000530115844041e-02,1.868110925324344140e-01,8.774912198817095763e-03,8.038159633142087646e-02,1.765962929429453765e-01
3.167033406681336487e+02,-1.368543132496668369e+00,-2.126543576011158745e-02,1.840099451623290472e-01,8.617435179083667712e-03,8.099471936767814462e-02,2.189298266815776217e-01
3.167833566713342748e+02,-1.362036616188814442e+00,-2.699109535256924430e-02,1.812567859087157174e-01,8.466088723316833597e-03,8.164134575959938744e-02,8.008085842716232416e-02
3.168633726745349009e+02,-1.355476942597750645e+00,-3.264738953787894860e-02,1.785509581476729113e-01,8.320749166395011165e-03,8.232363155463587323e-02,-3.987271570784781116e-03
3.169433886777355838e+02,-1.348861184355797604e+00,-3.823468509877196719e-02,1.758918208185396848e-01,8.181299299170406714e-03,8.304395243453194242e-02,1.248653454478646230e-01
3.170234046809362098e+02,-1.342186182575566322e+00,-4.375330945327440824e-02,1.732787485177301190e-01,8.047628320923842435e-03,8.380444065832891309e-02,7.417706811152201263e-02
3.171034206841368359e+02,-1.335448629076915639e+00,-4.920354871654775836e-02,1.707111317402560946e-01,7.919631869081952130e-03,8.460805358008845201e-02,1.167396322642174911e-01
3.171834366873374620e+02,-1.328644960622475724e+00,-5.458564717277120115e-02,1.681883770229107844e-01,7.797212003069437479e-03,8.545773331251832472e-02,-2.219476132612405173e-02
3.172634526905381449e+02,-1.321771345506555839e+00,-5.989980590132536892e-02,1.657099072018522468e-01,7.680277247709451152e-03,8.635657729491640067e-02,2.947251482369595554e-01
3.173434686937387710e+02,-1.314823717023950511e+00,-6.514618082195149096e-02,1.632751617703201708e-01,7.568742688681628916e-03,8.730845802851719406e-02,6.633423067967325615e-02
3.174234846969393971e+02,-1.307797677116952828e+00,-7.032488168117585758e-02,1.608835971857041913e-01,7.462530044129798111e-03,8.831744878918905417e-02,1.401918439781076053e-01
3.175035007001400231e+02,-1.300688462965323478e+00,-7.543597029596679771e-02,1.585346872984193245e-01,7.361567797840921218e-03,8.938793234790891329e-02,2.879744693482989837e-02
3.175835167033407060e+02,-1.293490955789994734e+00,-8.047945811393680815e-02,1.562279239101813932e-01,7.265791397289062502e-03,9.052511717910823041e-02,1.052104077729870413e-01
3.176635327065413321e+02,-1.286199606414068164e+00,-8.545530421738650739e-02,1.539628173476503270e-01,7.175143458754519761e-03,9.173486905513834888e-02,-1.383847515729510480e-01
3.177435487097419582e+02,-1.278808345140609148e+00,-9.036341314102531996e-02,1.517388971225049066e-01,7.089574014137539626e-03,9.302353293784165755e-02,-3.779606130004128928e-02
3.178235647129425843e+02,-1.271310562495199026e+00,-9.520363152400043716e-02,1.495557128035001904e-01,7.009040861523146461e-03,9.439843845313859727e-02,-1.533884430278082966e-01
3.179035807161432672e+02,-1.263699035947256855e+00,-9.997574473097381453e-02,1.474128349874008759e-01,6.933509961854127622e-03,9.586804476956756194e-02,1.943866618121083967e-01
3.179835967193438933e+02,-1.255965822282965938e+00,-1.046794731931369876e-01,1.453098564087223765e-01,6.862955900384279731e-03,9.744196119806490530e-02,-4.164971606341470733e-02
3.180636127225445193e+02,-1.248102140098113377e+00,-1.093144681047227701e-01,1.432463932489337621e-01,6.797362441900699562e-03,9.913107741510943094e-02,-5.681367930188013782e-02
3.181436287257451454e+02,-1.240098272333650886e+00,-1.138803059277361945e-01,1.412220867416263681e-01,6.736723226559400597e-03,1.009480266563523021e-01,2.138586343910675869e-01
3.182236447289458283e+02,-1.231943418138730317e+00,-1.183764823050224846e-01,1.392366050290842205e-01,6.681042581938136452e-03,1.029075010179030247e-01,5.404315064166923671e-02
3.183036607321464544e+02,-1.223625512113685865e+00,-1.228024049588927746e-01,1.372896453585475407e-01,6.630336493159731497e-03,1.050266298174576396e-01,8.876447431821568590e-02
3.183836767353470805e+02,-1.215131003096694418e+00,-1.271573853674211607e-01,1.353809366914460188e-01,6.584633764850880873e-03,1.073254473870847991e-01,2.153313543744742042e-01
3.184636927385477065e+02,-1.206444592129355620e+00,-1.314406288340456974e-01,1.335102428351151727e-01,6.543977426317603915e-03,1.098275405484438610e-01,1.596394305157717575e-01
3.185437087417483895e+02,-1.197548922713555619e+00,-1.356512224823367418e-01,1.316773662409295720e-01,6.508426447749657978e-03,1.125609384933494439e-01,1.447204949857427425e-01
3.186237247449490155e+02,-1.188424185210867012e+00,-1.397881210333818403e-01,1.298821525851440450e-01,6.478057819993054967e-03,1.155591738666514323e-01,1.820594142762917977e-01
3.187037407481496416e+02,-1.179047623018718571e+00,-1.438501296697932141e-01,1.281244963580296103e-01,6.452969103906264908e-03,1.188626639078791541e-01,-7.494242962185047874e-02
3.187837567513502677e+02,-1.169392911494171461e+00,-1.478358832211883467e-01,1.264043477417076400e-01,6.433281580686396432e-03,1.225205334947302577e-01,2.530835755401049658e-01
3.188637727545509506e+02,-1.159429368288811046e+00,-1.517438206864360484e-01,1.247217211491963157e-01,6.419144177971686759e-03,1.265930447040725659e-01,2.608262456966722875e-01
3.189437887577515767e+02,-1.149120937646006091e+00,-1.555721537806144528e-01,1.230767059309753469e-01,6.410738409748317768e-03,1.311548724234081476e-01,3.174831756476200750e-01
3.190238047609522027e+02,-1.138424867633936133e+00,-1.593188277356596960e-01,1.214694799471929543e-01,6.408284658901861226e-03,1.362995799763414007e-01,-7.190504173073314353e-02
3.191038207641528288e+02,-1.127289964188049831e+00,-1.629814719295021586e-01,1.199003269837462804e-01,6.412050264007389602e-03,1.421458268544111003e-01,5.863609526172107456e-02
3.191838367673535117e+02,-1.115654252611192332e+00,-1.665573369701602302e-01,1.183696594072672637e-01,6.422360069802396723e-03,1.488461237746495913e-01,9.420658556824368368e-02
3.192638527705541378e+02,-1.103441795152992011e+00,-1.700432134610767587e-01,1.168780480866049437e-01,6.439610401340869518e-03,1.565994115512683860e-01,3.290450178824397831e-01
3.193438687737547639e+02,-1.090558288609639659e+00,-1.734353255839601871e-01,1.154262625727877634e-01,6.464287880538936888e-03,1.656695205765099099e-01,2.241594054708284378e-01
3.194238847769553900e+02,-1.076884862472330173e+00,-1.767291889768010660e-01,1.140153261866493906e-01,6.496995301324707574e-03,1.764128754117442188e-01,3.559072886080386078e-01
3.195039007801560729e+02,-1.062269040725487779e+00,-1.799194177665370542e-01,1.126465933799740415e-01,6.538488070595456850e-03,1.893209126132968378e-01,2.366251300265634905e-01
3.195839167833566989e+02,-1.046511488814259705e+00,-1.829994583781936746e-01,1.113218601054751927e-01,6.589726291967809915e-03,2.050875541640295729e-01,1.431835207505346153e-01
3.196639327865573250e+02,-1.029345798696817749e+00,-1.859612092805482675e-01,1.100435276047558170e-01,6.651952346477658234e-03,2.247192666015456475e-01,9.704818705181864069e-02
3.197439487897579511e+02,-1.010406663240621228e+00,-1.887944670542143211e-01,1.088148523859327477e-01,6.726809542515171936e-03,2.497216501891046103e-01,1.949891094295701510e-01
3.198239647929586340e+02,-9.891780266357353968e-01,-1.914860902729200731e-01,1.076403434534190101e-01,6.816531179159478725e-03,2.824297514138412457e-01,4.248185714477743513e-01
3.199039807961592601e+02,-9.649047843311271411e-01,-1.940186898344253841e-01,1.065264236061717468e-01,6.924256109945496444e-03,3.266224365976389543e-01,2.438476616463259861e-01
3.199839967993598862e+02,-9.364344336917567180e-01,-1.963684815829900843e-01,1.054825951041354209e-01,7.054586408981384192e-03,3.887346359822598796e-01,2.131270390346401422e-01
3.200640128025605122e+02,-9.019150002617019046e-01,-1.985015647028005870e-01,1.045236443840803914e-01,7.214644779949145291e-03,4.804255253044648066e-01,5.111273933006074133e-01
3.201440288057611951e+02,-8.581744624242608754e-01,-2.003670254815406726e-01,1.036741932169529951e-01,7.416262719252148146e-03,6.245103543089144393e-01,7.643296924251448132e-01
3.202240448089618212e+02,-7.993174804969844782e-01,-2.018829540493300434e-01,1.029792757190293034e-01,7.681077912914926510e-03,8.702243361555401790e-01,1.116564744474762394e+00
3.203040608121624473e+02,-7.131488284806832834e-01,-2.029045591464090637e-01,1.025331514197132948e-01,8.054451323830447498e-03,1.338211423750450102e+00,1.466030510138471410e+00
3.203840768153630734e+02,-5.705367957740675733e-01,-2.031379887166254172e-01,1.025778603257445909e-01,8.653165280583189484e-03,2.377306380555813003e+00,2.477050498540662282e+00
3.204640928185636994e+02,-2.874782894574416936e-01,-2.018367817531333541e-01,1.039678499469317702e-01,9.890592323857980497e-03,5.205340605234504814e+00,5.029255542753651831e+00
3.205441088217643824e+02,4.097200139386361073e-01,-1.965064235781716073e-01,1.104622073064934762e-01,1.358480795809180811e-02,1.341480353667406256e+01,1.337969672522432241e+01
3.206241248249650084e+02,1.616824135796259831e+00,-1.831891429963397322e-01,1.241160490579463621e-01,2.065890523826074271e-02,1.089964516240858217e+01,1.086446568686815972e+01
3.207041408281656345e+02,1.968549717304900470e+00,-1.644921242952798734e-01,1.385810961373829808e-01,2.793817231384751465e-02,8.274029587290325782e-01,8.436403264094779475e-01
3.207841568313662606e+02,1.984947436520845265e+00,-1.450728620439307170e-01,1.529882811073264848e-01,3.499396130659593318e-02,-4.419259472801598254e-02,-1.347846230215945795e-01
3.208641728345669435e+02,1.978767552919036277e+00,-1.257207601904689054e-01,1.673138913400623040e-01,4.181729374849076780e-02,-9.039446688968132138e-02,-8.517420737654407548e-03
3.209441888377675696e+02,1.971384517188403018e+00,-1.064850982514276567e-01,1.815480924537556107e-01,4.840665668663991089e-02,-9.310574254279696538e-02,3.481375352975937809e-02
3.210242048409681956e+02,1.963915451128329215e+00,-8.737139341993602204e-02,1.956825739080426396e-01,5.476195177292751681e-02,-9.352534363383877003e-02,-8.015538709959191266e-02
3.211042208441688217e+02,1.956420380814766435e+00,-6.838314183883310859e-02,2.097099686716801803e-01,6.088421599463693379e-02,-9.380836747946932896e-02,-1.206018945278429094e-01
3.211842368473695046e+02,1.948903665500935967e+00,-4.952393712812840770e-02,2.236237427833137892e-01,6.677553429948114572e-02,-9.406908010476935922e-02,-7.282209793411062448e-02
3.212642528505701307e+02,1.941366730990164990e+00,-3.079751749415170561e-02,2.374181178707427675e-01,7.243894058475440489e-02,-9.431331986058046069e-02,-5.408978674316822222e-02
3.213442688537707568e+02,1.933810905881443887e+00,-1.220769719487219650e-02,2.510880025238716451e-01,7.787830536190247510e-02,-9.454204501102883573e-02,-1.299221608733870659e-02
3.214242848569713829e+02,1.926237443676810601e+00,6.241711138922406178e-03,2.646289302404559174e-01,8.309821723831514739e-02,-9.475308011103095174e-02,-1.789742562321040564e-01
3.215043008601720658e+02,1.918647733594704974e+00,2.454697311822989780e-02,2.780370030610839205e-01,8.810386423457290672e-02,-9.494917899388706506e-02,5.182523446626900732e-02
3.215843168633726918e+02,1.911042995401768252e+00,4.270450639494281081e-02,2.913088402829847046e-01,9.290091941117821495e-02,-9.512840679368619878e-02,-8.977374499320785184e-02
3.216643328665733179e+02,1.903424508087455891e+00,6.071094611108369260e-02,3.044415316963963725e-01,9.749543387501902192e-02,-9.529269810168490562e-02,-1.109426300907064289e-01
3.217443488697739440e+02,1.895793458335549353e+00,7.856320168572136775e-02,3.174325949465792163e-01,1.018937391178876689e-01,-9.544341919030772947e-02,-2.451370668725386115e-02
3.218243648729746269e+02,1.888150881864469888e+00,9.625850210598504986e-02,3.302799366286213734e-01,1.061023596911572497e-01,-9.558011777379728235e-02,-1.639567023750042596e-01
3.219043808761752530e+02,1.880497819279816518e+00,1.137944284866736905e-01,3.429818167829804532e-01,1.101279365414490619e-01,-9.570609874117695648e-02,-6.295123193522281224e-03
3.219843968793758791e+02,1.872835109297164013e+00,1.311689352125555708e-01,3.555368165230199384e-01,1.139771608308468298e-01,-9.582207903136436000e-02,1.207153002432414801e-01
3.220644128825765051e+02,1.865163461479004470e+00,1.483803586526803719e-01,3.679438084992950886e-01,1.176567177007537685e-01,-9.592886247197784932e-02,-5.077140651887582928e-02
3.221444288857771880e+02,1.857483529279885248e+00,1.654274152509524198e-01,3.802019299699280208e-01,1.211732392410259374e-01,-9.602974342206999081e-02,-7.400702423855451406e-02
3.222244448889778141e+02,1.849795756944087932e+00,1.823091910989800835e-01,3.923105582642132383e-01,1.245332658020019689e-01,-9.612574760522046846e-02,-1.425975237685328523e-01
3.223044608921784402e+02,1.842100446894543220e+00,1.990251235636083249e-01,4.042692884112082941e-01,1.277432147296223286e-01,-9.621775617980367346e-02,5.473443353904118569e-02
3.223844768953790663e+02,1.834397827453281060e+00,2.155749772959784372e-01,4.160779127535385036e-01,1.308093556218561659e-01,-9.630843153485939279e-02,1.839397350284420474e-02
3.224644928985797492e+02,1.826687973787695318e+00,2.319588167322220174e-01,4.277364023798760351e-01,1.337377912416838344e-01,-9.639963005941762364e-02,-2.469526140363673961e-01
3.225445089017803753e+02,1.818970793434923294e+00,2.481769760838884176e-01,4.392448902035894220e-01,1.365344432747617187e-01,-9.649183299169326877e-02,2.079452513624582832e-03
3.226245249049810013e+02,1.811246114308958877e+00,2.642300280378407362e-01,4.506036555365264817e-01,1.392050421955899897e-01,-9.658654607942393500e-02,-1.627954771532958700e-01
3.227045409081816274e+02,1.803513680254051232e+00,2.801187527959695944e-01,4.618131100341115736e-01,1.417551205886128374e-01,-9.668589037432270827e-02,-2.140731752895867479e-01
3.227845569113823103e+02,1.795773102267985699e+00,2.958441081943547490e-01,4.728737848853759029e-01,1.441900093418866102e-01,-9.679096976144066500e-02,-1.038043278414237658e-01
3.228645729145829364e+02,1.788023879476497546e+00,3.114072012146636981e-01,4.837863191274570096e-01,1.465148362026031104e-01,-9.690229585076898244e-02,-1.631575249023692886e-01
3.229445889177835625e+02,1.780265445328240714e+00,3.268092614322557488e-01,4.945514489834416105e-01,1.487345262564414294e-01,-9.702088745750722665e-02,1.943553174977265263e-02
3.230246049209841885e+02,1.772497166851068728e+00,3.420516168701110971e-01,5.051699981349275781e-01,1.508538039565426037e-01,-9.714803382685696653e-02,-2.235394369342769694e-01
3.231046209241848715e+02,1.764718339352671750e+00,3.571356722627944680e-01,5.156428688411784922e-01,1.528771963808768231e-01,-9.728496848130999131e-02,-2.265409683217931014e-01
3.231846369273854975e+02,1.756928167215765058e+00,3.720628897740176910e-01,5.259710338281764486e-01,1.548090374479494380e-01,-9.743221746918440118e-02,-1.925513340560767173e-01
3.232646529305861236e+02,1.749125793291588016e+00,3.868347719129636708e-01,5.361555288722217316e-01,1.566534728614499827e-01,-9.759028364974137171e-02,-1.119003980332052700e-01
3.233446689337867497e+02,1.741310310382202076e+00,4.014528467217414187e-01,5.461974460190117675e-01,1.584144655967960891e-01,-9.775983896621459612e-02,-3.887843703832068870e-02
3.234246849369874326e+02,1.733480761093362466e+00,4.159186550611643218e-01,5.560979273804086409e-01,1.600958017725492843e-01,-9.794162467327699462e-02,-2.073552197812430498e-01
3.235047009401880587e+02,1.725636138119370333e+00,4.302337397796752727e-01,5.658581594553591110e-01,1.617010967772102570e-01,-9.813638697578827563e-02,-1.710788662010017669e-01
3.235847169433886847e+02,1.717775384725023002e+00,4.443996365785584657e-01,5.754793679276090090e-01,1.632338015459015024e-01,-9.834483885052952568e-02,-2.559509691448511592e-01
3.236647329465893108e+02,1.709897392437340624e+00,4.584178663954064925e-01,5.849628128973375363e-01,1.646972089015091012e-01,-9.856757226916687542e-02,-1.189361270138271365e-01
3.237447489497899937e+02,1.702001001616642917e+00,4.722899291068642369e-01,5.943097845073139762e-01,1.660944598912192927e-01,-9.880506152271650855e-02,-2.018472375754681303e-01
3.238247649529906198e+02,1.694085008437019146e+00,4.860172983663790247e-01,6.035215989275470871e-01,1.674285500635582236e-01,-9.905783261880199420e-02,1.176319101167981607e-01
3.239047809561912459e+02,1.686148164232722291e+00,4.996014174654522799e-01,6.125995946679612114e-01,1.687023356436696264e-01,-9.932645305620393938e-02,9.283058596544019325e-02
3.239847969593918720e+02,1.678189174183678301e+00,5.130436960523443446e-01,6.215451291891866958e-01,1.699185395732875081e-01,-9.961151885968383413e-02,-1.936477323159079278e-01
3.240648129625925549e+02,1.670206695792489482e+00,5.263455075774330361e-01,6.303595757850299908e-01,1.710797573902674285e-01,-9.991364904956140380e-02,-8.692130143563461808e-02
3.241448289657931809e+02,1.662199337093044349e+00,5.395081873500887637e-01,6.390443207124785197e-01,1.721884629291587643e-01,-1.002334852126154918e-01,-5.902651707205307241e-02
3.242248449689938070e+02,1.654165654539437869e+00,5.525330311056758648e-01,6.476007605474196627e-01,1.732470138297548257e-01,-1.005716943652146256e-01,-1.561000550527631980e-01
3.243048609721944331e+02,1.646104150531611188e+00,5.654212939934872839e-01,6.560302997459664942e-01,1.742576568449498986e-01,-1.009289737585794544e-01,-1.410187567624064109e-01
3.243848769753951160e+02,1.638013270540311428e+00,5.781741899082016856e-01,6.643343483932396820e-01,1.752225329428352407e-01,-1.013060566756068814e-01,-3.822134604732861651e-02
3.244648929785957421e+02,1.629891399799437757e+00,5.907928910974913350e-01,6.725143201228365175e-01,1.761436822008102532e-01,-1.017037186120395287e-01,-1.298479615628186923e-01
3.245449089817963682e+02,1.621736859537931119e+00,6.032785279878162266e-01,6.805716301917776878e-01,1.770230484917826030e-01,-1.021227835274723938e-01,-1.332862485023950661e-01
3.246249249849969942e+02,1.613547902726772953e+00,6.156321891781613154e-01,6.885076936967504668e-01,1.778624839642940492e-01,-1.025641300971436021e-01,-1.066562712379506422e-01
3.247049409881976771e+02,1.605322709318553587e+00,6.278549215588048460e-01,6.963239239187803964e-01,1.786637533198133510e-01,-1.030286980981121037e-01,1.951903095959886536e-02
3.247849569913983032e+02,1.597059380958194552e+00,6.399477305179946951e-01,7.040217307842832062e-01,1.794285378914650675e-01,-1.035174952268708148e-01,-1.306963838718874782e-01
3.248649729945989293e+02,1.588755935142961428e+00,6.519115802048134345e-01,7.116025194314679059e-01,1.801584395292470664e-01,-1.040316047725253767e-01,-6.632276289974661787e-02
3.249449889977995554e+02,1.580410298808491154e+00,6.637473938205596946e-01,7.190676888716163173e-01,1.808549842973075361e-01,-1.045721946646885336e-01,-8.174645264147259449e-02
3.250250050010002383e+02,1.572020301314207336e+00,6.754560539149208065e-01,7.264186307356208516e-01,1.815196259892234432e-01,-1.051405284795012274e-01,-3.467134829666652929e-02
3.251050210042008644e+02,1.563583666796826810e+00,6.870384026659638321e-01,7.336567280965653470e-01,1.821537494674016211e-01,-1.057379790247572893e-01,-1.262199434565890177e-01
3.251850370074014904e+02,1.555098005853749354e+00,6.984952421256058752e-01,7.407833543597520665e-01,1.827586738328059179e-01,-1.063660451376485794e-01,-1.566172296265779806e-01
3.252650530106021165e+02,1.546560806509309494e+00,7.098273344138067431e-01,7.477998722117645825e-01,1.833356554311572628e-01,-1.070263723179476489e-01,-1.769052362400108658e-01
3.253450690138027994e+02,1.537969423711492256e+00,7.210354018497679984e-01,7.547076326208500552e-01,1.838858907017311139e-01,-1.077207656347153875e-01,-8.495532978367799359e-02
3.254250850170034255e+02,1.529321062079576965e+00,7.321201270307591269e-01,7.615079738822810862e-01,1.844105188753331348e-01,-1.084511075067393082e-01,-9.549604170124487146e-02
3.255051010202040516e+02,1.520612764478459500e+00,7.430821527877974342e-01,7.682022206978582624e-01,1.849106245254915903e-01,-1.092194081079009282e-01,-1.359148724831708566e-01
3.255851170234046776e+02,1.511841400509336575e+00,7.539220820292991121e-01,7.747916832830710199e-01,1.853872399786810343e-01,-1.100278774084709199e-01,-8.878605823393670438e-02
3.256651330266053606e+02,1.503003651783778594e+00,7.646404774730800602e-01,7.812776564950496549e-01,1.858413475888988364e-01,-1.108789684420824484e-01,1.247443602052248912e-01
3.257451490298059866e+02,1.494095995832703361e+00,7.752378612433796778e-01,7.876614189728159410e-01,1.862738818808071517e-01,-1.117754288692318632e-01,-3.385259385068795090e-02
3.258251650330066127e+02,1.485114688425081209e+00,7.857147143177993787e-01,7.939442322816321340e-01,1.866857315654351090e-01,-1.127203608214000230e-01,-2.971872483393943609e-01
3.259051810362072388e+02,1.476055732951756960e+00,7.960714758675968561e-01,8.001273400570838579e-01,1.870777414339855060e-01,-1.137171205347786707e-01,1.563176066367513717e-02
3.259851970394079217e+02,1.466914841352287224e+00,8.063085424552348668e-01,8.062119671391134723e-01,1.874507141325139903e-01,-1.147691550978130470e-01,-1.012907032983049599e-01
3.260652130426085478e+02,1.457687424715508717e+00,8.164262668598328831e-01,8.121993186706828460e-01,1.878054118123409222e-01,-1.158803515949935470e-01,-2.184205851241706187e-01
3.261452290458091738e+02,1.448368567807148954e+00,8.264249567378347816e-01,8.180905791655149750e-01,1.881425576652701881e-01,-1.170551799977492813e-01,1.651117347720876261e-02
3.262252450490097999e+02,1.438952995365587517e+00,8.363048730528630514e-01,8.238869115302054347e-01,1.884628373432498394e-01,-1.182987770799198701e-01,-1.270679200587428448e-01
3.263052610522104828e+02,1.429434998162167680e+00,8.460662284394773192e-01,8.295894560439981413e-01,1.887669002704857879e-01,-1.196165589559566866e-01,-1.870677230762393672e-02
3.263852770554111089e+02,1.419808390529555320e+00,8.557091850515160525e-01,8.351993292481707520e-01,1.890553608314343992e-01,-1.210144054308776029e-01,-1.831976630891095914e-01
3.264652930586117350e+02,1.410066489260553446e+00,8.652338518725691818e-01,8.407176227251651479e-01,1.893287994312775335e-01,-1.224992139861533214e-01,-1.760459442081292736e-02
3.265453090618123611e+02,1.400202049291413120e+00,8.746402818164781268e-01,8.461454017773152314e-01,1.895877634401068046e-01,-1.240789666371408528e-01,-1.530950129892168776e-01
3.266253250650130440e+02,1.390207132517010669e+00,8.839284687547396269e-01,8.514837040036797866e-01,1.898327680263609263e-01,-1.257621289258117891e-01,-3.084175387549870084e-02
3.267053410682136700e+02,1.380073065213872185e+00,8.930983433815821160e-01,8.567335376525652135e-01,1.900642968269751487e-01,-1.275583835293261914e-01,-4.644364284166595247e-02
3.267853570714142961e+02,1.369790372964072356e+00,9.021497684703245756e-01,8.618958797656053328e-01,1.902828024686485653e-01,-1.294792152704615784e-01,-2.454950090720756928e-01
3.268653730746149222e+02,1.359348591460810773e+00,9.110825341625120588e-01,8.669716741502778712e-01,1.904887069652712872e-01,-1.315372799893327338e-01,-9.556265399396676741e-02
3.269453890778156051e+02,1.348736151605878009e+00,9.198963517905264231e-01,8.719618289963647628e-01,1.906824019097092815e-01,-1.337470042751559562e-01,-8.751611250498494976e-02
3.270254050810162312e+02,1.337940277534097389e+00,9.285908463612820851e-01,8.768672140870463760e-01,1.908642484444338649e-01,-1.361256053933751486e-01,-1.429105006769869624e-01
3.271054210842168573e+02,1.326946685975298745e+00,9.371655491439264685e-01,8.816886577101288314e-01,1.910345770717515046e-01,-1.386923925813313141e-01,-3.176733755169051654e-01
3.271854370874174833e+02,1.315739425009833985e+00,9.456198875004279136e-01,8.864269428844349097e-01,1.911936871268681837e-01,-1.414701328060014029e-01,-1.142220918624395759e-01
3.272654530906181662e+02,1.304300593123718377e+00,9.539531734907715776e-01,8.910828029655382121e-01,1.913418459578005160e-01,-1.444857461676773980e-01,-1.773289588269597872e-01
3.273454690938187923e+02,1.292609909104478705e+00,9.621645912335192730e-01,8.956569165366479179e-01,1.914792877810672644e-01,-1.477704098849869085e-01,-2.906799984793484448e-02
3.274254850970194184e+02,1.280644414711984647e+00,9.702531798266497143e-01,9.001499010259511602e-01,1.916062119579740597e-01,-1.513619030033899748e-01,-2.586775583090894504e-01
3.275055011002200445e+02,1.268377797774713711e+00,9.782178156734734342e-01,9.045623053554592286e-01,1.917227808641147058e-01,-1.553047396911019784e-01,-5.792080453366227344e-02
3.275855171034207274e+02,1.255779870017777133e+00,9.860571881914749204e-01,9.088946005791375127e-01,1.918291168683681769e-01,-1.596533141727030092e-01,-1.468671883803931988e-01
3.276655331066213535e+02,1.242815595840052412e+00,9.937697732872674550e-01,9.131471687705037255e-01,1.919252985877301643e-01,-1.644733314572238703e-01,8.892971881025185654e-02
3.277455491098219795e+02,1.229444142591508360e+00,1.001353797935332413e+00,9.173202887783067361e-01,1.920113557841890140e-01,-1.698461701511000399e-01,-2.715246204320880263e-01
3.278255651130226056e+02,1.215617364390719990e+00,1.008807199428595647e+00,9.214141187664705024e-01,1.920872629303577994e-01,-1.758725339024450052e-01,-8.118234164376753048e-02
3.279055811162232317e+02,1.201278108948476087e+00,1.016127571098143445e+00,9.254286734394466807e-01,1.921529304913430769e-01,-1.826796976738542799e-01,-2.370685152543543506e-01
3.279855971194239146e+02,1.186357670071227721e+00,1.023312097239409191e+00,9.293637952230998645e-01,1.922081936897849508e-01,-1.904295632380259562e-01,-2.862372619357650416e-01
3.280656131226245407e+02,1.170772596702823298e+00,1.030357466486502283e+00,9.332191158985594370e-01,1.922527971887533493e-01,-1.993319032598889207e-01,-9.265213490149286357e-02
3.281456291258251667e+02,1.154420166982936369e+00,1.037259760930876906e+00,9.369940057344045004e-01,1.922863744790636598e-01,-2.096626888798303057e-01,-1.502538928818906994e-01
3.282256451290257928e+02,1.137172028312305905e+00,1.044014309937396190e+00,9.406875043935392089e-01,1.923084195089246884e-01,-2.217914521468966615e-01,-1.178384394910509253e-01
3.283056611322264757e+02,1.118865180672710125e+00,1.050615491438282145e+00,9.442982244977032869e-01,1.923182465851162037e-01,-2.362236193317990285e-01,-3.980787555947666867e-01
3.283856771354271018e+02,1.099288656495472694e+00,1.057056459858391140e+00,9.478242144684992931e-01,1.923149327826714494e-01,-2.536666562624551036e-01,-3.744158442727793523e-01
3.284656931386277279e+02,1.078163403709291090e+00,1.063328762711871267e+00,9.512627573783805079e-01,1.922972327282924665e-01,-2.751375355780877330e-01,-2.171058243108897889e-01
3.285457091418283539e+02,1.055110911940890794e+00,1.069421785128556790e+00,9.546100659475751371e-01,1.922634483665642824e-01,-3.021437839439505835e-01,-3.876723737022791938e-01
3.286257251450290369e+02,1.029602506142051066e+00,1.075321917749162415e+00,9.578608015420796429e-01,1.922112219511210029e-01,-3.370016858921132119e-01,-2.056924977459367032e-01
3.287057411482296629e+02,1.000873585384236764e+00,1.081011266219694456e+00,9.610072801674036658e-01,1.921371921843176289e-01,-3.834232770559831138e-01,-2.172410195255294885e-01
3.287857571514302890e+02,9.677713364627247294e-01,1.086465552833213666e+00,9.640380853018670759e-01,1.920363895449851699e-01,-4.476647852294263208e-01,-4.609377698467315709e-01
3.288657731546309151e+02,9.284671553042774805e-01,1.091650516373773527e+00,9.669354707485189326e-01,1.919010978031066850e-01,-5.409346580948160010e-01,-5.379851700298331485e-01
3.289457891578315980e+02,8.798720843664281643e-01,1.096515302436941619e+00,9.696700538766210853e-01,1.917185161066708166e-01,-6.848882164010722251e-01,-6.823410633304639594e-01
3.290258051610322241e+02,8.163337049196788264e-01,1.100979230142574705e+00,9.721886570056668120e-01,1.914653815384180224e-01,-9.255461604913695073e-01,-9.548427633009927140e-01
3.291058211642328502e+02,7.263749382071671423e-01,1.104902057629522982e+00,9.743818055848223469e-01,1.910935676371294523e-01,-1.373457061283329894e+00,-1.377242084368030195e+00
3.291858371674334762e+02,5.832370782174820523e-01,1.108005277001619104e+00,9.759757442257890325e-01,1.904823717046635057e-01,-2.339533122865442127e+00,-2.362838480302913435e+00
3.292658531706341591e+02,3.123325291025458861e-01,1.109604092988998980e+00,9.760472075167261341e-01,1.892278854193308879e-01,-4.868584679764890844e+00,-4.825784029579881285e+00
3.293458691738347852e+02,-3.223273809850395466e-01,1.107480435997534540e+00,9.706538414405536663e-01,1.856980005758579189e-01,-1.208969600637197317e+01,-1.212304693447231863e+01
3.294258851770354113e+02,-1.490954169785883687e+00,1.097786094906707310e+00,9.566862201921524367e-01,1.789068358401836312e-01,-1.214890598254192788e+01,-1.220103102257350258e+01
3.295059011802360374e+02,-1.924333739871039395e+00,1.082358495547927291e+00,9.415520638174224022e-01,1.718993967105776621e-01,-1.223947775689927742e+00,-1.253952076854317976e+00
3.295859171834367203e+02,-1.953439972936405367e+00,1.065966512459967319e+00,9.266326339293693426e-01,1.651937740740922200e-01,-7.595154540745996385e-03,-6.882169088044290395e-02
3.296659331866373464e+02,-1.950004594433493388e+00,1.049627181369509055e+00,9.119493836693258748e-01,1.587873769391435486e-01,6.342478209463708883e-02,5.536295303324174216e-02
3.297459491898379724e+02,-1.944695707662118744e+00,1.033409239268572311e+00,8.974995800335897611e-01,1.526683250657802915e-01,6.757010302330113127e-02,1.214914463893963653e-01
3.298259651930385985e+02,-1.939271294854123973e+00,1.017316247196994317e+00,8.832795813648072203e-01,1.468243905080471312e-01,6.791487963407616402e-02,2.735313293644736077e-01
3.299059811962392814e+02,-1.933831906284768420e+00,1.001348061288958480e+00,8.692857510429667922e-01,1.412434412633959413e-01,6.803681551406648431e-02,-9.483793280653060598e-02
3.299859971994399075e+02,-1.928383611845907231e+00,9.855043303596400239e-01,8.555145073449466064e-01,1.359135404216699206e-01,6.814222806286740486e-02,-6.965937687465093009e-02
3.300660132026405336e+02,-1.922927016139142742e+00,9.697846964754134325e-01,8.419623254666166456e-01,1.308230134400942546e-01,6.824388585688068165e-02,6.140518535098705988e-02
3.301460292058411596e+02,-1.917462395904131034e+00,9.541888066261794421e-01,8.286257367859102274e-01,1.259605016955430423e-01,6.834308553313739321e-02,7.150027626745336651e-02
3.302260452090418426e+02,-1.911989978658223066e+00,9.387163133657526748e-01,8.155013279764232736e-01,1.213150043284851459e-01,6.843953000772173834e-02,6.394950922446943076e-02
3.303060612122424686e+02,-1.906509985549394770e+00,9.233668749105263807e-01,8.025857401277964875e-01,1.168759095876010373e-01,6.853285677513726304e-02,2.557558962515740775e-01
3.303860772154430947e+02,-1.901022642788044781e+00,9.081401551586899545e-01,7.898756678794833785e-01,1.126330168963627920e-01,6.862304499705568217e-02,-1.139522700332037120e-01
3.304660932186437208e+02,-1.895528177709079998e+00,8.930358236623004986e-01,7.773678585683561071e-01,1.085765508663153328e-01,6.871029057161637255e-02,5.320252379394756898e-02
3.305461092218444037e+02,-1.890026815684546779e+00,8.780535555875013110e-01,7.650591113903565388e-01,1.046971684430828414e-01,6.879490875611321554e-02,-5.846176229812555247e-02
3.306261252250450298e+02,-1.884518776907714743e+00,8.631930316582091534e-01,7.529462765760270848e-01,1.009859602990543365e-01,6.887723219164837429e-02,3.862665528056532377e-02
3.307061412282456558e+02,-1.879004264260525803e+00,8.484539380586693103e-01,7.410262545791427291e-01,9.743444749410937189e-02,6.895722360485134761e-02,1.204304292959255673e-01
3.307861572314462819e+02,-1.873483470722416833e+00,8.338359663632072261e-01,7.292959952796138623e-01,9.403457432296603857e-02,6.903472638895985503e-02,-7.532288837160086570e-02
3.308661732346469648e+02,-1.867956587337008090e+00,8.193388134455588112e-01,7.177524971995301595e-01,9.077869815905761919e-02,6.910971822825240363e-02,1.714880817404085545e-01
3.309461892378475909e+02,-1.862423801851784466e+00,8.049621813402378923e-01,7.063928067317447601e-01,8.765957699897866662e-02,6.918225826993418259e-02,-1.542587319198951423e-02
3.310262052410482170e+02,-1.856885297797102430e+00,7.907057770777453642e-01,6.952140173810409385e-01,8.467035531044780905e-02,6.925244889971343687e-02,-3.556073788950676884e-02
3.311062212442488430e+02,-1.851341253893779237e+00,7.765693124916267509e-01,6.842132690178114318e-01,8.180454869296351073e-02,6.932040841054615266e-02,-9.526214097126231573e-02
3.311862372474495260e+02,-1.845791843731841464e+00,7.625525039951885908e-01,6.733877471438926010e-01,7.905602777534596892e-02,6.938625263846198710e-02,-5.879713015664589371e-04
3.312662532506501520e+02,-1.840237235667429028e+00,7.486550723260413376e-01,6.627346821704277469e-01,7.641900169886890748e-02,6.945008381779582685e-02,-4.753869797128051911e-03
3.313462692538507781e+02,-1.834677592889031983e+00,7.348767422564325136e-01,6.522513487074187433e-01,7.388800146843374494e-02,6.951198508542144605e-02,1.523594686164708722e-01
3.314262852570514042e+02,-1.829113073545334034e+00,7.212172422676091932e-01,6.419350648649071456e-01,7.145786339708756763e-02,6.957201735652562835e-02,-8.662621273330492477e-02
3.315063012602520871e+02,-1.823543830206939109e+00,7.076763041844749136e-01,6.317831915654144037e-01,6.912371282023163643e-02,6.963019722173863224e-02,9.093728352829705264e-02
3.315863172634527132e+02,-1.817970011469186797e+00,6.942536627767450508e-01,6.217931318676934715e-01,6.688094821479480256e-02,6.968653915148670386e-02,1.538163885769583406e-01
3.316663332666533393e+02,-1.812391762745023893e+00,6.809490553173148664e-01,6.119623303013239646e-01,6.472522582384768186e-02,6.974107285620950725e-02,4.454507897342054740e-02
3.317463492698539653e+02,-1.806809226168782478e+00,6.677622210964060390e-01,6.022882722120994625e-01,6.265244485886767301e-02,6.979383510467285223e-02,1.466372132989124388e-01
3.318263652730546482e+02,-1.801222540607738676e+00,6.546929008929729399e-01,5.927684831179604874e-01,6.065873332842629945e-02,6.984486599381084515e-02,5.398434717888284107e-04
3.319063812762552743e+02,-1.795631841684307783e+00,6.417408364023894363e-01,5.834005280753786771e-01,5.874043452318410130e-02,6.989420677078750366e-02,1.113124969871464864e-01
3.319863972794559004e+02,-1.790037261793027357e+00,6.289057696196154179e-01,5.741820110559071599e-01,5.689409417191109569e-02,6.994189876266959649e-02,3.655987818227434544e-02
3.320664132826565265e+02,-1.784438930100422649e+00,6.161874421776608601e-01,5.651105743328703745e-01,5.511644827134520863e-02,6.998798309212489466e-02,2.858772415369393860e-01
3.321464292858572094e+02,-1.778836972519436843e+00,6.035855946411352591e-01,5.561838978779183318e-01,5.340441158334782029e-02,7.003250097141200392e-02,4.164252722209423052e-02
3.322264452890578355e+02,-1.773231511653924342e+00,5.910999657552894471e-01,5.473996987673709347e-01,5.175506678574993968e-02,7.007549447285155164e-02,4.014788409460835761e-02
3.323064612922584615e+02,-1.767622666712199253e+00,5.787302916510869144e-01,5.387557305980947842e-01,5.016565425795031091e-02,7.011700777010548835e-02,1.105007928817899054e-01
3.323864772954590876e+02,-1.762010553392382883e+00,5.664763050075989348e-01,5.302497829128951512e-01,4.863356247854749154e-02,7.015708893326755291e-02,1.726868362130103834e-02
3.324664932986597705e+02,-1.756395283745620484e+00,5.543377341731640096e-01,5.218796806351764239e-01,4.715631900961270856e-02,7.019579243804363600e-02,5.059304321075193400e-02
3.325465093018603966e+02,-1.750776966026795556e+00,5.423143022475064301e-01,5.136432835128104113e-01,4.573158204056711890e-02,7.023318261905053816e-02,1.040749572330183226e-01
3.326265253050610227e+02,-1.745155704581236922e+00,5.304057261274186530e-01,5.055384855709840197e-01,4.435713246368102464e-02,7.026933927804790425e-02,1.577923970013876132e-01
3.327065413082616487e+02,-1.739531599302960974e+00,5.186117155178573412e-01,4.975632145739785628e-01,4.303086645291480383e-02,7.030435341479485123e-02,1.071885271610556467e-02
3.327865573114623317e+02,-1.733904743594094855e+00,5.069319719086332610e-01,4.897154314955626808e-01,4.175078851784876782e-02,7.033828660929636323e-02,7.640983451017253902e-02
3.328665733146629577e+02,-1.728275224539738808e+00,4.953661875326579866e-01,4.819931299982509465e-01,4.051500500523085718e-02,7.037118983274290307e-02,5.327044062530929963e-02
3.329465893178635838e+02,-1.722643122604765598e+00,4.839140443023648985e-01,4.743943359210116006e-01,3.932171802108925390e-02,7.040311075218741443e-02,1.401717034207849433e-01
3.330266053210642099e+02,-1.717008511235287083e+00,4.725752127312281559e-01,4.669171067754506743e-01,3.816921974745505347e-02,7.043409967846803177e-02,1.525826748995670057e-01
3.331066213242648928e+02,-1.711371456562463145e+00,4.613493508471066540e-01,4.595595312502936958e-01,3.705588712877350838e-02,7.046421903015645527e-02,1.108607442188987435e-01
3.331866373274655189e+02,-1.705732017244479204e+00,4.502361031044982420e-01,4.523197287241306208e-01,3.598017690425101001e-02,7.049355688127506570e-02,9.712383339927851966e-02
3.332666533306661449e+02,-1.700090244484522950e+00,4.392350993031732265e-01,4.451958487862472946e-01,3.494062096356215230e-02,7.052224513784330351e-02,2.497355601804786829e-01
3.333466693338667710e+02,-1.694446182264501832e+00,4.283459535215168867e-01,4.381860707655614862e-01,3.393582200459027004e-02,7.055048285290951848e-02,-1.662951312150744154e-02
3.334266853370674539e+02,-1.688799867673009825e+00,4.175682630725450206e-01,4.312886032674787540e-01,3.296444947306553797e-02,7.057856134489240429e-02,2.343420814890691262e-01
3.335067013402680800e+02,-1.683151321226022290e+00,4.069016074562387120e-01,4.245016837175094593e-01,3.202523576467092292e-02,7.060665705943269810e-02,1.244745470341344917e-01
3.335867173434687061e+02,-1.677500542019503049e+00,3.963455473674822871e-01,4.178235779129843563e-01,3.111697267244757301e-02,7.063474882782819209e-02,-8.261776735079193190e-02
3.336667333466693321e+02,-1.671847517415105289e+00,3.858996238046204508e-01,4.112525795841012188e-01,3.023850806358275786e-02,7.066287087827069491e-02,8.367383922413088038e-02
3.337467493498700151e+02,-1.666192224630109520e+00,3.755633572108676432e-01,4.047870099617523754e-01,2.938874276879220940e-02,7.069116960429847052e-02,-7.068816503477259872e-02
3.338267653530706411e+02,-1.660534632324201842e+00,3.653362466858015023e-01,3.984252173529507779e-01,2.856662767019505292e-02,7.071995718286247512e-02,5.846558009056858352e-02
3.339067813562712672e+02,-1.654874701401390924e+00,3.552177692735962733e-01,3.921655767236101875e-01,2.777116097410108411e-02,7.074974479050338827e-02,-1.320772818770538926e-01
3.339867973594718933e+02,-1.649212360310626790e+00,3.452073792449865675e-01,3.860064892853947716e-01,2.700138565456883938e-02,7.078072027063841976e-02,1.438042181157614952e-01
3.340668133626725762e+02,-1.643547505022181054e+00,3.353045075644016659e-01,3.799463820926893276e-01,2.625638705878463944e-02,7.081278948407390694e-02,-8.020235272737735732e-03
3.341468293658732023e+02,-1.637880021513618223e+00,3.255085615492191442e-01,3.739837076499820112e-01,2.553529066361211186e-02,7.084609393893312457e-02,2.361274134308552208e-01
3.342268453690738284e+02,-1.632209790109129477e+00,3.158189245798973532e-01,3.681169435243540899e-01,2.483725997056639503e-02,7.088111401891625252e-02,-1.391663707738258204e-03
3.343068613722744544e+02,-1.626536678836713490e+00,3.062349558904960412e-01,3.623445919636515411e-01,2.416149453013527112e-02,7.091853666717981564e-02,7.653830474761372238e-02
3.343868773754751373e+02,-1.620860496140135165e+00,2.967559903253044196e-01,3.566651795153262250e-01,2.350722808429592942e-02,7.095829688063756691e-02,-6.462438452042060244e-02
3.344668933786757634e+02,-1.615181027980334472e+00,2.873813385536263532e-01,3.510772566644094206e-01,2.287372682784722180e-02,7.100039577791414369e-02,5.833947837977353224e-02
3.345469093818763895e+02,-1.609498060503419703e+00,2.781102873749686788e-01,3.455793974771178001e-01,2.226028777459653288e-02,7.104537506677499614e-02,7.563774477297605103e-02
3.346269253850770156e+02,-1.603811368012939109e+00,2.689421000304860199e-01,3.401701992463275759e-01,2.166623721959286958e-02,7.109407033854056590e-02,1.219800461978350625e-01
3.347069413882776985e+02,-1.598120647474994716e+00,2.598760164323659638e-01,3.348482821343382043e-01,2.109092928874217038e-02,7.114633212785131944e-02,3.185235816224933347e-01
3.347869573914783246e+02,-1.592425579010385839e+00,2.509112540453670714e-01,3.296122888429635633e-01,2.053374458408468647e-02,7.120227468041598340e-02,2.363116950696962926e-01
3.348669733946789506e+02,-1.586725854024611193e+00,2.420470087929291469e-01,3.244608842864498133e-01,1.999408890737353756e-02,7.126281962126120029e-02,1.500667162173341396e-01
3.349469893978795767e+02,-1.581021107390551794e+00,2.332824556999929522e-01,3.193927552540085091e-01,1.947139205047927063e-02,7.132838598355624449e-02,3.931424056980233062e-02
3.350270054010802596e+02,-1.575310908307446800e+00,2.246167499059788242e-01,3.144066100882565995e-01,1.896510666035486695e-02,7.139876732617927990e-02,4.370324644179165302e-02
3.351070214042808857e+02,-1.569594846607443417e+00,2.160490282275317475e-01,3.095011783893760748e-01,1.847470717877313859e-02,7.147477919666848922e-02,4.158574559766969880e-02
3.351870374074815118e+02,-1.563872475118219585e+00,2.075784102336239723e-01,3.046752106992944298e-01,1.799968883069146333e-02,7.155716518360798195e-02,-1.275998664287966711e-02
3.352670534106821378e+02,-1.558143254789911225e+00,1.992039994304707351e-01,2.999274781909921361e-01,1.753956666946806034e-02,7.164563016062094891e-02,1.400116951532128229e-01
3.353470694138827639e+02,-1.552406675003971559e+00,1.909248853395038026e-01,2.952567724011824768e-01,1.709387469375189469e-02,7.174105718564562084e-02,6.757463581536581054e-02
3.354270854170834468e+02,-1.546662178633097628e+00,1.827401448131267536e-01,2.906619049301417124e-01,1.666216499586187227e-02,7.184413644024528756e-02,1.262517939444924853e-01
3.355071014202840729e+02,-1.540909117650313798e+00,1.746488435543410989e-01,2.861417071522135980e-01,1.624400695964696092e-02,7.195462357389575958e-02,4.903642631743224123e-02
3.355871174234846990e+02,-1.535146886861325166e+00,1.666500385486129887e-01,2.816950299746048825e-01,1.583898652307542607e-02,7.207369895930772208e-02,1.114123195388619786e-01
3.356671334266853250e+02,-1.529374786547276655e+00,1.587427793046027602e-01,2.773207435410041111e-01,1.544670545271090850e-02,7.220157621572256823e-02,2.503714224812200184e-01
3.357471494298860080e+02,-1.523592074494988458e+00,1.509261100212547224e-01,2.730177369845338542e-01,1.506678067834002661e-02,7.233844488878544976e-02,1.100566122135884506e-01
3.358271654330866340e+02,-1.517798031708846418e+00,1.431990718901071657e-01,2.687849181941590060e-01,1.469884366786572243e-02,7.248556662614591417e-02,1.679798788716590496e-01
3.359071814362872601e+02,-1.511991801917303535e+00,1.355607043139096801e-01,2.646212135284863876e-01,1.434253980827718787e-02,7.264262220165254580e-02,-9.019109069389116828e-03
3.359871974394878862e+02,-1.506172575835285077e+00,1.280100478378596029e-01,2.605255676269613851e-01,1.399752786362924196e-02,7.281077557134106593e-02,6.142358655780190413e-02
3.360672134426885691e+02,-1.500339445093688440e+00,1.205461454587588993e-01,2.564969431407590483e-01,1.366347942150872123e-02,7.299029258522309049e-02,3.875212089502779594e-02
3.361472294458891952e+02,-1.494491468063094963e+00,1.131680449753790091e-01,2.525343205270922375e-01,1.334007839643486237e-02,7.318164258897398577e-02,1.273574621829730580e-01
3.362272454490898212e+02,-1.488627690398800274e+00,1.058748011189442617e-01,2.486366978410924911e-01,1.302702055625343941e-02,7.338581971725148534e-02,1.073111775777157162e-01
3.363072614522904473e+02,-1.482747042698129292e+00,9.866547699834536667e-02,2.448030904957584630e-01,1.272401305569976875e-02,7.360278533417446978e-02,1.087834797681452859e-02
3.363872774554911302e+02,-1.476848498787079800e+00,9.153914690127477882e-02,2.410325311119793368e-01,1.243077403527121164e-02,7.383391711701883797e-02,1.138976964891083021e-01
3.364672934586917563e+02,-1.470930877982620233e+00,8.449489714242028326e-02,2.373240692619706382e-01,1.214703218782278542e-02,7.407904058469148845e-02,9.187809700908639021e-02
3.365473094618923824e+02,-1.464993056407752681e+00,7.753182908462581679e-02,2.336767713559572968e-01,1.187252641407528231e-02,7.433961692960427969e-02,-7.648796704427224258e-02
3.366273254650930085e+02,-1.459033748873176384e+00,7.064905974384708132e-02,2.300897203913238043e-01,1.160700542807152277e-02,7.461555962280340404e-02,7.772048886272960033e-02
3.367073414682936914e+02,-1.453051718702994988e+00,6.384572472253395581e-02,2.265620158608299128e-01,1.135022745717323422e-02,7.490831714477858005e-02,2.001217683870900599e-01
3.367873574714943175e+02,-1.447045569267047860e+00,5.712097871163387269e-02,2.230927735181220950e-01,1.110195988718682032e-02,7.521792990753507768e-02,-6.860679316737727795e-03
3.368673734746949435e+02,-1.441013942838226480e+00,5.047399827087661883e-02,2.196811253060693414e-01,1.086197900200967098e-02,7.554587245187475986e-02,1.918525579928441749e-01
3.369473894778955696e+02,-1.434955317169872790e+00,4.390398219004987973e-02,2.163262191383081845e-01,1.063006966437592300e-02,7.589228260369033918e-02,1.530538691334329404e-01
3.370274054810962525e+02,-1.428868203708182127e+00,3.741015417240613206e-02,2.130272188539946154e-01,1.040602509458037062e-02,7.625871471520477562e-02,1.011452545267831765e-01
3.371074214842968786e+02,-1.422750940492264249e+00,3.099176300079915791e-02,2.097833040136367899e-01,1.018964658254323079e-02,7.664541983098258071e-02,1.291720324764048800e-01
3.371874374874975047e+02,-1.416601888840194778e+00,2.464808512477426397e-02,2.065936698828224338e-01,9.980743303635738334e-03,7.705400436027973199e-02,4.889283738216954056e-03
3.372674534906981307e+02,-1.410419238043996604e+00,1.837842473522685940e-02,2.034575272517522015e-01,9.779132063653240073e-03,7.748496261933082718e-02,1.565991017678287633e-01
3.373474694938988137e+02,-1.404201167199089495e+00,1.218211605540469276e-02,2.003741024355948364e-01,9.584637142727182521e-03,7.793982461596950240e-02,-5.552672250871558413e-02
3.374274854970994397e+02,-1.397945709839841122e+00,6.058523661126401574e-03,1.973426371458289752e-01,9.397090084381056266e-03,7.841953268038455438e-02,-2.501482636549760830e-02
3.375075015003000658e+02,-1.391650825870689445e+00,7.044118101008894212e-06,1.943623884810553037e-01,9.216329551952524152e-03,7.892543492730766386e-02,1.418242807889059098e-01
3.375875175035006919e+02,-1.385314372283371842e+00,-5.972893085793937878e-03,1.914326288837853995e-01,9.042201175939533486e-03,7.945901804604044161e-02,-2.167661302316549465e-02
3.376675335067013748e+02,-1.378934062915254222e+00,-1.188182471914091612e-02,1.885526461084049143e-01,8.874557413918645818e-03,8.002155686749276575e-02,2.901889544098770757e-01
3.377475495099020009e+02,-1.372507534242992211e+00,-1.772025225117302219e-02,1.857217432719072969e-01,8.713257458164751224e-03,8.061499396505401871e-02,1.238844301406203802e-01
3.378275655131026269e+02,-1.366032223325679418e+00,-2.348864164721797820e-02,1.829392388144014669e-01,8.558167104457227795e-03,8.124069439440066709e-02,1.815432895770042188e-01
3.379075815163032530e+02,-1.359505490351347712e+00,-2.918742136728227562e-02,1.802044666375675341e-01,8.409158714808599375e-03,8.190096531906178312e-02,1.887466409818526758e-01
3.379875975195039359e+02,-1.352924480348981939e+00,-3.481698227498698783e-02,1.775167761032665215e-01,8.266111115682234223e-03,8.259770014022076168e-02,5.333398265146008926e-02
3.380676135227045620e+02,-1.346286174155010951e+00,-4.037767609021822995e-02,1.748755321870780755e-01,8.128909577676896037e-03,8.333313670379664806e-02,9.605668495799868367e-02
3.381476295259051881e+02,-1.339587395718634832e+00,-4.586981408432949658e-02,1.722801156426217173e-01,7.997445804651177881e-03,8.411011461671212552e-02,1.418909857949721964e-01
3.382276455291058141e+02,-1.332824696386219587e+00,-5.129366670101666997e-02,1.697299231091904670e-01,7.871617897972010142e-03,8.493113034322873067e-02,9.599133381898529438e-02
3.383076615323064971e+02,-1.325994427113650564e+00,-5.664946154855807908e-02,1.672243674080382270e-01,7.751330417707411914e-03,8.579933558300915919e-02,2.539825941257065067e-01
3.383876775355071231e+02,-1.319092694879036243e+00,-6.193738218562507697e-02,1.647628778028687457e-01,7.636494428419294579e-03,8.671836861672069241e-02,2.008747738792072413e-01
3.384676935387077492e+02,-1.312115269775206761e+00,-6.715756720827754933e-02,1.623449002680009690e-01,7.527027550500617684e-03,8.769180504700344048e-02,1.205309020084756877e-01
3.385477095419083753e+02,-1.305057625707932045e+00,-7.231010796810904973e-02,1.599698979413863575e-01,7.422854105016563585e-03,8.872391550403188609e-02,2.264706871829178791e-01
3.386277255451090582e+02,-1.297914897098211062e+00,-7.739504676469347033e-02,1.576373515831018535e-01,7.323905261917027475e-03,8.981965411175348024e-02,1.081264081412105227e-01
3.387077415483096843e+02,-1.290681777956807608e+00,-8.241237532093223517e-02,1.553467600576462493e-01,7.230119199886598721e-03,9.098423545383614586e-02,1.799419976766655216e-01
3.387877575515103103e+02,-1.283352513483045687e+00,-8.736203205369126590e-02,1.530976410104349095e-01,7.141441362401518625e-03,9.222360855981655281e-02,1.196775348041913406e-01
3.388677735547109364e+02,-1.275920857401248831e+00,-9.224389922655951146e-02,1.508895316347844684e-01,7.057824757323171924e-03,9.354468417151154402e-02,7.794288499213225530e-02
3.389477895579116193e+02,-1.268379979714354455e+00,-9.705780011560713461e-02,1.487219895213961196e-01,6.979230294973024634e-03,9.495525862519629823e-02,1.210913661149577714e-02
3.390278055611122454e+02,-1.260722367094323948e+00,-1.018034957053844392e-01,1.465945936563561591e-01,6.905627196590906867e-03,9.646403143004668446e-02,3.548407322862735802e-02
3.391078215643128715e+02,-1.252939762031186399e+00,-1.064806802559724874e-01,1.445069456682622211e-01,6.836993522466906954e-03,9.808106034056261746e-02,1.137863669010442114e-01
3.391878375675134976e+02,-1.245023051273750347e+00,-1.110889765521869549e-01,1.424586712494732288e-01,6.773316780605881729e-03,9.981798133217485713e-02,1.529389834202959375e-01
3.392678535707141805e+02,-1.236962126879860957e+00,-1.156279304457167589e-01,1.404494218220098956e-01,6.714594649463068339e-03,1.016882413852893130e-01,-1.015482521876939492e-01
3.393478695739148066e+02,-1.228745712822295166e+00,-1.200970045803632508e-01,1.384788764923406967e-01,6.660835834696147637e-03,1.037073570766305214e-01,7.227395437427505676e-02
3.394278855771154326e+02,-1.220361186646649276e+00,-1.244955706569646214e-01,1.365467444206089620e-01,6.612061120525866004e-03,1.058934509337852298e-01,1.733141997382136590e-01
3.395079015803160587e+02,-1.211794355141436741e+00,-1.288229003640704029e-01,1.346527676423442121e-01,6.568304631517879293e-03,1.082678522764281559e-01,1.013091599124856662e-01
3.395879175835167416e+02,-1.203029170409227078e+00,-1.330781547420778477e-01,1.327967244359830046e-01,6.529615347659085446e-03,1.108557916592730064e-01,9.158313945033483283e-03
3.396679335867173677e+02,-1.194047381845153355e+00,-1.372603714786080620e-01,1.309784333884164986e-01,6.496058944178166074e-03,1.136873031084145724e-01,2.079928351828951028e-02
3.397479495899179938e+02,-1.184828105461421144e+00,-1.413684496425419712e-01,1.291977583362221571e-01,6.467720039040484106e-03,1.167984000372299797e-01,2.933228364519742670e-01
3.398279655931186198e+02,-1.175347285353158133e+00,-1.454011312229637753e-01,1.274546144159170169e-01,6.444704957222847745e-03,1.202326163012079618e-01,-3.119261050200380914e-02
3.399079815963193028e+02,-1.165577013589151445e+00,-1.493569786406911126e-01,1.257489755338060122e-01,6.427145157339999096e-03,1.240430457582136076e-01,9.849454189768472312e-02
3.399879975995199288e+02,-1.155484663145476043e+00,-1.532343471042288408e-01,1.240808836791654074e-01,6.415201519838749020e-03,1.282950760649541333e-01,2.184706155863099242e-01
3.400680136027205549e+02,-1.145031764497456805e+00,-1.570313503987715853e-01,1.224504606442878007e-01,6.409069761496223594e-03,1.330700766950417002e-01,-5.923226966535272142e-02
3.401480296059211810e+02,-1.134172534975168123e+00,-1.607458180922458624e-01,1.208579229468405430e-01,6.408987351244374402e-03,1.384704665783047239e-01,2.130194557591372218e-01
3.402280456091218639e+02,-1.122851927784091597e+00,-1.643752413853261929e-01,1.193036010784170459e-01,6.415242458187446137e-03,1.446267909738809532e-01,-3.784110810133523017e-03
3.403080616123224900e+02,-1.111003004218540813e+00,-1.679167037140087693e-01,1.177879646978801376e-01,6.428185697981566096e-03,1.517077736111170638e-01,2.595204509842403695e-01
3.403880776155231160e+02,-1.098543332688995511e+00,-1.713667907230927157e-01,1.163116560999996468e-01,6.448245781640239531e-03,1.599348647487029706e-01,4.332971644884430207e-01
3.404680936187237421e+02,-1.085369953304093027e+00,-1.747214716394434042e-01,1.148755355167550285e-01,6.475950752776290370e-03,1.696037305121689265e-01,5.124909489309392718e-02
3.405481096219244250e+02,-1.071352248691918918e+00,-1.779759401482327030e-01,1.134807435696574412e-01,6.511957339769424043e-03,1.811169008806588765e-01,1.810816479136688195e-01
3.406281256251250511e+02,-1.056321537810874567e+00,-1.811243953798669093e-01,1.121287899228092105e-01,6.557092776026138790e-03,1.950344046010483168e-01,2.384766467842556192e-01
3.407081416283256772e+02,-1.040055417584628161e+00,-1.841597375394850022e-01,1.108216816265783361e-01,6.612415445199549061e-03,2.121547507387723519e-01,1.618212922731288583e-01
3.407881576315263032e+02,-1.022253845523906080e+00,-1.870731303122499800e-01,1.095621147704801124e-01,6.679305706723594541e-03,2.336494762573596007e-01,2.949619737194657532e-01
3.408681736347269862e+02,-1.002500860116293691e+00,-1.898533532287709491e-01,1.083537722799611802e-01,6.759607419068771814e-03,2.612945649163849748e-01,1.966868707825548679e-01
3.409481896379276122e+02,-9.802012157088947353e-01,-1.924858120908277404e-01,1.072018047845514216e-01,6.855857037141602217e-03,2.978877321954915280e-01,2.479545879500053007e-01
3.410282056411282383e+02,-9.544703629892097307e-01,-1.949509617740072531e-01,1.061136484663646601e-01,6.971674267781407044e-03,3.480415982452148005e-01,2.729741821562599591e-01
3.411082216443288644e+02,-9.239331251474448559e-01,-1.972216720297394199e-01,1.051005006366490802e-01,7.112468682757902561e-03,4.197893084842134193e-01,4.211606587744369246e-01
3.411882376475295473e+02,-8.863280582576446021e-01,-1.992585421614647689e-01,1.041802062127817063e-01,7.286825447182773696e-03,5.280951115652292582e-01,5.820114914850040844e-01
3.412682536507301734e+02,-8.376671472720657041e-01,-2.010009405605946153e-01,1.033834661614315698e-01,7.509493049450442770e-03,7.032846894037825258e-01,8.070004646805745141e-01
3.413482696539307994e+02,-7.702525558360113767e-01,-2.023480826470870353e-01,1.027690837731939227e-01,7.808737499248882309e-03,1.013823158018558157e+00,1.009361133694199220e+00
3.414282856571314255e+02,-6.673346472521294315e-01,-2.031133049829809134e-01,1.024688745087225517e-01,8.248051933504982683e-03,1.637689498393943177e+00,1.536892770418540888e+00
3.415083016603321084e+02,-4.860846137951483348e-01,-2.028890892708883342e-01,1.028597620567803517e-01,9.009499905976364048e-03,3.129020365109534740e+00,3.086932439090497304e+00
3.415883176635327345e+02,-9.338000254431234881e-02,-2.005061181991368013e-01,1.054801013081089200e-01,1.083779981171781315e-02,7.505409580259597924e+00,7.460046461550681407e+00
3.416683336667333606e+02,8.825476002887300275e-01,-1.923714965525198384e-01,1.153756294469607396e-01,1.616207453615569820e-02,1.665499994279483431e+01,1.662197153046702169e+01
3.417483496699339867e+02,1.853725876446100429e+00,-1.762162165433573957e-01,1.297142197136735564e-01,2.349932291745243998e-02,4.811754563188712197e+00,4.876096824779079242e+00
3.418283656731346696e+02,1.982765058186304330e+00,-1.569833828098791129e-01,1.441633763703488169e-01,3.069505850107447087e-02,2.041922963686784720e-01,1.961449685476520932e-01
3.419083816763352957e+02,1.982971825202069605e+00,-1.375735252286175991e-01,1.585403652925503337e-01,3.766123829262151695e-02,-7.729554907568332578e-02,-6.217689029097973885e-02
3.419883976795359217e+02,1.975935983221228209e+00,-1.182652732305825988e-01,1.728316686030288429e-01,4.439414891995131091e-02,-9.223845875876313105e-02,-8.148074379553718605e-02
3.420684136827365478e+02,1.968499062550837841e+00,-9.907636247658081763e-02,1.870282239952723302e-01,5.089291085015642396e-02,-9.331234874526590783e-02,-9.682113616626608632e-02
3.421484296859372307e+02,1.961018690293558020e+00,-8.001077363519527863e-02,2.011221054760847504e-01,5.715787622003757479e-02,-9.363888582516968762e-02,-1.355195352086775995e-01
3.422284456891378568e+02,1.953515039038637768e+00,-6.107200805536053267e-02,2.151062783208154972e-01,6.319049804652038249e-02,-9.391108441194548351e-02,-1.571510258843192287e-02
3.423084616923384829e+02,1.945990358016038480e+00,-4.226372168253467870e-02,2.289745094765442968e-01,6.899324100826652317e-02,-9.416571693913562691e-02,-9.799535394524143406e-02
3.423884776955391089e+02,1.938445944642299246e+00,-2.358969104647722428e-02,2.427212940766049210e-01,7.456947645758224552e-02,-9.440342055722539261e-02,-1.006841060459978260e-01
3.424684936987397919e+02,1.930883158799776567e+00,-5.053739177757775314e-03,2.563417894839618016e-01,7.992336687956995422e-02,-9.462593185609723123e-02,-2.019363392174213789e-01
3.425485097019404179e+02,1.923303241806046948e+00,1.334034271513941800e-02,2.698317555318165417e-01,8.505974668653284998e-02,-9.483066817283772321e-02,-1.606450432290514319e-01
3.426285257051410440e+02,1.915707573284339160e+00,3.158887058641771800e-02,2.831875001819221804e-01,8.998400474888404443e-02,-9.502037504989860328e-02,-1.505529148359158187e-01
3.427085417083416701e+02,1.908097378033394076e+00,4.968833891645756118e-02,2.964058300520508449e-01,9.470197258363115267e-02,-9.519392026126538564e-02,-3.418999420420117813e-02
3.427885577115422961e+02,1.900473879521891396e+00,6.763548289596586771e-02,3.094840052924995311e-01,9.921982079383877273e-02,-9.535228767393695570e-02,-2.667381168201088948e-01
3.428685737147429791e+02,1.892838264039183427e+00,8.542733072892368107e-02,3.224196984307005631e-01,1.035439653278686922e-01,-9.549797642106425122e-02,-1.877210694754741227e-02
3.429485897179436051e+02,1.885191516551210311e+00,1.030612445253055037e-01,3.352109568263997863e-01,1.076809842745571760e-01,-9.563021752194804381e-02,-7.987526702572629589e-02
3.430286057211442312e+02,1.877534614572239580e+00,1.205349479775712218e-01,3.478561684039126467e-01,1.116375452948880909e-01,-9.575176850381318661e-02,-1.636312308612904165e-01
3.431086217243448573e+02,1.869868383872115958e+00,1.378465427027037449e-01,3.603540304095882441e-01,1.154203433678252649e-01,-9.586452633484413011e-02,-1.779947413789426391e-01
3.431886377275455402e+02,1.862193462694788026e+00,1.549945129666806809e-01,3.727035209171588037e-01,1.190360482136016140e-01,-9.596868089907124866e-02,-4.218450677676936073e-02
3.432686537307461663e+02,1.854510436341596069e+00,1.719777199053439121e-01,3.849038728420144384e-01,1.224912605936201299e-01,-9.606705729581221931e-02,-7.175520567363614932e-02
3.433486697339467923e+02,1.846819730988130459e+00,1.887953879084801334e-01,3.969545502679220350e-01,1.257924766040993403e-01,-9.616176032935484785e-02,-2.915161985992433258e-01
3.434286857371474184e+02,1.839121581790110316e+00,2.054470841275369830e-01,4.088552268705853421e-01,1.289460590418671782e-01,-9.625319206074296752e-02,-1.625401903780271939e-01
3.435087017403481013e+02,1.831416145866620271e+00,2.219326926644080988e-01,4.206057662494132043e-01,1.319582149465768073e-01,-9.634337741077948769e-02,-1.853000220470932269e-01
3.435887177435487274e+02,1.823703474091121102e+00,2.382523858538125039e-01,4.322062040135727368e-01,1.348349784793078376e-01,-9.643487345494840268e-02,-1.009536471292041548e-01
3.436687337467493535e+02,1.815983433818743276e+00,2.544065938858341980e-01,4.436567314619238034e-01,1.375821983550631900e-01,-9.652829419830519231e-02,-1.575068565310917268e-01
3.437487497499499796e+02,1.808255793035455916e+00,2.703959734372736179e-01,4.549576807009829693e-01,1.402055291185420327e-01,-9.662461493859381134e-02,-4.812310361742280773e-02
3.438287657531506625e+02,1.800520243588776603e+00,2.862213769148446163e-01,4.661095110828039068e-01,1.427104256401015570e-01,-9.672558513458689999e-02,-1.462875476417717091e-01
3.439087817563512885e+02,1.792776383772828996e+00,3.018838230336080564e-01,4.771127968423667376e-01,1.451021402791825843e-01,-9.683297330342205411e-02,-1.218316096062614651e-01
3.439887977595519146e+02,1.785023681040425192e+00,3.173844692298224412e-01,4.879682158243450196e-01,1.473857222345382467e-01,-9.694732177101123005e-02,2.969255172051424307e-02
3.440688137627525407e+02,1.777261526475238496e+00,3.327245859450320697e-01,4.986765391915728984e-01,1.495660186637607358e-01,-9.706930940917568584e-02,-1.185223754681553887e-01
3.441488297659532236e+02,1.769489249432174116e+00,3.479055333547272921e-01,5.092386220335083369e-01,1.516476772220708147e-01,-9.719995957518726137e-02,-1.444440471901048129e-01
3.442288457691538497e+02,1.761706116696830415e+00,3.629287405540104761e-01,5.196553947911405347e-01,1.536351497195422022e-01,-9.734043733733224735e-02,-9.114265547284591817e-02
3.443088617723544758e+02,1.753911327057542158e+00,3.777956871499327240e-01,5.299278554229545080e-01,1.555326966436250957e-01,-9.749175862469872111e-02,-2.248627392990522611e-01
3.443888777755551018e+02,1.746103999679250229e+00,3.925078871766952138e-01,5.400570622444084146e-01,1.573443923352693119e-01,-9.765437901527798670e-02,-2.549668631190072365e-01
3.444688937787557848e+02,1.738283200448634158e+00,4.070668750584874873e-01,5.500441273756392357e-01,1.590741306406762423e-01,-9.782880613376024326e-02,-9.871004575643464729e-02
3.445489097819564108e+02,1.730447947754820248e+00,4.214741936277023315e-01,5.598902107463513689e-01,1.607256308952477730e-01,-9.801566478007603389e-02,-1.550523977467881676e-01
3.446289257851570369e+02,1.722597212359241459e+00,4.357313839737297911e-01,5.695965146066325202e-01,1.623024441197160883e-01,-9.821562637750483327e-02,-2.393617634425079799e-01
3.447089417883576630e+02,1.714729917486222943e+00,4.498399769148363481e-01,5.791642784972649283e-01,1.638079593308519877e-01,-9.842936508482752478e-02,-4.522249208677137089e-03
3.447889577915583459e+02,1.706844938978447690e+00,4.638014859080026864e-01,5.885947746382291790e-01,1.652454098880565547e-01,-9.865753390247561372e-02,-2.902757244743543741e-02
3.448689737947589720e+02,1.698941105345735725e+00,4.776174012194940866e-01,5.978893036977726005e-01,1.666178798128027938e-01,-9.890075424991567887e-02,-7.554617471007449292e-02
3.449489897979595980e+02,1.691017195945744733e+00,4.912891851961797007e-01,6.070491909082883497e-01,1.679283100311475818e-01,-9.915957554577012334e-02,-1.516397477136785243e-01
3.450290058011602241e+02,1.683071942367802887e+00,5.048182684679353160e-01,6.160757824974220087e-01,1.691795045000211717e-01,-9.943452529183466337e-02,-1.186796644170659831e-01
3.451090218043609070e+02,1.675104030209166428e+00,5.182060469514283563e-01,6.249704424066224728e-01,1.703741361875741878e-01,-9.972617596443050791e-02,-1.566570023762942077e-01
3.451890378075615331e+02,1.667112097270995186e+00,5.314538795453664921e-01,6.337345492720853901e-01,1.715147528853563363e-01,-1.000351363425008855e-01,-1.369781064253811076e-02
3.452690538107621592e+02,1.659094731478766738e+00,5.445630863966041124e-01,6.423694936446152637e-01,1.726037828359021364e-01,-1.003620478530850568e-01,-2.437251564613728549e-01
3.453490698139627852e+02,1.651050468499946522e+00,5.575349476402409188e-01,6.508766754271274602e-01,1.736435401644562115e-01,-1.007075847344246489e-01,-7.333173272449521052e-02
3.454290858171634682e+02,1.642977789015946932e+00,5.703707025294170174e-01,6.592575015105989200e-01,1.746362301076703483e-01,-1.010724567082302294e-01,-9.913701567983330964e-02
3.455091018203640942e+02,1.634875115611532870e+00,5.830715488812542313e-01,6.675133835907661739e-01,1.755839540353676675e-01,-1.014574132352188962e-01,-2.144354217121561268e-01
3.455891178235647203e+02,1.626740809249584530e+00,5.956386427754992718e-01,6.756457361495263880e-01,1.764887142641158035e-01,-1.018632487568657541e-01,-3.992106375981931826e-02
3.456691338267653464e+02,1.618573165303200945e+00,6.080730984508156967e-01,6.836559745861149340e-01,1.773524186634010680e-01,-1.022908086055956955e-01,-1.361914736980356366e-01
3.457491498299660293e+02,1.610370409119695312e+00,6.203759883516348772e-01,6.915455134845303053e-01,1.781768850568433149e-01,-1.027409954988928176e-01,8.422430535921279771e-02
3.458291658331666554e+02,1.602130691092885639e+00,6.325483432848422183e-01,6.993157650045712659e-01,1.789638454221146036e-01,-1.032147767250732318e-01,1.422526334396087555e-02
3.459091818363672814e+02,1.593852081220397787e+00,6.445911526515134549e-01,7.069681373849384665e-01,1.797149498941738865e-01,-1.037131922816084129e-01,-1.092011219500268748e-01
3.459891978395679075e+02,1.585532563122111549e+00,6.565053647234395662e-01,7.145040335474750481e-01,1.804317705770815405e-01,-1.042373643458036070e-01,-1.417827563118216894e-01
3.460692138427685904e+02,1.577170027493456139e+00,6.682918869385575666e-01,7.219248497925353503e-01,1.811158051701407534e-01,-1.047885085440750097e-01,-1.729126015930776972e-01
3.461492298459692165e+02,1.568762264963613928e+00,6.799515861925459204e-01,7.292319745759330285e-01,1.817684804143833988e-01,-1.053679475435304047e-01,-1.773903745171546698e-01
3.462292458491698426e+02,1.560306958330855309e+00,6.914852891068167251e-01,7.364267873585947921e-01,1.823911553655721274e-01,-1.059771276664331352e-01,-7.438852744159599184e-02
3.463092618523704687e+02,1.551801671935462590e+00,7.028937822650094258e-01,7.435106575208565438e-01,1.829851245001627158e-01,-1.066175994160423190e-01,-2.498701344812772895e-01
3.463892778555711516e+02,1.543243839681527119e+00,7.141778123959620084e-01,7.504849433330230690e-01,1.835516206602594291e-01,-1.072909952129177946e-01,-1.013025655785493306e-02
3.464692938587717776e+02,1.534630755968135807e+00,7.253380864690247565e-01,7.573509909731647172e-01,1.840918178429616359e-01,-1.079990815866668785e-01,-3.812314349274568970e-02
3.465493098619724037e+02,1.525959564175690675e+00,7.363752717106013534e-01,7.641101335856606003e-01,1.846068338404449893e-01,-1.087437877999808400e-01,-1.220971159789315530e-01
3.466293258651730298e+02,1.517227244020419530e+00,7.472899955223314405e-01,7.707636903724248700e-01,1.850977327360801283e-01,-1.095272386017573374e-01,-3.451895704789180452e-02
3.467093418683737127e+02,1.508430597794149230e+00,7.580828452869363687e-01,7.773129657091708555e-01,1.855655272616938689e-01,-1.103517941523191048e-01,1.194357294511890211e-01
3.467893578715743388e+02,1.499566235345416665e+00,7.687543680476922603e-01,7.837592482788294790e-01,1.860111810206896144e-01,-1.112200975880675569e-01,-8.150869013548561748e-02
3.468693738747749649e+02,1.490630554682056408e+00,7.793050700625495653e-01,7.901038102152421194e-01,1.864356105818170961e-01,-1.121350842776314138e-01,5.980940500388839953e-02
3.469493898779755909e+02,1.481619704823124772e+00,7.897354162888449158e-01,7.963479062539235986e-01,1.868396874499634597e-01,-1.130997571146222236e-01,-1.424212742983624602e-01
3.470294058811762739e+02,1.472529571619427990e+00,8.000458295729891978e-01,8.024927728670750993e-01,1.872242399105500388e-01,-1.141173839444883931e-01,-1.747113053572722230e-01
3.471094218843768999e+02,1.463355760699039720e+00,8.102366896476751457e-01,8.085396273806775280e-01,1.875900547537222296e-01,-1.151916831307636668e-01,-1.502043879763065304e-02
3.471894378875775260e+02,1.454093571601409396e+00,8.203083319448865041e-01,8.144896670653877235e-01,1.879378788814353995e-01,-1.163269189633941991e-01,-3.078722527152545352e-01
3.472694538907781521e+02,1.444737960414178568e+00,8.302610462184024653e-01,8.203440681916285282e-01,1.882684207995763692e-01,-1.175278905379092964e-01,-2.156671494995665572e-02
3.473494698939788350e+02,1.435283468376676641e+00,8.400950750866529315e-01,8.261039850484049873e-01,1.885823520015335875e-01,-1.187995326999327639e-01,-1.188814248178936411e-01
3.474294858971794611e+02,1.425724205126213784e+00,8.498106119483858079e-01,8.317705488705520178e-01,1.888803082231044206e-01,-1.201473996447988135e-01,-1.681771959600059929e-01
3.475095019003800871e+02,1.416053816999293113e+00,8.594077986004902137e-01,8.373448666841201149e-01,1.891628905797486659e-01,-1.215779946657807864e-01,-1.129858911236383129e-01
3.475895179035807132e+02,1.406265419353697199e+00,8.688867226482426265e-01,8.428280200632987107e-01,1.894306665893665809e-01,-1.230987157607124627e-01,-1.119642858486347564e-01
3.476695339067813961e+02,1.396351480053080962e+00,8.782474147681437193e-01,8.482210637907550144e-01,1.896841710830093342e-01,-1.247173470856996480e-01,4.187648427761425651e-05
3.477495499099820222e+02,1.386303795161297314e+00,8.874898448382022575e-01,8.535250243110014123e-01,1.899239069566278637e-01,-1.264429140061501533e-01,-4.226259806190471591e-02
3.478295659131826483e+02,1.376113417786942295e+00,8.966139176830133506e-01,8.587408980135623482e-01,1.901503457882913473e-01,-1.282860593931317572e-01,-1.081946475116061374e-01
3.479095819163832743e+02,1.365770480380416041e+00,9.056194688081029565e-01,8.638696493609474558e-01,1.903639283350046507e-01,-1.302583843864488222e-01,-1.523129585167519173e-01
3.479895979195839573e+02,1.355264105327550039e+00,9.145062586685461792e-01,8.689122086860376903e-01,1.905650648314881346e-01,-1.323731595878285816e-01,-2.268279353368075069e-01
3.480696139227845833e+02,1.344582308276606630e+00,9.232739658678591477e-01,8.738694696432991460e-01,1.907541350913031786e-01,-1.346461843001661718e-01,-1.147360014751778456e-01
3.481496299259852094e+02,1.333711723152433359e+00,9.319221804370924067e-01,8.787422863930933747e-01,1.909314884576213955e-01,-1.370950711250235043e-01,-3.946099869779905456e-01
3.482296459291858355e+02,1.322637461782262935e+00,9.404503946051055996e-01,8.835314701781761260e-01,1.910974434476376826e-01,-1.397405108823232545e-01,-4.314825897774476893e-02
3.483096619323865184e+02,1.311342873278557697e+00,9.488579924165549961e-01,8.882377853461823625e-01,1.912522871283324488e-01,-1.426069643669411469e-01,-1.427165583425322459e-01
3.483896779355871445e+02,1.299809143769871334e+00,9.571442384698013450e-01,8.928619447717267565e-01,1.913962742143841822e-01,-1.457225223541552817e-01,-3.119117127516315424e-01
3.484696939387877705e+02,1.288015054280538862e+00,9.653082624543674051e-01,8.974046041373380245e-01,1.915296256399094954e-01,-1.491211638864856082e-01,-9.263165852138846579e-02
3.485497099419883966e+02,1.275936380087029365e+00,9.733490433312210754e-01,9.018663553892345419e-01,1.916525267790019360e-01,-1.528427271949003852e-01,-2.417328140572783668e-01
3.486297259451890795e+02,1.263545428210504973e+00,9.812653878389824280e-01,9.062477184806011499e-01,1.917651249039899752e-01,-1.569355686344406364e-01,-2.035389927393523313e-01
3.487097419483897056e+02,1.250810221140607359e+00,9.890559066523860743e-01,9.105491315508787986e-01,1.918675259871358008e-01,-1.614579071194832682e-01,-3.400678195487305544e-01
3.487897579515903317e+02,1.237693646299789174e+00,9.967189835873696557e-01,9.147709385518206782e-01,1.919597903984466281e-01,-1.664812366349993633e-01,-2.413735096065802721e-01
3.488697739547909578e+02,1.224152201333061907e+00,1.004252739357434310e+00,9.189133740186585797e-01,1.920419274076211880e-01,-1.720935895614575384e-01,-1.561467024213803734e-01
3.489497899579916407e+02,1.210134534480653556e+00,1.011654984726779949e+00,9.229765435419662323e-01,1.921138878469231814e-01,-1.784053145389763451e-01,-1.868523662818233622e-01
3.490298059611922668e+02,1.195579311109920662e+00,1.018923164128033854e+00,9.269603991508860164e-01,1.921755546499168965e-01,-1.855555884363035979e-01,-1.566610977886303546e-01
3.491098219643928928e+02,1.180412605511188096e+00,1.026054280917958916e+00,9.308647068103309552e-01,1.922267300154417713e-01,-1.937233022038159502e-01,-2.668578388505519206e-01
3.491898379675935189e+02,1.164544112292883460e+00,1.033044804259241056e+00,9.346890040888979900e-01,1.922671184402677536e-01,-2.031411301524121971e-01,-1.470584216391204735e-01
3.492698539707942018e+02,1.147862056070428460e+00,1.039890545088783425e+00,9.384325428630009291e-01,1.922963033628997676e-01,-2.141172657788958933e-01,-3.624843864877844712e-01
3.493498699739948279e+02,1.130225965101610885e+00,1.046586491267775809e+00,9.420942107967844592e-01,1.923137147427304017e-01,-2.270678575087503592e-01,-2.843954131924131823e-01
3.494298859771954540e+02,1.111456163934780639e+00,1.053126584741755911e+00,9.456724213732565776e-01,1.923185831713741800e-01,-2.425668617410337013e-01,-5.080599699951913184e-01
3.495099019803960800e+02,1.091318212371757967e+00,1.059503411777128035e+00,9.491649554167688185e-01,1.923098730980520310e-01,-2.614255985882218969e-01,-2.928323505628143142e-01
3.495899179835967630e+02,1.069499146088631836e+00,1.065707761536073939e+00,9.525687257518452578e-01,1.922861828021595609e-01,-2.848237508527251549e-01,-3.403354982725708133e-01
3.496699339867973890e+02,1.045569822975898733e+00,1.071727978929941427e+00,9.558794149486570246e-01,1.922455892085603024e-01,-3.145331801749834399e-01,-3.348760894195831894e-01
3.497499499899980151e+02,1.018923169990579414e+00,1.077548984492153528e+00,9.590908954350475524e-01,1.921853977637274224e-01,-3.533188001669629319e-01,-2.972882251512756202e-01
3.498299659931986412e+02,9.886677680637752097e-01,1.083150724860501235e+00,9.621942509896467266e-01,1.921017175119045794e-01,-4.056938794935710524e-01,-2.756456597575824841e-01
3.499099819963993241e+02,9.534346453570041735e-01,1.088505605805517140e+00,9.651760249140730608e-01,1.919886957864273824e-01,-4.794356946855010682e-01,-5.983675149806586546e-01
3.499899979995999502e+02,9.110024388057584854e-01,1.093573977956814769e+00,9.680148348370882783e-01,1.918370312431558200e-01,-5.888626504432892261e-01,-6.141853013447234888e-01
3.500700140028005762e+02,8.575101780575983268e-01,1.098295591666692328e+00,9.706741732355483876e-01,1.916307968309266807e-01,-7.625990199455617846e-01,-9.597758639935267677e-01
3.501500300060012023e+02,7.856264419522143161e-01,1.102571776183058905e+00,9.730849867343155379e-01,1.913397269414859603e-01,-1.064193674074115359e+00,-8.827728010874605902e-01
3.502300460092018284e+02,6.797218953968012789e-01,1.106223108833929825e+00,9.750955136870811391e-01,1.908969965988045470e-01,-1.655180583603123257e+00,-1.526539270913689572e+00
3.503100620124025113e+02,5.009171661369073991e-01,1.108867476646191230e+00,9.762856807908936174e-01,1.901175323475701173e-01,-3.022749873355560890e+00,-2.977536813118829340e+00
3.503900780156031374e+02,1.328078325438899754e-01,1.109450406133833056e+00,9.750301636278311257e-01,1.882988080323639846e-01,-6.874917934989555945e+00,-6.754948005698273583e+00
3.504700940188037634e+02,-7.538581237563904969e-01,1.104723766037375654e+00,9.657932401935279687e-01,1.832516987344377513e-01,-1.552141834535949627e+01,-1.543666914870013507e+01
3.505501100220043895e+02,-1.770591769883882005e+00,1.092143022461910640e+00,9.508130976062929562e-01,1.761621898719971935e-01,-6.079004906961908539e+00,-6.143489931033543350e+00
3.506301260252050724e+02,-1.946680400878779249e+00,1.076027447948155080e+00,9.357525227693884728e-01,1.692691735475567449e-01,-3.678000749423232518e-01,-2.966999079452804500e-01
3.507101420284056985e+02,-1.952752395041378319e+00,1.059632207915788715e+00,9.209245515773373247e-01,1.626806218450307651e-01,4.286778603182772596e-02,1.595377594823974010e-01
3.507901580316063246e+02,-1.947988385721896032e+00,1.043338530094900740e+00,9.063320323247802124e-01,1.563868323538839811e-01,6.632985240558886275e-02,1.463584736072079395e-01
3.508701740348069507e+02,-1.942600453910787950e+00,1.027168891510464199e+00,8.919715623467934229e-01,1.503756566979571607e-01,6.777859988554846282e-02,5.878795243308258117e-02
3.509501900380076336e+02,-1.937168227125908304e+00,1.011124219390365786e+00,8.778394846453279055e-01,1.446348870306350121e-01,6.796653907938099426e-02,2.909645851079656342e-02
3.510302060412082596e+02,-1.931725259532703909e+00,9.952042211870281152e-01,8.639321829444821521e-01,1.391524577459121448e-01,6.807837748921269361e-02,3.053179338615027438e-01
3.511102220444088857e+02,-1.926273726910637141e+00,9.794085390690868698e-01,8.502460975890782091e-01,1.339165262764775155e-01,6.818238944823473702e-02,9.525799750624812379e-02
3.511902380476095118e+02,-1.920813990597068921e+00,9.637368167397002416e-01,8.367777256120023655e-01,1.289155346101801825e-01,6.828281583683981637e-02,1.228966108478856262e-01
3.512702540508101947e+02,-1.915346309497544475e+00,9.481887033432903067e-01,8.235236198876126901e-01,1.241382581634380283e-01,6.838037818138742452e-02,-7.186848735558987178e-02
3.513502700540108208e+02,-1.909870932142219369e+00,9.327638536803577463e-01,8.104803882448049501e-01,1.195738434207781059e-01,6.847554640642683488e-02,1.367573816279717414e-01
3.514302860572114469e+02,-1.904388078346811009e+00,9.174619281596558817e-01,7.976446925906817143e-01,1.152118355438987718e-01,6.856796661244002333e-02,9.326390353865106342e-02
3.515103020604120729e+02,-1.898897965260158971e+00,9.022825928469937473e-01,7.850132480504865562e-01,1.110421971790098300e-01,6.865737728207338408e-02,-1.752134000005997616e-02
3.515903180636127559e+02,-1.893400812352406204e+00,8.872255194535775269e-01,7.725828221209658508e-01,1.070553196763901482e-01,6.874378517328083582e-02,1.976957788029426455e-01
3.516703340668133819e+02,-1.887896838258511290e+00,8.722903852903113320e-01,7.603502338374598102e-01,1.032420278832768407e-01,6.882736212035223122e-02,6.855806239640911681e-02
3.517503500700140080e+02,-1.882386258381599786e+00,8.574768732066536669e-01,7.483123529546760189e-01,9.959357959042364206e-02,6.890836645163933571e-02,1.337280313952668998e-01
3.518303660732146341e+02,-1.876869283067396754e+00,8.427846715115095977e-01,7.364660991410785229e-01,9.610166061475336474e-02,6.898708255289737190e-02,1.150458783990794681e-01
3.519103820764153170e+02,-1.871346110961818354e+00,8.282134738601801827e-01,7.248084411862610876e-01,9.275837639436451676e-02,6.906360749892870299e-02,-8.561869764303203789e-04
3.519903980796159431e+02,-1.865816927663592972e+00,8.137629791302765092e-01,7.133363962216107135e-01,8.955624086502993186e-02,6.913781256105699935e-02,9.807741023262950275e-02
3.520704140828165691e+02,-1.860281915835688027e+00,7.994328913012063165e-01,7.020470289542253273e-01,8.648816328232662720e-02,6.920966256316191112e-02,2.076293878840496376e-01
3.521504300860171952e+02,-1.854741254761712144e+00,7.852229192798011459e-01,6.909374509130182807e-01,8.354743355475456601e-02,6.927919168800283911e-02,-4.128946236474088927e-02
3.522304460892178781e+02,-1.849195119677614407e+00,7.711327766954468865e-01,6.800048197070930334e-01,8.072770656321627547e-02,6.934647260893739285e-02,-3.433303100284036680e-02
3.523104620924185042e+02,-1.843643681367249654e+00,7.571621816642499780e-01,6.692463382962811069e-01,7.802298586073906639e-02,6.941159461467116820e-02,-2.175851683639586087e-02
3.523904780956191303e+02,-1.838087105970625412e+00,7.433108565201528295e-01,6.586592542735006939e-01,7.542760707437966283e-02,6.947464902880007287e-02,1.435145835726386598e-01
3.524704940988197563e+02,-1.832525554958072123e+00,7.295785275113569890e-01,6.482408591588760816e-01,7.293622126866469713e-02,6.953572040133831900e-02,2.329251101852899963e-02
3.525505101020204393e+02,-1.826959185227672311e+00,7.159649244601421492e-01,6.379884877052859338e-01,7.054377847594614503e-02,6.959488212129605333e-02,9.898714057873914118e-02
3.526305261052210653e+02,-1.821388149287617830e+00,7.024697803845486588e-01,6.278995172152280757e-01,6.824551155327583662e-02,6.965219526831045727e-02,1.838327619022464554e-01
3.527105421084216914e+02,-1.815812595489243897e+00,6.890928310802417744e-01,6.179713668686850347e-01,6.603692048680871729e-02,6.970770968534323320e-02,-4.290020951706262353e-02
3.527905581116223175e+02,-1.810232668280753243e+00,6.758338146613614983e-01,6.082014970619469274e-01,6.391375723272391118e-02,6.976146641246849800e-02,2.170376489145574017e-01
3.528705741148230004e+02,-1.804648508455610978e+00,6.626924710589828793e-01,5.985874087570870472e-01,6.187201115716155914e-02,6.981350077455705794e-02,7.263374613905181076e-02
3.529505901180236265e+02,-1.799060253373725438e+00,6.496685414762694011e-01,5.891266428419933421e-01,5.990789511617276852e-02,6.986384555995595047e-02,5.225314113231124824e-02
3.530306061212242525e+02,-1.793468037137428972e+00,6.367617677993623326e-01,5.798167795006727854e-01,5.801783219926508889e-02,6.991253386558760052e-02,2.227774286841974483e-01
3.531106221244248786e+02,-1.787871990708360892e+00,6.239718919636413341e-01,5.706554375937926693e-01,5.619844314634060006e-02,6.995960131295358986e-02,1.155719447340691208e-01
3.531906381276255615e+02,-1.782272241955109804e+00,6.112986552749437585e-01,5.616402740491843737e-01,5.444653443689998623e-02,7.000508746138056626e-02,-6.163368186292339512e-02
3.532706541308261876e+02,-1.776668915625434941e+00,5.987417976859209512e-01,5.527689832622295629e-01,5.275908704202415117e-02,7.004903635661058336e-02,6.401203435494372262e-02
3.533506701340268137e+02,-1.771062133240594028e+00,5.863010570278182065e-01,5.440392965058687968e-01,5.113324582324681872e-02,7.009149625790550564e-02,-7.177027337522887129e-03
3.534306861372274398e+02,-1.765452012913172553e+00,5.739761681986981223e-01,5.354489813502109063e-01,4.956630955778645875e-02,7.013251867970249354e-02,9.658138182760919732e-02
3.535107021404281227e+02,-1.759838669093386487e+00,5.617668623092471059e-01,5.269958410914939995e-01,4.805572156622987812e-02,7.017215697071726987e-02,2.302083419994411378e-02
3.535907181436287487e+02,-1.754222212252548818e+00,5.496728657880398661e-01,5.186777141903323729e-01,4.659906091655741101e-02,7.021046472811820482e-02,3.615653950973723302e-02
3.536707341468293748e+02,-1.748602748515841299e+00,5.376938994484100620e-01,5.104924737190142947e-01,4.519403417700677827e-02,7.024749441071620470e-02,1.659888894247453783e-01
3.537507501500300009e+02,-1.742980379260140822e+00,5.258296775199464701e-01,5.024380268178425535e-01,4.383846768964095447e-02,7.028329657174647860e-02,-9.920290829903496976e-02
3.538307661532306838e+02,-1.737355200695869240e+00,5.140799066479058155e-01,4.945123141602913996e-01,4.253030033631609308e-02,7.031792017765103875e-02,9.827232911978046881e-02
3.539107821564313099e+02,-1.731727303455184996e+00,5.024442848646860638e-01,4.867133094269302518e-01,4.126757676905867811e-02,7.035141451576104599e-02,4.682861545490203670e-02
3.539907981596319360e+02,-1.726096772211832109e+00,4.909225005378991535e-01,4.790390187879064454e-01,4.004844107743205789e-02,7.038383321973165629e-02,1.025619278997663697e-01
3.540708141628325620e+02,-1.720463685361022899e+00,4.795142313005272272e-01,4.714874803939870795e-01,3.887113086633482706e-02,7.041524095681914175e-02,-1.668767744152496457e-01
3.541508301660332450e+02,-1.714828114790318381e+00,4.682191429689918638e-01,4.640567638759644509e-01,3.773397171863375477e-02,7.044572332623733057e-02,-2.514908447480102005e-02
3.542308461692338710e+02,-1.709190125775083446e+00,4.570368884558400069e-01,4.567449698523887158e-01,3.663537201816436523e-02,7.047540051180051224e-02,2.955020290960845564e-02
3.543108621724344971e+02,-1.703549777034181423e+00,4.459671066841472409e-01,4.495502294454474801e-01,3.557381810978371001e-02,7.050444521496390671e-02,2.356004455337101788e-01
3.543908781756351232e+02,-1.697907120851117391e+00,4.350094215111378615e-01,4.424707038049922603e-01,3.454786977440307133e-02,7.053310221615677333e-02,-5.522628374518007144e-02
3.544708941788358061e+02,-1.692262195255696433e+00,4.241634406415414893e-01,4.355045836396774783e-01,3.355615599772642649e-02,7.056152093746007048e-02,-4.201201109334681827e-02
3.545509101820364322e+02,-1.686615020493900108e+00,4.134287545801268449e-01,4.286500887563702289e-01,3.259737101351566080e-02,7.058969920357427430e-02,5.127705850242813418e-02
3.546309261852370582e+02,-1.680965605791537198e+00,4.028049356540361892e-01,4.219054676084029731e-01,3.167027060336524008e-02,7.061766907966032791e-02,1.022244203689267467e-01
3.547109421884376843e+02,-1.675313950281863251e+00,3.922915370602733653e-01,4.152689968510542839e-01,3.077366863482451642e-02,7.064553928931779914e-02,9.181807952521540972e-03
3.547909581916383672e+02,-1.669660044050164105e+00,3.818880919676650443e-01,4.087389809046871325e-01,2.990643382194098018e-02,7.067353837021186913e-02,7.910549286197671170e-02
3.548709741948389933e+02,-1.664003869670707347e+00,3.715941126845617726e-01,4.023137515255799657e-01,2.906748669311236266e-02,7.070206662697711697e-02,-9.303056503070925021e-02
3.549509901980396194e+02,-1.658345393143329849e+00,3.614090898611388991e-01,3.959916673828984823e-01,2.825579675149166373e-02,7.073151095541782563e-02,2.395125294698133844e-01
3.550310062012402454e+02,-1.652684542852470351e+00,3.513324917284756932e-01,3.897711136414079292e-01,2.747037981446045704e-02,7.076181005960038850e-02,3.673011922659050882e-02
3.551110222044409284e+02,-1.647021231643639894e+00,3.413637635860206632e-01,3.836505015568088539e-01,2.671029552330373563e-02,7.079298026153243995e-02,8.342230031144748370e-02
3.551910382076415544e+02,-1.641355363762220021e+00,3.315023273387227576e-01,3.776282680768116018e-01,2.597464500835015497e-02,7.082528483695338384e-02,3.409070383364816714e-01
3.552710542108421805e+02,-1.635686838204459592e+00,3.217475811322971224e-01,3.717028754490926956e-01,2.526256869954477541e-02,7.085931628391384240e-02,1.448890716111601168e-02
3.553510702140428066e+02,-1.630015525586114400e+00,3.120988990041502764e-01,3.658728108326825823e-01,2.457324427102283368e-02,7.089551899974247395e-02,-5.331781187996262328e-02
3.554310862172434895e+02,-1.624341244479534874e+00,3.025556306510334137e-01,3.601365859158119354e-01,2.390588471185580571e-02,7.093373212994497079e-02,-2.811200254997801851e-02
3.555111022204441156e+02,-1.618663803441181548e+00,2.931171015812254477e-01,3.544927365503947048e-01,2.325973651939120326e-02,7.097410585991392740e-02,2.379584345491096709e-01
3.555911182236447416e+02,-1.612983011023856550e+00,2.837826132861235306e-01,3.489398223895524564e-01,2.263407800073234666e-02,7.101731008109443688e-02,5.197331542352129352e-02
3.556711342268453677e+02,-1.607298648248966622e+00,2.745514434016716465e-01,3.434764265262748584e-01,2.202821767420645033e-02,7.106397795941868378e-02,-7.334305260260867709e-03
3.557511502300460506e+02,-1.601610425958074790e+00,2.654228459419745167e-01,3.381011551356439826e-01,2.144149276509920224e-02,7.111388787887432117e-02,6.740652956993264944e-02
3.558311662332466767e+02,-1.595918049748135781e+00,2.563960521112367830e-01,3.328126371414895646e-01,2.087326779933746518e-02,7.116730036528448600e-02,6.628739355029866775e-02
3.559111822364473028e+02,-1.590221231981352012e+00,2.474702710566960007e-01,3.276095238824088263e-01,2.032293327719385603e-02,7.122518289447571371e-02,1.718502915152280708e-01
3.559911982396479289e+02,-1.584519615729340636e+00,2.386446903911973449e-01,3.224904887686640409e-01,1.978990441759796715e-02,7.128773989182983495e-02,1.433148429484949193e-01
3.560712142428486118e+02,-1.578812795136717906e+00,2.299184772472621097e-01,3.174542269618060297e-01,1.927361998318728037e-02,7.135485934450756795e-02,1.090773107766765254e-01
3.561512302460492378e+02,-1.573100384485532910e+00,2.212907796861711407e-01,3.124994550714608188e-01,1.877354117872218411e-02,7.142743396001925704e-02,1.197312089598961404e-01
3.562312462492498639e+02,-1.567381950008315261e+00,2.127607276516564061e-01,3.076249108333702909e-01,1.828915060127578665e-02,7.150606714799584429e-02,-9.074035460242713125e-03
3.563112622524504900e+02,-1.561656976505187089e+00,2.043274341786728565e-01,3.028293527989620593e-01,1.781995125269325575e-02,7.159050168902385269e-02,-5.430996760680507907e-02
3.563912782556511729e+02,-1.555924977496670358e+00,1.959899973582140964e-01,2.981115600615608652e-01,1.736546562264236482e-02,7.168166074047847836e-02,1.123174166201097862e-01
3.564712942588517990e+02,-1.550185414723345811e+00,1.877475015698693017e-01,2.934703319511187125e-01,1.692523480585909554e-02,7.178016857679776763e-02,1.244819567032480478e-01
3.565513102620524251e+02,-1.544437664611581384e+00,1.795990189986319541e-01,2.889044877430773650e-01,1.649881767244218075e-02,7.188579892132458682e-02,8.909697117484366435e-02
3.566313262652530511e+02,-1.538681144547775492e+00,1.715436119815552662e-01,2.844128664108607207e-01,1.608579010233449416e-02,7.199971870046860400e-02,1.008609173307722928e-01
3.567113422684537341e+02,-1.532915180077887074e+00,1.635803342350916623e-01,2.799943263269377147e-01,1.568574423518358241e-02,7.212215764877405455e-02,1.354691820494669519e-01
3.567913582716543601e+02,-1.527139051078049814e+00,1.557082329605303239e-01,2.756477450099841797e-01,1.529828778027259029e-02,7.225325743496525954e-02,-4.165330331166196276e-02
3.568713742748549862e+02,-1.521352064911283719e+00,1.479263511540155618e-01,2.713720188884755635e-01,1.492304336959672864e-02,7.239430396218382580e-02,3.862492339694369864e-02
3.569513902780556123e+02,-1.515553392382676279e+00,1.402337287981948177e-01,2.671660630102792866e-01,1.455964791764876101e-02,7.254498985664013799e-02,-1.390931908415431184e-02
3.570314062812562952e+02,-1.509742244096589969e+00,1.326294057354261702e-01,2.630288108463096353e-01,1.420775205781790382e-02,7.270637596984742823e-02,-1.131170449857163834e-01
3.571114222844569213e+02,-1.503917748193415616e+00,1.251124230997487929e-01,2.589592140243985874e-01,1.386701957355264934e-02,7.287887602717008084e-02,1.263011131681259502e-01
3.571914382876575473e+02,-1.498078979158463664e+00,1.176818254811075187e-01,2.549562421084120567e-01,1.353712687867030320e-02,7.306276940290418187e-02,5.047218108131940745e-02
3.572714542908581734e+02,-1.492225021697920262e+00,1.103366632856828400e-01,2.510188823978355410e-01,1.321776253282125856e-02,7.325921630391088457e-02,1.142013131456522668e-01
3.573514702940588563e+02,-1.486354827141868284e+00,1.030759939897495925e-01,2.471461396716642112e-01,1.290862675345462278e-02,7.346803321015005217e-02,1.368024187020295823e-01
3.574314862972594824e+02,-1.480467403040120145e+00,9.589888511649713454e-02,2.433370360419168377e-01,1.260943100351480210e-02,7.369065272468180994e-02,-1.651645955408090338e-02
3.575115023004601085e+02,-1.474561600607257494e+00,8.880441504402161734e-02,2.395906106891527443e-01,1.231989754211187948e-02,7.392689463560624119e-02,2.248362614921483593e-01
3.575915183036607345e+02,-1.468636321905943065e+00,8.179167602050101127e-02,2.359059197408641950e-01,1.203975906465155551e-02,7.417812398488372871e-02,1.046797324428104109e-01
3.576715343068613606e+02,-1.462690325020246540e+00,7.485977494528753273e-02,2.322820360252496330e-01,1.176875829998999361e-02,7.444437763507276429e-02,1.755239570977773778e-01
3.577515503100620435e+02,-1.456722394929994557e+00,6.800783610746241603e-02,2.287180489583392484e-01,1.150664769015765504e-02,7.472690656713398827e-02,2.442900826391822822e-01
3.578315663132626696e+02,-1.450731185990635996e+00,6.123500202915759666e-02,2.252130643242963859e-01,1.125318903347600000e-02,7.502593480998429043e-02,2.754361577134442629e-02
3.579115823164632957e+02,-1.444715362648280710e+00,5.454043593756646713e-02,2.217662041739568712e-01,1.100815320085580216e-02,7.534270148256121125e-02,1.387724542855089255e-02
3.579915983196639218e+02,-1.438673457705901937e+00,4.792332254153792992e-02,2.183766066261507710e-01,1.077131981814526303e-02,7.567752229216953563e-02,9.376360785680717957e-02
3.580716143228646047e+02,-1.432604011185871995e+00,4.138287038917894123e-02,2.150434257898508894e-01,1.054247702118005919e-02,7.603174829845350813e-02,1.871740052531709053e-01
3.581516303260652307e+02,-1.426505414805522509e+00,3.491831239922330021e-02,2.117658315766239030e-01,1.032142116892379412e-02,7.640571656240320586e-02,1.907212417164763085e-01
3.582316463292658568e+02,-1.420376074049213733e+00,2.852890826097058408e-02,2.085430096599265037e-01,1.010795664059011174e-02,7.680096487247622949e-02,-1.200757733897357404e-01
3.583116623324664829e+02,-1.414214223091860179e+00,2.221394462089958804e-02,2.053741612930677085e-01,9.901895573622723074e-03,7.721787577928311552e-02,2.209154601033159748e-01
3.583916783356671658e+02,-1.408018109234594917e+00,1.597273754098653062e-02,2.022585033100863794e-01,9.703057702087732744e-03,7.765812343165549858e-02,3.316579189890678236e-02
3.584716943388677919e+02,-1.401785800584559816e+00,9.804632487366534907e-03,1.991952679613515909e-01,9.511270122639437288e-03,7.812231550647938394e-02,1.272342500172641833e-01
3.585517103420684180e+02,-1.395515346231299247e+00,3.709006570139330647e-03,1.961837029382266784e-01,9.326367162704577579e-03,7.861208153944387877e-02,-5.375891298267018725e-02
3.586317263452690440e+02,-1.389204640711607652e+00,-2.314731216093100872e-03,1.932230712634723235e-01,9.148190190280540077e-03,7.912850113453587242e-02,-9.090230698211507199e-03
3.587117423484697269e+02,-1.382851496220254939e+00,-8.267138384642202034e-03,1.903126513091018268e-01,8.976587494292080638e-03,7.967309060365684870e-02,1.163055545737535779e-01
3.587917583516703530e+02,-1.376453602809028620e+00,-1.414873813575203559e-02,1.874517367731416140e-01,8.811414151553531929e-03,8.024743876386289387e-02,-9.818494331674437747e-02
3.588717743548709791e+02,-1.370008499089353293e+00,-1.996001848206125154e-02,1.846396366822903035e-01,8.652531912859346905e-03,8.085301307308383201e-02,1.616429654743358479e-01
3.589517903580716052e+02,-1.363513635487808795e+00,-2.570143069350016435e-02,1.818756754766657213e-01,8.499809135733678300e-03,8.149200313655119432e-02,2.761864251121571440e-02
3.590318063612722881e+02,-1.356966240268008939e+00,-3.137338918810986255e-02,1.791591929941699080e-01,8.353120672548624767e-03,8.216600261316311937e-02,1.098503266519371691e-01
3.591118223644729142e+02,-1.350363434980657029e+00,-3.697626952057822547e-02,1.764895446482993013e-01,8.212347859619089502e-03,8.287744576792785423e-02,9.769793140272656218e-02
3.591918383676735402e+02,-1.343702135786089880e+00,-4.251040794367138415e-02,1.738661014950598771e-01,8.077378455462020171e-03,8.362873094532084772e-02,2.821846950253500963e-02
3.592718543708741663e+02,-1.336979033457373678e+00,-4.797610032069252184e-02,1.712882503865511552e-01,7.948106625866835709e-03,8.442225590799398716e-02,2.157642188737593780e-01
3.593518703740748492e+02,-1.330190649104882494e+00,-5.337360031011714745e-02,1.687553942282672415e-01,7.824432983967703412e-03,8.526121196975287864e-02,3.193926860427745984e-01
3.594318863772754753e+02,-1.323333220965911661e+00,-5.870311882557380234e-02,1.662669521497042446e-01,7.706264589785347292e-03,8.614871813196972594e-02,1.492243421371568513e-01
3.595119023804761014e+02,-1.316402709387205716e+00,-6.396482239134138048e-02,1.638223598191897723e-01,7.593515023811917182e-03,8.708819736136397260e-02,-8.447800794298149230e-02
3.595919183836767274e+02,-1.309394811588368235e+00,-6.915883119792981537e-02,1.614210698353302220e-01,7.486104500490600722e-03,8.808383746213505061e-02,1.002744032099869426e-01
3.596719343868774104e+02,-1.302304863728459772e+00,-7.428521794863465755e-02,1.590625520845126428e-01,7.383959965667998525e-03,8.914005680707194623e-02,6.656608799386279363e-02
3.597519503900780364e+02,-1.295127809757036008e+00,-7.934400588025640466e-02,1.567462942348948618e-01,7.287015262473133491e-03,9.026167756056406588e-02,1.813038448806111591e-01
3.598319663932786625e+02,-1.287858198613517802e+00,-8.433516617949048111e-02,1.544718023580295696e-01,7.195211360637643848e-03,9.145438262706286070e-02,9.759180815116143271e-02
3.599119823964792886e+02,-1.280490108260976756e+00,-8.925861571756957269e-02,1.522386015849448715e-01,7.108496601800533624e-03,9.272460136524121599e-02,3.070487186318903161e-01
3.599919983996799715e+02,-1.273017049022441283e+00,-9.411421459369752329e-02,1.500462368572766103e-01,7.026826990116608398e-03,9.407935399296761536e-02,1.633970766275183728e-01
3.600720144028805976e+02,-1.265431931342068550e+00,-9.890176249758388105e-02,1.478942739033728138e-01,6.950166592351300632e-03,9.552672992315276723e-02,1.553678289340043039e-01
3.601520304060812236e+02,-1.257726984172077289e+00,-1.036209949237437700e-01,1.457823003382196780e-01,6.878487995652228168e-03,9.707607083851432783e-02,6.277574753320706857e-02
3.602320464092818497e+02,-1.249893642531184623e+00,-1.082715789702251574e-01,1.437099269332146600e-01,6.811772844605189399e-03,9.873807659429144346e-02,9.796263722287590348e-03
3.603120624124825326e+02,-1.241922409585068054e+00,-1.128531085438828213e-01,1.416767890974625910e-01,6.750012476805263353e-03,1.005249296486149524e-01,9.203926476327123352e-02
3.603920784156831587e+02,-1.233802737082801748e+00,-1.173650982464367887e-01,1.396825486932892768e-01,6.693208716736555493e-03,1.024507743534675691e-01,1.227486946381928651e-01
3.604720944188837848e+02,-1.225522858695290873e+00,-1.218069764443927838e-01,1.377268961597332420e-01,6.641374812420517380e-03,1.045321217521145291e-01,1.524543937660393644e-01
3.605521104220844109e+02,-1.217069581896752739e+00,-1.261780771972776938e-01,1.358095530274793794e-01,6.594536553874833819e-03,1.067883102439940585e-01,1.269072678724871839e-01
3.606321264252850938e+02,-1.208428036320998045e+00,-1.304776306988467138e-01,1.339302749269299375e-01,6.552733620948248371e-03,1.092421026358338793e-01,8.125144306819417905e-02
3.607121424284857198e+02,-1.199581363725051419e+00,-1.347047519468245469e-01,1.320888551989256032e-01,6.516021211119557913e-03,1.119204422792938192e-01,1.168716243724899351e-01
3.607921584316863459e+02,-1.190510346201436143e+00,-1.388584270482328409e-01,1.302851292830918828e-01,6.484472029859500962e-03,1.148554909644765309e-01,6.859358377219851310e-02
3.608721744348869720e+02,-1.181192941714125810e+00,-1.429374967285632070e-01,1.285189800682040306e-01,6.458178729151967286e-03,1.180859572431795790e-01,1.912509012254995366e-02
3.609521904380876549e+02,-1.171603694721939481e+00,-1.469406364269706944e-01,1.267903444498274246e-01,6.437256908440590689e-03,1.216588044562431220e-01,3.490859028831025390e-02
3.610322064412882810e+02,-1.161712988676650848e+00,-1.508663319786778256e-01,1.250992214542833436e-01,6.421848846773101256e-03,1.256315225187078222e-01,1.749233286169815660e-01
3.611122224444889071e+02,-1.151486087234034894e+00,-1.547128496546777143e-01,1.234456824009808051e-01,6.412128187986807122e-03,1.300751838078616218e-01,2.026346742364492082e-01
3.611922384476895331e+02,-1.140881889342855171e+00,-1.584781989058628160e-01,1.218298837514110583e-01,6.408305884148922903e-03,1.350786068323901745e-01,1.134162245256833956e-01
3.612722544508902160e+02,-1.129851291401408497e+00,-1.621600855555287157e-01,1.202520835497310481e-01,6.410637824088153899e-03,1.407541123635749070e-01,1.270937166471734492e-01
3.613522704540908421e+02,-1.118335001524076500e+00,-1.657558523128328243e-01,1.187126627398713274e-01,6.419434754155187856e-03,1.472456116389967429e-01,2.018728743392165237e-01
3.614322864572914682e+02,-1.106260577557417690e+00,-1.692624021978403337e-01,1.172121532168684810e-01,6.435075370551385752e-03,1.547401800418277129e-01,1.411023125124248045e-01
3.615123024604920943e+02,-1.093538347395564880e+00,-1.726760985002357696e-01,1.157512753612755241e-01,6.458023887440031419e-03,1.634849574490473134e-01,4.776646055794649959e-01
3.615923184636927772e+02,-1.080055660819532859e+00,-1.759926315596123669e-01,1.143309893758716472e-01,6.488854140210245820e-03,1.738123114435985994e-01,1.866684488389380725e-01
3.616723344668934033e+02,-1.065668610646645309e+00,-1.792068402526570403e-01,1.129525664201397606e-01,6.528283047039867837e-03,1.861783063413099959e-01,1.342365385395530297e-01
3.617523504700940293e+02,-1.050189955791354768e+00,-1.823124636613349114e-01,1.116176904547768745e-01,6.577218675790111498e-03,2.012233679067321757e-01,2.014306712792579557e-02
3.618323664732946554e+02,-1.033370743039888628e+00,-1.853017915317290432e-01,1.103286076424656315e-01,6.636830952333185214e-03,2.198703776822553968e-01,2.408865807008717663e-01
3.619123824764953383e+02,-1.014871676610443307e+00,-1.881651569590597206e-01,1.090883527730505398e-01,6.708659061409931457e-03,2.434896983859340114e-01,3.459908429397375862e-01
3.619923984796959644e+02,-9.942168696550797158e-01,-1.908901768951063449e-01,1.079011056083606229e-01,6.794780956576700059e-03,2.741882920092638676e-01,2.685553194997306048e-01
3.620724144828965905e+02,-9.707159032651991870e-01,-1.934605735669574500e-01,1.067727773401503100e-01,6.898093047640187041e-03,3.153410390680198572e-01,4.394586074419553068e-01
3.621524304860972165e+02,-9.433257720243943822e-01,-1.958542628304044131e-01,1.057120301987950206e-01,7.022797709448916174e-03,3.726241895725523334e-01,3.133204544890068610e-01
3.622324464892978995e+02,-9.103913583728584502e-01,-1.980400839975699767e-01,1.047321737087058974e-01,7.175312234935562854e-03,4.561673978016589914e-01,4.460564446488747281e-01
3.623124624924985255e+02,-8.691223709594211311e-01,-1.999718482651877405e-01,1.038549900091737810e-01,7.366107020758938181e-03,5.854195689731958030e-01,5.668823780298433146e-01
3.623924784956991516e+02,-8.144373626188514681e-01,-2.015765250067580172e-01,1.031193705071301037e-01,7.613865638529532243e-03,8.013416219477972335e-01,7.262088634174147517e-01
3.624724944988997777e+02,-7.361047227974413243e-01,-2.027281131197697372e-01,1.026038958661269762e-01,7.956385914817499377e-03,1.201158377199528227e+00,1.052894368824903948e+00
3.625525105021004606e+02,-6.105587613958878279e-01,-2.031801151636770386e-01,1.024996244418289737e-01,8.485792993343895668e-03,2.054680953804105314e+00,1.959401790142587751e+00
3.626325265053010867e+02,-3.728722736377292346e-01,-2.023439519198799996e-01,1.034272068819744178e-01,9.502190171053538290e-03,4.267180653799180767e+00,4.077000885772720906e+00
3.627125425085017127e+02,1.892508302997099046e-01,-1.983189991992091172e-01,1.081732375478518665e-01,1.235443435077354310e-02,1.095776579701361086e+01,1.103367483454281128e+01
3.627925585117023388e+02,1.384312666566887451e+00,-1.869163938589624430e-01,1.208508634079631799e-01,1.898841428586310609e-02,1.462214449311142417e+01,1.460500101471958345e+01
3.628725745149030217e+02,1.946782051037576844e+00,-1.688627825885267997e-01,1.353107934730820583e-01,2.630957191356062333e-02,1.661807064353925112e+00,1.651435690063428829e+00
3.629525905181036478e+02,1.985375487950159501e+00,-1.494664822977284924e-01,1.497345811665138360e-01,3.341744952306866662e-02,2.029425258448167013e-03,-5.540126263537303170e-02
3.630326065213042739e+02,1.980384442168271031e+00,-1.300904131933100505e-01,1.640796034185910413e-01,4.029358818990625563e-02,-8.792252120083422773e-02,7.251781300086732052e-03
3.631126225245049000e+02,1.973068853055577110e+00,-1.108276956843460698e-01,1.783352558490407525e-01,4.693595102266027996e-02,-9.291053638991256247e-02,-1.775380092195295301e-01
3.631926385277055829e+02,1.965608391152634526e+00,-9.168608197876335075e-02,1.924929809449776319e-01,5.334416553255255655e-02,-9.345421329040193292e-02,7.501758924374218873e-02
3.632726545309062089e+02,1.958118514972442492e+00,-7.266913111144809867e-02,2.065452105943238470e-01,5.951901956425531548e-02,-9.374683085046127407e-02,1.475349301603348651e-02
3.633526705341068350e+02,1.950606552586838349e+00,-5.378039926036472240e-02,2.204852295146551289e-01,6.546236895996404570e-02,-9.401128124290908383e-02,-1.639226852811790369e-01
3.634326865373074611e+02,1.943074099702537527e+00,-3.502359719938329813e-02,2.343070946058168624e-01,7.117704233833860306e-02,-9.425990447155564722e-02,-1.143154772010775144e-01
3.635127025405081440e+02,1.935522404963375021e+00,-1.640252849685052555e-02,2.480055646479930875e-01,7.666673114158915892e-02,-9.449111690690097098e-02,-3.157771538345552353e-02
3.635927185437087701e+02,1.927952852354962499e+00,2.078986755504464660e-03,2.615760368411683690e-01,8.193587193195231433e-02,-9.470730054717635404e-02,3.043450075070039396e-02
3.636727345469093962e+02,1.920366679681128064e+00,2.041719015173485557e-02,2.750144892289642096e-01,8.698952730656384080e-02,-9.490588858468498867e-02,-1.741323175650721089e-01
3.637527505501100222e+02,1.912765240754206619e+00,3.860845863452185001e-02,2.883174282947009170e-01,9.183327022512291493e-02,-9.508918910481091447e-02,-1.449889189913607379e-01
3.638327665533107051e+02,1.905149771386357216e+00,5.664937288156737805e-02,3.014818412289063110e-01,9.647307514753128421e-02,-9.525718257353699148e-02,1.552394586190704584e-01
3.639127825565113312e+02,1.897521436482778157e+00,7.453677597015392897e-02,3.145051523866353449e-01,1.009152181370859963e-01,-9.540990748254842002e-02,-3.452462248862475658e-03
3.639927985597119573e+02,1.889881407196360552e+00,9.226782099006176907e-02,3.273851835617940242e-01,1.051661871461754133e-01,-9.555059134133489507e-02,-5.900737702148467489e-03
3.640728145629125834e+02,1.882230631925475572e+00,1.098400073507548591e-01,3.401201177542336751e-01,1.092326029451273633e-01,-9.567868210019411790e-02,9.768381627891406516e-02
3.641528305661132663e+02,1.874570013877226327e+00,1.272512037341950730e-01,3.527084660989457388e-01,1.131211505995375621e-01,-9.579608140781389891e-02,-5.121026150558205536e-02
3.642328465693138924e+02,1.866900360343433540e+00,1.444996596817377521e-01,3.651490377134666843e-01,1.168385210457662943e-01,-9.590571729978722426e-02,-1.415304933482126604e-01
3.643128625725145184e+02,1.859222251743466892e+00,1.615840064915494145e-01,3.774409122085448098e-01,1.203913620527340411e-01,-9.600761095016376034e-02,-2.688984975906490438e-01
3.643928785757151445e+02,1.851536195541106711e+00,1.785032479197597166e-01,3.895834146160147005e-01,1.237862377196038005e-01,-9.610381937152218113e-02,-9.923330224818921463e-03
3.644728945789158274e+02,1.843842592000032088e+00,1.952567435757287528e-01,4.015760925472348641e-01,1.270295956129299519e-01,-9.619727128751948131e-02,-2.095336246067209252e-01
3.645529105821164535e+02,1.836141626881238054e+00,2.118441865126987345e-01,4.134186953828946631e-01,1.301277406285304417e-01,-9.628841873777563287e-02,-2.921237074335368555e-02
3.646329265853170796e+02,1.828433386131218974e+00,2.282655759594115485e-01,4.251111552998457221e-01,1.330868146937600194e-01,-9.637862143600760267e-02,-2.938616788184911788e-01
3.647129425885177056e+02,1.820717872114955060e+00,2.445211876237747550e-01,4.366535699876915033e-01,1.359127814948490887e-01,-9.647038559302927030e-02,-1.439056081587161140e-01
3.647929585917183886e+02,1.812994935467960422e+00,2.606115429392657501e-01,4.480461869043551038e-01,1.386114154769210183e-01,-9.656511951121951598e-02,-9.836164207775045798e-02
3.648729745949190146e+02,1.805264288573589004e+00,2.765373779596851933e-01,4.592893889226700721e-01,1.411882944370255188e-01,-9.666335778043613769e-02,-2.218155122750731234e-01
3.649529905981196407e+02,1.797525570140519280e+00,2.922996128839294161e-01,4.703836812423416447e-01,1.436487951120005990e-01,-9.676640837554054131e-02,-1.514465472327901630e-01
3.650330066013202668e+02,1.789778342675378386e+00,3.078993232232700161e-01,4.813296794595020023e-01,1.459980912403271436e-01,-9.687601834794459799e-02,-1.800553006049722959e-01
3.651130226045208929e+02,1.782022064795260041e+00,3.233377129758846502e-01,4.921280986861186202e-01,1.482411536431400834e-01,-9.699337816395786627e-02,-8.401374007917475351e-02
3.651930386077215758e+02,1.774256089638261535e+00,3.386160899596895035e-01,5.027797436200329706e-01,1.503827519329861973e-01,-9.711892015454234861e-02,-2.230244561970249617e-01
3.652730546109222018e+02,1.766479709709489088e+00,3.537358433852157424e-01,5.132854994760049916e-01,1.524274575170984636e-01,-9.725339615113057223e-02,-1.234590606280810549e-01
3.653530706141228279e+02,1.758692159131579169e+00,3.686984239641097338e-01,5.236463237053829989e-01,1.543796476168091125e-01,-9.739776674451486316e-02,4.001645244221643805e-02
3.654330866173234540e+02,1.750892613587624824e+00,3.835053263888695274e-01,5.338632384295174393e-01,1.562435100655737430e-01,-9.755305608902947734e-02,4.252992070268116209e-02
3.655131026205241369e+02,1.743080186379886376e+00,3.981580740780030769e-01,5.439373235219324698e-01,1.580230486884048047e-01,-9.772013549680311217e-02,9.131994027666415215e-02
3.655931186237247630e+02,1.735253920935252436e+00,4.126582060353172765e-01,5.538697102801847238e-01,1.597220890989222986e-01,-9.789945135928734832e-02,-5.637949963668195674e-02
3.656731346269253891e+02,1.727412811421409566e+00,4.270072655474812517e-01,5.636615756308722691e-01,1.613442847776379585e-01,-9.809149976284375905e-02,-1.388021035613046239e-01
3.657531506301260151e+02,1.719555806507321982e+00,4.412067906708203591e-01,5.733141368229418555e-01,1.628931233227286779e-01,-9.829686380666419199e-02,-6.543164650912419722e-02
3.658331666333266980e+02,1.711681809050737080e+00,4.552583062822475046e-01,5.828286465645183823e-01,1.643719327830442944e-01,-9.851616372867147420e-02,-2.748026506892471688e-02
3.659131826365273241e+02,1.703789675862211972e+00,4.691633174981394983e-01,5.922063885628757740e-01,1.657838880008934146e-01,-9.875002723193498921e-02,-7.075895531149460627e-02
3.659931986397279502e+02,1.695878217422984724e+00,4.829233042881953542e-01,6.014486734315054317e-01,1.671320169069625827e-01,-9.899907469999164045e-02,4.602635419589259924e-02
3.660732146429285763e+02,1.687946197462492748e+00,4.965397171233064122e-01,6.105568349313456045e-01,1.684192067219217881e-01,-9.926391514275129113e-02,-1.650205943187215696e-01
3.661532306461292592e+02,1.679992332315075609e+00,5.100139735107183103e-01,6.195322265165145170e-01,1.696482100294792461e-01,-9.954514946682313514e-02,-1.202593693532466312e-01
3.662332466493298853e+02,1.672015289899523971e+00,5.233474552842173333e-01,6.283762181574291672e-01,1.708216506940489210e-01,-9.984337632469447721e-02,-2.518209052049013019e-01
3.663132626525305113e+02,1.664013688068062713e+00,5.365415065320513488e-01,6.370901934168544667e-01,1.719420296031629602e-01,-1.001591942091109577e-01,-1.422550139431765781e-01
3.663932786557311374e+02,1.655986093979167739e+00,5.495974320518278722e-01,6.456755467561451356e-01,1.730117302202850704e-01,-1.004932366072061600e-01,2.350542553080797736e-02
3.664732946589318203e+02,1.647931021863662249e+00,5.625164962497222199e-01,6.541336810516846789e-01,1.740330239386394806e-01,-1.008461792183779071e-01,-9.560001096670446563e-02
3.665533106621324464e+02,1.639846930031188865e+00,5.752999224010569845e-01,6.624660053027519035e-01,1.750080752301631515e-01,-1.012187401478736870e-01,-2.641384209664321414e-02
3.666333266653330725e+02,1.631732217537565033e+00,5.879488922012889862e-01,6.706739325138124652e-01,1.759389465867639002e-01,-1.016116828536126060e-01,-5.884871930833041748e-02
3.667133426685336985e+02,1.623585220454755840e+00,6.004645455472247262e-01,6.787588777355150205e-01,1.768276032534640274e-01,-1.020258206481702845e-01,-5.594961491468791737e-03
3.667933586717343815e+02,1.615404207714688400e+00,6.128479804968101075e-01,6.867222562501493766e-01,1.776759177549243340e-01,-1.024620224318165129e-01,-1.859979327372988378e-01
3.668733746749350075e+02,1.607187376500654352e+00,6.251002533628292612e-01,6.945654818882992521e-01,1.784856742182898415e-01,-1.029212195544193520e-01,-4.943177409381428050e-02
3.669533906781356336e+02,1.598932847161113724e+00,6.372223789023346852e-01,7.022899654645849976e-01,1.792585724964312899e-01,-1.034044138853662531e-01,-3.543403375966007463e-02
3.670334066813362597e+02,1.590638657621252783e+00,6.492153305686715337e-01,7.098971133210758566e-01,1.799962320964609286e-01,-1.039126873213322422e-01,1.184031899423158840e-02
3.671134226845369426e+02,1.582302757229865353e+00,6.610800407979855464e-01,7.173883259679482149e-01,1.807001959190095153e-01,-1.044472123744907832e-01,3.499798383944738300e-02
3.671934386877375687e+02,1.573922998777654403e+00,6.728174013107272033e-01,7.247649968117402253e-01,1.813719338142635584e-01,-1.050092409864908372e-01,-1.547082645488261354e-01
3.672734546909381947e+02,1.565497130608814347e+00,6.844282633989440257e-01,7.320285109616563313e-01,1.820128459606879523e-01,-1.056001112816465359e-01,-2.487450675316427162e-01
3.673534706941388208e+02,1.557022788359883503e+00,6.959134381818702364e-01,7.391802441051102956e-01,1.826242660726398181e-01,-1.062212634087275620e-01,-1.704184400886390727e-01
3.674334866973395037e+02,1.548497485711080701e+00,7.072736968153688908e-01,7.462215614443310496e-01,1.832074644431226085e-01,-1.068742542259040751e-01,2.548377777054161575e-02
3.675135027005401298e+02,1.539918604349909348e+00,7.185097706386847083e-01,7.531538166858591232e-01,1.837636508277204483e-01,-1.075607765779307279e-01,-2.068812172790732984e-01
3.675935187037407559e+02,1.531283383082415295e+00,7.296223512442547854e-01,7.599783510751747517e-01,1.842939771756053891e-01,-1.082826838783634837e-01,-2.459205490030300367e-01
3.676735347069413820e+02,1.522588906010754473e+00,7.406120904566694252e-01,7.666964924686481275e-01,1.847995402132447118e-01,-1.090420206427689109e-01,-2.401421875907094883e-01
3.677535507101420649e+02,1.513832089674532977e+00,7.514796002073899084e-01,7.733095544352159845e-01,1.852813838861410989e-01,-1.098410595374701981e-01,-2.398753552912415432e-01
3.678335667133426909e+02,1.505009668330768990e+00,7.622254522950889788e-01,7.798188353802426587e-01,1.857405016636734518e-01,-1.106823340664309097e-01,-3.861251425214069777e-02
3.679135827165433170e+02,1.496118165722706284e+00,7.728501780771200869e-01,7.862256176878507086e-01,1.861778387135585300e-01,-1.115684855831744482e-01,-1.883151304811885862e-01
3.679935987197439431e+02,1.487153875618037135e+00,7.833542679683228593e-01,7.925311668666676912e-01,1.865942939468645256e-01,-1.125023043302350589e-01,-1.749562450511842060e-01
3.680736147229446260e+02,1.478112849864583467e+00,7.937381707303227119e-01,7.987367306899579855e-01,1.869907219368155404e-01,-1.134869255724729742e-01,8.148892852095634964e-04
3.681536307261452521e+02,1.468990876977909199e+00,8.040022926155981908e-01,8.048435383261742793e-01,1.873679347170406628e-01,-1.145259097633244405e-01,-2.093503286565892574e-02
3.682336467293458782e+02,1.459783457924615391e+00,8.141469963128010745e-01,8.108527994480363432e-01,1.877267034606721618e-01,-1.156233267824782751e-01,-2.748040338764987101e-02
3.683136627325465042e+02,1.450485758998170338e+00,8.241725997843014628e-01,8.167657033183163273e-01,1.880677600463206423e-01,-1.167835643938269774e-01,-1.933187068070618131e-01
3.683936787357471871e+02,1.441092561843571040e+00,8.340793748673647201e-01,8.225834178338049529e-01,1.883917985088609803e-01,-1.180111955974741389e-01,-2.883602069616724162e-01
3.684736947389478132e+02,1.431598252731329346e+00,8.438675453540234184e-01,8.283070884930036071e-01,1.886994763648927875e-01,-1.193114861931132697e-01,-8.410833825951205545e-02
3.685537107421484393e+02,1.421996785304563193e+00,8.535372848680535807e-01,8.339378372980885690e-01,1.889914158244805908e-01,-1.206905782811615313e-01,5.485053282891988458e-02
3.686337267453490654e+02,1.412281606540148227e+00,8.630887145798251670e-01,8.394767615828115925e-01,1.892682048914230419e-01,-1.221552815734494590e-01,-1.577654762651022335e-01
3.687137427485497483e+02,1.402445564493918662e+00,8.725219006187003856e-01,8.449249327411274546e-01,1.895303983463043074e-01,-1.237127967413167995e-01,-1.508962220069987314e-01
3.687937587517503744e+02,1.392480891008002875e+00,8.818368505067358809e-01,8.502833947755348287e-01,1.897785185795010932e-01,-1.253715584341022482e-01,-4.501914239452349809e-01
3.688737747549510004e+02,1.382379126065953923e+00,8.910335093408117135e-01,8.555531627034043129e-01,1.900130562992204120e-01,-1.271414356127154033e-01,4.609863855695151003e-02
3.689537907581516265e+02,1.372130951887261530e+00,9.001117559209629304e-01,8.607352208222571743e-01,1.902344711216750750e-01,-1.290330670232847643e-01,-1.489543308518376241e-01
3.690338067613523094e+02,1.361726127738001280e+00,9.090713974155488764e-01,8.658305206673921894e-01,1.904431919698089948e-01,-1.310586952520009785e-01,-3.051720515807937462e-01
3.691138227645529355e+02,1.351153394982806510e+00,9.179121632216814541e-01,8.708399786776497287e-01,1.906396172957823265e-01,-1.332328469234575485e-01,-1.391485387902841320e-01
3.691938387677535616e+02,1.340400225008525181e+00,9.266336988649437334e-01,8.757644736214829084e-01,1.908241151607667496e-01,-1.355716092378278503e-01,-1.951254085195133769e-01
3.692738547709541876e+02,1.329452699678794980e+00,9.352355575880321181e-01,8.806048434797992819e-01,1.909970230336592023e-01,-1.380938357277941564e-01,-7.529934306291244384e-02
3.693538707741548706e+02,1.318295301938507302e+00,9.437171909047639140e-01,8.853618818388547806e-01,1.911586473451322710e-01,-1.408217996544197659e-01,7.450293404533220309e-02
3.694338867773554966e+02,1.306910545583709338e+00,9.520779385173140374e-01,8.900363337721015622e-01,1.913092627988871863e-01,-1.437808818863892113e-01,-2.242987360668581565e-01
3.695139027805561227e+02,1.295278775299502749e+00,9.603170143263848324e-01,8.946288907050350403e-01,1.914491112072705670e-01,-1.470017118091082597e-01,-1.314432343080950416e-01
3.695939187837567488e+02,1.283377638692809963e+00,9.684334921759809589e-01,8.991401845626845191e-01,1.915784000156666445e-01,-1.505200739511255992e-01,-1.889955088111044679e-01
3.696739347869574317e+02,1.271181664357619923e+00,9.764262868706716780e-01,9.035707804727208803e-01,1.916973001804410659e-01,-1.543790624773958009e-01,-2.208170513584475914e-01
3.697539507901580578e+02,1.258661589123655888e+00,9.842941325664350538e-01,9.079211680397005768e-01,1.918059434361280013e-01,-1.586304871804805616e-01,-1.126112567627798322e-01
3.698339667933586838e+02,1.245783573602578631e+00,9.920355560758358227e-01,9.121917505728284192e-01,1.919044186820483555e-01,-1.633373457385053906e-01,-8.591162378411065781e-03
3.699139827965593099e+02,1.232508188736001653e+00,9.996488442656750184e-01,9.163828317104916188e-01,1.919927672613888636e-01,-1.685769940081904839e-01,-1.245784787199110399e-01
3.699939987997599928e+02,1.218789110063428049e+00,1.007132003884966043e+00,9.204945986575154837e-01,1.920709768049320421e-01,-1.744454488237401346e-01,-2.171105889458089799e-01
3.700740148029606189e+02,1.204571376913714520e+00,1.014482711818359473e+00,9.245271009367207471e-01,1.921389731823755220e-01,-1.810630803652318876e-01,-1.292199868143717456e-01
3.701540308061612450e+02,1.189789186843540181e+00,1.021698251114682154e+00,9.284802228343673747e-01,1.921966097701108267e-01,-1.885832382396035456e-01,-1.649171551266361002e-01
3.702340468093618711e+02,1.174362744850853568e+00,1.028775431622974690e+00,9.323536478002688588e-01,1.922436533416582438e-01,-1.972033464084671506e-01,-1.156887926252715554e-01
3.703140628125625540e+02,1.158194163412314515e+00,1.035710484151320498e+00,9.361468105937831297e-01,1.922797647177989788e-01,-2.071823672543354755e-01,-2.623420320171488962e-01
3.703940788157631800e+02,1.141161585067536510e+00,1.042498923235128272e+00,9.398588328988841667e-01,1.923044723973771908e-01,-2.188656962453849886e-01,-2.050837585391076523e-01
3.704740948189638061e+02,1.123110825400635671e+00,1.049135362978025343e+00,9.434884342752011266e-01,1.923171356475247284e-01,-2.327232352929614612e-01,-6.798285692855432494e-02
3.705541108221644322e+02,1.103843231599269004e+00,1.055613263622144915e+00,9.470338056872193988e-01,1.923168915033125759e-01,-2.494091486313104733e-01,-2.475037411107317287e-01
3.706341268253651151e+02,1.083097401647482583e+00,1.061924577561021099e+00,9.504924255291156143e-01,1.923025769775685845e-01,-2.698578449093824716e-01,-1.721503314834080811e-01
3.707141428285657412e+02,1.060520922069504435e+00,1.068059240182696490e+00,9.538607831033378837e-01,1.922726111986916286e-01,-2.954443732076317275e-01,-2.964858203509504464e-01
3.707941588317663673e+02,1.035624995918184243e+00,1.074004412080338255e+00,9.571339459616184930e-01,1.922248094910930238e-01,-3.282632331241985835e-01,-3.211947393941256279e-01
3.708741748349669933e+02,1.007708651661902044e+00,1.079743316036785084e+00,9.603048548080131974e-01,1.921560785019183482e-01,-3.716371089868969468e-01,-4.458916787032212170e-01
3.709541908381676762e+02,9.757256530667641758e-01,1.085253364560138323e+00,9.633631072528963113e-01,1.920618867382932193e-01,-4.310978824426631162e-01,-1.461223259557977716e-01
3.710342068413683023e+02,9.380369289042098657e-01,1.090502990978736264e+00,9.662927198787562011e-01,1.919352847643842064e-01,-5.164093595722701879e-01,-3.966066649524025989e-01
3.711142228445689284e+02,8.919163569722079465e-01,1.095445928365915256e+00,9.690676540715865706e-01,1.917649361518083961e-01,-6.460882759944469589e-01,-5.280220083207088910e-01
3.711942388477695545e+02,8.324733017150069969e-01,1.100009994787093826e+00,9.716418502031561877e-01,1.915307131773130722e-01,-8.585673615634559219e-01,-7.427963541742474973e-01
3.712742548509702374e+02,7.500352490482398160e-01,1.104072651779617109e+00,9.739236488925888668e-01,1.911923646785053388e-01,-1.243383548967674779e+00,-1.345374094286111877e+00
3.713542708541708635e+02,6.228211227957622942e-01,1.107398969426883761e+00,9.756953779677959293e-01,1.906539379798734279e-01,-2.042749264537740750e+00,-2.118587984211574238e+00
3.714342868573714895e+02,3.926808006403602613e-01,1.109444166582117752e+00,9.762779486562579434e-01,1.896172127541842223e-01,-4.040506796185375116e+00,-4.058638962360249458e+00
3.715143028605721156e+02,-1.237265336940185367e-01,1.108517649433768293e+00,9.727659855571721970e-01,1.868550398362711917e-01,-9.882698224590861003e+00,-1.005082445593883378e+01
3.715943188637727985e+02,-1.242379751666811138e+00,1.100691349325605861e+00,9.601118685135764386e-01,1.805246224786165032e-01,-1.505655324876494561e+01,-1.514691217381833788e+01
3.716743348669734246e+02,-1.893220384482262153e+00,1.086028919966117501e+00,9.449608388057789687e-01,1.734594136343982351e-01,-2.315224365398512063e+00,-2.232234635247644317e+00
3.717543508701740507e+02,-1.952746295060128423e+00,1.069678377332261565e+00,9.299882814185690405e-01,1.666847019451427880e-01,-7.640608939296633650e-02,-2.899146011781928989e-01
3.718343668733746767e+02,-1.951121390167888103e+00,1.053314621776677340e+00,9.152517263435590023e-01,1.602115898918186898e-01,5.950396434345750496e-02,-3.053551187489422780e-02
3.719143828765753597e+02,-1.945917225976794285e+00,1.037068527296371112e+00,9.007494079101521223e-01,1.540285809124698480e-01,6.732056164533983811e-02,5.690848372424455598e-02
3.719943988797759857e+02,-1.940500764240042697e+00,1.020947249941910995e+00,8.864777231517442235e-01,1.481234531753461425e-01,6.787665799308506553e-02,5.813833674239192451e-02
3.720744148829766118e+02,-1.935063675336831102e+00,1.004950849329625084e+00,8.724330251811147630e-01,1.424840419597425689e-01,6.801118056091459696e-02,6.437494684992521587e-02
3.721544308861772379e+02,-1.929617333081090402e+00,9.890789850058303578e-01,8.586117194023832333e-01,1.370983597389857089e-01,6.811884383110672347e-02,-8.608173204591534899e-03
3.722344468893779208e+02,-1.924162609656078882e+00,9.733312983639641480e-01,8.450102681778379754e-01,1.319546674618352622e-01,6.822185228090027476e-02,1.588556747457865459e-01
3.723144628925785469e+02,-1.918699777737052026e+00,9.577074350983707518e-01,8.316251902472819868e-01,1.270415309477588295e-01,6.832136861236320913e-02,-1.684643230734328423e-01
3.723944788957791729e+02,-1.913229082334037656e+00,9.422070465176024534e-01,8.184530598484307529e-01,1.223478652727149202e-01,6.841768315719032323e-02,1.096985886507363395e-01
3.724744948989797990e+02,-1.907750769877625041e+00,9.268297896133691482e-01,8.054905058335219969e-01,1.178629683837788961e-01,6.851125669079805025e-02,-8.324408204379016296e-02
3.725545109021804251e+02,-1.902265079823432847e+00,9.115753270345632320e-01,7.927342107990950071e-01,1.135765451574197588e-01,6.860246095750921480e-02,-4.415307140501353866e-03
3.726345269053811080e+02,-1.896772225997290562e+00,8.964433270249987373e-01,7.801809102296698439e-01,1.094787231293276042e-01,6.869098654274513605e-02,6.095181808247342181e-02
3.727145429085817341e+02,-1.891272419617192391e+00,8.814334634485881947e-01,7.678273916572657676e-01,1.055600610942881573e-01,6.877663624083457661e-02,2.293925361782035988e-01
3.727945589117823602e+02,-1.885765872210834582e+00,8.665454157519550948e-01,7.556704938339898758e-01,1.018115517078919119e-01,6.885942363810682032e-02,-2.271090289728888711e-02
3.728745749149829862e+02,-1.880252793162465075e+00,8.517788688961587251e-01,7.437071059181569188e-01,9.822461913409405443e-02,6.893948972674646125e-02,-7.632099015588200697e-02
3.729545909181836691e+02,-1.874733387888589231e+00,8.371335132695463255e-01,7.319341666737920749e-01,9.479111268069498331e-02,6.901703991483432166e-02,1.662551618787970198e-01
3.730346069213842952e+02,-1.869207856526503786e+00,8.226090445794143058e-01,7.203486636833758006e-01,9.150329725747077814e-02,6.909229743005257385e-02,6.039323043925987761e-02
3.731146229245849213e+02,-1.863676392278576177e+00,8.082051637180440729e-01,7.089476325734198614e-01,8.835384138464452697e-02,6.916544603032259708e-02,7.011732109728587015e-02
3.731946389277855474e+02,-1.858139175750701533e+00,7.939215765917064793e-01,6.977281562526242986e-01,8.533580337685033046e-02,6.923644947862267474e-02,1.251024727771155587e-01
3.732746549309862303e+02,-1.852596381510230650e+00,7.797579939520900005e-01,6.866873641630264480e-01,8.244261623260612515e-02,6.930525578668911280e-02,1.694405135688389352e-01
3.733546709341868564e+02,-1.847048180921002869e+00,7.657141311884606560e-01,6.758224315432961316e-01,7.966807167148877433e-02,6.937187688833834631e-02,8.506125993842206245e-02
3.734346869373874824e+02,-1.841494741561847892e+00,7.517897080786081210e-01,6.651305787038157558e-01,7.700630368407812565e-02,6.943636036920303178e-02,-1.421661457162118614e-01
3.735147029405881085e+02,-1.835936226950144246e+00,7.379844485064797066e-01,6.546090703136576705e-01,7.445177189138650620e-02,6.949877164049850231e-02,4.861088387413720069e-02
3.735947189437887914e+02,-1.830372796428422877e+00,7.242980801442946426e-01,6.442552146991158413e-01,7.199924495118716072e-02,6.955918201383692878e-02,7.141403798779086265e-02
3.736747349469894175e+02,-1.824804605173274030e+00,7.107303340975424932e-01,6.340663631536797018e-01,6.964378419803061993e-02,6.961766136911601288e-02,-4.662053946510796854e-02
3.737547509501900436e+02,-1.819231804289875631e+00,6.972809445111110005e-01,6.240399092591281116e-01,6.738072766077221609e-02,6.967427427329031531e-02,-3.312763603139255719e-02
3.738347669533906696e+02,-1.813654540959714678e+00,6.839496481352582702e-01,6.141732882176967889e-01,6.520567456555118047e-02,6.972907856833132634e-02,1.333549236238222302e-01
3.739147829565913526e+02,-1.808072958613019976e+00,6.707361838499520390e-01,6.044639761950137968e-01,6.311447040229727079e-02,6.978212560147245558e-02,9.408100834291076298e-02
3.739947989597919786e+02,-1.802487197101561023e+00,6.576402921465406282e-01,5.949094896737013860e-01,6.110319260843587175e-02,6.983346141972296417e-02,-2.109297556187458844e-02
3.740748149629926047e+02,-1.796897392851349862e+00,6.446617145656557968e-01,5.855073848173565354e-01,5.916813690356759886e-02,6.988312839159294132e-02,1.260465607894462325e-01
3.741548309661932308e+02,-1.791303678978855229e+00,6.318001930908297981e-01,5.762552568448752188e-01,5.730580429301835449e-02,6.993116685306000058e-02,8.320474247613054986e-02
3.742348469693939137e+02,-1.785706185358102216e+00,6.190554694972285610e-01,5.671507394148391779e-01,5.551288874547596203e-02,6.997761650074790785e-02,-5.969124308186657402e-02
3.743148629725945398e+02,-1.780105038629972380e+00,6.064272846554779051e-01,5.581915040198839328e-01,5.378626554010852712e-02,7.002251737227432882e-02,4.232203307826393202e-02
3.743948789757951658e+02,-1.774500362148712762e+00,5.939153777906409637e-01,5.493752593907846871e-01,5.212298027095807473e-02,7.006591036299025799e-02,-6.177973400981176533e-02
3.744748949789957919e+02,-1.768892275864550001e+00,5.815194856971165338e-01,5.406997509102372534e-01,5.052023849077399292e-02,7.010783732781938893e-02,-1.667335816316956043e-02
3.745549109821964748e+02,-1.763280896144842735e+00,5.692393419103206620e-01,5.321627600360786525e-01,4.897539597227525132e-02,7.014834090755955875e-02,1.001003453362797613e-01
3.746349269853971009e+02,-1.757666335539954883e+00,5.570746758367275397e-01,5.237621037338822116e-01,4.748594956198572137e-02,7.018746430052097418e-02,-5.272998926594885116e-02
3.747149429885977270e+02,-1.752048702503461675e+00,5.450252118440970239e-01,5.154956339186889114e-01,4.604952859988126201e-02,7.022525127181183935e-02,-5.489639408010707489e-02
3.747949589917983531e+02,-1.746428101079928741e+00,5.330906683145658631e-01,5.073612369058611016e-01,4.466388687705268729e-02,7.026174675497515176e-02,1.078146681302450394e-01
3.748749749949990360e+02,-1.740804630576726630e+00,5.212707566635316203e-01,4.993568328708339332e-01,4.332689510310369641e-02,7.029699845245984680e-02,-3.094846825006791757e-02
3.749549909981996620e+02,-1.735178385239730225e+00,5.095651803281008307e-01,4.914803753177092172e-01,4.203653385507602480e-02,7.033105988418775212e-02,4.274358184802328625e-02
3.750350070014002881e+02,-1.729549453955757432e+00,4.979736337292501869e-01,4.837298505564812667e-01,4.079088698008284664e-02,7.036399536490267614e-02,4.489996538177630503e-02
3.751150230046009142e+02,-1.723917920007726590e+00,4.864958012127933995e-01,4.761032771888938364e-01,3.958813542456181278e-02,7.039588741306751496e-02,5.398660510022645909e-02
3.751950390078015971e+02,-1.718283860911153260e+00,4.751313559745898862e-01,4.685987056027280384e-01,3.842655146392471438e-02,7.042684710519761526e-02,1.083834697496852267e-01
3.752750550110022232e+02,-1.712647348363278699e+00,4.638799589763063502e-01,4.612142174744829348e-01,3.730449330744898401e-02,7.045702788989749443e-02,2.687763526658800556e-02
3.753550710142028493e+02,-1.707008447884814206e+00,4.527412578568847934e-01,4.539479252802174902e-01,3.622040005436414495e-02,7.048663240284344655e-02,-7.382483147014923253e-03
3.754350870174034753e+02,-1.701367211446741301e+00,4.417148858245098508e-01,4.467979718138712086e-01,3.517278697796576842e-02,7.051575218562922132e-02,2.402638559281011083e-02
3.755151030206041582e+02,-1.695723677881366243e+00,4.308004605856264879e-01,4.397625297142965239e-01,3.416024111676232294e-02,7.054440270755774067e-02,1.870361788002287973e-01
3.755951190238047843e+02,-1.690077876117033862e+00,4.199975833040340834e-01,4.328398010005756746e-01,3.318141715214623783e-02,7.057262387364163225e-02,1.638077717665539501e-01
3.756751350270054104e+02,-1.684429825484015986e+00,4.093058375796543857e-01,4.260280166148865955e-01,3.223503355304686846e-02,7.060050764485376051e-02,6.510877929191274949e-02
3.757551510302060365e+02,-1.678779536330379463e+00,3.987247884669757880e-01,4.193254359732426217e-01,3.131986896972074885e-02,7.062823200298523618e-02,1.938624938699416989e-01
3.758351670334067194e+02,-1.673127011007475629e+00,3.882539815428711627e-01,4.127303465239617886e-01,3.043475885978834047e-02,7.065610195945842831e-02,1.417295740707615881e-01
3.759151830366073455e+02,-1.667472242520127379e+00,3.778929420238130166e-01,4.062410633135234983e-01,2.957859233060996379e-02,7.068453607204441824e-02,-3.687728316451768795e-02
3.759951990398079715e+02,-1.661815192774144245e+00,3.676411738758081360e-01,3.998559285573629607e-01,2.875030918212801226e-02,7.071360059881445781e-02,2.222466540846532723e-01
3.760752150430085976e+02,-1.656155801683946827e+00,3.574981591099663514e-01,3.935733112216772689e-01,2.794889713924225347e-02,7.074325271749781763e-02,3.514662949472399656e-01
3.761552310462092805e+02,-1.650493998719453792e+00,3.474633571756650108e-01,3.873916066131001257e-01,2.717338925954491946e-02,7.077362252381758090e-02,1.071721941575643211e-01
3.762352470494099066e+02,-1.644829705585957980e+00,3.375362044194595290e-01,3.813092359748184723e-01,2.642286150372391562e-02,7.080508649123726239e-02,-9.156731863837178076e-02
3.763152630526105327e+02,-1.639162835948285490e+00,3.277161136381644413e-01,3.753246460895904302e-01,2.569643045785796609e-02,7.083827296334652135e-02,2.212554157529026677e-01
3.763952790558111587e+02,-1.633493258443285745e+00,3.180024736033743027e-01,3.694363088847391063e-01,2.499325119495237127e-02,7.087329417853616143e-02,1.319840811837620365e-01
3.764752950590118417e+02,-1.627820809082199061e+00,3.083946488892772009e-01,3.636427210506839036e-01,2.431251527154514730e-02,7.091005679260922734e-02,6.018027495339076105e-02
3.765553110622124677e+02,-1.622145318169568640e+00,2.988919798878003076e-01,3.579424036691000177e-01,2.365344884870656736e-02,7.094885161460090517e-02,-1.328676699751352719e-01
3.766353270654130938e+02,-1.616466614441049332e+00,2.894937828737083052e-01,3.523339018452816829e-01,2.301531092651792551e-02,7.099044030541429295e-02,6.059207515049357118e-02
3.767153430686137199e+02,-1.610784481205660201e+00,2.801993500143363236e-01,3.468157843399045093e-01,2.239739168216346374e-02,7.103516969156620231e-02,4.093220737185822300e-02
3.767953590718144028e+02,-1.605098648152255780e+00,2.710079496533930321e-01,3.413866432124433303e-01,2.179901091024038021e-02,7.108285437863251510e-02,3.940743838021629891e-02
3.768753750750150289e+02,-1.599408845676952629e+00,2.619188269932491431e-01,3.360450934820014557e-01,2.121951656148264934e-02,7.113389653665355694e-02,2.888736304793904780e-02
3.769553910782156549e+02,-1.593714804170746069e+00,2.529312047077368342e-01,3.307897727869663074e-01,2.065828336481468838e-02,7.118925977245005310e-02,1.675863700772738940e-01
3.770354070814162810e+02,-1.588016175139770114e+00,2.440442833663976629e-01,3.256193410372531516e-01,2.011471152412830019e-02,7.124894322408162339e-02,2.904431891723004838e-02
3.771154230846169639e+02,-1.582312578653546131e+00,2.352572425166374603e-01,3.205324800945377750e-01,1.958822550137521989e-02,7.131295653118770173e-02,1.145824134915554432e-01
3.771954390878175900e+02,-1.576603652516226362e+00,2.265692419268326985e-01,3.155278934612826269e-01,1.907827287183312334e-02,7.138225935800074362e-02,-1.196992093730023798e-01
3.772754550910182161e+02,-1.570888975033446933e+00,2.179794224228422950e-01,3.106043059529553507e-01,1.858432323475063888e-02,7.145729436114495181e-02,-2.760216480436862574e-02
3.773554710942188422e+02,-1.565168055525701707e+00,2.094869071268214145e-01,3.057604633881836897e-01,1.810586719178309406e-02,7.153786174752298221e-02,7.084910132693970908e-02
3.774354870974195251e+02,-1.559440431494619306e+00,2.010908032940252887e-01,3.009951323080410912e-01,1.764241539466504874e-02,7.162492826311150917e-02,-1.769762748737879754e-02
3.775155031006201511e+02,-1.553705582327220558e+00,1.927902034574627832e-01,2.963070996656252953e-01,1.719349763008055573e-02,7.171903498141250777e-02,7.562716616136473669e-02
3.775955191038207772e+02,-1.547962909095000672e+00,1.845841869482905684e-01,2.916951725337500467e-01,1.675866196146531123e-02,7.181998344259477030e-02,6.695429615615811070e-02
3.776755351070214033e+02,-1.542211851840346037e+00,1.764718221468439263e-01,2.871581778508784932e-01,1.633747393420913185e-02,7.192893376236214609e-02,9.103643562848427739e-02
3.777555511102220862e+02,-1.536451760095322028e+00,1.684521676858616590e-01,2.826949621193026729e-01,1.592951579974820689e-02,7.204611555040631166e-02,3.913621465214513900e-02
3.778355671134227123e+02,-1.530681936519909359e+00,1.605242745058127196e-01,2.783043911473532805e-01,1.553438580029496870e-02,7.217163970763967873e-02,1.363550798995862290e-01
3.779155831166233384e+02,-1.524901713624895239e+00,1.526871881493354621e-01,2.739853498092482686e-01,1.515169749877709297e-02,7.230680206224207596e-02,-6.395631338812624023e-02
3.779955991198239644e+02,-1.519110289414971504e+00,1.449399499368337063e-01,2.697367417512643861e-01,1.478107911703746905e-02,7.245131582201899678e-02,3.264077527876579898e-02
3.780756151230246473e+02,-1.513306894197283592e+00,1.372815997703742130e-01,2.655574891876283372e-01,1.442217294979380136e-02,7.260614027686206062e-02,2.258167868826671532e-01
3.781556311262252734e+02,-1.507490691341648370e+00,1.297111776777947478e-01,2.614465326368626275e-01,1.407463477956355166e-02,7.277182574813093052e-02,3.126360553133067377e-02
3.782356471294258995e+02,-1.501660772858437909e+00,1.222277258092956675e-01,2.574028306872839789e-01,1.373813333399618794e-02,7.294848842352846807e-02,2.270446299567308590e-01
3.783156631326265256e+02,-1.495816258973052149e+00,1.148302909808179284e-01,2.534253598016273368e-01,1.341234978850810999e-02,7.313740955185009385e-02,1.084835717184821080e-01
3.783956791358272085e+02,-1.489956125715792723e+00,1.075179258009852507e-01,2.495131140491016197e-01,1.309697725815042735e-02,7.333832902989938229e-02,4.978579196332613699e-02
3.784756951390278346e+02,-1.484079407761301317e+00,1.002896917231178298e-01,2.456651049566218881e-01,1.279172037077998085e-02,7.355264313993938041e-02,8.293448391617598559e-02
3.785557111422284606e+02,-1.478184994260274721e+00,9.314465993418814815e-02,2.418803612438923389e-01,1.249629480496893853e-02,7.378026856792711807e-02,2.343891348154734655e-01
3.786357271454290867e+02,-1.472271806149926698e+00,8.608191422435626516e-02,2.381579286854598188e-01,1.221042691036249538e-02,7.402237783095451384e-02,4.290226332273581328e-02
3.787157431486297696e+02,-1.466338650191158388e+00,7.910055207827418333e-02,2.344968698772821325e-01,1.193385330010005713e-02,7.427922634473567431e-02,-3.678774931546949234e-02
3.787957591518303957e+02,-1.460384325984934728e+00,7.219968708439505889e-02,2.308962640950427692e-01,1.166632050607271064e-02,7.455177541400101471e-02,1.251794270736658332e-01
3.788757751550310218e+02,-1.454407544385056816e+00,6.537845025224699180e-02,2.273552070973396122e-01,1.140758462363475681e-02,7.484053092241728378e-02,1.473343004301845838e-01
3.789557911582316478e+02,-1.448406983709259022e+00,5.863599203251025627e-02,2.238728109859781379e-01,1.115741100003611250e-02,7.514639200121210616e-02,1.613859715522720228e-01
3.790358071614323308e+02,-1.442381239230384971e+00,5.197148367185702028e-02,2.204482040373726970e-01,1.091557392311049389e-02,7.546997775372361883e-02,-7.683200703447766455e-02
3.791158231646329568e+02,-1.436328867446893698e+00,4.538411904491349708e-02,2.170805305795005247e-01,1.068185634613192346e-02,7.581228758600007389e-02,1.162156324115426742e-01
3.791958391678335829e+02,-1.430248326131625003e+00,3.887311580847041537e-02,2.137689508382964454e-01,1.045604961028003335e-02,7.617393558494939265e-02,8.342979959005973611e-02
3.792758551710342090e+02,-1.424138045355010540e+00,3.243771727552907658e-02,2.105126408493891710e-01,1.023795321135997916e-02,7.655615640783106080e-02,5.214739197440272644e-02
3.793558711742348919e+02,-1.417996323309713258e+00,2.607719315238733737e-02,2.073107923059193392e-01,1.002737454604587901e-02,7.695949552022759987e-02,2.995413834132161501e-02
3.794358871774355180e+02,-1.411821450585592608e+00,1.979084164135003904e-02,2.041626125218646004e-01,9.824128725676164672e-03,7.738548675134716837e-02,1.246085540214072335e-01
3.795159031806361440e+02,-1.405611548368319363e+00,1.357798966813818752e-02,2.010673242750555534e-01,9.628038340252123573e-03,7.783466374254312259e-02,7.132148326757840884e-02
3.795959191838367701e+02,-1.399364737769327238e+00,7.437995200296380373e-03,1.980241658254345283e-01,9.438933318212650719e-03,7.830876837126057866e-02,7.390081589319856537e-02
3.796759351870374530e+02,-1.393078955216050518e+00,1.370247192538202614e-03,1.950323907711211668e-01,9.256650714348559419e-03,7.880855955115985412e-02,2.793292306395549485e-01
3.797559511902380791e+02,-1.386752105337279994e+00,-4.625832247324476731e-03,1.920912680971602893e-01,9.081034600963098710e-03,7.933577601005531443e-02,8.524599161075359366e-02
3.798359671934387052e+02,-1.380381928107439204e+00,-1.055078766333612632e-02,1.892000820889996882e-01,8.911935899287477120e-03,7.989165314627844072e-02,-3.602400198773310358e-02
3.799159831966393313e+02,-1.373966067808098712e+00,-1.640512867931410643e-02,1.863581323786678012e-01,8.749212283327815337e-03,8.047786473497696436e-02,-1.173590788923334349e-02
3.799959991998399573e+02,-1.367502036955508871e+00,-2.218932916661866400e-02,1.835647339536014833e-01,8.592728071409814691e-03,8.109622894230372747e-02,4.801498908479445715e-03
3.800760152030406402e+02,-1.360987170633425114e+00,-2.790382649045369465e-02,1.808192171814862192e-01,8.442354131207977647e-03,8.174836214835047576e-02,-7.986586566206986537e-02
3.801560312062412663e+02,-1.354418707121342935e+00,-3.354901978215514557e-02,1.781209279465968132e-01,8.297967845371238133e-03,8.243671604190425106e-02,1.911053006342658955e-01
3.802360472094418924e+02,-1.347793646113989663e+00,-3.912526986575665805e-02,1.754692276661020678e-01,8.159453022006681738e-03,8.316323428083863267e-02,2.692661859875713493e-01
3.803160632126425185e+02,-1.341108831896867137e+00,-4.463289740364816821e-02,1.728634934951983060e-01,8.026699903180873827e-03,8.393045201768432884e-02,2.057719953187975293e-02
3.803960792158432014e+02,-1.334360918150813591e+00,-5.007218186477525868e-02,1.703031184908704310e-01,7.899605156476982928e-03,8.474132889233053356e-02,1.754241915436867139e-01
3.804760952190438275e+02,-1.327546276212312470e+00,-5.544336088982361466e-02,1.677875117685918849e-01,7.778071865974035652e-03,8.559859388424699567e-02,1.014252581697772104e-02
3.805561112222444535e+02,-1.320661062359448801e+00,-6.074662820666986568e-02,1.653160988365111050e-01,7.662009614254891750e-03,8.650569882329653404e-02,1.751460003138018140e-02
3.806361272254450796e+02,-1.313701158175438310e+00,-6.598213243495677782e-02,1.628883218853423298e-01,7.551334544307759279e-03,8.746653168954857116e-02,-8.827262981980019130e-02
3.807161432286457625e+02,-1.306662088244264330e+00,-7.114997594384279977e-02,1.605036401135481738e-01,7.445969440291918574e-03,8.848501675303623026e-02,8.215620695425600306e-02
3.807961592318463886e+02,-1.299539052383098303e+00,-7.625021245047448881e-02,1.581615302330114381e-01,7.345843899187355121e-03,8.956581968782000025e-02,2.126326857517188418e-01
3.808761752350470147e+02,-1.292326875355735316e+00,-8.128284506132900378e-02,1.558614869870845188e-01,7.250894508721476318e-03,9.071432363999108739e-02,2.167953880051272653e-01
3.809561912382476407e+02,-1.285019905936493734e+00,-8.624782449976951815e-02,1.536030237079592797e-01,7.161065044095559981e-03,9.193627232334383725e-02,1.444255904637647414e-01
3.810362072414483237e+02,-1.277611998070696142e+00,-9.114504615995216996e-02,1.513856730739307765e-01,7.076306763145324800e-03,9.323821268782724048e-02,6.601044303028145988e-02
3.811162232446489497e+02,-1.270096460161573404e+00,-9.597434696752782379e-02,1.492089879739343650e-01,6.996578752702301354e-03,9.462773217108165491e-02,2.149142221156120636e-01
3.811962392478495758e+02,-1.262465960864970427e+00,-1.007355021255415956e-01,1.470725424795783498e-01,6.921848325126567572e-03,9.611346099403991761e-02,2.700487199812312555e-01
3.812762552510502019e+02,-1.254712414470882109e+00,-1.054282214406045970e-01,1.449759329729189972e-01,6.852091487850115598e-03,9.770508261406785078e-02,2.068221441727648158e-02
3.813562712542508848e+02,-1.246826903027218547e+00,-1.100521444319062930e-01,1.429187795504631431e-01,6.787293545053179472e-03,9.941378657863704504e-02,1.259066332801555277e-01
3.814362872574515109e+02,-1.238799551939861354e+00,-1.146068349526470631e-01,1.409007276414591114e-01,6.727449798650134670e-03,1.012525541769266763e-01,9.589278092824188304e-02
3.815163032606521369e+02,-1.230619373757082080e+00,-1.190917749934119335e-01,1.389214499092919497e-01,6.672566381029011728e-03,1.032364601958244560e-01,3.863901395169382080e-02
3.815963192638527630e+02,-1.222274075815312999e+00,-1.235063574776901346e-01,1.369806484977474648e-01,6.622661247944173178e-03,1.053830319885807471e-01,-1.251498784363871963e-02
3.816763352670534459e+02,-1.213749838862155705e+00,-1.278498776453015351e-01,1.350780577228459511e-01,6.577765379147951924e-03,1.077127874025564369e-01,2.423082525416356270e-02
3.817563512702540720e+02,-1.205031059279836780e+00,-1.321215226544684984e-01,1.332134473259975194e-01,6.537924241152147375e-03,1.102499823412773500e-01,1.212385797753058603e-01
3.818363672734546981e+02,-1.196100017659751824e+00,-1.363203593711626860e-01,1.313866263698841297e-01,6.503199548187964078e-03,1.130234631945704893e-01,1.385108741915379860e-01
3.819163832766553242e+02,-1.186936468407518985e+00,-1.404453197343803750e-01,1.295974479633687781e-01,6.473671408962610591e-03,1.160677699109449734e-01,1.300246891253446224e-01
3.819963992798560071e+02,-1.177517128016034365e+00,-1.444951830836133377e-01,1.278458150367949298e-01,6.449440962779800189e-03,1.194245817700216594e-01,2.475642036651988787e-01
3.820764152830566331e+02,-1.167815030317467251e+00,-1.484685546670520273e-01,1.261316874586758952e-01,6.430633641338725885e-03,1.231446272708852652e-01,5.410991574231148460e-02
3.821564312862572592e+02,-1.157798705175470788e+00,-1.523638393000411595e-01,1.244550908847861515e-01,6.417403239757392235e-03,1.272902327610465900e-01,1.215148670651144958e-03
3.822364472894578853e+02,-1.147431119968880475e+00,-1.561792087980272692e-01,1.228161278722782468e-01,6.409937047298332885e-03,1.319387645117121033e-01,1.382760378697132919e-02
3.823164632926585682e+02,-1.136668298112776254e+00,-1.599125613231580090e-01,1.212149919949683796e-01,6.408462384656633988e-03,1.371873416267339052e-01,1.767306130196580616e-01
3.823964792958591943e+02,-1.125457491369163954e+00,-1.635614700907138119e-01,1.196519859939591673e-01,6.413255035963604141e-03,1.431593887286825573e-01,8.920024627149633623e-02
3.824764952990598204e+02,-1.113734725578267470e+00,-1.671231178739850387e-01,1.181275454429323579e-01,6.424650275025717977e-03,1.500139026833845202e-01,-1.496740954161504544e-02
3.825565113022604464e+02,-1.101421450574193051e+00,-1.705942122514067516e-01,1.166422700875786589e-01,6.443057508531502796e-03,1.579588058067814271e-01,2.504729340536329119e-01
3.826365273054611293e+02,-1.088419887554122001e+00,-1.739708743071689268e-01,1.151969660637024301e-01,6.468980055548513748e-03,1.672706019815291267e-01,3.073043248083872081e-01
3.827165433086617554e+02,-1.074606472432992232e+00,-1.772484898648440665e-01,1.137927038376989330e-01,6.503042368669584121e-03,1.783240483411049071e-01,1.964117923437776192e-01
3.827965593118623815e+02,-1.059822252744847537e+00,-1.804215056879191481e-01,1.124309002388455547e-01,6.546028704976660124e-03,1.916377201862176638e-01,2.559902453351184382e-01
3.828765753150630076e+02,-1.043858715220691513e+00,-1.834831489654882852e-01,1.111134356145405400e-01,6.598938432486530468e-03,2.079468084703984254e-01,6.827640409877208660e-02
3.829565913182636905e+02,-1.026436103889698082e+00,-1.864250237723126535e-01,1.098428287884166688e-01,6.663068921991362886e-03,2.283226286103893221e-01,8.692244576511512499e-02
3.830366073214643166e+02,-1.007169100233261005e+00,-1.892365207615497869e-01,1.086225055190041255e-01,6.740143039034343121e-03,2.543765194391100493e-01,2.706313704553495181e-01
3.831166233246649426e+02,-9.855105063099829366e-01,-1.919039209509688093e-01,1.074572282209510232e-01,6.832513752501359963e-03,2.886234474441112807e-01,3.095909943187764024e-01
3.831966393278655687e+02,-9.606546061977770945e-01,-1.944089823016353080e-01,1.063538174171416717e-01,6.943508545608491692e-03,3.351643396556014953e-01,3.158902500439140226e-01
3.832766553310662516e+02,-9.313625148305662016e-01,-1.967266055573019812e-01,1.053224348825042012e-01,7.078043529042776609e-03,4.010463643330869909e-01,3.721437943338933296e-01
3.833566713342668777e+02,-8.956244735365931353e-01,-1.988207418581879049e-01,1.043790472514667389e-01,7.243805498330203353e-03,4.991824299915858520e-01,4.363275425507561200e-01
3.834366873374675038e+02,-8.499578459913318396e-01,-2.006367219167431437e-01,1.035505881885103313e-01,7.453734815258371282e-03,6.551999841062601249e-01,7.994728585984096636e-01
3.835167033406681298e+02,-7.877903277898391510e-01,-2.020854336304200027e-01,1.028872353053394695e-01,7.731944247546695959e-03,9.254184128362918926e-01,8.397567906397622739e-01
3.835967193438688128e+02,-6.952483234480362206e-01,-2.030064158272725239e-01,1.024968953756270479e-01,8.130381454437304520e-03,1.451161423266031925e+00,1.437837038884541174e+00
3.836767353470694388e+02,-5.382711803806370376e-01,-2.030645746985141609e-01,1.026686356332467964e-01,8.788583125587848266e-03,2.653600870164140701e+00,2.757514413367660566e+00
3.837567513502700649e+02,-2.154321555573774083e-01,-2.013664306066257625e-01,1.044872521607156518e-01,1.023153026842696031e-02,6.037617253695909625e+00,5.935595089923586976e+00
3.838367673534706910e+02,5.930379594713401925e-01,-1.949522089427611071e-01,1.123812665094997554e-01,1.459838509556424073e-02,1.508896760149462146e+01,1.510339053453285452e+01
3.839167833566713739e+02,1.738552818320215909e+00,-1.803668148936921067e-01,1.264385108981035677e-01,2.184086721637923389e-02,8.086622402603246940e+00,8.075176605374958072e+00
3.839967993598720000e+02,1.976807430902488116e+00,-1.613791058326473349e-01,1.408990147793706404e-01,2.908644154202645257e-02,4.842258629169146067e-01,5.460033682148562884e-01
3.840768153630726260e+02,1.984252622657934229e+00,-1.419587980248557535e-01,1.552939115173366524e-01,3.610511137950300764e-02,-6.253980540458989323e-02,-3.070606290520515591e-01
3.841568313662732521e+02,1.977599421393013257e+00,-1.226245862238811019e-01,1.696054525826695691e-01,4.289093912060032432e-02,-9.139931564935577235e-02,-1.210560513519326753e-01
3.842368473694739350e+02,1.970187840482540809e+00,-1.034082553188622189e-01,1.838241780854465157e-01,4.944270050683566980e-02,-9.320465013986020675e-02,-1.717526067714542637e-01
3.843168633726745611e+02,1.962713729921012007e+00,-8.431445576167334588e-02,1.979419414257326260e-01,5.576048632890288903e-02,-9.357356459773966129e-02,1.556260637905479416e-02
3.843968793758751872e+02,1.955215057242991827e+00,-6.534667490753175156e-02,2.119515151329041114e-01,6.184550776479875306e-02,-9.385140588425468222e-02,-9.942335632367749199e-02
3.844768953790758133e+02,1.947694998004560585e+00,-4.650853283576258240e-02,2.258464914835061066e-01,6.770000921080115974e-02,-9.410906718015912831e-02,-1.503955287625287074e-01
3.845569113822764962e+02,1.940154965332555825e+00,-2.780378513033214191e-02,2.396212068299536924e-01,7.332716668917975411e-02,-9.435161506725409097e-02,-5.735927944589228056e-03
3.846369273854771222e+02,1.932596189276097665e+00,-9.236250851046654692e-03,2.532706741124907124e-01,7.873097405003058602e-02,-9.457644055634205349e-02,-3.058596292057311206e-02
3.847169433886777483e+02,1.925020063120127523e+00,9.190264526513891585e-03,2.667905217579069621e-01,8.391612406047807560e-02,-9.478617771621171417e-02,6.893741968634667372e-03
3.847969593918783744e+02,1.917427831255668735e+00,2.747204652470613268e-02,2.801769381847102891e-01,8.888789015702500129e-02,-9.497874439311614070e-02,1.337992713164655456e-02
3.848769753950790573e+02,1.909820808582817220e+00,4.560554328572129223e-02,2.934266212584837885e-01,9.365201307413957565e-02,-9.515568974486728060e-02,-1.818689854140714823e-02
3.849569913982796834e+02,1.902200242453004453e+00,6.358743049830416216e-02,3.065367322306097320e-01,9.821459525277606573e-02,-9.531822719031600444e-02,-1.525409724934572719e-01
3.850370074014803095e+02,1.894567243120894195e+00,8.141466628291964269e-02,3.195048537198583727e-01,1.025820047860884071e-01,-9.546567967546204514e-02,-6.563080924464989585e-02
3.851170234046809355e+02,1.886922944654336076e+00,9.908453402096294160e-02,3.323289513669541173e-01,1.067607897983643972e-01,-9.560136122011615722e-02,-6.593407707916230931e-02
3.851970394078816184e+02,1.879268275883404504e+00,1.165946738746556494e-01,3.450073388660723217e-01,1.107576034922598263e-01,-9.572555037317495574e-02,-5.959346777299943942e-02
3.852770554110822445e+02,1.871604062191726259e+00,1.339431012293422485e-01,3.575386460529922372e-01,1.145791396022442094e-01,-9.583922516823127624e-02,-6.200413326180245072e-02
3.853570714142828706e+02,1.863931073431118079e+00,1.511282136671813769e-01,3.699217898050459197e-01,1.182320776925868816e-01,-9.594576590385636705e-02,-8.666682560875831054e-02
3.854370874174834967e+02,1.856249852714761728e+00,1.681487881150456054e-01,3.821559475202392919e-01,1.217230375293668343e-01,-9.604568267791643854e-02,-1.378957322950488396e-01
3.855171034206841796e+02,1.848560828627973773e+00,1.850039684358097125e-01,3.942405329305102568e-01,1.250585416412401674e-01,-9.614022811894711029e-02,-1.033114807034489213e-01
3.855971194238848057e+02,1.840864352092023593e+00,2.016932461051021419e-01,4.061751740627731477e-01,1.282449851630016180e-01,-9.623242109037463687e-02,-1.943697596981579234e-01
3.856771354270854317e+02,1.833160583437651869e+00,2.182164359617949356e-01,4.179596931647185931e-01,1.312886120604581930e-01,-9.632347182856500212e-02,-1.860982117837969296e-01
3.857571514302860578e+02,1.825449540058727838e+00,2.345736479027794863e-01,4.295940884058090936e-01,1.341954968711054630e-01,-9.641412305292605678e-02,-2.403762703937574463e-02
3.858371674334867407e+02,1.817731161801108497e+00,2.507652564051156552e-01,4.410785172016106204e-01,1.369715311674509495e-01,-9.650638296679822647e-02,-1.284498476725531024e-01
3.859171834366873668e+02,1.810005282148893002e+00,2.667918694871427299e-01,4.524132810225563461e-01,1.396224140226557386e-01,-9.660240802328232124e-02,-8.737140774575982705e-02
3.859971994398879929e+02,1.802271574619827010e+00,2.826542979922382903e-01,4.635988115499347639e-01,1.421536458311978279e-01,-9.670274599316436293e-02,-1.505431113629729922e-01
3.860772154430886189e+02,1.794529626154259150e+00,2.983535255871064273e-01,4.746356580467544495e-01,1.445705249111232937e-01,-9.680826556136765126e-02,-2.600478317097019154e-01
3.861572314462893019e+02,1.786778953156155536e+00,3.138906805791971677e-01,4.855244758434361096e-01,1.468781463963940714e-01,-9.692036803568143677e-02,-1.370123056020267349e-01
3.862372474494899279e+02,1.779018996218005633e+00,3.292670098613484919e-01,4.962660158347892425e-01,1.490814029900164595e-01,-9.704060985404258655e-02,6.447151100058667872e-02
3.863172634526905540e+02,1.771249091372716356e+00,3.444838552300427681e-01,5.068611148962376411e-01,1.511849872114639504e-01,-9.716973110291821092e-02,-1.075558716292523836e-01
3.863972794558911801e+02,1.763468495277282333e+00,3.595426319527064707e-01,5.173106871294355091e-01,1.531933948239649623e-01,-9.730821291161831366e-02,-1.655034526031092246e-01
3.864772954590918630e+02,1.755676409957238837e+00,3.744448097349342142e-01,5.276157158643761669e-01,1.551109291801801016e-01,-9.745680283723065496e-02,-2.817282452725759778e-02
3.865573114622924891e+02,1.747871982640805344e+00,3.891918960875331290e-01,5.377772463510042122e-01,1.569417062665100782e-01,-9.761637185031965536e-02,-1.460626890181642157e-01
3.866373274654931151e+02,1.740054306054920730e+00,4.037854218907419579e-01,5.477963790756796847e-01,1.586896602615359420e-01,-9.778781181712659087e-02,-1.591333794349146513e-01
3.867173434686937412e+02,1.732222416894037220e+00,4.182269289999221429e-01,5.576742636456148983e-01,1.603585494565815117e-01,-9.797191222927770227e-02,-2.543788974953471449e-01
3.867973594718944241e+02,1.724375289505853726e+00,4.325179597220541461e-01,5.674120931902012499e-01,1.619519624135034030e-01,-9.816914415240116099e-02,-2.698637815959130659e-01
3.868773754750950502e+02,1.716511850261749128e+00,4.466600478930574658e-01,5.770110992298852493e-01,1.634733242564129496e-01,-9.837998890210447600e-02,-5.685991992830408126e-02
3.869573914782956763e+02,1.708630981341232813e+00,4.606547114661126985e-01,5.864725469730794893e-01,1.649259030160419581e-01,-9.860499922630661107e-02,-8.491085507055565196e-02
3.870374074814963024e+02,1.700731520081780968e+00,4.745034464137406482e-01,5.957977310022373185e-01,1.663128159601282019e-01,-9.884476325457136614e-02,-9.513813873849337466e-02
3.871174234846969853e+02,1.692812258326288344e+00,4.882077217608545294e-01,6.049879713139245663e-01,1.676370358570260510e-01,-9.909988440573447299e-02,-2.998062366699424941e-02
3.871974394878976113e+02,1.684871941639915383e+00,5.017689755932660534e-01,6.140446096812242072e-01,1.689013971312677831e-01,-9.937097227410707223e-02,-1.453921436150368562e-01
3.872774554910982374e+02,1.676909268319022095e+00,5.151886119004835951e-01,6.229690063098949349e-01,1.701086018792878907e-01,-9.965864121480455529e-02,-9.786933034412682864e-02
3.873574714942988635e+02,1.668922888126491477e+00,5.284679981257186521e-01,6.317625367620897103e-01,1.712612257213046718e-01,-9.996351399698955031e-02,-1.868754587062584904e-01
3.874374874974994896e+02,1.660911400697432816e+00,5.416084633104470969e-01,6.404265891240207287e-01,1.723617234718146096e-01,-1.002862284684394312e-01,-1.865630581350319617e-01
3.875175035007001725e+02,1.652873353567908765e+00,5.546112967340135480e-01,6.489625613959468797e-01,1.734124346163926633e-01,-1.006274456802527806e-01,-1.756664453440757723e-01
3.875975195039007986e+02,1.644807239786659991e+00,5.674777469611451686e-01,6.573718590847572596e-01,1.744155885867674782e-01,-1.009878583621337533e-01,-4.412419540342188418e-03
3.876775355071014246e+02,1.636711495075874989e+00,5.802090212216841625e-01,6.656558929812579350e-01,1.753733098296064719e-01,-1.013681990203935124e-01,-3.085691448281704941e-02
3.877575515103020507e+02,1.628584494512368863e+00,5.928062850566445663e-01,6.738160771055756726e-01,1.762876226671852564e-01,-1.017692472582112928e-01,-2.026619022285634508e-01
3.878375675135027336e+02,1.620424548704401113e+00,6.052706621739976089e-01,6.818538268056834051e-01,1.771604559503331677e-01,-1.021918361946608234e-01,-1.342656607402133717e-01
3.879175835167033597e+02,1.612229899442511938e+00,6.176032344652138129e-01,6.897705569950993709e-01,1.779936475057452838e-01,-1.026368580900563487e-01,-9.081911324809933961e-02
3.879975995199039858e+02,1.603998714804526715e+00,6.298050421406864441e-01,6.975676805170564210e-01,1.787889483810906899e-01,-1.031052694743961329e-01,-1.838909002594417696e-01
3.880776155231046118e+02,1.595729083695833328e+00,6.418770839477327961e-01,7.052466066231961594e-01,1.795480268923222433e-01,-1.035980962262345040e-01,-3.627311235305401282e-02
3.881576315263052948e+02,1.587419009805358661e+00,6.538203174402180684e-01,7.128087395558900807e-01,1.802724724783428545e-01,-1.041164391651791532e-01,-1.829490439003906288e-01
3.882376475295059208e+02,1.579066404955990155e+00,6.656356592728371879e-01,7.202554772238729530e-01,1.809637993686727397e-01,-1.046614808050003176e-01,-1.384774891828995380e-01
3.883176635327065469e+02,1.570669081824680235e+00,6.773239854968656770e-01,7.275882099616660659e-01,1.816234500701008059e-01,-1.052344939692417825e-01,-1.390318983611991688e-01
3.883976795359071730e+02,1.562224746002617959e+00,6.888861318367693887e-01,7.348083193636176791e-01,1.822527986784584497e-01,-1.058368529994857532e-01,-2.908017945125594972e-01
3.884776955391078559e+02,1.553730987358641791e+00,7.003228939296977096e-01,7.419171771840366025e-01,1.828531540217213924e-01,-1.064700482908256807e-01,-2.819656012163440084e-01
3.885577115423084820e+02,1.545185270659980237e+00,7.116350275114409207e-01,7.489161442951093317e-01,1.834257626405786379e-01,-1.071357048717511140e-01,-1.938013104743823434e-01
3.886377275455091080e+02,1.536584925392360246e+00,7.228232485339870506e-01,7.558065696947113832e-01,1.839718116124808012e-01,-1.078356057081272801e-01,1.028790045441478618e-02
3.887177435487097341e+02,1.527927134706790646e+00,7.338882332004099673e-01,7.625897895562271378e-01,1.844924312249527909e-01,-1.085717203561001321e-01,-5.088338015311762857e-02
3.887977595519104170e+02,1.519208923176379011e+00,7.448306179047480269e-01,7.692671263128514347e-01,1.849886975037283443e-01,-1.093462357328114920e-01,-6.464782008998182228e-02
3.888777755551110431e+02,1.510427135327629289e+00,7.556509991028240725e-01,7.758398877712251451e-01,1.854616346021175366e-01,-1.101614594047783946e-01,-1.731585183573502440e-01
3.889577915583116692e+02,1.501578416530235494e+00,7.663499330464148551e-01,7.823093662435707252e-01,1.859122170550125408e-01,-1.110198040529253305e-01,-1.582597905089412893e-01
3.890378075615122953e+02,1.492659202556235742e+00,7.769279353317769532e-01,7.886768376878666720e-01,1.863413719006628277e-01,-1.119239479034417339e-01,-1.079445398478315193e-01
3.891178235647129782e+02,1.483665701645174195e+00,7.873854803228926835e-01,7.949435608523858221e-01,1.867499806764140735e-01,-1.128769009670779755e-01,-8.645808574803388880e-02
3.891978395679136042e+02,1.474593874408691718e+00,7.977230004065902769e-01,8.011107764142296750e-01,1.871388812910555755e-01,-1.138820757135783346e-01,-2.665166764954178813e-01
3.892778555711142303e+02,1.465439408206091310e+00,8.079408850781337748e-01,8.071797061038299415e-01,1.875088697771929436e-01,-1.149433177959763297e-01,-1.866018229669171025e-01
3.893578715743148564e+02,1.456197663575271584e+00,8.180394799637545900e-01,8.131515518152980793e-01,1.878607019307022563e-01,-1.160645856064429493e-01,-1.934585542786697032e-01
3.894378875775155393e+02,1.446863653220633816e+00,8.280190854271910483e-01,8.190274946674970247e-01,1.881950948272831381e-01,-1.172502016521179136e-01,1.328331912070618293e-02
3.895179035807161654e+02,1.437432022177785651e+00,8.378799548830656585e-01,8.248086940126706512e-01,1.885127282211669641e-01,-1.185051669351511183e-01,-1.736385851569574867e-01
3.895979195839167915e+02,1.427897010016299095e+00,8.476222928887361396e-01,8.304962863863053490e-01,1.888142458295184178e-01,-1.198352785881109939e-01,-2.022889042075897148e-01
3.896779355871174175e+02,1.418252369787605716e+00,8.572462531455206092e-01,8.360913843981679916e-01,1.891002565088017451e-01,-1.212467625489072054e-01,-4.044159211087515471e-02
3.897579515903181004e+02,1.408491306506007845e+00,8.667519359991417982e-01,8.415950755171063280e-01,1.893713353067136007e-01,-1.227463300929501622e-01,-1.675915142970717808e-01
3.898379675935187265e+02,1.398606456711959378e+00,8.761393852091152734e-01,8.470084207086465700e-01,1.896280243761387929e-01,-1.243418829161957451e-01,-3.201354286079022282e-02
3.899179835967193526e+02,1.388589809708507650e+00,8.854085845233025109e-01,8.523324529505101887e-01,1.898708337697498083e-01,-1.260425675977630555e-01,-2.234482031105893829e-01
3.899979995999199787e+02,1.378432555612669308e+00,8.945594541425713198e-01,8.575681756179615034e-01,1.901002421178575041e-01,-1.278581498302414077e-01,5.968375508301554389e-02
3.900780156031206616e+02,1.368125041307192147e+00,9.035918457520889513e-01,8.627165605846938146e-01,1.903166971216816161e-01,-1.297999572933875023e-01,-1.388614531220428439e-01
3.901580316063212877e+02,1.357656674595674406e+00,9.125055369922069337e-01,8.677785460802798223e-01,1.905206158891836199e-01,-1.318813695486378834e-01,-1.188528490604519455e-01
3.902380476095219137e+02,1.347015693029118166e+00,9.213002259139523309e-01,8.727550343303341895e-01,1.907123851338881071e-01,-1.341170980314360106e-01,-1.588540896402735325e-01
3.903180636127225398e+02,1.336189065017576949e+00,9.299755232827924267e-01,8.776468887081096959e-01,1.908923611135110443e-01,-1.365243681413413901e-01,-1.421127254659745320e-01
3.903980796159232227e+02,1.325162303897451599e+00,9.385309439988809288e-01,8.824549304571844832e-01,1.910608693470536856e-01,-1.391235017057998458e-01,-1.380089683663966449e-01
3.904780956191238488e+02,1.313919127316131252e+00,9.469658980310796670e-01,8.871799349730326023e-01,1.912182041154828205e-01,-1.419374903612727334e-01,-1.758176554627149391e-01
3.905581116223244749e+02,1.302441290304871657e+00,9.552796777558713037e-01,8.918226271810156813e-01,1.913646275331505053e-01,-1.449940070764724198e-01,-2.179148178882524267e-02
3.906381276255251009e+02,1.290708123542095853e+00,9.634714450542131159e-01,8.963836762828139015e-01,1.915003683386982680e-01,-1.483253015218496951e-01,-3.746280997135807422e-01
3.907181436287257839e+02,1.278696141389248364e+00,9.715402145431406566e-01,9.008636892898304049e-01,1.916256201392657899e-01,-1.519698759676030297e-01,-2.741469152061152270e-01
3.907981596319264099e+02,1.266378495631105716e+00,9.794848338979464941e-01,9.052632032393755912e-01,1.917405390810959509e-01,-1.559740132032305659e-01,-1.942718396604753428e-01
3.908781756351270360e+02,1.253724241417586649e+00,9.873039606939709723e-01,9.095826757841141141e-01,1.918452408237833196e-01,-1.603933998195458677e-01,-1.745328151445782738e-01
3.909581916383276621e+02,1.240697531705854395e+00,9.949960329277772741e-01,9.138224733910604858e-01,1.919397964818047864e-01,-1.652963172407859171e-01,-2.212289549357648877e-02
3.910382076415283450e+02,1.227256426614595108e+00,1.002559234568964674e+00,9.179828569000232363e-01,1.920242274604647414e-01,-1.707666236447885622e-01,-1.164099712002511222e-01
3.911182236447289711e+02,1.213351499805764844e+00,1.009991451201876611e+00,9.220639630502699413e-01,1.920984985688138635e-01,-1.769090183441707209e-01,-1.778291234692215284e-01
3.911982396479295971e+02,1.198923908646009950e+00,1.017290215636436734e+00,9.260657810900549958e-01,1.921625090636265853e-01,-1.838555329659680160e-01,-2.650108142485252949e-01
3.912782556511302232e+02,1.183902827609177422e+00,1.024452638918411429e+00,9.299881224775701227e-01,1.922160807725027121e-01,-1.917747879283698831e-01,3.790229774787490236e-03
3.913582716543309061e+02,1.168202072591585816e+00,1.031475320307517318e+00,9.338305807879377918e-01,1.922589420440740937e-01,-2.008858473695002145e-01,-1.146427027004256194e-01
3.914382876575315322e+02,1.151715268855294294e+00,1.038354232444075320e+00,9.375924785359721625e-01,1.922907061700195319e-01,-2.114774287493736971e-01,4.288413747450431357e-02
3.915183036607321583e+02,1.134309206925280034e+00,1.045084566772015000e+00,9.412727941531361386e-01,1.923108413139466288e-01,-2.239375959566108909e-01,-3.737228865932907818e-01
3.915983196639327844e+02,1.115814227248050905e+00,1.051660525397650536e+00,9.448700602301972618e-01,1.923186281376276230e-01,-2.387989537452089861e-01,-6.712047490783434878e-02
3.916783356671334673e+02,1.096010012849444548e+00,1.058075034251875879e+00,9.483822179992625889e-01,1.923130986132513542e-01,-2.568099853305277902e-01,-2.673352477549280626e-01
3.917583516703340933e+02,1.074604044287388316e+00,1.064319336792671988e+00,9.518064027618055034e-01,1.922929449951878145e-01,-2.790516432659956303e-01,-3.649211664459471316e-01
3.918383676735347194e+02,1.051197781487814176e+00,1.070382402570032587e+00,9.551386165655750826e-01,1.922563798704344518e-01,-3.071349068093753854e-01,-2.947819277055145903e-01
3.919183836767353455e+02,1.025231690845527233e+00,1.076250037113594793e+00,9.583732088375412905e-01,1.922009124230754373e-01,-3.435506989801051514e-01,-3.321051410937696513e-01
3.919983996799360284e+02,9.958915298752589740e-01,1.081903490906786836e+00,9.615020113763550480e-01,1.921229733940049145e-01,-3.923208857543297734e-01,-4.240773506095107948e-01
3.920784156831366545e+02,9.619404255775431123e-01,1.087317180133359207e+00,9.645128119370213193e-01,1.920172491001437554e-01,-4.602851887743703019e-01,-6.056962152233975605e-01
3.921584316863372806e+02,9.213982634678666850e-01,1.092454736611282229e+00,9.673864594431422770e-01,1.918754113806196704e-01,-5.598335157707245990e-01,-5.951310989003362195e-01
3.922384476895379066e+02,8.708818423635725781e-01,1.097261670571074488e+00,9.700908581370257799e-01,1.916834698263468195e-01,-7.152355724632769585e-01,-8.439544705513557510e-01
3.923184636927385895e+02,8.041067765095256670e-01,1.101650423147966462e+00,9.725668862607386167e-01,1.914155409926510676e-01,-9.789851568105106816e-01,-9.704239813318271679e-01
3.923984796959392156e+02,7.080608607688999578e-01,1.105466050113877552e+00,9.746896454422497857e-01,1.910166784503525561e-01,-1.480088346151735346e+00,-1.616629214098809442e+00
3.924784956991398417e+02,5.516046883366007014e-01,1.108392300125723651e+00,9.761340598781053091e-01,1.903435667735854930e-01,-2.591887338441943633e+00,-2.570381238160754478e+00
3.925585117023404678e+02,2.452509159437476494e-01,1.109615156808896996e+00,9.757389544535344239e-01,1.888902345469041233e-01,-5.597471563368100256e+00,-5.639102289273984603e+00
3.926385277055411507e+02,-4.880240104469006357e-01,1.106490973449468784e+00,9.687985836822192720e-01,1.847416045184440969e-01,-1.369497986648829979e+01,-1.359990016372753630e+01
3.927185437087417768e+02,-1.630324493969460775e+00,1.095528521592503912e+00,9.542481428612037408e-01,1.777633683462156167e-01,-9.528543662937673631e+00,-9.607768419985365682e+00
3.927985597119424028e+02,-1.936851750227028379e+00,1.079736244869692108e+00,9.391410096661862994e-01,1.708022765917880104e-01,-7.582641111526761124e-01,-8.944478542440357227e-01
3.928785757151430289e+02,-1.953345402955285914e+00,1.063335924105452301e+00,9.242594961378002294e-01,1.641454189916579376e-01,2.019143062696182600e-02,-1.212230756803515941e-01
3.929585917183437118e+02,-1.949178854898726998e+00,1.047015144146650201e+00,9.096139613780571676e-01,1.577859748024262876e-01,6.501724939292075067e-02,9.058410620224127685e-02
3.930386077215443379e+02,-1.943826965742693202e+00,1.030817231827885205e+00,8.952012977499068658e-01,1.517119136793941558e-01,6.767878938776783482e-02,4.608565774255333758e-01
3.931186237247449640e+02,-1.938398720773646611e+00,1.014744297850131982e+00,8.810178520718772166e-01,1.459110123761978017e-01,6.793770473403071275e-02,-7.128424926478479917e-02
3.931986397279455900e+02,-1.932957786113159715e+00,9.987961162466408860e-01,8.670599958856011202e-01,1.403711649309962173e-01,6.805347284787183204e-02,4.147513692931717455e-03
3.932786557311462730e+02,-1.927508152276552256e+00,9.829723320281579246e-01,8.533241566274417655e-01,1.350804724221495723e-01,6.815861315584842428e-02,2.208552185014972247e-01
3.933586717343468990e+02,-1.922050272642618074e+00,9.672725878259317289e-01,8.398068185704219424e-01,1.300273077362380514e-01,6.826057516042260964e-02,1.320242699855044832e-01
3.934386877375475251e+02,-1.916584383354093646e+00,9.516965314460384961e-01,8.265045220284582550e-01,1.252003671541528362e-01,6.835927701296651282e-02,1.936740539334157185e-01
3.935187037407481512e+02,-1.911110718264378949e+00,9.362438163679505099e-01,8.134138624703826093e-01,1.205887104288405898e-01,6.845467460586118769e-02,9.710990659184225160e-02
3.935987197439488341e+02,-1.905629515234167570e+00,9.209141017585152911e-01,8.005314896413654457e-01,1.161817905571419368e-01,6.854700193516527484e-02,1.147986151989532910e-01
3.936787357471494602e+02,-1.900141012636476612e+00,9.057070524543772150e-01,7.878541066985350616e-01,1.119694744713675000e-01,6.863666794945377791e-02,7.136022262892653678e-02
3.937587517503500862e+02,-1.894645441392615703e+00,8.906223389217522435e-01,7.753784693605798584e-01,1.079420558718100914e-01,6.872400461628014323e-02,-4.524221765365075976e-02
3.938387677535507123e+02,-1.889143009461887512e+00,8.756596371828555547e-01,7.631013850711247937e-01,1.040902613760634893e-01,6.880877556818543184e-02,8.718613076249220883e-02
3.939187837567513952e+02,-1.883633920858409194e+00,8.608186288099038963e-01,7.510197121772764772e-01,1.004052510860330844e-01,6.889082015281017268e-02,-3.157328551316163079e-02
3.939987997599520213e+02,-1.878118378568870872e+00,8.460990008624575953e-01,7.391303591211807467e-01,9.687861457758645267e-02,6.897014659766054212e-02,1.284940277743194248e-01
3.940788157631526474e+02,-1.872596582640417617e+00,8.315004457917010150e-01,7.274302836446160381e-01,9.350236321376846627e-02,6.904686372857932186e-02,-2.072460100134755345e-01
3.941588317663532735e+02,-1.867068728817532719e+00,8.170226613228257495e-01,7.159164920067758731e-01,9.026891957475233208e-02,6.912113062312874590e-02,-1.428227060237103052e-01
3.942388477695539564e+02,-1.861535007606047287e+00,8.026653503129892453e-01,7.045860382148587675e-01,8.717110469185541943e-02,6.919312006297834161e-02,4.961459933069656270e-02
3.943188637727545824e+02,-1.855995603698649132e+00,7.884282205828158085e-01,6.934360232673332236e-01,8.420212367291811384e-02,6.926299355141246616e-02,7.289993439834779876e-02
3.943988797759552085e+02,-1.850450694828335463e+00,7.743109847169181714e-01,6.824635944094716855e-01,8.135555021387964880e-02,6.933085905581060082e-02,2.478218691222798808e-01
3.944788957791558346e+02,-1.844900449188034308e+00,7.603133598293343454e-01,6.716659444010405489e-01,7.862531040806947091e-02,6.939668670930959626e-02,-1.939089710927743848e-02
3.945589117823565175e+02,-1.839345030744455212e+00,7.464350673164735772e-01,6.610403107962780078e-01,7.600566619085386000e-02,6.946046705700176238e-02,1.252167589014377136e-01
3.946389277855571436e+02,-1.833784600024641165e+00,7.326758325639185498e-01,6.505839752354343197e-01,7.349119869198661448e-02,6.952222584712397513e-02,-1.188407670480725598e-01
3.947189437887577697e+02,-1.828219313875935947e+00,7.190353846139045935e-01,6.402942627477014037e-01,7.107679171269358498e-02,6.958200782446050114e-02,2.990833912486622892e-01
3.947989597919583957e+02,-1.822649325391718866e+00,7.055134557952272845e-01,6.301685410655362141e-01,6.875761549679325346e-02,6.963986665075305726e-02,-1.997891090622663790e-01
3.948789757951590218e+02,-1.817074783924113701e+00,6.921097813137618848e-01,6.202042199500670261e-01,6.652911092498652035e-02,6.969585849043169468e-02,2.118281343318720589e-01
3.949589917983597047e+02,-1.811495835152839184e+00,6.788240988022294919e-01,6.103987505274239833e-01,6.438697422801804848e-02,6.975003831457132764e-02,2.325303800624108075e-02
3.950390078015603308e+02,-1.805912621183403122e+00,6.656561478279958699e-01,6.007496246358460246e-01,6.232714228676910356e-02,6.980245812797242211e-02,-1.226417800657939594e-01
3.951190238047609569e+02,-1.800325280651716264e+00,6.526056693576883783e-01,5.912543741832723132e-01,6.034577856472463087e-02,6.985316646865441514e-02,1.822060318938098500e-03
3.951990398079615829e+02,-1.794733948816293889e+00,6.396724051779645315e-01,5.819105705153841956e-01,5.843925970005187792e-02,6.990220866707336222e-02,1.463807771384543766e-01
3.952790558111622659e+02,-1.789138757622937392e+00,6.268560972716696877e-01,5.727158237938146934e-01,5.660416276988732009e-02,6.994962748235605821e-02,4.308302639906420872e-02
3.953590718143628919e+02,-1.783539835730739931e+00,6.141564871491689281e-01,5.636677823844382651e-01,5.483725322797333712e-02,6.999546385491745015e-02,-2.731343367317225213e-02
3.954390878175635180e+02,-1.777937308491938984e+00,6.015733151346998042e-01,5.547641322554753840e-01,5.313547350782731743e-02,7.003975762821385009e-02,7.441884831986708693e-02
3.955191038207641441e+02,-1.772331297882015821e+00,5.891063196082785280e-01,5.460025963853877284e-01,5.149593227688408631e-02,7.008254819754894394e-02,5.576200500994116238e-02
3.955991198239648270e+02,-1.766721922379985044e+00,5.767552362037606795e-01,5.373809341803048589e-01,4.991589432196644888e-02,7.012387513956747087e-02,1.478184942345535657e-01
3.956791358271654531e+02,-1.761109296802547464e+00,5.645197969643481750e-01,5.288969409009133260e-01,4.839277104285986952e-02,7.016377896274794690e-02,1.245048548503273761e-01
3.957591518303660791e+02,-1.755493532099224208e+00,5.523997294570612837e-01,5.205484470985689560e-01,4.692411152827159065e-02,7.020230219659945314e-02,8.580053926922966145e-03
3.958391678335667052e+02,-1.749874735119213431e+00,5.403947558485224789e-01,5.123333180606155501e-01,4.550759418695251440e-02,7.023949110504246196e-02,-2.172229042180855163e-02
3.959191838367673881e+02,-1.744253008363948920e+00,5.285045919446330620e-01,5.042494532646802918e-01,4.414101890590767935e-02,7.027539836727131339e-02,5.983268791662541691e-02
3.959991998399680142e+02,-1.738628449742743109e+00,5.167289461975456133e-01,4.962947858418921832e-01,4.282229970741009001e-02,7.031008711789604737e-02,3.982406524043202029e-02
3.960792158431686403e+02,-1.733001152351923979e+00,5.050675186837013664e-01,4.884672820488046296e-01,4.154945787670487334e-02,7.034363677557442518e-02,8.175590694462284147e-02
3.961592318463692663e+02,-1.727371204301053842e+00,4.935200000576363544e-01,4.807649407480243942e-01,4.032061553286022532e-02,7.037615111798734002e-02,-4.749055556301305658e-02
3.962392478495699493e+02,-1.721738688673532636e+00,4.820860704867857005e-01,4.731857928973443039e-01,3.913398961597529258e-02,7.040777059293748530e-02,6.780959659187957289e-02
3.963192638527705753e+02,-1.716103681269853798e+00,4.707653985653411088e-01,4.657279010471149228e-01,3.798788626484921049e-02,7.043863074216449860e-02,-2.683977574161382218e-02
3.963992798559712014e+02,-1.710466246314673144e+00,4.595576402136172800e-01,4.583893588456439128e-01,3.688069556028651663e-02,7.046877486666311419e-02,1.117360066820331510e-01
3.964792958591718275e+02,-1.704826438973253033e+00,4.484624375989564871e-01,4.511682905534638022e-01,3.581088661095874898e-02,7.049823728778326082e-02,8.216082324582046903e-02
3.965593118623725104e+02,-1.699184305560427211e+00,4.374794180564052781e-01,4.440628505654747316e-01,3.477700295901277328e-02,7.052706803415687009e-02,3.059920267596433902e-02
3.966393278655731365e+02,-1.693539883576798966e+00,4.266081930240947506e-01,4.370712229411150562e-01,3.377765828437341578e-02,7.055535317554290087e-02,-1.025792093931292837e-01
3.967193438687737626e+02,-1.687893202001131243e+00,4.158483570032014409e-01,4.301916209424309634e-01,3.281153238781789327e-02,7.058324098878770991e-02,1.681881528197794462e-01
3.967993598719743886e+02,-1.682244281882855130e+00,4.051994865518643296e-01,4.234222865800713609e-01,3.187736743410180679e-02,7.061097440099958766e-02,-2.978335264525483472e-02
3.968793758751750715e+02,-1.676593136769877423e+00,3.946611393206621021e-01,4.167614901669968730e-01,3.097396443753695425e-02,7.063891844589775815e-02,7.763333987516038426e-03
3.969593918783756976e+02,-1.670939758207754755e+00,3.842328530863662883e-01,4.102075298781177048e-01,3.010017997276349944e-02,7.066724892762638044e-02,4.707078563700133056e-02
3.970394078815763237e+02,-1.665284112677932304e+00,3.739141448852451588e-01,4.037587313185949101e-01,2.925492309657569054e-02,7.069591738548888782e-02,9.669732591271926192e-02
3.971194238847769498e+02,-1.659626154905147644e+00,3.637045102762994087e-01,3.974134471016711467e-01,2.843715246698632487e-02,7.072498193948298373e-02,1.203200455199379681e-03
3.971994398879776327e+02,-1.653965830205626153e+00,3.536034226481366560e-01,3.911700564327910690e-01,2.764587364455869251e-02,7.075467793652284731e-02,3.565474204649879408e-03
3.972794558911782588e+02,-1.648303077015089046e+00,3.436103326176009332e-01,3.850269647012218854e-01,2.688013656414594416e-02,7.078548805458731441e-02,-8.687956714954311876e-02
3.973594718943788848e+02,-1.642637814599652524e+00,3.337246674721338069e-01,3.789826030769695708e-01,2.613903316450222683e-02,7.081789018375042599e-02,1.607008808935131150e-01
3.974394878975795109e+02,-1.636969914641241308e+00,3.239458306557169154e-01,3.730354281124469984e-01,2.542169516458680015e-02,7.085177983539442392e-02,6.971689475986891926e-03
3.975195039007801938e+02,-1.631299233422855766e+00,3.142732015973156989e-01,3.671839213593981466e-01,2.472729198163510153e-02,7.088720094906020286e-02,9.444746345398991050e-03
3.975995199039808199e+02,-1.625625622163158202e+00,3.047061355858111664e-01,3.614265889905298734e-01,2.405502877659014896e-02,7.092457666038609609e-02,-1.519136786388482485e-01
3.976795359071814460e+02,-1.619948925377706406e+00,2.952439637300183217e-01,3.557619614266516184e-01,2.340414461868886922e-02,7.096467863561134459e-02,-2.437698025498591381e-03
3.977595519103820720e+02,-1.614268927981215906e+00,2.858859928474801748e-01,3.501885929627038263e-01,2.277391075803365111e-02,7.100755921438939300e-02,1.447615659388537535e-01
3.978395679135827550e+02,-1.608585381987633456e+00,2.766315057998608995e-01,3.447050614123143286e-01,2.216362900797233179e-02,7.105314898824127701e-02,1.627195483955893862e-01
3.979195839167833810e+02,-1.602898041903455528e+00,2.674797620134068410e-01,3.393099677615442622e-01,2.157263022594275992e-02,7.110198681963206258e-02,-4.686877442936193683e-02
3.979995999199840071e+02,-1.597206652054771192e+00,2.584299979541150316e-01,3.340019358222618973e-01,2.100027288178818452e-02,7.115495889883291514e-02,6.306015980927243136e-02
3.980796159231846332e+02,-1.591510874331101721e+00,2.494814274921185460e-01,3.287796118813600121e-01,2.044594170577074613e-02,7.121190260226256674e-02,1.204277439376811032e-01
3.981596319263853161e+02,-1.585810355172412756e+00,2.406332429783456239e-01,3.236416643801727777e-01,1.990904642717907305e-02,7.127296648627955145e-02,-8.517275781240231380e-02
3.982396479295859422e+02,-1.580104754550672341e+00,2.318846163194343002e-01,3.185867835957650329e-01,1.938902058473893075e-02,7.133915870222717892e-02,1.976605833116637512e-02
3.983196639327865682e+02,-1.574393661832312441e+00,2.232346997042602144e-01,3.136136813077572971e-01,1.888532039632565343e-02,7.141074640619644864e-02,1.286971317278576277e-01
3.983996799359871943e+02,-1.568676611606053761e+00,2.146826268748631972e-01,3.087210904891874441e-01,1.839742370194748927e-02,7.148760865911436835e-02,1.679825108830683145e-01
3.984796959391878772e+02,-1.562953165000683819e+00,2.062275148206609288e-01,3.039077650184215940e-01,1.792482897444714132e-02,7.157075577481908368e-02,-8.657324245695890985e-02
3.985597119423885033e+02,-1.557222817860422381e+00,1.978684648329528950e-01,2.991724793636469371e-01,1.746705437074937139e-02,7.166062861736106904e-02,-5.219699577308971328e-02
3.986397279455891294e+02,-1.551484996171099251e+00,1.896045640343999306e-01,2.945140282897693029e-01,1.702363684415876544e-02,7.175706790653324507e-02,1.748118697076042616e-01
3.987197439487897554e+02,-1.545739162646624365e+00,1.814348875235104741e-01,2.899312265975365621e-01,1.659413131905410066e-02,7.186123264596167015e-02,1.815878502214724605e-02
3.987997599519904384e+02,-1.539984689550392138e+00,1.733584995442442878e-01,2.854229088185528118e-01,1.617810988804519942e-02,7.197333604464749290e-02,9.471116394612344447e-02
3.988797759551910644e+02,-1.534220902930534258e+00,1.653744555015473905e-01,2.809879289532975499e-01,1.577516107091083211e-02,7.209347412110191089e-02,-5.761813058198182735e-02
3.989597919583916905e+02,-1.528447159501147734e+00,1.574818042195827439e-01,2.766251602264371834e-01,1.538488912012078887e-02,7.222294232825735016e-02,1.757105984382958397e-01
3.990398079615923166e+02,-1.522662684246794740e+00,1.496795891072320583e-01,2.723334947901072667e-01,1.500691333687666218e-02,7.236147738066897594e-02,9.804993171145102993e-02
3.991198239647929995e+02,-1.516866727340885124e+00,1.419668508877325597e-01,2.681118435121386256e-01,1.464086746190450261e-02,7.250994422475579015e-02,2.007471960864814498e-01
3.991998399679936256e+02,-1.511058485850883759e+00,1.343426292380776599e-01,2.639591357140819716e-01,1.428639907302890928e-02,7.266901366217159985e-02,-3.510744763791728840e-02
3.992798559711942517e+02,-1.505237070915551811e+00,1.268059646408209451e-01,2.598743189248212682e-01,1.394316901970090936e-02,7.283866900899514663e-02,4.655951438552519139e-03
3.993598719743948777e+02,-1.499401634698263708e+00,1.193559010613809424e-01,2.558563586875657325e-01,1.361085091086606386e-02,7.302026502207514813e-02,-6.267701113465237728e-02
3.994398879775955606e+02,-1.493551181336156164e+00,1.119914870089030456e-01,2.519042382839281613e-01,1.328913058803572050e-02,7.321352597401807605e-02,-6.437159608936683652e-02
3.995199039807961867e+02,-1.487684767896741311e+00,1.047117785809427576e-01,2.480169585783757180e-01,1.297770568118047224e-02,7.341974642884693814e-02,-7.447848701100140412e-02
3.995999199839968128e+02,-1.481801324915432261e+00,9.751584051455623736e-02,2.441935377577411914e-01,1.267628513574239196e-02,7.363900491491742750e-02,7.486342685291225152e-02
3.996799359871974389e+02,-1.475899788171431304e+00,9.040274882785055699e-02,2.404330111726097341e-01,1.238458881062605432e-02,7.387222757277260576e-02,-3.562978972870950445e-02
3.997599519903981218e+02,-1.469979015089065699e+00,8.337159228612854578e-02,2.367344311203635476e-01,1.210234706723434077e-02,7.411993432509828006e-02,5.284375925093175164e-02
3.998399679935987479e+02,-1.464037816967577621e+00,7.642147442796100310e-02,2.330968666722003646e-01,1.182930039862877675e-02,7.438276153656930845e-02,-1.482115913360179671e-02
3.999199839967993739e+02,-1.458074961940006631e+00,6.955151539347585732e-02,2.295194035010503231e-01,1.156519907633079755e-02,7.466152842215446894e-02,8.985778688685541749e-02
4.000000000000000000e+02,-1.452089137262829732e+00,6.276085344868716220e-02,2.260011437018407121e-01,1.130980280965341624e-02,7.495673416308377968e-02,1.373616223209443432e-01
