t,R,C,dR_dt,dR_dt_noisy
0.000000000000000000e+00,1.000000000000000000e+00,0.000000000000000000e+00,0.000000000000000000e+00,8.639604801619651248e-03
2.000400080016003206e-03,9.999976341805395519e-01,3.062198439545760383e-03,-2.364027987201298888e-03,1.817642560032766211e-02
4.000800160032006413e-03,9.999905496271092042e-01,6.093918098767990565e-03,-4.716384239011328638e-03,3.544542665573349391e-03
6.001200240048009185e-03,9.999787770141880250e-01,9.095458989353676083e-03,-7.049876571444346762e-03,-3.962880736155337258e-02
8.001600320064012825e-03,9.999623614930869264e-01,1.206711811126605707e-02,-9.357832218070289212e-03,1.327606444875765491e-02
1.000200040008001647e-02,9.999413600090922838e-01,1.500918959400893322e-02,-1.163409089300388929e-02,-4.747265839036059892e-04
1.200240048009601837e-02,9.999158411269858382e-01,1.792196470691637469e-02,-1.387300208484491641e-02,-2.729683296885204724e-02
1.400280056011202201e-02,9.998858849990722719e-01,2.080573186046135586e-02,-1.606942242418871181e-02,-1.541469819279883691e-03
1.600320064012802565e-02,9.998515812379605849e-01,2.366077667057870509e-02,-1.821870092019981999e-02,-9.104391015547925667e-03
1.800360072014402929e-02,9.998130291235889366e-01,2.648738189336744681e-02,-2.031667292190138946e-02,-1.296336050551323907e-02
2.000400080016003293e-02,9.997703353669323834e-01,2.928582755766946655e-02,-2.235963905857078077e-02,-2.164908302567586026e-02
2.200440088017603657e-02,9.997236127042298248e-01,3.205639103379451238e-02,-2.434434479595040321e-02,-1.067652013063922871e-02
2.400480096019203674e-02,9.996729798969838932e-01,3.479934703352022263e-02,-2.626796736569159477e-02,-4.467931954073327272e-02
2.600520104020804038e-02,9.996185617319607308e-01,3.751496761009209813e-02,-2.812810326268666908e-02,-3.220085196251298854e-02
2.800560112022404402e-02,9.995604878285938577e-01,4.020352219970072666e-02,-2.992274686190699029e-02,-4.197572967890644824e-02
3.000600120024004766e-02,9.994988907576445314e-01,4.286527761518391100e-02,-3.165026138837695457e-02,-1.667910607251126692e-02
3.200640128025605130e-02,9.994339068880628840e-01,4.550049804129512043e-02,-3.330937018432875846e-02,-3.231631749728728492e-02
3.400680136027205147e-02,9.993656738375209514e-01,4.810944519081739729e-02,-3.489912037314631121e-02,-4.221053914727352502e-02
3.600720144028805858e-02,9.992943303986948633e-01,5.069237830814277840e-02,-3.641886509748633316e-02,-5.596657665640739077e-02
3.800760152030405875e-02,9.992200165392653988e-01,5.324955416927224655e-02,-3.786824726276409592e-02,-4.429805327823586186e-02
4.000800160032006586e-02,9.991428734019172087e-01,5.578122708181580680e-02,-3.924718416801941528e-02,-3.904362965506082833e-02
4.200840168033606603e-02,9.990630425010772475e-01,5.828764892194065322e-02,-4.055584492184634293e-02,-4.744591755433060637e-02
4.400880176035207314e-02,9.989806637298243031e-01,6.076906913564075058e-02,-4.179461500825591008e-02,-9.443019648300729485e-03
4.600920184036807331e-02,9.988958767592232002e-01,6.322573469171945126e-02,-4.296409440365402121e-02,-1.779598652100916265e-02
4.800960192038407348e-02,9.988088193423345640e-01,6.565789025724438899e-02,-4.406506546586758805e-02,-1.118441274400168162e-01
5.001000200040008059e-02,9.987196272151743770e-01,6.806577820457894445e-02,-4.509847665332264444e-02,-9.232380780251446539e-02
5.201040208041608076e-02,9.986284340967140905e-01,7.044963861138227312e-02,-4.606542814212999382e-02,-5.043473044350904599e-02
5.401080216043208787e-02,9.985353716888809572e-01,7.280970926060935378e-02,-4.696715832258955420e-02,-5.752191861199839468e-02
5.601120224044808804e-02,9.984405696729716784e-01,7.514622564096483381e-02,-4.780503108066710971e-02,-4.246395614320182949e-02
5.801160232046409515e-02,9.983441546083751117e-01,7.745942102110398020e-02,-4.858051071735045023e-02,-4.314746244178636198e-02
6.001200240048009532e-02,9.982462495493519272e-01,7.974952633050604034e-02,-4.929514480510539809e-02,3.650824071170809260e-03
6.201240248049610243e-02,9.981469745545171746e-01,8.201677026159021056e-02,-4.995055865085588215e-02,-7.775107771816291979e-02
6.401280256051210260e-02,9.980464462531399850e-01,8.426137937200545158e-02,-5.054843922729722328e-02,-5.998856440547217783e-02
6.601320264052810971e-02,9.979447778451434603e-01,8.648357808463043306e-02,-5.109052476497005085e-02,-2.123457766178837858e-05
6.801360272054410294e-02,9.978420791011050062e-01,8.868358868757353353e-02,-5.157859502759432058e-02,-3.541102012254814663e-02
7.001400280056011005e-02,9.977384563622558877e-01,9.086163133417290982e-02,-5.201446222951136567e-02,-3.543787792010481830e-02
7.201440288057611716e-02,9.976340125404817849e-01,9.301792404299641381e-02,-5.239996255653320278e-02,-6.525012184871978316e-02
7.401480296059212427e-02,9.975288468856242652e-01,9.515268276192488661e-02,-5.273694514607808054e-02,-9.393882441746939649e-02
7.601520304060811750e-02,9.974230543251366710e-01,9.726612127480246950e-02,-5.302725535060219542e-02,-4.884063674503366648e-02
7.801560312062412461e-02,9.973167260773834197e-01,9.935845124481890167e-02,-5.327273569913515416e-02,-5.054738350359646443e-02
8.001600320064013172e-02,9.972099498336556289e-01,1.014298823515803472e-01,-5.347522198798665416e-02,-8.415902334410101104e-02
8.201640328065612495e-02,9.971028097581160488e-01,1.034806222912459106e-01,-5.363653729425086475e-02,-7.071720383876492488e-02
8.401680336067213206e-02,9.969953864877989513e-01,1.055108767765276651e-01,-5.375848640596233435e-02,-5.555957839914302254e-02
8.601720344068813917e-02,9.968877571326096865e-01,1.075208495366905687e-01,-5.384285064234377305e-02,-7.746164121886320308e-02
8.801760352070414628e-02,9.967799952753252368e-01,1.095107423175524786e-01,-5.389138303969532445e-02,-5.634813223600075582e-02
9.001800360072013951e-02,9.966721710310100235e-01,1.114807548998857922e-01,-5.390580477550824257e-02,-5.151872908877188489e-02
9.201840368073614662e-02,9.965643510917477910e-01,1.134310851478091270e-01,-5.388780176672301747e-02,-5.299814584033587378e-02
9.401880376075215373e-02,9.964565982050114235e-01,1.153619288501559759e-01,-5.383901288428705190e-02,-6.649630434214492958e-02
9.601920384076814696e-02,9.963489720683279538e-01,1.172734799273148776e-01,-5.376103989429556473e-02,-3.891733809964999236e-02
9.801960392078415407e-02,9.962415294498998541e-01,1.191659304632047556e-01,-5.365544633735370300e-02,-3.137627248029549454e-02
1.000200040008001612e-01,9.961343241886041477e-01,1.210394707052749597e-01,-5.352375482555853103e-02,-4.550254721139443403e-02
1.020204040808161683e-01,9.960274071939931861e-01,1.228942890645051828e-01,-5.336744454026724760e-02,-7.382320022502492085e-02
1.040208041608321615e-01,9.959208264462940940e-01,1.247305721154055996e-01,-5.318794891746682352e-02,-3.489664182283080257e-02
1.060212042408481686e-01,9.958146269964091024e-01,1.265485045960167421e-01,-5.298665350839308619e-02,-6.552265397006939995e-02
1.080216043208641757e-01,9.957088511321325885e-01,1.283482694402141577e-01,-5.276489667774340864e-02,-3.078588122054377527e-02
1.100220044008801829e-01,9.956035386245530860e-01,1.301300477920543652e-01,-5.252397183312725037e-02,-7.931865725506336007e-02
1.120224044808961761e-01,9.954987261071382987e-01,1.318940188694250615e-01,-5.226511582217845120e-02,-2.940343574395892084e-02
1.140228045609121832e-01,9.953944480166656561e-01,1.336403601812990727e-01,-5.198952272346257786e-02,-5.249110908884958848e-02
1.160232046409281903e-01,9.952907366727724581e-01,1.353692475449465860e-01,-5.169834409120439150e-02,-8.291706634956477751e-02
1.180236047209441835e-01,9.951876222779562076e-01,1.370808550859353714e-01,-5.139268801254787133e-02,-5.924017481171906657e-02
1.200240048009601906e-01,9.950851329175744997e-01,1.387753552381306710e-01,-5.107361824387974397e-02,-4.972106127459114538e-02
1.220244048809761978e-01,9.949832945598450218e-01,1.404529187436952820e-01,-5.074215342070195062e-02,-4.392236994159060687e-02
1.240248049609922049e-01,9.948821310558453312e-01,1.421137146530894180e-01,-5.039926633585480736e-02,-7.495396945937925215e-02
1.260252050410081981e-01,9.947816642064607473e-01,1.437579103389923785e-01,-5.004588441762644613e-02,-7.773021059675627731e-02
1.280256051210242052e-01,9.946819143240935857e-01,1.453856715702058766e-01,-4.968289870722963908e-02,-4.469328538605261969e-02
1.300260052010402123e-01,9.945828994579807292e-01,1.469971623029991958e-01,-4.931115025602091084e-02,-6.097989067801596469e-02
1.320264052810562194e-01,9.944846360862226176e-01,1.485925448934709292e-01,-4.893144153376680766e-02,-4.304380124051117307e-02
1.340268053610722265e-01,9.943871393214395171e-01,1.501719801486406103e-01,-4.854453975450270103e-02,-2.955655169254322104e-02
1.360272054410882059e-01,9.942904229107717429e-01,1.517356273264486299e-01,-4.815117674534725306e-02,-8.937086090412096895e-02
1.380276055211042130e-01,9.941944992358797695e-01,1.532836441357564305e-01,-4.775204883601168876e-02,-4.139234592307125538e-02
1.400280056011202201e-01,9.940993793129440093e-01,1.548161867363462285e-01,-4.734781676728298805e-02,-1.673164257888967721e-02
1.420284056811362272e-01,9.940050727926649232e-01,1.563334097389212918e-01,-4.693910561688457300e-02,-5.437727672614640212e-02
1.440288057611522343e-01,9.939115879602629100e-01,1.578354662051056623e-01,-4.652650474120222784e-02,-6.679686932214147499e-02
1.460292058411682414e-01,9.938189319597109384e-01,1.593225076989154276e-01,-4.611057171482504241e-02,-2.730447603533522200e-02
1.480296059211842485e-01,9.937271110420153875e-01,1.607946842551575550e-01,-4.569183673116683497e-02,-3.935567382596329850e-02
1.500300060012002279e-01,9.936361300587430723e-01,1.622521442716591822e-01,-4.527079367852285957e-02,-2.287371690908384866e-02
1.520304060812162350e-01,9.935459930488390601e-01,1.636950347283577523e-01,-4.484791072071372259e-02,-5.347830347199571815e-02
1.540308061612322421e-01,9.934567032649266327e-01,1.651235011952557341e-01,-4.442363094074536223e-02,-8.146908778380064498e-02
1.560312062412482492e-01,9.933682631733065094e-01,1.665376878324208998e-01,-4.399837251475555155e-02,-4.674864163253682897e-02
1.580316063212642563e-01,9.932806744539576238e-01,1.679377373899860748e-01,-4.357252888309537386e-02,-5.471823270837618269e-02
1.600320064012802634e-01,9.931939380005365692e-01,1.693237912081493046e-01,-4.314646891837988635e-02,-2.376337336719053228e-02
1.620324064812962706e-01,9.931080539203778201e-01,1.706959892171737714e-01,-4.272053709044593139e-02,-3.787971588101708698e-02
1.640328065613122499e-01,9.930230215344939548e-01,1.720544699373877939e-01,-4.229505362811762648e-02,-8.306628443899516379e-02
1.660332066413282570e-01,9.929388395415206237e-01,1.733993705295539811e-01,-4.187031770135281328e-02,-7.174939470393280894e-02
1.680336067213442641e-01,9.928555062776456275e-01,1.747308267705596496e-01,-4.144661234351548762e-02,-1.935188642883410581e-02
1.700340068013602712e-01,9.927730192784590679e-01,1.760489729281892735e-01,-4.102419659360125731e-02,-2.403007115815509326e-02
1.720344068813762783e-01,9.926913756648200193e-01,1.773539419847231791e-01,-4.060331289897070595e-02,-5.660939704668292716e-02
1.740348069613922855e-01,9.926105721645829272e-01,1.786458656462985850e-01,-4.018418775706388696e-02,-4.021040767124590271e-02
1.760352070414082926e-01,9.925306051125982743e-01,1.799248743429095188e-01,-3.976703194612992570e-02,-2.862769310172526976e-02
1.780356071214242719e-01,9.924514704507123586e-01,1.811910972284067889e-01,-3.935204074699964055e-02,-2.764193235081769187e-02
1.800360072014402790e-01,9.923731637277671824e-01,1.824446621804981239e-01,-3.893939415626842399e-02,-1.703333925340966976e-02
1.820364072814562861e-01,9.922956800996003413e-01,1.836856958007480889e-01,-3.852925709121701042e-02,-3.211711641067795803e-02
1.840368073614722932e-01,9.922190143290453568e-01,1.849143234145780024e-01,-3.812177958680107448e-02,-4.049248806101352766e-02
1.860372074414883004e-01,9.921431608106232591e-01,1.861306690839174549e-01,-3.771709745688942711e-02,-4.418829907658556461e-02
1.880376075215043075e-01,9.920681138973572732e-01,1.873348556938102538e-01,-3.731533867494268158e-02,-1.092176866161139945e-02
1.900380076015203146e-01,9.919938676071052841e-01,1.885270047166996144e-01,-3.691661791581252183e-02,-9.318797479277596274e-02
1.920384076815362939e-01,9.919204157262102584e-01,1.897072364161418723e-01,-3.652103885249501775e-02,-3.998742197977844803e-02
1.940388077615523010e-01,9.918477518881756438e-01,1.908756699063353379e-01,-3.612869588150139505e-02,-3.530369328189988942e-02
1.960392078415683081e-01,9.917758695736650365e-01,1.920324231521202407e-01,-3.573967432322461280e-02,-7.137339834497929969e-02
1.980396079215843153e-01,9.917047621105025135e-01,1.931776129689787846e-01,-3.535405061369748664e-02,-2.703371028524632208e-02
2.000400080016003224e-01,9.916344226736726331e-01,1.943113550230350928e-01,-3.497189248810680939e-02,-5.125391779919166030e-02
2.020404080816163295e-01,9.915648442853199906e-01,1.954337638310553460e-01,-3.459325915642615795e-02,-1.303213924853248787e-02
2.040408081616323366e-01,9.914960198147498849e-01,1.965449527604475333e-01,-3.421820147154423786e-02,-3.735800357240241787e-02
2.060412082416483437e-01,9.914279419784278735e-01,1.976450340292617014e-01,-3.384676209017952603e-02,-1.711793107044320625e-02
2.080416083216643230e-01,9.913606033957259589e-01,1.987341187441317159e-01,-3.347897672515028067e-02,-3.007886595869698615e-03
2.100420084016803302e-01,9.912939967995723078e-01,1.998123169156674483e-01,-3.311487835234122601e-02,-2.354163878450441644e-02
2.120424084816963373e-01,9.912281147924679736e-01,2.008797372808703574e-01,-3.275449256444135787e-02,-5.464752115001249300e-02
2.140428085617123444e-01,9.911629499400121945e-01,2.019364875282087246e-01,-3.239783969652963724e-02,-7.025580548914560353e-02
2.160432086417283515e-01,9.910984947866406936e-01,2.029826743155168367e-01,-3.204493529187769918e-02,1.178966764603162076e-02
2.180436087217443586e-01,9.910347418556254562e-01,2.040184032699949301e-01,-3.169579024560343489e-02,-3.447809507529141920e-02
2.200440088017603657e-01,9.909716836490749525e-01,2.050437789882093575e-01,-3.135041094201506534e-02,-4.856453463287310757e-02
2.220444088817763451e-01,9.909093126479342484e-01,2.060589050360923657e-01,-3.100879938592017437e-02,-2.740237218439954894e-02
2.240448089617923522e-01,9.908476213119846721e-01,2.070638839489422900e-01,-3.067095332816535680e-02,-3.545623659023158791e-02
2.260452090418083593e-01,9.907866020798439255e-01,2.080588172314234152e-01,-3.033686638568235117e-02,-9.033309780365157693e-03
2.280456091218243664e-01,9.907262473689664173e-01,2.090438053575660871e-01,-3.000652815628396253e-02,-2.915832359535645499e-02
2.300460092018403735e-01,9.906665496041549002e-01,2.100189478021638190e-01,-2.967992491085653939e-02,-2.933618532039605070e-02
2.320464092818563806e-01,9.906075013774187088e-01,2.109843430746625725e-01,-2.935704285097300026e-02,-4.722153587679710218e-02
2.340468093618723877e-01,9.905490952953833750e-01,2.119400885220442954e-01,-2.903786508518310661e-02,-1.729866261649577047e-02
2.360472094418883671e-01,9.904913239953722082e-01,2.128862805474001085e-01,-2.872237223108907445e-02,-5.456904028996363565e-02
2.380476095219043742e-01,9.904341801563544267e-01,2.138230146333853221e-01,-2.841054274840479343e-02,-1.176330675430561565e-02
2.400480096019203813e-01,9.903776564989453801e-01,2.147503853422194631e-01,-2.810235303455208000e-02,9.996084790201219261e-03
2.420484096819363884e-01,9.903217457854063266e-01,2.156684863156862753e-01,-2.779777751604195490e-02,-6.591492846852076148e-02
2.440488097619523955e-01,9.902664408196447665e-01,2.165774102751337749e-01,-2.749678873585116590e-02,-8.915251951963411303e-02
2.460492098419684026e-01,9.902117344472137761e-01,2.174772490214741949e-01,-2.719935743693888131e-02,-1.177738855808089374e-02
2.480496099219844097e-01,9.901576195553127846e-01,2.183680934351839853e-01,-2.690545264212522436e-02,3.679199274495292826e-02
2.500500100020003891e-01,9.901040890727872412e-01,2.192500334763038405e-01,-2.661504173044335064e-02,-5.163816295224069042e-02
2.520504100820163962e-01,9.900511359713664028e-01,2.201231581875119636e-01,-2.632809053730308935e-02,-5.759548450735279407e-02
2.540508101620324033e-01,9.899987533535393736e-01,2.209875557923116629e-01,-2.604456525005302558e-02,-1.132034190554118309e-02
2.560512102420484104e-01,9.899469344507756396e-01,2.218433134831366282e-01,-2.576443226557358079e-02,-4.678247201703127772e-02
2.580516103220644175e-01,9.898956725469338913e-01,2.226905175402229264e-01,-2.548765684700003697e-02,-3.813829394541844858e-02
2.600520104020804246e-01,9.898449609906372348e-01,2.235292534249841978e-01,-2.521420351296183027e-02,-3.391714018005627385e-02
2.620524104820964317e-01,9.897947931952735257e-01,2.243596057800116006e-01,-2.494403609842286984e-02,-1.164398394112790489e-02
2.640528105621124388e-01,9.897451626389951462e-01,2.251816584290738110e-01,-2.467711781284730177e-02,-3.480967684767526799e-02
2.660532106421284460e-01,9.896960628647192282e-01,2.259954943771170233e-01,-2.441341129582624836e-02,-1.746634029382224465e-02
2.680536107221444531e-01,9.896474874801276522e-01,2.268011958102650605e-01,-2.415287867026495727e-02,-2.856621014260433966e-02
2.700540108021604602e-01,9.895994301576669372e-01,2.275988440958192083e-01,-2.389548159323726106e-02,-4.501225918452734370e-02
2.720544108821764118e-01,9.895518846345481290e-01,2.283885197822582425e-01,-2.364118130461256850e-02,-3.163683774819309180e-02
2.740548109621924189e-01,9.895048447127470226e-01,2.291703025992385956e-01,-2.338993867355856904e-02,-4.714993030275653474e-02
2.760552110422084260e-01,9.894583042636173609e-01,2.299442714744191207e-01,-2.314171435032306989e-02,-2.297883970357934846e-02
2.780556111222244331e-01,9.894122572977217533e-01,2.307105046040835994e-01,-2.289647027254511358e-02,-5.099312596168602968e-02
2.800560112022404402e-01,9.893666979335420386e-01,2.314690792296713040e-01,-2.265416888721509536e-02,-4.997652811959617247e-02
2.820564112822564473e-01,9.893216203545607268e-01,2.322200718251252738e-01,-2.241477249637485736e-02,1.400927288625652967e-02
2.840568113622724544e-01,9.892770188115840302e-01,2.329635581387670407e-01,-2.217824337814071345e-02,-2.350784888577425041e-02
2.860572114422884615e-01,9.892328876227417522e-01,2.336996131932967402e-01,-2.194454382259965197e-02,-2.329209445940072509e-02
2.880576115223044686e-01,9.891892211734877316e-01,2.344283112857930562e-01,-2.171363616614482850e-02,-8.925225668204353133e-03
2.900580116023204758e-01,9.891460139165991761e-01,2.351497259877132207e-01,-2.148548282428661138e-02,-3.200690788800839015e-02
2.920584116823364829e-01,9.891032603721773286e-01,2.358639301448930137e-01,-2.126004632305288078e-02,-2.697343051000683500e-02
2.940588117623524900e-01,9.890609551276471345e-01,2.365709958775467636e-01,-2.103728932899019688e-02,-1.040857094569247465e-02
2.960592118423684971e-01,9.890190928377572410e-01,2.372709945802673748e-01,-2.081717467785594577e-02,-1.375677862174590725e-02
2.980596119223845042e-01,9.889776682245801087e-01,2.379639969220262996e-01,-2.059966540204921648e-02,-4.958208357535996008e-02
3.000600120024004558e-01,9.889366760784531474e-01,2.386500728544776184e-01,-2.038472478334334148e-02,4.488401333982046382e-04
3.020604120824164629e-01,9.888961112945103826e-01,2.393292916992163788e-01,-2.017231719696073455e-02,-3.493319077918680821e-02
3.040608121624324700e-01,9.888559688748327359e-01,2.400017219268456570e-01,-1.996240798400558680e-02,-4.636438174186023609e-02
3.060612122424484771e-01,9.888162438839269708e-01,2.406674313060685189e-01,-1.975496270701457280e-02,-4.226683945699086231e-02
3.080616123224644842e-01,9.887769314470611359e-01,2.413264869650517674e-01,-1.954994719285517435e-02,-2.931358080173824751e-02
3.100620124024804913e-01,9.887380267502648978e-01,2.419789553914258595e-01,-1.934732755339257926e-02,2.133517881218410794e-02
3.120624124824964984e-01,9.886995250403293189e-01,2.426249024322849057e-01,-1.914707020523369330e-02,-4.853546782825320788e-02
3.140628125625125056e-01,9.886614216248065246e-01,2.432643932941867260e-01,-1.894914188859636583e-02,-1.494724457523784536e-02
3.160632126425285127e-01,9.886237118720105910e-01,2.438974925431528773e-01,-1.875350968536886043e-02,-7.219911863763329996e-02
3.180636127225445198e-01,9.885863912110165463e-01,2.445242641046684873e-01,-1.856014103632855350e-02,-1.859931436495847537e-02
3.200640128025605269e-01,9.885494551316610368e-01,2.451447712636824761e-01,-1.836900375762970383e-02,4.120156679270473021e-03
3.220644128825765340e-01,9.885128991845419932e-01,2.457590766646073344e-01,-1.818006605653424423e-02,-2.409664910807062313e-02
3.240648129625925411e-01,9.884767189810189647e-01,2.463672423113193455e-01,-1.799329654645402676e-02,-3.372716964353757174e-02
3.260652130426085482e-01,9.884409101978186563e-01,2.469693296183488596e-01,-1.780866440203568435e-02,-1.202088780057224138e-02
3.280656131226244998e-01,9.884054686043042270e-01,2.475653993711982304e-01,-1.762613989521705227e-02,-1.223461164507923249e-04
3.300660132026405069e-01,9.883703900378374430e-01,2.481555116147558804e-01,-1.744569380434086991e-02,-8.542545289057026925e-04
3.320664132826565140e-01,9.883356703871589710e-01,2.487397258258107480e-01,-1.726729724349233830e-02,3.204454910475245527e-02
3.340668133626725211e-01,9.883013055923142165e-01,2.493181009179495644e-01,-1.709092167703540888e-02,-1.186173486862848910e-02
3.360672134426885282e-01,9.882672916446526568e-01,2.498906952415569371e-01,-1.691653893067825154e-02,-3.172679142450156309e-02
3.380676135227045354e-01,9.882336245868282854e-01,2.504575665838154053e-01,-1.674412120205952259e-02,-1.989360095172559156e-02
3.400680136027205425e-01,9.882003005127995010e-01,2.510187721687052176e-01,-1.657364107084385862e-02,-1.838610471133916152e-02
3.420684136827365496e-01,9.881673155678291076e-01,2.515743686570046100e-01,-1.640507150835950056e-02,-1.368663692140653296e-02
3.440688137627525567e-01,9.881346659484843142e-01,2.521244121462896670e-01,-1.623838588679415995e-02,-1.698908121753003181e-02
3.460692138427685638e-01,9.881023479026365131e-01,2.526689581709342658e-01,-1.607355798796421265e-02,-1.172440951555912825e-02
3.480696139227845709e-01,9.880703577294616125e-01,2.532080617021102431e-01,-1.591056201169012418e-02,-5.768181352706794329e-02
3.500700140028005780e-01,9.880386917794401480e-01,2.537417771477872286e-01,-1.574937258377928639e-02,4.991351317221785072e-03
3.520704140828165851e-01,9.880073464554052221e-01,2.542701584132522341e-01,-1.558996484094631041e-02,-2.995844656397211869e-02
3.540708141628325922e-01,9.879763182274045041e-01,2.547932588259423925e-01,-1.543231467548046576e-02,-4.476128208665608454e-02
3.560712142428485438e-01,9.879456036193923207e-01,2.553111310692743330e-01,-1.527639840743059974e-02,6.673805836052947027e-04
3.580716143228645509e-01,9.879151991973375013e-01,2.558238273319667910e-01,-1.512219268340625478e-02,1.781095750124579713e-02
3.600720144028805580e-01,9.878851015691674231e-01,2.563313993095261978e-01,-1.496967448282500446e-02,-2.643970745338937098e-03
3.620724144828965652e-01,9.878553073847675670e-01,2.568338982042465135e-01,-1.481882112365107140e-02,-1.078983827751306412e-02
3.640728145629125723e-01,9.878258133359814064e-01,2.573313747252092831e-01,-1.466961026786683941e-02,-3.797511790216564348e-02
3.660732146429285794e-01,9.877966161566110737e-01,2.578238790882834697e-01,-1.452201992669842345e-02,5.726716351863904431e-02
3.680736147229445865e-01,9.877677126224163606e-01,2.583114610161257874e-01,-1.437602846555535718e-02,7.630437050982347147e-03
3.700740148029605936e-01,9.877390995511156069e-01,2.587941697381804795e-01,-1.423161460876870565e-02,-4.271398136734309847e-02
3.720744148829766007e-01,9.877107738023851446e-01,2.592720539906792632e-01,-1.408875744406777597e-02,-3.357970535006139096e-02
3.740748149629926078e-01,9.876827322778598539e-01,2.597451620166415509e-01,-1.394743642686015195e-02,-1.177295521256254210e-02
3.760752150430086149e-01,9.876549719211323852e-01,2.602135415658741735e-01,-1.380763138427067160e-02,-5.267590968417033143e-02
3.780756151230246220e-01,9.876274897165753242e-01,2.606772399204398405e-01,-1.366932251827603084e-02,-9.453562343013173844e-03
3.800760152030406291e-01,9.876002826904636267e-01,2.611363039274617326e-01,-1.353249046323802551e-02,-2.500927935605700564e-02
3.820764152830566363e-01,9.875733479174971796e-01,2.615907798193327638e-01,-1.339711625735365286e-02,1.725964875055178288e-02
3.840768153630725879e-01,9.875466825074724619e-01,2.620407133788469900e-01,-1.326318122313201175e-02,1.079068536757415986e-02
3.860772154430885950e-01,9.875202836040920529e-01,2.624861499586639280e-01,-1.313066696381351428e-02,-8.091280289968283412e-02
3.880776155231046021e-01,9.874941483849639656e-01,2.629271344813083333e-01,-1.299955536619334939e-02,-1.195699071551053518e-02
3.900780156031206092e-01,9.874682740616020915e-01,2.633637114391704781e-01,-1.286982860331989387e-02,-5.330651609141209835e-02
3.920784156831366163e-01,9.874426578794258669e-01,2.637959248945062063e-01,-1.274146913703426420e-02,1.499948084417881272e-02
3.940788157631526234e-01,9.874172971177604952e-01,2.642238184794365452e-01,-1.261445972038567620e-02,-8.411812992190067367e-03
3.960792158431686305e-01,9.873921890898367248e-01,2.646474353959481496e-01,-1.248878339990727726e-02,1.221352904767653361e-03
3.980796159231846376e-01,9.873673311427912935e-01,2.650668184158930241e-01,-1.236442351778195559e-02,-3.899254173786442790e-02
4.000800160032006447e-01,9.873427206576662618e-01,2.654820098809886342e-01,-1.224136371386387589e-02,3.346939223602363178e-02
4.020804160832166518e-01,9.873183550494094574e-01,2.658930517028177953e-01,-1.211958792761072545e-02,3.838224625115040783e-02
4.040808161632326589e-01,9.872942317668746970e-01,2.662999853628288394e-01,-1.199908039990107977e-02,-3.861835646555639157e-02
4.060812162432486661e-01,9.872703482888054438e-01,2.667028519618701576e-01,-1.187982563757301879e-02,-2.559447590915111398e-03
4.080816163232646732e-01,9.872467021234581086e-01,2.671016921717362380e-01,-1.176180836160017895e-02,-2.859436907135485054e-02
4.100820164032806803e-01,9.872232908154869868e-01,2.674965461455012794e-01,-1.164501356768905815e-02,-1.223426198920736160e-02
4.120824164832966874e-01,9.872001119371395239e-01,2.678874536599191170e-01,-1.152942647789269304e-02,-4.317035095850679099e-02
4.140828165633126390e-01,9.871771630880643578e-01,2.682744541182223164e-01,-1.141503254052279870e-02,3.526360532399266945e-02
4.160832166433286461e-01,9.871544418953108746e-01,2.686575865501223959e-01,-1.130181743134364702e-02,-3.553130520841034368e-02
4.180836167233446532e-01,9.871319460133302082e-01,2.690368896118096598e-01,-1.118976705471977362e-02,-1.859186242965713692e-02
4.200840168033606603e-01,9.871096731239742406e-01,2.694124015859531429e-01,-1.107886754464929013e-02,1.458205733113768221e-03
4.220844168833766674e-01,9.870876209364961573e-01,2.697841603817008882e-01,-1.096910526576082290e-02,-2.715812222616403523e-02
4.240848169633926745e-01,9.870657871875503364e-01,2.701522035346796691e-01,-1.086046681422936366e-02,-1.684327755753691619e-02
4.260852170434086816e-01,9.870441696411922372e-01,2.705165682069950450e-01,-1.075293901862876822e-02,-2.484393517930288259e-02
4.280856171234246887e-01,9.870227660888785115e-01,2.708772911872314726e-01,-1.064650894072834142e-02,-1.398302781163569299e-02
4.300860172034406959e-01,9.870015743494670035e-01,2.712344088904522499e-01,-1.054116387622920648e-02,-3.980472975373677835e-02
4.320864172834567030e-01,9.869805922692166389e-01,2.715879573581995166e-01,-1.043689135544342839e-02,-2.138659324550094484e-02
4.340868173634727101e-01,9.869598177186773569e-01,2.719379722890638007e-01,-1.033367910777364951e-02,-1.550600222557975763e-02
4.360872174434887172e-01,9.869392485848049734e-01,2.722844890464125589e-01,-1.023151490441957800e-02,-1.857466499952294819e-02
4.380876175235047243e-01,9.869188827847066303e-01,2.726275425127895335e-01,-1.013038670849947254e-02,-8.713137836154597957e-03
4.400880176035207314e-01,9.868987182585664542e-01,2.729671672370225233e-01,-1.003028266678482328e-02,-1.735783815070285341e-02
4.420884176835366830e-01,9.868787529688629601e-01,2.733033974450196912e-01,-9.931191103982689450e-03,8.899094107001834231e-03
4.440888177635526901e-01,9.868589849003683856e-01,2.736362670397692876e-01,-9.833100523115034797e-03,-1.791299866776078359e-02
4.460892178435686972e-01,9.868394120601491348e-01,2.739658096013398159e-01,-9.735999605885531372e-03,-1.315223951328263474e-02
4.480896179235847043e-01,9.868200324775656673e-01,2.742920583868798667e-01,-9.639877212996847411e-03,-2.625941061289316023e-02
4.500900180036007114e-01,9.868008442042726092e-01,2.746150463306182288e-01,-9.544722384439013885e-03,-2.270759338731993815e-02
4.520904180836167185e-01,9.867818453142184199e-01,2.749348060438638885e-01,-9.450524339734922563e-03,-4.106284411022773084e-02
4.540908181636327257e-01,9.867630339036459475e-01,2.752513698150060306e-01,-9.357272478172251606e-03,3.612350543776851955e-03
4.560912182436487328e-01,9.867444080910916515e-01,2.755647696095139265e-01,-9.264956378979519180e-03,-3.782790682029182200e-02
4.580916183236647399e-01,9.867259660173863800e-01,2.758750370699370458e-01,-9.173565801504912631e-03,-2.781997575621303689e-02
4.600920184036807470e-01,9.867077058456549254e-01,2.761822035159052224e-01,-9.083090685341257964e-03,-1.019743850611438962e-04
4.620924184836967541e-01,9.866896257613104737e-01,2.764862999441917712e-01,-8.993521150381766915e-03,1.070812998231543411e-03
4.640928185637127612e-01,9.866717239629019254e-01,2.767873570950774575e-01,-8.904847367884424769e-03,-1.890771614301119813e-02
4.660932186437287683e-01,9.866539986641094107e-01,2.770854053342400314e-01,-8.817059489474629586e-03,-5.929870475169467248e-02
4.680936187237447754e-01,9.866364481023138788e-01,2.773804746588943715e-01,-8.730147833047902095e-03,1.782684349341479013e-03
4.700940188037607270e-01,9.866190705332029687e-01,2.776725947883739720e-01,-8.644102855937640939e-03,-2.155016383636149807e-03
4.720944188837767341e-01,9.866018642307715636e-01,2.779617951641314422e-01,-8.558915154943280701e-03,-4.386844554173766758e-02
4.740948189637927412e-01,9.865848274873213475e-01,2.782481049497381176e-01,-8.474575466318523542e-03,1.078347660354387824e-02
4.760952190438087483e-01,9.865679586134612489e-01,2.785315530308842269e-01,-8.391074665761041884e-03,-2.591856967659669775e-02
4.780956191238247555e-01,9.865512559381069968e-01,2.788121680153789472e-01,-8.308403768367833564e-03,-3.646310667220034607e-02
4.800960192038407626e-01,9.865347178084814539e-01,2.790899782331502377e-01,-8.226553928589327991e-03,-5.833286154482908263e-03
4.820964192838567697e-01,9.865183425901145053e-01,2.793650117362449503e-01,-8.145516440161079674e-03,-1.260727722514145763e-02
4.840968193638727768e-01,9.865021286668430589e-01,2.796372962988288302e-01,-8.065282736023457466e-03,-2.999682711244768853e-03
4.860972194438887839e-01,9.864860744408108228e-01,2.799068594171865709e-01,-7.985844388222834711e-03,-4.812954584633380439e-02
4.880976195239047910e-01,9.864701783324688611e-01,2.801737283097215370e-01,-7.907193107816873345e-03,3.739855979899246036e-02
4.900980196039207981e-01,9.864544387805749270e-01,2.804379299169562079e-01,-7.829320744742823690e-03,-2.289578610833602548e-02
4.920984196839368052e-01,9.864388542421940187e-01,2.806994909015317341e-01,-7.752219287699993466e-03,-4.624370200011027054e-02
4.940988197639528123e-01,9.864234231850100842e-01,2.809584377012561696e-01,-7.675880752872649149e-03,7.795173961306087543e-03
4.960992198439688194e-01,9.864081440848786464e-01,2.812147964514625786e-01,-7.600297057333879613e-03,-1.647040030986329784e-02
4.980996199239847710e-01,9.863930154387295923e-01,2.814685929468165870e-01,-7.525460254149490824e-03,5.960018901731041485e-04
5.001000200040007782e-01,9.863780357586872105e-01,2.817198527437078659e-01,-7.451362506700615063e-03,-1.594157327232657850e-02
5.021004200840167853e-01,9.863632035720412139e-01,2.819686011605610498e-01,-7.377996088221844273e-03,-8.871505100219848061e-03
5.041008201640327924e-01,9.863485174212472950e-01,2.822148632778359589e-01,-7.305353381652793243e-03,-1.161032288186946738e-03
5.061012202440487995e-01,9.863339758639261268e-01,2.824586639380275432e-01,-7.233426879452858893e-03,-2.589974897902531589e-02
5.081016203240648066e-01,9.863195774728644727e-01,2.827000277456658828e-01,-7.162209183449938510e-03,9.806280713039010333e-03
5.101020204040808137e-01,9.863053208360142987e-01,2.829389790673162430e-01,-7.091693004644267218e-03,-1.883919548163285468e-02
5.121024204840968208e-01,9.862912045564933283e-01,2.831755420315790195e-01,-7.021871163034390517e-03,-2.876404976729619867e-02
5.141028205641128279e-01,9.862772272525847095e-01,2.834097405290897376e-01,-6.952736587419947045e-03,-5.026926041857377077e-03
5.161032206441288350e-01,9.862633875577371256e-01,2.836415982125189972e-01,-6.884282315208017922e-03,4.241749647068032356e-03
5.181036207241448421e-01,9.862496841205651288e-01,2.838711384965726392e-01,-6.816501492220683467e-03,-1.254348503268667286e-02
5.201040208041608492e-01,9.862361156048483624e-01,2.840983845579915790e-01,-6.749387372473603097e-03,-2.831238204946267406e-02
5.221044208841768564e-01,9.862226806895324493e-01,2.843233593355518618e-01,-6.682933317986694544e-03,8.811705839729129519e-03
5.241048209641928635e-01,9.862093780678002908e-01,2.845460855379660092e-01,-6.617132786575774528e-03,-5.062535258964519919e-02
5.261052210442088706e-01,9.861962064344090839e-01,2.847665857002956713e-01,-6.551979118364539834e-03,-3.232358251925286641e-02
5.281056211242248777e-01,9.861831644986110978e-01,2.849848820259412441e-01,-6.487465655779164897e-03,-5.499393392444554274e-03
5.301060212042408848e-01,9.861702509847484199e-01,2.852009964824009369e-01,-6.423585848541260579e-03,-4.045007080616794953e-02
5.321064212842568919e-01,9.861574646298090219e-01,2.854149508344288599e-01,-6.360333233867324076e-03,-5.660476627638092763e-03
5.341068213642728990e-01,9.861448041834272038e-01,2.856267666440343578e-01,-6.297701436275490727e-03,-7.669279386737086132e-03
5.361072214442889061e-01,9.861322684078830392e-01,2.858364652704825648e-01,-6.235684167370136866e-03,1.623281055408407059e-02
5.381076215243049132e-01,9.861198560781030409e-01,2.860440678702941830e-01,-6.174275225648964693e-03,-2.904403402098125475e-02
5.401080216043209203e-01,9.861075659816593841e-01,2.862495953972454266e-01,-6.113468496278806619e-03,-2.176113158731987282e-02
5.421084216843368164e-01,9.860953969187707946e-01,2.864530686023680772e-01,-6.053257950904319951e-03,2.276284166620684210e-03
5.441088217643528235e-01,9.860833477023015492e-01,2.866545080339495399e-01,-5.993637647415131497e-03,-6.743272740256031628e-02
5.461092218443688306e-01,9.860714171577623643e-01,2.868539340375328428e-01,-5.934601729752658761e-03,7.156645574311196190e-02
5.481096219243848378e-01,9.860596041233100628e-01,2.870513667559164150e-01,-5.876144427688828609e-03,-2.334241268923305246e-02
5.501100220044008449e-01,9.860479074497472407e-01,2.872468261291545311e-01,-5.818260056605226160e-03,-2.406413637474417305e-02
5.521104220844168520e-01,9.860363260005228225e-01,2.874403318945567554e-01,-5.760943017288605583e-03,1.576724475530421818e-02
5.541108221644328591e-01,9.860248586517317282e-01,2.876319035866884977e-01,-5.704187795709247943e-03,-6.699983831601351650e-03
5.561112222444488662e-01,9.860135042916703396e-01,2.878215605412327571e-01,-5.647988957137306532e-03,-5.013370442472708799e-02
5.581116223244648733e-01,9.860022618092854074e-01,2.880093219543141680e-01,-5.592340958727529121e-03,1.008084354358777454e-02
5.601120224044808804e-01,9.859911301042675325e-01,2.881952067398442785e-01,-5.537238224393115082e-03,1.584720762558710153e-02
5.621124224844968875e-01,9.859801080899586179e-01,2.883792335979739052e-01,-5.482675272789352960e-03,-1.673133210968788531e-02
5.641128225645128946e-01,9.859691946902848780e-01,2.885614210570440208e-01,-5.428646692910099603e-03,-1.246865565021072243e-02
5.661132226445289017e-01,9.859583888397559504e-01,2.887417874735857537e-01,-5.375147143873257316e-03,6.774467787611542988e-03
5.681136227245449088e-01,9.859476894834654503e-01,2.889203510323205548e-01,-5.322171354737864624e-03,-2.804167760259910352e-02
5.701140228045609160e-01,9.859370955770906386e-01,2.890971297461599199e-01,-5.269714124301994040e-03,5.689999980870719121e-03
5.721144228845769231e-01,9.859266060868924209e-01,2.892721414562056670e-01,-5.217770320907547110e-03,-2.353075597950962661e-04
5.741148229645929302e-01,9.859162199897156809e-01,2.894454038317496036e-01,-5.166334882252904270e-03,-2.203965027665085591e-02
5.761152230446089373e-01,9.859059362729890585e-01,2.896169343702739707e-01,-5.115402815195013719e-03,-3.991794966049112825e-02
5.781156231246249444e-01,9.858957539347246168e-01,2.897867503974509984e-01,-5.064969195547414094e-03,-1.070511496457456774e-02
5.801160232046409515e-01,9.858856719835187299e-01,2.899548690671431839e-01,-5.015029167907594787e-03,-2.690058562441180814e-02
5.821164232846569586e-01,9.858756894385510838e-01,2.901213073614032356e-01,-4.965577945442403718e-03,2.006967769656170519e-02
5.841168233646729657e-01,9.858658053295852319e-01,2.902860820904740180e-01,-4.916610809709398566e-03,-1.314476597211318779e-03
5.861172234446889728e-01,9.858560186969685946e-01,2.904492098927886068e-01,-4.868123110465846781e-03,1.468398995353156766e-02
5.881176235247049799e-01,9.858463285916322372e-01,2.906107072349702336e-01,-4.820110265474478184e-03,-1.454561881863023626e-03
5.901180236047209871e-01,9.858367340724421002e-01,2.907705904315436851e-01,-4.772567723310500165e-03,1.799960203815266502e-03
5.921184236847369942e-01,9.858272341969332997e-01,2.909288756598517600e-01,-4.725490780878263686e-03,-2.430046371163778127e-02
5.941188237647530013e-01,9.858178280366471924e-01,2.910855788400301125e-01,-4.678874791647608111e-03,1.202231087265600781e-02
5.961192238447690084e-01,9.858085146728667869e-01,2.912407157375435096e-01,-4.632715175093088389e-03,3.998474168258252248e-02
5.981196239247849045e-01,9.857992931957391125e-01,2.913943019730870776e-01,-4.587007407559545724e-03,-1.232919629549808840e-02
6.001200240048009116e-01,9.857901627042753301e-01,2.915463530225864686e-01,-4.541747022098238662e-03,-1.936111021495196330e-02
6.021204240848169187e-01,9.857811223063507322e-01,2.916968842171975274e-01,-4.496929608301669656e-03,-8.442847163060478166e-03
6.041208241648329258e-01,9.857721711187046321e-01,2.918459107433065136e-01,-4.452550812136524261e-03,-1.648455790216461769e-02
6.061212242448489329e-01,9.857633082669404745e-01,2.919934476425300462e-01,-4.408606335782661034e-03,-2.194558880212116661e-02
6.081216243248649400e-01,9.857545328855259470e-01,2.921395098117150479e-01,-4.365091937473503103e-03,-9.102508382693341900e-04
6.101220244048809471e-01,9.857458441177926467e-01,2.922841120029389117e-01,-4.322003431327561818e-03,-1.159494175757982276e-02
6.121224244848969542e-01,9.857372411159364134e-01,2.924272688235092788e-01,-4.279336687195420263e-03,3.169250315887104513e-02
6.141228245649129613e-01,9.857287230410173295e-01,2.925689947359642606e-01,-4.237087630501415458e-03,-4.232046556623309669e-03
6.161232246449289685e-01,9.857202890629591652e-01,2.927093040580721617e-01,-4.195252242073801985e-03,3.902547198711905571e-03
6.181236247249449756e-01,9.857119383605502660e-01,2.928482109628318675e-01,-4.153826558007708836e-03,1.964672014198733108e-02
6.201240248049609827e-01,9.857036701214427765e-01,2.929857294784724564e-01,-4.112806669493679346e-03,-1.163170298210725387e-02
6.221244248849769898e-01,9.856954835421530836e-01,2.931218734884533661e-01,-4.072188722673550365e-03,3.184622477954991010e-02
6.241248249649929969e-01,9.856873778270858200e-01,2.932566567394548906e-01,-4.031968905559998873e-03,-1.984932421856280826e-02
6.261252250450090040e-01,9.856793521787763357e-01,2.933900928839511257e-01,-3.992143282009669170e-03,-2.420033582916279388e-02
6.281256251250250111e-01,9.856714058103221987e-01,2.935221953504366099e-01,-3.952707928706319929e-03,-1.310938339996262081e-02
6.301260252050410182e-01,9.856635379441287537e-01,2.936529774232067291e-01,-3.913658986596679767e-03,-6.781593785775100192e-03
6.321264252850570253e-01,9.856557478100115288e-01,2.937824522653043058e-01,-3.874992642895230821e-03,-3.890794764537152534e-02
6.341268253650730324e-01,9.856480346451959029e-01,2.939106329185197652e-01,-3.836705130942974495e-03,-4.714074734164144798e-03
6.361272254450890395e-01,9.856403976943176604e-01,2.940375323033911359e-01,-3.798792730089761704e-03,-4.548595749107529201e-02
6.381276255251050467e-01,9.856328362094223250e-01,2.941631632192038270e-01,-3.761251765547854453e-03,3.104220824808961304e-02
6.401280256051210538e-01,9.856253494499657153e-01,2.942875383439910730e-01,-3.724078608276157332e-03,-5.749002393468511697e-03
6.421284256851370609e-01,9.856179366828137223e-01,2.944106702345333781e-01,-3.687269674846907486e-03,-1.973621279224626116e-02
6.441288257651530680e-01,9.856105971822419765e-01,2.945325713263590717e-01,-3.650821427312406220e-03,-2.635927438440172077e-02
6.461292258451690751e-01,9.856033302299367360e-01,2.946532539337437528e-01,-3.614730373098062888e-03,-1.322549222830298257e-02
6.481296259251850822e-01,9.855961351149938876e-01,2.947727302497107904e-01,-3.578993064857594053e-03,-9.155979775618255240e-03
6.501300260052010893e-01,9.855890111339195014e-01,2.948910123460309896e-01,-3.543606100361612610e-03,-2.965638024064562450e-02
6.521304260852170964e-01,9.855819575906299423e-01,2.950081121732228140e-01,-3.508566122378986574e-03,-2.650344346794985054e-02
6.541308261652331035e-01,9.855749737964512036e-01,2.951240415605521084e-01,-3.473869818541489018e-03,-8.153244945079903688e-03
6.561312262452489996e-01,9.855680590701197952e-01,2.952388122160324868e-01,-3.439513921244891081e-03,-1.645910761613591372e-02
6.581316263252650067e-01,9.855612127377821885e-01,2.953524357264248890e-01,-3.405495207518455247e-03,2.007483238443957471e-02
6.601320264052810138e-01,9.855544341310700229e-01,2.954649235723124101e-01,-3.371810472735270459e-03,2.507494888340285402e-02
6.621324264852970209e-01,9.855477225797418805e-01,2.955762871468259889e-01,-3.338456392112817972e-03,-2.937926302115577339e-03
6.641328265653130281e-01,9.855410774246358141e-01,2.956865376463150841e-01,-3.305429688928426812e-03,8.534559612434766684e-03
6.661332266453290352e-01,9.855344980136715449e-01,2.957956861560391282e-01,-3.272727133589711790e-03,-3.665243647421771028e-02
6.681336267253450423e-01,9.855279837009388588e-01,2.959037436603499938e-01,-3.240345534132396677e-03,1.269509720168297481e-02
6.701340268053610494e-01,9.855215338466979391e-01,2.960107210426921043e-01,-3.208281736128151818e-03,-3.972868473959741305e-03
6.721344268853770565e-01,9.855151478173789226e-01,2.961166290856022676e-01,-3.176532622574140818e-03,8.940175276196789256e-03
6.741348269653930636e-01,9.855088249855818994e-01,2.962214784707097870e-01,-3.145095113796236852e-03,3.686380817604525267e-02
6.761352270454090707e-01,9.855025647300773572e-01,2.963252797787362391e-01,-3.113966167359677462e-03,-6.013541007596878707e-02
6.781356271254250778e-01,9.854963664358056263e-01,2.964280434894958627e-01,-3.083142777961969672e-03,3.440561698373744218e-03
6.801360272054410849e-01,9.854902294938773233e-01,2.965297799818952251e-01,-3.052621977347194648e-03,-3.053059855654377541e-02
6.821364272854570920e-01,9.854841533015731292e-01,2.966304995339333339e-01,-3.022400834206975806e-03,1.178251645090522617e-02
6.841368273654730991e-01,9.854781372623439006e-01,2.967302123227016919e-01,-2.992476454089940119e-03,-3.582531238980159183e-02
6.861372274454891063e-01,9.854721807858104476e-01,2.968289284243842419e-01,-2.962845979305850364e-03,-1.534783515440568680e-02
6.881376275255051134e-01,9.854662832877636447e-01,2.969266578142573665e-01,-2.933506588836495843e-03,2.134837305172850204e-03
6.901380276055211205e-01,9.854604441901647638e-01,2.970234103666898884e-01,-2.904455498253619150e-03,1.243327916263068690e-02
6.921384276855371276e-01,9.854546629211450304e-01,2.971191958551429591e-01,-2.875689959620675307e-03,-1.005837726206373559e-03
6.941388277655531347e-01,9.854489389150057344e-01,2.972140239521704475e-01,-2.847207261408565837e-03,-2.266798073610385225e-02
6.961392278455691418e-01,9.854432716121623859e-01,2.973079042299427988e-01,-2.819004727734705784e-03,-1.665731017061990518e-02
6.981396279255851489e-01,9.854376604525283412e-01,2.974008462045561463e-01,-2.791079620868816558e-03,1.932149266036566060e-02
7.001400280056011560e-01,9.854321048809105976e-01,2.974928592479005318e-01,-2.763429169210296354e-03,-2.900919561373760044e-03
7.021404280856171631e-01,9.854266043506639816e-01,2.975839526039859018e-01,-2.736050661280853280e-03,-4.483141058230729475e-02
7.041408281656331702e-01,9.854211583202521219e-01,2.976741354334166978e-01,-2.708941416195750906e-03,1.838262629054654082e-02
7.061412282456491774e-01,9.854157662532476714e-01,2.977634168133915793e-01,-2.682098783593947489e-03,7.724113209242908923e-03
7.081416283256651845e-01,9.854104276183325295e-01,2.978518057377037564e-01,-2.655520143569900515e-03,1.917986848772876979e-02
7.101420284056811916e-01,9.854051418892970648e-01,2.979393111167408792e-01,-2.629202906584637844e-03,-1.104488956600167826e-02
7.121424284856970877e-01,9.853999085450412254e-01,2.980259417774848707e-01,-2.603144513418004236e-03,1.810076844724723896e-02
7.141428285657130948e-01,9.853947270695735394e-01,2.981117064635121494e-01,-2.577342435076152016e-03,-2.910396543511802395e-02
7.161432286457291019e-01,9.853895969520116704e-01,2.981966138349935735e-01,-2.551794172734656030e-03,1.169820109890182952e-02
7.181436287257451090e-01,9.853845176865824174e-01,2.982806724686943300e-01,-2.526497257669013674e-03,-1.478600499837043857e-02
7.201440288057611161e-01,9.853794887726212703e-01,2.983638908579741567e-01,-2.501449251177428890e-03,1.435734337182623457e-02
7.221444288857771232e-01,9.853745097145729659e-01,2.984462774127869533e-01,-2.476647744525273254e-03,2.266445516588447978e-02
7.241448289657931303e-01,9.853695800219912648e-01,2.985278404596812818e-01,-2.452090358874975395e-03,-2.085184415908820921e-02
7.261452290458091374e-01,9.853646992095387303e-01,2.986085882418000326e-01,-2.427774745215327545e-03,-3.708511732683914246e-03
7.281456291258251445e-01,9.853598667969868385e-01,2.986885289188803694e-01,-2.403698584299035490e-03,-1.429832922899059930e-03
7.301460292058411516e-01,9.853550823092165345e-01,2.987676705672541178e-01,-2.379859586592369958e-03,2.736176085942329528e-02
7.321464292858571588e-01,9.853503452762173431e-01,2.988460211798473209e-01,-2.356255492191927647e-03,1.540769679205261297e-02
7.341468293658731659e-01,9.853456552330878138e-01,2.989235886661805175e-01,-2.332884070773311169e-03,-3.281482267103478373e-02
7.361472294458891730e-01,9.853410117156385928e-01,2.990003808853502476e-01,-2.309743060275232240e-03,9.130463457438699887e-03
7.381476295259051801e-01,9.853364142617686561e-01,2.990764055959881373e-01,-2.286830146675994380e-03,1.634040008780247161e-02
7.401480296059211872e-01,9.853318624178303287e-01,2.991516704315009267e-01,-2.264143075347946343e-03,5.083100432284563125e-02
7.421484296859371943e-01,9.853273557343865674e-01,2.992261829567650633e-01,-2.241679616518693630e-03,-4.422040703537348516e-02
7.441488297659532014e-01,9.853228937662018572e-01,2.992999506682184063e-01,-2.219437565115750521e-03,-1.562824506346552692e-02
7.461492298459692085e-01,9.853184760722419888e-01,2.993729809938599495e-01,-2.197414740709002778e-03,3.113686496147437255e-02
7.481496299259852156e-01,9.853141022156745032e-01,2.994452812932500430e-01,-2.175608987468186095e-03,-3.605236645263550782e-02
7.501500300060012227e-01,9.853097717638679143e-01,2.995168588575102264e-01,-2.154018174095939653e-03,-3.214053277221409766e-02
7.521504300860172298e-01,9.853054842883927078e-01,2.995877209093233406e-01,-2.132640193798523987e-03,1.079441469070892105e-02
7.541508301660332370e-01,9.853012393650202316e-01,2.996578746029334717e-01,-2.111472964212629533e-03,2.334874355775695340e-02
7.561512302460492441e-01,9.852970365737238057e-01,2.997273270241460619e-01,-2.090514427380618656e-03,-1.880752661176947338e-02
7.581516303260652512e-01,9.852928754986778337e-01,2.997960851903276880e-01,-2.069762549682607755e-03,1.143341675761892773e-02
7.601520304060812583e-01,9.852887557282583586e-01,2.998641560504062276e-01,-2.049215321801189926e-03,8.746664139474870370e-04
7.621524304860972654e-01,9.852846768550427292e-01,2.999315464848708590e-01,-2.028870758667700169e-03,3.593985509180065013e-02
7.641528305661132725e-01,9.852806384758099334e-01,2.999982633057720061e-01,-2.008726899422108580e-03,-2.046687892140528278e-03
7.661532306461292796e-01,9.852766401915400429e-01,3.000643132567213933e-01,-1.988781807357092868e-03,2.276740099184457883e-02
7.681536307261451757e-01,9.852726816074151017e-01,3.001297030128918797e-01,-1.969033569890143998e-03,-2.454698005274677866e-02
7.701540308061611828e-01,9.852687623328180155e-01,3.001944391810177915e-01,-1.949480298497480169e-03,-6.571451535048023970e-03
7.721544308861771899e-01,9.852648819813335512e-01,3.002585282993945337e-01,-1.930120128690149262e-03,-4.347731472735620259e-03
7.741548309661931970e-01,9.852610401707293519e-01,3.003219768380623877e-01,-1.910951219747714092e-03,2.656674746738290835e-02
7.761552310462092041e-01,9.852572365182177272e-01,3.003847912349032478e-01,-1.891971689208571394e-03,1.259835429880284963e-02
7.781556311262252112e-01,9.852534706446216539e-01,3.004469778276760428e-01,-1.873179634434868346e-03,-2.066700791677410221e-02
7.801560312062412184e-01,9.852497421773392938e-01,3.005085428580495654e-01,-1.854573199934927974e-03,1.519462089206345679e-02
7.821564312862572255e-01,9.852460507471966222e-01,3.005694925119717920e-01,-1.836150550100390522e-03,1.742963136058997553e-02
7.841568313662732326e-01,9.852423959884478721e-01,3.006298329196699370e-01,-1.817909869180150961e-03,-4.609052927166320916e-03
7.861572314462892397e-01,9.852387775387749791e-01,3.006895701556505651e-01,-1.799849361231786737e-03,-8.241407237027008337e-03
7.881576315263052468e-01,9.852351950392880253e-01,3.007487102386993127e-01,-1.781967250095356503e-03,-6.627048385659247559e-03
7.901580316063212539e-01,9.852316481345249066e-01,3.008072591318811662e-01,-1.764261779351322668e-03,-4.413907192907341043e-02
7.921584316863372610e-01,9.852281364724518875e-01,3.008652227425404058e-01,-1.746731212296959157e-03,2.971843990818479400e-03
7.941588317663532681e-01,9.852246597044627130e-01,3.009226069223004396e-01,-1.729373831893699087e-03,4.135074398788303462e-03
7.961592318463692752e-01,9.852212174853794968e-01,3.009794174670640254e-01,-1.712187940752368798e-03,-2.335040103472710293e-02
7.981596319263852823e-01,9.852178094734523883e-01,3.010356601170131041e-01,-1.695171861092359400e-03,1.686598438578432516e-02
8.001600320064012895e-01,9.852144353303591284e-01,3.010913405566087997e-01,-1.678323934699910147e-03,-3.600249733029054627e-02
8.021604320864172966e-01,9.852110947212058267e-01,3.011464644145916414e-01,-1.661642522911344066e-03,-1.545696305773527207e-02
8.041608321664333037e-01,9.852077873145265174e-01,3.012010372639812861e-01,-1.645126006573321975e-03,-1.352560273136212479e-02
8.061612322464493108e-01,9.852045127822831594e-01,3.012550646220766293e-01,-1.628772786009702322e-03,4.805897301371331309e-02
8.081616323264653179e-01,9.852012707998655250e-01,3.013085519504559162e-01,-1.612581280989178190e-03,-4.159218286243619722e-02
8.101620324064813250e-01,9.851980610460917553e-01,3.013615046549764642e-01,-1.596549930706597786e-03,1.246920644944995299e-02
8.121624324864973321e-01,9.851948832032078052e-01,3.014139280857749958e-01,-1.580677193740859243e-03,2.197240474598322058e-02
8.141628325665133392e-01,9.851917369568875538e-01,3.014658275372674168e-01,-1.564961548027765659e-03,7.878177552968908606e-03
8.161632326465293463e-01,9.851886219956820234e-01,3.015172082534071096e-01,-1.549401484275597651e-03,2.799579712455913666e-02
8.181636327265453534e-01,9.851855380065316359e-01,3.015680754555702947e-01,-1.533995437656782146e-03,-2.660243761581734465e-02
8.201640328065613605e-01,9.851824846825785187e-01,3.016184342568645205e-01,-1.518741869707712633e-03,-5.852520692751243814e-02
8.221644328865773677e-01,9.851794617209459481e-01,3.016682897109573824e-01,-1.503639269333917339e-03,1.766680795492267878e-02
8.241648329665933748e-01,9.851764688215299826e-01,3.017176468265299616e-01,-1.488686141302875132e-03,-3.138439025808012484e-02
8.261652330466092709e-01,9.851735056869987961e-01,3.017665105672763248e-01,-1.473881006204519339e-03,-9.633877919852892532e-03
8.281656331266252780e-01,9.851705720227937890e-01,3.018148858519038025e-01,-1.459222400450876922e-03,-3.093037233607031852e-02
8.301660332066412851e-01,9.851676675371284775e-01,3.018627775541329883e-01,-1.444708876228384398e-03,2.486383754750988787e-02
8.321664332866572922e-01,9.851647919409891596e-01,3.019101905026974619e-01,-1.430339001487535011e-03,2.019841687019799728e-02
8.341668333666732993e-01,9.851619449481345825e-01,3.019571294813442330e-01,-1.416111359913763135e-03,-1.941770290758862080e-02
8.361672334466893064e-01,9.851591262750964972e-01,3.020035992288332971e-01,-1.402024550914732215e-03,2.118527156432677139e-02
8.381676335267053135e-01,9.851563356411786598e-01,3.020496044389379686e-01,-1.388077189577091586e-03,1.643854293415817399e-03
8.401680336067213206e-01,9.851535727684580523e-01,3.020951497604446589e-01,-1.374267906670417760e-03,-4.858988670664093554e-03
8.421684336867373277e-01,9.851508373817836617e-01,3.021402397971530984e-01,-1.360595348597920529e-03,7.482120246122235530e-05
8.441688337667533348e-01,9.851481292087775898e-01,3.021848791078759477e-01,-1.347058177399773626e-03,-6.415792173648675323e-03
8.461692338467693419e-01,9.851454479798340547e-01,3.022290722064394086e-01,-1.333655070709677259e-03,1.404147652456453135e-02
8.481696339267853491e-01,9.851427934281202781e-01,3.022728235616825576e-01,-1.320384721752415613e-03,6.438304539324642833e-03
8.501700340068013562e-01,9.851401652895759309e-01,3.023161375974578458e-01,-1.307245839311937941e-03,-1.004392450015749276e-02
8.521704340868173633e-01,9.851375633029132439e-01,3.023590186926308210e-01,-1.294237147712901104e-03,2.386215649767603475e-02
8.541708341668333704e-01,9.851349872096170079e-01,3.024014711810802392e-01,-1.281357386800435760e-03,-1.656824775589608306e-02
8.561712342468493775e-01,9.851324367539446847e-01,3.024434993516980641e-01,-1.268605311922910150e-03,5.904735764763397073e-03
8.581716343268653846e-01,9.851299116829264069e-01,3.024851074483894675e-01,-1.255979693912251394e-03,9.297904587395620923e-03
8.601720344068813917e-01,9.851274117439766664e-01,3.025262996914988012e-01,-1.243479289276094857e-03,3.572669720663716741e-02
8.621724344868973988e-01,9.851249366854637479e-01,3.025670802519633273e-01,-1.231102826634994374e-03,-1.386713691035919641e-02
8.641728345669134059e-01,9.851224862614879063e-01,3.026074532176435961e-01,-1.218849075450362252e-03,4.235821208230980406e-02
8.661732346469294130e-01,9.851200602284126973e-01,3.026474226399408773e-01,-1.206716818172665073e-03,3.197406972387951268e-03
8.681736347269454201e-01,9.851176583448230106e-01,3.026869925342633993e-01,-1.194704849790340084e-03,-6.044127616104667984e-03
8.701740348069614273e-01,9.851152803715247375e-01,3.027261668800262928e-01,-1.182811977806286219e-03,-1.799463075127155642e-02
8.721744348869774344e-01,9.851129260715452141e-01,3.027649496206515911e-01,-1.171037022231452562e-03,1.348629845413185958e-02
8.741748349669934415e-01,9.851105952101332219e-01,3.028033446635681747e-01,-1.159378815568962162e-03,6.400229549057652109e-05
8.761752350470094486e-01,9.851082875547583217e-01,3.028413558802117156e-01,-1.147836202784024984e-03,-2.873806785097866856e-02
8.781756351270254557e-01,9.851060028751118525e-01,3.028789871060250105e-01,-1.136408041310182915e-03,-2.933358744777609523e-02
8.801760352070414628e-01,9.851037409431060432e-01,3.029162421404574812e-01,-1.125093201015059385e-03,-1.501307339602840629e-02
8.821764352870573589e-01,9.851015015328743463e-01,3.029531247469656186e-01,-1.113890564192698829e-03,-1.801404066097189727e-02
8.841768353670733660e-01,9.850992844207718813e-01,3.029896386530127050e-01,-1.102799025558182100e-03,2.615476076762206226e-02
8.861772354470893731e-01,9.850970893853745469e-01,3.030257875500689257e-01,-1.091817492214208762e-03,3.329663995704025548e-02
8.881776355271053802e-01,9.850949162074796872e-01,3.030615750936114239e-01,-1.080944883651513422e-03,2.063304571303619869e-02
8.901780356071213873e-01,9.850927646701060914e-01,3.030970049031240787e-01,-1.070180131733516893e-03,7.876542119043067336e-03
8.921784356871373944e-01,9.850906345584934387e-01,3.031320805620977832e-01,-1.059522180672539671e-03,-1.176547737678773804e-02
8.941788357671534015e-01,9.850885256601029649e-01,3.031668056180302773e-01,-1.048969987029024775e-03,3.131102859771166778e-04
8.961792358471694087e-01,9.850864377646170178e-01,3.032011835824260926e-01,-1.038522519688916956e-03,2.107915263102472930e-02
8.981796359271854158e-01,9.850843706639391684e-01,3.032352179307968854e-01,-1.028178759853809465e-03,5.224612708322901033e-02
9.001800360072014229e-01,9.850823241521943219e-01,3.032689121026609369e-01,-1.017937701028232000e-03,2.180454243151660684e-02
9.021804360872174300e-01,9.850802980257287178e-01,3.033022695015434866e-01,-1.007798349009325634e-03,-8.018101956377424872e-03
9.041808361672334371e-01,9.850782920825720268e-01,3.033352935004965945e-01,-9.977597158559448065e-04,-4.713282158375076136e-05
9.061812362472494442e-01,9.850763061195253467e-01,3.033679874617843386e-01,-9.878207771407132576e-04,-1.305144330593653243e-02
9.081816363272654513e-01,9.850743399383561361e-01,3.034003546675304586e-01,-9.779805354659942829e-04,-2.053794493420140616e-02
9.101820364072814584e-01,9.850723933433694901e-01,3.034323983618594234e-01,-9.682380104456822512e-04,-5.574288065894791519e-03
9.121824364872974655e-01,9.850704661406318730e-01,3.034641217603792351e-01,-9.585922315228645463e-04,3.931775073605031992e-03
9.141828365673134726e-01,9.850685581379712286e-01,3.034955280501814845e-01,-9.490422379627716509e-04,4.494849742897633060e-02
9.161832366473294798e-01,9.850666691449766477e-01,3.035266203898413506e-01,-9.395870788340698887e-04,3.612246700007656387e-04
9.181836367273454869e-01,9.850647989729984788e-01,3.035574019094176013e-01,-9.302258130013674187e-04,3.300372606108453039e-02
9.201840368073614940e-01,9.850629474351485504e-01,3.035878757104525927e-01,-9.209575091197463870e-04,4.326626951899869428e-02
9.221844368873775011e-01,9.850611143462998376e-01,3.036180448659722697e-01,-9.117812456179430480e-04,1.058415510874705437e-03
9.241848369673935082e-01,9.850592995230867954e-01,3.036479124204861657e-01,-9.026961106948783176e-04,3.929227607971108593e-02
9.261852370474095153e-01,9.850575027839050257e-01,3.036774813899873471e-01,-8.937012023035040276e-04,1.697968391191857773e-02
9.281856371274255224e-01,9.850557239489114991e-01,3.037067547619525798e-01,-8.847956281460567229e-04,-1.132317800213645392e-02
9.301860372074415295e-01,9.850539628400246661e-01,3.037357354953421074e-01,-8.759785056662583447e-04,5.753522115555693983e-03
9.321864372874575366e-01,9.850522192809239019e-01,3.037644265205997618e-01,-8.672489620285828149e-04,-2.953035109053160070e-04
9.341868373674735437e-01,9.850504930970501727e-01,3.037928307396530192e-01,-8.586061341241124634e-04,-6.667081882747889592e-03
9.361872374474895508e-01,9.850487841156058133e-01,3.038209510259128887e-01,-8.500491685556055277e-04,-5.819579993428945948e-03
9.381876375275055580e-01,9.850470921655543055e-01,3.038487902242740235e-01,-8.415772216244232773e-04,2.763655365200303870e-03
9.401880376075214540e-01,9.850454170776204998e-01,3.038763511511146098e-01,-8.331894593269217886e-04,1.002133905272849755e-02
9.421884376875374612e-01,9.850437586842905047e-01,3.039036365942964224e-01,-8.248850573430166477e-04,-2.294693193631123368e-02
9.441888377675534683e-01,9.850421168198119082e-01,3.039306493131648801e-01,-8.166632010324359481e-04,-1.051354750937284798e-03
9.461892378475694754e-01,9.850404913201932233e-01,3.039573920385488792e-01,-8.085230854153468982e-04,-3.886739863404048423e-02
9.481896379275854825e-01,9.850388820232048870e-01,3.039838674727610157e-01,-8.004639151845682754e-04,5.719423566820633353e-03
9.501900380076014896e-01,9.850372887683741530e-01,3.040100782896411058e-01,-7.924849046323512169e-04,1.479750198990226022e-02
9.521904380876174967e-01,9.850357113945997778e-01,3.040360271577021156e-01,-7.845852496375926854e-04,3.314285709357577166e-03
9.541908381676335038e-01,9.850341497428726223e-01,3.040617166984869724e-01,-7.767641443891803998e-04,6.369564653579396635e-03
9.561912382476495109e-01,9.850326036576815270e-01,3.040871494833217170e-01,-7.690208082525296085e-04,1.397955678073911634e-02
9.581916383276655180e-01,9.850310729848962277e-01,3.041123280611791602e-01,-7.613544682119888218e-04,-1.738887557363698322e-02
9.601920384076815251e-01,9.850295575717676888e-01,3.041372549586784935e-01,-7.537643588708398124e-04,-6.729985841985565431e-03
9.621924384876975322e-01,9.850280572669279922e-01,3.041619326800857337e-01,-7.462497224419162301e-04,1.202680137295269840e-02
9.641928385677135394e-01,9.850265719203904480e-01,3.041863637073133897e-01,-7.388098087439676220e-04,2.430833355948460936e-02
9.661932386477295465e-01,9.850251013835494840e-01,3.042105504999206844e-01,-7.314438751928331595e-04,9.141591158438482079e-03
9.681936387277455536e-01,9.850236455091807564e-01,3.042344954951133884e-01,-7.241511867964733895e-04,6.309733437208338291e-02
9.701940388077615607e-01,9.850222041514410387e-01,3.042582011077439863e-01,-7.169310161478925636e-04,-3.000945320769680871e-03
9.721944388877775678e-01,9.850207771658680000e-01,3.042816697303116213e-01,-7.097826434129816953e-04,2.428172809045817115e-02
9.741948389677935749e-01,9.850193644093808709e-01,3.043049037329618733e-01,-7.027053563389007440e-04,3.096548659991317509e-02
9.761952390478095820e-01,9.850179657402798883e-01,3.043279054634870917e-01,-6.956984502370089363e-04,-4.039944608781454241e-03
9.781956391278255891e-01,9.850165810182462955e-01,3.043506772473263400e-01,-6.887612279758148492e-04,-2.120158328304437567e-02
9.801960392078415962e-01,9.850152101043426756e-01,3.043732213875650627e-01,-6.818929999833633904e-04,-3.024696618816315533e-02
9.821964392878576033e-01,9.850138528610127286e-01,3.043955401649355852e-01,-6.750930842362445894e-04,3.381831911493031299e-03
9.841968393678736104e-01,9.850125091520811615e-01,3.044176358378166691e-01,-6.683608062512114145e-04,2.708893805721951376e-02
9.861972394478896176e-01,9.850111788427541315e-01,3.044395106422337904e-01,-6.616954990903145539e-04,6.130014472295126221e-03
9.881976395279056247e-01,9.850098617996185801e-01,3.044611667918590836e-01,-6.550965033399747117e-04,3.666305380903869121e-03
9.901980396079216318e-01,9.850085578906428996e-01,3.044826064780112862e-01,-6.485631671208080817e-04,-1.012891024243845611e-02
9.921984396879376389e-01,9.850072669851765994e-01,3.045038318696556834e-01,-6.420948460744702047e-04,1.338364847376479622e-02
9.941988397679536460e-01,9.850059889539501956e-01,3.045248451134042744e-01,-6.356909033569391188e-04,-5.403146718944999705e-02
9.961992398479695421e-01,9.850047236690754326e-01,3.045456483335156617e-01,-6.293507096375161591e-04,5.179980574730406323e-03
9.981996399279855492e-01,9.850034710040452834e-01,3.045662436318951061e-01,-6.230736430938299542e-04,8.008409573017889835e-05
1.000200040008001556e+00,9.850022308331446430e-01,3.045866330945846134e-01,-6.168590832602016683e-04,-3.487536524730372456e-02
1.002200440088017563e+00,9.850010030299191088e-01,3.046068188016022305e-01,-6.107063880353424956e-04,5.377924171556119903e-02
1.004200840168033571e+00,9.849997874717348889e-01,3.046268027748234575e-01,-6.046149393449939957e-04,-3.528994572820966930e-02
1.006201240248049578e+00,9.849985840374111401e-01,3.046465870139947185e-01,-5.985841283636106347e-04,-2.753659654955512015e-02
1.008201640328065585e+00,9.849973926068372743e-01,3.046661735015425143e-01,-5.926133521111931479e-04,-3.061419104093182630e-02
1.010202040408081592e+00,9.849962130609725142e-01,3.046855642025736444e-01,-5.867020134404099529e-04,2.717249303052678144e-02
1.012202440488097599e+00,9.849950452818464486e-01,3.047047610648749294e-01,-5.808495210438691103e-04,-2.278297105002363709e-02
1.014202840568113606e+00,9.849938891525585882e-01,3.047237660189135444e-01,-5.750552894410454474e-04,1.614135503466427798e-02
1.016203240648129613e+00,9.849927445572785878e-01,3.047425809778367967e-01,-5.693187389786136254e-04,1.411843507405266887e-02
1.018203640728145620e+00,9.849916113812461349e-01,3.047612078374720146e-01,-5.636392958246472240e-04,5.928120980378862558e-03
1.020204040808161627e+00,9.849904895107711722e-01,3.047796484763269920e-01,-5.580163919690350749e-04,-3.324748905839180341e-02
1.022204440888177635e+00,9.849893788332336753e-01,3.047979047555894327e-01,-5.524494652155709229e-04,-1.585510891491108409e-02
1.024204840968193642e+00,9.849882792370836526e-01,3.048159785191274507e-01,-5.469379591776235561e-04,4.128093629167428613e-02
1.026205241048209649e+00,9.849871906118411458e-01,3.048338715934891252e-01,-5.414813232751114480e-04,-3.281034130784057229e-02
1.028205641128225656e+00,9.849861128480963401e-01,3.048515857879028346e-01,-5.360790127322545562e-04,-2.132745302194321430e-02
1.030206041208241663e+00,9.849850458375096762e-01,3.048691228942772002e-01,-5.307304885779073889e-04,-4.586893558087377400e-03
1.032206441288257670e+00,9.849839894728115164e-01,3.048864846872009204e-01,-5.254352176337073743e-04,1.969931658330059676e-02
1.034206841368273677e+00,9.849829436478023670e-01,3.049036729239428811e-01,-5.201926725157401954e-04,5.770787092605984825e-03
1.036207241448289684e+00,9.849819082573527673e-01,3.049206893444521560e-01,-5.150023316292662301e-04,1.803610165075419242e-02
1.038207641528305691e+00,9.849808831974035117e-01,3.049375356713580620e-01,-5.098636791694977077e-04,-2.719221950346936700e-02
1.040208041608321698e+00,9.849798683649653164e-01,3.049542136099700484e-01,-5.047762051113846571e-04,2.311463864278891223e-02
1.042208441688337706e+00,9.849788636581190415e-01,3.049707248482777522e-01,-4.997394052116133079e-04,1.372598100925894252e-02
1.044208841768353713e+00,9.849778689760156913e-01,3.049870710569509424e-01,-4.947527810045260210e-04,-4.035886665909536875e-02
1.046209241848369720e+00,9.849768842188761919e-01,3.050032538893396872e-01,-4.898158397952656617e-04,3.800808935788650006e-02
1.048209641928385727e+00,9.849759092879919464e-01,3.050192749814740756e-01,-4.849280946678247162e-04,5.682501840971361518e-02
1.050210042008401734e+00,9.849749440857239469e-01,3.050351359520646066e-01,-4.800890644638677873e-04,-1.969452299313151356e-02
1.052210442088417741e+00,9.849739885142083651e-01,3.050508384167466280e-01,-4.752982602681810054e-04,9.160221551494018496e-04
1.054210842168433748e+00,9.849730424763425418e-01,3.050663839692249746e-01,-4.705551876988678384e-04,3.446500938998975361e-02
1.056211242248449755e+00,9.849721058778740934e-01,3.050817741620695522e-01,-4.658593724912174494e-04,-3.749686510817126783e-02
1.058211642328465762e+00,9.849711786253828594e-01,3.050970105344308902e-01,-4.612103449351256934e-04,-5.020771832167888332e-02
1.060212042408481770e+00,9.849702606262668025e-01,3.051120946122096167e-01,-4.566076397393148412e-04,-3.288021069473737873e-02
1.062212442488497777e+00,9.849693517887421201e-01,3.051270279080565140e-01,-4.520507960318331797e-04,-1.462872045493350884e-02
1.064212842568513784e+00,9.849684520218434658e-01,3.051418119213724078e-01,-4.475393573618313692e-04,-1.490859465698402345e-02
1.066213242648529791e+00,9.849675612354238385e-01,3.051564481383081118e-01,-4.430728716947607282e-04,1.474060647437013850e-02
1.068213642728545798e+00,9.849666793401545828e-01,3.051709380317645381e-01,-4.386508914104580992e-04,6.274758407666031212e-03
1.070214042808561805e+00,9.849658062475252773e-01,3.051852830613928091e-01,-4.342729732983718893e-04,-3.158620459002495912e-02
1.072214442888577812e+00,9.849649418698437353e-01,3.051994846735938682e-01,-4.299386785543424239e-04,1.375456057366699486e-02
1.074214842968593819e+00,9.849640861202362263e-01,3.052135443015189797e-01,-4.256475727846820156e-04,4.642638596924542754e-02
1.076215243048609826e+00,9.849632389126473653e-01,3.052274633650692293e-01,-4.213992260000964940e-04,2.950495775075698268e-02
1.078215643128625834e+00,9.849624001618398905e-01,3.052412432708959678e-01,-4.171932126100785787e-04,2.436049297947848538e-02
1.080216043208641841e+00,9.849615697833951078e-01,3.052548854124005895e-01,-4.130291114288475729e-04,9.141910160539881789e-05
1.082216443288657626e+00,9.849607476937125572e-01,3.052683911697344210e-01,-4.089065056674390242e-04,2.418187836044634331e-02
1.084216843368673633e+00,9.849599338100100132e-01,3.052817619097989432e-01,-4.048249829308459002e-04,-2.455814548217025162e-02
1.086217243448689640e+00,9.849591280503235957e-01,3.052949989862458469e-01,-4.007841352183794115e-04,1.837458178985793000e-02
1.088217643528705647e+00,9.849583303335077700e-01,3.053081037394765884e-01,-3.967835589221146986e-04,-2.577994045950779325e-03
1.090218043608721654e+00,9.849575405792353466e-01,3.053210774966429453e-01,-3.928228548243650753e-04,2.787981959216189257e-02
1.092218443688737661e+00,9.849567587079973707e-01,3.053339215716466826e-01,-3.889016280939905368e-04,1.126136215335267823e-02
1.094218843768753668e+00,9.849559846411034547e-01,3.053466372651396088e-01,-3.850194882907276295e-04,-2.763201413109953736e-02
1.096219243848769676e+00,9.849552183006811124e-01,3.053592258645235757e-01,-3.811760493497018398e-04,2.818647787488054012e-03
1.098219643928785683e+00,9.849544596096765359e-01,3.053716886439506450e-01,-3.773709295964433608e-04,3.007816581569820735e-02
1.100220044008801690e+00,9.849537084918541519e-01,3.053840268643228106e-01,-3.736037517347579051e-04,-2.860445087840474132e-02
1.102220444088817697e+00,9.849529648717965102e-01,3.053962417732921097e-01,-3.698741428429519473e-04,-1.434837109745959807e-02
1.104220844168833704e+00,9.849522286749047284e-01,3.054083346052608450e-01,-3.661817343818818404e-04,-1.958300694407542897e-02
1.106221244248849711e+00,9.849514998261402754e-01,3.054203065957499796e-01,-3.625261495844578352e-04,-3.775367466072847983e-02
1.108221644328865718e+00,9.849507782514863585e-01,3.054321589581967533e-01,-3.589070115853632004e-04,2.367279987015704149e-02
1.110222044408881725e+00,9.849500638790876783e-01,3.054438928747428283e-01,-3.553239586442380471e-04,3.241960861600643590e-02
1.112222444488897732e+00,9.849493566377058862e-01,3.054555095175298662e-01,-3.517766323227755620e-04,1.964930354410288418e-02
1.114222844568913739e+00,9.849486564567195845e-01,3.054670100487040796e-01,-3.482646774872200091e-04,5.715993208444681596e-03
1.116223244648929747e+00,9.849479632661243267e-01,3.054783956204165096e-01,-3.447877423079226400e-04,-1.645572350169359965e-03
1.118223644728945754e+00,9.849472769965327279e-01,3.054896673748227487e-01,-3.413454782596470061e-04,5.643162034856740068e-03
1.120224044808961761e+00,9.849465975791740213e-01,3.055008264440830512e-01,-3.379375401107165278e-04,-1.862683546738768889e-02
1.122224444888977768e+00,9.849459249458946131e-01,3.055118739503623893e-01,-3.345635859336448803e-04,2.201157642535815639e-02
1.124224844968993775e+00,9.849452590291576382e-01,3.055228110058302859e-01,-3.312232770944223414e-04,2.580608482386521213e-02
1.126225245049009782e+00,9.849445997620432935e-01,3.055336387126610376e-01,-3.279162782580113955e-04,2.298567207183966135e-02
1.128225645129025789e+00,9.849439470782485051e-01,3.055443581630334915e-01,-3.246422573800478162e-04,-1.359834770034989287e-02
1.130226045209041796e+00,9.849433009120872606e-01,3.055549704391312127e-01,-3.214008857126138263e-04,1.638707662957452054e-03
1.132226445289057803e+00,9.849426611984904989e-01,3.055654766131424838e-01,-3.181918378008519177e-04,-4.462712312284718673e-03
1.134226845369073811e+00,9.849420278730057765e-01,3.055758777472600829e-01,-3.150147914741940891e-04,4.439935490770920840e-02
1.136227245449089818e+00,9.849414008717979341e-01,3.055861748936815059e-01,-3.118694278595735003e-04,4.180535620204455481e-03
1.138227645529105825e+00,9.849407801316484301e-01,3.055963690946090772e-01,-3.087554313660201277e-04,-4.736052777962593274e-02
1.140228045609121832e+00,9.849401655899557850e-01,3.056064613822495057e-01,-3.056724896928209034e-04,9.656968781084013589e-03
1.142228445689137839e+00,9.849395571847353592e-01,3.056164527788142737e-01,-3.026202938238020668e-04,4.675403593295085480e-02
1.144228845769153846e+00,9.849389548546194639e-01,3.056263442965196364e-01,-2.995985380285226540e-04,1.682979436753564637e-02
1.146229245849169853e+00,9.849383585388574724e-01,3.056361369375862891e-01,-2.966069198628573655e-04,2.169038583129242331e-02
1.148229645929185860e+00,9.849377681773152649e-01,3.056458316942397557e-01,-2.936451401572004460e-04,6.078865310653827235e-04
1.150230046009201867e+00,9.849371837104760052e-01,3.056554295487101669e-01,-2.907129030312871620e-04,-4.957545005766086921e-02
1.152230446089217875e+00,9.849366050794395866e-01,3.056649314732322598e-01,-2.878099158808156144e-04,-4.554425376720421664e-02
1.154230846169233882e+00,9.849360322259228528e-01,3.056743384300454336e-01,-2.849358893818598748e-04,-3.143363025777896891e-02
1.156231246249249889e+00,9.849354650922595988e-01,3.056836513713938053e-01,-2.820905374900373186e-04,-3.452891463483211479e-03
1.158231646329265896e+00,9.849349036214005704e-01,3.056928712395261538e-01,-2.792735774385379788e-04,7.470688834844286218e-03
1.160232046409281903e+00,9.849343477569131311e-01,3.057019989666958648e-01,-2.764847297304917628e-04,1.695886907375755009e-02
1.162232446489297910e+00,9.849337974425066422e-01,3.057110354810142483e-01,-2.737237138158432614e-04,-8.785174782933936194e-03
1.164232846569313917e+00,9.849332526216088013e-01,3.057199817083367521e-01,-2.709902408929154571e-04,2.365224121938430332e-02
1.166233246649329924e+00,9.849327132399003926e-01,3.057288385409258069e-01,-2.682840369121197721e-04,-7.262002996402678288e-03
1.168233646729345931e+00,9.849321792436620537e-01,3.057376068617272402e-01,-2.656048314093606422e-04,-1.787784271508533959e-02
1.170234046809361939e+00,9.849316505796317234e-01,3.057462875462626517e-01,-2.629523563404678743e-04,2.102809052978203350e-02
1.172234446889377946e+00,9.849311271950055291e-01,3.057548814626294686e-01,-2.603263461006810608e-04,-2.312145092370501004e-02
1.174234846969393953e+00,9.849306090374373435e-01,3.057633894715008904e-01,-2.577265375131587710e-04,-6.848484980804063482e-02
1.176235247049409960e+00,9.849300960550388950e-01,3.057718124261258885e-01,-2.551526698311989971e-04,-2.675407164352866518e-02
1.178235647129425967e+00,9.849295881963795463e-01,3.057801511723292620e-01,-2.526044847326880394e-04,2.101384152839745178e-03
1.180236047209441974e+00,9.849290854104868487e-01,3.057884065485116376e-01,-2.500817263308974248e-04,-7.725452570257235196e-02
1.182236447289457981e+00,9.849285876468458767e-01,3.057965793856493586e-01,-2.475841411597734520e-04,-9.176035295624187377e-03
1.184236847369473988e+00,9.849280948553995607e-01,3.058046705072947069e-01,-2.451114781800989295e-04,-8.547370447255344186e-03
1.186237247449489995e+00,9.849276069865487981e-01,3.058126807295756810e-01,-2.426634887813527985e-04,-3.590406271301333635e-02
1.188237647529506003e+00,9.849271239911522313e-01,3.058206108611959406e-01,-2.402399267759647294e-04,-3.730282654172115131e-02
1.190238047609522010e+00,9.849266458205263586e-01,3.058284617034352504e-01,-2.378405484012580118e-04,-1.179938925088314453e-02
1.192238447689538017e+00,9.849261724264455342e-01,3.058362340501488696e-01,-2.354651123183670869e-04,-1.391296935318866827e-02
1.194238847769554024e+00,9.849257037611418575e-01,3.058439286877681074e-01,-2.331133796097673017e-04,3.126484935518115960e-02
1.196239247849569809e+00,9.849252397773053946e-01,3.058515463952998781e-01,-2.307851137826333332e-04,9.140791014537352766e-03
1.198239647929585816e+00,9.849247804280837348e-01,3.058590879443269794e-01,-2.284800807594022931e-04,-3.974986621839889100e-02
1.200240048009601823e+00,9.849243256670827673e-01,3.058665540990079812e-01,-2.261980488930670496e-04,-2.159248479481162830e-02
1.202240448089617830e+00,9.849238754483657932e-01,3.058739456160773917e-01,-2.239387889478861027e-04,1.740459938910292673e-02
1.204240848169633837e+00,9.849234297264540805e-01,3.058812632448452695e-01,-2.217020741109299031e-04,4.717771714983665793e-02
1.206241248249649844e+00,9.849229884563269755e-01,3.058885077271976671e-01,-2.194876799928857647e-04,9.442999663612729536e-03
1.208241648329665852e+00,9.849225515934211250e-01,3.058956797975963537e-01,-2.172953846116820742e-04,7.550518231875445914e-03
1.210242048409681859e+00,9.849221190936314763e-01,3.059027801830788706e-01,-2.151249684129996620e-04,4.630368663588716599e-02
1.212242448489697866e+00,9.849216909133107212e-01,3.059098096032587533e-01,-2.129762142579760820e-04,-7.797623147333769805e-04
1.214242848569713873e+00,9.849212670092690747e-01,3.059167687703250316e-01,-2.108489074173214295e-04,-7.938372865785654070e-03
1.216243248649729880e+00,9.849208473387749407e-01,3.059236583890427297e-01,-2.087428355852238848e-04,-3.553996239287692677e-02
1.218243648729745887e+00,9.849204318595544683e-01,3.059304791567526438e-01,-2.066577888700515953e-04,-1.303205984456270311e-02
1.220244048809761894e+00,9.849200205297914401e-01,3.059372317633713978e-01,-2.045935597900783165e-04,5.426322500516375658e-02
1.222244448889777901e+00,9.849196133075786008e-01,3.059439168983331681e-01,-2.025499384537554626e-04,-3.574608475067168195e-02
1.224244848969793908e+00,9.849192101510648722e-01,3.059505352459213623e-01,-2.005267110443964551e-04,7.926595928684171486e-05
1.226245249049809916e+00,9.849188110201616553e-01,3.059570874643366967e-01,-1.985236754666608316e-04,-3.540670937427455728e-02
1.228245649129825923e+00,9.849184158751611573e-01,3.059635742057212338e-01,-1.965406317522011559e-04,3.015353069541744455e-03
1.230246049209841930e+00,9.849180246766894298e-01,3.059699961167965943e-01,-1.945773816908191733e-04,2.199660270461220937e-02
1.232246449289857937e+00,9.849176373857068123e-01,3.059763538388645121e-01,-1.926337288400414849e-04,-6.283866724169740597e-03
1.234246849369873944e+00,9.849172539635071555e-01,3.059826480078063349e-01,-1.907094785074670007e-04,1.806797227897995878e-02
1.236247249449889951e+00,9.849168743717183760e-01,3.059888792540833569e-01,-1.888044377623965264e-04,1.783229119995856024e-02
1.238247649529905958e+00,9.849164985723023458e-01,3.059950482027365970e-01,-1.869184154334457837e-04,1.098870198723940830e-02
1.240248049609921965e+00,9.849161265275547805e-01,3.060011554733869654e-01,-1.850512221050759631e-04,4.272114876329374811e-02
1.242248449689937972e+00,9.849157582001054623e-01,3.060072016802350969e-01,-1.832026701224231946e-04,1.928773617982896052e-02
1.244248849769953980e+00,9.849153935529180171e-01,3.060131874320616285e-01,-1.813725735856364096e-04,-7.805361726943542931e-03
1.246249249849969987e+00,9.849150325492898039e-01,3.060191133322268109e-01,-1.795607483479622069e-04,-1.720014946065083483e-02
1.248249649929985994e+00,9.849146751528523591e-01,3.060249799786708969e-01,-1.777670120238494800e-04,-2.131042569963257846e-02
1.250250050010002001e+00,9.849143213275710629e-01,3.060307879639138084e-01,-1.759911839821493018e-04,1.172069475689314910e-02
1.252250450090018008e+00,9.849139710377451395e-01,3.060365378750553589e-01,-1.742330853455875683e-04,-8.267278441599799563e-03
1.254250850170034015e+00,9.849136242480078796e-01,3.060422302937751970e-01,-1.724925389943454679e-04,6.805668343611305515e-02
1.256251250250050022e+00,9.849132809233261954e-01,3.060478657963327520e-01,-1.707693695578715865e-04,4.589042077089605653e-02
1.258251650330066029e+00,9.849129410290013986e-01,3.060534449535672885e-01,-1.690634034293148069e-04,-5.532163391087393904e-03
1.260252050410082036e+00,9.849126045306683119e-01,3.060589683308979625e-01,-1.673744687474554294e-04,-8.395655822822194192e-03
1.262252450490098044e+00,9.849122713942957130e-01,3.060644364883235991e-01,-1.657023954052261328e-04,4.208871143750534533e-02
1.264252850570114051e+00,9.849119415861865567e-01,3.060698499804229700e-01,-1.640470150543194006e-04,-4.724804154767898307e-02
1.266253250650130058e+00,9.849116150729774199e-01,3.060752093563546272e-01,-1.624081610926975117e-04,-1.145118464372040651e-02
1.268253650730146065e+00,9.849112918216389456e-01,3.060805151598569585e-01,-1.607856686744457697e-04,2.360813810620985762e-02
1.270254050810162072e+00,9.849109717994758428e-01,3.060857679292481870e-01,-1.591793747085512578e-04,-2.296161864768263977e-02
1.272254450890178079e+00,9.849106549741264427e-01,3.060909681974262053e-01,-1.575891178496602318e-04,-1.207833844518680505e-02
1.274254850970194086e+00,9.849103413135630314e-01,3.060961164918689636e-01,-1.560147385047394586e-04,-8.934543890871931432e-03
1.276255251050210093e+00,9.849100307860921832e-01,3.061012133346340813e-01,-1.544560788399873541e-04,1.636575633382410591e-02
1.278255651130226100e+00,9.849097233603539836e-01,3.061062592423590689e-01,-1.529129827634034822e-04,3.285259137814819028e-03
1.280256051210242108e+00,9.849094190053224729e-01,3.061112547262611616e-01,-1.513852959346417837e-04,9.900799961268710522e-03
1.282256451290258115e+00,9.849091176903058686e-01,3.061162002921375414e-01,-1.498728657694514688e-04,1.473222026381404426e-02
1.284256851370274122e+00,9.849088193849174777e-01,3.061210964407523605e-01,-1.483755412023946008e-04,6.000801632259243276e-04
1.286257251450290129e+00,9.849085240582255985e-01,3.061259436785258581e-01,-1.468931651531224514e-04,2.761726179106366308e-02
1.288257651530306136e+00,9.849082316804197434e-01,3.061307424935010291e-01,-1.454255862080588990e-04,-1.836939736384893967e-02
1.290258051610322143e+00,9.849079422224960023e-01,3.061354933617261853e-01,-1.439726582589395676e-04,-3.604701004892487542e-02
1.292258451690338150e+00,9.849076556556890516e-01,3.061401967553682990e-01,-1.425342364420878472e-04,-4.456432935675320312e-02
1.294258851770354157e+00,9.849073719514730429e-01,3.061448531427128361e-01,-1.411101771568445962e-04,-4.066635465121829635e-02
1.296259251850370164e+00,9.849070910815603819e-01,3.061494629881637564e-01,-1.397003380389783000e-04,-1.390259357672833478e-02
1.298259651930386172e+00,9.849068130179027269e-01,3.061540267522435133e-01,-1.383045779823344201e-04,2.561286775342565616e-02
1.300260052010402179e+00,9.849065377326905457e-01,3.061585448915932206e-01,-1.369227571286490974e-04,4.217246177170765054e-03
1.302260452090418186e+00,9.849062651983531147e-01,3.061630178589723195e-01,-1.355547368673271080e-04,-1.509921997525139753e-02
1.304260852170434193e+00,9.849059953875585194e-01,3.061674461032589112e-01,-1.342003798355251298e-04,-2.688059020522709508e-02
1.306261252250450200e+00,9.849057282732139873e-01,3.061718300694495909e-01,-1.328595499249241030e-04,-1.335500083318951793e-02
1.308261652330466207e+00,9.849054638284652219e-01,3.061761701986594475e-01,-1.315321122670465304e-04,-1.022319174717798915e-02
1.310262052410481992e+00,9.849052020266970686e-01,3.061804669281221192e-01,-1.302179332476893769e-04,-1.425770270572725151e-02
1.312262452490497999e+00,9.849049428415332930e-01,3.061847206911897379e-01,-1.289168805017337771e-04,-3.594252489907014819e-02
1.314262852570514006e+00,9.849046862468363583e-01,3.061889319173329849e-01,-1.276288229083155645e-04,-1.202282435096505009e-02
1.316263252650530013e+00,9.849044322167077592e-01,3.061931010321410906e-01,-1.263536305972923213e-04,2.530204970387964908e-02
1.318263652730546021e+00,9.849041807254876879e-01,3.061972284573217240e-01,-1.250911749426097952e-04,-5.449031471482940897e-02
1.320264052810562028e+00,9.849039317477552569e-01,3.062013146107011030e-01,-1.238413285664652363e-04,-6.139058139675857007e-03
1.322264452890578035e+00,9.849036852583287205e-01,3.062053599062240505e-01,-1.226039653440258448e-04,-5.315631283615716157e-02
1.324264852970594042e+00,9.849034412322646981e-01,3.062093647539538277e-01,-1.213789603860815358e-04,4.454811304061460399e-03
1.326265253050610049e+00,9.849031996448591730e-01,3.062133295600721894e-01,-1.201661900611938893e-04,-1.880740096276882142e-02
1.328265653130626056e+00,9.849029604716467157e-01,3.062172547268795508e-01,-1.189655319782934040e-04,-5.226115723429494708e-02
1.330266053210642063e+00,9.849027236884008163e-01,3.062211406527947100e-01,-1.177768649930632794e-04,2.399777883342547186e-03
1.332266453290658070e+00,9.849024892711339962e-01,3.062249877323550695e-01,-1.166000692117974413e-04,4.531853376959796981e-02
1.334266853370674077e+00,9.849022571960974748e-01,3.062287963562164705e-01,-1.154350259822689573e-04,2.606853307821798554e-03
1.336267253450690085e+00,9.849020274397812802e-01,3.062325669111533588e-01,-1.142816178970329499e-04,2.893050547666165678e-02
1.338267653530706092e+00,9.849017999789145827e-01,3.062362997800586739e-01,-1.131397288001434465e-04,-1.900749783022868305e-03
1.340268053610722099e+00,9.849015747904652507e-01,3.062399953419439047e-01,-1.120092437773834160e-04,-5.405177994782978113e-02
1.342268453690738106e+00,9.849013518516400723e-01,3.062436539719389783e-01,-1.108900491605668837e-04,1.215119721643965860e-02
1.344268853770754113e+00,9.849011311398845336e-01,3.062472760412924266e-01,-1.097820325236809058e-04,-1.056676470282900959e-02
1.346269253850770120e+00,9.849009126328832631e-01,3.062508619173712754e-01,-1.086850826907959089e-04,-3.666080827451277668e-02
1.348269653930786127e+00,9.849006963085595867e-01,3.062544119636610995e-01,-1.075990897276002389e-04,1.951331775835035698e-02
1.350270054010802134e+00,9.849004821450758618e-01,3.062579265397659123e-01,-1.065239449475618994e-04,7.064915191398107169e-03
1.352270454090818141e+00,9.849002701205518129e-01,3.062614060052246678e-01,-1.054595386916212796e-04,-1.324070055664600815e-02
1.354270854170834149e+00,9.849000602129718285e-01,3.062648507195239733e-01,-1.044057583516055931e-04,2.159732987670079374e-02
1.356271254250850156e+00,9.848998524015205591e-01,3.062682610240204384e-01,-1.033624989207615474e-04,-2.190516169374658040e-02
1.358271654330866163e+00,9.848996466656153581e-01,3.062716372564179279e-01,-1.023296567327358630e-04,1.598347881176968160e-02
1.360272054410882170e+00,9.848994429848404453e-01,3.062749797517003714e-01,-1.013071289834854838e-04,-2.361281886006598787e-02
1.362272454490898177e+00,9.848992413389477951e-01,3.062782888421319849e-01,-1.002948137504844350e-04,1.324857422890148885e-02
1.364272854570914184e+00,9.848990417078560267e-01,3.062815648572571603e-01,-9.929260996852096177e-05,-2.761799122370155526e-02
1.366273254650930191e+00,9.848988440716512915e-01,3.062848081239005205e-01,-9.830041744915418711e-05,3.713140465807863999e-02
1.368273654730946198e+00,9.848986484105868300e-01,3.062880189661668640e-01,-9.731813687013923797e-05,6.260369363527471150e-03
1.370274054810962205e+00,9.848984547050833038e-01,3.062911977054412760e-01,-9.634566978339309529e-05,3.572553223004440448e-02
1.372274454890978213e+00,9.848982629357281304e-01,3.062943446603889619e-01,-9.538291859989556087e-05,-2.065653235659613979e-02
1.374274854970994220e+00,9.848980730832763708e-01,3.062974601469553582e-01,-9.442978660909040478e-05,-1.199698911079728758e-02
1.376275255051010227e+00,9.848978851286499525e-01,3.063005444783661324e-01,-9.348617796228753107e-05,2.089813378490773532e-02
1.378275655131026234e+00,9.848976990529383357e-01,3.063035979651271279e-01,-9.255199768573585395e-05,-6.868548070541885542e-02
1.380276055211042241e+00,9.848975148373978472e-01,3.063066209150244190e-01,-9.162715166771695507e-05,-2.676139851784904017e-02
1.382276455291058248e+00,9.848973324634522353e-01,3.063096136331243113e-01,-9.071154666917546905e-05,2.573871226037269255e-02
1.384276855371074255e+00,9.848971519126923369e-01,3.063125764217732305e-01,-8.980509031719652313e-05,1.153792800704216831e-02
1.386277255451090262e+00,9.848969731668764105e-01,3.063155095805978889e-01,-8.890769111155605309e-05,2.438032586933364110e-02
1.388277655531106269e+00,9.848967962079295813e-01,3.063184134065051745e-01,-8.801925841336877276e-05,-7.832041435531469920e-03
1.390278055611122277e+00,9.848966210179443959e-01,3.063212881936822063e-01,-8.713970245588509300e-05,1.401284483762214178e-02
1.392278455691138284e+00,9.848964475791804896e-01,3.063241342335963346e-01,-8.626893433852367288e-05,-1.835737568975909575e-02
1.394278855771154291e+00,9.848962758740649193e-01,3.063269518149949744e-01,-8.540686603236702368e-05,-3.438441605659228739e-02
1.396279255851170298e+00,9.848961058851914974e-01,3.063297412239059381e-01,-8.455341036742169969e-05,-4.245442775328293200e-02
1.398279655931186305e+00,9.848959375953219020e-01,3.063325027436371584e-01,-8.370848105523909233e-05,-1.387644775681584966e-02
1.400280056011202312e+00,9.848957709873842337e-01,3.063352366547767436e-01,-8.287199265830103023e-05,-1.380640755327081949e-02
1.402280456091218319e+00,9.848956060444745697e-01,3.063379432351930332e-01,-8.204386062304891425e-05,-1.581647880054084035e-02
1.404280856171234326e+00,9.848954427498555209e-01,3.063406227600345977e-01,-8.122400124893625062e-05,-8.880134827619737270e-02
1.406281256251250333e+00,9.848952810869573415e-01,3.063432755017302389e-01,-8.041233171254824619e-05,-5.004550233262609199e-02
1.408281656331266340e+00,9.848951210393772637e-01,3.063459017299888787e-01,-7.960877005244726412e-05,-1.339542099988882441e-02
1.410282056411282348e+00,9.848949625908799410e-01,3.063485017117997256e-01,-7.881323517924809785e-05,7.096602454759539519e-03
1.412282456491298355e+00,9.848948057253968935e-01,3.063510757114321637e-01,-7.802564686312796205e-05,-1.454784127303927234e-02
1.414282856571314362e+00,9.848946504270271740e-01,3.063536239904357528e-01,-7.724592574859245886e-05,-2.199967593451618644e-02
1.416283256651330369e+00,9.848944966800368128e-01,3.063561468076402838e-01,-7.647399334231863577e-05,-5.778830732213324772e-02
1.418283656731346376e+00,9.848943444688592619e-01,3.063586444191558900e-01,-7.570977202248085902e-05,5.046176620237574628e-02
1.420284056811362383e+00,9.848941937780948397e-01,3.063611170783726023e-01,-7.495318502634407132e-05,-2.760273517169951896e-02
1.422284456891378390e+00,9.848940445925106202e-01,3.063635650359714524e-01,-7.420415645922884273e-05,4.201071178601811784e-02
1.424284856971394175e+00,9.848938968965582630e-01,3.063659885465155330e-01,-7.346260755103362072e-05,3.894368531728764626e-02
1.426285257051410182e+00,9.848937506751673787e-01,3.063683878563113194e-01,-7.272846151962220063e-05,6.775498186003702482e-03
1.428285657131426190e+00,9.848936059139211663e-01,3.063707632018216054e-01,-7.200164575016376745e-05,-1.438723677231711941e-02
1.430286057211442197e+00,9.848934625985170666e-01,3.063731148176498387e-01,-7.128208821916004467e-05,3.234106191337434225e-03
1.432286457291458204e+00,9.848933207147665403e-01,3.063754429365403431e-01,-7.056971749053175813e-05,-2.889661906847441897e-02
1.434286857371474211e+00,9.848931802485956233e-01,3.063777477893779855e-01,-6.986446272705393312e-05,6.448388704722718759e-03
1.436287257451490218e+00,9.848930411860439271e-01,3.063800296051883976e-01,-6.916625366887307891e-05,4.637442570860726828e-06
1.438287657531506225e+00,9.848929035132658605e-01,3.063822886111380317e-01,-6.847502066001376342e-05,1.323073167804651208e-02
1.440288057611522232e+00,9.848927672165295188e-01,3.063845250325338831e-01,-6.779069462373166211e-05,2.369313052147081766e-02
1.442288457691538239e+00,9.848926322822174617e-01,3.063867390928237677e-01,-6.711320708013834846e-05,4.325384897824098573e-02
1.444288857771554246e+00,9.848924986968264905e-01,3.063889310135962663e-01,-6.644249014056691216e-05,-9.774338353056910567e-03
1.446289257851570254e+00,9.848923664469672046e-01,3.063911010145805580e-01,-6.577847649849588585e-05,2.601893196748357451e-02
1.448289657931586261e+00,9.848922355193647782e-01,3.063932493136465873e-01,-6.512109944559196784e-05,-1.985686061516811138e-02
1.450290058011602268e+00,9.848921059008584056e-01,3.063953761268051190e-01,-6.447029286063554743e-05,-2.242859398089216624e-02
1.452290458091618275e+00,9.848919775784015229e-01,3.063974816682074609e-01,-6.382599121335097436e-05,-1.551523687419775061e-02
1.454290858171634282e+00,9.848918505390616973e-01,3.063995661501457968e-01,-6.318812956276897985e-05,-2.461232952430430013e-02
1.456291258251650289e+00,9.848917247700205158e-01,3.064016297830528535e-01,-6.255664355347967387e-05,2.444405131481297219e-02
1.458291658331666296e+00,9.848916002585741403e-01,3.064036727755022893e-01,-6.193146942939931066e-05,2.301909699211372728e-02
1.460292058411682303e+00,9.848914769921325307e-01,3.064056953342082501e-01,-6.131254401564589784e-05,3.174648113196910926e-02
1.462292458491698310e+00,9.848913549582201110e-01,3.064076976640258687e-01,-6.069980473305536250e-05,-6.932080363360568383e-04
1.464292858571714318e+00,9.848912341444753249e-01,3.064096799679507099e-01,-6.009318958874465544e-05,6.799446712593202116e-03
1.466293258651730325e+00,9.848911145386507471e-01,3.064116424471192701e-01,-5.949263717860975298e-05,-1.452016760218031825e-02
1.468293658731746332e+00,9.848909961286131942e-01,3.064135853008085886e-01,-5.889808668929630286e-05,-2.883292928293303137e-02
1.470294058811762339e+00,9.848908789023439470e-01,3.064155087264366362e-01,-5.830947790336216130e-05,1.111714428538555788e-02
1.472294458891778346e+00,9.848907628479378618e-01,3.064174129195619822e-01,-5.772675117968195657e-05,6.651601031733709452e-03
1.474294858971794353e+00,9.848906479536045921e-01,3.064192980738837946e-01,-5.714984747981488589e-05,-2.773248147392288337e-02
1.476295259051810360e+00,9.848905342076677005e-01,3.064211643812421726e-01,-5.657870834913092395e-05,1.457673295781603852e-02
1.478295659131826367e+00,9.848904215985647692e-01,3.064230120316178696e-01,-5.601327591911453574e-05,-4.359919684091233261e-02
1.480296059211842374e+00,9.848903101148477335e-01,3.064248412131322374e-01,-5.545349291380397005e-05,-4.530415596027151555e-03
1.482296459291858381e+00,9.848901997451828816e-01,3.064266521120475040e-01,-5.489930265065168236e-05,-1.581274523053860168e-02
1.484296859371874389e+00,9.848900904783502996e-01,3.064284449127664955e-01,-5.435064902811759247e-05,-1.328625605459797521e-02
1.486297259451890396e+00,9.848899823032446488e-01,3.064302197978328590e-01,-5.380747654232242994e-05,-2.714025135717233750e-02
1.488297659531906403e+00,9.848898752088744990e-01,3.064319769479308952e-01,-5.326973027292014606e-05,2.375908255627446827e-02
1.490298059611922410e+00,9.848897691843626623e-01,3.064337165418856146e-01,-5.273735588970374089e-05,1.409596794533835712e-02
1.492298459691938417e+00,9.848896642189461925e-01,3.064354387566627369e-01,-5.221029965318813026e-05,2.953329637062617960e-02
1.494298859771954424e+00,9.848895603019762746e-01,3.064371437673688581e-01,-5.168850841219541081e-05,3.210745207717238467e-03
1.496299259851970431e+00,9.848894574229182242e-01,3.064388317472510059e-01,-5.117192960316097050e-05,-3.250251328450005223e-02
1.498299659931986438e+00,9.848893555713517101e-01,3.064405028676971954e-01,-5.066051125518500342e-05,-9.525698459875541271e-03
1.500300060012002445e+00,9.848892547366411288e-01,3.064421573028718870e-01,-5.015419956161393245e-05,-2.983809933390024760e-02
1.502300460092018453e+00,9.848891549084156649e-01,3.064437952221511496e-01,-4.965294160258482137e-05,1.112022618289568859e-02
1.504300860172034460e+00,9.848890560768756020e-01,3.064454167862421530e-01,-4.915668802893402578e-05,2.991849153817741774e-02
1.506301260252050467e+00,9.848889582322973846e-01,3.064470221546098938e-01,-4.866538988351765127e-05,7.853594399606238924e-03
1.508301660332066474e+00,9.848888613650330637e-01,3.064486114854838017e-01,-4.817899859449470412e-05,-1.536120184508573544e-02
1.510302060412082481e+00,9.848887654655107404e-01,3.064501849358576280e-01,-4.769746598609625465e-05,-9.630875528071632108e-03
1.512302460492098488e+00,9.848886705242341222e-01,3.064517426614898343e-01,-4.722074426791178503e-05,4.714029322398213817e-03
1.514302860572114495e+00,9.848885765317829666e-01,3.064532848169030932e-01,-4.674878604532528570e-05,-3.655568362480733635e-02
1.516303260652130502e+00,9.848884834788125264e-01,3.064548115553847318e-01,-4.628154430713626866e-05,3.318772037181745745e-03
1.518303660732146509e+00,9.848883913560539938e-01,3.064563230289865103e-01,-4.581897243521870777e-05,4.541627965674074029e-03
1.520304060812162517e+00,9.848883001543144999e-01,3.064578193885245661e-01,-4.536102420416021630e-05,-1.405143291550885534e-02
1.522304460892178524e+00,9.848882098644768934e-01,3.064593007835795802e-01,-4.490765377709871053e-05,-1.089578932991156802e-02
1.524304860972194531e+00,9.848881204774995179e-01,3.064607673624966666e-01,-4.445881570039333930e-05,3.801657261423797927e-03
1.526305261052210538e+00,9.848880319844169895e-01,3.064622192723855387e-01,-4.401446492052762949e-05,-2.100123564632524684e-02
1.528305661132226545e+00,9.848879443763395303e-01,3.064636566591201206e-01,-4.357455676964883118e-05,-2.105514440668528400e-02
1.530306061212242552e+00,9.848878576444529687e-01,3.064650796673390465e-01,-4.313904696551240647e-05,1.895613256323416818e-02
1.532306461292258559e+00,9.848877717800192944e-01,3.064664884404453282e-01,-4.270789162386101623e-05,5.041560096831515514e-03
1.534306861372274566e+00,9.848876867743759922e-01,3.064678831206063547e-01,-4.228104724313119789e-05,4.142430897313648108e-02
1.536307261452290351e+00,9.848876026189365973e-01,3.064692638487541698e-01,-4.185847071769277505e-05,-2.524130844393003906e-02
1.538307661532306359e+00,9.848875193051902510e-01,3.064706307645850836e-01,-4.144011932688540512e-05,-4.506558633571458583e-02
1.540308061612322366e+00,9.848874368247019229e-01,3.064719840065600609e-01,-4.102595074068071668e-05,2.292844615345629444e-02
1.542308461692338373e+00,9.848873551691124106e-01,3.064733237119044440e-01,-4.061592301946026495e-05,2.331299454676273586e-02
1.544308861772354380e+00,9.848872743301384514e-01,3.064746500166079524e-01,-4.020999461609719994e-05,-1.909479314632172783e-02
1.546309261852370387e+00,9.848871942995722772e-01,3.064759630554250158e-01,-3.980812436699121548e-05,-3.736123344677996089e-02
1.548309661932386394e+00,9.848871150692823928e-01,3.064772629618742750e-01,-3.941027150800024970e-05,-1.844175051452006699e-03
1.550310062012402401e+00,9.848870366312124647e-01,3.064785498682389697e-01,-3.901639565104253471e-05,-4.448665112589475501e-02
1.552310462092418408e+00,9.848869589773825428e-01,3.064798239055667728e-01,-3.862645681015908217e-05,-9.262742623278946708e-03
1.554310862172434415e+00,9.848868820998881723e-01,3.064810852036699007e-01,-3.824041538288969200e-05,-5.531104541567744698e-02
1.556311262252450422e+00,9.848868059909007266e-01,3.064823338911248918e-01,-3.785823215646244577e-05,-6.736502321365526319e-03
1.558311662332466430e+00,9.848867306426675183e-01,3.064835700952728836e-01,-3.747986831076355330e-05,-5.382123662321023488e-02
1.560312062412482437e+00,9.848866560475114662e-01,3.064847939422194467e-01,-3.710528541139845871e-05,-6.758095321343596251e-03
1.562312462492498444e+00,9.848865821978315394e-01,3.064860055568345842e-01,-3.673444541860138024e-05,3.707604706734839162e-02
1.564312862572514451e+00,9.848865090861020910e-01,3.064872050627527877e-01,-3.636731067324650013e-05,-7.553747954818019333e-03
1.566313262652530458e+00,9.848864367048738577e-01,3.064883925823730371e-01,-3.600384391835853570e-05,1.834496070270518267e-02
1.568313662732546465e+00,9.848863650467728492e-01,3.064895682368587448e-01,-3.564400827532621108e-05,-1.696256262723688096e-02
1.570314062812562472e+00,9.848862941045011254e-01,3.064907321461378120e-01,-3.528776725986171314e-05,-2.324736374492033381e-02
1.572314462892578479e+00,9.848862238708365746e-01,3.064918844289026278e-01,-3.493508477819817770e-05,-3.841189443557899152e-02
1.574314862972594486e+00,9.848861543386326911e-01,3.064930252026099589e-01,-3.458592512159408550e-05,2.502312564621784335e-02
1.576315263052610494e+00,9.848860855008190196e-01,3.064941545834811709e-01,-3.424025297632526943e-05,-2.458733517502077054e-03
1.578315663132626501e+00,9.848860173504008220e-01,3.064952726865020072e-01,-3.389803341630193145e-05,3.952405866105641180e-02
1.580316063212642508e+00,9.848859498804529711e-01,3.064963796255121831e-01,-3.355923186154630145e-05,-3.052902198690678540e-02
1.582316463292658515e+00,9.848858830838134182e-01,3.064974755175673971e-01,-3.322381187090273080e-05,-6.660533834433163790e-03
1.584316863372674522e+00,9.848858169537162421e-01,3.064985604732792246e-01,-3.289173904838516016e-05,8.717779623178526947e-04
1.586317263452690529e+00,9.848857514837026095e-01,3.064996345985564474e-01,-3.256298087631059879e-05,3.417172948415828082e-02
1.588317663532706536e+00,9.848856866673624255e-01,3.065006979985132607e-01,-3.223750508751788146e-05,4.439112877642304583e-02
1.590318063612722543e+00,9.848856224983342234e-01,3.065017507774694949e-01,-3.191527966292517782e-05,-1.739674921841083063e-02
1.592318463692738550e+00,9.848855589703051638e-01,3.065027930389502275e-01,-3.159627283158550348e-05,-2.953869406907128764e-02
1.594318863772754558e+00,9.848854960770113687e-01,3.065038248856861713e-01,-3.128045307765336958e-05,-4.462741740796308948e-02
1.596319263852770565e+00,9.848854338122373653e-01,3.065048464196134526e-01,-3.096778912853315191e-05,3.218711142898427607e-02
1.598319663932786572e+00,9.848853721698165309e-01,3.065058577418737773e-01,-3.065824996464905361e-05,-3.430514022134939674e-03
1.600320064012802579e+00,9.848853111436310925e-01,3.065068589528141541e-01,-3.035180481891774917e-05,-1.746727465491159162e-02
1.602320464092818586e+00,9.848852507276115720e-01,3.065078501519871712e-01,-3.004842316517430945e-05,-2.566048589057397071e-03
1.604320864172834593e+00,9.848851909157375628e-01,3.065088314381509971e-01,-2.974807473513085831e-05,-6.525245988996521140e-02
1.606321264252850600e+00,9.848851317020372864e-01,3.065098029092689913e-01,-2.945072950796823186e-05,-4.444527637161252431e-02
1.608321664332866607e+00,9.848850730805873699e-01,3.065107646625103155e-01,-2.915635770647795333e-05,2.206590081411126392e-02
1.610322064412882614e+00,9.848850150455137342e-01,3.065117167942494336e-01,-2.886492981563071325e-05,8.571948916483398961e-03
1.612322464492898622e+00,9.848849575909902621e-01,3.065126594000662785e-01,-2.857641655396037095e-05,2.423410910754150022e-03
1.614322864572914629e+00,9.848849007112402409e-01,3.065135925747463075e-01,-2.829078890456693252e-05,-2.637046354951297356e-02
1.616323264652930636e+00,9.848848444005351421e-01,3.065145164122805022e-01,-2.800801808913733204e-05,1.335561820371412856e-02
1.618323664732946643e+00,9.848847886531953977e-01,3.065154310058651466e-01,-2.772807558437673237e-05,4.311990506276541096e-02
1.620324064812962650e+00,9.848847334635901785e-01,3.065163364479022712e-01,-2.745093311720681051e-05,-3.195915683234549359e-02
1.622324464892978657e+00,9.848846788261370611e-01,3.065172328299991533e-01,-2.717656265802115279e-05,-9.812547781007266261e-04
1.624324864972994664e+00,9.848846247353025829e-01,3.065181202429685947e-01,-2.690493643159319603e-05,-1.223149814552273659e-02
1.626325265053010671e+00,9.848845711856019092e-01,3.065189987768290325e-01,-2.663602691130306788e-05,7.663659842826181859e-03
1.628325665133026678e+00,9.848845181715989439e-01,3.065198685208041507e-01,-2.636980682052536551e-05,-1.012000144191420618e-03
1.630326065213042686e+00,9.848844656879063297e-01,3.065207295633232687e-01,-2.610624913268466685e-05,-5.041605127916431138e-03
1.632326465293058693e+00,9.848844137291852263e-01,3.065215819920211193e-01,-2.584532706681463843e-05,-2.342122899599985431e-02
1.634326865373074700e+00,9.848843622901455319e-01,3.065224258937379043e-01,-2.558701409255403902e-05,-1.765218368770343944e-03
1.636327265453090707e+00,9.848843113655461057e-01,3.065232613545194051e-01,-2.533128393400474465e-05,-1.673261027029623871e-02
1.638327665533106714e+00,9.848842609501943235e-01,3.065240884596167614e-01,-2.507811056109976455e-05,-5.034992588096895254e-03
1.640328065613122721e+00,9.848842110389460780e-01,3.065249072934866370e-01,-2.482746818890935181e-05,-2.962671901744640818e-03
1.642328465693138728e+00,9.848841616267062227e-01,3.065257179397911647e-01,-2.457933128774403286e-05,1.498280865999794889e-02
1.644328865773154735e+00,9.848841127084282387e-01,3.065265204813979460e-01,-2.433367457557733537e-05,-1.593226696355618324e-02
1.646329265853170742e+00,9.848840642791143463e-01,3.065273150003801073e-01,-2.409047302079359021e-05,-9.459595558955060518e-03
1.648329665933186750e+00,9.848840163338153930e-01,3.065281015780162432e-01,-2.384970183927359599e-05,2.542532284243828600e-02
1.650330066013202535e+00,9.848839688676309656e-01,3.065288802947903624e-01,-2.361133649728119899e-05,-6.831791226989552407e-03
1.652330466093218542e+00,9.848839218757092784e-01,3.065296512303919974e-01,-2.337535270871549109e-05,-7.922480865263058225e-03
1.654330866173234549e+00,9.848838753532473955e-01,3.065304144637161499e-01,-2.314172644035661364e-05,2.023361195875118465e-02
1.656331266253250556e+00,9.848838292954910090e-01,3.065311700728632904e-01,-2.291043390620361997e-05,5.440244188800762680e-03
1.658331666333266563e+00,9.848837836977344384e-01,3.065319181351394695e-01,-2.268145156861245404e-05,9.083841454547909346e-04
1.660332066413282570e+00,9.848837385553207424e-01,3.065326587270560399e-01,-2.245475613976699591e-05,4.132432373047683141e-03
1.662332466493298577e+00,9.848836938636417182e-01,3.065333919243299343e-01,-2.223032458187335081e-05,-3.234773797140064883e-02
1.664332866573314584e+00,9.848836496181379019e-01,3.065341178018835544e-01,-2.200813410743740484e-05,1.018308309065746493e-02
1.666333266653330591e+00,9.848836058142983463e-01,3.065348364338447706e-01,-2.178816217454637716e-05,3.182316101791556051e-02
1.668333666733346599e+00,9.848835624476551809e-01,3.065355478936347966e-01,-2.157038645744790983e-05,1.322634072374961195e-02
1.670334066813362606e+00,9.848835195135602349e-01,3.065362522571885018e-01,-2.135478328071926946e-05,-4.017578130391336044e-02
1.672334466893378613e+00,9.848834770076777545e-01,3.065369495953888523e-01,-2.114133061123513180e-05,5.860366110897113207e-03
1.674334866973394620e+00,9.848834349258853704e-01,3.065376399758281134e-01,-2.093000769856634413e-05,-2.383905296833888077e-02
1.676335267053410627e+00,9.848833932640908007e-01,3.065383234656068878e-01,-2.072079394532799768e-05,-6.854211428002153494e-03
1.678335667133426634e+00,9.848833520182320722e-01,3.065390001313342827e-01,-2.051366891211992005e-05,2.077229333363838585e-03
1.680336067213442641e+00,9.848833111842771881e-01,3.065396700391276319e-01,-2.030861231089309271e-05,-3.094607168030025224e-02
1.682336467293458648e+00,9.848832707582242385e-01,3.065403332546128845e-01,-2.010560400628191857e-05,3.228253040019389564e-02
1.684336867373474655e+00,9.848832307361014005e-01,3.065409898429242164e-01,-1.990462401707526752e-05,-2.811446089941774511e-03
1.686337267453490663e+00,9.848831911139670492e-01,3.065416398687042521e-01,-1.970565251685485464e-05,1.874045409599738726e-02
1.688337667533506670e+00,9.848831518879096469e-01,3.065422833961040650e-01,-1.950866983341237315e-05,1.481748779618772931e-02
1.690338067613522677e+00,9.848831130540478540e-01,3.065429204887830106e-01,-1.931365644949889493e-05,3.256460312627994930e-02
1.692338467693538684e+00,9.848830746085300847e-01,3.065435512099090043e-01,-1.912059299452595340e-05,2.877508876400838508e-02
1.694338867773554691e+00,9.848830365475353954e-01,3.065441756221581326e-01,-1.892946026268993442e-05,-3.784793421738402025e-02
1.696339267853570698e+00,9.848829988672724856e-01,3.065447937877150419e-01,-1.874023919237743918e-05,1.015323349200672551e-04
1.698339667933586705e+00,9.848829615639803636e-01,3.065454057682727718e-01,-1.855291087959898277e-05,-5.432869082694016805e-02
1.700340068013602712e+00,9.848829246339282362e-01,3.065460116250326994e-01,-1.836745657657345987e-05,-1.211279199778179938e-02
1.702340468093618719e+00,9.848828880734152857e-01,3.065466114187046509e-01,-1.818385768581620709e-05,1.694238329465983309e-02
1.704340868173634727e+00,9.848828518787708930e-01,3.065472052095067346e-01,-1.800209576577338488e-05,2.193941422424912011e-02
1.706341268253650734e+00,9.848828160463543036e-01,3.065477930571656184e-01,-1.782215252382757242e-05,3.132782680283753562e-02
1.708341668333666741e+00,9.848827805725551832e-01,3.065483750209162528e-01,-1.764400982687264197e-05,-1.031208525106915713e-02
1.710342068413682748e+00,9.848827454537932846e-01,3.065489511595019811e-01,-1.746764969584591043e-05,7.131634378250838180e-03
1.712342468493698755e+00,9.848827106865182257e-01,3.065495215311746513e-01,-1.729305429989946852e-05,1.574547716498993959e-03
1.714342868573714762e+00,9.848826762672099333e-01,3.065500861936943933e-01,-1.712020596603136546e-05,3.082505008843282671e-02
1.716343268653730769e+00,9.848826421923783103e-01,3.065506452043297303e-01,-1.694908717264631548e-05,3.886555068000641100e-02
1.718343668733746776e+00,9.848826084585636798e-01,3.065511986198576899e-01,-1.677968055782685930e-05,-9.805112147547064352e-03
1.720344068813762783e+00,9.848825750623360076e-01,3.065517464965635819e-01,-1.661196890387350855e-05,9.377426221275508844e-02
1.722344468893778791e+00,9.848825420002956799e-01,3.065522888902411647e-01,-1.644593515334746847e-05,-9.174642896379793956e-04
1.724344868973794798e+00,9.848825092690731697e-01,3.065528258561925901e-01,-1.628156240204847727e-05,-9.988492394759863544e-03
1.726345269053810805e+00,9.848824768653290374e-01,3.065533574492284030e-01,-1.611883389926460630e-05,1.417988208478118510e-02
1.728345669133826812e+00,9.848824447857538189e-01,3.065538837236675418e-01,-1.595773304449710217e-05,1.816385189340141704e-02
1.730346069213842819e+00,9.848824130270683597e-01,3.065544047333373379e-01,-1.579824339609237072e-05,1.287455812565781003e-02
1.732346469293858826e+00,9.848823815860233699e-01,3.065549205315735160e-01,-1.564034866016750236e-05,-1.700755618643164449e-02
1.734346869373874833e+00,9.848823504593999800e-01,3.065554311712202495e-01,-1.548403270329457015e-05,3.607954025523182895e-02
1.736347269453890840e+00,9.848823196440092964e-01,3.065559367046299388e-01,-1.532927954325802311e-05,6.302673178270678340e-04
1.738347669533906847e+00,9.848822891366922905e-01,3.065564371836636548e-01,-1.517607334611259517e-05,3.774657809370537964e-02
1.740348069613922855e+00,9.848822589343204648e-01,3.065569326596905841e-01,-1.502439844047742667e-05,3.414902213941271164e-02
1.742348469693938862e+00,9.848822290337952978e-01,3.065574231835884733e-01,-1.487423930610076717e-05,-3.248625497265258261e-02
1.744348869773954869e+00,9.848821994320480222e-01,3.065579088057434620e-01,-1.472558056866968279e-05,-2.512255375383977765e-02
1.746349269853970876e+00,9.848821701260405126e-01,3.065583895760500277e-01,-1.457840701907242575e-05,-2.562040685227960982e-02
1.748349669933986883e+00,9.848821411127643977e-01,3.065588655439110966e-01,-1.443270359377524237e-05,5.662506311189789525e-03
1.750350070014002890e+00,9.848821123892415041e-01,3.065593367582378770e-01,-1.428845538564704754e-05,7.885646071343117456e-04
1.752350470094018897e+00,9.848820839525238569e-01,3.065598032674500817e-01,-1.414564764240511252e-05,6.175235340707335013e-03
1.754350870174034904e+00,9.848820557996935676e-01,3.065602651194758721e-01,-1.400426576547708635e-05,-2.083177450033623854e-02
1.756351270254050911e+00,9.848820279278627243e-01,3.065607223617516364e-01,-1.386429530678134903e-05,1.016481985257836063e-02
1.758351670334066918e+00,9.848820003341737239e-01,3.065611750412222669e-01,-1.372572197633203928e-05,3.461388952223014986e-02
1.760352070414082926e+00,9.848819730157987173e-01,3.065616232043410494e-01,-1.358853163002660125e-05,-3.385345639777352644e-02
1.762352470494098933e+00,9.848819459699404977e-01,3.065620668970696627e-01,-1.345271028937999880e-05,-5.358333801478537897e-03
1.764352870574114718e+00,9.848819191937894235e-01,3.065625061655072869e-01,-1.331824384631641323e-05,5.761825618735161997e-03
1.766353270654130725e+00,9.848818926844570276e-01,3.065629410567569657e-01,-1.318511750758588619e-05,-3.689449582016472370e-03
1.768353670734146732e+00,9.848818664393634847e-01,3.065633716130740094e-01,-1.305331824602573576e-05,-5.366239437218400452e-03
1.770354070814162739e+00,9.848818404559845918e-01,3.065637978758466442e-01,-1.292283335907473685e-05,4.379367678027270422e-02
1.772354470894178746e+00,9.848818147318140204e-01,3.065642198861724399e-01,-1.279365023709733151e-05,3.166389396938300987e-02
1.774354870974194753e+00,9.848817892643629834e-01,3.065646376848586430e-01,-1.266575635541777878e-05,2.082220782679838900e-02
1.776355271054210760e+00,9.848817640511605687e-01,3.065650513124219545e-01,-1.253913928270233846e-05,-1.944252822406919087e-02
1.778355671134226768e+00,9.848817390897539603e-01,3.065654608090885302e-01,-1.241378668415116238e-05,5.562775421261217934e-02
1.780356071214242775e+00,9.848817143777075511e-01,3.065658662147940361e-01,-1.228968630406779283e-05,8.635276881755599848e-03
1.782356471294258782e+00,9.848816899126039415e-01,3.065662675691837036e-01,-1.216682598575991037e-05,-1.483656539700228816e-02
1.784356871374274789e+00,9.848816656920432733e-01,3.065666649116122189e-01,-1.204519365860523550e-05,-8.821477230379506582e-03
1.786357271454290796e+00,9.848816417136437851e-01,3.065670582811438338e-01,-1.192477734898722552e-05,-1.262014025629152464e-02
1.788357671534306803e+00,9.848816179750411459e-01,3.065674477165521439e-01,-1.180556516627850883e-05,5.265161053386703538e-02
1.790358071614322810e+00,9.848815944738890105e-01,3.065678332563204767e-01,-1.168754531516436046e-05,4.767986846603403800e-03
1.792358471694338817e+00,9.848815712078586859e-01,3.065682149386414479e-01,-1.157070608773236309e-05,1.221421367480907128e-03
1.794358871774354824e+00,9.848815481746393541e-01,3.065685928014173500e-01,-1.145503586919005556e-05,-5.417675901882534895e-02
1.796359271854370832e+00,9.848815253719379603e-01,3.065689668822598746e-01,-1.134052313450650828e-05,1.808391578379710610e-02
1.798359671934386839e+00,9.848815027974792136e-01,3.065693372184902787e-01,-1.122715644896743470e-05,-2.679862608357873668e-02
1.800360072014402846e+00,9.848814804490056973e-01,3.065697038471393299e-01,-1.111492447067319311e-05,-2.858503076813057736e-02
1.802360472094418853e+00,9.848814583242776477e-01,3.065700668049471389e-01,-1.100381594495991600e-05,1.497793863315526920e-02
1.804360872174434860e+00,9.848814364210730643e-01,3.065704261283635490e-01,-1.089381970800773480e-05,-2.192110674936974257e-02
1.806361272254450867e+00,9.848814147371878214e-01,3.065707818535478024e-01,-1.078492468814529204e-05,2.056008883795987577e-02
1.808361672334466874e+00,9.848813932704355567e-01,3.065711340163686516e-01,-1.067711990440645131e-05,2.771165007880798878e-02
1.810362072414482881e+00,9.848813720186477827e-01,3.065714826524043035e-01,-1.057039446766827595e-05,-4.507044340673957428e-02
1.812362472494498888e+00,9.848813509796735532e-01,3.065718277969425865e-01,-1.046473757479460254e-05,-3.738215609282235369e-03
1.814362872574514896e+00,9.848813301513797969e-01,3.065721694849806722e-01,-1.036013851482553427e-05,-3.968080936129379094e-02
1.816363272654530903e+00,9.848813095316514277e-01,3.065725077512254648e-01,-1.025658667239137678e-05,-1.883606157041321262e-03
1.818363672734546910e+00,9.848812891183909013e-01,3.065728426300931009e-01,-1.015407151691571919e-05,2.246979539113873325e-02
1.820364072814562917e+00,9.848812689095184369e-01,3.065731741557093937e-01,-1.005258260808328252e-05,-3.443073673023869241e-02
1.822364472894578924e+00,9.848812489029723505e-01,3.065735023619096666e-01,-9.952109603084124956e-06,4.471904315886965353e-02
1.824364872974594931e+00,9.848812290967082772e-01,3.065738272822386978e-01,-9.852642239960296422e-06,-8.125881114224034474e-03
1.826365273054610938e+00,9.848812094887000601e-01,3.065741489499507755e-01,-9.754170356007785259e-06,-2.994894917134708484e-02
1.828365673134626945e+00,9.848811900769390837e-01,3.065744673980096979e-01,-9.656683874342819607e-06,-3.492590483395684436e-03
1.830366073214642952e+00,9.848811708594344960e-01,3.065747826590887182e-01,-9.560172807815403573e-06,1.940980802031476785e-02
1.832366473294658960e+00,9.848811518342134308e-01,3.065750947655707104e-01,-9.464627264893499259e-06,-3.483279702796398397e-02
1.834366873374674967e+00,9.848811329993204522e-01,3.065754037495478923e-01,-9.370037436312594892e-06,-3.660190661436650691e-04
1.836367273454690974e+00,9.848811143528184431e-01,3.065757096428221584e-01,-9.276393615281763871e-06,-3.475458880043477000e-02
1.838367673534706981e+00,9.848810958927874948e-01,3.065760124769048023e-01,-9.183686173613869741e-06,2.967947060193891484e-02
1.840368073614722988e+00,9.848810776173257953e-01,3.065763122830166276e-01,-9.091905579711179186e-06,3.437730415236380822e-03
1.842368473694738995e+00,9.848810595245491850e-01,3.065766090920880038e-01,-9.001042390183178199e-06,-1.107612240022511421e-02
1.844368873774755002e+00,9.848810416125916012e-01,3.065769029347586994e-01,-8.911087259255712212e-06,2.542825077226759656e-02
1.846369273854771009e+00,9.848810238796043004e-01,3.065771938413780484e-01,-8.822030920868639825e-06,-3.267410352086660974e-02
1.848369673934787016e+00,9.848810063237565249e-01,3.065774818420050063e-01,-8.733864204940600118e-06,-1.030090370434862124e-02
1.850370074014803023e+00,9.848809889432353915e-01,3.065777669664077609e-01,-8.646578033399965335e-06,4.567931759716922779e-02
1.852370474094819031e+00,9.848809717362456695e-01,3.065780492440642324e-01,-8.560163415910482243e-06,-3.585219675017620525e-03
1.854370874174835038e+00,9.848809547010100029e-01,3.065783287041617955e-01,-8.474611454950542466e-06,3.343054865998040109e-02
1.856371274254851045e+00,9.848809378357687994e-01,3.065786053755972795e-01,-8.389913342982113775e-06,4.385008844693683190e-03
1.858371674334867052e+00,9.848809211387801188e-01,3.065788792869770241e-01,-8.306060360424583067e-06,-1.799893010247874403e-02
1.860372074414883059e+00,9.848809046083198959e-01,3.065791504666168787e-01,-8.223043879845848281e-06,-6.663757321731767283e-03
1.862372474494899066e+00,9.848808882426819400e-01,3.065794189425423144e-01,-8.140855366906007973e-06,1.415210183792912392e-03
1.864372874574915073e+00,9.848808720401777128e-01,3.065796847424880900e-01,-8.059486374639712736e-06,-1.075840237744723517e-02
1.866373274654931080e+00,9.848808559991365508e-01,3.065799478938986966e-01,-7.978928548979524749e-06,-2.112552217255497106e-02
1.868373674734947087e+00,9.848808401178661409e-01,3.065802084245140002e-01,-7.899173367020839720e-06,-2.006769112579577519e-02
1.870374074814963095e+00,9.848808243946589602e-01,3.065804663621720660e-01,-7.820212078291088886e-06,-3.761951863117069667e-02
1.872374474894979102e+00,9.848808088280124329e-01,3.065807217314929778e-01,-7.742037105545884756e-06,2.219839711365795189e-03
1.874374874974995109e+00,9.848807934164476308e-01,3.065809745567238398e-01,-7.664641006099870424e-06,9.294356481614918231e-03
1.876375275055011116e+00,9.848807781584958398e-01,3.065812248619493863e-01,-7.588016392640062335e-06,1.817490953482549243e-02
1.878375675135026901e+00,9.848807630526978940e-01,3.065814726710921478e-01,-7.512155921485241805e-06,-4.569716829919481110e-02
1.880376075215042908e+00,9.848807480976048412e-01,3.065817180079122850e-01,-7.437052304520852530e-06,1.958925598593093398e-02
1.882376475295058915e+00,9.848807332917774993e-01,3.065819608960076437e-01,-7.362698301122128086e-06,-9.850145172637682616e-04
1.884376875375074922e+00,9.848807186337869002e-01,3.065822013588138661e-01,-7.289086727313431879e-06,-3.627268788340844152e-02
1.886377275455090929e+00,9.848807041222135128e-01,3.065824394196042801e-01,-7.216210439114911779e-06,1.888661600763534652e-03
1.888377675535106937e+00,9.848806897556482420e-01,3.065826751014898988e-01,-7.144062353692248735e-06,1.980772621672329328e-02
1.890378075615122944e+00,9.848806755326916518e-01,3.065829084274194760e-01,-7.072635432953111589e-06,1.250344564412968033e-02
1.892378475695138951e+00,9.848806614519541869e-01,3.065831394201793958e-01,-7.001922688293360508e-06,1.757617901812036712e-02
1.894378875775154958e+00,9.848806475120563952e-01,3.065833681023938939e-01,-6.931917185426517136e-06,2.307642896047823466e-02
1.896379275855170965e+00,9.848806337116285947e-01,3.065835944965247251e-01,-6.862612037000781484e-06,2.184206875946172188e-02
1.898379675935186972e+00,9.848806200493113172e-01,3.065838186248715513e-01,-6.794000412396750122e-06,-1.443045221639412991e-03
1.900380076015202979e+00,9.848806065237546425e-01,3.065840405095716092e-01,-6.726075523044716675e-06,-5.261249128788674650e-02
1.902380476095218986e+00,9.848805931336187536e-01,3.065842601725998762e-01,-6.658830635081214311e-06,-1.953744814121374448e-02
1.904380876175234993e+00,9.848805798775738252e-01,3.065844776357690704e-01,-6.592259065740790902e-06,8.358311200482465911e-03
1.906381276255251001e+00,9.848805667542999132e-01,3.065846929207295957e-01,-6.526354182606608489e-06,-1.227834688854393015e-02
1.908381676335267008e+00,9.848805537624870654e-01,3.065849060489695965e-01,-6.461109404387599398e-06,1.660309409831911207e-02
1.910382076415283015e+00,9.848805409008350997e-01,3.065851170418148475e-01,-6.396518197004930073e-06,1.941405610638856361e-02
1.912382476495299022e+00,9.848805281680538259e-01,3.065853259204288639e-01,-6.332574078449226818e-06,6.775577091504928493e-04
1.914382876575315029e+00,9.848805155628631569e-01,3.065855327058130131e-01,-6.269270620917755110e-06,4.647340828858193690e-02
1.916383276655331036e+00,9.848805030839926644e-01,3.065857374188061257e-01,-6.206601440905679112e-06,-2.489453014022780658e-02
1.918383676735347043e+00,9.848804907301820233e-01,3.065859400800848844e-01,-6.144560209447869070e-06,2.277031375463619417e-02
1.920384076815363050e+00,9.848804785001807893e-01,3.065861407101636571e-01,-6.083140646928608675e-06,-1.232073322697853530e-02
1.922384476895379057e+00,9.848804663927483993e-01,3.065863393293946082e-01,-6.022336523525684271e-06,-2.001768018930144902e-02
1.924384876975395064e+00,9.848804544066543931e-01,3.065865359579674210e-01,-5.962141662985143142e-06,1.421441960646239316e-02
1.926385277055411072e+00,9.848804425406780805e-01,3.065867306159096861e-01,-5.902549936570578026e-06,-1.589624678373578737e-02
1.928385677135427079e+00,9.848804307936086522e-01,3.065869233230865132e-01,-5.843555264811728378e-06,2.097638098763807135e-02
1.930386077215443086e+00,9.848804191642455130e-01,3.065871140992009192e-01,-5.785151624970730211e-06,-2.966312733208054803e-02
1.932386477295459093e+00,9.848804076513976158e-01,3.065873029637934954e-01,-5.727333036553705625e-06,3.838710183608937902e-04
1.934386877375475100e+00,9.848803962538841272e-01,3.065874899362425188e-01,-5.670093575355084070e-06,-2.157891815116315393e-02
1.936387277455491107e+00,9.848803849705339841e-01,3.065876750357641178e-01,-5.613427365047662931e-06,-6.367564917770410921e-03
1.938387677535507114e+00,9.848803738001862262e-01,3.065878582814119957e-01,-5.557328582400655748e-06,-9.790840869832520554e-03
1.940388077615523121e+00,9.848803627416895523e-01,3.065880396920776518e-01,-5.501791449868953521e-06,-2.870473631903361356e-02
1.942388477695539128e+00,9.848803517939029861e-01,3.065882192864902711e-01,-5.446810248221911621e-06,1.590154484729670512e-02
1.944388877775555136e+00,9.848803409556949884e-01,3.065883970832166683e-01,-5.392379298557736789e-06,-3.161148090931872184e-02
1.946389277855571143e+00,9.848803302259443448e-01,3.065885731006615100e-01,-5.338492980705433766e-06,-2.498257766687884962e-02
1.948389677935587150e+00,9.848803196035397223e-01,3.065887473570670374e-01,-5.285145723926687467e-06,2.181349407083246761e-02
1.950390078015603157e+00,9.848803090873794464e-01,3.065889198705132879e-01,-5.232332002114148395e-06,2.386327644319287053e-02
1.952390478095619164e+00,9.848802986763720568e-01,3.065890906589179843e-01,-5.180046346198174945e-06,1.623095183717327902e-02
1.954390878175635171e+00,9.848802883694359744e-01,3.065892597400365349e-01,-5.128283336097716472e-06,8.045886491055363396e-03
1.956391278255651178e+00,9.848802781654993899e-01,3.065894271314621444e-01,-5.077037598888445302e-06,5.650173630258258778e-02
1.958391678335667185e+00,9.848802680635005968e-01,3.065895928506255363e-01,-5.026303815824917365e-06,-3.069016161536118961e-02
1.960392078415683192e+00,9.848802580623877700e-01,3.065897569147953972e-01,-4.976076717566613183e-06,-1.902968061021428903e-02
1.962392478495699200e+00,9.848802481611189652e-01,3.065899193410779322e-01,-4.926351084733049390e-06,-2.528686270174556813e-02
1.964392878575715207e+00,9.848802383586622300e-01,3.065900801464171432e-01,-4.877121748986246175e-06,2.203159368947042035e-02
1.966393278655731214e+00,9.848802286539954931e-01,3.065902393475946619e-01,-4.828383591781726381e-06,6.770420289513397714e-03
1.968393678735747221e+00,9.848802190461066752e-01,3.065903969612299718e-01,-4.780131546616717131e-06,2.734486818524463694e-02
1.970394078815763228e+00,9.848802095339935780e-01,3.065905530037800752e-01,-4.732360596060303237e-06,2.388932594573331403e-02
1.972394478895779235e+00,9.848802001166638842e-01,3.065907074915398267e-01,-4.685065772114249683e-06,-6.045309010267009911e-03
1.974394878975795242e+00,9.848801907931353794e-01,3.065908604406417659e-01,-4.638242161625338866e-06,-2.088955495409428043e-02
1.976395279055811249e+00,9.848801815624355083e-01,3.065910118670561180e-01,-4.591884895099873631e-06,-2.521584101752336743e-02
1.978395679135827256e+00,9.848801724236019295e-01,3.065911617865907934e-01,-4.545989160387176042e-06,5.488729680150018775e-02
1.980396079215843264e+00,9.848801633756820717e-01,3.065913102148914993e-01,-4.500550192243490955e-06,2.379108312500203756e-02
1.982396479295859271e+00,9.848801544177060441e-01,3.065914571678443612e-01,-4.455563094807324376e-06,1.443384466666362831e-02
1.984396879375875278e+00,9.848801455487237178e-01,3.065916026609311063e-01,-4.411022990591373372e-06,-8.862672073496913674e-03
1.986397279455891285e+00,9.848801367679058671e-01,3.065917467077436398e-01,-4.366925703741530995e-06,-5.339321194744357096e-03
1.988397679535907292e+00,9.848801280744324815e-01,3.065918893217214891e-01,-4.323267103090167041e-06,-8.981626661183780835e-03
1.990398079615923299e+00,9.848801194674893233e-01,3.065920305162198600e-01,-4.280043096771546374e-06,-8.473900757045000828e-03
1.992398479695939084e+00,9.848801109462667069e-01,3.065921703045091928e-01,-4.237249606076076702e-06,-6.046672146464391467e-02
1.994398879775955091e+00,9.848801025099606088e-01,3.065923086997755509e-01,-4.194882588931525547e-06,-1.909180298371356390e-03
1.996399279855971098e+00,9.848800941577720014e-01,3.065924457151206206e-01,-4.152938025914210129e-06,-9.932494606378997407e-03
1.998399679935987105e+00,9.848800858889068532e-01,3.065925813635613228e-01,-4.111411920165730649e-06,6.869796669757801365e-03
2.000400080016003113e+00,9.848800777025765729e-01,3.065927156580302571e-01,-4.070300306885377140e-06,4.866918778931263699e-03
2.002400480096019120e+00,9.848800695979976760e-01,3.065928486113755902e-01,-4.029599246502257870e-06,2.096392023389098344e-02
2.004400880176035127e+00,9.848800615743915632e-01,3.065929802363607237e-01,-3.989304818902139615e-06,-6.952213156339612319e-04
2.006401280256051134e+00,9.848800536309852971e-01,3.065931105456648487e-01,-3.949413141496327384e-06,1.955684539378104575e-02
2.008401680336067141e+00,9.848800457670107145e-01,3.065932395518825015e-01,-3.909920349265405548e-06,-6.438998545756721703e-02
2.010402080416083148e+00,9.848800379817049810e-01,3.065933672675237864e-01,-3.870822606805157662e-06,-2.789579793696518942e-02
2.012402480496099155e+00,9.848800302743104806e-01,3.065934937050141529e-01,-3.832116106217142715e-06,4.278223781045877722e-02
2.014402880576115162e+00,9.848800226440745931e-01,3.065936188766947845e-01,-3.793797061668602311e-06,-3.084176624001162131e-02
2.016403280656131169e+00,9.848800150902501382e-01,3.065937427948221550e-01,-3.755861719995090553e-06,-7.336375087350419447e-03
2.018403680736147177e+00,9.848800076120947100e-01,3.065938654715684164e-01,-3.718306345684707637e-06,1.731137007101914496e-02
2.020404080816163184e+00,9.848800002088715644e-01,3.065939869190210665e-01,-3.681127239946180296e-06,-2.242167116253882680e-02
2.022404480896179191e+00,9.848799928798486203e-01,3.065941071491832259e-01,-3.644320719253801855e-06,1.770571805904980547e-02
2.024404880976195198e+00,9.848799856242994588e-01,3.065942261739734165e-01,-3.607883137357603687e-06,-3.606001903280071225e-02
2.026405281056211205e+00,9.848799784415023240e-01,3.065943440052257274e-01,-3.571810862718072244e-06,-4.819122640418623676e-02
2.028405681136227212e+00,9.848799713307411219e-01,3.065944606546897599e-01,-3.536100301571032389e-06,-3.358984363231466014e-02
2.030406081216243219e+00,9.848799642913046437e-01,3.065945761340305165e-01,-3.500747879386922889e-06,-4.170018609782045332e-02
2.032406481296259226e+00,9.848799573224868986e-01,3.065946904548286223e-01,-3.465750049697069457e-06,-7.999501198939966504e-04
2.034406881376275233e+00,9.848799504235871138e-01,3.065948036285801037e-01,-3.431103292872439425e-06,-8.301914426656632415e-03
2.036407281456291241e+00,9.848799435939095126e-01,3.065949156666965547e-01,-3.396804112015816557e-06,7.853542981995897607e-03
2.038407681536307248e+00,9.848799368327637582e-01,3.065950265805050812e-01,-3.362849042454207904e-06,-2.625072460120339221e-02
2.040408081616323255e+00,9.848799301394645100e-01,3.065951363812481345e-01,-3.329234641497036407e-06,6.321560505116621820e-02
2.042408481696339262e+00,9.848799235133317564e-01,3.065952450800839002e-01,-3.295957497068124908e-06,-2.743816665685341102e-03
2.044408881776355269e+00,9.848799169536902598e-01,3.065953526880859092e-01,-3.263014213883419501e-06,-1.501197731808701433e-03
2.046409281856371276e+00,9.848799104598705556e-01,3.065954592162432046e-01,-3.230401436737917464e-06,1.103827299719675227e-02
2.048409681936387283e+00,9.848799040312078423e-01,3.065955646754603969e-01,-3.198115825220337882e-06,-6.443191957606984183e-03
2.050410082016403290e+00,9.848798976670426475e-01,3.065956690765574977e-01,-3.166154068978688230e-06,-1.614118575304732822e-02
2.052410482096419297e+00,9.848798913667208277e-01,3.065957724302701415e-01,-3.134512887054130559e-06,1.791829070745980679e-03
2.054410882176435305e+00,9.848798851295932355e-01,3.065958747472493640e-01,-3.103189021164132200e-06,2.261633631315152632e-02
2.056411282256451312e+00,9.848798789550159416e-01,3.065959760380617682e-01,-3.072179240809491674e-06,1.629090412298525928e-02
2.058411682336467319e+00,9.848798728423501236e-01,3.065960763131894140e-01,-3.041480339860402893e-06,2.319896736642396845e-02
2.060412082416483326e+00,9.848798667909622884e-01,3.065961755830298174e-01,-3.011089141580214346e-06,-1.444752854474363850e-02
2.062412482496499333e+00,9.848798608002238275e-01,3.065962738578961178e-01,-2.981002490132222960e-06,-1.971052379622902084e-02
2.064412882576515340e+00,9.848798548695116839e-01,3.065963711480168552e-01,-2.951217264041128274e-06,4.977622560776909233e-02
2.066413282656531347e+00,9.848798489982076854e-01,3.065964674635361376e-01,-2.921730361482577365e-06,-6.300165860408996586e-03
2.068413682736547354e+00,9.848798431856989888e-01,3.065965628145134181e-01,-2.892538710691505699e-06,1.163945111011267623e-02
2.070414082816563361e+00,9.848798374313778581e-01,3.065966572109239396e-01,-2.863639265021644675e-06,1.814518233262615854e-02
2.072414482896579369e+00,9.848798317346415532e-01,3.065967506626581796e-01,-2.835029000058941762e-06,3.520972377022531241e-02
2.074414882976595376e+00,9.848798260948928851e-01,3.065968431795221827e-01,-2.806704925639724735e-06,-3.408351254204746578e-02
2.076415283056611383e+00,9.848798205115394389e-01,3.065969347712375614e-01,-2.778664069919001278e-06,-1.230450939504997183e-02
2.078415683136627390e+00,9.848798149839943505e-01,3.065970254474414403e-01,-2.750903495302159385e-06,-1.113508352887683864e-02
2.080416083216643397e+00,9.848798095116756413e-01,3.065971152176862891e-01,-2.723420284178601491e-06,-7.829740609764591214e-03
2.082416483296659404e+00,9.848798040940065501e-01,3.065972040914402563e-01,-2.696211546443505469e-06,-6.060857409341415675e-02
2.084416883376675411e+00,9.848797987304155344e-01,3.065972920780868360e-01,-2.669274419386802322e-06,-2.692571646839701967e-03
2.086417283456691418e+00,9.848797934203362692e-01,3.065973791869252008e-01,-2.642606067276842552e-06,-7.263197427795446692e-02
2.088417683536707425e+00,9.848797881632075368e-01,3.065974654271698685e-01,-2.616203679639550472e-06,7.174718743775627960e-03
2.090418083616723433e+00,9.848797829584733377e-01,3.065975508079509249e-01,-2.590064473062536621e-06,1.316860281728634598e-02
2.092418483696739440e+00,9.848797778055826679e-01,3.065976353383139674e-01,-2.564185686976250267e-06,1.468299431611530016e-02
2.094418883776755447e+00,9.848797727039899641e-01,3.065977190272199948e-01,-2.538564592452496882e-06,-3.037958016072855871e-02
2.096419283856771454e+00,9.848797676531546585e-01,3.065978018835456287e-01,-2.513198483711232001e-06,2.362368226041308694e-02
2.098419683936787461e+00,9.848797626525414017e-01,3.065978839160829472e-01,-2.488084681590008174e-06,-2.185016981342269293e-02
2.100420084016803468e+00,9.848797577016200622e-01,3.065979651335395406e-01,-2.463220534959509322e-06,-3.092314203336980066e-02
2.102420484096819475e+00,9.848797527998655044e-01,3.065980455445385111e-01,-2.438603414645079681e-06,-2.474816293541708470e-02
2.104420884176835482e+00,9.848797479467580329e-01,3.065981251576183064e-01,-2.414230723751797925e-06,-2.142837076808008778e-02
2.106421284256851489e+00,9.848797431417828374e-01,3.065982039812331084e-01,-2.390099885535290625e-06,4.085345858726358026e-03
2.108421684336867497e+00,9.848797383844188902e-01,3.065982820239114282e-01,-2.366208264686919804e-06,2.039790139310869443e-02
2.110422084416883504e+00,9.848797336741794695e-01,3.065983592935754842e-01,-2.342553354239829133e-06,-5.275374369013616921e-02
2.112422484496899511e+00,9.848797290106366953e-01,3.065984357972371122e-01,-2.319132997863349033e-06,-1.373424507456093985e-02
2.114422884576915518e+00,9.848797243933662404e-01,3.065985115418524143e-01,-2.295945059627158003e-06,2.234699533724874773e-02
2.116423284656931525e+00,9.848797198219462201e-01,3.065985865343373584e-01,-2.272987415702365510e-06,4.902600581685467168e-03
2.118423684736947532e+00,9.848797152959570811e-01,3.065986607815678888e-01,-2.250257952446377274e-06,1.254208197872138178e-02
2.120424084816963539e+00,9.848797108149818236e-01,3.065987342903797042e-01,-2.227754570399698153e-06,-3.761900199415740831e-02
2.122424484896979546e+00,9.848797063786061123e-01,3.065988070675684241e-01,-2.205475187311289886e-06,2.371622985324036564e-02
2.124424884976995553e+00,9.848797019864176105e-01,3.065988791198896446e-01,-2.183417723705671776e-06,-3.922578778017803136e-02
2.126425285057011560e+00,9.848796976380067569e-01,3.065989504540586608e-01,-2.161580119036665693e-06,4.749625020609739116e-03
2.128425685137027568e+00,9.848796933329665437e-01,3.065990210767509105e-01,-2.139960328051415672e-06,3.402929481187177974e-02
2.130426085217043575e+00,9.848796890708920726e-01,3.065990909946013643e-01,-2.118556309854691122e-06,4.698164118986427468e-02
2.132426485297059582e+00,9.848796848513811097e-01,3.065991602142052463e-01,-2.097366041009518511e-06,1.278631638511677250e-02
2.134426885377075589e+00,9.848796806740339749e-01,3.065992287421174245e-01,-2.076387512539579205e-06,2.202215366144476272e-02
2.136427285457091596e+00,9.848796765384533192e-01,3.065992965848526319e-01,-2.055618725266272762e-06,-1.516034647301918795e-02
2.138427685537107603e+00,9.848796724442441253e-01,3.065993637488856893e-01,-2.035057690003005959e-06,-1.203813836358794999e-02
2.140428085617123610e+00,9.848796683910140404e-01,3.065994302406511163e-01,-2.014702434133264219e-06,2.923356958225517555e-02
2.142428485697139617e+00,9.848796643783731541e-01,3.065994960665433533e-01,-1.994550997863608899e-06,3.816501081374334492e-05
2.144428885777155624e+00,9.848796604059338877e-01,3.065995612329167619e-01,-1.974601430698719184e-06,-3.184820197955634622e-03
2.146429285857171632e+00,9.848796564733112158e-01,3.065996257460855690e-01,-1.954851797214551823e-06,-3.526590735647401609e-02
2.148429685937187639e+00,9.848796525801225554e-01,3.065996896123238669e-01,-1.935300173672160895e-06,3.762839147194861796e-03
2.150430086017203646e+00,9.848796487259877663e-01,3.065997528378656689e-01,-1.915944649044654113e-06,1.614466923241691249e-02
2.152430486097219653e+00,9.848796449105290396e-01,3.065998154289048538e-01,-1.896783321825301627e-06,-1.985613366433294780e-02
2.154430886177235660e+00,9.848796411333714529e-01,3.065998773915951103e-01,-1.877814312489789472e-06,-1.267887337553083929e-02
2.156431286257251667e+00,9.848796373941419713e-01,3.065999387320501590e-01,-1.859035741569314837e-06,3.950955586478076959e-02
2.158431686337267674e+00,9.848796336924704464e-01,3.065999994563434750e-01,-1.840445751577490796e-06,4.454813282969992232e-03
2.160432086417283681e+00,9.848796300279889504e-01,3.066000595705084542e-01,-1.822042492188868934e-06,-7.216663182117246528e-03
2.162432486497299244e+00,9.848796264003321088e-01,3.066001190805383581e-01,-1.803824128204789545e-06,-2.842637355761164566e-02
2.164432886577315251e+00,9.848796228091368787e-01,3.066001779923863690e-01,-1.785788833613688453e-06,-1.549126157085978575e-02
2.166433286657331259e+00,9.848796192540429928e-01,3.066002363119655350e-01,-1.767934802082704593e-06,-6.251674210839838243e-03
2.168433686737347266e+00,9.848796157346924041e-01,3.066002940451488246e-01,-1.750260234995026920e-06,3.422644602010794374e-02
2.170434086817363273e+00,9.848796122507293971e-01,3.066003511977689611e-01,-1.732763342976451071e-06,-1.526410021789915278e-02
2.172434486897379280e+00,9.848796088018009209e-01,3.066004077756187551e-01,-1.715442354249807622e-06,4.485667874429711405e-02
2.174434886977395287e+00,9.848796053875564782e-01,3.066004637844506608e-01,-1.698295511193270713e-06,-2.321889371928274534e-02
2.176435287057411294e+00,9.848796020076476809e-01,3.066005192299772197e-01,-1.681321061430818276e-06,-8.941351441712767217e-03
2.178435687137427301e+00,9.848795986617288056e-01,3.066005741178707278e-01,-1.664517269489573792e-06,2.108692668050345803e-02
2.180436087217443308e+00,9.848795953494567934e-01,3.066006284537634019e-01,-1.647882417049606474e-06,-6.006521160794133125e-03
2.182436487297459315e+00,9.848795920704905837e-01,3.066006822432473800e-01,-1.631414788372254066e-06,-2.075818247480354026e-02
2.184436887377475323e+00,9.848795888244918917e-01,3.066007354918746097e-01,-1.615112686953468213e-06,-3.297700399728812747e-03
2.186437287457491330e+00,9.848795856111249858e-01,3.066007882051570155e-01,-1.598974431193944667e-06,1.121621336129214469e-02
2.188437687537507337e+00,9.848795824300561330e-01,3.066008403885662759e-01,-1.582998341936869835e-06,-4.289493836956818212e-02
2.190438087617523344e+00,9.848795792809545979e-01,3.066008920475341015e-01,-1.567182764089514180e-06,-6.214975826480849223e-03
2.192438487697539351e+00,9.848795761634916435e-01,3.066009431874519575e-01,-1.551526045751039362e-06,-2.734967137336893200e-03
2.194438887777555358e+00,9.848795730773414192e-01,3.066009938136712298e-01,-1.536026555892799905e-06,-1.009523002469754453e-02
2.196439287857571365e+00,9.848795700221800731e-01,3.066010439315032254e-01,-1.520682667177641889e-06,1.838238097680758298e-02
2.198439687937587372e+00,9.848795669976866396e-01,3.066010935462190612e-01,-1.505492773029581954e-06,-1.421530973066989501e-02
2.200440088017603379e+00,9.848795640035422627e-01,3.066011426630498860e-01,-1.490455272951107801e-06,-9.114361669931320131e-03
2.202440488097619387e+00,9.848795610394308619e-01,3.066011912871865475e-01,-1.475568584902164915e-06,9.395891154782780958e-04
2.204440888177635394e+00,9.848795581050385772e-01,3.066012394237798144e-01,-1.460831134947326859e-06,1.821976652675155392e-02
2.206441288257651401e+00,9.848795552000541020e-01,3.066012870779404875e-01,-1.446241363250999612e-06,-5.530511682556012686e-03
2.208441688337667408e+00,9.848795523241684613e-01,3.066013342547390663e-01,-1.431797720163885401e-06,3.791349997482376666e-02
2.210442088417683415e+00,9.848795494770753445e-01,3.066013809592059713e-01,-1.417498672828809703e-06,-2.269437499926603777e-02
2.212442488497699422e+00,9.848795466584707725e-01,3.066014271963316551e-01,-1.403342698491627516e-06,3.216145546565365304e-02
2.214442888577715429e+00,9.848795438680533199e-01,3.066014729710662134e-01,-1.389328288720070859e-06,-2.144692810605533170e-02
2.216443288657731436e+00,9.848795411055237814e-01,3.066015182883198298e-01,-1.375453942520366013e-06,-4.078037503339377624e-03
2.218443688737747443e+00,9.848795383705857276e-01,3.066015631529624419e-01,-1.361718178549686797e-06,9.099792916010174607e-03
2.220444088817763451e+00,9.848795356629449493e-01,3.066016075698239640e-01,-1.348119522598389963e-06,5.136964841196998977e-02
2.222444488897779458e+00,9.848795329823097910e-01,3.066016515436941203e-01,-1.334656515250554065e-06,2.239431900981210186e-02
2.224444888977795465e+00,9.848795303283911506e-01,3.066016950793225004e-01,-1.321327711495401402e-06,-1.014789256663508471e-02
2.226445289057811472e+00,9.848795277009020355e-01,3.066017381814186704e-01,-1.308131671706735943e-06,3.247666975812132234e-02
2.228445689137827479e+00,9.848795250995584505e-01,3.066017808546520618e-01,-1.295066980155912262e-06,-5.343917689322819423e-03
2.230446089217843486e+00,9.848795225240782880e-01,3.066018231036518049e-01,-1.282132221502862990e-06,-1.978742853971269741e-02
2.232446489297859493e+00,9.848795199741823270e-01,3.066018649330072288e-01,-1.269326002001358589e-06,1.121584796866506237e-02
2.234446889377875500e+00,9.848795174495936777e-01,3.066019063472672501e-01,-1.256646937980443468e-06,2.360514553894441786e-03
2.236447289457891507e+00,9.848795149500376711e-01,3.066019473509408733e-01,-1.244093653096634000e-06,2.384041508792779027e-02
2.238447689537907515e+00,9.848795124752425245e-01,3.066019879484968569e-01,-1.231664792711306688e-06,-1.374469076847554573e-02
2.240448089617923522e+00,9.848795100249385648e-01,3.066020281443639361e-01,-1.219359007292863950e-06,9.536368082515836106e-03
2.242448489697939529e+00,9.848795075988586722e-01,3.066020679429306006e-01,-1.207174962020163278e-06,1.586252614590720131e-02
2.244448889777955536e+00,9.848795051967383918e-01,3.066021073485453718e-01,-1.195111338808674262e-06,6.949943877428194430e-03
2.246449289857971543e+00,9.848795028183152667e-01,3.066021463655165813e-01,-1.183166822571468657e-06,-7.257714691065229960e-04
2.248449689937987550e+00,9.848795004633307260e-01,3.066021849980881120e-01,-1.171340116845609458e-06,-1.744163069239186917e-02
2.250450090018003557e+00,9.848794981315535102e-01,3.066022232500151268e-01,-1.159630021646540499e-06,2.259263515386304363e-02
2.252450490098019564e+00,9.848794958227797824e-01,3.066022611246322915e-01,-1.148035503717448336e-06,3.429464472307115850e-03
2.254450890178035571e+00,9.848794935368077041e-01,3.066022986252440186e-01,-1.136555543235218124e-06,1.240646275717818825e-02
2.256451290258051579e+00,9.848794912734365470e-01,3.066023357551381223e-01,-1.125189126621739533e-06,-8.770581210641423958e-03
2.258451690338067586e+00,9.848794890324665818e-01,3.066023725175854864e-01,-1.113935245516950445e-06,3.241783333082844001e-04
2.260452090418083593e+00,9.848794868136990788e-01,3.066024089158403965e-01,-1.102792895835147391e-06,-2.593180258551379749e-02
2.262452490498099600e+00,9.848794846169364181e-01,3.066024449531403184e-01,-1.091761080734832134e-06,2.137040617314314890e-03
2.264452890578115607e+00,9.848794824419819793e-01,3.066024806327060648e-01,-1.080838808231732173e-06,1.912917725254954793e-02
2.266453290658131614e+00,9.848794802886401412e-01,3.066025159577417392e-01,-1.070025090810222679e-06,2.323762126904992641e-03
2.268453690738147621e+00,9.848794781567162815e-01,3.066025509314345143e-01,-1.059318945367815346e-06,2.148376094401074909e-02
2.270454090818163628e+00,9.848794760460169995e-01,3.066025855569551317e-01,-1.048719398932806968e-06,7.821713333667865142e-03
2.272454490898179635e+00,9.848794739563496714e-01,3.066026198374574019e-01,-1.038225477895116100e-06,3.409537752500505642e-02
2.274454890978195643e+00,9.848794718875228948e-01,3.066026537760784265e-01,-1.027836218248090461e-06,-4.752268640038317948e-03
2.276455291058211650e+00,9.848794698393460445e-01,3.066026873759385984e-01,-1.017550655846299890e-06,-4.096677321447859260e-02
2.278455691138227657e+00,9.848794678116299384e-01,3.066027206401416016e-01,-1.007367840866191244e-06,1.081119835929838895e-02
2.280456091218243664e+00,9.848794658041861716e-01,3.066027535717744112e-01,-9.972868234009446553e-07,-4.130734483762463737e-03
2.282456491298259671e+00,9.848794638168272275e-01,3.066027861739071270e-01,-9.873066557086751516e-07,-2.435832186372220362e-02
2.284456891378275678e+00,9.848794618493668107e-01,3.066028184495933617e-01,-9.774263996231713492e-07,1.628065652166950719e-02
2.286457291458291685e+00,9.848794599016197360e-01,3.066028504018696865e-01,-9.676451237228267388e-07,6.607260836242215447e-03
2.288457691538307692e+00,9.848794579734017063e-01,3.066028820337562966e-01,-9.579618996391481289e-07,1.113250708646585686e-02
2.290458091618323699e+00,9.848794560645294238e-01,3.066029133482563451e-01,-9.483758026951338849e-07,-8.310347145469978991e-03
2.292458491698339706e+00,9.848794541748208120e-01,3.066029443483563877e-01,-9.388859182890563204e-07,4.925240220275584231e-03
2.294458891778355714e+00,9.848794523040944604e-01,3.066029750370263263e-01,-9.294913293211859440e-07,6.357546612556300332e-03
2.296459291858371721e+00,9.848794504521705129e-01,3.066030054172191321e-01,-9.201911349843161503e-07,4.436545747240751986e-02
2.298459691938387728e+00,9.848794486188696684e-01,3.066030354918712897e-01,-9.109844298915703575e-07,-1.709990509589701113e-02
2.300460092018403735e+00,9.848794468040139582e-01,3.066030652639023524e-01,-9.018703205354583474e-07,-2.632568592554317957e-04
2.302460492098419742e+00,9.848794450074263018e-01,3.066030947362151649e-01,-8.928479151293355898e-07,9.095602458826033965e-03
2.304460892178435749e+00,9.848794432289306178e-01,3.066031239116960294e-01,-8.839163275209394044e-07,-4.312055706871251171e-02
2.306461292258451756e+00,9.848794414683519349e-01,3.066031527932142620e-01,-8.750746777475004734e-07,-4.007508426038258742e-02
2.308461692338467763e+00,9.848794397255163924e-01,3.066031813836225806e-01,-8.663220933680104707e-07,5.414459294860189675e-02
2.310462092418483770e+00,9.848794380002509063e-01,3.066032096857570499e-01,-8.576577015806385873e-07,-4.417883149924328734e-02
2.312462492498499778e+00,9.848794362923837253e-01,3.066032377024368039e-01,-8.490806419347851630e-07,1.437237953573954063e-02
2.314462892578515785e+00,9.848794346017439860e-01,3.066032654364643784e-01,-8.405900554786516210e-07,-2.120647574166978355e-02
2.316463292658531792e+00,9.848794329281617133e-01,3.066032928906256005e-01,-8.321850861747748240e-07,-1.907983475386446082e-02
2.318463692738547799e+00,9.848794312714681531e-01,3.066033200676894221e-01,-8.238648872560538905e-07,-4.956394647169581891e-02
2.320464092818563806e+00,9.848794296314955510e-01,3.066033469704082526e-01,-8.156286165628134910e-07,-2.251927993675024997e-02
2.322464492898579813e+00,9.848794280080772623e-01,3.066033736015176814e-01,-8.074754392350946830e-07,1.960865791215281317e-02
2.324464892978595820e+00,9.848794264010474198e-01,3.066033999637365337e-01,-7.994045199133381630e-07,-3.471937042743273444e-02
2.326465293058611827e+00,9.848794248102413773e-01,3.066034260597668704e-01,-7.914150328414137903e-07,1.488488059351172205e-02
2.328465693138627834e+00,9.848794232354954881e-01,3.066034518922942098e-01,-7.835061573424617620e-07,7.831660227557260198e-03
2.330466093218643842e+00,9.848794216766472154e-01,3.066034774639871396e-01,-7.756770790401379401e-07,5.045678180673077162e-02
2.332466493298659849e+00,9.848794201335349108e-01,3.066035027774975386e-01,-7.679269866667226552e-07,-1.186410750842955067e-02
2.334466893378675856e+00,9.848794186059980360e-01,3.066035278354607430e-01,-7.602550755048120834e-07,3.158459072499461562e-02
2.336467293458691863e+00,9.848794170938769410e-01,3.066035526404951583e-01,-7.526605431129596013e-07,2.222097119549288832e-02
2.338467693538707870e+00,9.848794155970131969e-01,3.066035771952024813e-01,-7.451425968196812022e-07,-7.167455575553952248e-03
2.340468093618723877e+00,9.848794141152494852e-01,3.066036015021678107e-01,-7.377004507258533295e-07,-4.157463742385487937e-02
2.342468493698739884e+00,9.848794126484291533e-01,3.066036255639593144e-01,-7.303333165176173480e-07,3.773527915634618257e-02
2.344468893778755891e+00,9.848794111963968811e-01,3.066036493831286736e-01,-7.230404179270344400e-07,-3.411044568650647285e-02
2.346469293858771898e+00,9.848794097589982366e-01,3.066036729622105828e-01,-7.158209807123228074e-07,-1.183611463655060390e-02
2.348469693938787906e+00,9.848794083360800089e-01,3.066036963037231389e-01,-7.086742401518630885e-07,2.207870482576451687e-02
2.350470094018803913e+00,9.848794069274897645e-01,3.066037194101677854e-01,-7.015994313852580433e-07,2.789818762040076339e-02
2.352470494098819920e+00,9.848794055330761799e-01,3.066037422840290905e-01,-6.945957969906046969e-07,-2.113686199974671234e-02
2.354470894178835927e+00,9.848794041526891530e-01,3.066037649277749688e-01,-6.876625883167619691e-07,-8.007298100439354900e-04
2.356471294258851934e+00,9.848794027861793587e-01,3.066037873438565153e-01,-6.807990572954558672e-07,-6.465141850791019003e-03
2.358471694338867941e+00,9.848794014333985825e-01,3.066038095347082271e-01,-6.740044622977059419e-07,2.953829038509676874e-02
2.360472094418883948e+00,9.848794000941997195e-01,3.066038315027478367e-01,-6.672780694383373401e-07,6.261516707645352342e-02
2.362472494498899955e+00,9.848793987684366646e-01,3.066038532503762015e-01,-6.606191488844892490e-07,-4.574783125714719512e-02
2.364472894578915962e+00,9.848793974559642006e-01,3.066038747799776365e-01,-6.540269733845693878e-07,2.290991872263333645e-02
2.366473294658931970e+00,9.848793961566383315e-01,3.066038960939196922e-01,-6.475008253459257901e-07,-7.145503192349346444e-02
2.368473694738947977e+00,9.848793948703160606e-01,3.066039171945530439e-01,-6.410399912282205293e-07,3.510182641249552844e-04
2.370474094818963984e+00,9.848793935968552793e-01,3.066039380842117690e-01,-6.346437604887178452e-07,-2.772024774249018039e-02
2.372474494898979991e+00,9.848793923361151004e-01,3.066039587652131804e-01,-6.283114315774884773e-07,4.979484144131974405e-02
2.374474894978995998e+00,9.848793910879555247e-01,3.066039792398579378e-01,-6.220423053870938190e-07,4.158591165221095162e-03
2.376475295059012005e+00,9.848793898522375523e-01,3.066039995104298255e-01,-6.158356875562986943e-07,-1.841990953458224820e-02
2.378475695139028012e+00,9.848793886288234045e-01,3.066040195791959189e-01,-6.096908929942301825e-07,-1.248343105861350263e-02
2.380476095219044019e+00,9.848793874175763019e-01,3.066040394484067511e-01,-6.036072413007076420e-07,-1.438299740829689782e-02
2.382476495299060026e+00,9.848793862183601311e-01,3.066040591202958132e-01,-5.975840499938822603e-07,4.707192630017201403e-03
2.384476895379076034e+00,9.848793850310404441e-01,3.066040785970801652e-01,-5.916206548273184040e-07,-3.954303380147512585e-03
2.386477295459092041e+00,9.848793838554832369e-01,3.066040978809599915e-01,-5.857163851430424728e-07,1.639655363315290978e-02
2.388477695539108048e+00,9.848793826915558380e-01,3.066041169741187122e-01,-5.798705815518445661e-07,3.850594717753572094e-02
2.390478095619123611e+00,9.848793815391265749e-01,3.066041358787230386e-01,-5.740825893829626381e-07,1.753472709009771743e-02
2.392478495699139618e+00,9.848793803980647743e-01,3.066041545969230842e-01,-5.683517590449049806e-07,-3.065064454436138008e-02
2.394478895779155625e+00,9.848793792682406512e-01,3.066041731308520313e-01,-5.626774426947811492e-07,-4.059573283959232864e-02
2.396479295859171632e+00,9.848793781495258637e-01,3.066041914826264647e-01,-5.570590071168890489e-07,-1.888604520039966622e-02
2.398479695939187639e+00,9.848793770417925142e-01,3.066042096543462048e-01,-5.514958116847878955e-07,2.632983011193164649e-02
2.400480096019203646e+00,9.848793759449143703e-01,3.066042276480943074e-01,-5.459872347013394744e-07,-8.376749828868426326e-03
2.402480496099219653e+00,9.848793748587656438e-01,3.066042454659371197e-01,-5.405326474194893649e-07,-1.668986100956202159e-02
2.404480896179235661e+00,9.848793737832219897e-01,3.066042631099243354e-01,-5.351314351365044075e-07,3.456528813711929812e-03
2.406481296259251668e+00,9.848793727181615054e-01,3.066042805820631267e-01,-5.297829931694142402e-07,-3.538867852277853554e-02
2.408481696339267675e+00,9.848793716634974826e-01,3.066042978837872357e-01,-5.244868973852678806e-07,-2.848371752862967690e-02
2.410482096419283682e+00,9.848793706191497632e-01,3.066043150164037834e-01,-5.192427373901242760e-07,1.275761638749943472e-02
2.412482496499299689e+00,9.848793695850327490e-01,3.066043319813092083e-01,-5.140500754508003922e-07,-7.579351372781009850e-03
2.414482896579315696e+00,9.848793685610607307e-01,3.066043487798940648e-01,-5.089084656739739643e-07,-1.133141496072861965e-02
2.416483296659331703e+00,9.848793675471486653e-01,3.066043654135435226e-01,-5.038174709925957728e-07,7.940371815441608222e-03
2.418483696739347710e+00,9.848793665432119537e-01,3.066043818836369228e-01,-4.987766580588637311e-07,-1.462227885617828349e-02
2.420484096819363717e+00,9.848793655491661081e-01,3.066043981915478889e-01,-4.937855903608401320e-07,-1.715776994965722765e-02
2.422484496899379725e+00,9.848793645649271955e-01,3.066044143386444931e-01,-4.888438372985248748e-07,-1.149574290717915274e-02
2.424484896979395732e+00,9.848793635904115051e-01,3.066044303262890902e-01,-4.839509678000730730e-07,1.506503077682217785e-02
2.426485297059411739e+00,9.848793626255358813e-01,3.066044461558383727e-01,-4.791065566223107197e-07,1.495019286473456711e-03
2.428485697139427746e+00,9.848793616702172793e-01,3.066044618286433154e-01,-4.743101753856837632e-07,-2.986541392708315715e-02
2.430486097219443753e+00,9.848793607243732096e-01,3.066044773460493422e-01,-4.695614020944205436e-07,-7.576892424632298076e-03
2.432486497299459760e+00,9.848793597879214046e-01,3.066044927093961037e-01,-4.648598136980375273e-07,1.620513330146896788e-02
2.434486897379475767e+00,9.848793588607802629e-01,3.066045079200175882e-01,-4.602049955837461681e-07,4.676833837392634780e-02
2.436487297459491774e+00,9.848793579428680722e-01,3.066045229792421778e-01,-4.555965254782190499e-07,-2.855930539957425920e-02
2.438487697539507781e+00,9.848793570341040082e-01,3.066045378883924810e-01,-4.510339940977381445e-07,8.462931317218976707e-03
2.440488097619523788e+00,9.848793561344070246e-01,3.066045526487855555e-01,-4.465169818612668706e-07,-6.469153437365799016e-03
2.442488497699539796e+00,9.848793552436970744e-01,3.066045672617327966e-01,-4.420450851472246256e-07,2.063754387522120579e-02
2.444488897779555803e+00,9.848793543618939994e-01,3.066045817285397157e-01,-4.376178918130690931e-07,1.123843681500985396e-02
2.446489297859571810e+00,9.848793534889180856e-01,3.066045960505064949e-01,-4.332349941571500551e-07,3.680398945852621229e-02
2.448489697939587817e+00,9.848793526246902852e-01,3.066046102289273212e-01,-4.288959926379565246e-07,1.298584366087262090e-02
2.450490098019603824e+00,9.848793517691314392e-01,3.066046242650909415e-01,-4.246004796371050105e-07,-1.362825740620232130e-02
2.452490498099619831e+00,9.848793509221631659e-01,3.066046381602802740e-01,-4.203480590547759022e-07,-1.346524980254126119e-02
2.454490898179635838e+00,9.848793500837073056e-01,3.066046519157727412e-01,-4.161383331258150520e-07,1.013833660459510441e-02
2.456491298259651845e+00,9.848793492536859207e-01,3.066046655328398818e-01,-4.119709037242458294e-07,9.873167764711034480e-03
2.458491698339667852e+00,9.848793484320216285e-01,3.066046790127477939e-01,-4.078453788025626636e-07,5.994802384425626518e-02
2.460492098419683860e+00,9.848793476186373796e-01,3.066046923567567473e-01,-4.037613677565499160e-07,4.190791423027211832e-02
2.462492498499699867e+00,9.848793468134563467e-01,3.066047055661214049e-01,-3.997184790660579523e-07,-2.933985852785545717e-02
2.464492898579715874e+00,9.848793460164022573e-01,3.066047186420907122e-01,-3.957163273449193497e-07,8.755224178011526345e-03
2.466493298659731881e+00,9.848793452273991722e-01,3.066047315859080080e-01,-3.917545290110791001e-07,-3.327511328874376700e-02
2.468493698739747888e+00,9.848793444463712632e-01,3.066047443988109689e-01,-3.878326968742573655e-07,-4.139231022568007345e-02
2.470494098819763895e+00,9.848793436732433682e-01,3.066047570820314982e-01,-3.839504522928915975e-07,1.858826608561545135e-02
2.472494498899779902e+00,9.848793429079406581e-01,3.066047696367959485e-01,-3.801074183462649358e-07,1.379330821871057114e-02
2.474494898979795909e+00,9.848793421503885259e-01,3.066047820643249544e-01,-3.763032171422153738e-07,-2.596457116164238577e-02
2.476495299059811916e+00,9.848793414005128088e-01,3.066047943658334884e-01,-3.725374743968057345e-07,4.109179591498890449e-02
2.478495699139827924e+00,9.848793406582395660e-01,3.066048065425308056e-01,-3.688098153820096314e-07,-2.443961704732273282e-02
2.480496099219843931e+00,9.848793399234955226e-01,3.066048185956206096e-01,-3.651198733634064553e-07,-2.919357464854010695e-02
2.482496499299859938e+00,9.848793391962076260e-01,3.066048305263007756e-01,-3.614672814400421430e-07,1.631509406821927272e-02
2.484496899379875945e+00,9.848793384763029346e-01,3.066048423357636832e-01,-3.578516688251820455e-07,5.523105791219959718e-03
2.486497299459891952e+00,9.848793377637092838e-01,3.066048540251958832e-01,-3.542726755567660035e-07,-4.013054296896370610e-03
2.488497699539907959e+00,9.848793370583546203e-01,3.066048655957783753e-01,-3.507299392857543552e-07,-1.676996552463383243e-03
2.490498099619923966e+00,9.848793363601673345e-01,3.066048770486864417e-01,-3.472231007439763317e-07,5.594672558362450213e-03
2.492498499699939973e+00,9.848793356690761502e-01,3.066048883850897022e-01,-3.437518021620622477e-07,-3.489843395523044289e-03
2.494498899779955980e+00,9.848793349850101242e-01,3.066048996061521148e-01,-3.403156878245550132e-07,-4.312962022713750197e-03
2.496499299859971988e+00,9.848793343078987572e-01,3.066049107130319196e-01,-3.369144049580885536e-07,-4.739925413106618746e-02
2.498499699939987995e+00,9.848793336376718832e-01,3.066049217068817501e-01,-3.335476030652539947e-07,-3.354936769784474387e-02
2.500500100020004002e+00,9.848793329742596692e-01,3.066049325888485222e-01,-3.302149326755987602e-07,1.527340904313636595e-02
2.502500500100020009e+00,9.848793323175927261e-01,3.066049433600736007e-01,-3.269160483987398891e-07,-1.760784917721576123e-02
2.504500900180036016e+00,9.848793316676018872e-01,3.066049540216925218e-01,-3.236506038450936984e-07,1.362950782718875056e-02
2.506501300260052023e+00,9.848793310242184296e-01,3.066049645748352148e-01,-3.204182565663682425e-07,3.088627706288492314e-02
2.508501700340068030e+00,9.848793303873741856e-01,3.066049750206259472e-01,-3.172186698041645769e-07,-8.874087879880528801e-03
2.510502100420084037e+00,9.848793297570009875e-01,3.066049853601833797e-01,-3.140515020816359026e-07,7.073930482075052595e-03
2.512502500500100044e+00,9.848793291330312227e-01,3.066049955946203442e-01,-3.109164171677392119e-07,5.191160025305002756e-02
2.514502900580116052e+00,9.848793285153976118e-01,3.066050057250441774e-01,-3.078130810796331218e-07,1.737308324475756241e-02
2.516503300660132059e+00,9.848793279040334303e-01,3.066050157525564979e-01,-3.047411656631471288e-07,4.604654102761778639e-02
2.518503700740148066e+00,9.848793272988719538e-01,3.066050256782531513e-01,-3.017003372129956063e-07,3.833487464751477586e-02
2.520504100820164073e+00,9.848793266998470131e-01,3.066050355032244323e-01,-2.986902680468528359e-07,1.883371004776032698e-02
2.522504500900180080e+00,9.848793261068929938e-01,3.066050452285548622e-01,-2.957106368661754914e-07,-2.797639746230514649e-03
2.524504900980196087e+00,9.848793255199442820e-01,3.066050548553234667e-01,-2.927611170433497279e-07,-2.105013109200580546e-02
2.526505301060212094e+00,9.848793249389358184e-01,3.066050643846034429e-01,-2.898413874741212481e-07,-2.779273957944664031e-02
2.528505701140228101e+00,9.848793243638029882e-01,3.066050738174623813e-01,-2.869511315506390048e-07,1.215793641590018348e-02
2.530506101220244108e+00,9.848793237944812873e-01,3.066050831549622102e-01,-2.840900288070269397e-07,1.170430032684100820e-02
2.532506501300260116e+00,9.848793232309068779e-01,3.066050923981590848e-01,-2.812577679367489480e-07,-4.365836458585486100e-03
2.534506901380276123e+00,9.848793226730161443e-01,3.066051015481037201e-01,-2.784540363287568709e-07,2.121138107312863647e-02
2.536507301460292130e+00,9.848793221207456927e-01,3.066051106058408915e-01,-2.756785205393352811e-07,-1.511370353709923058e-02
2.538507701540308137e+00,9.848793215740326845e-01,3.066051195724098788e-01,-2.729309135085511429e-07,2.775520377186620549e-02
2.540508101620324144e+00,9.848793210328146142e-01,3.066051284488442996e-01,-2.702109095087390500e-07,9.999064087434898513e-04
2.542508501700340151e+00,9.848793204970293091e-01,3.066051372361719429e-01,-2.675182043110346797e-07,-9.084319127184487972e-04
2.544508901780356158e+00,9.848793199666149301e-01,3.066051459354151576e-01,-2.648524951298636410e-07,-7.097276981753132611e-06
2.546509301860372165e+00,9.848793194415100816e-01,3.066051545475904638e-01,-2.622134830099209779e-07,-2.465044133096098815e-03
2.548509701940388172e+00,9.848793189216537014e-01,3.066051630737087197e-01,-2.596008704391916666e-07,6.220634760734758406e-02
2.550510102020404180e+00,9.848793184069850604e-01,3.066051715147751766e-01,-2.570143617652842494e-07,-4.028825274305184584e-02
2.552510502100420187e+00,9.848793178974437623e-01,3.066051798717894239e-01,-2.544536621684745370e-07,4.430309140882784068e-03
2.554510902180436194e+00,9.848793173929699662e-01,3.066051881457452777e-01,-2.519184834626209124e-07,3.110240281499297710e-02
2.556511302260452201e+00,9.848793168935038311e-01,3.066051963376310030e-01,-2.494085316329108792e-07,1.793757690578140843e-02
2.558511702340468208e+00,9.848793163989864041e-01,3.066052044484291472e-01,-2.469235261814972660e-07,-7.552296216207939582e-03
2.560512102420484215e+00,9.848793159093585103e-01,3.066052124791165401e-01,-2.444631760911697427e-07,4.350278114224482434e-02
2.562512502500500222e+00,9.848793154245617520e-01,3.066052204306644602e-01,-2.420272012804147721e-07,-2.671256347134331674e-02
2.564512902580516229e+00,9.848793149445379536e-01,3.066052283040384130e-01,-2.396153207795403972e-07,-3.265764285827656849e-02
2.566513302660532236e+00,9.848793144692292723e-01,3.066052361001982973e-01,-2.372272551454113199e-07,1.420152684605512430e-02
2.568513702740548243e+00,9.848793139985783096e-01,3.066052438200982944e-01,-2.348627286263837988e-07,-3.636197989355427485e-02
2.570514102820564251e+00,9.848793135325280002e-01,3.066052514646869231e-01,-2.325214673581932345e-07,-5.944897634563274524e-02
2.572514502900580258e+00,9.848793130710217225e-01,3.066052590349070961e-01,-2.302032008627552528e-07,2.207193573999913228e-02
2.574514902980596265e+00,9.848793126140029663e-01,3.066052665316960080e-01,-2.279076554145831324e-07,1.903352990785549259e-02
2.576515303060612272e+00,9.848793121614158874e-01,3.066052739559851359e-01,-2.256345661422187732e-07,1.830694593902011669e-02
2.578515703140628279e+00,9.848793117132047525e-01,3.066052813087004059e-01,-2.233836648435350014e-07,-1.218700200076803727e-02
2.580516103220644286e+00,9.848793112693143836e-01,3.066052885907619707e-01,-2.211546892838534006e-07,4.573432037544292866e-03
2.582516503300660293e+00,9.848793108296899357e-01,3.066052958030843767e-01,-2.189473789770968182e-07,-2.413338340344020616e-02
2.584516903380676300e+00,9.848793103942767857e-01,3.066053029465764523e-01,-2.167614722992095011e-07,4.335856340384411367e-02
2.586517303460692307e+00,9.848793099630208658e-01,3.066053100221413641e-01,-2.145967140931848149e-07,1.977539169089711363e-02
2.588517703540708315e+00,9.848793095358839844e-01,3.066053170305111375e-01,-2.124530182334716244e-07,1.855618935623722793e-02
2.590518103620724322e+00,9.848793091128859034e-01,3.066053239717239642e-01,-2.103308468226483541e-07,-4.874982885351269307e-02
2.592518503700740329e+00,9.848793086939995334e-01,3.066053308462133864e-01,-2.082300529504532705e-07,2.018234286969415245e-02
2.594518903780756336e+00,9.848793082791912346e-01,3.066053376544766174e-01,-2.061504131845026677e-07,3.734909439912079826e-02
2.596519303860772343e+00,9.848793078684272562e-01,3.066053443970096493e-01,-2.040916998180541952e-07,3.040634804948450648e-02
2.598519703940788350e+00,9.848793074616745136e-01,3.066053510743071420e-01,-2.020536989943977346e-07,1.972805634121350959e-02
2.600520104020804357e+00,9.848793070588997001e-01,3.066053576868626451e-01,-2.000361902787517465e-07,-2.412926193191384735e-05
2.602520504100820364e+00,9.848793066600696200e-01,3.066053642351684871e-01,-1.980389547906469261e-07,-8.546019220330866584e-03
2.604520904180836371e+00,9.848793062651515218e-01,3.066053707197157197e-01,-1.960617816432197458e-07,1.504084607869041537e-02
2.606521304260852379e+00,9.848793058741125428e-01,3.066053771409942286e-01,-1.941044563968929992e-07,9.569039790477676041e-03
2.608521704340868386e+00,9.848793054869201535e-01,3.066053834994927341e-01,-1.921667709126051449e-07,5.909171092875375314e-03
2.610522104420884393e+00,9.848793051035418245e-01,3.066053897956986796e-01,-1.902485157190270115e-07,-7.730808918241111223e-03
2.612522504500900400e+00,9.848793047239452481e-01,3.066053960300982317e-01,-1.883494841758981408e-07,4.203122484865164099e-02
2.614522904580916407e+00,9.848793043480982279e-01,3.066054022031765580e-01,-1.864694718911596993e-07,-2.919626877437151574e-02
2.616523304660932414e+00,9.848793039759687895e-01,3.066054083154173826e-01,-1.846082772483104151e-07,-5.659960035793342370e-04
2.618523704740947977e+00,9.848793036075250695e-01,3.066054143673033749e-01,-1.827657002129168262e-07,-1.450470458543261579e-02
2.620524104820963984e+00,9.848793032427352045e-01,3.066054203593158722e-01,-1.809415392794999633e-07,2.580089526073218315e-02
2.622524504900979991e+00,9.848793028815678863e-01,3.066054262919351570e-01,-1.791356038782776494e-07,3.576185854675314330e-02
2.624524904980995998e+00,9.848793025239915844e-01,3.066054321656400683e-01,-1.773476973054854966e-07,3.110204367255941030e-02
2.626525305061012006e+00,9.848793021699748795e-01,3.066054379809084462e-01,-1.755776238565598391e-07,1.888500396633849276e-02
2.628525705141028013e+00,9.848793018194867965e-01,3.066054437382168540e-01,-1.738251966532100568e-07,-3.506522323719685197e-02
2.630526105221044020e+00,9.848793014724964712e-01,3.066054494380406337e-01,-1.720902294277681932e-07,5.203064559842876524e-02
2.632526505301060027e+00,9.848793011289728172e-01,3.066054550808537948e-01,-1.703725301949177151e-07,1.291723186683602434e-02
2.634526905381076034e+00,9.848793007888853035e-01,3.066054606671294036e-01,-1.686719178217721549e-07,-2.711749796838216348e-03
2.636527305461092041e+00,9.848793004522035099e-01,3.066054661973390272e-01,-1.669882118693344353e-07,5.373479146562285544e-04
2.638527705541108048e+00,9.848793001188969054e-01,3.066054716719532336e-01,-1.653212287344718590e-07,-8.488143662518774293e-03
2.640528105621124055e+00,9.848792997889352918e-01,3.066054770914413141e-01,-1.636707908647672127e-07,1.059685064730445624e-02
2.642528505701140062e+00,9.848792994622886932e-01,3.066054824562712278e-01,-1.620367235943831474e-07,7.754033166041509120e-03
2.644528905781156070e+00,9.848792991389270224e-01,3.066054877669099343e-01,-1.604188492598801474e-07,-9.002661560516826006e-03
2.646529305861172077e+00,9.848792988188207476e-01,3.066054930238230058e-01,-1.588170007449374310e-07,-6.424744473638767384e-02
2.648529705941188084e+00,9.848792985019400037e-01,3.066054982274749041e-01,-1.572310024677836537e-07,-8.781906072017746931e-04
2.650530106021204091e+00,9.848792981882553699e-01,3.066055033783288142e-01,-1.556606872565868827e-07,1.192074324530028109e-02
2.652530506101220098e+00,9.848792978777376472e-01,3.066055084768466998e-01,-1.541058912146731075e-07,1.315404201641692632e-02
2.654530906181236105e+00,9.848792975703576369e-01,3.066055135234894702e-01,-1.525664498069900787e-07,-3.836777585841989920e-03
2.656531306261252112e+00,9.848792972660861400e-01,3.066055185187165355e-01,-1.510421966943731320e-07,1.133271819438849519e-02
2.658531706341268119e+00,9.848792969648944018e-01,3.066055234629864179e-01,-1.495329743916862242e-07,2.570782397794998606e-02
2.660532106421284126e+00,9.848792966667537785e-01,3.066055283567561962e-01,-1.480386260521715514e-07,-1.175640510272272198e-02
2.662532506501300134e+00,9.848792963716355153e-01,3.066055332004817835e-01,-1.465589914984022357e-07,3.665682957647420359e-02
2.664532906581316141e+00,9.848792960795114126e-01,3.066055379946179271e-01,-1.450939211278257090e-07,-4.887910263944424821e-02
2.666533306661332148e+00,9.848792957903529377e-01,3.066055427396181532e-01,-1.436432573165280502e-07,-3.152635698623407895e-02
2.668533706741348155e+00,9.848792955041321129e-01,3.066055474359347111e-01,-1.422068527379138914e-07,-2.262876596623819569e-02
2.670534106821364162e+00,9.848792952208209606e-01,3.066055520840187953e-01,-1.407845591216982939e-07,-6.111180852144768028e-02
2.672534506901380169e+00,9.848792949403916142e-01,3.066055566843202129e-01,-1.393762291412858900e-07,-2.499420490204880621e-02
2.674534906981396176e+00,9.848792946628164291e-01,3.066055612372876049e-01,-1.379817189950394152e-07,3.120916140919055212e-02
2.676535307061412183e+00,9.848792943880678719e-01,3.066055657433685022e-01,-1.366008864911449905e-07,3.103809003042809142e-02
2.678535707141428190e+00,9.848792941161185199e-01,3.066055702030090480e-01,-1.352335901316781275e-07,2.433826334564997279e-03
2.680536107221444198e+00,9.848792938469411729e-01,3.066055746166543305e-01,-1.338796920546947433e-07,4.302491528875729276e-02
2.682536507301460205e+00,9.848792935805087412e-01,3.066055789847481616e-01,-1.325390557027628091e-07,5.987122959599160653e-03
2.684536907381476212e+00,9.848792933167942465e-01,3.066055833077331871e-01,-1.312115456841844718e-07,-1.244543012695202566e-02
2.686537307461492219e+00,9.848792930557710434e-01,3.066055875860506652e-01,-1.298970323804216065e-07,6.040639337538022263e-03
2.688537707541508226e+00,9.848792927974123756e-01,3.066055918201409103e-01,-1.285953828145114386e-07,-3.428793854480360458e-03
2.690538107621524233e+00,9.848792925416919308e-01,3.066055960104427935e-01,-1.273064720030969710e-07,1.839820920602795382e-02
2.692538507701540240e+00,9.848792922885831747e-01,3.066056001573940759e-01,-1.260301692174170540e-07,-3.757639202400422929e-02
2.694538907781556247e+00,9.848792920380600169e-01,3.066056042614314081e-01,-1.247663522219166765e-07,2.498524881692850905e-02
2.696539307861572254e+00,9.848792917900963673e-01,3.066056083229899976e-01,-1.235148970046839878e-07,-1.148829179460999703e-02
2.698539707941588262e+00,9.848792915446664686e-01,3.066056123425039970e-01,-1.222756858265672264e-07,2.138295313707061843e-02
2.700540108021604269e+00,9.848792913017444528e-01,3.066056163204062823e-01,-1.210485976732567082e-07,-3.852612609475732086e-02
2.702540508101620276e+00,9.848792910613047846e-01,3.066056202571286193e-01,-1.198335167762465403e-07,-1.048158621982398300e-02
2.704540908181636283e+00,9.848792908233221510e-01,3.066056241531014415e-01,-1.186303313638337187e-07,1.951461878424028649e-03
2.706541308261652290e+00,9.848792905877710169e-01,3.066056280087540165e-01,-1.174389236413553306e-07,2.253619828485546595e-02
2.708541708341668297e+00,9.848792903546265132e-01,3.066056318245143908e-01,-1.162591889702913051e-07,-3.043839298848542013e-02
2.710542108421684304e+00,9.848792901238634379e-01,3.066056356008094452e-01,-1.150910139968708279e-07,4.168599130670491704e-02
2.712542508501700311e+00,9.848792898954571440e-01,3.066056393380647838e-01,-1.139342964417977555e-07,1.206647294079143951e-02
2.714542908581716318e+00,9.848792896693827625e-01,3.066056430367047891e-01,-1.127889277252602795e-07,-1.314449824900540409e-02
2.716543308661732326e+00,9.848792894456159797e-01,3.066056466971527339e-01,-1.116548102031433842e-07,3.043243919989181007e-02
2.718543708741748333e+00,9.848792892241321484e-01,3.066056503198305028e-01,-1.105318378491482179e-07,2.567665043727895662e-03
2.720544108821764340e+00,9.848792890049072879e-01,3.066056539051590368e-01,-1.094199176265853168e-07,2.895731509786311428e-02
2.722544508901780347e+00,9.848792887879170843e-01,3.066056574535577783e-01,-1.083189482276036841e-07,5.807858689972106997e-02
2.724544908981796354e+00,9.848792885731377789e-01,3.066056609654451148e-01,-1.072288388359599054e-07,1.921310221262566981e-02
2.726545309061812361e+00,9.848792883605455017e-01,3.066056644412382126e-01,-1.061494953880082193e-07,-1.316709273874625691e-02
2.728545709141828368e+00,9.848792881501166052e-01,3.066056678813529612e-01,-1.050808269842384846e-07,-1.064279096560569529e-02
2.730546109221844375e+00,9.848792879418275525e-01,3.066056712862041400e-01,-1.040227443072083702e-07,1.456375463671735065e-02
2.732546509301860382e+00,9.848792877356551401e-01,3.066056746562051960e-01,-1.029751634795683657e-07,7.197532452180465355e-03
2.734546909381876389e+00,9.848792875315761641e-01,3.066056779917684660e-01,-1.019379998190572678e-07,-2.082585102682457667e-02
2.736547309461892397e+00,9.848792873295675321e-01,3.066056812933049547e-01,-1.009111696981257467e-07,-1.670283880181917466e-02
2.738547709541908404e+00,9.848792871296062623e-01,3.066056845612246673e-01,-9.989459062720307259e-08,1.664445083746420376e-02
2.740548109621924411e+00,9.848792869316698173e-01,3.066056877959361104e-01,-9.888818822134659570e-08,5.866736038334425390e-02
2.742548509701940418e+00,9.848792867357354375e-01,3.066056909978468470e-01,-9.789188257225411860e-08,-6.575928242458105311e-02
2.744548909781956425e+00,9.848792865417806963e-01,3.066056941673630520e-01,-9.690559929498299141e-08,1.809780653996875127e-02
2.746549309861972432e+00,9.848792863497835004e-01,3.066056973048897905e-01,-9.592927027735065337e-08,-5.276275504812140416e-03
2.748549709941988439e+00,9.848792861597214232e-01,3.066057004108307948e-01,-9.496281855314592235e-08,1.948402288068611446e-02
2.750550110022004446e+00,9.848792859715727044e-01,3.066057034855886876e-01,-9.400618083965639471e-08,2.169294044545100331e-02
2.752550510102020453e+00,9.848792857853153615e-01,3.066057065295649253e-01,-9.305928755365400207e-08,1.320859066676146124e-03
2.754550910182036461e+00,9.848792856009277452e-01,3.066057095431595769e-01,-9.212207491282597971e-08,-2.539943079762979269e-02
2.756551310262052468e+00,9.848792854183883172e-01,3.066057125267716565e-01,-9.119448043937161685e-08,-3.492638853205529831e-02
2.758551710342068475e+00,9.848792852376757612e-01,3.066057154807989016e-01,-9.027644540249291083e-08,-4.685455749127451913e-02
2.760552110422084482e+00,9.848792850587686498e-01,3.066057184056378282e-01,-8.936790710234454593e-08,3.055855063796580548e-02
2.762552510502100489e+00,9.848792848816461110e-01,3.066057213016837313e-01,-8.846881394131145271e-08,-5.242647612738817603e-03
2.764552910582116496e+00,9.848792847062869393e-01,3.066057241693307955e-01,-8.757910568979454524e-08,-1.350696176306958630e-02
2.766553310662132503e+00,9.848792845326705958e-01,3.066057270089718734e-01,-8.669873502453739889e-08,-6.943071969394864172e-03
2.768553710742148510e+00,9.848792843607763192e-01,3.066057298209987070e-01,-8.582764920994634394e-08,-3.348677878756351617e-02
2.770554110822164517e+00,9.848792841905836815e-01,3.066057326058016508e-01,-8.496580097827610700e-08,7.615279522225517142e-03
2.772554510902180525e+00,9.848792840220722544e-01,3.066057353637700600e-01,-8.411314184053608756e-08,3.296745328795305102e-02
2.774554910982196532e+00,9.848792838552218321e-01,3.066057380952919575e-01,-8.326962713800512006e-08,2.846143249964693325e-02
2.776555311062212539e+00,9.848792836900124303e-01,3.066057408007541452e-01,-8.243521568140899092e-08,-3.914505921590868270e-02
2.778555711142228546e+00,9.848792835264240653e-01,3.066057434805423143e-01,-8.160986483818355453e-08,3.408771548535895896e-02
2.780556111222244553e+00,9.848792833644371969e-01,3.066057461350407687e-01,-8.079354035794850120e-08,-1.910600316169874802e-02
2.782556511302260560e+00,9.848792832040319523e-01,3.066057487646328128e-01,-7.998620007998447079e-08,-4.782388661726921092e-02
2.784556911382276567e+00,9.848792830451891245e-01,3.066057513697004189e-01,-7.918781425031440335e-08,-3.073688507307961379e-02
2.786557311462292574e+00,9.848792828878891736e-01,3.066057539506242824e-01,-7.839834512135546163e-08,-2.416293117947147101e-02
2.788557711542308581e+00,9.848792827321132259e-01,3.066057565077840441e-01,-7.761776815717880140e-08,-1.737736262691320444e-04
2.790558111622324589e+00,9.848792825778420745e-01,3.066057590415580125e-01,-7.684605007884925953e-08,-2.579946367070624913e-02
2.792558511702340596e+00,9.848792824250569566e-01,3.066057615523233304e-01,-7.608316618390453812e-08,-3.775621260266440182e-02
2.794558911782356603e+00,9.848792822737392205e-01,3.066057640404559193e-01,-7.532909282459421263e-08,-6.612426207375378395e-03
2.796559311862372610e+00,9.848792821238702144e-01,3.066057665063305349e-01,-7.458380529845598517e-08,4.809752398603400758e-02
2.798559711942388617e+00,9.848792819754356165e-01,3.066057689503152162e-01,-7.384736508408984434e-08,-1.755884590708010548e-02
2.800560112022404624e+00,9.848792818288643058e-01,3.066057713721380140e-01,-7.312870051179309883e-08,1.160626475754312353e-02
2.802560512102420631e+00,9.848792816844138542e-01,3.066057737715607301e-01,-7.243309893545379907e-08,1.998598347637712321e-03
2.804560912182436638e+00,9.848792815420298608e-01,3.066057761487168132e-01,-7.175952729254753137e-08,6.645162109533706007e-02
2.806561312262452645e+00,9.848792814016589237e-01,3.066057785037398786e-01,-7.110697330947601813e-08,-4.745652509846028100e-02
2.808561712342468653e+00,9.848792812632484184e-01,3.066057808367637638e-01,-7.047444228192034643e-08,2.738447070593219221e-02
2.810562112422484660e+00,9.848792811267464975e-01,3.066057831479222506e-01,-6.986095579808448974e-08,-3.203469475595863841e-02
2.812562512502500667e+00,9.848792809921023128e-01,3.066057854373494540e-01,-6.926555740083273349e-08,-1.481045061606078850e-02
2.814562912582516674e+00,9.848792808592656822e-01,3.066057877051793779e-01,-6.868730467735062462e-08,-2.417110022139980045e-03
2.816563312662532681e+00,9.848792807281875339e-01,3.066057899515463037e-01,-6.812527933441892003e-08,7.965208691967168297e-02
2.818563712742548688e+00,9.848792805988193511e-01,3.066057921765846239e-01,-6.757857520800492068e-08,-1.907520033565835924e-02
2.820564112822564695e+00,9.848792804711139492e-01,3.066057943804287866e-01,-6.704631452802978231e-08,-4.722216987752295841e-02
2.822564512902580702e+00,9.848792803450244771e-01,3.066057965632134064e-01,-6.652762721270910617e-08,3.243402348090344139e-02
2.824564912982596709e+00,9.848792802205051933e-01,3.066057987250732086e-01,-6.602166663371988875e-08,-2.098096872991921102e-02
2.826565313062612717e+00,9.848792800975113559e-01,3.066058008661429746e-01,-6.552760820066616532e-08,-6.073824369875502859e-03
2.828565713142628724e+00,9.848792799759988892e-01,3.066058029865577628e-01,-6.504464142298438389e-08,-6.011106182478362500e-04
2.830566113222644731e+00,9.848792798559244943e-01,3.066058050864525208e-01,-6.457197254672308873e-08,2.424655067549764346e-03
2.832566513302660738e+00,9.848792797372459829e-01,3.066058071659625850e-01,-6.410883215957063896e-08,-4.253529817754449910e-03
2.834566913382676745e+00,9.848792796199219435e-01,3.066058092252231804e-01,-6.365446719724943136e-08,6.693847244884146980e-03
2.836567313462692752e+00,9.848792795039116310e-01,3.066058112643698097e-01,-6.320813925042578774e-08,9.683926847754339637e-03
2.838567713542708759e+00,9.848792793891755215e-01,3.066058132835379757e-01,-6.276913611102941104e-08,2.134800768631237716e-02
2.840568113622724766e+00,9.848792792756746461e-01,3.066058152828634031e-01,-6.233675778344327512e-08,-1.068089073424933338e-02
2.842568513702740773e+00,9.848792791633709243e-01,3.066058172624818723e-01,-6.191032328461965051e-08,-1.871831549419587445e-02
2.844568913782756781e+00,9.848792790522273854e-01,3.066058192225293300e-01,-6.148917552906141282e-08,-2.658881845585187725e-02
2.846569313862772344e+00,9.848792789422076144e-01,3.066058211631417230e-01,-6.107266956045798167e-08,1.481766143156041174e-02
2.848569713942788351e+00,9.848792788332763060e-01,3.066058230844553312e-01,-6.066018434780495738e-08,-1.157514290087227572e-03
2.850570114022804358e+00,9.848792787253988212e-01,3.066058249866063790e-01,-6.025111332075283599e-08,1.383005403458250487e-02
2.852570514102820365e+00,9.848792786185415205e-01,3.066058268697312572e-01,-5.984487136401206442e-08,1.345484620052542039e-02
2.854570914182836372e+00,9.848792785126714300e-01,3.066058287339664679e-01,-5.944088760090338042e-08,4.214686389297753188e-02
2.856571314262852379e+00,9.848792784077567974e-01,3.066058305794487349e-01,-5.903861821643374697e-08,5.187568350557683616e-03
2.858571714342868386e+00,9.848792783037664256e-01,3.066058324063147267e-01,-5.863753047008479768e-08,1.880922427972110331e-02
2.860572114422884393e+00,9.848792782006698943e-01,3.066058342147013893e-01,-5.823710896857292596e-08,-3.006480389447931112e-02
2.862572514502900400e+00,9.848792780984381157e-01,3.066058360047457243e-01,-5.783686699012413612e-08,-2.700759974161582450e-02
2.864572914582916408e+00,9.848792779970423350e-01,3.066058377765847887e-01,-5.743632475185833641e-08,-7.793501081433770739e-03
2.866573314662932415e+00,9.848792778964549077e-01,3.066058395303558615e-01,-5.703502684029082559e-08,-3.041799893038801827e-02
2.868573714742948422e+00,9.848792777966491885e-01,3.066058412661962773e-01,-5.663253918597455083e-08,1.723977381223950472e-02
2.870574114822964429e+00,9.848792776975990870e-01,3.066058429842435928e-01,-5.622843976538227651e-08,-3.332637593529778203e-02
2.872574514902980436e+00,9.848792775992795123e-01,3.066058446846353092e-01,-5.582232792677999100e-08,1.709519646064908659e-03
2.874574914982996443e+00,9.848792775016663725e-01,3.066058463675092050e-01,-5.541382491758284345e-08,-6.145244595131493792e-02
2.876575315063012450e+00,9.848792774047361309e-01,3.066058480330031144e-01,-5.500256394785907332e-08,-2.761954808769758254e-02
2.878575715143028457e+00,9.848792773084663610e-01,3.066058496812549827e-01,-5.458820198644964705e-08,-8.475937994925663785e-03
2.880576115223044464e+00,9.848792772128355244e-01,3.066058513124029217e-01,-5.417041518129828148e-08,-6.476046342045799729e-03
2.882576515303060471e+00,9.848792771178227490e-01,3.066058529265850985e-01,-5.374889414100358920e-08,-4.479119733305103601e-02
2.884576915383076479e+00,9.848792770234081617e-01,3.066058545239398470e-01,-5.332335145658007036e-08,2.716673653960151834e-03
2.886577315463092486e+00,9.848792769295726668e-01,3.066058561046056119e-01,-5.289351562298705289e-08,2.437154782406647166e-02
2.888577715543108493e+00,9.848792768362980565e-01,3.066058576687209491e-01,-5.245913511919830796e-08,1.620595767180494848e-02
2.890578115623124500e+00,9.848792767435670115e-01,3.066058592164245811e-01,-5.201997721471229852e-08,-1.646462863092492540e-02
2.892578515703140507e+00,9.848792766513631003e-01,3.066058607478552300e-01,-5.157582838588581353e-08,-1.468247253004185439e-02
2.894578915783156514e+00,9.848792765596706689e-01,3.066058622631518404e-01,-5.112649192895446504e-08,-2.965755816897798491e-02
2.896579315863172521e+00,9.848792764684749512e-01,3.066058637624535232e-01,-5.067179045803449355e-08,1.574464919350850381e-02
2.898579715943188528e+00,9.848792763777621806e-01,3.066058652458993339e-01,-5.021156782025748555e-08,3.604142073223105119e-02
2.900580116023204535e+00,9.848792762875192563e-01,3.066058667136286608e-01,-4.974568273974355748e-08,-1.314893663319588284e-02
2.902580516103220543e+00,9.848792761977339660e-01,3.066058681657808371e-01,-4.927401262011521510e-08,-4.244550094770713211e-02
2.904580916183236550e+00,9.848792761083949854e-01,3.066058696024953623e-01,-4.879645432165347074e-08,5.000057268668139411e-03
2.906581316263252557e+00,9.848792760194921003e-01,3.066058710239119578e-01,-4.831292851892321494e-08,1.769418728973477448e-02
2.908581716343268564e+00,9.848792759310154299e-01,3.066058724301703453e-01,-4.782336343600590567e-08,-6.805314406649075332e-02
2.910582116423284571e+00,9.848792758429564254e-01,3.066058738214103574e-01,-4.732771555215897763e-08,3.458853663088917989e-03
2.912582516503300578e+00,9.848792757553072041e-01,3.066058751977720487e-01,-4.682595616811724426e-08,5.410962766606485647e-02
2.914582916583316585e+00,9.848792756680606608e-01,3.066058765593955848e-01,-4.631807301591628345e-08,2.051614391766920162e-02
2.916583316663332592e+00,9.848792755812109112e-01,3.066058779064211315e-01,-4.580408058396656656e-08,1.376142421898081392e-02
2.918583716743348599e+00,9.848792754947524042e-01,3.066058792389890764e-01,-4.528400016079459078e-08,1.005298664912649374e-02
2.920584116823364607e+00,9.848792754086809209e-01,3.066058805572399182e-01,-4.475788201174779601e-08,2.654742577448448992e-02
2.922584516903380614e+00,9.848792753229926866e-01,3.066058818613142112e-01,-4.422578606111393640e-08,-2.352922557095971090e-02
2.924584916983396621e+00,9.848792752376852588e-01,3.066058831513527316e-01,-4.368780073815692333e-08,-2.113348874872556654e-02
2.926585317063412628e+00,9.848792751527567502e-01,3.066058844274962558e-01,-4.314402657357163662e-08,1.018918957832683735e-02
2.928585717143428635e+00,9.848792750682061614e-01,3.066058856898858376e-01,-4.259458358246703824e-08,-1.713327620684282002e-02
2.930586117223444642e+00,9.848792749840332705e-01,3.066058869386625307e-01,-4.203960826676400586e-08,6.467518465761589244e-03
2.932586517303460649e+00,9.848792749002389657e-01,3.066058881739674447e-01,-4.147926085940056851e-08,-4.781410357002068012e-02
2.934586917383476656e+00,9.848792748168248012e-01,3.066058893959420217e-01,-4.091371649805886079e-08,1.894882567914933300e-02
2.936587317463492663e+00,9.848792747337933307e-01,3.066058906047277044e-01,-4.034317163670309014e-08,2.117424496182423316e-02
2.938587717543508671e+00,9.848792746511477736e-01,3.066058918004659350e-01,-3.976783694015217918e-08,1.091907784594515910e-03
2.940588117623524678e+00,9.848792745688924599e-01,3.066058929832984892e-01,-3.918794738710928982e-08,4.110534340754981412e-03
2.942588517703540685e+00,9.848792744870323856e-01,3.066058941533671423e-01,-3.860375216713229918e-08,4.051623853882890813e-02
2.944588917783556692e+00,9.848792744055734349e-01,3.066058953108138363e-01,-3.801551967663741038e-08,-2.707740371256978779e-02
2.946589317863572699e+00,9.848792743245223802e-01,3.066058964557806243e-01,-3.742353757441030382e-08,-2.282895383066812361e-02
2.948589717943588706e+00,9.848792742438869929e-01,3.066058975884096149e-01,-3.682811480776315705e-08,-2.734519417600113356e-02
2.950590118023604713e+00,9.848792741636755999e-01,3.066058987088431942e-01,-3.622957264748372097e-08,-1.061829051096130523e-02
2.952590518103620720e+00,9.848792740838977489e-01,3.066058998172236372e-01,-3.562825873215658135e-08,-2.527878365346800799e-02
2.954590918183636727e+00,9.848792740045634320e-01,3.066059009136934965e-01,-3.502452969317282339e-08,9.261769051937938533e-04
2.956591318263652735e+00,9.848792739256840845e-01,3.066059019983954914e-01,-3.441877416410221713e-08,-1.626845456875130810e-02
2.958591718343668742e+00,9.848792738472712527e-01,3.066059030714723410e-01,-3.381138277691597693e-08,-3.622876180276712182e-02
2.960592118423684749e+00,9.848792737693380372e-01,3.066059041330668755e-01,-3.320277958129835838e-08,-3.875447660714798070e-02
2.962592518503700756e+00,9.848792736918980939e-01,3.066059051833222027e-01,-3.259340083938688792e-08,3.029139507863500003e-02
2.964592918583716763e+00,9.848792736149657445e-01,3.066059062223813747e-01,-3.198369741275186584e-08,-1.722002432536017674e-03
2.966593318663732770e+00,9.848792735385566433e-01,3.066059072503876104e-01,-3.137414816833938858e-08,-5.683476982512273602e-03
2.968593718743748777e+00,9.848792734626868883e-01,3.066059082674843506e-01,-3.076524240919198405e-08,6.642088698328876915e-04
2.970594118823764784e+00,9.848792733873735772e-01,3.066059092738150360e-01,-3.015749047707849684e-08,-2.059083053594153601e-03
2.972594518903780791e+00,9.848792733126348065e-01,3.066059102695232741e-01,-2.955142452965020539e-08,1.890279383813459405e-02
2.974594918983796799e+00,9.848792732384893389e-01,3.066059112547527832e-01,-2.894759124072443512e-08,1.405644675728962359e-02
2.976595319063812806e+00,9.848792731649568255e-01,3.066059122296474482e-01,-2.834655596362090080e-08,-1.474272200540273185e-02
2.978595719143828813e+00,9.848792730920579164e-01,3.066059131943511540e-01,-2.774890595080847788e-08,-2.058820417923797053e-02
2.980596119223844820e+00,9.848792730198140388e-01,3.066059141490080631e-01,-2.715524557994619670e-08,-2.716804686927297430e-02
2.982596519303860827e+00,9.848792729482473973e-01,3.066059150937623379e-01,-2.656619527141579340e-08,-3.127830897148484862e-02
2.984596919383876834e+00,9.848792728773811955e-01,3.066059160287583074e-01,-2.598239742801489172e-08,3.505361501936116869e-02
2.986597319463892841e+00,9.848792728072394143e-01,3.066059169541404117e-01,-2.540451149446454338e-08,-2.291350627112193755e-02
2.988597719543908848e+00,9.848792727378469225e-01,3.066059178700532573e-01,-2.483321540069916011e-08,-5.047616967175657526e-02
2.990598119623924855e+00,9.848792726692294774e-01,3.066059187766414507e-01,-2.426920706066759692e-08,-2.108713581564532549e-02
2.992598519703940863e+00,9.848792726014137244e-01,3.066059196740498205e-01,-2.371320287353206879e-08,-1.970906607099513416e-02
2.994598919783956870e+00,9.848792725344269749e-01,3.066059205624233619e-01,-2.316593411544332071e-08,8.246267188060879202e-03
2.996599319863972877e+00,9.848792724682975397e-01,3.066059214419070145e-01,-2.262815324005629236e-08,-2.214958727278772826e-02
2.998599719943988884e+00,9.848792724030547285e-01,3.066059223126460509e-01,-2.210063471119738665e-08,1.336880457528205959e-02
3.000600120024004891e+00,9.848792723387285175e-01,3.066059231747856328e-01,-2.158416675945851182e-08,9.713152780872110967e-03
3.002600520104020898e+00,9.848792722753497708e-01,3.066059240284712550e-01,-2.107955759944601937e-08,3.167071687131630536e-02
3.004600920184036905e+00,9.848792722129502408e-01,3.066059248738484122e-01,-2.058763409751307449e-08,5.417480638920401520e-02
3.006601320264052912e+00,9.848792721515626791e-01,3.066059257110627656e-01,-2.010924454731721767e-08,7.122258301902864575e-02
3.008601720344068919e+00,9.848792720912202814e-01,3.066059265402600875e-01,-1.964524742881224029e-08,3.377084642682170318e-02
3.010602120424084926e+00,9.848792720319576866e-01,3.066059273615862057e-01,-1.919653180859626218e-08,-2.899252722844748720e-02
3.012602520504100934e+00,9.848792719738099777e-01,3.066059281751871701e-01,-1.876399663425232234e-08,-1.010500358903494017e-02
3.014602920584116941e+00,9.848792719168132370e-01,3.066059289812091415e-01,-1.834856241944571309e-08,6.191135226720188151e-03
3.016603320664132948e+00,9.848792718610043240e-01,3.066059297797982808e-01,-1.795116635894267176e-08,5.170316964874147048e-02
3.018603720744148955e+00,9.848792718064209861e-01,3.066059305711009708e-01,-1.757276482661218608e-08,1.691549074216459891e-02
3.020604120824164962e+00,9.848792717531020813e-01,3.066059313552637611e-01,-1.721433834367402937e-08,3.008429290073135268e-02
3.022604520904180969e+00,9.848792717010869113e-01,3.066059321324332010e-01,-1.687687695151041112e-08,-4.348813917171983311e-03
3.024604920984196976e+00,9.848792716504159994e-01,3.066059329027560065e-01,-1.656139669847789264e-08,1.475709584636997022e-02
3.026605321064212983e+00,9.848792716011304238e-01,3.066059336663790602e-01,-1.626892628947551600e-08,1.795479013032947810e-02
3.028605721144228990e+00,9.848792715532723729e-01,3.066059344234493000e-01,-1.600051788286371846e-08,-1.140772838709515867e-02
3.030606121224244998e+00,9.848792715068847015e-01,3.066059351741138306e-01,-1.575723804214668178e-08,1.943318333412065446e-02
3.032606521304261005e+00,9.848792714620113742e-01,3.066059359185198674e-01,-1.554017772797955388e-08,2.677024930297884631e-02
3.034606921384277012e+00,9.848792714186970221e-01,3.066059366568146816e-01,-1.535044183431644171e-08,-3.959158719337232089e-03
3.036607321464293019e+00,9.848792713769871643e-01,3.066059373891457662e-01,-1.518915465625880756e-08,2.545364816381593537e-02
3.038607721544309026e+00,9.848792713369280971e-01,3.066059381156606700e-01,-1.505745708674233185e-08,4.119885270054571974e-02
3.040608121624325033e+00,9.848792712985672271e-01,3.066059388365071081e-01,-1.495651441585366115e-08,1.657483505405894179e-03
3.042608521704341040e+00,9.848792712619526268e-01,3.066059395518328512e-01,-1.488750572820052298e-08,8.039556912323173187e-06
3.044608921784357047e+00,9.848792712271331462e-01,3.066059402617858365e-01,-1.485162723358079973e-08,-7.740447227288223958e-03
3.046609321864373054e+00,9.848792711941588562e-01,3.066059409665141122e-01,-1.485010162061151107e-08,-1.548275127575092849e-02
3.048609721944389062e+00,9.848792711630803831e-01,3.066059416661658377e-01,-1.488416317974028402e-08,3.903763781978593621e-03
3.050610122024405069e+00,9.848792711412498457e-01,3.066059423602129352e-01,-1.511101310747164916e-08,-1.029568640669226848e-02
3.052610522104421076e+00,9.848792711413157930e-01,3.066059430475190362e-01,-1.580087075070402136e-08,-7.799532260878832071e-03
3.054610922184437083e+00,9.848792711623208795e-01,3.066059437281185573e-01,-1.693323220530729145e-08,-1.933729878724030349e-02
3.056611322264453090e+00,9.848792712030407515e-01,3.066059444020710623e-01,-1.848189029596269961e-08,-3.840122098083131874e-02
3.058611722344469097e+00,9.848792712622733703e-01,3.066059450694359478e-01,-2.042111604816376769e-08,-2.343112271427368748e-02
3.060612122424485104e+00,9.848792713388382358e-01,3.066059457302722224e-01,-2.272564292304934952e-08,8.224913023284095501e-03
3.062612522504501111e+00,9.848792714315771635e-01,3.066059463846383948e-01,-2.537068188868119023e-08,-2.957848471885239985e-02
3.064612922584517118e+00,9.848792715393539510e-01,3.066059470325926406e-01,-2.833191559137304694e-08,-1.619937567118103633e-02
3.066613322664533126e+00,9.848792716610540454e-01,3.066059476741928580e-01,-3.158549091719642377e-08,4.105397158826102483e-02
3.068613722744549133e+00,9.848792717955854314e-01,3.066059483094964455e-01,-3.510803742168278063e-08,2.816285900389236055e-02
3.070614122824565140e+00,9.848792719418775210e-01,3.066059489385604131e-01,-3.887664451474037719e-08,-1.733544018576025844e-02
3.072614522904580703e+00,9.848792720988821525e-01,3.066059495614414931e-01,-4.286888172222447224e-08,1.508444280050096065e-02
3.074614922984596710e+00,9.848792722655730358e-01,3.066059501781959185e-01,-4.706278772248495557e-08,-1.625719567546641403e-02
3.076615323064612717e+00,9.848792724409456412e-01,3.066059507888796443e-01,-5.143686790387569374e-08,4.068967772806944549e-02
3.078615723144628724e+00,9.848792726240176432e-01,3.066059513935481817e-01,-5.597010324653872715e-08,-1.464239835354216347e-02
3.080616123224644731e+00,9.848792728138286989e-01,3.066059519922566534e-01,-6.064194621457907886e-08,2.042856867075947946e-03
3.082616523304660738e+00,9.848792730094405590e-01,3.066059525850598488e-01,-6.543232258793274525e-08,3.462014997392089122e-02
3.084616923384676745e+00,9.848792732099366232e-01,3.066059531720121134e-01,-7.032162260833807466e-08,-2.069698930878013932e-02
3.086617323464692753e+00,9.848792734144227179e-01,3.066059537531675150e-01,-7.529071699430289755e-08,3.261327990024931456e-02
3.088617723544708760e+00,9.848792736220262078e-01,3.066059543285795663e-01,-8.032093815057983477e-08,-2.043636381022409174e-02
3.090618123624724767e+00,9.848792738318968842e-01,3.066059548983016136e-01,-8.539409934726904794e-08,5.954808227659734617e-03
3.092618523704740774e+00,9.848792740432060766e-01,3.066059554623865036e-01,-9.049247559622664028e-08,-7.390457813615594618e-03
3.094618923784756781e+00,9.848792742551476520e-01,3.066059560208866386e-01,-9.559882468979097325e-08,-2.212721513913575282e-03
3.096619323864772788e+00,9.848792744669369048e-01,3.066059565738541992e-01,-1.006963643579439349e-07,4.002156804357240305e-03
3.098619723944788795e+00,9.848792746778114449e-01,3.066059571213408108e-01,-1.057687898653458802e-07,-1.858715570252458251e-03
3.100620124024804802e+00,9.848792748870309754e-01,3.066059576633978767e-01,-1.108002709304667377e-07,-2.543344602836100296e-02
3.102620524104820809e+00,9.848792750938768492e-01,3.066059582000763006e-01,-1.157754408731559437e-07,2.166437980977253472e-02
3.104620924184836817e+00,9.848792752976526232e-01,3.066059587314266532e-01,-1.206794091324070450e-07,1.801336254431023035e-02
3.106621324264852824e+00,9.848792754976838371e-01,3.066059592574991721e-01,-1.254977561038206346e-07,3.224578760807240985e-02
3.108621724344868831e+00,9.848792756933179016e-01,3.066059597783436508e-01,-1.302165315575365412e-07,3.462357370420064695e-02
3.110622124424884838e+00,9.848792758839244321e-01,3.066059602940094941e-01,-1.348222606334381624e-07,-3.359933047914073767e-02
3.112622524504900845e+00,9.848792760688948045e-01,3.066059608045457185e-01,-1.393019353757019019e-07,3.213764286177882984e-02
3.114622924584916852e+00,9.848792762476424878e-01,3.066059613100010628e-01,-1.436430211998462880e-07,3.244322320149122668e-02
3.116623324664932859e+00,9.848792764196030447e-01,3.066059618104237106e-01,-1.478334573645767591e-07,-1.330622767239727361e-02
3.118623724744948866e+00,9.848792765842339092e-01,3.066059623058616235e-01,-1.518616517259818721e-07,2.593496328509746485e-02
3.120624124824964873e+00,9.848792767410143867e-01,3.066059627963623191e-01,-1.557164809318223320e-07,3.670562357340523274e-02
3.122624524904980881e+00,9.848792768894460981e-01,3.066059632819729819e-01,-1.593873004412937888e-07,-1.347104697493496130e-02
3.124624924984996888e+00,9.848792770290523135e-01,3.066059637627402412e-01,-1.628639293149714007e-07,-3.446914659451564417e-02
3.126625325065012895e+00,9.848792771593786188e-01,3.066059642387106154e-01,-1.661366650640427878e-07,-8.988579291915285360e-03
3.128625725145028902e+00,9.848792772799921380e-01,3.066059647099299568e-01,-1.691962671912516925e-07,6.981750741404144089e-02
3.130626125225044909e+00,9.848792773904825326e-01,3.066059651764440064e-01,-1.720339778410462372e-07,5.906339286029606284e-03
3.132626525305060916e+00,9.848792774904611136e-01,3.066059656382978948e-01,-1.746415036196768966e-07,-3.035541093511527969e-02
3.134626925385076923e+00,9.848792775795611742e-01,3.066059660955365862e-01,-1.770110222842902203e-07,-6.323858821197241194e-03
3.136627325465092930e+00,9.848792776574382124e-01,3.066059665482044339e-01,-1.791351876834212931e-07,-2.485148450010404853e-02
3.138627725545108937e+00,9.848792777237694862e-01,3.066059669963455692e-01,-1.810071197927420883e-07,-9.982195902537165794e-03
3.140628125625124945e+00,9.848792777782543473e-01,3.066059674400037349e-01,-1.826204122923336115e-07,2.378420343508576198e-03
3.142628525705140952e+00,9.848792778206141296e-01,3.066059678792221743e-01,-1.839691303184842752e-07,-6.404010909267696117e-02
3.144628925785156959e+00,9.848792778505922607e-01,3.066059683140439085e-01,-1.850478124620913434e-07,9.009834489172158928e-03
3.146629325865172966e+00,9.848792778679539284e-01,3.066059687445114590e-01,-1.858514636632335737e-07,3.536655507432211187e-02
3.148629725945188973e+00,9.848792778724866359e-01,3.066059691706670143e-01,-1.863755674236244886e-07,-4.934406509229994665e-03
3.150630126025204980e+00,9.848792778639994250e-01,3.066059695925524298e-01,-1.866160689034668252e-07,-9.567559688693097128e-03
3.152630526105220987e+00,9.848792778423237637e-01,3.066059700102090058e-01,-1.865693938507551053e-07,2.733957457847695227e-02
3.154630926185236994e+00,9.848792778073128806e-01,3.066059704236778760e-01,-1.862324347234878275e-07,-3.166615188392157831e-02
3.156631326265253001e+00,9.848792777588419867e-01,3.066059708329996747e-01,-1.856025549085149606e-07,-3.114744013026925218e-02
3.158631726345269009e+00,9.848792776968084972e-01,3.066059712382146474e-01,-1.846775938840750086e-07,-3.476358624500701378e-02
3.160632126425285016e+00,9.848792776211315880e-01,3.066059716393627066e-01,-1.834558577828993009e-07,-3.934632377499229332e-03
3.162632526505301023e+00,9.848792775317524173e-01,3.066059720364833763e-01,-1.819361238886152421e-07,9.850492504306135669e-03
3.164632926585317030e+00,9.848792774286343477e-01,3.066059724296157918e-01,-1.801176450766384107e-07,-2.264503719141819187e-03
3.166633326665333037e+00,9.848792773117626131e-01,3.066059728187986999e-01,-1.780001437634570749e-07,1.374422758230859146e-02
3.168633726745349044e+00,9.848792771811443192e-01,3.066059732040704588e-01,-1.755838105743645627e-07,2.076850441525074364e-02
3.170634126825365051e+00,9.848792770368086646e-01,3.066059735854689827e-01,-1.728693098668188100e-07,1.241445881247805506e-02
3.172634526905381058e+00,9.848792768788069418e-01,3.066059739630320191e-01,-1.698577800357536915e-07,-2.021651502131158532e-02
3.174634926985397065e+00,9.848792767072123144e-01,3.066059743367967050e-01,-1.665508278236860207e-07,-6.702358779236090858e-03
3.176635327065413072e+00,9.848792765221199286e-01,3.066059747067998997e-01,-1.629505314015844419e-07,3.120601692972929317e-02
3.178635727145429080e+00,9.848792763236470238e-01,3.066059750730780742e-01,-1.590594426170710562e-07,-2.616732389003330675e-02
3.180636127225445087e+00,9.848792761119327110e-01,3.066059754356673106e-01,-1.548805816653509027e-07,-6.335747492730170981e-03
3.182636527305461094e+00,9.848792758871380837e-01,3.066059757946032471e-01,-1.504174407251923640e-07,-1.043199575906157348e-02
3.184636927385477101e+00,9.848792756494463285e-01,3.066059761499212999e-01,-1.456739852634392207e-07,-4.502362148009949987e-03
3.186637327465493108e+00,9.848792753990626148e-01,3.066059765016563299e-01,-1.406546515925199969e-07,-2.689185294794949749e-02
3.188637727545509115e+00,9.848792751362140940e-01,3.066059768498429206e-01,-1.353643477586263799e-07,-3.373347292903052658e-02
3.190638127625525122e+00,9.848792748611496783e-01,3.066059771945152668e-01,-1.298084480183536726e-07,6.389896968528922805e-02
3.192638527705541129e+00,9.848792745741407062e-01,3.066059775357071748e-01,-1.239928076324225970e-07,2.364740313438406724e-02
3.194638927785557136e+00,9.848792742754801655e-01,3.066059778734519514e-01,-1.179237453796666557e-07,-1.781554879817973114e-02
3.196639327865573144e+00,9.848792739654831374e-01,3.066059782077827367e-01,-1.116080542706843204e-07,-1.474236019091481947e-03
3.198639727945589151e+00,9.848792736444866858e-01,3.066059785387321712e-01,-1.050529981894143816e-07,1.691760782933417889e-02
3.200640128025605158e+00,9.848792733128498567e-01,3.066059788663324515e-01,-9.826631222620285655e-08,-8.591622738354336153e-03
3.202640528105621165e+00,9.848792729709537896e-01,3.066059791906154963e-01,-9.125620528682709676e-08,1.541299789262454492e-02
3.204640928185637172e+00,9.848792726192016067e-01,3.066059795116128361e-01,-8.403135728918265102e-08,-1.538220136411092009e-02
3.206641328265653179e+00,9.848792722580180792e-01,3.066059798293555572e-01,-7.660091225214493704e-08,-8.963305346405795945e-03
3.208641728345669186e+00,9.848792718878504049e-01,3.066059801438744681e-01,-6.897449539300382071e-08,-2.119287870530369225e-03
3.210642128425685193e+00,9.848792715091675420e-01,3.066059804551998780e-01,-6.116219758434127129e-08,-1.143744893112478081e-02
3.212642528505701200e+00,9.848792711224606533e-01,3.066059807633617629e-01,-5.317458626197257843e-08,-6.132061544019068444e-02
3.214642928585717208e+00,9.848792707282425507e-01,3.066059810683897102e-01,-4.502269274064829574e-08,5.287570780527424711e-04
3.216643328665733215e+00,9.848792703270482507e-01,3.066059813703129744e-01,-3.671802439875193613e-08,6.540513675183611680e-03
3.218643728745749222e+00,9.848792699194347522e-01,3.066059816691603657e-01,-2.827255971005193658e-08,1.190488343981417445e-02
3.220644128825765229e+00,9.848792695059811475e-01,3.066059819649603613e-01,-1.969875096374806844e-08,-2.484964490620975019e-02
3.222644528905781236e+00,9.848792690872881783e-01,3.066059822577410499e-01,-1.100951441124209396e-08,8.606173130386682302e-03
3.224644928985797243e+00,9.848792686639790128e-01,3.066059825475300760e-01,-2.218246863971984340e-09,5.392512454008695569e-03
3.226645329065813250e+00,9.848792682366984685e-01,3.066059828343547511e-01,6.661190626866542175e-09,-4.422044012397399054e-02
3.228645729145829257e+00,9.848792678061135675e-01,3.066059831182420536e-01,1.561446075215577878e-08,-5.504836702202069165e-02
3.230646129225845264e+00,9.848792673729130920e-01,3.066059833992184624e-01,2.462676013115228102e-08,1.191178924265880353e-02
3.232646529305861272e+00,9.848792669378080289e-01,3.066059836773102343e-01,3.368280948601309888e-08,-2.385459972141338106e-02
3.234646929385877279e+00,9.848792665015313474e-01,3.066059839525430708e-01,4.276685783288769471e-08,2.505520096293770843e-02
3.236647329465893286e+00,9.848792660648377773e-01,3.066059842249424516e-01,5.186268800527749079e-08,5.350933427095967004e-02
3.238647729545909293e+00,9.848792656285043634e-01,3.066059844945333568e-01,6.095360469138277892e-08,-1.456811169554671562e-02
3.240648129625925300e+00,9.848792651933299114e-01,3.066059847613403777e-01,7.002244575837757168e-08,-1.723479888782026778e-02
3.242648529705941307e+00,9.848792647601354311e-01,3.066059850253878838e-01,7.905157325960310288e-08,-2.923240755331546026e-04
3.244648929785957314e+00,9.848792643297634708e-01,3.066059852866996893e-01,8.802288745113351354e-08,1.686875494502177233e-02
3.246649329865973321e+00,9.848792639030792273e-01,3.066059855452992755e-01,9.691780328280330536e-08,-2.839488342244167463e-02
3.248649729945989328e+00,9.848792634809693247e-01,3.066059858012098460e-01,1.057172760166036340e-07,3.113689728248759253e-02
3.250650130026005336e+00,9.848792630643425916e-01,3.066059860544540494e-01,1.144017854337597839e-07,2.478065384210822661e-02
3.252650530106021343e+00,9.848792626541298389e-01,3.066059863050542567e-01,1.229513396927561786e-07,1.652778490988256535e-02
3.254650930186037350e+00,9.848792622512840822e-01,3.066059865530324502e-01,1.313454711382444628e-07,-1.349589316012062348e-02
3.256651330266053357e+00,9.848792618567798751e-01,3.066059867984102238e-01,1.395632505951649449e-07,2.290769195935125208e-02
3.258651730346069364e+00,9.848792614716141980e-01,3.066059870412087829e-01,1.475832675790211823e-07,2.143046908402964842e-02
3.260652130426085371e+00,9.848792610968056804e-01,3.066059872814489995e-01,1.553836479761816491e-07,-3.002411707347565559e-02
3.262652530506101378e+00,9.848792607333951565e-01,3.066059875191512463e-01,1.629420419146931920e-07,5.225477042558923646e-02
3.264652930586117385e+00,9.848792603824454428e-01,3.066059877543356182e-01,1.702356276500616161e-07,-7.513013082654927850e-03
3.266653330666133392e+00,9.848792600450411161e-01,3.066059879870218219e-01,1.772411173661669892e-07,9.229826596508269865e-03
3.268653730746149400e+00,9.848792597222891798e-01,3.066059882172291751e-01,1.839347424925641405e-07,-1.310370198124234144e-02
3.270654130826165407e+00,9.848792594153181756e-01,3.066059884449765516e-01,1.902922727725631091e-07,9.622609580677265670e-03
3.272654530906181414e+00,9.848792591252789608e-01,3.066059886702824921e-01,1.962889995543726229e-07,2.900225672880318503e-02
3.274654930986197421e+00,9.848792588533440417e-01,3.066059888931652044e-01,2.018997497243990580e-07,-2.018401454998900238e-02
3.276655331066213428e+00,9.848792586007083516e-01,3.066059891136424520e-01,2.070988702751463961e-07,-4.138543959185889132e-02
3.278655731146229435e+00,9.848792583685884727e-01,3.066059893317316098e-01,2.118602434875160867e-07,-1.124942530563243816e-02
3.280656131226245442e+00,9.848792581582231920e-01,3.066059895474497199e-01,2.161572755510210442e-07,-3.265093416591574593e-02
3.282656531306261449e+00,9.848792579708730566e-01,3.066059897608133800e-01,2.199629067778374747e-07,-1.896409821812443733e-02
3.284656931386277456e+00,9.848792578078208182e-01,3.066059899718389103e-01,2.232496008891526884e-07,-3.161851881163228132e-03
3.286657331466293464e+00,9.848792576703709889e-01,3.066059901805421317e-01,2.259893556177949847e-07,-1.603709076976019129e-03
3.288657731546309471e+00,9.848792575598505072e-01,3.066059903869384762e-01,2.281536876092005173e-07,3.226845222931806756e-02
3.290658131626325478e+00,9.848792574776077391e-01,3.066059905910432093e-01,2.297136544593403329e-07,-2.536972906506070047e-02
3.292658531706341485e+00,9.848792574250134768e-01,3.066059907928709305e-01,2.306398328433267864e-07,8.817940728021944619e-03
3.294658931786357492e+00,9.848792574034602731e-01,3.066059909924360172e-01,2.309023329760684362e-07,-1.268895541982261593e-02
3.296659331866373499e+00,9.848792574143626632e-01,3.066059911897524581e-01,2.304707939493333413e-07,3.412665635024269423e-02
3.298659731946389506e+00,9.848792574591574978e-01,3.066059913848338536e-01,2.293143765152994007e-07,6.319269170606391095e-02
3.300660132026405069e+00,9.848792575393031656e-01,3.066059915776933598e-01,2.274017793513216645e-07,7.586220797658861995e-03
3.302660532106421076e+00,9.848792576562802603e-01,3.066059917683438552e-01,2.247012257927671897e-07,4.185500098747788056e-02
3.304660932186437083e+00,9.848792578115913576e-01,3.066059919567976633e-01,2.211804676077733234e-07,-1.325491860550825733e-02
3.306661332266453091e+00,9.848792580067611269e-01,3.066059921430669966e-01,2.168067827768016542e-07,-3.998494591302007017e-02
3.308661732346469098e+00,9.848792582433359977e-01,3.066059923271634569e-01,2.115469829866434281e-07,-3.175975135300453112e-02
3.310662132426485105e+00,9.848792585228846042e-01,3.066059925090983129e-01,2.053674039714792343e-07,-3.947704306926744233e-02
3.312662532506501112e+00,9.848792588469974518e-01,3.066059926888825005e-01,1.982339128958621188e-07,-2.386853481860561066e-02
3.314662932586517119e+00,9.848792592167520121e-01,3.066059928665214596e-01,1.901233881995700870e-07,-6.005277481942473614e-03
3.316663332666533126e+00,9.848792596164607227e-01,3.066059930418905677e-01,1.813725107602248698e-07,2.875276750320791136e-02
3.318663732746549133e+00,9.848792600357363369e-01,3.066059932150005940e-01,1.722041142182550999e-07,1.749665001151897228e-02
3.320664132826565140e+00,9.848792604712951482e-01,3.066059933859408004e-01,1.626885564876001666e-07,1.159425871154097856e-02
3.322664532906581147e+00,9.848792609199719106e-01,3.066059935547977289e-01,1.528936574290984396e-07,-1.059324885218789446e-02
3.324664932986597154e+00,9.848792613787200612e-01,3.066059937216552012e-01,1.428846927997717842e-07,-1.804766512084026581e-02
3.326665333066613162e+00,9.848792618446112757e-01,3.066059938865943191e-01,1.327244046056552662e-07,8.317491155595092356e-04
3.328665733146629169e+00,9.848792623148358016e-01,3.066059940496934644e-01,1.224729938853474920e-07,3.441790730618248320e-03
3.330666133226645176e+00,9.848792627867025695e-01,3.066059942110282988e-01,1.121881183507866808e-07,6.405392422297824517e-03
3.332666533306661183e+00,9.848792632576387485e-01,3.066059943706718194e-01,1.019249012412792865e-07,9.288805029362216456e-03
3.334666933386677190e+00,9.848792637251900794e-01,3.066059945286941923e-01,9.173592549482911807e-08,-2.940257067556269113e-03
3.336667333466693197e+00,9.848792641870208753e-01,3.066059946851629747e-01,8.167123216606952951e-08,-4.811632571707293027e-02
3.338667733546709204e+00,9.848792646409135765e-01,3.066059948401428925e-01,7.177833133420463696e-08,-2.788090399926948515e-02
3.340668133626725211e+00,9.848792650847696395e-01,3.066059949936961182e-01,6.210218217450602651e-08,-2.064029632712553394e-02
3.342668533706741218e+00,9.848792655166085375e-01,3.066059951458819932e-01,5.268521505175094433e-08,4.241837031767389105e-02
3.344668933786757226e+00,9.848792659345685374e-01,3.066059952967571389e-01,4.356731397869850753e-08,-1.068176822700950615e-02
3.346669333866773233e+00,9.848792663369063671e-01,3.066059954463754567e-01,3.478582458193990590e-08,1.687588802893583498e-02
3.348669733946789240e+00,9.848792667219969932e-01,3.066059955947881832e-01,2.637555870932395408e-08,3.660598828993095327e-02
3.350670134026805247e+00,9.848792670883340650e-01,3.066059957420438353e-01,1.836878421590526500e-08,8.334109643838414141e-03
3.352670534106821254e+00,9.848792674345296927e-01,3.066059958881880987e-01,1.079523090363743165e-08,-9.819778320883138997e-03
3.354670934186837261e+00,9.848792677593145584e-01,3.066059960332641054e-01,3.682086996414923874e-09,-7.330521527568883977e-03
3.356671334266853268e+00,9.848792680615375827e-01,3.066059961773122122e-01,-2.945993032854588023e-09,-2.555982009317465248e-02
3.358671734346869275e+00,9.848792683401663695e-01,3.066059963203699446e-01,-9.066897871390366959e-09,7.663463287501114628e-03
3.360672134426885282e+00,9.848792685942869829e-01,3.066059964624722745e-01,-1.466105564729147659e-08,2.820173030262375716e-02
3.362672534506901290e+00,9.848792688231039483e-01,3.066059966036513429e-01,-1.971143243073569806e-08,1.424526557446712666e-02
3.364672934586917297e+00,9.848792690259401406e-01,3.066059967439366263e-01,-2.420353092946747608e-08,1.928290498302850930e-02
3.366673334666933304e+00,9.848792692022373396e-01,3.066059968833548810e-01,-2.812540211838410187e-08,1.794199565885011560e-02
3.368673734746949311e+00,9.848792693515552310e-01,3.066059970219301434e-01,-3.146762370120903540e-08,5.010054518552269076e-02
3.370674134826965318e+00,9.848792694735724051e-01,3.066059971596836742e-01,-3.422332156555185634e-08,-1.584536182117165376e-02
3.372674534906981325e+00,9.848792695680856912e-01,3.066059972966341252e-01,-3.638815565532027563e-08,3.938059924523308435e-03
3.374674934986997332e+00,9.848792696350107123e-01,3.066059974327973170e-01,-3.796033160030631848e-08,1.763686297158397615e-02
3.376675335067013339e+00,9.848792696743813302e-01,3.066059975681864613e-01,-3.894058892006668771e-08,3.118161896111737441e-02
3.378675735147029346e+00,9.848792696863498675e-01,3.066059977028119943e-01,-3.933220632523770632e-08,-6.069110015481862797e-02
3.380676135227045354e+00,9.848792696711872185e-01,3.066059978366815764e-01,-3.914100282775834216e-08,-1.305857915391613923e-02
3.382676535307061361e+00,9.848792696292827387e-01,3.066059979698003146e-01,-3.837533674166948572e-08,-5.212380161307337244e-03
3.384676935387077368e+00,9.848792695611444659e-01,3.066059981021703740e-01,-3.704610959665011194e-08,-2.573554493326835751e-02
3.386677335467093375e+00,9.848792694673984549e-01,3.066059982337913659e-01,-3.516675203818486750e-08,2.117832305340412724e-02
3.388677735547109382e+00,9.848792693487896655e-01,3.066059983646601816e-01,-3.275324325646700174e-08,5.474705153779927877e-03
3.390678135627125389e+00,9.848792692061815179e-01,3.066059984947708816e-01,-2.982410074459096450e-08,-9.911270640122107900e-03
3.392678535707141396e+00,9.848792690405556716e-01,3.066059986241149726e-01,-2.640037610746048813e-08,-4.085303879186842624e-02
3.394678935787157403e+00,9.848792688530123574e-01,3.066059987526810748e-01,-2.250566213946036953e-08,-3.309433060557846057e-02
3.396679335867173410e+00,9.848792686447704892e-01,3.066059988804551995e-01,-1.816609471183561197e-08,-2.463338593991154513e-02
3.398679735947189418e+00,9.848792684171671086e-01,3.066059990074205821e-01,-1.341034189250578379e-08,1.137028739896108094e-02
3.400680136027205425e+00,9.848792681716581621e-01,3.066059991335577939e-01,-8.269619211631606959e-09,-3.048153087193627986e-02
3.402680536107221432e+00,9.848792679098178349e-01,3.066059992588446304e-01,-2.777676894050173928e-09,-5.173569934099564449e-02
3.404680936187237439e+00,9.848792676333387730e-01,3.066059993832562225e-01,3.029196865567129748e-09,-3.631293493706493763e-02
3.406681336267253446e+00,9.848792673440320833e-01,3.066059995067649813e-01,9.112174653713722705e-09,-1.479904661670305467e-02
3.408681736347269453e+00,9.848792670438275554e-01,3.066059996293404866e-01,1.542988578573378788e-08,4.183190509635092286e-02
3.410682136427285460e+00,9.848792667347733287e-01,3.066059997509497648e-01,2.193842321696060083e-08,6.254828366240887394e-02
3.412682536507301467e+00,9.848792664190360036e-01,3.066059998715570667e-01,2.859134137778163165e-08,-1.203444317675336772e-02
3.414682936587317474e+00,9.848792660989007519e-01,3.066059999911238676e-01,3.533965328705868103e-08,2.359649476219548986e-02
3.416683336667333482e+00,9.848792657767712067e-01,3.066060001096089782e-01,4.213183360524119792e-08,3.503031675349620178e-02
3.418683736747349489e+00,9.848792654551693504e-01,3.066060002269684892e-01,4.891382046623427016e-08,3.211359872643648056e-02
3.420684136827365496e+00,9.848792651367358486e-01,3.066060003431557157e-01,5.562900864952702307e-08,-2.919586322642345622e-03
3.422684536907381503e+00,9.848792648242298275e-01,3.066060004581213638e-01,6.221825432639604969e-08,-3.255192030095816619e-02
3.424684936987397510e+00,9.848792645205286522e-01,3.066060005718133641e-01,6.861987936201963123e-08,-1.220754035009600363e-02
3.426685337067413517e+00,9.848792642286284815e-01,3.066060006841768715e-01,7.476966010222518833e-08,-4.654948448092828539e-02
3.428685737147429524e+00,9.848792639516439351e-01,3.066060007951544319e-01,8.060083434013876058e-08,5.965972775950904167e-03
3.430686137227445531e+00,9.848792636928077604e-01,3.066060009046858159e-01,8.604410781098970062e-08,1.943743587084317131e-02
3.432686537307461538e+00,9.848792634554716097e-01,3.066060010127080182e-01,9.102763848245487566e-08,-4.732467075087882363e-02
3.434686937387477546e+00,9.848792632431054850e-01,3.066060011191554247e-01,9.547704787893351863e-08,-1.295385120357766748e-03
3.436687337467493553e+00,9.848792630592978492e-01,3.066060012239597010e-01,9.931541877783445216e-08,7.308991454004304562e-03
3.438687737547509560e+00,9.848792629077555150e-01,3.066060013270496820e-01,1.024632975688000158e-07,3.123312467092895922e-02
3.440688137627525567e+00,9.848792627923039777e-01,3.066060014283515378e-01,1.048386873980788891e-07,3.446568274277912042e-02
3.442688537707541574e+00,9.848792627168871938e-01,3.066060015277887740e-01,1.063570525816626144e-07,2.003195488848419706e-02
3.444688937787557581e+00,9.848792626855675802e-01,3.066060016252821208e-01,1.069313186052855968e-07,-1.716824474533032788e-02
3.446689337867573588e+00,9.848792627025259039e-01,3.066060017207496435e-01,1.064718748999826659e-07,-9.208585064783506718e-03
3.448689737947589595e+00,9.848792627720616144e-01,3.066060018141066879e-01,1.048865672093057810e-07,3.010742219817199097e-02
3.450690138027605602e+00,9.848792628985926223e-01,3.066060019052657126e-01,1.020807028906389746e-07,-1.514756157610611109e-02
3.452690538107621609e+00,9.848792630838102413e-01,3.066060019941994064e-01,9.801802430819961387e-08,-1.056099798575286857e-03
3.454690938187637617e+00,9.848792632922286350e-01,3.066060020816991361e-01,9.345904039559371768e-08,3.902035686855189617e-02
3.456691338267653624e+00,9.848792635105743098e-01,3.066060021680659942e-01,8.868821452234776359e-08,3.197127158742053485e-03
3.458691738347669631e+00,9.848792637371541758e-01,3.066060022533457774e-01,8.374182383641404215e-08,-3.436279925209812652e-02
3.460692138427685638e+00,9.848792639703367602e-01,3.066060023375828392e-01,7.865482512525723280e-08,-7.389664784213594018e-03
3.462692538507701645e+00,9.848792642085516524e-01,3.066060024208201451e-01,7.346086602910695262e-08,1.598312258074341755e-02
3.464692938587717652e+00,9.848792644502900595e-01,3.066060025030991620e-01,6.819227477139477855e-08,-4.758204852331630874e-03
3.466693338667733659e+00,9.848792646941044726e-01,3.066060025844601356e-01,6.288006507149113133e-08,2.903286475733365957e-02
3.468693738747749666e+00,9.848792649386084452e-01,3.066060026649417569e-01,5.755394258399881835e-08,3.205029651679331543e-02
3.470694138827765673e+00,9.848792651824772593e-01,3.066060027445813296e-01,5.224228996625335242e-08,-1.627039634778509533e-02
3.472694538907781681e+00,9.848792654244473699e-01,3.066060028234148249e-01,4.697217884097604212e-08,-1.259142064537193545e-02
3.474694938987797688e+00,9.848792656633165166e-01,3.066060029014767152e-01,4.176936768685024504e-08,-2.607623124582882090e-03
3.476695339067813695e+00,9.848792658979438341e-01,3.066060029788001406e-01,3.665829897969707929e-08,-3.004406244805920070e-02
3.478695739147829702e+00,9.848792661272499638e-01,3.066060030554168536e-01,3.166209711080725242e-08,9.445489495312575298e-03
3.480696139227845709e+00,9.848792663502166089e-01,3.066060031313571077e-01,2.680257815690367806e-08,-4.505651278583562742e-03
3.482696539307861716e+00,9.848792665658870904e-01,3.066060032066497687e-01,2.210023711257669277e-08,1.963010968799135461e-02
3.484696939387877723e+00,9.848792667733660133e-01,3.066060032813224256e-01,1.757425632797904314e-08,-1.500256805736116354e-02
3.486697339467893730e+00,9.848792669718190451e-01,3.066060033554010578e-01,1.324250897827283779e-08,-2.199415374613881632e-02
3.488697739547909737e+00,9.848792671604734705e-01,3.066060034289104230e-01,9.121547767110271820e-09,4.594459658377236799e-02
3.490698139627925745e+00,9.848792673386179697e-01,3.066060035018737806e-01,5.226610200192993716e-09,-2.198314802814768654e-02
3.492698539707941752e+00,9.848792675056025070e-01,3.066060035743129464e-01,1.571619695495130031e-09,-1.464056670021107037e-02
3.494698939787957759e+00,9.848792676608382202e-01,3.066060036462484595e-01,-1.830810836267460218e-09,-1.831219176655207379e-02
3.496699339867973766e+00,9.848792678037978643e-01,3.066060037176993602e-01,-4.969389261200163332e-09,-7.615598484199914003e-03
3.498699739947989773e+00,9.848792679340153677e-01,3.066060037886832457e-01,-7.834134230222389306e-09,-2.290116467663685235e-02
3.500700140028005780e+00,9.848792680510859432e-01,3.066060038592164361e-01,-1.041637784360283092e-08,-1.124665957750520555e-03
3.502700540108021787e+00,9.848792681546663097e-01,3.066060039293137529e-01,-1.270877028614059157e-08,-1.762192156105815352e-02
3.504700940188037794e+00,9.848792682444745816e-01,3.066060039989885744e-01,-1.470527766223028721e-08,-1.042189253438479540e-02
3.506701340268053801e+00,9.848792683202899356e-01,3.066060040682530574e-01,-1.640117450185663017e-08,9.070433338013746474e-03
3.508701740348069809e+00,9.848792683819532767e-01,3.066060041371176936e-01,-1.779305816573817367e-08,1.753950277680322786e-02
3.510702140428085816e+00,9.848792684293664612e-01,3.066060042055917534e-01,-1.887883235851539609e-08,1.167422475146076381e-02
3.512702540508101823e+00,9.848792684624929628e-01,3.066060042736831193e-01,-1.965772150613886993e-08,-1.840168128980316717e-02
3.514702940588117830e+00,9.848792684813575393e-01,3.066060043413981195e-01,-2.013026298430808936e-08,9.929089913549578317e-03
3.516703340668133837e+00,9.848792684860463442e-01,3.066060044087417502e-01,-2.029831003280690993e-08,-3.011592613711747655e-03
3.518703740748149844e+00,9.848792684767065930e-01,3.066060044757176195e-01,-2.016502465007619094e-08,-2.658152408185119817e-03
3.520704140828165851e+00,9.848792684535473407e-01,3.066060045423280034e-01,-1.973489435758146726e-08,-4.305925019589228880e-02
3.522704540908181858e+00,9.848792684168384826e-01,3.066060046085735680e-01,-1.901370960677439825e-08,1.678291133924218401e-02
3.524704940988197865e+00,9.848792683669115311e-01,3.066060046744538137e-01,-1.800858243083958143e-08,-3.490152756586449578e-03
3.526705341068213873e+00,9.848792683041593943e-01,3.066060047399665756e-01,-1.672793970008967790e-08,4.265666942276438722e-02
3.528705741148229436e+00,9.848792682290361533e-01,3.066060048051085785e-01,-1.518152012436324583e-08,1.600253280998686911e-02
3.530706141228245443e+00,9.848792681420573958e-01,3.066060048698748264e-01,-1.338037969311756115e-08,-2.791294748042202900e-02
3.532706541308261450e+00,9.848792680437999936e-01,3.066060049342592131e-01,-1.133688848353742173e-08,-3.430485056302855218e-02
3.534706941388277457e+00,9.848792679349019918e-01,3.066060049982540225e-01,-9.064727163332619853e-09,2.877445219127596279e-02
3.536707341468293464e+00,9.848792678160631642e-01,3.066060050618502619e-01,-6.578899286457939866e-09,-2.187178753630535100e-02
3.538707741548309471e+00,9.848792676880442354e-01,3.066060051250373841e-01,-3.895714834056818177e-09,1.711227629069360726e-02
3.540708141628325478e+00,9.848792675516674366e-01,3.066060051878036208e-01,-1.032801733025223712e-09,-7.519273124917440904e-03
3.542708541708341485e+00,9.848792674078165055e-01,3.066060052501355937e-01,1.990893783165859077e-09,5.259587035553051071e-02
3.544708941788357492e+00,9.848792672574363527e-01,3.066060053120187590e-01,5.155114807253724507e-09,2.004840950576992475e-03
3.546709341868373500e+00,9.848792671015330624e-01,3.066060053734369628e-01,8.438293036538979663e-09,3.789433838626558165e-02
3.548709741948389507e+00,9.848792669411745582e-01,3.066060054343727193e-01,1.181753525592021958e-08,3.335369109438132001e-02
3.550710142028405514e+00,9.848792667774894927e-01,3.066060054948070990e-01,1.526864659706639316e-08,-1.152639067595389102e-02
3.552710542108421521e+00,9.848792666116684691e-01,3.066060055547198959e-01,1.876610455919802689e-08,-8.151271968269422838e-03
3.554710942188437528e+00,9.848792664449630418e-01,3.066060056140894052e-01,2.228308024210257088e-08,3.723782356829302698e-02
3.556711342268453535e+00,9.848792662786861607e-01,3.066060056728924232e-01,2.579142960312807986e-08,1.769802285952031538e-04
3.558711742348469542e+00,9.848792661142123928e-01,3.066060057311045250e-01,2.926168743422330465e-08,-2.151695113458279227e-02
3.560712142428485549e+00,9.848792659529771454e-01,3.066060057886997314e-01,3.266308504223935927e-08,3.034146647938392241e-02
3.562712542508501556e+00,9.848792657964776653e-01,3.066060058456507864e-01,3.596352815549153092e-08,6.462119859999716776e-02
3.564712942588517564e+00,9.848792656462723727e-01,3.066060059019288797e-01,3.912961199503683929e-08,-5.874455600574676577e-04
3.566713342668533571e+00,9.848792655039809718e-01,3.066060059575039798e-01,4.212661794400496262e-08,3.546035348714295793e-02
3.568713742748549578e+00,9.848792653712844514e-01,3.066060060123444453e-01,4.491851435250993063e-08,-3.496328172824362396e-03
3.570714142828565585e+00,9.848792652499254174e-01,3.066060060664173581e-01,4.746794887711125455e-08,3.452883604018155972e-02
3.572714542908581592e+00,9.848792651417075383e-01,3.066060061196884123e-01,4.973626049897816870e-08,-5.286679343198039289e-03
3.574714942988597599e+00,9.848792650484959887e-01,3.066060061721218588e-01,5.168347017026064805e-08,3.409079202217849686e-02
3.576715343068613606e+00,9.848792649722172277e-01,3.066060062236804495e-01,5.326828583784859461e-08,1.444665810653993077e-02
3.578715743148629613e+00,9.848792649148591094e-01,3.066060062743256598e-01,5.444809900168046113e-08,-3.671334681962885958e-03
3.580716143228645620e+00,9.848792648784708836e-01,3.066060063240175215e-01,5.517898604701088061e-08,6.896830510870154834e-03
3.582716543308661628e+00,9.848792648651628623e-01,3.066060063727146789e-01,5.541571426737057493e-08,-1.251783187390452523e-02
3.584716943388677635e+00,9.848792648771069747e-01,3.066060064203742774e-01,5.511173087335841103e-08,-2.706468603496900091e-02
3.586717343468693642e+00,9.848792649165366564e-01,3.066060064669521856e-01,5.421916443593133295e-08,-2.526591759899734016e-02
3.588717743548709649e+00,9.848792649857461834e-01,3.066060065124028289e-01,5.268884006870422354e-08,-2.152122437043415637e-04
3.590718143628725656e+00,9.848792650865318965e-01,3.066060065566919013e-01,5.048225434900466269e-08,-2.518267917822785210e-02
3.592718543708741663e+00,9.848792652153713911e-01,3.066060065999051121e-01,4.767488939738662168e-08,1.233664399764134410e-02
3.594718943788757670e+00,9.848792653692225452e-01,3.066060066421141261e-01,4.433193848130123627e-08,1.468131397801710793e-02
3.596719343868773677e+00,9.848792655457302425e-01,3.066060066833747877e-01,4.050387145126954636e-08,1.321872147537512567e-02
3.598719743948789684e+00,9.848792657426027608e-01,3.066060067237416087e-01,3.623979946687505560e-08,-1.092358252519155630e-02
3.600720144028805692e+00,9.848792659576114383e-01,3.066060067632675468e-01,3.158748268505817691e-08,2.958823376064476617e-03
3.602720544108821699e+00,9.848792661885907851e-01,3.066060068020042273e-01,2.659332681842485613e-08,9.389861989895268400e-04
3.604720944188837706e+00,9.848792664334385938e-01,3.066060068400018324e-01,2.130238185849009369e-08,3.468387352699660309e-02
3.606721344268853713e+00,9.848792666901158288e-01,3.066060068773092118e-01,1.575834371325690597e-08,-1.854651028521554085e-02
3.608721744348869720e+00,9.848792669566466262e-01,3.066060069139736055e-01,1.000355429048305211e-08,-7.966628355734309969e-03
3.610722144428885727e+00,9.848792672311182939e-01,3.066060069500410878e-01,4.079002025036970736e-09,-4.173370823197609068e-03
3.612722544508901734e+00,9.848792675116813111e-01,3.066060069855561232e-01,-1.975678703969308003e-09,-1.888071959916848980e-03
3.614722944588917741e+00,9.848792677965494402e-01,3.066060070205618993e-01,-8.122209821381787265e-09,-1.704178054024034147e-02
3.616723344668933748e+00,9.848792680839993929e-01,3.066060070551000494e-01,-1.432366217302138978e-08,-1.401458558090968622e-02
3.618723744748949755e+00,9.848792683723714969e-01,3.066060070892109857e-01,-2.054447012511673165e-08,2.712791332381899248e-02
3.620724144828965763e+00,9.848792686600686963e-01,3.066060071229334549e-01,-2.675040980393283974e-08,-1.423166341576285847e-02
3.622724544908981770e+00,9.848792689455577731e-01,3.066060071563050382e-01,-3.290862593541277192e-08,2.468071885119947975e-02
3.624724944988997777e+00,9.848792692273680149e-01,3.066060071893617622e-01,-3.898760195242267912e-08,5.264718615904778742e-02
3.626725345069013784e+00,9.848792695040925471e-01,3.066060072221382660e-01,-4.495719027608480189e-08,3.373117978148958140e-02
3.628725745149029791e+00,9.848792697743872226e-01,3.066060072546677451e-01,-5.078858705820366026e-08,-4.344866780485862057e-02
3.630726145229045798e+00,9.848792700369712882e-01,3.066060072869821185e-01,-5.645434758561052035e-08,2.111672250405193310e-02
3.632726545309061805e+00,9.848792702906270513e-01,3.066060073191116953e-01,-6.192837803675743658e-08,1.373950597703702675e-02
3.634726945389077812e+00,9.848792705342002129e-01,3.066060073510855077e-01,-6.718594369736763383e-08,1.539056646507246974e-02
3.636727345469093819e+00,9.848792707665994239e-01,3.066060073829311450e-01,-7.220365874638368098e-08,-3.890134082183408643e-02
3.638727745549109827e+00,9.848792709867967288e-01,3.066060074146747527e-01,-7.695949591490780506e-08,2.075539877937285921e-02
3.640728145629125834e+00,9.848792711938271216e-01,3.066060074463411445e-01,-8.143277710481733322e-08,-2.547809945957222461e-02
3.642728545709141841e+00,9.848792713867891013e-01,3.066060074779535238e-01,-8.560418512937317814e-08,3.411384058526971408e-02
3.644728945789157848e+00,9.848792715648441165e-01,3.066060075095339843e-01,-8.945575194485577697e-08,2.853567824213116416e-02
3.646729345869173855e+00,9.848792717272167874e-01,3.066060075411028985e-01,-9.297086331350179478e-08,6.546493074702496029e-02
3.648729745949189862e+00,9.848792718731951279e-01,3.066060075726794176e-01,-9.613426371624100852e-08,-7.980978322433288086e-03
3.650730146029205869e+00,9.848792720021301017e-01,3.066060076042811944e-01,-9.893204666600041719e-08,-3.646952543121975698e-02
3.652730546109221876e+00,9.848792721134360661e-01,3.066060076359246045e-01,-1.013516642278666779e-07,2.785700137680198821e-02
3.654730946189237883e+00,9.848792722065905503e-01,3.066060076676244139e-01,-1.033819224116605540e-07,2.347807161588046088e-02
3.656731346269253891e+00,9.848792722811339218e-01,3.066060076993940564e-01,-1.050129737611982250e-07,-7.965363064303404225e-03
3.658731746349269898e+00,9.848792723366702750e-01,3.066060077312456333e-01,-1.062363368942165209e-07,3.562241708857619843e-02
3.660732146429285905e+00,9.848792723728665433e-01,3.066060077631896919e-01,-1.070448766016252051e-07,1.881773149943817558e-02
3.662732546509301912e+00,9.848792723894528311e-01,3.066060077952355023e-01,-1.074328123407131130e-07,-3.063138958471397708e-02
3.664732946589317919e+00,9.848792723862227483e-01,3.066060078273907807e-01,-1.073957236197298215e-07,-7.222638239822712879e-03
3.666733346669333926e+00,9.848792723630327428e-01,3.066060078596619665e-01,-1.069305373690987437e-07,-9.592597990276778563e-03
3.668733746749349933e+00,9.848792723198025456e-01,3.066060078920540000e-01,-1.060355364068676920e-07,-1.186691506296289750e-03
3.670734146829365940e+00,9.848792722565151703e-01,3.066060079245704895e-01,-1.047103599383092387e-07,6.354316436366670706e-03
3.672734546909381947e+00,9.848792721732168021e-01,3.066060079572134334e-01,-1.029560010024077599e-07,-1.584971575021088680e-02
3.674734946989397955e+00,9.848792720700166869e-01,3.066060079899837199e-01,-1.007748038905909027e-07,-3.395575233431150780e-03
3.676735347069413962e+00,9.848792719470874646e-01,3.066060080228805163e-01,-9.817047166849057760e-08,1.628350957595763385e-02
3.678735747149429969e+00,9.848792718046647243e-01,3.066060080559018242e-01,-9.514805665578052185e-08,-3.097769006685452756e-04
3.680736147229445976e+00,9.848792716430475602e-01,3.066060080890440909e-01,-9.171397186147345337e-08,-5.230922642550671353e-03
3.682736547309461983e+00,9.848792714625977940e-01,3.066060081223023204e-01,-8.787597474690933552e-08,-6.094176552247689178e-03
3.684736947389477990e+00,9.848792712637408631e-01,3.066060081556702954e-01,-8.364318626608024942e-08,-9.872288099564568726e-04
3.686737347469493997e+00,9.848792710469652656e-01,3.066060081891401889e-01,-7.902607870868827433e-08,-4.637810885755340451e-02
3.688737747549510004e+00,9.848792708128224493e-01,3.066060082227028416e-01,-7.403647328541040906e-08,5.525950059649020925e-03
3.690738147629526011e+00,9.848792705619274779e-01,3.066060082563476508e-01,-6.868755506039825320e-08,-2.420496148535199177e-02
3.692738547709542019e+00,9.848792702949583644e-01,3.066060082900626260e-01,-6.299385771346699414e-08,4.165151092734334717e-03
3.694738947789558026e+00,9.848792700126561828e-01,3.066060083238343337e-01,-5.697126656545314916e-08,-3.529824056153561124e-02
3.696739347869574033e+00,9.848792697158254006e-01,3.066060083576480633e-01,-5.063702576690864987e-08,2.456810986274652123e-02
3.698739747949590040e+00,9.848792694053336572e-01,3.066060083914874390e-01,-4.400973283025244598e-08,7.435376801220619850e-03
3.700740148029606047e+00,9.848792690821116524e-01,3.066060084253348639e-01,-3.710933718648057322e-08,-3.227351276651803380e-02
3.702740548109622054e+00,9.848792687471534801e-01,3.066060084591713530e-01,-2.995714662445969623e-08,7.443043639760982787e-03
3.704740948189638061e+00,9.848792684015161836e-01,3.066060084929762564e-01,-2.257581810383157972e-08,-1.748130907295176659e-02
3.706741348269654068e+00,9.848792680463200888e-01,3.066060085267278690e-01,-1.498936477717371929e-08,4.655328711669294572e-02
3.708741748349670075e+00,9.848792676827488046e-01,3.066060085604027097e-01,-7.223156212043946311e-09,1.379766113787730779e-02
3.710742148429686083e+00,9.848792673120491115e-01,3.066060085939761870e-01,6.960844400882848504e-10,-1.839425903759924624e-02
3.712742548509702090e+00,9.848792669355307394e-01,3.066060086274221552e-01,8.740284884733995341e-09,7.162239012150989348e-03
3.714742948589718097e+00,9.848792665545669234e-01,3.066060086607130253e-01,1.688001163846486463e-08,7.320334360783262162e-04
3.716743348669734104e+00,9.848792661705939588e-01,3.066060086938198759e-01,2.508447990989814969e-08,3.151569852954318879e-02
3.718743748749750111e+00,9.848792657851112020e-01,3.066060087267123424e-01,3.332155359969668496e-08,1.050404114727272048e-02
3.720744148829766118e+00,9.848792653996814028e-01,3.066060087593585615e-01,4.155773769554116370e-08,1.444006029476898115e-02
3.722744548909782125e+00,9.848792650159303719e-01,3.066060087917253929e-01,4.975818590491343230e-08,-2.635357854666250596e-02
3.724744948989798132e+00,9.848792646355472025e-01,3.066060088237782533e-01,5.788669540929269886e-08,2.143962392344234830e-02
3.726745349069814139e+00,9.848792642602840486e-01,3.066060088554811158e-01,6.590571241527065638e-08,5.399657103089293420e-02
3.728745749149830147e+00,9.848792638919563469e-01,3.066060088867964550e-01,7.377632674221423770e-08,1.758489263689337265e-02
3.730746149229846154e+00,9.848792635324427058e-01,3.066060089176855241e-01,8.145827387617821103e-08,6.760105226280179033e-04
3.732746549309862161e+00,9.848792631836850164e-01,3.066060089481079665e-01,8.890993374865985288e-08,5.768214997292354408e-03
3.734746949389878168e+00,9.848792628476880084e-01,3.066060089780221487e-01,9.608833925756066208e-08,-2.215028886582268500e-02
3.736747349469894175e+00,9.848792625265201384e-01,3.066060090073850497e-01,1.029491574489060923e-07,6.333920738081622558e-03
3.738747749549910182e+00,9.848792622223125903e-01,3.066060090361520385e-01,1.094467113882391374e-07,-2.577519037449848074e-02
3.740748149629926189e+00,9.848792619372598312e-01,3.066060090642772074e-01,1.155339676706113039e-07,2.794562241479634900e-03
3.742748549709942196e+00,9.848792616736198324e-01,3.066060090917133163e-01,1.211625316743791814e-07,-8.007690114858247513e-03
3.744748949789958203e+00,9.848792614337132933e-01,3.066060091184115710e-01,1.262826650749726554e-07,-1.907151395748931180e-02
3.746749349869974210e+00,9.848792612199244179e-01,3.066060091443217894e-01,1.308432680535709380e-07,1.621685939890882278e-02
3.748749749949990218e+00,9.848792610347005816e-01,3.066060091693924572e-01,1.347918869853970136e-07,-3.553345787892338986e-02
3.750750150030006225e+00,9.848792608805521098e-01,3.066060091935705056e-01,1.380747192969433712e-07,7.055520433656945227e-04
3.752750550110022232e+00,9.848792607600527216e-01,3.066060092168016449e-01,1.406366039458095685e-07,-3.141229467290410082e-02
3.754750950190038239e+00,9.848792606758393076e-01,3.066060092390299197e-01,1.424210256395497254e-07,4.748208260332095060e-02
3.756751350270053802e+00,9.848792606306118191e-01,3.066060092601982090e-01,1.433701181108304468e-07,5.110836408790345176e-02
3.758751750350069809e+00,9.848792606271337124e-01,3.066060092802478376e-01,1.434246533205119079e-07,2.289576884137409923e-02
3.760752150430085816e+00,9.848792606682311712e-01,3.066060092991187980e-01,1.425240598595944874e-07,4.916864904763426636e-02
3.762752550510101823e+00,9.848792607567938839e-01,3.066060093167495282e-01,1.406064047138055884e-07,1.656225876987044154e-02
3.764752950590117830e+00,9.848792608957747108e-01,3.066060093330772451e-01,1.376084012849609906e-07,1.528876943362555973e-02
3.766753350670133837e+00,9.848792610881896836e-01,3.066060093480376114e-01,1.334654086970754605e-07,-8.912914468126786546e-03
3.768753750750149845e+00,9.848792613361508907e-01,3.066060093615859961e-01,1.281321601598328641e-07,-2.067253396637531992e-02
3.770754150830165852e+00,9.848792616264070432e-01,3.066060093740129999e-01,1.218926528046004876e-07,4.905674100570830802e-03
3.772754550910181859e+00,9.848792619507878987e-01,3.066060093854994228e-01,1.149219873708418049e-07,-1.168283806338715064e-02
3.774754950990197866e+00,9.848792623054407613e-01,3.066060093961321398e-01,1.073027315612318233e-07,-9.248692552748401935e-03
3.776755351070213873e+00,9.848792626866292865e-01,3.066060094059954166e-01,9.911495890690957822e-08,1.992212330475767734e-02
3.778755751150229880e+00,9.848792630907335921e-01,3.066060094151709103e-01,9.043624749072165514e-08,-1.501684785021772071e-03
3.780756151230245887e+00,9.848792635142500362e-01,3.066060094237376688e-01,8.134168424933641006e-08,-3.734038474723936490e-02
3.782756551310261894e+00,9.848792639537913285e-01,3.066060094317722418e-01,7.190386208666410539e-08,-3.745275827630510732e-03
3.784756951390277901e+00,9.848792644060864188e-01,3.066060094393485702e-01,6.219288320452598384e-08,-1.742911815401336148e-02
3.786757351470293909e+00,9.848792648679809414e-01,3.066060094465379859e-01,5.227634861104668573e-08,-5.719488641454910025e-03
3.788757751550309916e+00,9.848792653364364380e-01,3.066060094534092673e-01,4.221937568993361367e-08,-2.580663499727130217e-02
3.790758151630325923e+00,9.848792658085311347e-01,3.066060094600285280e-01,3.208458085324217279e-08,3.163630814538705843e-02
3.792758551710341930e+00,9.848792662814596088e-01,3.066060094664594393e-01,2.193208714640348944e-08,4.919965427565009541e-02
3.794758951790357937e+00,9.848792667525324562e-01,3.066060094727630081e-01,1.181953085405140769e-08,-2.616813317141489931e-02
3.796759351870373944e+00,9.848792672191768460e-01,3.066060094789976875e-01,1.802050203503213766e-09,1.783303251351730026e-02
3.798759751950389951e+00,9.848792676789365208e-01,3.066060094852192663e-01,-8.067715107085149384e-09,1.656317278942448165e-02
3.800760152030405958e+00,9.848792681294711304e-01,3.066060094914811462e-01,-1.773960914275285461e-08,-2.525248418567835329e-02
3.802760552110421965e+00,9.848792685685568982e-01,3.066060094978338424e-01,-2.716597469198944736e-08,4.132510387489970495e-03
3.804760952190437973e+00,9.848792689940863987e-01,3.066060095043256495e-01,-3.630164774337529821e-08,3.687804415094830812e-02
3.806761352270453980e+00,9.848792694040686690e-01,3.066060095110019756e-01,-4.510396051093934489e-08,2.276436747580694309e-02
3.808761752350469987e+00,9.848792697966287646e-01,3.066060095179057865e-01,-5.353273166419647566e-08,4.205831702836626551e-02
3.810762152430485994e+00,9.848792701700083141e-01,3.066060095250774942e-01,-6.155027804100043909e-08,-2.769946985009737531e-02
3.812762552510502001e+00,9.848792705225654087e-01,3.066060095325549018e-01,-6.912141256587567284e-08,-1.712276496962647498e-02
3.814762952590518008e+00,9.848792708527742690e-01,3.066060095403730923e-01,-7.621343661723400942e-08,8.805129430376928620e-03
3.816763352670534015e+00,9.848792711592255777e-01,3.066060095485648174e-01,-8.279614810424718030e-08,1.035866246760954595e-02
3.818763752750550022e+00,9.848792714406261473e-01,3.066060095571600530e-01,-8.884183352875218986e-08,2.086447565213761166e-03
3.820764152830566029e+00,9.848792716957995852e-01,3.066060095661863327e-01,-9.432528236263948429e-08,-8.220600610878590550e-03
3.822764552910582037e+00,9.848792719236854065e-01,3.066060095756684145e-01,-9.922376820181710855e-08,-8.833850871056488085e-03
3.824764952990598044e+00,9.848792721233396996e-01,3.066060095856286694e-01,-1.035170629770654216e-07,-1.378748574239904712e-02
3.826765353070614051e+00,9.848792722939349042e-01,3.066060095960868037e-01,-1.071874322633448173e-07,1.265712165039053344e-02
3.828765753150630058e+00,9.848792724347597005e-01,3.066060096070599705e-01,-1.102196328373050704e-07,-6.763304645129396275e-02
3.830766153230646065e+00,9.848792725452192309e-01,3.066060096185627137e-01,-1.126009173124664642e-07,4.133330039269403344e-02
3.832766553310662072e+00,9.848792726248348783e-01,3.066060096306069682e-01,-1.143210296705721163e-07,-1.187633147080212684e-02
3.834766953390678079e+00,9.848792726732443770e-01,3.066060096432021154e-01,-1.153722072044782720e-07,-3.446493916413308906e-02
3.836767353470694086e+00,9.848792726902020345e-01,3.066060096563550386e-01,-1.157491859582471250e-07,1.488522446738618082e-02
3.838767753550710093e+00,9.848792726755781768e-01,3.066060096700699011e-01,-1.154491879318264580e-07,-3.388065885159512181e-02
3.840768153630726101e+00,9.848792726293597033e-01,3.066060096843483684e-01,-1.144719340984146072e-07,1.088066371784762038e-02
3.842768553710742108e+00,9.848792725516497537e-01,3.066060096991894968e-01,-1.128196357447208698e-07,-8.840388449764537485e-03
3.844768953790758115e+00,9.848792724426679301e-01,3.066060097145897889e-01,-1.104970011045480760e-07,1.594596763974269471e-02
3.846769353870774122e+00,9.848792723027500751e-01,3.066060097305430832e-01,-1.075112287529655930e-07,2.088704608233349358e-02
3.848769753950790129e+00,9.848792721323483823e-01,3.066060097470407753e-01,-1.038720113810676082e-07,3.349506278351906813e-02
3.850770154030806136e+00,9.848792719320313971e-01,3.066060097640715409e-01,-9.959153507432816355e-08,-1.128256029501153654e-02
3.852770554110822143e+00,9.848792717024841270e-01,3.066060097816216135e-01,-9.468448200489198996e-08,-6.201898082641024192e-03
3.854770954190838150e+00,9.848792714445078200e-01,3.066060097996744505e-01,-8.916802518577071623e-08,7.464984639103960538e-04
3.856771354270854157e+00,9.848792711590200755e-01,3.066060098182111782e-01,-8.306183182926751840e-08,-3.433610662308988343e-02
3.858771754350870165e+00,9.848792708470549551e-01,3.066060098372100917e-01,-7.638806442944456876e-08,1.584059645385510126e-02
3.860772154430886172e+00,9.848792705097626499e-01,3.066060098566470438e-01,-6.917137454487409798e-08,4.217639055453121719e-03
3.862772554510902179e+00,9.848792701484098133e-01,3.066060098764953890e-01,-6.143891009835478201e-08,-3.253312417577189364e-02
3.864772954590918186e+00,9.848792697643795613e-01,3.066060098967256509e-01,-5.322031434995544430e-08,3.122897354424936101e-02
3.866773354670934193e+00,9.848792693591712499e-01,3.066060099173059661e-01,-4.454772215001234770e-08,3.510412131216052861e-02
3.868773754750950200e+00,9.848792689344005868e-01,3.066060099382018622e-01,-3.545576177099718507e-08,-3.198192884898425070e-02
3.870774154830966207e+00,9.848792684917996310e-01,3.066060099593762023e-01,-2.598155518507283546e-08,1.523822610558930868e-02
3.872774554910982214e+00,9.848792680332166816e-01,3.066060099807894068e-01,-1.616471542731368061e-08,3.219169425268338797e-02
3.874774954990998221e+00,9.848792675606166114e-01,3.066060100023991764e-01,-6.047353839910840634e-09,2.191228711339211765e-02
3.876775355071014229e+00,9.848792670760805334e-01,3.066060100241607134e-01,4.325926755699427417e-09,-2.362479883896798083e-02
3.878775755151030236e+00,9.848792665818059122e-01,3.066060100460266113e-01,1.490803031023446579e-08,-3.404728761316146851e-02
3.880776155231046243e+00,9.848792660801064525e-01,3.066060100679468547e-01,2.564936935067763102e-08,-2.016730775299564130e-03
3.882776555311062250e+00,9.848792655734124324e-01,3.066060100898689300e-01,3.649785809689554128e-08,-1.154736447506468644e-02
3.884776955391078257e+00,9.848792650642702595e-01,3.066060101117376591e-01,4.739892214833396622e-08,6.426988590127675257e-04
3.886777355471094264e+00,9.848792645553428038e-01,3.066060101334952548e-01,5.829549101776798636e-08,-1.744403496768445229e-03
3.888777755551110271e+00,9.848792640494093975e-01,3.066060101550814876e-01,6.912799793701296380e-08,1.400021906915547600e-02
3.890778155631126278e+00,9.848792635493653913e-01,3.066060101764334633e-01,7.983439020975424683e-08,-1.321412860288756312e-02
3.892778555711142285e+00,9.848792630582228202e-01,3.066060101974856233e-01,9.035011427904748871e-08,-3.258398053831827908e-03
3.894778955791158292e+00,9.848792625791098487e-01,3.066060102181700220e-01,1.006081275234382844e-07,7.497668972061886927e-02
3.896779355871174300e+00,9.848792621152711035e-01,3.066060102384159380e-01,1.105388918176686275e-07,-2.485675037096610630e-03
3.898779755951190307e+00,9.848792616700675628e-01,3.066060102581501523e-01,1.200703749204556914e-07,1.915695734033985576e-02
3.900780156031206314e+00,9.848792612469764451e-01,3.066060102772968921e-01,1.291280538606720540e-07,7.939134552261396804e-03
3.902780556111222321e+00,9.848792608495914314e-01,3.066060102957778311e-01,1.376349092474526969e-07,6.162339759424715138e-03
3.904780956191238328e+00,9.848792604816225538e-01,3.066060103135118675e-01,1.455114287951531082e-07,-2.210322962099067409e-02
3.906781356271254335e+00,9.848792601468960850e-01,3.066060103304155682e-01,1.526756082670388537e-07,1.385734892645786379e-02
3.908781756351270342e+00,9.848792598493546491e-01,3.066060103464027797e-01,1.590429502262846739e-07,-6.221440424250446362e-04
3.910782156431286349e+00,9.848792595930574434e-01,3.066060103613847398e-01,1.645264591787487518e-07,2.109196621501669561e-02
3.912782556511302356e+00,9.848792593821797947e-01,3.066060103752702437e-01,1.690366501216900019e-07,5.192301473126814670e-02
3.914782956591318364e+00,9.848792592210134922e-01,3.066060103879653664e-01,1.724815424930525865e-07,5.246812667889312436e-03
3.916783356671334371e+00,9.848792591139664543e-01,3.066060103993736297e-01,1.747666671936265459e-07,1.965776132532523479e-02
3.918783756751350378e+00,9.848792590655632839e-01,3.066060104093960570e-01,1.757950537917274403e-07,-2.497419137300941130e-02
3.920784156831366385e+00,9.848792590804446023e-01,3.066060104179310075e-01,1.754672457887629378e-07,3.527307885330429119e-03
3.922784556911382392e+00,9.848792591633676041e-01,3.066060104248742868e-01,1.736812883790239681e-07,3.938473870515413894e-02
3.924784956991398399e+00,9.848792593192058353e-01,3.066060104301190914e-01,1.703327330293546993e-07,-9.067867462274585436e-04
3.926785357071414406e+00,9.848792595529490823e-01,3.066060104335561198e-01,1.653146399493987673e-07,-1.534023072232609287e-02
3.928785757151430413e+00,9.848792598662700071e-01,3.066060104351491788e-01,1.585911606205581137e-07,5.740266631649152199e-03
3.930786157231446420e+00,9.848792602321797540e-01,3.066060104354952909e-01,1.507407070555633055e-07,-4.041964454645218495e-03
3.932786557311462428e+00,9.848792606398737437e-01,3.066060104348340976e-01,1.419948370828816309e-07,-5.443979668914429755e-03
3.934786957391478435e+00,9.848792610845887863e-01,3.066060104332715697e-01,1.324556324344694502e-07,-8.749532307841917725e-03
3.936787357471494442e+00,9.848792615617062429e-01,3.066060104309105694e-01,1.222220767649329076e-07,5.022926895035478845e-02
3.938787757551510449e+00,9.848792620667516928e-01,3.066060104278508502e-01,1.113900630345110443e-07,-2.121534335652863756e-02
3.940788157631526456e+00,9.848792625953949331e-01,3.066060104241888906e-01,1.000523931204977401e-07,-9.765931031431841769e-03
3.942788557711542463e+00,9.848792631434504230e-01,3.066060104200180048e-01,8.829876896321309232e-08,-1.370592081112136096e-02
3.944788957791558470e+00,9.848792637068765066e-01,3.066060104154281762e-01,7.621580849770381860e-08,3.155286371792997979e-02
3.946789357871574477e+00,9.848792642817761900e-01,3.066060104105064466e-01,6.388702969428727840e-08,-6.424289480138266513e-03
3.948789757951590484e+00,9.848792648643968084e-01,3.066060104053364155e-01,5.139285708111174245e-08,3.315320013645877556e-02
3.950790158031606492e+00,9.848792654511296929e-01,3.066060103999986297e-01,3.881062915489508214e-08,4.705538986452102723e-03
3.952790558111622499e+00,9.848792660385109476e-01,3.066060103945704163e-01,2.621458175533497581e-08,-4.361099366051471397e-05
3.954790958191638506e+00,9.848792666232206727e-01,3.066060103891259381e-01,1.367586477396542932e-08,-3.598030151387853620e-02
3.956791358271654513e+00,9.848792672020835193e-01,3.066060103837359718e-01,1.262529941703505187e-09,3.082078605661430978e-02
3.958791758351670520e+00,9.848792677720681343e-01,3.066060103784684077e-01,-1.096045676440837724e-08,1.405834320780615689e-02
3.960792158431686527e+00,9.848792683302880491e-01,3.066060103733876385e-01,-2.293123485541670448e-08,1.065843016096981039e-02
3.962792558511702534e+00,9.848792688740004575e-01,3.066060103685551153e-01,-3.459102232428179491e-08,-2.404443637412793152e-03
3.964792958591718541e+00,9.848792694006074377e-01,3.066060103640289025e-01,-4.588414248551941910e-08,-9.886763235762827465e-03
3.966793358671734548e+00,9.848792699076550639e-01,3.066060103598639563e-01,-5.675800454629786884e-08,-3.117224968432371832e-02
3.968793758751750556e+00,9.848792703928338499e-01,3.066060103561120131e-01,-6.716311343191172512e-08,2.417318732323169017e-02
3.970794158831766563e+00,9.848792708539786389e-01,3.066060103528216452e-01,-7.705306731553562827e-08,7.252916346553277271e-03
3.972794558911782570e+00,9.848792712890687140e-01,3.066060103500381495e-01,-8.638455956111457112e-08,-8.448640984999906609e-03
3.974794958991798577e+00,9.848792716962274651e-01,3.066060103478038257e-01,-9.511737245060380985e-08,-1.522955065193684968e-02
3.976795359071814584e+00,9.848792720737227224e-01,3.066060103461574760e-01,-1.032143833457066506e-07,3.430737891341666384e-03
3.978795759151830591e+00,9.848792724199666448e-01,3.066060103451349605e-01,-1.106415633833623957e-07,-1.741650398873636780e-03
3.980796159231846598e+00,9.848792727335157204e-01,3.066060103447688090e-01,-1.173679762267454407e-07,4.160263031140420953e-02
3.982796559311862605e+00,9.848792730130707662e-01,3.066060103450883867e-01,-1.233657791477327237e-07,1.987944873006138036e-02
3.984796959391878168e+00,9.848792732574769282e-01,3.066060103461199504e-01,-1.286102225273033639e-07,-1.436831531731509737e-02
3.986797359471894175e+00,9.848792734657236814e-01,3.066060103478863708e-01,-1.330796498000275108e-07,-2.710500059276801932e-02
3.988797759551910183e+00,9.848792736369447187e-01,3.066060103504075207e-01,-1.367554955666872019e-07,-5.361567376349352099e-03
3.990798159631926190e+00,9.848792737704182843e-01,3.066060103536999426e-01,-1.396222918392808765e-07,-2.225128019112636302e-02
3.992798559711942197e+00,9.848792738655667289e-01,3.066060103577770701e-01,-1.416676594645505105e-07,2.443410034005719274e-03
3.994798959791958204e+00,9.848792739219568437e-01,3.066060103626491173e-01,-1.428823147298086127e-07,1.065127280827130735e-02
3.996799359871974211e+00,9.848792739392997486e-01,3.066060103683230231e-01,-1.432600671147366000e-07,1.646574561598748015e-02
3.998799759951990218e+00,9.848792739174510036e-01,3.066060103748026178e-01,-1.427978214563196957e-07,1.097719815297244599e-02
4.000800160032006225e+00,9.848792738564101645e-01,3.066060103820885119e-01,-1.414955691503294588e-07,-4.171884241771907885e-03
4.002800560112022232e+00,9.848792737563214494e-01,3.066060103901781519e-01,-1.393564015295112313e-07,1.561721445957296207e-02
4.004800960192038239e+00,9.848792736174731832e-01,3.066060103990657093e-01,-1.363864983172646816e-07,-2.160634237411265812e-02
4.006801360272054247e+00,9.848792734402982418e-01,3.066060104087422467e-01,-1.325951374253619974e-07,-1.320732055203464221e-03
4.008801760352070254e+00,9.848792732253736082e-01,3.066060104191955515e-01,-1.279946848231627854e-07,2.096528319294171938e-02
4.010802160432086261e+00,9.848792729734205942e-01,3.066060104304103029e-01,-1.226006003940405265e-07,7.867507155586447518e-03
4.012802560512102268e+00,9.848792726853051738e-01,3.066060104423679600e-01,-1.164314435420088500e-07,-3.109824355096667270e-02
4.014802960592118275e+00,9.848792723620372058e-01,3.066060104550466514e-01,-1.095088575098213113e-07,-2.818304484211283864e-02
4.016803360672134282e+00,9.848792720047711002e-01,3.066060104684215637e-01,-1.018575842282043453e-07,-3.966662094911151820e-02
4.018803760752150289e+00,9.848792716148055959e-01,3.066060104824643862e-01,-9.350545759900796838e-08,4.582638627063334580e-02
4.020804160832166296e+00,9.848792711935837607e-01,3.066060104971439215e-01,-8.448340566014067576e-08,-3.800532242198417787e-02
4.022804560912182303e+00,9.848792707426929915e-01,3.066060105124255308e-01,-7.482544930881296352e-08,-2.700875641990608395e-03
4.024804960992198311e+00,9.848792702638649033e-01,3.066060105282715220e-01,-6.456870016435800608e-08,4.668108076391819239e-02
4.026805361072214318e+00,9.848792697589755507e-01,3.066060105446409279e-01,-5.375336550872411578e-08,2.770779214588993400e-02
4.028805761152230325e+00,9.848792692300453178e-01,3.066060105614896170e-01,-4.242274598276196684e-08,3.372028354978242465e-02
4.030806161232246332e+00,9.848792686792388062e-01,3.066060105787702939e-01,-3.062323244984455073e-08,-1.167383858664418177e-02
4.032806561312262339e+00,9.848792681088651690e-01,3.066060105964324434e-01,-1.840431465560676827e-08,1.928636251857169387e-02
4.034806961392278346e+00,9.848792675213775549e-01,3.066060106144223307e-01,-5.818567461179924294e-09,7.695457536239500018e-02
4.036807361472294353e+00,9.848792669193737748e-01,3.066060106326830015e-01,7.078333474908049538e-09,-8.569836018968872210e-05
4.038807761552310360e+00,9.848792663055957464e-01,3.066060106511543371e-01,2.022762382591913877e-08,1.117018552113395978e-02
4.040808161632326367e+00,9.848792656829299386e-01,3.066060106697731102e-01,3.356744215921025898e-08,-7.039867093579866078e-03
4.042808561712342375e+00,9.848792650544068161e-01,3.066060106884728187e-01,4.703284009477393113e-08,5.198558566634168014e-04
4.044808961792358382e+00,9.848792644232013949e-01,3.066060107071836294e-01,6.055577195240857691e-08,1.020069712286891632e-02
4.046809361872374389e+00,9.848792637926330196e-01,3.066060107258328227e-01,7.406509841545450001e-08,3.553446515141105849e-02
4.048809761952390396e+00,9.848792631661653640e-01,3.066060107443441818e-01,8.748658750223903269e-08,-2.163678096653999169e-02
4.050810162032406403e+00,9.848792625474063200e-01,3.066060107626384923e-01,1.007429156207884091e-07,-3.483460533946718812e-02
4.052810562112422410e+00,9.848792619401082193e-01,3.066060107806332646e-01,1.137536643491809940e-07,1.527525995713530354e-03
4.054810962192438417e+00,9.848792613481677227e-01,3.066060107982427341e-01,1.264353221563929708e-07,6.025870404464887808e-03
4.056811362272454424e+00,9.848792607756255979e-01,3.066060108153781383e-01,1.387012882048122009e-07,3.618073464236624265e-02
4.058811762352470431e+00,9.848792602266673857e-01,3.066060108319473843e-01,1.504618598047180456e-07,1.884432689504140709e-02
4.060812162432486438e+00,9.848792597056224007e-01,3.066060108478551594e-01,1.616242528423850189e-07,-1.470251449076277056e-02
4.062812562512502446e+00,9.848792592169648419e-01,3.066060108630030423e-01,1.720925776049764266e-07,1.507911830862884543e-02
4.064812962592518453e+00,9.848792587653127928e-01,3.066060108772893367e-01,1.817678614013384930e-07,2.881624026387285750e-02
4.066813362672534460e+00,9.848792583554288882e-01,3.066060108906092374e-01,1.905480332409226207e-07,8.069238232265281072e-03
4.068813762752550467e+00,9.848792579922199808e-01,3.066060109028546643e-01,1.983279312722796561e-07,-7.581240690475553844e-03
4.070814162832566474e+00,9.848792576807374743e-01,3.066060109139143730e-01,2.049992958996771364e-07,1.783019401859542441e-02
4.072814562912582481e+00,9.848792574261768795e-01,3.066060109236738995e-01,2.104507789424392428e-07,-7.961981641906307541e-03
4.074814962992598488e+00,9.848792572338779250e-01,3.066060109320156712e-01,2.145679414145007513e-07,-4.577552003592672697e-02
4.076815363072614495e+00,9.848792571093251125e-01,3.066060109388188404e-01,2.172332418948208499e-07,3.416970304577537920e-02
4.078815763152630502e+00,9.848792570581468286e-01,3.066060109439593395e-01,2.183260548460630446e-07,-3.135864470530269621e-02
4.080816163232646510e+00,9.848792570861159001e-01,3.066060109473099926e-01,2.177226594013426109e-07,-7.497647497579792986e-03
4.082816563312662517e+00,9.848792571991497047e-01,3.066060109487402929e-01,2.152962369217359395e-07,-7.045586770725713668e-03
4.084816963392678524e+00,9.848792574033097269e-01,3.066060109481166807e-01,2.109168800168426117e-07,-7.541812871442542428e-03
4.086817363472694531e+00,9.848792577048017804e-01,3.066060109453023763e-01,2.044515883259379052e-07,-6.294883177098602525e-03
4.088817763552710538e+00,9.848792581027894233e-01,3.066060109403162537e-01,1.959182875654885692e-07,-3.519907348812831294e-02
4.090818163632726545e+00,9.848792585608869832e-01,3.066060109339630024e-01,1.860967777933542067e-07,1.393462073489790121e-02
4.092818563712742552e+00,9.848792590681032522e-01,3.066060109264860944e-01,1.752226168882931034e-07,1.458293217366650766e-03
4.094818963792758559e+00,9.848792596187029291e-01,3.066060109180127058e-01,1.634187208332527064e-07,1.738736906514680870e-03
4.096819363872774566e+00,9.848792602071265723e-01,3.066060109086660712e-01,1.508042364595230111e-07,2.753785900196265707e-02
4.098819763952790574e+00,9.848792608279903771e-01,3.066060108985655952e-01,1.374945464427401731e-07,2.821737613705777720e-02
4.100820164032806581e+00,9.848792614760865094e-01,3.066060108878268520e-01,1.236012622807258765e-07,3.418823589710041910e-02
4.102820564112822588e+00,9.848792621463827723e-01,3.066060108765614189e-01,1.092322312601368139e-07,4.697097331591743724e-02
4.104820964192838595e+00,9.848792628340229394e-01,3.066060108648770433e-01,9.449152940654848010e-08,1.203194255770166296e-02
4.106821364272854602e+00,9.848792635343260882e-01,3.066060108528775308e-01,7.947947558428758441e-08,-3.775532731227474598e-02
4.108821764352870609e+00,9.848792642427877109e-01,3.066060108406628570e-01,6.429260793194835344e-08,6.018303239341963803e-03
4.110822164432886616e+00,9.848792649550786038e-01,3.066060108283291119e-01,4.902370731585392605e-08,1.020377906364002127e-03
4.112822564512902623e+00,9.848792656670456447e-01,3.066060108159684994e-01,3.376178131508922320e-08,2.421674362258852652e-03
4.114822964592918630e+00,9.848792663747111265e-01,3.066060108036691711e-01,1.859207807153318015e-08,-1.431213296778627991e-02
4.116823364672934638e+00,9.848792670742735345e-01,3.066060107915156707e-01,3.596069247935318458e-09,-2.152435142357572717e-02
4.118823764752950645e+00,9.848792677621067693e-01,3.066060107795883782e-01,-1.114853248607161618e-08,2.060814695471062385e-02
4.120824164832966652e+00,9.848792684347608128e-01,3.066060107679640101e-01,-2.556778844198248635e-08,2.494631176085974553e-02
4.122824564912982659e+00,9.848792690889611734e-01,3.066060107567152304e-01,-3.959152133914400906e-08,-2.724722835311511188e-02
4.124824964992998666e+00,9.848792697216093295e-01,3.066060107459109285e-01,-5.315332576860676284e-08,1.418752281368603797e-02
4.126825365073014673e+00,9.848792703297823969e-01,3.066060107356159969e-01,-6.619055997747480546e-08,-3.527330146691657047e-03
4.128825765153030680e+00,9.848792709107333510e-01,3.066060107258914980e-01,-7.864435142002079715e-08,-8.997752410140757648e-03
4.130826165233046687e+00,9.848792714618909150e-01,3.066060107167946081e-01,-9.045959381559498524e-08,1.780230444609897170e-02
4.132826565313062694e+00,9.848792719808595608e-01,3.066060107083786734e-01,-1.015849478980257459e-07,-5.903559497571495354e-04
4.134826965393078702e+00,9.848792724654197306e-01,3.066060107006929880e-01,-1.119728453014001701e-07,-1.317249997602831096e-02
4.136827365473094709e+00,9.848792729135271706e-01,3.066060106937830709e-01,-1.215794749043208611e-07,2.066402753332264794e-03
4.138827765553110716e+00,9.848792733233140417e-01,3.066060106876906111e-01,-1.303648062278561781e-07,-4.925889874715165540e-02
4.140828165633126723e+00,9.848792736930876979e-01,3.066060106824532450e-01,-1.382925637893883675e-07,-1.416963588588611433e-02
4.142828565713142730e+00,9.848792740213316854e-01,3.066060106781047789e-01,-1.453302478082729721e-07,-1.037581609819423177e-02
4.144828965793158737e+00,9.848792743067050770e-01,3.066060106746752445e-01,-1.514491203835621747e-07,-3.435950129268295489e-02
4.146829365873174744e+00,9.848792745480429156e-01,3.066060106721906764e-01,-1.566242152084562633e-07,4.991189106640260033e-03
4.148829765953190751e+00,9.848792747443557705e-01,3.066060106706731681e-01,-1.608343272729850781e-07,7.256853960015957963e-03
4.150830166033206758e+00,9.848792748948302922e-01,3.066060106701410937e-01,-1.640620256593283699e-07,-1.455934671022124198e-02
4.152830566113222766e+00,9.848792749988286577e-01,3.066060106706087751e-01,-1.662936412738513781e-07,-3.793716043750806292e-03
4.154830966193238773e+00,9.848792750558890141e-01,3.066060106720866485e-01,-1.675192759509336327e-07,1.726212784517877283e-02
4.156831366273254780e+00,9.848792750657250350e-01,3.066060106745814307e-01,-1.677327936822070598e-07,2.690425301819611426e-02
4.158831766353270787e+00,9.848792750282263642e-01,3.066060106780957861e-01,-1.669318295538513297e-07,-1.861526847154631320e-02
4.160832166433286794e+00,9.848792749434585048e-01,3.066060106826285492e-01,-1.651177877481924128e-07,8.839243399625126493e-03
4.162832566513302801e+00,9.848792748116625972e-01,3.066060106881746683e-01,-1.622958364366766659e-07,2.626898989484774058e-02
4.164832966593318808e+00,9.848792746332554193e-01,3.066060106947251507e-01,-1.584749081962044670e-07,-4.402490498742170398e-04
4.166833366673334815e+00,9.848792744088297191e-01,3.066060107022671732e-01,-1.536677067537350894e-07,-1.900259328834037059e-02
4.168833766753350822e+00,9.848792741391542149e-01,3.066060107107840271e-01,-1.478907073471091849e-07,-1.890781214147215644e-02
4.170834166833366830e+00,9.848792738251728185e-01,3.066060107202550622e-01,-1.411641393500584485e-07,-7.822042794413942152e-03
4.172834566913382837e+00,9.848792734680058558e-01,3.066060107306557425e-01,-1.335120134726697216e-07,-2.561692345852774680e-02
4.174834966993398844e+00,9.848792730689490682e-01,3.066060107419577574e-01,-1.249620999455025583e-07,5.050155178305133774e-02
4.176835367073414851e+00,9.848792726294739452e-01,3.066060107541287438e-01,-1.155459350699050702e-07,-1.408997196602987216e-02
4.178835767153430858e+00,9.848792721512279469e-01,3.066060107671325086e-01,-1.052988267691290503e-07,9.592877395884283342e-03
4.180836167233446865e+00,9.848792716360342814e-01,3.066060107809290280e-01,-9.425984928701502952e-08,4.699119058066591331e-03
4.182836567313462872e+00,9.848792710858916832e-01,3.066060107954743374e-01,-8.247183894138920834e-08,1.602485462298013433e-02
4.184836967393478879e+00,9.848792705029750794e-01,3.066060108107205306e-01,-6.998140791858453724e-08,-9.553011408501831461e-03
4.186837367473494886e+00,9.848792698896348119e-01,3.066060108266159823e-01,-5.683892809194013296e-08,-3.241206738679835303e-02
4.188837767553510893e+00,9.848792692483971933e-01,3.066060108431049591e-01,-4.309854212403152474e-08,4.099289791375976266e-02
4.190838167633526901e+00,9.848792685819642845e-01,3.066060108601279532e-01,-2.881815983069024867e-08,-1.938011375171458470e-03
4.192838567713542908e+00,9.848792678932138944e-01,3.066060108776216264e-01,-1.405945720955870115e-08,2.924939537272243286e-03
4.194838967793558915e+00,9.848792671851994696e-01,3.066060108955186436e-01,1.112125641578032287e-09,5.009006876001382419e-03
4.196839367873574922e+00,9.848792664611505376e-01,3.066060109137478396e-01,1.662737456054053098e-08,3.154200308192319641e-02
4.198839767953590929e+00,9.848792657244721527e-01,3.066060109322341076e-01,3.241331392178636861e-08,1.922672925554995069e-02
4.200840168033606936e+00,9.848792649787453390e-01,3.066060109508985110e-01,4.839319681093634529e-08,2.935165623265361193e-02
4.202840568113622943e+00,9.848792642277266474e-01,3.066060109696581715e-01,6.448651432289231877e-08,2.057088569700217182e-02
4.204840968193638950e+00,9.848792634753485986e-01,3.066060109884263252e-01,8.060898618045264641e-08,3.846248121371042585e-03
4.206841368273654957e+00,9.848792627257195731e-01,3.066060110071123779e-01,9.667256359313647351e-08,6.381816521055180998e-03
4.208841768353670965e+00,9.848792619831233663e-01,3.066060110256218496e-01,1.125854378614121742e-07,-1.854401601343117628e-02
4.210842168433686972e+00,9.848792612520199663e-01,3.066060110438562081e-01,1.282520246392859775e-07,-4.842878797672000440e-02
4.212842568513702979e+00,9.848792605370449982e-01,3.066060110617132572e-01,1.435729750365322133e-07,-5.944059742448223362e-03
4.214842968593718986e+00,9.848792598430096135e-01,3.066060110790868043e-01,1.584451788383400839e-07,-2.678313724321788186e-02
4.216843368673734993e+00,9.848792591749010450e-01,3.066060110958667151e-01,1.727617515712154272e-07,6.471616107528677109e-02
4.218843768753751000e+00,9.848792585378822739e-01,3.066060111119390252e-01,1.864120428574089772e-07,3.901072854561434683e-02
4.220844168833767007e+00,9.848792579372919187e-01,3.066060111271858846e-01,1.992816376084061147e-07,2.930484105026390229e-02
4.222844568913783014e+00,9.848792573786444571e-01,3.066060111414855571e-01,2.112523519171016773e-07,-1.372932784299500490e-02
4.224844968993799021e+00,9.848792568676301151e-01,3.066060111547123657e-01,2.222022356668240661e-07,5.150815390375151903e-02
4.226845369073815029e+00,9.848792564101148672e-01,3.066060111667368582e-01,2.320055718096902808e-07,-4.256559845764329442e-02
4.228845769153831036e+00,9.848792560121406581e-01,3.066060111774255303e-01,2.405328722865363034e-07,-3.017200305472129973e-02
4.230846169233847043e+00,9.848792556799249587e-01,3.066060111866411586e-01,2.476508868254345686e-07,-1.948282741407753038e-02
4.232846569313863050e+00,9.848792554198610993e-01,3.066060111942424671e-01,2.532225966966894504e-07,-2.391107088839773340e-02
4.234846969393879057e+00,9.848792552385182697e-01,3.066060112000844051e-01,2.571072139356811448e-07,3.352054099598245161e-03
4.236847369473895064e+00,9.848792551426414077e-01,3.066060112040180363e-01,2.591601843682234119e-07,4.885437476941198627e-03
4.238847769553911071e+00,9.848792551391510885e-01,3.066060112058904275e-01,2.592331889150756297e-07,4.778892082916171014e-02
4.240848169633927078e+00,9.848792552351438578e-01,3.066060112055448705e-01,2.571741379575609443e-07,2.497373859045848646e-02
4.242848569713943085e+00,9.848792554378918984e-01,3.066060112028207163e-01,2.528271775270596322e-07,3.056139301054640323e-02
4.244848969793959093e+00,9.848792557548431414e-01,3.066060111975534297e-01,2.460326866404738411e-07,1.050095307392662908e-02
4.246849369873975100e+00,9.848792561922317113e-01,3.066060111896052875e-01,2.366570586165295254e-07,-3.641234285534299467e-03
4.248849769953991107e+00,9.848792567056116054e-01,3.066060111799593924e-01,2.256528383037803565e-07,-1.712032916654994755e-02
4.250850170034007114e+00,9.848792572661660971e-01,3.066060111692532342e-01,2.136376117400917707e-07,-3.768869014309550458e-02
4.252850570114023121e+00,9.848792578680289900e-01,3.066060111576166536e-01,2.007371004142388671e-07,-2.170334413996444917e-02
4.254850970194039128e+00,9.848792585055207160e-01,3.066060111451754389e-01,1.870730255149055665e-07,-9.481746040550116314e-03
4.256851370274055135e+00,9.848792591731488910e-01,3.066060111320512704e-01,1.727630973835658779e-07,1.911023177936442552e-02
4.258851770354071142e+00,9.848792598656078701e-01,3.066060111183615544e-01,1.579210235358452508e-07,-4.212149384419643094e-02
4.260852170434087149e+00,9.848792605777789699e-01,3.066060111042197001e-01,1.426565051365624726e-07,-3.411768031536820123e-02
4.262852570514103157e+00,9.848792613047301359e-01,3.066060110897349533e-01,1.270752433557564842e-07,5.526746171406909415e-03
4.264852970594119164e+00,9.848792620417166077e-01,3.066060110750123968e-01,1.112789255186541482e-07,-2.618449698826490202e-02
4.266853370674135171e+00,9.848792627841801428e-01,3.066060110601530053e-01,9.536524134268198338e-08,8.423900731891292154e-03
4.268853770754151178e+00,9.848792635277495711e-01,3.066060110452535903e-01,7.942787169645804113e-08,-1.025428601076966775e-02
4.270854170834167185e+00,9.848792642682406839e-01,3.066060110304067998e-01,6.355649037614874430e-08,-1.875707119547100413e-02
4.272854570914183192e+00,9.848792650016557904e-01,3.066060110157012852e-01,4.783677359787574801e-08,-3.328919383064495724e-02
4.274854970994199199e+00,9.848792657241844939e-01,3.066060110012213680e-01,3.235038398274880933e-08,-2.311912959541195366e-03
4.276855371074215206e+00,9.848792664322031376e-01,3.066060109870474282e-01,1.717498171460718481e-08,-1.818100974686600105e-02
4.278855771154231213e+00,9.848792671222749151e-01,3.066060109732555716e-01,2.384222819173942298e-09,-1.528836680450957122e-02
4.280856171234247221e+00,9.848792677911497595e-01,3.066060109599178518e-01,-1.195223903183162406e-08,-1.589759852946753468e-02
4.282856571314263228e+00,9.848792684357648985e-01,3.066060109471021033e-01,-2.576876409476902552e-08,4.691941690585140108e-03
4.284856971394279235e+00,9.848792690532439664e-01,3.066060109348721086e-01,-3.900370768028516011e-08,3.730702156166898660e-03
4.286857371474295242e+00,9.848792696408977809e-01,3.066060109232874309e-01,-5.159943644583719902e-08,-4.282308159039399653e-02
4.288857771554311249e+00,9.848792701962240104e-01,3.066060109124036925e-01,-6.350232206742134622e-08,-4.012309170976317667e-03
4.290858171634327256e+00,9.848792707169070626e-01,3.066060109022720748e-01,-7.466273779788146214e-08,9.968246451663631894e-03
4.292858571714343263e+00,9.848792712008184180e-01,3.066060108929399286e-01,-8.503506643275926535e-08,2.598645941921479824e-02
4.294858971794359270e+00,9.848792716460162966e-01,3.066060108844502752e-01,-9.457769262199988702e-08,1.958182933638111939e-02
4.296859371874375277e+00,9.848792720507458798e-01,3.066060108768420278e-01,-1.032530081712668135e-07,5.238491873417209718e-03
4.298859771954391285e+00,9.848792724134393106e-01,3.066060108701500475e-01,-1.110274117366305546e-07,-2.856134949862763200e-02
4.300860172034407292e+00,9.848792727327152496e-01,3.066060108644050319e-01,-1.178712990823616025e-07,-1.924861241197620143e-02
4.302860572114423299e+00,9.848792730073797630e-01,3.066060108596334599e-01,-1.237590825375889381e-07,2.286359760881812031e-02
4.304860972194439306e+00,9.848792732364253233e-01,3.066060108558577579e-01,-1.286691694302177780e-07,-1.755428342527326144e-02
4.306861372274455313e+00,9.848792734190316978e-01,3.066060108530962447e-01,-1.325839809607209929e-07,2.565648277172117436e-02
4.308861772354471320e+00,9.848792735545652821e-01,3.066060108513629645e-01,-1.354899382133289976e-07,3.184905207783122333e-02
4.310862172434487327e+00,9.848792736425793226e-01,3.066060108506680759e-01,-1.373774667079441514e-07,-2.655453707696794549e-02
4.312862572514503334e+00,9.848792736828142491e-01,3.066060108510172966e-01,-1.382410034500569651e-07,1.101522828070804899e-02
4.314862972594519341e+00,9.848792736751968979e-01,3.066060108524124583e-01,-1.380789809157789705e-07,-2.801966792644210169e-03
4.316863372674535348e+00,9.848792736198415110e-01,3.066060108548511187e-01,-1.368938470081015879e-07,5.069245426968532753e-02
4.318863772754551356e+00,9.848792735170487367e-01,3.066060108583267829e-01,-1.346920457945266492e-07,2.095101427899142416e-02
4.320864172834567363e+00,9.848792733673065181e-01,3.066060108628287373e-01,-1.314840344379675230e-07,-1.276161640151158433e-02
4.322864572914583370e+00,9.848792731712894266e-01,3.066060108683422158e-01,-1.272842701516285757e-07,1.018258434114469556e-02
4.324864972994598489e+00,9.848792729298588844e-01,3.066060108748482893e-01,-1.221112148896974503e-07,-2.294221555220194581e-02
4.326865373074614496e+00,9.848792726440634970e-01,3.066060108823238650e-01,-1.159873417866386092e-07,-3.787179073693247144e-03
4.328865773154630503e+00,9.848792723151384987e-01,3.066060108907417425e-01,-1.089391238329184830e-07,5.124626501369702880e-03
4.330866173234646510e+00,9.848792719445058630e-01,3.066060109000706135e-01,-1.009970365117851543e-07,3.734182015193569879e-03
4.332866573314662517e+00,9.848792715337749692e-01,3.066060109102750064e-01,-9.219557126072253084e-08,7.694121037046840368e-03
4.334866973394678524e+00,9.848792710847414922e-01,3.066060109213152862e-01,-8.257321226778913115e-08,-2.267359079983351233e-02
4.336867373474694531e+00,9.848792705993884011e-01,3.066060109331477102e-01,-7.217245759361112789e-08,-4.633206625475984330e-02
4.338867773554710539e+00,9.848792700798854050e-01,3.066060109457244276e-01,-6.103980756955174058e-08,-9.072930697353169885e-03
4.340868173634726546e+00,9.848792695285890630e-01,3.066060109589933691e-01,-4.922576699040170922e-08,-2.230897868844532866e-02
4.342868573714742553e+00,9.848792689480427853e-01,3.066060109728985239e-01,-3.678484530866832358e-08,-1.750464015339333115e-02
4.344868973794758560e+00,9.848792683409769433e-01,3.066060109873794404e-01,-2.377555827215438455e-08,5.343337672565705299e-02
4.346869373874774567e+00,9.848792677103088700e-01,3.066060110023718921e-01,-1.026042931173698491e-08,2.907218938783358644e-02
4.348869773954790574e+00,9.848792670591427489e-01,3.066060110178071563e-01,3.694014372168652471e-09,-4.361275265264911993e-03
4.350870174034806581e+00,9.848792663907693923e-01,3.066060110336126798e-01,1.801724539007842907e-08,-3.583586871704374371e-02
4.352870574114822588e+00,9.848792657086667957e-01,3.066060110497116353e-01,3.263472511672027565e-08,-3.245486201081995009e-02
4.354870974194838595e+00,9.848792650164996942e-01,3.066060110660229765e-01,4.746791243404047123e-08,9.029949350584339993e-03
4.356871374274854603e+00,9.848792643181197848e-01,3.066060110824617713e-01,6.243425940133384699e-08,2.673378283932562050e-02
4.358871774354870610e+00,9.848792636175656146e-01,3.066060110989386467e-01,7.744721408631249915e-08,-7.212795835182518774e-03
4.360872174434886617e+00,9.848792629190626924e-01,3.066060111153603440e-01,9.241621687361423199e-08,3.377584126991006134e-03
4.362872574514902624e+00,9.848792622270231556e-01,3.066060111316293302e-01,1.072467093188311793e-07,6.370250551007091561e-03
4.364872974594918631e+00,9.848792615460462141e-01,3.066060111476440753e-01,1.218401229907684069e-07,2.665495162304290511e-02
4.366873374674934638e+00,9.848792608809181504e-01,3.066060111632987195e-01,1.360938804984002104e-07,-4.701164765171129967e-02
4.368873774754950645e+00,9.848792602366116533e-01,3.066060111784834064e-01,1.499014096739692548e-07,3.898957005862072316e-03
4.370874174834966652e+00,9.848792596182868175e-01,3.066060111930841159e-01,1.631521216460818380e-07,1.013843664385455715e-02
4.372874574914982659e+00,9.848792590312901440e-01,3.066060112069827204e-01,1.757314326833459006e-07,2.375247816702892242e-02
4.374874974994998666e+00,9.848792584811553175e-01,3.066060112200568732e-01,1.875207474855145051e-07,9.903637346701868460e-03
4.376875375075014674e+00,9.848792579736029840e-01,3.066060112321801756e-01,1.983974640962227198e-07,-2.751722392141034423e-02
4.378875775155030681e+00,9.848792575145403072e-01,3.066060112432220652e-01,2.082349824794604842e-07,-1.451363113340215644e-02
4.380876175235046688e+00,9.848792571100616344e-01,3.066060112530478721e-01,2.169026920573191575e-07,-3.810434793229513367e-02
4.382876575315062695e+00,9.848792567664481634e-01,3.066060112615187627e-01,2.242659766504839780e-07,4.830286174428662094e-03
4.384876975395078702e+00,9.848792564901678315e-01,3.066060112684917405e-01,2.301862190023928889e-07,4.809231045485325325e-03
4.386877375475094709e+00,9.848792562878756485e-01,3.066060112738197008e-01,2.345207915643854335e-07,1.279602500985351637e-02
4.388877775555110716e+00,9.848792561664132528e-01,3.066060112773514312e-01,2.371230680142666358e-07,-2.424656254941277844e-02
4.390878175635126723e+00,9.848792561328094664e-01,3.066060112789316117e-01,2.378424097115861002e-07,-2.850552921852355162e-02
4.392878575715142730e+00,9.848792561942798507e-01,3.066060112784006475e-01,2.365241762725123209e-07,3.814020044530742892e-02
4.394878975795158738e+00,9.848792563582268178e-01,3.066060112755950029e-01,2.330097226832528179e-07,4.554785526486961229e-03
4.396879375875174745e+00,9.848792566322396302e-01,3.066060112703468121e-01,2.271363993555652883e-07,4.365031267317098784e-02
4.398879775955190752e+00,9.848792570235953558e-01,3.066060112624953149e-01,2.187482478488433912e-07,1.098632246157787984e-02
4.400880176035206759e+00,9.848792574879734474e-01,3.066060112530207271e-01,2.087951243012753366e-07,-3.654247007709190975e-02
4.402880576115222766e+00,9.848792579892063914e-01,3.066060112427231310e-01,1.980521532607415480e-07,2.013561761751792023e-02
4.404880976195238773e+00,9.848792585224239726e-01,3.066060112317102737e-01,1.866237107073231982e-07,3.087844487690855066e-02
4.406881376275254780e+00,9.848792590829159588e-01,3.066060112200864607e-01,1.746107441413791150e-07,-1.126791128738172110e-02
4.408881776355270787e+00,9.848792596661318788e-01,3.066060112079523337e-01,1.621107766358598212e-07,-4.811630412782281346e-02
4.410882176435286794e+00,9.848792602676815777e-01,3.066060111954050926e-01,1.492178960393886200e-07,1.663118359699604712e-02
4.412882576515302802e+00,9.848792608833345508e-01,3.066060111825383849e-01,1.360227683544490418e-07,-3.508678274522281093e-03
4.414882976595318809e+00,9.848792615090202762e-01,3.066060111694423052e-01,1.226126308817576671e-07,6.939947738050311968e-03
4.416883376675334816e+00,9.848792621408279935e-01,3.066060111562034507e-01,1.090712971607565862e-07,-6.716268916716530701e-02
4.418883776755350823e+00,9.848792627750071471e-01,3.066060111429048107e-01,9.547914719965078234e-08,1.142822204659490332e-02
4.420884176835366830e+00,9.848792634079670538e-01,3.066060111296258772e-01,8.191313460859106499e-08,-6.876281325682485901e-02
4.422884576915382837e+00,9.848792640362767914e-01,3.066060111164426449e-01,6.844678923645375335e-08,-2.168508992834261573e-02
4.424884976995398844e+00,9.848792646566654208e-01,3.066060111034274449e-01,5.515021231361494358e-08,2.214759049846250910e-02
4.426885377075414851e+00,9.848792652660219860e-01,3.066060110906492220e-01,4.209007606337245022e-08,-4.561188673308294583e-02
4.428885777155430858e+00,9.848792658613954032e-01,3.066060110781732573e-01,2.932962694934815318e-08,-4.659503834878120365e-02
4.430886177235446866e+00,9.848792664399946828e-01,3.066060110660613902e-01,1.692867984681711846e-08,-1.124445790512956789e-02
4.432886577315462873e+00,9.848792669991884852e-01,3.066060110543719075e-01,4.943628284515000360e-09,4.116650691033954534e-02
4.434886977395478880e+00,9.848792675365054539e-01,3.066060110431594321e-01,-6.572562855078345478e-09,4.039130025459676532e-02
4.436887377475494887e+00,9.848792680496344376e-01,3.066060110324752563e-01,-1.757036202643114109e-08,-1.520708068868323326e-02
4.438887777555510894e+00,9.848792685364238242e-01,3.066060110223670088e-01,-2.800365717092745399e-08,2.498804018946337857e-02
4.440888177635526901e+00,9.848792689948822066e-01,3.066060110128787652e-01,-3.782976928934367322e-08,1.447286546384597694e-02
4.442888577715542908e+00,9.848792694231779388e-01,3.066060110040511044e-01,-4.700944353230873674e-08,6.524494305151157421e-03
4.444888977795558915e+00,9.848792698196393580e-01,3.066060109959211077e-01,-5.550685372446295673e-08,8.859650578765261575e-03
4.446889377875574922e+00,9.848792701827547846e-01,3.066060109885222484e-01,-6.328960228119129283e-08,-1.815278399780708915e-02
4.448889777955590930e+00,9.848792705111723000e-01,3.066060109818845025e-01,-7.032871557344222424e-08,2.000103114960483097e-02
4.450890178035606937e+00,9.848792708037001908e-01,3.066060109760342378e-01,-7.659865342013461031e-08,2.649912696019776637e-02
4.452890578115622944e+00,9.848792710593062827e-01,3.066060109709943804e-01,-8.207729484954739974e-08,6.749769372615248286e-02
4.454890978195638951e+00,9.848792712771186064e-01,3.066060109667843037e-01,-8.674595222690761886e-08,2.287981605631240339e-02
4.456891378275654958e+00,9.848792714564251760e-01,3.066060109634197728e-01,-9.058936664696481955e-08,-6.136808394243875586e-02
4.458891778355670965e+00,9.848792715966736555e-01,3.066060109609130557e-01,-9.359570099509717522e-08,-3.017763852839780436e-02
4.460892178435686972e+00,9.848792716974716921e-01,3.066060109592729788e-01,-9.575654635884944810e-08,8.252521001041120824e-03
4.462892578515702979e+00,9.848792717585872492e-01,3.066060109585046489e-01,-9.706692996602761525e-08,1.626630955378954337e-03
4.464892978595718986e+00,9.848792717799476071e-01,3.066060109586097315e-01,-9.752529345208316158e-08,-4.661033473497159380e-02
4.466893378675734994e+00,9.848792717616404735e-01,3.066060109595863947e-01,-9.713351639684120187e-08,-3.599263169301919821e-03
4.468893778755751001e+00,9.848792717039132061e-01,3.066060109614291429e-01,-9.589690025402219931e-08,-9.067994707160315776e-03
4.470894178835767008e+00,9.848792716071730347e-01,3.066060109641291498e-01,-9.382417262560061033e-08,-1.357061546610198628e-03
4.472894578915783015e+00,9.848792714719875052e-01,3.066060109676738143e-01,-9.092749697625635008e-08,-3.181729495969089477e-03
4.474894978995799022e+00,9.848792712990835918e-01,3.066060109720472049e-01,-8.722245353753876884e-08,2.289277759906902313e-02
4.476895379075815029e+00,9.848792710893484736e-01,3.066060109772296149e-01,-8.272805568365626527e-08,3.648751411856053506e-02
4.478895779155831036e+00,9.848792708438293131e-01,3.066060109831981184e-01,-7.746674629549588076e-08,1.696586502599003662e-02
4.480896179235847043e+00,9.848792705637329226e-01,3.066060109899259589e-01,-7.146438874006122433e-08,-2.788249074614231049e-02
4.482896579315863050e+00,9.848792702504264307e-01,3.066060109973829384e-01,-6.475028302421748094e-08,-2.170448881159772747e-02
4.484896979395879058e+00,9.848792699054363942e-01,3.066060110055354726e-01,-5.735714550536563650e-08,-1.667368120776368048e-02
4.486897379475895065e+00,9.848792695304496858e-01,3.066060110143461470e-01,-4.932112854239001365e-08,-1.523675114309177084e-03
4.488897779555911072e+00,9.848792691273130506e-01,3.066060110237742720e-01,-4.068181086447353323e-08,-1.078041273761289748e-02
4.490898179635927079e+00,9.848792686980329947e-01,3.066060110337754940e-01,-3.148219462900669896e-08,-8.860157631740561354e-03
4.492898579715943086e+00,9.848792682447761182e-01,3.066060110443019626e-01,-2.176871399806046270e-08,-2.317156849151908241e-02
4.494898979795959093e+00,9.848792677698687825e-01,3.066060110553022744e-01,-1.159122603455742251e-08,2.362302033385326600e-02
4.496899379875975100e+00,9.848792672757974431e-01,3.066060110667214733e-01,-1.003019667322746500e-09,2.117954096687335239e-02
4.498899779955991107e+00,9.848792667652083166e-01,3.066060110785010506e-01,9.939192996410994851e-09,2.376004919882539895e-02
4.500900180036007114e+00,9.848792662409077137e-01,3.066060110905790004e-01,2.117526817779769033e-08,-2.109023373147925120e-03
4.502900580116023121e+00,9.848792657058617062e-01,3.066060111028898194e-01,3.264163839222788965e-08,1.127199367882221470e-02
4.504900980196039129e+00,9.848792651631963491e-01,3.066060111153643963e-01,4.427130756434749514e-08,-2.287506934763053335e-02
4.506901380276055136e+00,9.848792646161976805e-01,3.066060111279300671e-01,5.599385075050200555e-08,-2.539176472939155826e-02
4.508901780356071143e+00,9.848792640683116106e-01,3.066060111405107258e-01,6.773541685878292640e-08,-1.368968085353431188e-02
4.510902180436087150e+00,9.848792635231440329e-01,3.066060111530266030e-01,7.941872620653711579e-08,1.452968812530020838e-02
4.512902580516103157e+00,9.848792629844607127e-01,3.066060111653944320e-01,9.096307260203495559e-08,-3.810134729304011456e-03
4.514902980596119164e+00,9.848792624561872877e-01,3.066060111775275598e-01,1.022843233999815027e-07,-2.863636587448644896e-02
4.516903380676135171e+00,9.848792619424093786e-01,3.066060111893355589e-01,1.132949178361819520e-07,2.249503597496036941e-03
4.518903780756151178e+00,9.848792614473724782e-01,3.066060112007246152e-01,1.239038684708315685e-07,1.049644114813655209e-02
4.520904180836167185e+00,9.848792609754821736e-01,3.066060112115973624e-01,1.340167565810901351e-07,4.008348422919504224e-03
4.522904580916183193e+00,9.848792605313038129e-01,3.066060112218527700e-01,1.435357401546877298e-07,-1.672585840076407440e-02
4.524904980996199200e+00,9.848792601195627272e-01,3.066060112313864772e-01,1.523595480334982710e-07,1.552230766794552479e-03
4.526905381076215207e+00,9.848792597451440090e-01,3.066060112400904591e-01,1.603834852426100355e-07,-1.059721218939755662e-02
4.528905781156231214e+00,9.848792594130930667e-01,3.066060112478530830e-01,1.674994209999169925e-07,-8.194597966950793386e-03
4.530906181236247221e+00,9.848792591286148479e-01,3.066060112545593852e-01,1.735958052861974465e-07,-2.292151004259374621e-03
4.532906581316263228e+00,9.848792588970742834e-01,3.066060112600907384e-01,1.785576594914850546e-07,1.878446851666578515e-02
4.534906981396279235e+00,9.848792587239965091e-01,3.066060112643249069e-01,1.822665716411098202e-07,4.558240342910364201e-02
4.536907381476295242e+00,9.848792586150661998e-01,3.066060112671362137e-01,1.846007105510416579e-07,3.891878850941050266e-02
4.538907781556311249e+00,9.848792585761282359e-01,3.066060112683954841e-01,1.854348113394799213e-07,1.566876641243741125e-02
4.540908181636327257e+00,9.848792586131873694e-01,3.066060112679699357e-01,1.846401833649480295e-07,-1.003941871199262592e-02
4.542908581716343264e+00,9.848792587324082248e-01,3.066060112657231773e-01,1.820847088940258374e-07,-7.750490542587544843e-03
4.544908981796359271e+00,9.848792589401151876e-01,3.066060112615154876e-01,1.776328470703969487e-07,-6.675270337411793459e-03
4.546909381876375278e+00,9.848792592425572590e-01,3.066060112552085881e-01,1.711506722179567674e-07,2.877619153548598499e-02
4.548909781956391285e+00,9.848792596073758787e-01,3.066060112475182953e-01,1.633316771554316205e-07,-6.913282077135542159e-02
4.550910182036407292e+00,9.848792600052643786e-01,3.066060112390928682e-01,1.548039479937202145e-07,6.445198742397280876e-03
4.552910582116423299e+00,9.848792604320891764e-01,3.066060112300236784e-01,1.456560738133383381e-07,-4.981209008982853681e-02
4.554910982196439306e+00,9.848792608838489171e-01,3.066060112203992660e-01,1.359738097395091216e-07,-9.661852224446693940e-05
4.556911382276455313e+00,9.848792613566745846e-01,3.066060112103052848e-01,1.258400746662058367e-07,3.311375017636273427e-02
4.558911782356471321e+00,9.848792618468292792e-01,3.066060111998244464e-01,1.153349556415328436e-07,-2.277340991430044578e-02
4.560912182436487328e+00,9.848792623507083288e-01,3.066060111890364648e-01,1.045357063411689325e-07,-5.707158946759111062e-02
4.562912582516503335e+00,9.848792628648393999e-01,3.066060111780181674e-01,9.351674420954303457e-08,3.242811071454856225e-02
4.564912982596519342e+00,9.848792633858823864e-01,3.066060111668434396e-01,8.234965262476912073e-08,3.764564229994540878e-02
4.566913382676535349e+00,9.848792639106292990e-01,3.066060111555833356e-01,7.110318378522606508e-08,1.246449754241064217e-02
4.568913782756551356e+00,9.848792644360045978e-01,3.066060111443059122e-01,5.984325091024089716e-08,3.138176717890796968e-02
4.570914182836567363e+00,9.848792649590646375e-01,3.066060111330762283e-01,4.863294106316473631e-08,-2.006219587272351640e-02
4.572914582916583370e+00,9.848792654769982224e-01,3.066060111219566231e-01,3.753250210625225236e-08,2.931541232739714661e-02
4.574914982996599377e+00,9.848792659871264954e-01,3.066060111110062159e-01,2.659934617010861757e-08,4.251563159398862729e-02
4.576915383076615385e+00,9.848792664869027158e-01,3.066060111002815169e-01,1.588805353947009280e-08,1.600448915949833489e-02
4.578915783156631392e+00,9.848792669739122596e-01,3.066060110898358726e-01,5.450373347093417919e-09,7.026610074059812944e-03
4.580916183236647399e+00,9.848792674458728413e-01,3.066060110797197980e-01,-4.664781255714345320e-09,3.208220380651285314e-02
4.582916583316663406e+00,9.848792679006345141e-01,3.066060110699809216e-01,-1.441133415380768668e-08,2.829867428267640594e-02
4.584916983396679413e+00,9.848792683361794476e-01,3.066060110606638744e-01,-2.374604013422043636e-08,-1.872070846887283202e-02
4.586917383476695420e+00,9.848792687506220389e-01,3.066060110518104009e-01,-3.262848757845659975e-08,3.400063358746888142e-02
4.588917783556711427e+00,9.848792691422089129e-01,3.066060110434593589e-01,-4.102109943393550395e-08,1.861545105928192820e-02
4.590918183636727434e+00,9.848792695093190330e-01,3.066060110356464974e-01,-4.888913399114791503e-08,3.967320899928470160e-03
4.592918583716743441e+00,9.848792698504635901e-01,3.066060110284049567e-01,-5.620068427303337444e-08,3.259291611229935687e-02
4.594918983796759449e+00,9.848792701642856695e-01,3.066060110217646018e-01,-6.292666923646272892e-08,2.313624947896409517e-02
4.596919383876775456e+00,9.848792704495612504e-01,3.066060110157526886e-01,-6.904085642078783280e-08,1.864829383882336475e-02
4.598919783956791463e+00,9.848792707051977624e-01,3.066060110103933090e-01,-7.451983036199649746e-08,-1.269627946360294551e-02
4.600920184036807470e+00,9.848792709302356396e-01,3.066060110057077237e-01,-7.934302609369225934e-08,2.083678615614678598e-02
4.602920584116823477e+00,9.848792711238468778e-01,3.066060110017143625e-01,-8.349269858820562717e-08,-2.771294380024856563e-02
4.604920984196839484e+00,9.848792712853362552e-01,3.066060109984284909e-01,-8.695394745905637990e-08,-3.161315023234678983e-03
4.606921384276855491e+00,9.848792714141403337e-01,3.066060109958627655e-01,-8.971469817042887485e-08,-4.233162163933934519e-02
4.608921784356871498e+00,9.848792715098283468e-01,3.066060109940265677e-01,-9.176571841296166099e-08,-4.260988925585727782e-02
4.610922184436887505e+00,9.848792715721012003e-01,3.066060109929266697e-01,-9.310059811973303567e-08,1.107630948249942529e-02
4.612922584516903513e+00,9.848792716007926940e-01,3.066060109925667354e-01,-9.371577550099097209e-08,-2.050261204751763124e-03
4.614922984596919520e+00,9.848792715958682997e-01,3.066060109929475974e-01,-9.361051075962301127e-08,2.118766420628252507e-03
4.616923384676935527e+00,9.848792715574260503e-01,3.066060109940669798e-01,-9.278690440983616838e-08,1.479865663181514912e-02
4.618923784756951534e+00,9.848792714856962061e-01,3.066060109959199975e-01,-9.124989180930853649e-08,8.749500945044690406e-03
4.620924184836967541e+00,9.848792713810410326e-01,3.066060109984985460e-01,-8.900723671989574370e-08,-2.215969779479019797e-02
4.622924584916983548e+00,9.848792712439551345e-01,3.066060110017916895e-01,-8.606953924572557924e-08,1.835708499476895739e-03
4.624924984996999555e+00,9.848792710750655655e-01,3.066060110057857169e-01,-8.245023819242192076e-08,-1.676837648381936932e-03
4.626925385077015562e+00,9.848792708751312741e-01,3.066060110104637526e-01,-7.816559896567376597e-08,-1.299933838562229195e-02
4.628925785157031569e+00,9.848792706450436585e-01,3.066060110158061458e-01,-7.323472570042177665e-08,-3.113784228740025268e-03
4.630926185237047576e+00,9.848792703858262332e-01,3.066060110217903034e-01,-6.767955382236401363e-08,-9.135468281961002177e-03
4.632926585317063584e+00,9.848792700986349624e-01,3.066060110283906348e-01,-6.152485748645020180e-08,-1.622778246591270387e-02
4.634926985397079591e+00,9.848792697847578159e-01,3.066060110355787183e-01,-5.479823975140796222e-08,-8.356569010665190408e-03
4.636927385477095598e+00,9.848792694456149910e-01,3.066060110433231900e-01,-4.753013768676872530e-08,5.874509284768308741e-03
4.638927785557111605e+00,9.848792690827591345e-01,3.066060110515896331e-01,-3.975382706356000995e-08,5.158059364255829227e-02
4.640928185637127612e+00,9.848792686978748989e-01,3.066060110603409106e-01,-3.150541227903147501e-08,-2.042459270537762273e-02
4.642928585717143619e+00,9.848792682927792752e-01,3.066060110695368324e-01,-2.282383468332760401e-08,1.304791116188671121e-02
4.644928985797159626e+00,9.848792678694214819e-01,3.066060110791343218e-01,-1.375086855492924087e-08,-3.653323259275702284e-02
4.646929385877175633e+00,9.848792674298830763e-01,3.066060110890873602e-01,-4.331125180723205403e-09,3.975061623143014145e-02
4.648929785957191640e+00,9.848792669763775098e-01,3.066060110993469867e-01,5.387957913161045553e-09,-8.334377820461421477e-03
4.650930186037207648e+00,9.848792665112509059e-01,3.066060111098612984e-01,1.535609994718356575e-08,3.471906817819385427e-03
4.652930586117223655e+00,9.848792660369813934e-01,3.066060111205756167e-01,2.552019029433694186e-08,3.193550508151663664e-02
4.654930986197239662e+00,9.848792655561793286e-01,3.066060111314321546e-01,3.582428548254412703e-08,2.469196439778910401e-02
4.656931386277255669e+00,9.848792650715871844e-01,3.066060111423702939e-01,4.620960988854783125e-08,-3.729643830512937436e-02
4.658931786357271676e+00,9.848792645860801054e-01,3.066060111533264743e-01,5.661454488548045560e-08,1.387987836146732136e-02
4.660932186437287683e+00,9.848792641026649086e-01,3.066060111642342489e-01,6.697464979832368215e-08,-5.684739952230410259e-03
4.662932586517303690e+00,9.848792636244810828e-01,3.066060111750240624e-01,7.722264067089312789e-08,1.547816593627420606e-02
4.664932986597319697e+00,9.848792631548002330e-01,3.066060111856237502e-01,8.728840175664664969e-08,3.809696980947381052e-03
4.666933386677335704e+00,9.848792626970259700e-01,3.066060111959579837e-01,9.709898876608669127e-08,1.840107893114812168e-02
4.668933786757351712e+00,9.848792622546943543e-01,3.066060112059484921e-01,1.065786185416861542e-07,7.298997541381019652e-03
4.670934186837367719e+00,9.848792618314736735e-01,3.066060112155142847e-01,1.156486739151141308e-07,-3.496242641969106446e-03
4.672934586917383726e+00,9.848792614311645544e-01,3.066060112245713176e-01,1.242277016810788837e-07,2.942459894959522856e-02
4.674934986997399733e+00,9.848792610576996287e-01,3.066060112330325493e-01,1.322314198970442334e-07,-3.860103226479613681e-02
4.676935387077415740e+00,9.848792607151437561e-01,3.066060112408081073e-01,1.395727121655809810e-07,-1.082636238753265610e-02
4.678935787157431747e+00,9.848792604076942458e-01,3.066060112478052324e-01,1.461616237208307467e-07,-2.388982912230904962e-02
4.680936187237447754e+00,9.848792601396805235e-01,3.066060112539281679e-01,1.519053685616889027e-07,-3.596636656810189413e-03
4.682936587317463761e+00,9.848792599155641314e-01,3.066060112590782150e-01,1.567083290354709391e-07,-1.074841155157010147e-02
4.684936987397479768e+00,9.848792597399391724e-01,3.066060112631538437e-01,1.604720465953057840e-07,-3.701039411796310311e-03
4.686937387477495776e+00,9.848792596175316438e-01,3.066060112660504711e-01,1.630952357611903381e-07,-1.226079186358374450e-02
4.688937787557511783e+00,9.848792595531999927e-01,3.066060112676607385e-01,1.644737727679590478e-07,-1.173978570629593925e-02
4.690938187637527790e+00,9.848792595519347826e-01,3.066060112678742344e-01,1.645007024209110824e-07,-4.110112574765525939e-02
4.692938587717543797e+00,9.848792596188588044e-01,3.066060112665776605e-01,1.630662352647416213e-07,-9.415744204497750744e-04
4.694938987797559804e+00,9.848792597592270770e-01,3.066060112636548873e-01,1.600577482496756687e-07,7.707782795839285793e-03
4.696939387877575811e+00,9.848792599784271795e-01,3.066060112589866771e-01,1.553597775982851203e-07,-1.490866513335779159e-02
4.698939787957591818e+00,9.848792602766280879e-01,3.066060112525694215e-01,1.489687016797969221e-07,-1.642329007357427526e-02
4.700940188037607825e+00,9.848792606217179335e-01,3.066060112451132191e-01,1.415727265974275895e-07,-1.611427015835177612e-02
4.702940588117623832e+00,9.848792610037060413e-01,3.066060112368392265e-01,1.333859674657045247e-07,4.197615597384871805e-02
4.704940988197639840e+00,9.848792614182787508e-01,3.066060112278427563e-01,1.245008726113994157e-07,4.700569564647808472e-03
4.706941388277655847e+00,9.848792618612548511e-01,3.066060112182163455e-01,1.150070517430545891e-07,9.693606008241232794e-03
4.708941788357671854e+00,9.848792623285856918e-01,3.066060112080495892e-01,1.049912734529812042e-07,-7.510037973023512246e-03
4.710942188437687861e+00,9.848792628163547391e-01,3.066060111974290292e-01,9.453747520926647496e-08,-1.249853238153463345e-02
4.712942588517703868e+00,9.848792633207779090e-01,3.066060111864384874e-01,8.372675525114559036e-08,-2.196440476790112104e-02
4.714942988597719875e+00,9.848792638382037889e-01,3.066060111751587325e-01,7.263736911955476216e-08,3.855326740328185453e-02
4.716943388677735882e+00,9.848792643651130829e-01,3.066060111636675356e-01,6.134474056507244200e-08,-4.251069422005163134e-02
4.718943788757751889e+00,9.848792648981189446e-01,3.066060111520398923e-01,4.992145494209232481e-08,7.499306948914008855e-03
4.720944188837767896e+00,9.848792654339670882e-01,3.066060111403478006e-01,3.843725640551021172e-08,-6.010007784478005495e-04
4.722944588917783904e+00,9.848792659695353446e-01,3.066060111286602607e-01,2.695905768068662667e-08,-6.390530440701987225e-03
4.724944988997799911e+00,9.848792665018343273e-01,3.066060111170434976e-01,1.555092590810325248e-08,-3.916017265194429720e-02
4.726945389077815918e+00,9.848792670280066552e-01,3.066060111055606274e-01,4.274099324463875860e-09,-3.087563149404105173e-02
4.728945789157831925e+00,9.848792675453275081e-01,3.066060110942720462e-01,-6.813025393848093358e-09,2.454161125016268707e-02
4.730946189237847932e+00,9.848792680512046260e-01,3.066060110832349861e-01,-1.765489207605774880e-08,-1.734334229761008359e-02
4.732946589317863939e+00,9.848792685431780880e-01,3.066060110725039589e-01,-2.819878083815119396e-08,2.197741754044861898e-02
4.734946989397879946e+00,9.848792690189199783e-01,3.066060110621304791e-01,-3.839480092193703342e-08,1.674317899134490292e-02
4.736947389477895953e+00,9.848792694762353861e-01,3.066060110521630078e-01,-4.819591209459517245e-08,1.448454395688022513e-02
4.738947789557911960e+00,9.848792699130615169e-01,3.066060110426472307e-01,-5.755790558059636908e-08,1.903722965829489702e-02
4.740948189637927968e+00,9.848792703274678040e-01,3.066060110336259470e-01,-6.643940639317058583e-08,-3.025673099937654237e-02
4.742948589717943975e+00,9.848792707176563521e-01,3.066060110251387916e-01,-7.480188277120269902e-08,-1.185156767258136422e-02
4.744948989797959982e+00,9.848792710819614937e-01,3.066060110172227349e-01,-8.260963713091484806e-08,1.696493713610541451e-02
4.746949389877975989e+00,9.848792714188501218e-01,3.066060110099116387e-01,-8.982981264393785636e-08,-3.155914684566287626e-02
4.748949789957991996e+00,9.848792717269215791e-01,3.066060110032364783e-01,-9.643239090584287965e-08,4.161491049257010078e-02
4.750950190038008003e+00,9.848792720049072136e-01,3.066060109972253978e-01,-1.023901828600681796e-07,-1.399106290954804654e-02
4.752950590118024010e+00,9.848792722516711562e-01,3.066060109919035437e-01,-1.076788454235089176e-07,-1.607891118072670312e-03
4.754950990198040017e+00,9.848792724662098763e-01,3.066060109872930095e-01,-1.122768709949095722e-07,-2.562826122383897801e-02
4.756951390278056024e+00,9.848792726476520709e-01,3.066060109834132241e-01,-1.161655864279076411e-07,9.145103627973367663e-03
4.758951790358072031e+00,9.848792727952591086e-01,3.066060109802803968e-01,-1.193291617185288089e-07,-1.834529427947440700e-02
4.760952190438088039e+00,9.848792729084244746e-01,3.066060109779080722e-01,-1.217545984311119156e-07,-6.062680313016627354e-03
4.762952590518104046e+00,9.848792729866743256e-01,3.066060109763066310e-01,-1.234317409670726562e-07,-2.846820558514864472e-02
4.764952990598120053e+00,9.848792730296669351e-01,3.066060109754837892e-01,-1.243532662398294519e-07,2.979379379557403618e-02
4.766953390678136060e+00,9.848792730371931370e-01,3.066060109754440433e-01,-1.245146911132977152e-07,-4.081579426968135610e-02
4.768953790758152067e+00,9.848792730091762149e-01,3.066060109761892249e-01,-1.239143716247337323e-07,1.127785534571039590e-02
4.770954190838168074e+00,9.848792729456717909e-01,3.066060109777180021e-01,-1.225534997650878921e-07,5.926631331916591347e-03
4.772954590918184081e+00,9.848792728468679369e-01,3.066060109800263223e-01,-1.204361061990510962e-07,1.094485806709265437e-02
4.774954990998200088e+00,9.848792727130849523e-01,3.066060109831070246e-01,-1.175690555188513287e-07,-2.551642559385906145e-02
4.776955391078216095e+00,9.848792725447756968e-01,3.066060109869502281e-01,-1.139620530443696822e-07,2.584340552996335430e-02
4.778955791158232103e+00,9.848792723425254803e-01,3.066060109915428877e-01,-1.096276431578058208e-07,2.410956881367570803e-02
4.780956191238247222e+00,9.848792721070519507e-01,3.066060109968691827e-01,-1.045812060007644817e-07,3.989431687796913921e-03
4.782956591318263229e+00,9.848792718392049839e-01,3.066060110029102947e-01,-9.884095569789863589e-08,7.816444864010172952e-03
4.784956991398279236e+00,9.848792715399670161e-01,3.066060110096445745e-01,-9.242794732355896770e-08,-3.934073449484889150e-03
4.786957391478295243e+00,9.848792712104530445e-01,3.066060110170473196e-01,-8.536607715159405529e-08,1.607617607858473699e-02
4.788957791558311250e+00,9.848792708519101824e-01,3.066060110250909965e-01,-7.768207280212102717e-08,-2.053005634677398938e-02
4.790958191638327257e+00,9.848792704657181041e-01,3.066060110337450739e-01,-6.940550242862109087e-08,1.387133737291493946e-02
4.792958591718343264e+00,9.848792700533889333e-01,3.066060110429760788e-01,-6.056877346893863034e-08,1.015810061228527260e-02
4.794958991798359271e+00,9.848792696165667993e-01,3.066060110527477622e-01,-5.120712207040689634e-08,-3.525076197966173913e-02
4.796959391878375278e+00,9.848792691570289470e-01,3.066060110630207114e-01,-4.135863726495436765e-08,-6.560130333991746887e-02
4.798959791958391286e+00,9.848792686766842941e-01,3.066060110737528488e-01,-3.106423007714909090e-08,-2.930779325792288656e-03
4.800960192038407293e+00,9.848792681775745406e-01,3.066060110848988773e-01,-2.036765742174928562e-08,-4.039021631433838654e-03
4.802960592118423300e+00,9.848792676618738362e-01,3.066060110964108354e-01,-9.315514498675625532e-09,3.045126293071697202e-02
4.804960992198439307e+00,9.848792671318885583e-01,3.066060111082376527e-01,2.042769564614133060e-09,1.439922200447153831e-03
4.806961392278455314e+00,9.848792665900576448e-01,3.066060111203254279e-01,1.365492446891991563e-08,-1.244492672964166852e-02
4.808961792358471321e+00,9.848792660389521503e-01,3.066060111326172621e-01,2.546584873530655102e-08,-3.399493528090073019e-02
4.810962192438487328e+00,9.848792654812758007e-01,3.066060111450534809e-01,3.741759718733916884e-08,-2.206554640053727361e-03
4.812962592518503335e+00,9.848792649198646609e-01,3.066060111575712455e-01,4.944938900020012795e-08,-1.459589759010630587e-02
4.814962992598519342e+00,9.848792643576872452e-01,3.066060111701049418e-01,6.149760398144188400e-08,-2.756793041238023156e-02
4.816963392678535349e+00,9.848792637978441844e-01,3.066060111825860135e-01,7.349579120297100587e-08,-3.010343645639967664e-03
4.818963792758551357e+00,9.848792632435690031e-01,3.066060111949429623e-01,8.537465120972420607e-08,2.642476618675583533e-02
4.820964192838567364e+00,9.848792626982271203e-01,3.066060112071013477e-01,9.706205780779519898e-08,2.319161305187241503e-03
4.822964592918583371e+00,9.848792621653167378e-01,3.066060112189838427e-01,1.084830394959546140e-07,-2.622645786444387575e-02
4.824964992998599378e+00,9.848792616484681739e-01,3.066060112305100671e-01,1.195597929271041693e-07,8.181944367000754462e-03
4.826965393078615385e+00,9.848792611514444184e-01,3.066060112415968653e-01,1.302116716117573958e-07,-2.745156229127872216e-02
4.828965793158631392e+00,9.848792606781405778e-01,3.066060112521581393e-01,1.403551972978256401e-07,-3.944180021169345352e-02
4.830966193238647399e+00,9.848792602325844303e-01,3.066060112621047384e-01,1.499040486185876375e-07,1.235650957734991950e-02
4.832966593318663406e+00,9.848792598189359815e-01,3.066060112713446806e-01,1.587690707238742505e-07,-1.375861504482208536e-02
4.834966993398679413e+00,9.848792594414876866e-01,3.066060112797830417e-01,1.668582693958864382e-07,2.783944030314821141e-02
4.836967393478695421e+00,9.848792591046643397e-01,3.066060112873219556e-01,1.740768147406868138e-07,7.775737983070209886e-03
4.838967793558711428e+00,9.848792588130232950e-01,3.066060112938606697e-01,1.803270358868847012e-07,-2.016032578069565373e-02
4.840968193638727435e+00,9.848792585712542458e-01,3.066060112992954334e-01,1.855084253987726584e-07,5.482817659658193593e-03
4.842968593718743442e+00,9.848792583841791126e-01,3.066060113035195545e-01,1.895176422461730681e-07,3.238806437112345255e-02
4.844968993798759449e+00,9.848792582567523768e-01,3.066060113064235648e-01,1.922485043936994487e-07,-4.717647242560853507e-03
4.846969393878775456e+00,9.848792581940610802e-01,3.066060113078948879e-01,1.935919891338233612e-07,-2.652807443726309944e-02
4.848969793958791463e+00,9.848792582013242702e-01,3.066060113078181160e-01,1.934362438560377484e-07,-1.653624988466954882e-02
4.850970194038807470e+00,9.848792582838936660e-01,3.066060113060748993e-01,1.916665734180700298e-07,-2.032633329134016578e-02
4.852970594118823477e+00,9.848792584472534362e-01,3.066060113025439460e-01,1.881654437541069314e-07,-2.952450970396177862e-02
4.854970994198839485e+00,9.848792586970198659e-01,3.066060112971010221e-01,1.828124893410443264e-07,-3.231193438266557333e-02
4.856971394278855492e+00,9.848792590364828792e-01,3.066060112896734080e-01,1.755372019962564423e-07,1.055966678206646421e-02
4.858971794358871499e+00,9.848792594379270904e-01,3.066060112808740579e-01,1.669335644716163358e-07,2.773656343395401042e-02
4.860972194438887506e+00,9.848792598877060822e-01,3.066060112710048413e-01,1.572940401539657529e-07,-9.046931428620589785e-03
4.862972594518903513e+00,9.848792603804216172e-01,3.066060112601852183e-01,1.467343211658533875e-07,1.966470353981349464e-02
4.864972994598919520e+00,9.848792609108369955e-01,3.066060112485309297e-01,1.353666382875040597e-07,2.270505811135513363e-02
4.866973394678935527e+00,9.848792614738773876e-01,3.066060112361542744e-01,1.232997524913681531e-07,4.209914811599217016e-02
4.868973794758951534e+00,9.848792620646299456e-01,3.066060112231639434e-01,1.106389537486318630e-07,-4.658591670910024705e-03
4.870974194838967541e+00,9.848792626783438031e-01,3.066060112096649637e-01,9.748606011328320164e-08,-8.735311822062503950e-03
4.872974594918983549e+00,9.848792633104299643e-01,3.066060111957589207e-01,8.393942071971416397e-08,1.053123665239946889e-02
4.874974994998999556e+00,9.848792639564611928e-01,3.066060111815436806e-01,7.009391816970023115e-08,2.439490528745385037e-03
4.876975395079015563e+00,9.848792646121724559e-01,3.066060111671136124e-01,5.604095826283739257e-08,7.550982798221673141e-03
4.878975795159031570e+00,9.848792652734601472e-01,3.066060111525594767e-01,4.186848764908823739e-08,3.241400326856841430e-02
4.880976195239047577e+00,9.848792659363831969e-01,3.066060111379684261e-01,2.766096940387541281e-08,-1.073174635548069383e-02
4.882976595319063584e+00,9.848792665971617399e-01,3.066060111234241159e-01,1.349941172734681061e-08,5.413465937982274434e-03
4.884976995399079591e+00,9.848792672521784475e-01,3.066060111090065377e-01,-5.386605050894388569e-10,-2.453098339425817051e-02
4.886977395479095598e+00,9.848792678979775284e-01,3.066060110947921302e-01,-1.437918431546059139e-08,-3.985930882213602894e-03
4.888977795559111605e+00,9.848792685312651729e-01,3.066060110808537242e-01,-2.795156864299208621e-08,-1.683275806701659341e-02
4.890978195639127613e+00,9.848792691489093309e-01,3.066060110672607086e-01,-4.118868862645896911e-08,-1.893860251992674631e-02
4.892978595719143620e+00,9.848792697479402669e-01,3.066060110540786421e-01,-5.402689856603970497e-08,-5.492921735971374557e-03
4.894978995799159627e+00,9.848792703255497827e-01,3.066060110413697526e-01,-6.640601432628123746e-08,-1.116389775564098630e-02
4.896979395879175634e+00,9.848792708790916617e-01,3.066060110291924934e-01,-7.826932349463966432e-08,9.289329447130291809e-03
4.898979795959191641e+00,9.848792714060816689e-01,3.066060110176018760e-01,-8.956358538148023740e-08,2.009579866843289042e-02
4.900980196039207648e+00,9.848792719041974397e-01,3.066060110066491928e-01,-1.002390275506304107e-07,-3.730916147677713901e-02
4.902980596119223655e+00,9.848792723712783692e-01,3.066060109963823499e-01,-1.102493457361131135e-07,2.508385374465018844e-02
4.904980996199239662e+00,9.848792728053259449e-01,3.066060109868454786e-01,-1.195517081997721220e-07,-5.565904593540874773e-02
4.906981396279255669e+00,9.848792732045035248e-01,3.066060109780792131e-01,-1.281067531222479516e-07,6.186183193953756314e-03
4.908981796359271677e+00,9.848792735671364484e-01,3.066060109701206349e-01,-1.358785900185122131e-07,1.775721355161246490e-02
4.910982196439287684e+00,9.848792738917115930e-01,3.066060109630031616e-01,-1.428347901899496009e-07,-1.626796846599720681e-02
4.912982596519303691e+00,9.848792741768781500e-01,3.066060109567567693e-01,-1.489464039883259261e-07,-5.727640652176800400e-03
4.914982996599319698e+00,9.848792744214471817e-01,3.066060109514076593e-01,-1.541879503519361094e-07,-1.954445391859455095e-02
4.916983396679335705e+00,9.848792746243912877e-01,3.066060109469786465e-01,-1.585374108381554237e-07,2.236861528255894294e-02
4.918983796759351712e+00,9.848792747848453821e-01,3.066060109434888270e-01,-1.619762451943174142e-07,-7.930435176876982073e-02
4.920984196839367719e+00,9.848792749021060278e-01,3.066060109409537437e-01,-1.644893776187039691e-07,-2.428031289320219804e-02
4.922984596919383726e+00,9.848792749756318798e-01,3.066060109393853872e-01,-1.660652064472412093e-07,-4.842498172778383209e-02
4.924984996999399733e+00,9.848792750050433531e-01,3.066060109387921950e-01,-1.666955963819383157e-07,4.709748445260335259e-03
4.926985397079415741e+00,9.848792749901227328e-01,3.066060109391789967e-01,-1.663758816550231501e-07,3.248029750869503574e-02
4.928985797159431748e+00,9.848792749308143968e-01,3.066060109405469580e-01,-1.651048701090118698e-07,2.978926667990049182e-02
4.930986197239447755e+00,9.848792748272243713e-01,3.066060109428938030e-01,-1.628848342316580045e-07,1.670361280487762945e-02
4.932986597319463762e+00,9.848792746796208863e-01,3.066060109462135364e-01,-1.597215222581827021e-07,6.205499883336703000e-03
4.934986997399479769e+00,9.848792744884339312e-01,3.066060109504967768e-01,-1.556241499278687712e-07,-1.915169811856958643e-02
4.936987397479495776e+00,9.848792742542552547e-01,3.066060109557303126e-01,-1.506053990407707488e-07,3.046017235220092878e-02
4.938987797559511783e+00,9.848792739778386984e-01,3.066060109618974905e-01,-1.446814255068318289e-07,1.558270853400359895e-02
4.940988197639527790e+00,9.848792736600998632e-01,3.066060109689781599e-01,-1.378718524625011099e-07,-2.110778178861860352e-02
4.942988597719543797e+00,9.848792733021165535e-01,3.066060109769483955e-01,-1.301997786251618550e-07,-3.198924706737487494e-02
4.944988997799559804e+00,9.848792729051280004e-01,3.066060109857808857e-01,-1.216917626667424202e-07,-1.571701954476495064e-02
4.946989397879575812e+00,9.848792724705357493e-01,3.066060109954444890e-01,-1.123778418377074928e-07,2.704521276747247349e-02
4.948989797959591819e+00,9.848792719999031053e-01,3.066060110059047883e-01,-1.022915201709384547e-07,3.127140600415644761e-02
4.950990198039607826e+00,9.848792714949553551e-01,3.066060110171235364e-01,-9.146977320018123692e-08,4.039479637155785063e-02
4.952990598119623833e+00,9.848792709575793225e-01,3.066060110290589891e-01,-7.995303855090618583e-08,-1.938564274636122090e-02
4.954990998199639840e+00,9.848792703898242573e-01,3.066060110416659601e-01,-6.778523467532160396e-08,-8.996480257232269614e-03
4.956991398279655847e+00,9.848792697939010576e-01,3.066060110548953777e-01,-5.501374447658413658e-08,3.456754814941915416e-02
4.958991798359671854e+00,9.848792691721823811e-01,3.066060110686948947e-01,-4.168941761251154787e-08,5.501337184131372716e-03
4.960992198439687861e+00,9.848792685272030889e-01,3.066060110830083896e-01,-2.786658021003418639e-08,1.910550204589055168e-02
4.962992598519703868e+00,9.848792678616598018e-01,3.066060110977762432e-01,-1.360302473440988535e-08,-3.302369599680714946e-02
4.964992998599719876e+00,9.848792671784110109e-01,3.066060111129352284e-01,1.039986791129265953e-09,-9.234799146905656175e-03
4.966993398679735883e+00,9.848792664804770780e-01,3.066060111284185652e-01,1.599772350702188817e-08,-3.947085624848656132e-04
4.968993798759751890e+00,9.848792657710404574e-01,3.066060111441558100e-01,3.120198061035139858e-08,-8.847873063119205198e-03
4.970994198839767897e+00,9.848792650534453630e-01,3.066060111600730775e-01,4.658108646027336874e-08,-1.034322016003927369e-02
4.972994598919783904e+00,9.848792643311978789e-01,3.066060111760928186e-01,6.205990044083620205e-08,-4.080843897364964945e-02
4.974994998999799911e+00,9.848792636079659601e-01,3.066060111921338205e-01,7.755981251689192391e-08,4.077768181104052259e-02
4.976995399079815918e+00,9.848792628875797650e-01,3.066060112081114841e-01,9.299873673929148765e-08,3.724725455647290642e-03
4.978995799159831925e+00,9.848792621740311004e-01,3.066060112239374358e-01,1.082911226524263526e-07,-3.633253648675035391e-02
4.980996199239847932e+00,9.848792614714735327e-01,3.066060112395198600e-01,1.233479529350045567e-07,2.701896340374311534e-02
4.982996599319863940e+00,9.848792607842229430e-01,3.066060112547633332e-01,1.380767317149533824e-07,1.810987905405237776e-03
4.984996999399879947e+00,9.848792601167567495e-01,3.066060112695687678e-01,1.523815011394979990e-07,1.809570383216863032e-02
4.986997399479895954e+00,9.848792594737144634e-01,3.066060112838335239e-01,1.661628295512862508e-07,-4.603887473871177624e-03
4.988997799559911961e+00,9.848792588598974662e-01,3.066060112974514640e-01,1.793178161513253599e-07,-1.932395432174406277e-02
4.990998199639927968e+00,9.848792582802690099e-01,3.066060113103128426e-01,1.917400906381594439e-07,-1.868356008266581353e-02
4.992998599719943975e+00,9.848792577399543280e-01,3.066060113223042505e-01,2.033198119033574613e-07,8.900985588953308145e-03
4.994998999799959982e+00,9.848792572442403026e-01,3.066060113333087811e-01,2.139436737491617890e-07,1.970500440653919286e-02
4.996999399879975989e+00,9.848792567985761304e-01,3.066060113432058643e-01,2.234948917045898042e-07,1.260331058495112871e-02
4.998999799959991996e+00,9.848792564085726564e-01,3.066060113518714880e-01,2.318532171252662977e-07,1.652039956363941797e-02
5.001000200040008004e+00,9.848792560800025964e-01,3.066060113591778657e-01,2.388949319198641064e-07,3.049813535097400941e-02
5.003000600120024011e+00,9.848792558188006474e-01,3.066060113649938801e-01,2.444928461908801864e-07,7.640953214876926823e-03
5.005001000200040018e+00,9.848792556310633772e-01,3.066060113691845834e-01,2.485163016485714138e-07,2.560308432017897179e-02
5.007001400280056025e+00,9.848792555230493351e-01,3.066060113716115310e-01,2.508311681692632078e-07,2.823715380249368703e-02
5.009001800360072032e+00,9.848792555011789407e-01,3.066060113721328362e-01,2.512998462378401854e-07,7.915839705543941882e-03
5.011002200440088039e+00,9.848792555720344843e-01,3.066060113706028378e-01,2.497812673085686441e-07,-1.249862971095148977e-03
5.013002600520104046e+00,9.848792557423602378e-01,3.066060113668723219e-01,2.461308917789395423e-07,-1.017204213782655839e-02
5.015003000600120053e+00,9.848792560190621215e-01,3.066060113607886883e-01,2.402007150126284074e-07,-2.933807088162658505e-02
5.017003400680136060e+00,9.848792564092082591e-01,3.066060113521954511e-01,2.318392566258431486e-07,-3.815407836422988336e-02
5.019003800760152068e+00,9.848792568935124114e-01,3.066060113415193245e-01,2.214598495697828184e-07,3.364016998064812275e-02
5.021004200840168075e+00,9.848792574320235360e-01,3.066060113296438794e-01,2.099187053905549050e-07,5.242456761887102825e-04
5.023004600920184082e+00,9.848792580181985334e-01,3.066060113167138335e-01,1.973560523615969231e-07,-1.282925342601851787e-02
5.025005001000200089e+00,9.848792586460121123e-01,3.066060113028624690e-01,1.839010218551706544e-07,4.035771480739627770e-02
5.027005401080216096e+00,9.848792593096303838e-01,3.066060112882187938e-01,1.696786426363949829e-07,2.523396647213195509e-02
5.029005801160232103e+00,9.848792600034107503e-01,3.066060112729077081e-01,1.548098443326928475e-07,2.476459576367571590e-03
5.031006201240248110e+00,9.848792607219020168e-01,3.066060112570497265e-01,1.394114539920998652e-07,2.616173561644464379e-02
5.033006601320264117e+00,9.848792614598441686e-01,3.066060112407611449e-01,1.235962020784686644e-07,-3.695921867204766346e-03
5.035007001400280124e+00,9.848792622121688156e-01,3.066060112241541513e-01,1.074727116467943944e-07,1.009065538897083343e-02
5.037007401480296132e+00,9.848792629739986371e-01,3.066060112073366040e-01,9.114551088873490414e-08,4.667849871617207880e-02
5.039007801560312139e+00,9.848792637406478256e-01,3.066060111904121421e-01,7.471502408429309128e-08,2.766374918998656604e-02
5.041008201640328146e+00,9.848792645076218655e-01,3.066060111734801863e-01,5.827757518228615652e-08,-5.608375154098239022e-03
5.043008601720344153e+00,9.848792652706176431e-01,3.066060111566358826e-01,4.192538671787815474e-08,1.861343035573320356e-02
5.045009001800360160e+00,9.848792660255232256e-01,3.066060111399701582e-01,2.574658353182712744e-08,3.085610994395627388e-02
5.047009401880376167e+00,9.848792667684180824e-01,3.066060111235698327e-01,9.825188440615306718e-09,-1.580921141744366784e-03
5.049009801960392174e+00,9.848792674955731963e-01,3.066060111075172845e-01,-5.758879900730207169e-09,-9.032482656873666235e-03
5.051010202040408181e+00,9.848792682034507306e-01,3.066060110918908399e-01,-2.092980036505487362e-08,4.836076882395638071e-02
5.053010602120424188e+00,9.848792688887041402e-01,3.066060110767644953e-01,-3.561585121270027798e-08,-5.857445429620158212e-03
5.055011002200440196e+00,9.848792695481783932e-01,3.066060110622080837e-01,-4.974941550384137656e-08,-3.136836839259764254e-02
5.057011402280456203e+00,9.848792701789097492e-01,3.066060110482870527e-01,-6.326697568614925160e-08,5.303095122181465323e-03
5.059011802360472210e+00,9.848792707781257594e-01,3.066060110350627976e-01,-7.610911409439147235e-08,5.906679364911580910e-02
5.061012202440488217e+00,9.848792713432452661e-01,3.066060110225923840e-01,-8.822051242307615837e-08,1.775092328087295862e-02
5.063012602520504224e+00,9.848792718718785144e-01,3.066060110109287140e-01,-9.954995464078741918e-08,2.610033387200859367e-02
5.065013002600520231e+00,9.848792723618272626e-01,3.066060110001203598e-01,-1.100503289885867986e-07,-5.188805496708689957e-02
5.067013402680536238e+00,9.848792728110842276e-01,3.066060109902117858e-01,-1.196786164892049698e-07,-1.134203188848412897e-02
5.069013802760552245e+00,9.848792732178338616e-01,3.066060109812430712e-01,-1.283959069342532899e-07,3.279591190090638819e-02
5.071014202840568252e+00,9.848792735804517973e-01,3.066060109732502426e-01,-1.361673879762825834e-07,-7.317950670083686604e-03
5.073014602920584259e+00,9.848792738975048477e-01,3.066060109662648858e-01,-1.429623439352933900e-07,3.579522456963303567e-02
5.075015003000600267e+00,9.848792741677515616e-01,3.066060109603145345e-01,-1.487541687883453534e-07,1.489050881643154411e-02
5.077015403080616274e+00,9.848792743901414459e-01,3.066060109554224478e-01,-1.535203488223224610e-07,1.297275577841386363e-02
5.079015803160632281e+00,9.848792745638154100e-01,3.066060109516075549e-01,-1.572424723206289343e-07,4.513985761160609761e-02
5.081016203240648288e+00,9.848792746881059879e-01,3.066060109488846774e-01,-1.599062344759261123e-07,-9.411196585796735917e-03
5.083016603320664295e+00,9.848792747625368937e-01,3.066060109472643624e-01,-1.615014280087478937e-07,-8.480983044937145249e-03
5.085017003400680302e+00,9.848792747868229114e-01,3.066060109467528827e-01,-1.620219398923428145e-07,5.934479206698229162e-03
5.087017403480696309e+00,9.848792747608706710e-01,3.066060109473523476e-01,-1.614657695048204999e-07,8.780574808836273323e-03
5.089017803560712316e+00,9.848792746847776503e-01,3.066060109490605368e-01,-1.598350055087571775e-07,-3.911001867200469828e-02
5.091018203640728323e+00,9.848792745588331732e-01,3.066060109518711219e-01,-1.571358490271013153e-07,3.408123755975083630e-02
5.093018603720744331e+00,9.848792743835174113e-01,3.066060109557733893e-01,-1.533785904395124078e-07,9.070611503765931005e-03
5.095019003800760338e+00,9.848792741595022715e-01,3.066060109607526285e-01,-1.485776299492425068e-07,-7.820172147961018888e-04
5.097019403880776345e+00,9.848792738876508412e-01,3.066060109667896327e-01,-1.427514649265937408e-07,1.890855522545462769e-02
5.099019803960792352e+00,9.848792735690173883e-01,3.066060109738611428e-01,-1.359226897978960125e-07,-6.514495930836469891e-03
5.101020204040808359e+00,9.848792732048478049e-01,3.066060109819395696e-01,-1.281180059820030692e-07,3.358953836832881401e-02
5.103020604120824366e+00,9.848792727965791638e-01,3.066060109909931608e-01,-1.193682121758410375e-07,5.035338445927077695e-03
5.105021004200840373e+00,9.848792723458400511e-01,3.066060110009858342e-01,-1.097082115431025073e-07,2.144870156394379501e-02
5.107021404280856380e+00,9.848792718544501223e-01,3.066060110118774551e-01,-9.917700177775046200e-08,-1.873887389232137268e-02
5.109021804360872387e+00,9.848792713244205466e-01,3.066060110236234482e-01,-8.781768570664816309e-08,-3.538998242391031956e-03
5.111022204440888395e+00,9.848792707579538952e-01,3.066060110361751301e-01,-7.567746770908989618e-08,1.268860352982208173e-02
5.113022604520904402e+00,9.848792701574440311e-01,3.066060110494795432e-01,-6.280765174615510205e-08,-2.026803786811203281e-02
5.115023004600920409e+00,9.848792695254759977e-01,3.066060110634795666e-01,-4.926363936230693241e-08,-1.315364088342948351e-02
5.117023404680936416e+00,9.848792688648263516e-01,3.066060110781137493e-01,-3.510493645775270011e-08,2.005169392467662758e-03
5.119023804760952423e+00,9.848792681784629410e-01,3.066060110933164218e-01,-2.039514834795141951e-08,3.110205648548587665e-02
5.121024204840968430e+00,9.848792674695451277e-01,3.066060111090177509e-01,-5.201985175951051588e-09,2.229632315876411974e-02
5.123024604920984437e+00,9.848792667414232316e-01,3.066060111251436293e-01,1.040275066088724998e-08,2.585438564795605396e-02
5.125025005001000444e+00,9.848792659976393082e-01,3.066060111416157308e-01,2.634314760774358888e-08,1.082131748975270757e-02
5.127025405081016451e+00,9.848792652419265936e-01,3.066060111583513992e-01,4.253919660968108474e-08,2.576472019854605597e-02
5.129025805161032459e+00,9.848792644782096151e-01,3.066060111752639261e-01,5.890678927977788248e-08,4.171760112994035014e-02
5.131026205241048466e+00,9.848792637106041914e-01,3.066060111922622733e-01,7.535771701094873265e-08,7.391097705260806471e-03
5.133026605321064473e+00,9.848792629434177659e-01,3.066060112092511281e-01,9.179966528605199017e-08,1.405552125352118459e-02
5.135027005401080480e+00,9.848792621811489623e-01,3.066060112261310699e-01,1.081362210053615769e-07,1.775200910662403167e-02
5.137027405481096487e+00,9.848792614284874736e-01,3.066060112427982376e-01,1.242668778156374998e-07,-4.690047480597853147e-02
5.139027805561112494e+00,9.848792606903149505e-01,3.066060112591447728e-01,1.400870140721988122e-07,6.293187133001525808e-04
5.141028205641128501e+00,9.848792599717036689e-01,3.066060112750584321e-01,1.554879232590344884e-07,1.354178141647027593e-02
5.143028605721144508e+00,9.848792592779178623e-01,3.066060112904228641e-01,1.703567850119824811e-07,2.191981860703547808e-02
5.145029005801160515e+00,9.848792586144128336e-01,3.066060113051172764e-01,1.845766838537432619e-07,-4.975645496724961404e-03
5.147029405881176523e+00,9.848792579868350661e-01,3.066060113190168801e-01,1.980266070289449232e-07,2.740670375807121098e-02
5.149029805961192530e+00,9.848792574010227785e-01,3.066060113319925562e-01,2.105814327912902684e-07,-1.299726720497530741e-02
5.151030206041208537e+00,9.848792568630052591e-01,3.066060113439108559e-01,2.221119443923669223e-07,-1.430900951338184152e-03
5.153030606121224544e+00,9.848792563790031984e-01,3.066060113546342780e-01,2.324848231427534273e-07,4.501774270365237890e-02
5.155031006201240551e+00,9.848792559554285786e-01,3.066060113640209916e-01,2.415626502438872336e-07,-3.084471891190603346e-02
5.157031406281256558e+00,9.848792555988848951e-01,3.066060113719249469e-01,2.492039032353510208e-07,8.892381228773167060e-04
5.159031806361272565e+00,9.848792553161667129e-01,3.066060113781958196e-01,2.552629641272563532e-07,-8.828119157659159539e-04
5.161032206441288572e+00,9.848792551142603324e-01,3.066060113826790667e-01,2.595901059387895060e-07,4.955100038427185738e-04
5.163032606521304579e+00,9.848792550003429014e-01,3.066060113852160374e-01,2.620315114887361574e-07,-1.063380545245437743e-02
5.165033006601320587e+00,9.848792549817833031e-01,3.066060113856436953e-01,2.624292546049566965e-07,1.888631239033968998e-02
5.167033406681336594e+00,9.848792550661417122e-01,3.066060113837948409e-01,2.606213092282150257e-07,-2.414487323238486555e-02
5.169033806761352601e+00,9.848792552611694839e-01,3.066060113794980002e-01,2.564415520212026678e-07,-3.046808803147402211e-02
5.171034206841368608e+00,9.848792555748093758e-01,3.066060113725775360e-01,2.497197578166243659e-07,1.449255903137461159e-02
5.173034606921384615e+00,9.848792560139965069e-01,3.066060113628799599e-01,2.403072963397256956e-07,-2.735402459973592174e-02
5.175035007001400622e+00,9.848792565284177902e-01,3.066060113515182706e-01,2.292824531624493289e-07,1.174510068995748314e-02
5.177035407081416629e+00,9.848792570839324245e-01,3.066060113392474751e-01,2.173769173274830990e-07,2.869065256357447927e-03
5.179035807161432636e+00,9.848792576751231875e-01,3.066060113261874776e-01,2.047067879096253762e-07,-1.484792891571215523e-02
5.181036207241448643e+00,9.848792582967503817e-01,3.066060113124540742e-01,1.913843599987696820e-07,-6.378378003231930000e-03
5.183036607321464651e+00,9.848792589437518341e-01,3.066060112981592867e-01,1.775181232566147571e-07,-2.844629081323150357e-04
5.185037007401480658e+00,9.848792596112428965e-01,3.066060112834111950e-01,1.632127630823987374e-07,1.335096760009445507e-02
5.187037407481496665e+00,9.848792602945164454e-01,3.066060112683138272e-01,1.485691603630989732e-07,-1.371418386654062530e-02
5.189037807561512672e+00,9.848792609890431038e-01,3.066060112529674364e-01,1.336843863941616917e-07,-3.225358232568533660e-03
5.191038207641528679e+00,9.848792616904709085e-01,3.066060112374682234e-01,1.186517104567741399e-07,-3.382095649788941644e-02
5.193038607721544686e+00,9.848792623946253100e-01,3.066060112219085587e-01,1.035605994292865262e-07,-4.952515916850856736e-03
5.195039007801560693e+00,9.848792630975095053e-01,3.066060112063768717e-01,8.849671065402908710e-08,-4.608286211715690445e-02
5.197039407881576700e+00,9.848792637953043272e-01,3.066060111909575947e-01,7.354189510144770736e-08,6.284812570892131609e-04
5.199039807961592707e+00,9.848792644843680222e-01,3.066060111757312745e-01,5.877420070077299386e-08,-9.667427053282426352e-03
5.201040208041608714e+00,9.848792651612362503e-01,3.066060111607745720e-01,4.426787358902117830e-08,5.392985234172499587e-02
5.203040608121624722e+00,9.848792658226226404e-01,3.066060111461601512e-01,3.009334581527411956e-08,3.368072529066788029e-02
5.205041008201640729e+00,9.848792664654180129e-01,3.066060111319567905e-01,1.631725171646891681e-08,-2.223348776958627201e-03
5.207041408281656736e+00,9.848792670866908239e-01,3.066060111182292713e-01,3.002418869080258901e-09,2.515652871039320698e-02
5.209041808361672743e+00,9.848792676836871651e-01,3.066060111050386561e-01,-9.792132604768966075e-09,8.499243054257841351e-03
5.211042208441688750e+00,9.848792682538306531e-01,3.066060110924417881e-01,-2.201118648459399196e-08,-2.731345685222140787e-02
5.213042608521704757e+00,9.848792687947224289e-01,3.066060110804917360e-01,-3.360333175606022849e-08,-5.926694603549893109e-02
5.215043008601720764e+00,9.848792693041411583e-01,3.066060110692377383e-01,-4.452096180607156839e-08,2.893695490613100788e-02
5.217043408681736771e+00,9.848792697800432538e-01,3.066060110587249254e-01,-5.472027950204072511e-08,1.091829347126000924e-02
5.219043808761752778e+00,9.848792702205625416e-01,3.066060110489945423e-01,-6.416128983666169461e-08,-4.770876441818849845e-02
5.221044208841768786e+00,9.848792706240102612e-01,3.066060110400840588e-01,-7.280780012219878472e-08,1.700593178505143549e-02
5.223044608921784793e+00,9.848792709888755104e-01,3.066060110320267262e-01,-8.062742937187117320e-08,2.387422975449301696e-02
5.225045009001800800e+00,9.848792713138246890e-01,3.066060110248521875e-01,-8.759159647597769549e-08,-1.605826369679623153e-02
5.227045409081816807e+00,9.848792715977018331e-01,3.066060110185859777e-01,-9.367552752936880722e-08,2.071768943978054278e-02
5.229045809161832814e+00,9.848792718395287249e-01,3.066060110132496352e-01,-9.885825749678112118e-08,-4.202562288087663411e-02
5.231046209241848821e+00,9.848792720385043387e-01,3.066060110088610347e-01,-1.031226195824519465e-07,-4.549831213865542304e-03
5.233046609321864828e+00,9.848792721940055062e-01,3.066060110054338317e-01,-1.064552580531952231e-07,1.774322726424816185e-03
5.235047009401879947e+00,9.848792723055864728e-01,3.066060110029779628e-01,-1.088466197174398076e-07,2.041401122636678570e-02
5.237047409481895954e+00,9.848792723729790088e-01,3.066060110014993678e-01,-1.102909561734310984e-07,1.080406014463675818e-02
5.239047809561911961e+00,9.848792723960926310e-01,3.066060110009999895e-01,-1.107863280280785290e-07,6.385070578150963370e-03
5.241048209641927969e+00,9.848792723750142697e-01,3.066060110014779405e-01,-1.103345985964399034e-07,1.469536825385949277e-02
5.243048609721943976e+00,9.848792723100083801e-01,3.066060110029273367e-01,-1.089414351784778745e-07,-1.555004651472732813e-02
5.245049009801959983e+00,9.848792722015170531e-01,3.066060110053384635e-01,-1.066163128060626519e-07,3.772063758381951487e-02
5.247049409881975990e+00,9.848792720501597930e-01,3.066060110086976098e-01,-1.033725081645009425e-07,-7.748560502778239004e-03
5.249049809961991997e+00,9.848792718567339621e-01,3.066060110129870675e-01,-9.922711002863238150e-08,2.058411004889662901e-02
5.251050210042008004e+00,9.848792716222142252e-01,3.066060110181853537e-01,-9.420100702262068637e-08,6.336565645429316279e-04
5.253050610122024011e+00,9.848792713477527716e-01,3.066060110242669889e-01,-8.831889236615708683e-08,-5.436106646778175733e-03
5.255051010202040018e+00,9.848792710346795376e-01,3.066060110312024967e-01,-8.160926837086357466e-08,1.533767640146461823e-02
5.257051410282056025e+00,9.848792706845018730e-01,3.066060110389586257e-01,-7.410444013977723898e-08,1.184654895798837801e-02
5.259051810362072032e+00,9.848792702989047632e-01,3.066060110474980172e-01,-6.584051928659739872e-08,3.425351389812087560e-02
5.261052210442088040e+00,9.848792698797507184e-01,3.066060110567795371e-01,-5.685742221483991443e-08,2.752280186168475085e-02
5.263052610522104047e+00,9.848792694290798844e-01,3.066060110667580552e-01,-4.719887264359456935e-08,-1.350618084882303227e-02
5.265053010602120054e+00,9.848792689491097097e-01,3.066060110773844438e-01,-3.691239347514141400e-08,1.320017738490085468e-02
5.267053410682136061e+00,9.848792684422353894e-01,3.066060110886058565e-01,-2.604931764738083189e-08,3.230836927800810957e-03
5.269053810762152068e+00,9.848792679110297543e-01,3.066060111003653388e-01,-1.466478494194234372e-08,-1.920790724709607600e-02
5.271054210842168075e+00,9.848792673582431600e-01,3.066060111126019949e-01,-2.817739486182802011e-09,-2.682880958491692600e-02
5.273054610922184082e+00,9.848792667868032646e-01,3.066060111252511544e-01,9.429074632194556216e-09,7.031448739515920761e-03
5.275055011002200089e+00,9.848792661998155840e-01,3.066060111382441500e-01,2.200910123595356538e-08,-1.270986877154836603e-02
5.277055411082216096e+00,9.848792656005630475e-01,3.066060111515082620e-01,3.485198238339926036e-08,-3.400509130706359795e-02
5.279055811162232104e+00,9.848792649925062204e-01,3.066060111649669961e-01,4.788355295604063144e-08,-1.722343097190155757e-03
5.281056211242248111e+00,9.848792643792830814e-01,3.066060111785399722e-01,6.102584504397157161e-08,6.160226729012535651e-03
5.283056611322264118e+00,9.848792637647092452e-01,3.066060111921426468e-01,7.419708486500198319e-08,3.111645093229658057e-03
5.285057011402280125e+00,9.848792631527780728e-01,3.066060112056868125e-01,8.731168829601010373e-08,-2.949318767008213271e-02
5.287057411482296132e+00,9.848792625476601170e-01,3.066060112190802101e-01,1.002802740845964991e-07,-1.388506206993963057e-02
5.289057811562312139e+00,9.848792619537037885e-01,3.066060112322266384e-01,1.130096492774068651e-07,3.479981836484800917e-02
5.291058211642328146e+00,9.848792613754348002e-01,3.066060112450259556e-01,1.254028209607405131e-07,-1.865996853584912102e-02
5.293058611722344153e+00,9.848792608175567231e-01,3.066060112573741891e-01,1.373589846309641871e-07,-7.601637692600124452e-03
5.295059011802360160e+00,9.848792602849503197e-01,3.066060112691633699e-01,1.487735378780108420e-07,5.815708547663069050e-02
5.297059411882376168e+00,9.848792597826743211e-01,3.066060112802816429e-01,1.595380647312349964e-07,9.241019651364302395e-03
5.299059811962392175e+00,9.848792593159647613e-01,3.066060112906131008e-01,1.695403487600444237e-07,-1.203187454695824922e-02
5.301060212042408182e+00,9.848792588902351985e-01,3.066060113000381171e-01,1.786643695489420480e-07,-4.810151482475143875e-02
5.303060612122424189e+00,9.848792585110768272e-01,3.066060113084330130e-01,1.867902990060343882e-07,8.185421260714323410e-03
5.305061012202440196e+00,9.848792581842583660e-01,3.066060113156701128e-01,1.937945050545231140e-07,-3.427294979600105373e-02
5.307061412282456203e+00,9.848792579157261695e-01,3.066060113216179106e-01,1.995495484685694265e-07,-2.103838742382935960e-04
5.309061812362472210e+00,9.848792577116041169e-01,3.066060113261410702e-01,2.039241846496508970e-07,-2.126393765760922067e-02
5.311062212442488217e+00,9.848792575781935010e-01,3.066060113291000921e-01,2.067833679564312632e-07,-4.145581380548341022e-02
5.313062612522504224e+00,9.848792575219734724e-01,3.066060113303517021e-01,2.079882401306853978e-07,4.165740613346229776e-02
5.315063012602520232e+00,9.848792575496003732e-01,3.066060113297487399e-01,2.073961457849105017e-07,-2.333941749198258087e-03
5.317063412682536239e+00,9.848792576679084032e-01,3.066060113271399934e-01,2.048606175253375739e-07,2.327215189683765062e-02
5.319063812762552246e+00,9.848792578839091760e-01,3.066060113223703643e-01,2.002313860272053603e-07,1.874710397231009809e-02
5.321064212842568253e+00,9.848792582047918298e-01,3.066060113152808686e-01,1.933543768706247334e-07,-1.800265908970232268e-02
5.323064612922584260e+00,9.848792586048742415e-01,3.066060113064395520e-01,1.847799971366193006e-07,2.458545565549664740e-03
5.325065013002600267e+00,9.848792590386609147e-01,3.066060112968526652e-01,1.754832839873099459e-07,-8.703908437063838030e-03
5.327065413082616274e+00,9.848792595015598561e-01,3.066060112866218490e-01,1.655626508112462147e-07,2.430544507336034055e-02
5.329065813162632281e+00,9.848792599893940736e-01,3.066060112758393630e-01,1.551076170003273802e-07,1.094920064700381258e-02
5.331066213242648288e+00,9.848792604981274623e-01,3.066060112645945801e-01,1.442046821675813106e-07,-8.687501619341441231e-03
5.333066613322664296e+00,9.848792610238643608e-01,3.066060112529736537e-01,1.329373364722385986e-07,4.162161215390862423e-02
5.335067013402680303e+00,9.848792615628499947e-01,3.066060112410596283e-01,1.213860501003694026e-07,1.311672677338993759e-02
5.337067413482696310e+00,9.848792621114701440e-01,3.066060112289323847e-01,1.096282815915561315e-07,1.168442503660359691e-02
5.339067813562712317e+00,9.848792626662512539e-01,3.066060112166688612e-01,9.773847420291303933e-08,-1.943856506901229728e-02
5.341068213642728324e+00,9.848792632238602129e-01,3.066060112043426655e-01,8.578806176551267981e-08,1.030638001516723939e-02
5.343068613722744331e+00,9.848792637811047967e-01,3.066060111920244635e-01,7.384545855360080679e-08,-3.649864203751306685e-02
5.345069013802760338e+00,9.848792643349335574e-01,3.066060111797817567e-01,6.197606128299781858e-08,1.166079506745649683e-02
5.347069413882776345e+00,9.848792648824352680e-01,3.066060111676789379e-01,5.024226240601947779e-08,-2.327689352400697659e-02
5.349069813962792352e+00,9.848792654208399222e-01,3.066060111557772361e-01,3.870342732414933096e-08,4.681835236044450121e-03
5.351070214042808360e+00,9.848792659475175126e-01,3.066060111441348823e-01,2.741592075583554333e-08,-6.843588853196649890e-03
5.353070614122824367e+00,9.848792664599793634e-01,3.066060111328068327e-01,1.643307923071546384e-08,5.795287977278472218e-03
5.355071014202840374e+00,9.848792669558769086e-01,3.066060111218451567e-01,5.805235736566771720e-09,9.012546295891557535e-03
5.357071414282856381e+00,9.848792674330024699e-01,3.066060111112985931e-01,-4.420295546259112029e-09,-1.381131690339107128e-03
5.359071814362872388e+00,9.848792678892890340e-01,3.066060111012128275e-01,-1.419921547007874096e-08,-1.356568868324956045e-03
5.361072214442888395e+00,9.848792683228102529e-01,3.066060110916306036e-01,-2.349023969783203825e-08,-3.717007056467394599e-02
5.363072614522904402e+00,9.848792687317803329e-01,3.066060110825912788e-01,-3.225509562221340332e-08,-4.744795514867033992e-02
5.365073014602920409e+00,9.848792691145541456e-01,3.066060110741313238e-01,-4.045852577960751262e-08,3.153968613408605209e-02
5.367073414682936416e+00,9.848792694696273387e-01,3.066060110662840454e-01,-4.806828968195731022e-08,1.434954427205777962e-02
5.369073814762952424e+00,9.848792697956361142e-01,3.066060110590794752e-01,-5.505515870973809456e-08,-3.697879030710535253e-02
5.371074214842968431e+00,9.848792700913574505e-01,3.066060110525448135e-01,-6.139292227369530508e-08,4.773003559569570509e-02
5.373074614922984438e+00,9.848792703557086581e-01,3.066060110467038746e-01,-6.705837593545815878e-08,-1.785996070166878669e-02
5.375075015003000445e+00,9.848792705877481568e-01,3.066060110415775863e-01,-7.203134089195373235e-08,1.277399208233063847e-02
5.377075415083016452e+00,9.848792707866745877e-01,3.066060110371836567e-01,-7.629464221503567956e-08,1.063069645505731499e-02
5.379075815163032459e+00,9.848792709518274791e-01,3.066060110335366296e-01,-7.983412536605172249e-08,2.713820596982363317e-03
5.381076215243048466e+00,9.848792710826871355e-01,3.066060110306480513e-01,-8.263865242108536791e-08,1.521166512657336038e-02
5.383076615323064473e+00,9.848792711788741938e-01,3.066060110285263596e-01,-8.470009285610480276e-08,-3.434809978725960472e-02
5.385077015403080480e+00,9.848792712401500671e-01,3.066060110271767170e-01,-8.601333359448126714e-08,-9.036016010834359248e-04
5.387077415483096487e+00,9.848792712664170557e-01,3.066060110266013994e-01,-8.657628072783474238e-08,-6.351454134199474751e-03
5.389077815563112495e+00,9.848792712577177921e-01,3.066060110267993521e-01,-8.638984780318104129e-08,2.188994169706118178e-03
5.391078215643128502e+00,9.848792712142357964e-01,3.066060110277666340e-01,-8.545796822967410833e-08,-6.854511259010401432e-03
5.393078615723144509e+00,9.848792711362950314e-01,3.066060110294960284e-01,-8.378758473148728569e-08,-1.605166542316411801e-02
5.395079015803160516e+00,9.848792710243601256e-01,3.066060110319772103e-01,-8.138865500995073887e-08,-1.827921047281437159e-02
5.397079415883176523e+00,9.848792708790367056e-01,3.066060110351968571e-01,-7.827415887673438988e-08,2.211681157258092723e-02
5.399079815963192530e+00,9.848792707010706193e-01,3.066060110391384264e-01,-7.446008074007970379e-08,-2.120011451882777842e-02
5.401080216043208537e+00,9.848792704913486018e-01,3.066060110437823782e-01,-6.996542467607724802e-08,9.061437641007639640e-03
5.403080616123224544e+00,9.848792702508980534e-01,3.066060110491058421e-01,-6.481220948817423277e-08,8.746974491371430765e-03
5.405081016203240551e+00,9.848792699808868178e-01,3.066060110550831719e-01,-5.902546390545992949e-08,-2.447546259365671398e-03
5.407081416283256559e+00,9.848792696826236259e-01,3.066060110616852796e-01,-5.263323590853907774e-08,1.058420376161554877e-02
5.409081816363272566e+00,9.848792693575578738e-01,3.066060110688801910e-01,-4.566658842741766478e-08,1.355214358820334454e-02
5.411082216443288573e+00,9.848792690072794009e-01,3.066060110766326563e-01,-3.815959401243240734e-08,-1.330392198425274335e-02
5.413082616523304580e+00,9.848792686335188229e-01,3.066060110849044840e-01,-3.014934241152289474e-08,8.404103987252074803e-03
5.415083016603320587e+00,9.848792682381473096e-01,3.066060110936542626e-01,-2.167593560198355362e-08,4.763880813379159362e-02
5.417083416683336594e+00,9.848792678231770292e-01,3.066060111028374724e-01,-1.278249761593741596e-08,-2.677274419856184862e-02
5.419083816763352601e+00,9.848792673907603712e-01,3.066060111124065402e-01,-3.515157220856934828e-09,-7.560226905272877246e-03
5.421084216843368608e+00,9.848792669431905011e-01,3.066060111223106732e-01,6.076939507160261655e-09,-1.917323464147534240e-02
5.423084616923384615e+00,9.848792664829014720e-01,3.066060111324961368e-01,1.594162701845647234e-08,4.962529895624726711e-02
5.425085017003400623e+00,9.848792660124676690e-01,3.066060111429059210e-01,2.602373253002276954e-08,-3.506966092043059535e-02
5.427085417083416630e+00,9.848792655346042535e-01,3.066060111534799626e-01,3.626506578369159683e-08,1.771273120248114655e-04
5.429085817163432637e+00,9.848792650521672742e-01,3.066060111641551456e-01,4.660441735304665656e-08,2.322852912766060901e-02
5.431086217243448644e+00,9.848792645681530011e-01,3.066060111748651340e-01,5.697757285427762497e-08,-2.170493102288796952e-02
5.433086617323464651e+00,9.848792640856987024e-01,3.066060111855405945e-01,6.731729565445654373e-08,-3.400239597307800656e-03
5.435087017403480658e+00,9.848792636080820895e-01,3.066060111961089740e-01,7.755333944481357378e-08,-1.779914394163503027e-02
5.437087417483496665e+00,9.848792631387217611e-01,3.066060112064947218e-01,8.761243849852995424e-08,-3.351064900914497990e-02
5.439087817563512672e+00,9.848792626811766482e-01,3.066060112166191232e-01,9.741831955012436595e-08,-1.775939439205179854e-03
5.441088217643528679e+00,9.848792622391465690e-01,3.066060112264002990e-01,1.068916898883109923e-07,1.232998364644260526e-02
5.443088617723544687e+00,9.848792618164720070e-01,3.066060112357533174e-01,1.159502421854696763e-07,-9.960292396652178915e-03
5.445089017803560694e+00,9.848792614171339999e-01,3.066060112445901376e-01,1.245086567180919701e-07,4.078087949639611944e-03
5.447089417883576701e+00,9.848792610452542506e-01,3.066060112528195547e-01,1.324785990075572073e-07,1.705757452887239969e-02
5.449089817963592708e+00,9.848792607050950165e-01,3.066060112603473664e-01,1.397687228177346697e-07,2.980982835107413159e-02
5.451090218043608715e+00,9.848792604010595531e-01,3.066060112670761506e-01,1.462846593858202482e-07,-3.086387537078154678e-02
5.453090618123624722e+00,9.848792601376914480e-01,3.066060112729054321e-01,1.519290328821920610e-07,1.528150640498087201e-02
5.455091018203640729e+00,9.848792599196749542e-01,3.066060112777315161e-01,1.566014526666048567e-07,-1.553117040326605462e-02
5.457091418283656736e+00,9.848792597518352121e-01,3.066060112814477656e-01,1.601985086530088864e-07,-4.710207784540559883e-02
5.459091818363672743e+00,9.848792596391376941e-01,3.066060112839443796e-01,1.626137832166918429e-07,-1.944937813843147442e-02
5.461092218443688751e+00,9.848792595866888711e-01,3.066060112851082819e-01,1.637378370666908722e-07,1.599817961481025258e-02
5.463092618523704758e+00,9.848792595997355459e-01,3.066060112848235653e-01,1.634582233456249867e-07,7.656645407271796266e-03
5.465093018603720765e+00,9.848792596836654090e-01,3.066060112829709916e-01,1.616594752784639155e-07,-2.741442243162306447e-02
5.467093418683736772e+00,9.848792598440067048e-01,3.066060112794283254e-01,1.582231146934898192e-07,4.010521818030120950e-02
5.469093818763752779e+00,9.848792600864283431e-01,3.066060112740701116e-01,1.530276479422276736e-07,1.004897142865574661e-02
5.471094218843768786e+00,9.848792604000042861e-01,3.066060112671381011e-01,1.463072367147155717e-07,-1.728466460424375826e-03
5.473094618923784793e+00,9.848792607501177798e-01,3.066060112593979037e-01,1.388037703664579681e-07,-1.354884302195918759e-02
5.475095019003800800e+00,9.848792611316530277e-01,3.066060112509626512e-01,1.306268883338734810e-07,1.041233751441492626e-02
5.477095419083816807e+00,9.848792615406612994e-01,3.066060112419197181e-01,1.218612175335476167e-07,-9.693812785457294259e-03
5.479095819163832815e+00,9.848792619733195419e-01,3.066060112323536480e-01,1.125886921193863799e-07,2.830938353867133717e-02
5.481096219243848822e+00,9.848792624259296025e-01,3.066060112223462641e-01,1.028885689702274675e-07,7.815296594962181306e-03
5.483096619323864829e+00,9.848792628949188943e-01,3.066060112119766146e-01,9.283741400634148988e-08,1.534100397304364108e-02
5.485097019403880836e+00,9.848792633768396199e-01,3.066060112013208605e-01,8.250911881502176470e-08,-7.644706568726171436e-03
5.487097419483896843e+00,9.848792638683696588e-01,3.066060111904525542e-01,7.197488133270368849e-08,-3.687453479255119876e-02
5.489097819563912850e+00,9.848792643663117907e-01,3.066060111794423615e-01,6.130322305342161826e-08,1.314977785301029573e-02
5.491098219643928857e+00,9.848792648675941397e-01,3.066060111683582834e-01,5.055997864822359134e-08,-2.517952380981741678e-02
5.493098619723944864e+00,9.848792653692700627e-01,3.066060111572654345e-01,3.980829949012942848e-08,-2.654862704821299435e-03
5.495099019803960871e+00,9.848792658685182611e-01,3.066060111462262650e-01,2.910865001815032826e-08,-3.541960845935802774e-04
5.497099419883976879e+00,9.848792663626424471e-01,3.066060111353003936e-01,1.851881586967252247e-08,-1.947685516133330214e-02
5.499099819963992886e+00,9.848792668490717883e-01,3.066060111245447195e-01,8.093893805183327572e-09,2.216571324176033753e-02
5.501100220044008893e+00,9.848792673253604635e-01,3.066060111140132549e-01,-2.113698410743936051e-09,-3.561213701191862785e-02
5.503100620124024900e+00,9.848792677891879954e-01,3.066060111037574032e-01,-1.205422944794420914e-08,3.716397526665637246e-02
5.505101020204040907e+00,9.848792682383591401e-01,3.066060110938256811e-01,-2.168065180163658567e-08,-1.472481322018380848e-02
5.507101420284056914e+00,9.848792686708038868e-01,3.066060110842638853e-01,-3.094860234753582517e-08,2.400760186074001046e-02
5.509101820364072921e+00,9.848792690845773468e-01,3.066060110751150369e-01,-3.981639867811637146e-08,3.221049987688643507e-02
5.511102220444088928e+00,9.848792694778600865e-01,3.066060110664193816e-01,-4.824504776235194470e-08,-2.148395273615065493e-02
5.513102620524104935e+00,9.848792698489577946e-01,3.066060110582143894e-01,-5.619823817415436906e-08,-1.833024569286931249e-02
5.515103020604120942e+00,9.848792701963012819e-01,3.066060110505348102e-01,-6.364233948175090916e-08,2.340711978929892884e-02
5.517103420684136950e+00,9.848792705184465923e-01,3.066060110434124519e-01,-7.054640557835334391e-08,4.646483590097045743e-03
5.519103820764152957e+00,9.848792708140752250e-01,3.066060110368766245e-01,-7.688217895651661138e-08,2.050783621754467389e-03
5.521104220844168964e+00,9.848792710819936902e-01,3.066060110309536402e-01,-8.262408152104327996e-08,-4.554836091357938876e-02
5.523104620924184971e+00,9.848792713211338423e-01,3.066060110256671467e-01,-8.774922097276594002e-08,-4.088861670721573305e-02
5.525105021004200978e+00,9.848792715305527690e-01,3.066060110210380163e-01,-9.223738950403514991e-08,1.336931961173575337e-02
5.527105421084216985e+00,9.848792717094325688e-01,3.066060110170843456e-01,-9.607105810882643482e-08,3.570576873654066757e-02
5.529105821164232992e+00,9.848792718570809068e-01,3.066060110138214001e-01,-9.923538907274931375e-08,-1.764428932545135734e-02
5.531106221244248999e+00,9.848792719729304590e-01,3.066060110112617254e-01,-1.017182235663049994e-07,-2.152457493027949698e-02
5.533106621324265006e+00,9.848792720565392456e-01,3.066060110094152025e-01,-1.035100896107365998e-07,5.205006602677714894e-03
5.535107021404281014e+00,9.848792721075904089e-01,3.066060110082887147e-01,-1.046041963881361170e-07,1.154695582604098152e-02
5.537107421484297021e+00,9.848792721258924354e-01,3.066060110078865364e-01,-1.049964392374480582e-07,1.399081879422455800e-02
5.539107821564313028e+00,9.848792721113789339e-01,3.066060110082101664e-01,-1.046853953245996394e-07,-1.094960962971392934e-02
5.541108221644329035e+00,9.848792720641087461e-01,3.066060110092583280e-01,-1.036723261682581665e-07,-4.837324110452950049e-02
5.543108621724345042e+00,9.848792719842660581e-01,3.066060110110268577e-01,-1.019611785557650308e-07,3.625690926355695093e-02
5.545109021804361049e+00,9.848792718721602890e-01,3.066060110135089833e-01,-9.955858423782437683e-08,-1.234525075527166151e-02
5.547109421884377056e+00,9.848792717282258691e-01,3.066060110166950459e-01,-9.647385357247628690e-08,3.123656298706427650e-02
5.549109821964393063e+00,9.848792715530225728e-01,3.066060110205727218e-01,-9.271898318563565056e-08,-4.947099103442742507e-02
5.551110222044409070e+00,9.848792713472356297e-01,3.066060110251268567e-01,-8.830865896869433129e-08,9.226861470211402197e-03
5.553110622124425078e+00,9.848792711116752807e-01,3.066060110303394648e-01,-8.326024555915800818e-08,-1.242267269004798842e-02
5.555111022204441085e+00,9.848792708472768886e-01,3.066060110361898960e-01,-7.759378881089240565e-08,-2.696628402354983578e-02
5.557111422284457092e+00,9.848792705551011606e-01,3.066060110426546692e-01,-7.133202165054974841e-08,2.411988569232353941e-02
5.559111822364473099e+00,9.848792702363342588e-01,3.066060110497075830e-01,-6.450036532656966415e-08,3.208286897041067592e-02
5.561112222444489106e+00,9.848792698922872457e-01,3.066060110573196051e-01,-5.712691777959300055e-08,-1.455955742001843571e-02
5.563112622524505113e+00,9.848792695243965278e-01,3.066060110654589832e-01,-4.924246349569116887e-08,1.606961930565553240e-02
5.565113022604521120e+00,9.848792691342238559e-01,3.066060110740911893e-01,-4.088047309003250973e-08,-2.668818059603716986e-02
5.567113422684537127e+00,9.848792687234559917e-01,3.066060110831788643e-01,-3.207709650676626723e-08,-1.535510406051381407e-02
5.569113822764553134e+00,9.848792682939050414e-01,3.066060110926819848e-01,-2.287116990240534165e-08,-6.090427015153258676e-03
5.571114222844569142e+00,9.848792678475084550e-01,3.066060111025576962e-01,-1.330421581235974315e-08,-8.625247253097566291e-03
5.573114622924585149e+00,9.848792673863288050e-01,3.066060111127603127e-01,-3.420438127177405363e-09,1.585687997223833232e-02
5.575115023004601156e+00,9.848792669125536747e-01,3.066060111232415397e-01,6.733279545034775992e-09,-2.995817935748114683e-02
5.577115423084617163e+00,9.848792664284964360e-01,3.066060111339501404e-01,1.710735841875532515e-08,2.403947047872827605e-02
5.579115823164633170e+00,9.848792659365950275e-01,3.066060111448322689e-01,2.764954973311084530e-08,2.399599155617246002e-02
5.581116223244649177e+00,9.848792654394131763e-01,3.066060111558311374e-01,3.830490880041281798e-08,-5.403131223908361723e-03
5.583116623324665184e+00,9.848792649396393983e-01,3.066060111668872934e-01,4.901581684979561260e-08,-2.939023874142707160e-02
5.585117023404681191e+00,9.848792644400878871e-01,3.066060111779385089e-01,5.972196123749107244e-08,-5.901116665107174197e-02
5.587117423484697198e+00,9.848792639436976248e-01,3.066060111889197803e-01,7.036035523655392865e-08,-1.564049940951739784e-03
5.589117823564713206e+00,9.848792634535331603e-01,3.066060111997633841e-01,8.086532085616049415e-08,-1.777020713824632378e-02
5.591118223644729213e+00,9.848792629727840531e-01,3.066060112103986546e-01,9.116850124835096381e-08,2.541682694109685062e-03
5.593118623724745220e+00,9.848792625047652072e-01,3.066060112207523725e-01,1.011988524091123054e-07,-2.618227865082416519e-02
5.595119023804761227e+00,9.848792620529166486e-01,3.066060112307483765e-01,1.108826499784942854e-07,6.624666228687863434e-05
5.597119423884777234e+00,9.848792616208038586e-01,3.066060112403078408e-01,1.201434800812695158e-07,-1.526352655661266083e-03
5.599119823964793241e+00,9.848792612121172185e-01,3.066060112493491641e-01,1.289022522055205400e-07,2.791127710436533296e-04
5.601120224044809248e+00,9.848792608306726759e-01,3.066060112577879693e-01,1.370771847419849365e-07,7.082076882817015320e-03
5.603120624124825255e+00,9.848792604804113004e-01,3.066060112655369929e-01,1.445838148372846632e-07,7.236247494402808962e-03
5.605121024204841262e+00,9.848792601653991730e-01,3.066060112725063624e-01,1.513350002257940474e-07,2.404797037862754783e-02
5.607121424284857270e+00,9.848792598898278294e-01,3.066060112786033187e-01,1.572409097094773500e-07,-1.940599370606029342e-02
5.609121824364873277e+00,9.848792596580140390e-01,3.066060112837324381e-01,1.622090287645150397e-07,1.785092039920077589e-02
5.611122224444889284e+00,9.848792594743998041e-01,3.066060112877954658e-01,1.661441580702582854e-07,3.987523389170751810e-03
5.613122624524905291e+00,9.848792593435521381e-01,3.066060112906913715e-01,1.689484199207669235e-07,-1.033342856186255515e-02
5.615123024604921298e+00,9.848792592701635096e-01,3.066060112923164049e-01,1.705212476221795725e-07,-2.464576422953831600e-02
5.617123424684937305e+00,9.848792592590516204e-01,3.066060112925639292e-01,1.707593904332060930e-07,3.613910053552609608e-02
5.619123824764953312e+00,9.848792593151592945e-01,3.066060112913246982e-01,1.695569162019072706e-07,5.957371196496212030e-03
5.621124224844969319e+00,9.848792594435545888e-01,3.066060112884865796e-01,1.668052087844262843e-07,-1.274678421284746246e-02
5.623124624924985326e+00,9.848792596494309048e-01,3.066060112839346652e-01,1.623929658245426566e-07,1.845034789770709938e-03
5.625125025005001334e+00,9.848792599374242007e-01,3.066060112775664814e-01,1.562208314653812380e-07,1.690507984940726907e-04
5.627125425085017341e+00,9.848792602859953726e-01,3.066060112698584250e-01,1.487504214525703361e-07,-1.288615886293290741e-02
5.629125825165033348e+00,9.848792606790505166e-01,3.066060112611664334e-01,1.403266524646618052e-07,-3.406726064245542418e-02
5.631126225245049355e+00,9.848792611117221929e-01,3.066060112515981984e-01,1.310538412513384543e-07,3.848307383740328172e-03
5.633126625325065362e+00,9.848792615792875127e-01,3.066060112412581362e-01,1.210332061796215442e-07,-3.966159072336960557e-03
5.635127025405081369e+00,9.848792620771681383e-01,3.066060112302475549e-01,1.103628681775603582e-07,-6.908194019255868915e-03
5.637127425485097376e+00,9.848792626009307272e-01,3.066060112186644870e-01,9.913784035364692215e-08,2.442830297596943270e-02
5.639127825565113383e+00,9.848792631462861547e-01,3.066060112066038568e-01,8.745004520527288605e-08,-3.238498339155759104e-02
5.641128225645129390e+00,9.848792637090902913e-01,3.066060111941572575e-01,7.538829760456167151e-08,-2.351957162472884111e-02
5.643128625725145397e+00,9.848792642853433366e-01,3.066060111814131739e-01,6.303831959209027502e-08,4.053437243253304664e-03
5.645129025805161405e+00,9.848792648711903741e-01,3.066060111684568712e-01,5.048272755381333354e-08,2.069188356874334875e-02
5.647129425885177412e+00,9.848792654629210386e-01,3.066060111553703948e-01,3.780104038120235543e-08,1.520351284044469536e-02
5.649129825965193419e+00,9.848792660569696267e-01,3.066060111422326817e-01,2.506967636262125154e-08,1.807154239001764959e-02
5.651130226045209426e+00,9.848792666499149862e-01,3.066060111291193380e-01,1.236195623643965291e-08,-5.428184519549138914e-02
5.653130626125225433e+00,9.848792672384807378e-01,3.066060111161028612e-01,-2.519023323266367242e-10,1.236370987107148108e-02
5.655131026205241440e+00,9.848792678195350536e-01,3.066060111032524738e-01,-1.270477961723415206e-08,1.040635028254941960e-02
5.657131426285257447e+00,9.848792683900908784e-01,3.066060110906342895e-01,-2.493265821579271346e-08,1.698807219621563044e-02
5.659131826365273454e+00,9.848792689473054862e-01,3.066060110783112025e-01,-3.687461463952601548e-08,-1.688750393921996037e-02
5.661132226445289461e+00,9.848792694884810350e-01,3.066060110663428318e-01,-4.847282952802345335e-08,1.271303970009785879e-02
5.663132626525305469e+00,9.848792700110644560e-01,3.066060110547856876e-01,-5.967258709382861070e-08,2.489597382360956082e-02
5.665133026605321476e+00,9.848792705126470093e-01,3.066060110436930053e-01,-7.042226421449804263e-08,3.980406658274113219e-02
5.667133426685337483e+00,9.848792709909648391e-01,3.066060110331149113e-01,-8.067334300587702955e-08,6.403345245825833171e-03
5.669133826765353490e+00,9.848792714438985296e-01,3.066060110230982017e-01,-9.038040135744829229e-08,-3.270268790833095324e-02
5.671134226845369497e+00,9.848792718694734383e-01,3.066060110136866745e-01,-9.950111937162553488e-08,1.517114713633329476e-03
5.673134626925385504e+00,9.848792722658595844e-01,3.066060110049206866e-01,-1.079962780037302394e-07,1.609454837673718330e-02
5.675135027005401511e+00,9.848792726313714274e-01,3.066060109968375413e-01,-1.158297533998542406e-07,1.285828349682139118e-02
5.677135427085417518e+00,9.848792729644684218e-01,3.066060109894713781e-01,-1.229685292203352986e-07,4.748023900964468830e-02
5.679135827165433525e+00,9.848792732637542402e-01,3.066060109828530611e-01,-1.293826804860120916e-07,-4.768090626017166926e-03
5.681136227245449533e+00,9.848792735279776611e-01,3.066060109770102349e-01,-1.350453910642368527e-07,-2.495446224407459404e-02
5.683136627325465540e+00,9.848792737560315702e-01,3.066060109719673799e-01,-1.399329342677280152e-07,-1.551538273364585878e-02
5.685137027405481547e+00,9.848792739469540702e-01,3.066060109677458123e-01,-1.440246948369861002e-07,1.643137633506012996e-02
5.687137427485497554e+00,9.848792740999273709e-01,3.066060109643635734e-01,-1.473031464027663162e-07,-1.958815746678686104e-02
5.689137827565513561e+00,9.848792742142786771e-01,3.066060109618355956e-01,-1.497538699712919197e-07,-2.552566375974543375e-02
5.691138227645528680e+00,9.848792742894796337e-01,3.066060109601734807e-01,-1.513655418505788219e-07,-2.044100138555885599e-02
5.693138627725544687e+00,9.848792743251467696e-01,3.066060109593858329e-01,-1.521299441420431720e-07,3.008323526321220187e-02
5.695139027805560694e+00,9.848792743210410539e-01,3.066060109594778149e-01,-1.520419534439820808e-07,6.101999308176696279e-03
5.697139427885576701e+00,9.848792742770680064e-01,3.066060109604516470e-01,-1.510995455145103250e-07,-8.077621463651223424e-03
5.699139827965592708e+00,9.848792741932780315e-01,3.066060109623061081e-01,-1.493038002398083819e-07,2.121764424181116562e-02
5.701140228045608715e+00,9.848792740698660841e-01,3.066060109650369236e-01,-1.466588957776959745e-07,1.721626191109290258e-02
5.703140628125624723e+00,9.848792739071717817e-01,3.066060109686365442e-01,-1.431721107503225454e-07,-2.382894894866156854e-02
5.705141028205640730e+00,9.848792737056791813e-01,3.066060109730943117e-01,-1.388538192481636457e-07,2.078048672855578594e-02
5.707141428285656737e+00,9.848792734660172243e-01,3.066060109783963483e-01,-1.337175004889612495e-07,6.275215631444539671e-03
5.709141828365672744e+00,9.848792731889595142e-01,3.066060109845254456e-01,-1.277797340160091721e-07,-5.066747642399073437e-02
5.711142228445688751e+00,9.848792728754239834e-01,3.066060109914613974e-01,-1.210601923151699566e-07,-2.903202632729047494e-02
5.713142628525704758e+00,9.848792725264735592e-01,3.066060109991806115e-01,-1.135816556641078279e-07,6.723131846480778946e-03
5.715143028605720765e+00,9.848792721433157205e-01,3.066060110076564427e-01,-1.053700021957926225e-07,1.229403379176553096e-02
5.717143428685736772e+00,9.848792717273023856e-01,3.066060110168589703e-01,-9.645420559478701250e-08,-6.797688320659443090e-03
5.719143828765752779e+00,9.848792712799303573e-01,3.066060110267550542e-01,-8.686634456189779030e-08,-2.435601379005886483e-02
5.721144228845768787e+00,9.848792708028408782e-01,3.066060110373084457e-01,-7.664159359932476434e-08,6.442217595424517065e-03
5.723144628925784794e+00,9.848792702978199642e-01,3.066060110484796208e-01,-6.581822958873217999e-08,-4.487975741505513538e-02
5.725145029005800801e+00,9.848792697667984042e-01,3.066060110602258360e-01,-5.443763226309350500e-08,1.407986177174875425e-02
5.727145429085816808e+00,9.848792692118512049e-01,3.066060110725012389e-01,-4.254427227179391480e-08,-3.385782692499202887e-03
5.729145829165832815e+00,9.848792686351984793e-01,3.066060110852567577e-01,-3.018573002666613547e-08,-3.199000216237393897e-04
5.731146229245848822e+00,9.848792680392047805e-01,3.066060110984400455e-01,-1.741268151889130422e-08,-1.572757527851621762e-02
5.733146629325864829e+00,9.848792674263791014e-01,3.066060111119955911e-01,-4.278898096954364405e-09,2.086686805247590579e-02
5.735147029405880836e+00,9.848792667993754302e-01,3.066060111258647192e-01,9.158740960080180571e-09,-5.717031972193454409e-02
5.737147429485896843e+00,9.848792661609921950e-01,3.066060111399855348e-01,2.284026129339977729e-08,-2.103036287985432518e-02
5.739147829565912851e+00,9.848792655141724861e-01,3.066060111542929234e-01,3.670258794108427480e-08,1.471243986033701247e-02
5.741148229645928858e+00,9.848792648620041668e-01,3.066060111687186063e-01,5.067954322868217787e-08,-1.694677167566618903e-02
5.743148629725944865e+00,9.848792642077195403e-01,3.066060111831910850e-01,6.470185423546048753e-08,3.656467023640878888e-02
5.745149029805960872e+00,9.848792635546955720e-01,3.066060111976356972e-01,7.869714696573382184e-08,1.096930445051195677e-02
5.747149429885976879e+00,9.848792629064541115e-01,3.066060112119745051e-01,9.258994337901782501e-08,-1.837043031105523375e-02
5.749149829965992886e+00,9.848792622666613372e-01,3.066060112261264625e-01,1.063016714653031158e-07,2.792344502626271929e-02
5.751150230046008893e+00,9.848792616391282007e-01,3.066060112400071924e-01,1.197506568628714518e-07,-1.676533277770659571e-03
5.753150630126024900e+00,9.848792610278104265e-01,3.066060112535293203e-01,1.328521221644063388e-07,1.502230800321494378e-02
5.755151030206040907e+00,9.848792604368080683e-01,3.066060112666020854e-01,1.455181974086006136e-07,-1.453604527439547600e-02
5.757151430286056915e+00,9.848792598703661749e-01,3.066060112791315628e-01,1.576579045370340992e-07,-1.410464694863756280e-02
5.759151830366072922e+00,9.848792593328742351e-01,3.066060112910207747e-01,1.691771701894939639e-07,1.830533957138474541e-02
5.761152230446088929e+00,9.848792588288663996e-01,3.066060113021693012e-01,1.799788207634822612e-07,3.291067154045235286e-03
5.763152630526104936e+00,9.848792583630213704e-01,3.066060113124737807e-01,1.899625844403729502e-07,-1.784086897222286403e-02
5.765153030606120943e+00,9.848792579401627334e-01,3.066060113218274652e-01,1.990250844685625964e-07,-2.084626653199263616e-02
5.767153430686136950e+00,9.848792575652585146e-01,3.066060113301204981e-01,2.070598487946551103e-07,1.694653584477639682e-02
5.769153830766152957e+00,9.848792572434214021e-01,3.066060113372397478e-01,2.139573046233689269e-07,4.441428057900052850e-02
5.771154230846168964e+00,9.848792569799087460e-01,3.066060113430689182e-01,2.196047791114263958e-07,-1.973332598632000084e-02
5.773154630926184971e+00,9.848792567801226694e-01,3.066060113474886606e-01,2.238864963144404641e-07,1.779008828324360816e-02
5.775155031006200979e+00,9.848792566496097356e-01,3.066060113503761286e-01,2.266835853192983308e-07,-7.076896048552172580e-02
5.777155431086216986e+00,9.848792565940612809e-01,3.066060113516055341e-01,2.278740720562666411e-07,-3.318797310678019835e-02
5.779155831166232993e+00,9.848792566193130815e-01,3.066060113510478136e-01,2.273328869040192046e-07,1.777663775879057689e-02
5.781156231246249000e+00,9.848792567313459090e-01,3.066060113485706284e-01,2.249318530322952370e-07,4.033467497535080104e-02
5.783156631326265007e+00,9.848792569362848637e-01,3.066060113440384760e-01,2.205397002241760163e-07,2.669021346733964177e-03
5.785157031406281014e+00,9.848792572403998191e-01,3.066060113373128004e-01,2.140220554947003251e-07,1.461294399746425679e-02
5.787157431486297021e+00,9.848792576458121895e-01,3.066060113283465838e-01,2.053334537954754069e-07,7.563106413694295829e-03
5.789157831566313028e+00,9.848792581180809691e-01,3.066060113179016056e-01,1.952120179116167975e-07,2.607791958170427998e-02
5.791158231646329035e+00,9.848792586433054996e-01,3.066060113062853976e-01,1.839556599547709226e-07,-2.557358272931805829e-02
5.793158631726345043e+00,9.848792592154086423e-01,3.066060112936322413e-01,1.716946223528914572e-07,1.690212297571720007e-02
5.795159031806361050e+00,9.848792598284979993e-01,3.066060112800725879e-01,1.585551879512703266e-07,-9.510468870536588348e-03
5.797159431886377057e+00,9.848792604768660253e-01,3.066060112657326142e-01,1.446596781806697152e-07,-7.154859495508980594e-03
5.799159831966393064e+00,9.848792611549903597e-01,3.066060112507344448e-01,1.301264454800499237e-07,1.104885758600328716e-03
5.801160232046409071e+00,9.848792618575329394e-01,3.066060112351962630e-01,1.150698923646498173e-07,-3.844540317236055590e-03
5.803160632126425078e+00,9.848792625793411082e-01,3.066060112192319220e-01,9.960044855539251785e-08,-1.773207304515658431e-02
5.805161032206441085e+00,9.848792633154466181e-01,3.066060112029513340e-01,8.382459085187754511e-08,-5.071009157386010061e-03
5.807161432286457092e+00,9.848792640610662952e-01,3.066060111864603033e-01,6.784482997623797473e-08,-2.211774780348678415e-02
5.809161832366473099e+00,9.848792648116017068e-01,3.066060111698605262e-01,5.175971720672301046e-08,3.781959839477624929e-02
5.811162232446489107e+00,9.848792655626393833e-01,3.066060111532496468e-01,3.566383999231703683e-08,1.853249707517885814e-02
5.813162632526505114e+00,9.848792663099507072e-01,3.066060111367212015e-01,1.964782395114106350e-08,-8.949413636461149221e-03
5.815163032606521121e+00,9.848792670494916912e-01,3.066060111203645633e-01,3.798338005234214165e-09,4.053722699139123559e-02
5.817163432686537128e+00,9.848792677774034221e-01,3.066060111042652192e-01,-1.180191569472022195e-08,3.302563565813645963e-02
5.819163832766553135e+00,9.848792684900118388e-01,3.066060110885042711e-01,-2.707419624603524255e-08,1.332498793776592388e-02
5.821164232846569142e+00,9.848792691838275104e-01,3.066060110731589905e-01,-4.194371996946166803e-08,-1.191606953228106780e-02
5.823164632926585149e+00,9.848792698555460801e-01,3.066060110583024856e-01,-5.633966937423906529e-08,7.658865444211900714e-03
5.825165033006601156e+00,9.848792705020478211e-01,3.066060110440037012e-01,-7.019518397100021900e-08,1.542488889773645233e-02
5.827165433086617163e+00,9.848792711203981920e-01,3.066060110303275854e-01,-8.344737198462404137e-08,3.561996749269814855e-02
5.829165833166633170e+00,9.848792717078471703e-01,3.066060110173349229e-01,-9.603729647644776435e-08,-3.147171975143209493e-03
5.831166233246649178e+00,9.848792722618296969e-01,3.066060110050825016e-01,-1.079099841982955610e-07,-1.268320512173038740e-02
5.833166633326665185e+00,9.848792727799655644e-01,3.066060109936228906e-01,-1.190144235385659499e-07,5.792936791501761967e-02
5.835167033406681192e+00,9.848792732600594180e-01,3.066060109830047176e-01,-1.293035649108098539e-07,3.558130138660661745e-02
5.837167433486697199e+00,9.848792737001008657e-01,3.066060109732724470e-01,-1.387343223635539857e-07,9.035862912626519902e-03
5.839167833566713206e+00,9.848792740982640348e-01,3.066060109644664355e-01,-1.472675647817833777e-07,-2.141294457928531042e-02
5.841168233646729213e+00,9.848792744529082377e-01,3.066060109566229319e-01,-1.548681295704401606e-07,1.335014463949395908e-02
5.843168633726745220e+00,9.848792747625774169e-01,3.066060109497742436e-01,-1.615048112468819852e-07,2.893521907527200204e-02
5.845169033806761227e+00,9.848792750260005890e-01,3.066060109439483483e-01,-1.671503709332888832e-07,1.996442746912185928e-02
5.847169433886777234e+00,9.848792752420914010e-01,3.066060109391693933e-01,-1.717815259205668355e-07,2.167449982589456092e-02
5.849169833966793242e+00,9.848792754099483515e-01,3.066060109354573071e-01,-1.753789562186636175e-07,2.385996134601242515e-03
5.851170234046809249e+00,9.848792755288550138e-01,3.066060109328278549e-01,-1.779273073043707853e-07,2.941944782891506988e-02
5.853170634126825256e+00,9.848792755982795910e-01,3.066060109312928605e-01,-1.794151820722067470e-07,-1.359942502035497471e-02
5.855171034206841263e+00,9.848792756178751384e-01,3.066060109308599846e-01,-1.798351449699975291e-07,-9.567165765845707034e-03
5.857171434286857270e+00,9.848792755874796745e-01,3.066060109315328353e-01,-1.791837244413674313e-07,-1.106253852078266375e-02
5.859171834366873277e+00,9.848792755071160698e-01,3.066060109333108574e-01,-1.774614107885597036e-07,-1.465869252444985775e-02
5.861172234446889284e+00,9.848792753769918251e-01,3.066060109361894992e-01,-1.746726509821439066e-07,4.946364993754415879e-02
5.863172634526905291e+00,9.848792751974996262e-01,3.066060109401600453e-01,-1.708258608457136063e-07,-4.060730575844045259e-02
5.865173034606921298e+00,9.848792749692166781e-01,3.066060109452097837e-01,-1.659334108450316592e-07,7.098795238084286419e-03
5.867173434686937306e+00,9.848792746929052599e-01,3.066060109513217835e-01,-1.600116376898608195e-07,-2.312561456555826608e-02
5.869173834766953313e+00,9.848792743695125029e-01,3.066060109584751170e-01,-1.530808398930716407e-07,-2.953139993141363356e-02
5.871174234846969320e+00,9.848792740001701684e-01,3.066060109666448041e-01,-1.451652728579055918e-07,3.687588031002146920e-03
5.873174634926985327e+00,9.848792735861949810e-01,3.066060109758016461e-01,-1.362931559556468386e-07,-3.755788719841920975e-02
5.875175035007001334e+00,9.848792731290886282e-01,3.066060109859125027e-01,-1.264966728309335764e-07,-1.087423973712896242e-03
5.877175435087017341e+00,9.848792726305375389e-01,3.066060109969400149e-01,-1.158119660726875111e-07,5.789952566323719463e-02
5.879175835167033348e+00,9.848792720924129940e-01,3.066060110088427715e-01,-1.042791399619158454e-07,-1.634845427663615030e-03
5.881176235247049355e+00,9.848792715167711265e-01,3.066060110215753642e-01,-9.194226083253376203e-08,1.242854004449151124e-02
5.883176635327065362e+00,9.848792709058529216e-01,3.066060110350882217e-01,-7.884935629420830594e-08,-1.994158553560293132e-02
5.885177035407081370e+00,9.848792702620841055e-01,3.066060110493276647e-01,-6.505241353926827230e-08,1.300761086660606573e-02
5.887177435487097377e+00,9.848792695880754788e-01,3.066060110642359060e-01,-5.060738572648659783e-08,-3.587344757481846641e-02
5.889177835567113384e+00,9.848792688866225831e-01,3.066060110797512173e-01,-3.557418576383142295e-08,5.741821629034984942e-03
5.891178235647129391e+00,9.848792681607058119e-01,3.066060110958075957e-01,-2.001668802931177993e-08,-2.179534734157214087e-03
5.893178635727145398e+00,9.848792674134901892e-01,3.066060111123350418e-01,-4.002723708040889505e-09,5.466414923442741713e-02
5.895179035807161405e+00,9.848792666483260350e-01,3.066060111292595036e-01,1.239590469159779218e-08,-1.324195033845293121e-03
5.897179435887177412e+00,9.848792658687480772e-01,3.066060111465027105e-01,2.910344262807562643e-08,-8.232638385678133983e-03
5.899179835967193419e+00,9.848792650784761182e-01,3.066060111639825059e-01,4.604016901055274502e-08,-1.317768335697772769e-02
5.901180236047209426e+00,9.848792642814149234e-01,3.066060111816124034e-01,6.312239886341330930e-08,-2.908082920465769605e-02
5.903180636127225434e+00,9.848792634816537772e-01,3.066060111993020865e-01,8.026249237458316088e-08,1.968861144759535831e-02
5.905181036207241441e+00,9.848792626834669273e-01,3.066060112169568530e-01,9.736884637456810765e-08,3.654089958821994666e-02
5.907181436287257448e+00,9.848792618913138064e-01,3.066060112344782262e-01,1.143458881192049859e-07,-8.681175068756650723e-03
5.909181836367273455e+00,9.848792611098381444e-01,3.066060112517633995e-01,1.310940954957207083e-07,1.815111888042181612e-02
5.911182236447289462e+00,9.848792603438689675e-01,3.066060112687056249e-01,1.475099752068498304e-07,-8.300285209019393068e-03
5.913182636527305469e+00,9.848792595984198206e-01,3.066060112851939357e-01,1.634860794241799198e-07,1.046384731858570477e-02
5.915183036607321476e+00,9.848792588786894342e-01,3.066060113011134236e-01,1.789109914385189626e-07,1.185895165017228359e-02
5.917183436687337483e+00,9.848792581900610577e-01,3.066060113163450174e-01,1.936693401205502596e-07,-3.512540088520837989e-02
5.919183836767353490e+00,9.848792575381029035e-01,3.066060113307654822e-01,2.076417903174032631e-07,-1.876074400043182752e-02
5.921184236847369498e+00,9.848792569285682585e-01,3.066060113442476420e-01,2.207050402436294689e-07,2.366060305237883618e-02
5.923184636927385505e+00,9.848792563673948175e-01,3.066060113566601020e-01,2.327318361916574929e-07,-4.698323983314511149e-02
5.925185037007401512e+00,9.848792558607054604e-01,3.066060113678674703e-01,2.435909557951809745e-07,5.450756882791428894e-04
5.927185437087417519e+00,9.848792554148079192e-01,3.066060113777303031e-01,2.531472146349855734e-07,-8.197172580720583565e-03
5.929185837167433526e+00,9.848792550361945564e-01,3.066060113861048819e-01,2.612614716790417901e-07,-2.274988525764796293e-02
5.931186237247449533e+00,9.848792547315426971e-01,3.066060113928435471e-01,2.677906217052328230e-07,1.565705625356520391e-03
5.933186637327465540e+00,9.848792545077145189e-01,3.066060113977945312e-01,2.725875980769121298e-07,7.973069884338013572e-03
5.935187037407481547e+00,9.848792543717571624e-01,3.066060114008020143e-01,2.755013694955010806e-07,1.371743866368997124e-02
5.937187437487497554e+00,9.848792543309022873e-01,3.066060114017060134e-01,2.763769509084301745e-07,-6.518318104273557179e-02
5.939187837567513562e+00,9.848792543925668497e-01,3.066060114003424375e-01,2.750553857733262220e-07,4.209291591430719404e-02
5.941188237647529569e+00,9.848792545643522134e-01,3.066060113965431988e-01,2.713737650983372163e-07,-1.160615150485293234e-02
5.943188637727545576e+00,9.848792548540448166e-01,3.066060113901360462e-01,2.651652139806781605e-07,2.622716106639488495e-02
5.945189037807561583e+00,9.848792552696160607e-01,3.066060113809447318e-01,2.562588928833875457e-07,-2.770927153956536607e-03
5.947189437887577590e+00,9.848792557922253499e-01,3.066060113693859224e-01,2.450585844526731449e-07,-1.423733438139024310e-02
5.949189837967593597e+00,9.848792563663995026e-01,3.066060113566865808e-01,2.327531629375823030e-07,-1.366991909525423418e-03
5.951190238047609604e+00,9.848792569844104783e-01,3.066060113430176259e-01,2.195082517697510838e-07,7.927638431690005316e-02
5.953190638127625611e+00,9.848792576403399002e-01,3.066060113285100086e-01,2.054506907378517155e-07,3.925479745391609321e-02
5.955191038207641618e+00,9.848792583284632363e-01,3.066060113132903497e-01,1.907031652315094306e-07,-8.441344831780162039e-03
5.957191438287657625e+00,9.848792590432505767e-01,3.066060112974808849e-01,1.753841896157126712e-07,5.864520974088702730e-03
5.959191838367673633e+00,9.848792597793663006e-01,3.066060112811996863e-01,1.596081142529737207e-07,2.819009485025769299e-02
5.961192238447689640e+00,9.848792605316691873e-01,3.066060112645604407e-01,1.434851233106382296e-07,1.467414677416933877e-02
5.963192638527705647e+00,9.848792612952120828e-01,3.066060112476726163e-01,1.271212416997791195e-07,2.278690816822545682e-03
5.965193038607721654e+00,9.848792620652423446e-01,3.066060112306412955e-01,1.106183258048343276e-07,-4.523181183679673284e-03
5.967193438687737661e+00,9.848792628372018410e-01,3.066060112135672866e-01,9.407406340034007997e-08,-2.670408743644500302e-02
5.969193838767753668e+00,9.848792636067265072e-01,3.066060111965471791e-01,7.758198269924854173e-08,1.889988736999687058e-02
5.971194238847769675e+00,9.848792643696466786e-01,3.066060111796731213e-01,6.123144624670118219e-08,2.766410083060543909e-02
5.973194638927785682e+00,9.848792651219869798e-01,3.066060111630330431e-01,4.510765239107428215e-08,5.584403293614770281e-02
5.975195039007801689e+00,9.848792658599666572e-01,3.066060111467105997e-01,2.929162809528484956e-08,-1.350387409519615903e-02
5.977195439087817697e+00,9.848792665799989132e-01,3.066060111307851166e-01,1.386024417460163249e-08,1.637584430827264403e-02
5.979195839167833704e+00,9.848792672786914615e-01,3.066060111153316448e-01,-1.113797470919664079e-09,-6.871274756707923016e-04
5.981196239247849711e+00,9.848792679528463045e-01,3.066060111004209054e-01,-1.556195919349967483e-08,3.149914817000395301e-02
5.983196639327865718e+00,9.848792685994598450e-01,3.066060110861192900e-01,-2.941986906868088170e-08,-2.352554309866167637e-03
5.985197039407881725e+00,9.848792692157227746e-01,3.066060110724889709e-01,-4.262731934101537945e-08,-1.607392281319965088e-02
5.987197439487897732e+00,9.848792697990201850e-01,3.066060110595878463e-01,-5.512826886655552983e-08,-4.211306197194593370e-02
5.989197839567913739e+00,9.848792703469313459e-01,3.066060110474693179e-01,-6.687083714540520418e-08,1.796242646954717553e-02
5.991198239647929746e+00,9.848792708572300381e-01,3.066060110361827351e-01,-7.780731325901513173e-08,4.113316249933267332e-03
5.993198639727945753e+00,9.848792713278842204e-01,3.066060110257730620e-01,-8.789414748799906363e-08,2.817974691569528206e-02
5.995199039807961761e+00,9.848792717570563626e-01,3.066060110162808217e-01,-9.709195855633900862e-08,-1.365834682130001414e-02
5.997199439887977768e+00,9.848792721431031127e-01,3.066060110077424850e-01,-1.053655271365805390e-07,6.490537259215688193e-02
5.999199839967993775e+00,9.848792724845754076e-01,3.066060110001900263e-01,-1.126837974319006008e-07,-1.759553714538446625e-02
6.001200240048009782e+00,9.848792727802188063e-01,3.066060109936512013e-01,-1.190198848644019591e-07,1.292204604099094628e-02
6.003200640128025789e+00,9.848792730289729347e-01,3.066060109881494911e-01,-1.243510640569489567e-07,1.046914885645747195e-02
6.005201040208041796e+00,9.848792732299717079e-01,3.066060109837040470e-01,-1.286587734128374905e-07,2.768418840554674049e-02
6.007201440288057803e+00,9.848792733825437740e-01,3.066060109803296907e-01,-1.319286248580020526e-07,-4.034429246873954406e-03
6.009201840368073810e+00,9.848792734862115150e-01,3.066060109780370246e-01,-1.341503822471779017e-07,-2.282369758771524149e-02
6.011202240448089817e+00,9.848792735406922683e-01,3.066060109768322661e-01,-1.353179879814980779e-07,-2.460768896228079580e-02
6.013202640528105825e+00,9.848792735458972158e-01,3.066060109767173580e-01,-1.354295381394976516e-07,2.042842278181607185e-02
6.015203040608121832e+00,9.848792735019321620e-01,3.066060109776900799e-01,-1.344873005459934490e-07,2.686362116895383428e-03
6.017203440688137839e+00,9.848792734090970891e-01,3.066060109797436595e-01,-1.324977040584318644e-07,8.654591009740707913e-03
6.019203840768153846e+00,9.848792732678864903e-01,3.066060109828672164e-01,-1.294713465882502135e-07,-2.031800561488679435e-02
6.021204240848169853e+00,9.848792730789889260e-01,3.066060109870454853e-01,-1.254229850256027845e-07,3.529810919260845808e-03
6.023204640928185860e+00,9.848792728432875787e-01,3.066060109922590371e-01,-1.203715473130362312e-07,5.477105631669346511e-03
6.025205041008201867e+00,9.848792725618596977e-01,3.066060109984839466e-01,-1.143401204550809069e-07,1.541652357197496187e-02
6.027205441088217874e+00,9.848792722359770435e-01,3.066060110056920696e-01,-1.073559603437246324e-07,-3.654045733836065041e-02
6.029205841168233881e+00,9.848792718671057766e-01,3.066060110138510431e-01,-9.945048898285513417e-08,-1.918003443934446217e-02
6.031206241248249889e+00,9.848792714569061246e-01,3.066060110229241187e-01,-9.065928766038844344e-08,4.322998706383740508e-02
6.033206641328265896e+00,9.848792710072329371e-01,3.066060110328702737e-01,-8.102210852234392746e-08,-9.823864063307610750e-03
6.035207041408281903e+00,9.848792705201352415e-01,3.066060110436442110e-01,-7.058286541350433652e-08,-2.098219559261955015e-03
6.037207441488297910e+00,9.848792699978562437e-01,3.066060110551962481e-01,-5.938963376639350145e-08,-9.959668659311041172e-03
6.039207841568313917e+00,9.848792694428338823e-01,3.066060110674725392e-01,-4.749466192555118482e-08,-3.741806390206258576e-02
6.041208241648329924e+00,9.848792688577001631e-01,3.066060110804148531e-01,-3.495435846323502460e-08,-2.689303873054398400e-02
6.043208641728345931e+00,9.848792682452813807e-01,3.066060110939606287e-01,-2.182929456640003707e-08,9.267565825700997337e-03
6.045209041808361938e+00,9.848792676085984521e-01,3.066060111080430861e-01,-8.184213307060872467e-09,-1.680208974010450468e-02
6.047209441888377945e+00,9.848792669508661390e-01,3.066060111225910600e-01,5.911988038009852175e-09,5.067838123462205940e-02
6.049209841968393953e+00,9.848792662754940475e-01,3.066060111375292774e-01,2.038623636568814845e-08,-3.745454903129059876e-02
6.051210242048409960e+00,9.848792655860859613e-01,3.066060111527779131e-01,3.516129729042027918e-08,-4.855878833333746730e-02
6.053210642128425967e+00,9.848792648864397314e-01,3.066060111682529787e-01,5.015577703160190026e-08,-9.799134769781062820e-03
6.055211042208441974e+00,9.848792641805478310e-01,3.066060111838661562e-01,6.528411078399187772e-08,-3.023869242894852358e-02
6.057211442288457981e+00,9.848792634725970219e-01,3.066060111995249082e-01,8.045656987865079657e-08,3.451665551577692143e-02
6.059211842368473988e+00,9.848792627669683553e-01,3.066060112151323125e-01,9.557926175518538514e-08,-1.065548681887749406e-02
6.061212242448489995e+00,9.848792620682372823e-01,3.066060112305871166e-01,1.105541276857913147e-07,1.290898485341133821e-02
6.063212642528506002e+00,9.848792613811733210e-01,3.066060112457839049e-01,1.252789494921024982e-07,-3.546364061895572461e-02
6.065213042608522009e+00,9.848792607107408337e-01,3.066060112606127652e-01,1.396473335579795361e-07,1.651766055185948864e-02
6.067213442688538017e+00,9.848792600620980275e-01,3.066060112749597333e-01,1.535487314519023982e-07,1.583972961415265265e-02
6.069213842768554024e+00,9.848792594405976208e-01,3.066060112887063482e-01,1.668684264932718264e-07,3.083455492620100838e-02
6.071214242848570031e+00,9.848792588517868429e-01,3.066060113017299305e-01,1.794875331417866704e-07,5.327474855543017085e-03
6.073214642928586038e+00,9.848792583014068791e-01,3.066060113139034704e-01,1.912830093209194615e-07,1.273864927664150951e-02
6.075215043008602045e+00,9.848792577953936478e-01,3.066060113250957397e-01,2.021276388763926235e-07,3.987156455262063671e-03
6.077215443088618052e+00,9.848792573398771344e-01,3.066060113351710692e-01,2.118900474246121490e-07,2.291569630310749325e-02
6.079215843168634059e+00,9.848792569411816133e-01,3.066060113439896262e-01,2.204346958856184813e-07,-1.051882873885272122e-02
6.081216243248650066e+00,9.848792566058260922e-01,3.066060113514072483e-01,2.276218723507028585e-07,1.340544170499667447e-02
6.083216643328666073e+00,9.848792563405235345e-01,3.066060113572753876e-01,2.333077076532852345e-07,-1.444661872881343803e-02
6.085217043408682080e+00,9.848792561521811928e-01,3.066060113614413329e-01,2.373441689018651601e-07,1.743918992620915528e-02
6.087217443488698088e+00,9.848792560479010527e-01,3.066060113637479878e-01,2.395790500153704983e-07,-7.156906101217840738e-03
6.089217843568714095e+00,9.848792560349789449e-01,3.066060113640339257e-01,2.398559901528596328e-07,-1.647874355566247492e-02
6.091218243648730102e+00,9.848792561209054330e-01,3.066060113621335570e-01,2.380144553115748352e-07,-1.720413833067223688e-02
6.093218643728746109e+00,9.848792563133652589e-01,3.066060113578768509e-01,2.338897497067282671e-07,3.653172798053998249e-02
6.095219043808762116e+00,9.848792566202374532e-01,3.066060113510895579e-01,2.273130138841228387e-07,-3.919847933067072132e-02
6.097219443888778123e+00,9.848792570430775495e-01,3.066060113417373167e-01,2.182509103720864374e-07,-3.731976954378374983e-02
6.099219843968794130e+00,9.848792575202257593e-01,3.066060113311838142e-01,2.080249015545820868e-07,1.567280804476242281e-02
6.101220244048810137e+00,9.848792580306653388e-01,3.066060113198939563e-01,1.970854083543915891e-07,-2.515506645027163618e-02
6.103220644128826144e+00,9.848792585697285773e-01,3.066060113079710492e-01,1.855324665567259501e-07,-1.191107965616919340e-02
6.105221044208842152e+00,9.848792591329046386e-01,3.066060112955147909e-01,1.734627503302554885e-07,-1.259524193714568578e-02
6.107221444288858159e+00,9.848792597158394502e-01,3.066060112826214934e-01,1.609695741700001292e-07,5.673317348602904819e-02
6.109221844368874166e+00,9.848792603143358138e-01,3.066060112693840267e-01,1.481428901217718419e-07,-1.708242560893013726e-02
6.111222244448890173e+00,9.848792609243531837e-01,3.066060112558917083e-01,1.350692934720676419e-07,-1.830858016981162795e-02
6.113222644528906180e+00,9.848792615420077778e-01,3.066060112422304695e-01,1.218320193896449410e-07,-9.982955043494019104e-03
6.115223044608922187e+00,9.848792621635727995e-01,3.066060112284827444e-01,1.085109387344296294e-07,5.548099092123795484e-03
6.117223444688938194e+00,9.848792627854778825e-01,3.066060112147275252e-01,9.518256993690243917e-08,1.228417414519550332e-02
6.119223844768954201e+00,9.848792634043097571e-01,3.066060112010402516e-01,8.192006459295519960e-08,-3.700044928606232436e-02
6.121224244848970208e+00,9.848792640168118062e-01,3.066060111874929772e-01,6.879321690078654683e-08,1.096330931055075272e-02
6.123224644928986216e+00,9.848792646198841760e-01,3.066060111741542582e-01,5.586846121841126944e-08,4.865495242979043372e-02
6.125225045009002223e+00,9.848792652105837764e-01,3.066060111610892092e-01,4.320887292408315261e-08,-4.485031927955876463e-02
6.127225445089018230e+00,9.848792657861243915e-01,3.066060111483595030e-01,3.087416422520306014e-08,1.424171287110325215e-02
6.129225845169034237e+00,9.848792663438765693e-01,3.066060111360232043e-01,1.892068879350006227e-08,1.908481460537145638e-02
6.131226245249050244e+00,9.848792668813673989e-01,3.066060111241349917e-01,7.401444707122450950e-09,3.720343935523839907e-03
6.133226645329066251e+00,9.848792673962810662e-01,3.066060111127462129e-01,-3.633936596081355219e-09,-5.038726245345971286e-03
6.135227045409082258e+00,9.848792678864584094e-01,3.066060111019045520e-01,-1.413918102044497971e-08,-5.902123270304220071e-02
6.137227445489098265e+00,9.848792683498970302e-01,3.066060110916542514e-01,-2.407137422721916664e-08,2.985759160516285315e-02
6.139227845569114272e+00,9.848792687847514049e-01,3.066060110820362228e-01,-3.339096374399552758e-08,-8.250039394934884085e-03
6.141228245649130280e+00,9.848792691893324402e-01,3.066060110730877697e-01,-4.206174955556640782e-08,-5.294756658234162777e-03
6.143228645729146287e+00,9.848792695621083615e-01,3.066060110648428094e-01,-5.005090369936127104e-08,3.054649194187231825e-02
6.145229045809161406e+00,9.848792699017038244e-01,3.066060110573317066e-01,-5.732895005938765109e-08,-5.865119129868648362e-02
6.147229445889177413e+00,9.848792702069001370e-01,3.066060110505814396e-01,-6.386977058348008995e-08,-1.845374995614095827e-03
6.149229845969193420e+00,9.848792704766359263e-01,3.066060110446155451e-01,-6.965061821739837455e-08,1.476103476631040849e-02
6.151230246049209427e+00,9.848792707100059163e-01,3.066060110394539517e-01,-7.465209164725372659e-08,1.786107085101900846e-02
6.153230646129225434e+00,9.848792709062622608e-01,3.066060110351132573e-01,-7.885816330488459869e-08,1.509245497413276398e-02
6.155231046209241441e+00,9.848792710648133220e-01,3.066060110316065068e-01,-8.225615344414904939e-08,5.085737401502341687e-02
6.157231446289257448e+00,9.848792711852245585e-01,3.066060110289433593e-01,-8.483674920900519112e-08,6.968866479985806953e-03
6.159231846369273455e+00,9.848792712672181926e-01,3.066060110271299211e-01,-8.659399741706153009e-08,2.534877551339190238e-02
6.161232246449289462e+00,9.848792713106732100e-01,3.066060110261689120e-01,-8.752530461508811754e-08,1.920428925943093446e-02
6.163232646529305470e+00,9.848792713156252487e-01,3.066060110260594995e-01,-8.763143441448129067e-08,-3.711627466154211047e-02
6.165233046609321477e+00,9.848792712822668216e-01,3.066060110267974648e-01,-8.691651282033419079e-08,-1.928095799835184004e-02
6.167233446689337484e+00,9.848792712109473158e-01,3.066060110283750362e-01,-8.538802762081409981e-08,5.201399007704732985e-02
6.169233846769353491e+00,9.848792711021726598e-01,3.066060110307810560e-01,-8.305682167031314123e-08,-6.849840505504999240e-03
6.171234246849369498e+00,9.848792709566058790e-01,3.066060110340008138e-01,-7.993710454679003874e-08,-1.704818368568265623e-03
6.173234646929385505e+00,9.848792707750664288e-01,3.066060110380162684e-01,-7.604643859071558154e-08,-3.296190963978414684e-02
6.175235047009401512e+00,9.848792705585307505e-01,3.066060110428057151e-01,-7.140575028485862674e-08,-8.606733317863511645e-03
6.177235447089417519e+00,9.848792703081320488e-01,3.066060110483441736e-01,-6.603932597992745457e-08,-3.285824641964481957e-02
6.179235847169433526e+00,9.848792700251601806e-01,3.066060110546031114e-01,-5.997480928554566049e-08,-1.524944632576278117e-02
6.181236247249449534e+00,9.848792697110620997e-01,3.066060110615504986e-01,-5.324321072919246944e-08,1.381741282120317951e-02
6.183236647329465541e+00,9.848792693674410792e-01,3.066060110691508633e-01,-4.587889068652373226e-08,-2.079963917318139802e-02
6.185237047409481548e+00,9.848792689960575997e-01,3.066060110773652925e-01,-3.791957889354158340e-08,-1.538932103108472775e-02
6.187237447489497555e+00,9.848792685988285722e-01,3.066060110861513199e-01,-2.940635801529367654e-08,3.342911599658725946e-02
6.189237847569513562e+00,9.848792681778280045e-01,3.066060110954632045e-01,-2.038367702406063131e-08,1.174007893884822934e-02
6.191238247649529569e+00,9.848792677352864455e-01,3.066060111052514858e-01,-1.089933973630330399e-08,1.288247817619404822e-02
6.193238647729545576e+00,9.848792672735912079e-01,3.066060111154634282e-01,-1.004510363777910698e-09,2.484423612978717277e-02
6.195239047809561583e+00,9.848792667952865898e-01,3.066060111260427434e-01,9.246283239061625636e-09,-1.379764550347842289e-02
6.197239447889577590e+00,9.848792663030734307e-01,3.066060111369297014e-01,1.979515798500308676e-08,-9.779623694949505369e-03
6.199239847969593598e+00,9.848792657998096667e-01,3.066060111480610750e-01,3.058086370244517127e-08,-5.148327456931958007e-02
6.201240248049609605e+00,9.848792652885096643e-01,3.066060111593701398e-01,4.153879834545293193e-08,1.831774246753674340e-02
6.203240648129625612e+00,9.848792647723447757e-01,3.066060111707868407e-01,5.260099467108148019e-08,-5.197601292026284708e-03
6.205241048209641619e+00,9.848792642546430054e-01,3.066060111822375700e-01,6.369612856604867090e-08,-1.266555058448279520e-04
6.207241448289657626e+00,9.848792637388892324e-01,3.066060111936451671e-01,7.474951388419803777e-08,-2.726934081556993406e-02
6.209241848369673633e+00,9.848792632287252102e-01,3.066060112049291408e-01,8.568310227996533968e-08,1.547753144290420560e-02
6.211242248449689640e+00,9.848792627279491230e-01,3.066060112160054474e-01,9.641549295058560176e-08,1.564495572394221032e-02
6.213242648529705647e+00,9.848792622405163621e-01,3.066060112267866566e-01,1.068619157884587167e-07,4.521037212704935582e-03
6.215243048609721654e+00,9.848792617705387498e-01,3.066060112371817858e-01,1.169342483120505705e-07,-3.974421251196281341e-02
6.217243448689737662e+00,9.848792613222850933e-01,3.066060112470964105e-01,1.265410033979286197e-07,-2.107881139535065437e-02
6.219243848769753669e+00,9.848792609001809639e-01,3.066060112564326090e-01,1.355873344988101081e-07,-8.778518563780217951e-04
6.221244248849769676e+00,9.848792605088084740e-01,3.066060112650891289e-01,1.439750399456762864e-07,-2.094296693502820106e-02
6.223244648929785683e+00,9.848792601529069435e-01,3.066060112729611098e-01,1.516025488479399996e-07,9.636865344593778526e-03
6.225245049009801690e+00,9.848792598373721230e-01,3.066060112799402493e-01,1.583649380798579642e-07,2.513642112825183184e-02
6.227245449089817697e+00,9.848792595672565264e-01,3.066060112859147480e-01,1.641539243979472928e-07,-1.889716919011650079e-02
6.229245849169833704e+00,9.848792593477697643e-01,3.066060112907694757e-01,1.688578581682254054e-07,-4.542893961078804319e-03
6.231246249249849711e+00,9.848792591842778776e-01,3.066060112943856941e-01,1.723617369386865050e-07,-1.714083963158737414e-02
6.233246649329865718e+00,9.848792590823038928e-01,3.066060112966412232e-01,1.745471937264486684e-07,2.577203252004041725e-02
6.235247049409881726e+00,9.848792590475275999e-01,3.066060112974104968e-01,1.752925022913132125e-07,2.241399836336953680e-02
6.237247449489897733e+00,9.848792590857854412e-01,3.066060112965643958e-01,1.744725787178325049e-07,6.654030001528032923e-02
6.239247849569913740e+00,9.848792592030707338e-01,3.066060112939703042e-01,1.719589772797291971e-07,1.781030508153560045e-04
6.241248249649929747e+00,9.848792594055336691e-01,3.066060112894922751e-01,1.676198898292735606e-07,-2.335025229485570078e-02
6.243248649729945754e+00,9.848792596985748160e-01,3.066060112830107931e-01,1.613395740063250372e-07,1.024071858208785643e-02
6.245249049809961761e+00,9.848792600465674507e-01,3.066060112753138944e-01,1.538815646295876860e-07,-5.809642622653585220e-03
6.247249449889977768e+00,9.848792604254880123e-01,3.066060112669329873e-01,1.457607227417501150e-07,4.780928008391764107e-03
6.249249849969993775e+00,9.848792608314381747e-01,3.066060112579541697e-01,1.370605955675063825e-07,3.110114030150367206e-02
6.251250250050009782e+00,9.848792612606442898e-01,3.066060112484609856e-01,1.278620581079970009e-07,-7.114163994939720626e-03
6.253250650130025790e+00,9.848792617094580537e-01,3.066060112385341485e-01,1.182432988466874946e-07,1.808244488744769826e-02
6.255251050210041797e+00,9.848792621743562847e-01,3.066060112282515404e-01,1.082798250229277670e-07,-5.289982330968757279e-02
6.257251450290057804e+00,9.848792626519405902e-01,3.066060112176883234e-01,9.804446934880139963e-08,2.648022202923638879e-02
6.259251850370073811e+00,9.848792631389379215e-01,3.066060112069168841e-01,8.760737812973928840e-08,3.394073188824740187e-03
6.261252250450089818e+00,9.848792636322002414e-01,3.066060111960069445e-01,7.703601873076948436e-08,-5.937766444443819992e-03
6.263252650530105825e+00,9.848792641287045235e-01,3.066060111850252290e-01,6.639517913242798386e-08,-1.244876278299652909e-02
6.265253050610121832e+00,9.848792646255528638e-01,3.066060111740359084e-01,5.574696562704595237e-08,3.548347116411341290e-02
6.267253450690137839e+00,9.848792651199722581e-01,3.066060111631003782e-01,4.515080803679794030e-08,-1.258034007674158940e-02
6.269253850770153846e+00,9.848792656093150466e-01,3.066060111522770915e-01,3.466344977720581255e-08,3.179552402541762496e-02
6.271254250850169853e+00,9.848792660910585806e-01,3.066060111416218925e-01,2.433895496256610613e-08,-1.256617476699531215e-02
6.273254650930185861e+00,9.848792665628051113e-01,3.066060111311877945e-01,1.422871109824086489e-08,1.278634143182685607e-03
6.275255051010201868e+00,9.848792670222821233e-01,3.066060111210250350e-01,4.381421558896647639e-09,9.025519073376741391e-03
6.277255451090217875e+00,9.848792674673421121e-01,3.066060111111812425e-01,-5.156889498758587820e-09,5.077730790547474449e-02
6.279255851170233882e+00,9.848792678959625846e-01,3.066060111017009926e-01,-1.434287660861954805e-08,6.414416166434779194e-03
6.281256251250249889e+00,9.848792683062463915e-01,3.066060110926263627e-01,-2.313588140512301550e-08,6.117513937786174874e-03
6.283256651330265896e+00,9.848792686964210619e-01,3.066060110839964881e-01,-3.149791694134762565e-08,-1.453975082072814402e-03
6.285257051410281903e+00,9.848792690648394688e-01,3.066060110758477841e-01,-3.939368270478027512e-08,-7.299084579582382909e-03
6.287257451490297910e+00,9.848792694099794964e-01,3.066060110682140016e-01,-4.679055742862203715e-08,-1.490767239097780597e-02
6.289257851570313917e+00,9.848792697304441512e-01,3.066060110611260048e-01,-5.365860164530111831e-08,4.547554668904776193e-02
6.291258251650329925e+00,9.848792700249613397e-01,3.066060110546118822e-01,-5.997055216311331094e-08,3.702562449877380008e-02
6.293258651730345932e+00,9.848792702923840903e-01,3.066060110486970580e-01,-6.570182786713729683e-08,-1.689466125267483423e-02
6.295259051810361939e+00,9.848792705316907758e-01,3.066060110434040697e-01,-7.083053360501523343e-08,4.325187455127883600e-03
6.297259451890377946e+00,9.848792707419845582e-01,3.066060110387528459e-01,-7.533744869614444895e-08,-2.910403580924636122e-02
6.299259851970393953e+00,9.848792709224936104e-01,3.066060110347603729e-01,-7.920603189992547755e-08,2.385814384134758714e-02
6.301260252050409960e+00,9.848792710725715605e-01,3.066060110314409726e-01,-8.242243032530183200e-08,1.751587207966038423e-02
6.303260652130425967e+00,9.848792711916966036e-01,3.066060110288061913e-01,-8.497546097330221926e-08,3.164886663714454491e-03
6.305261052210441974e+00,9.848792712794723903e-01,3.066060110268648553e-01,-8.685662944429850540e-08,-1.982148674060198526e-02
6.307261452290457981e+00,9.848792713356275819e-01,3.066060110256228488e-01,-8.806012055662115756e-08,1.951224123907584207e-02
6.309261852370473989e+00,9.848792713600157400e-01,3.066060110250835025e-01,-8.858279601509089218e-08,1.579689266757226471e-02
6.311262252450489996e+00,9.848792713526156595e-01,3.066060110252472048e-01,-8.842420096133452034e-08,-4.105407410749497069e-03
6.313262652530506003e+00,9.848792713135310350e-01,3.066060110261117355e-01,-8.758655814511406845e-08,1.881217605469417964e-02
6.315263052610522010e+00,9.848792712429910168e-01,3.066060110276720430e-01,-8.607477858246781466e-08,-3.322158153867654784e-02
6.317263452690538017e+00,9.848792711413494327e-01,3.066060110299201891e-01,-8.389644501338722193e-08,-1.458872390163946237e-02
6.319263852770554024e+00,9.848792710090852331e-01,3.066060110328456823e-01,-8.106182242118009640e-08,-2.340698413423059066e-02
6.321264252850570031e+00,9.848792708468026014e-01,3.066060110364351443e-01,-7.758385914269361194e-08,3.218649433703779129e-03
6.323264652930586038e+00,9.848792706552307319e-01,3.066060110406724215e-01,-7.347818328784505582e-08,4.206306690024246703e-02
6.325265053010602045e+00,9.848792704352238303e-01,3.066060110455385845e-01,-6.876310126857632099e-08,1.573849412765747141e-03
6.327265453090618053e+00,9.848792701877613354e-01,3.066060110510120396e-01,-6.345960426590302461e-08,2.878350423750502055e-02
6.329265853170634060e+00,9.848792699139474749e-01,3.066060110570683617e-01,-5.759135757177347159e-08,-4.385063043416527560e-04
6.331266253250650067e+00,9.848792696150119319e-01,3.066060110636802949e-01,-5.118471499421239912e-08,-9.816089449973593173e-03
6.333266653330666074e+00,9.848792692923090675e-01,3.066060110708179742e-01,-4.426870292562057330e-08,2.565587614781107001e-02
6.335267053410682081e+00,9.848792689473185868e-01,3.066060110784485371e-01,-3.687503319360629916e-08,1.388313902212700429e-02
6.337267453490698088e+00,9.848792685816450954e-01,3.066060110865366228e-01,-2.903809523391309710e-08,3.578224502840177818e-02
6.339267853570714095e+00,9.848792681970185425e-01,3.066060110950438733e-01,-2.079496450035911437e-08,2.464825613992074199e-02
6.341268253650730102e+00,9.848792677952935559e-01,3.066060111039293767e-01,-1.218538842051586357e-08,-2.002941866513326119e-02
6.343268653730746109e+00,9.848792673784501073e-01,3.066060111131492238e-01,-3.251800773096391595e-09,-6.341951732093081828e-02
6.345269053810762117e+00,9.848792669485932905e-01,3.066060111226568963e-01,5.960683086003726316e-09,3.692056754703097743e-03
6.347269453890778124e+00,9.848792665079529884e-01,3.066060111324030446e-01,1.540427332913374414e-08,-2.916367047540123492e-02
6.349269853970794131e+00,9.848792660588844283e-01,3.066060111423356549e-01,2.502849369423465475e-08,-3.499513283360231042e-02
6.351270254050810138e+00,9.848792656038678484e-01,3.066060111523998266e-01,3.478018928415593791e-08,-3.679466452729458076e-02
6.353270654130826145e+00,9.848792651455083869e-01,3.066060111625379392e-01,4.460352767687858488e-08,-1.581225119939582216e-02
6.355271054210842152e+00,9.848792646865365263e-01,3.066060111726895965e-01,5.443999065435356499e-08,-4.788709188160692257e-03
6.357271454290858159e+00,9.848792642298075384e-01,3.066060111827916268e-01,6.422838555453225240e-08,3.343696931962692083e-04
6.359271854370874166e+00,9.848792637783020387e-01,3.066060111927781384e-01,7.390483297564642839e-08,5.130912311305216300e-02
6.361272254450890173e+00,9.848792633351255432e-01,3.066060112025804085e-01,8.340277718454913725e-08,-3.012063032223248962e-02
6.363272654530906181e+00,9.848792629035086899e-01,3.066060112121269943e-01,9.265298067662186554e-08,-8.250545805524749684e-05
6.365273054610922188e+00,9.848792624868072387e-01,3.066060112213437328e-01,1.015835244533302983e-07,-3.092850298672636389e-02
6.367273454690938195e+00,9.848792620885019611e-01,3.066060112301535190e-01,1.101198102981815197e-07,-2.471426006775822443e-02
6.369273854770954202e+00,9.848792617121985282e-01,3.066060112384766945e-01,1.181845631081923642e-07,1.827623366539493427e-03
6.371274254850970209e+00,9.848792613616281777e-01,3.066060112462307141e-01,1.256978170438571851e-07,1.061789647220622718e-02
6.373274654930986216e+00,9.848792610406466030e-01,3.066060112533302573e-01,1.325769384830088882e-07,-3.198790106369047564e-02
6.375275055011002223e+00,9.848792607532350640e-01,3.066060112596872833e-01,1.387366033445136537e-07,2.874232084809807963e-02
6.377275455091018230e+00,9.848792605034996095e-01,3.066060112652110314e-01,1.440888123815931010e-07,-2.311550501585845491e-02
6.379275855171034237e+00,9.848792602956716324e-01,3.066060112698077988e-01,1.485428808845057347e-07,2.409036173208781856e-02
6.381276255251050245e+00,9.848792601341072039e-01,3.066060112733813847e-01,1.520054513093338500e-07,-1.176582774470254006e-03
6.383276655331066252e+00,9.848792600232877392e-01,3.066060112758325351e-01,1.543804803716408713e-07,2.277531279301662354e-02
6.385277055411082259e+00,9.848792599678197757e-01,3.066060112770593871e-01,1.555692427657184851e-07,1.428538195876049091e-02
6.387277455491098266e+00,9.848792599724347507e-01,3.066060112769573576e-01,1.554703368544796405e-07,-7.047970190855285325e-03
6.389277855571114273e+00,9.848792600419892240e-01,3.066060112754189770e-01,1.539796790350766997e-07,1.206286423406720265e-02
6.391278255651130280e+00,9.848792601814648773e-01,3.066060112723340558e-01,1.509905044883019798e-07,-3.345913305715433189e-02
6.393278655731146287e+00,9.848792603959685144e-01,3.066060112675896843e-01,1.463933664014316349e-07,-3.240350914267525057e-02
6.395279055811162294e+00,9.848792606839151809e-01,3.066060112612208344e-01,1.402222331026159452e-07,-8.805979009324380047e-03
6.397279455891178301e+00,9.848792610163751293e-01,3.066060112538674942e-01,1.330971126645152935e-07,3.440527131985170878e-02
6.399279855971194308e+00,9.848792613856779399e-01,3.066060112456992504e-01,1.251823936454510289e-07,-1.858575193337552028e-02
6.401280256051210316e+00,9.848792617875808952e-01,3.066060112368099166e-01,1.165690041993183712e-07,-1.488111281059652929e-02
6.403280656131226323e+00,9.848792622179698419e-01,3.066060112272905314e-01,1.073451167399319672e-07,4.170387308806781934e-02
6.405281056211242330e+00,9.848792626728596344e-01,3.066060112172292462e-01,9.759613892046381523e-08,1.160468158224163158e-03
6.407281456291258337e+00,9.848792631483940241e-01,3.066060112067113264e-01,8.740471604817834361e-08,9.359295322731108445e-05
6.409281856371274344e+00,9.848792636408458812e-01,3.066060111958192613e-01,7.685072606067322454e-08,-2.617759710866795694e-02
6.411282256451290351e+00,9.848792641466168618e-01,3.066060111846325986e-01,6.601128704764036570e-08,1.586835117551116392e-03
6.413282656531306358e+00,9.848792646622375191e-01,3.066060111732280546e-01,5.496075422550816825e-08,1.490273830373835089e-02
6.415283056611322365e+00,9.848792651843674140e-01,3.066060111616795147e-01,4.377071874395177531e-08,-1.331095652173845982e-03
6.417283456691338372e+00,9.848792657097951153e-01,3.066060111500580887e-01,3.251000607606968629e-08,1.917647799723214835e-02
6.419283856771354380e+00,9.848792662354378669e-01,3.066060111384318887e-01,2.124468440056759277e-08,8.283864447390990732e-03
6.421284256851370387e+00,9.848792667583422533e-01,3.066060111268662514e-01,1.003805003008118035e-08,2.631846013300369672e-02
6.423284656931386394e+00,9.848792672756835342e-01,3.066060111154236267e-01,-1.049358627769336749e-09,2.072684647063247759e-02
6.425285057011402401e+00,9.848792677847657551e-01,3.066060111041636893e-01,-1.195976306878065998e-08,-3.274243621455032865e-03
6.427285457091418408e+00,9.848792682830223022e-01,3.066060110931432270e-01,-2.263815718217543349e-08,2.179871079973091583e-02
6.429285857171434415e+00,9.848792687680151259e-01,3.066060110824161411e-01,-3.303228951478942577e-08,4.518499192123161950e-02
6.431286257251450422e+00,9.848792692374354063e-01,3.066060110720334464e-01,-4.309267886970502559e-08,7.654165171602740798e-03
6.433286657331466429e+00,9.848792696891028875e-01,3.066060110620434376e-01,-5.277259859659544361e-08,-3.045722591425162329e-02
6.435287057411482436e+00,9.848792701209667655e-01,3.066060110524914673e-01,-6.202809726962854597e-08,4.831590926926481074e-03
6.437287457491498444e+00,9.848792705311046891e-01,3.066060110434200014e-01,-7.081797581687254706e-08,-4.930434227650918981e-03
6.439287857571514451e+00,9.848792709177235372e-01,3.066060110348687306e-01,-7.910380486753076923e-08,6.482815745014217090e-02
6.441288257651530458e+00,9.848792712791588633e-01,3.066060110268745142e-01,-8.684991292806643060e-08,1.889979520711973504e-02
6.443288657731546465e+00,9.848792716138755621e-01,3.066060110194712141e-01,-9.402340009345699912e-08,-2.765713463348333512e-02
6.445289057811562472e+00,9.848792719204670920e-01,3.066060110126900273e-01,-1.005941223375383942e-07,-4.715454722238468684e-03
6.447289457891578479e+00,9.848792721976560305e-01,3.066060110065591537e-01,-1.065347023376794766e-07,3.651606124705510104e-02
6.449289857971594486e+00,9.848792724442937407e-01,3.066060110011040174e-01,-1.118205232020219597e-07,-2.908982152564588974e-02
6.451290258051610493e+00,9.848792726593607050e-01,3.066060109963471558e-01,-1.164297349920406788e-07,-1.236615586354693902e-02
6.453290658131626500e+00,9.848792728419661913e-01,3.066060109923082755e-01,-1.203432479224275653e-07,-6.208279490137607888e-05
6.455291058211642508e+00,9.848792729913485866e-01,3.066060109890042518e-01,-1.235447396608080339e-07,-3.824182022953738058e-03
6.457291458291658515e+00,9.848792731068749529e-01,3.066060109864490735e-01,-1.260206452802226096e-07,-1.496553193571901856e-02
6.459291858371674522e+00,9.848792731880414708e-01,3.066060109846538428e-01,-1.277601671123562710e-07,3.115327138235399456e-03
6.461292258451690529e+00,9.848792732344733292e-01,3.066060109836268865e-01,-1.287552724160700990e-07,-3.545926273269480594e-02
6.463292658531706536e+00,9.848792732459243915e-01,3.066060109833736447e-01,-1.290006861054404652e-07,-1.467966733025705822e-02
6.465293058611722543e+00,9.848792732222776403e-01,3.066060109838966707e-01,-1.284939003809437708e-07,-1.520115695322125232e-02
6.467293458691738550e+00,9.848792731635450659e-01,3.066060109851957982e-01,-1.272351721481879139e-07,-7.789140395140077729e-03
6.469293858771754557e+00,9.848792730698673337e-01,3.066060109872677519e-01,-1.252275159402405080e-07,-7.760580093662103676e-03
6.471294258851770564e+00,9.848792729415142277e-01,3.066060109901067587e-01,-1.224767139929028303e-07,-3.849032843899289486e-04
6.473294658931786572e+00,9.848792727788845403e-01,3.066060109937038258e-01,-1.189913126364849916e-07,-9.043455428317260722e-03
6.475295059011802579e+00,9.848792725825058492e-01,3.066060109980474069e-01,-1.147826190206480135e-07,-1.081275594573627777e-02
6.477295459091818586e+00,9.848792723530346294e-01,3.066060110031229025e-01,-1.098647021691157022e-07,8.630617747498703710e-03
6.479295859171834593e+00,9.848792720912564747e-01,3.066060110089129376e-01,-1.042543986973232251e-07,2.207879267187785877e-02
6.481296259251850600e+00,9.848792717980857647e-01,3.066060110153973617e-01,-9.797130515187824074e-08,2.361188619012667689e-02
6.483296659331866607e+00,9.848792714745658872e-01,3.066060110225530821e-01,-9.103778284003105625e-08,-2.925534512465157930e-02
6.485297059411882614e+00,9.848792711218692375e-01,3.066060110303540642e-01,-8.347895782967462708e-08,5.714530460698794868e-03
6.487297459491898621e+00,9.848792707412968861e-01,3.066060110387716642e-01,-7.532271459331774111e-08,1.819528976095170086e-02
6.489297859571914628e+00,9.848792703342791333e-01,3.066060110477741296e-01,-6.659970597233666467e-08,-7.154509502139977904e-03
6.491298259651930636e+00,9.848792699023750652e-01,3.066060110573270991e-01,-5.734334607154778496e-08,1.118426328502465129e-02
6.493298659731946643e+00,9.848792694472726650e-01,3.066060110673931027e-01,-4.758981067554124422e-08,-6.000582608979957572e-03
6.495299059811962650e+00,9.848792689707890347e-01,3.066060110779320613e-01,-3.737804313286297031e-08,8.906249432199926652e-03
6.497299459891978657e+00,9.848792684748699511e-01,3.066060110889008983e-01,-2.674974447502975750e-08,-3.859021048212631783e-02
6.499299859971994664e+00,9.848792679615904211e-01,3.066060111002537059e-01,-1.574938507387102504e-08,1.100012417411267221e-02
6.501300260052010671e+00,9.848792674331540153e-01,3.066060111119417453e-01,-4.424191069052341163e-09,-1.259007064236522012e-02
6.503300660132026678e+00,9.848792668918937565e-01,3.066060111239134467e-01,7.175837646311578055e-09,-1.892729498751343289e-02
6.505301060212042685e+00,9.848792663402711201e-01,3.066060111361143536e-01,1.899794765947149244e-08,-8.037907160423277478e-03
6.507301460292058692e+00,9.848792657808767004e-01,3.066060111484871231e-01,3.098661868761176663e-08,2.409060725278523718e-02
6.509301860372074700e+00,9.848792652164300998e-01,3.066060111609716365e-01,4.308356549298508753e-08,2.300734183705472127e-02
6.511302260452090707e+00,9.848792646497797065e-01,3.066060111735048888e-01,5.522774287891607514e-08,5.636305123810959189e-03
6.513302660532106714e+00,9.848792640839030277e-01,3.066060111860210435e-01,6.735533816804029073e-08,2.101780627161364823e-02
6.515303060612122721e+00,9.848792635219063563e-01,3.066060111984513781e-01,7.939977891835425794e-08,-1.076425271871274576e-02
6.517303460692138728e+00,9.848792629670248822e-01,3.066060112107243385e-01,9.129173023092462813e-08,-3.171447313205841279e-02
6.519303860772154735e+00,9.848792624226230252e-01,3.066060112227655399e-01,1.029590872003716129e-07,-4.724073856570434882e-02
6.521304260852170742e+00,9.848792618921937692e-01,3.066060112344976551e-01,1.143269902081911482e-07,-1.397033419879516354e-03
6.523304660932186749e+00,9.848792613793592166e-01,3.066060112458406373e-01,1.253178118221232040e-07,-4.287563867935597836e-03
6.525305061012202756e+00,9.848792608878703669e-01,3.066060112567114415e-01,1.358511627080893902e-07,2.700489540757874496e-04
6.527305461092218763e+00,9.848792604216072277e-01,3.066060112670243032e-01,1.458438883272794584e-07,1.049157766973723462e-03
6.529305861172234771e+00,9.848792599845787032e-01,3.066060112766905710e-01,1.552100717949755904e-07,2.981030528727963980e-02
6.531306261252250778e+00,9.848792595809225947e-01,3.066060112856187070e-01,1.638610336862633687e-07,-2.365272056963688835e-02
6.533306661332266785e+00,9.848792592149057112e-01,3.066060112937143423e-01,1.717053298433413033e-07,-2.000280832079504370e-02
6.535307061412282792e+00,9.848792588909236478e-01,3.066060113008802213e-01,1.786487562049909883e-07,4.725226582077426962e-02
6.537307461492298799e+00,9.848792586135011184e-01,3.066060113070163129e-01,1.845943412570605346e-07,1.855395617892845184e-02
6.539307861572314806e+00,9.848792583872917339e-01,3.066060113120196440e-01,1.894423509729570299e-07,-8.212836388351837935e-03
6.541308261652330813e+00,9.848792582170778909e-01,3.066060113157844658e-01,1.930902913671594945e-07,-5.163001468714592535e-02
6.543308661732346820e+00,9.848792581077709940e-01,3.066060113182021429e-01,1.954329037212598763e-07,-2.195471822024298858e-02
6.545309061812362827e+00,9.848792580644116779e-01,3.066060113191612091e-01,1.963621594491815614e-07,-9.708518282954279113e-03
6.547309461892378835e+00,9.848792580921689188e-01,3.066060113185472558e-01,1.957672798036380613e-07,-2.825589855377443668e-03
6.549309861972394842e+00,9.848792581963412562e-01,3.066060113162431544e-01,1.935347088144467875e-07,4.004034251160316568e-03
6.551310262052410849e+00,9.848792583823556823e-01,3.066060113121288899e-01,1.895481379354801987e-07,-6.438005051862811037e-03
6.553310662132426856e+00,9.848792586557684192e-01,3.066060113060815051e-01,1.836884888917200698e-07,2.789601966260886468e-02
6.555311062212442863e+00,9.848792590163562011e-01,3.066060112981059960e-01,1.759605465223579301e-07,-3.044193481984815153e-02
6.557311462292458870e+00,9.848792594365560760e-01,3.066060112888119304e-01,1.669550268312836039e-07,-7.890192224782996769e-03
6.559311862372474877e+00,9.848792599071685139e-01,3.066060112784028679e-01,1.568690892184143593e-07,-1.778885670135927494e-02
6.561312262452490884e+00,9.848792604225672376e-01,3.066060112670032645e-01,1.458233135909203781e-07,1.851853004962308522e-02
6.563312662532506891e+00,9.848792609772935025e-01,3.066060112547337457e-01,1.339346892004211753e-07,3.582573449607001290e-03
6.565313062612522899e+00,9.848792615660569849e-01,3.066060112417113848e-01,1.213165956026607262e-07,1.886838532923698630e-02
6.567313462692538906e+00,9.848792621837352268e-01,3.066060112280495353e-01,1.080788146201605571e-07,1.078376043569869531e-03
6.569313862772554913e+00,9.848792628253735248e-01,3.066060112138577209e-01,9.432753328431076056e-08,9.294110575790698325e-02
6.571314262852570920e+00,9.848792634861855966e-01,3.066060111992418014e-01,8.016532870858128490e-08,1.716192918464318901e-02
6.573314662932586927e+00,9.848792641615530252e-01,3.066060111843039171e-01,6.569118063404211227e-08,-1.967018559914805731e-02
6.575315063012602934e+00,9.848792648470251487e-01,3.066060111691426004e-01,5.100047348327585439e-08,-9.920047710310769817e-04
6.577315463092618941e+00,9.848792655383197259e-01,3.066060111538524424e-01,3.618498212176746165e-08,-1.088224730304869839e-02
6.579315863172634948e+00,9.848792662313222701e-01,3.066060111385245368e-01,2.133288631855911888e-08,1.810164816929854190e-02
6.581316263252650955e+00,9.848792669220863827e-01,3.066060111232461471e-01,6.528763363267131581e-09,2.343846766533968368e-02
6.583316663332666963e+00,9.848792676068336416e-01,3.066060111081008732e-01,-8.146409574694146727e-09,8.771619563650604953e-03
6.585317063412682970e+00,9.848792682819536015e-01,3.066060110931684846e-01,-2.261525483548965099e-08,-5.259925453123884265e-03
6.587317463492698977e+00,9.848792689440040160e-01,3.066060110785251980e-01,-3.680400029182351318e-08,-1.742733081047582663e-02
6.589317863572714984e+00,9.848792695897103933e-01,3.066060110642434000e-01,-5.064246813568651362e-08,3.940592999459063828e-02
6.591318263652730991e+00,9.848792702159664403e-01,3.066060110503918135e-01,-6.406408623038650774e-08,2.726757646554113859e-02
6.593318663732746998e+00,9.848792708198337298e-01,3.066060110370353864e-01,-7.700587917325307785e-08,-7.385499521282663793e-02
6.595319063812763005e+00,9.848792713985420333e-01,3.066060110242354586e-01,-8.940847698313270087e-08,1.092056399189985641e-03
6.597319463892779012e+00,9.848792719494889880e-01,3.066060110120495952e-01,-1.012161071067829710e-07,-2.155174893333804478e-02
6.599319863972795019e+00,9.848792724702402079e-01,3.066060110005315309e-01,-1.123765968613632538e-07,-9.938367145337009823e-03
6.601320264052810138e+00,9.848792729585295058e-01,3.066060109897315589e-01,-1.228413783194159947e-07,4.181149939049016995e-02
6.603320664132826145e+00,9.848792734122585601e-01,3.066060109796959199e-01,-1.325654813422172396e-07,-2.882428630238609291e-02
6.605321064212842153e+00,9.848792738294970261e-01,3.066060109704674130e-01,-1.415075358002226835e-07,-2.648453223711740370e-02
6.607321464292858160e+00,9.848792742084825358e-01,3.066060109620849516e-01,-1.496297711844896128e-07,6.091728023205689180e-02
6.609321864372874167e+00,9.848792745476211419e-01,3.066060109545838963e-01,-1.568980269595066090e-07,-1.228089481894307534e-02
6.611322264452890174e+00,9.848792748454863188e-01,3.066060109479956663e-01,-1.632817303864886327e-07,-6.247119816096085437e-03
6.613322664532906181e+00,9.848792751008198509e-01,3.066060109423481839e-01,-1.687539160355466805e-07,2.827835392137396237e-02
6.615323064612922188e+00,9.848792753125316102e-01,3.066060109376655407e-01,-1.732912209562176287e-07,-1.300914758003903632e-02
6.617323464692938195e+00,9.848792754796993343e-01,3.066060109339681650e-01,-1.768738795149271681e-07,6.721215856580438960e-04
6.619323864772954202e+00,9.848792756015688488e-01,3.066060109312726545e-01,-1.794857285575268691e-07,5.952045284558765866e-03
6.621324264852970209e+00,9.848792756775539559e-01,3.066060109295919989e-01,-1.811142048002700733e-07,3.505628181046987341e-02
6.623324664932986217e+00,9.848792757072364346e-01,3.066060109289355240e-01,-1.817503454959457088e-07,-4.052855876957443815e-02
6.625325065013002224e+00,9.848792756903660406e-01,3.066060109293086700e-01,-1.813887873514108406e-07,-2.095252963556854670e-02
6.627325465093018231e+00,9.848792756268607285e-01,3.066060109307133241e-01,-1.800277719121723408e-07,-3.295667470851068159e-03
6.629325865173034238e+00,9.848792755168063184e-01,3.066060109331475436e-01,-1.776691385679818325e-07,2.269966963713035760e-02
6.631326265253050245e+00,9.848792753604567185e-01,3.066060109366057218e-01,-1.743183291602612428e-07,-1.610232032327711324e-02
6.633326665333066252e+00,9.848792751582337024e-01,3.066060109410785328e-01,-1.699843824309876794e-07,1.153395126770488492e-02
6.635327065413082259e+00,9.848792749107271316e-01,3.066060109465529315e-01,-1.646799404897425489e-07,-1.285486014413715454e-02
6.637327465493098266e+00,9.848792746186949554e-01,3.066060109530121536e-01,-1.584212470373547177e-07,-9.874887024513150785e-03
6.639327865573114273e+00,9.848792742830630997e-01,3.066060109604357153e-01,-1.512281463666997894e-07,3.185160665222771387e-02
6.641328265653130281e+00,9.848792739049253564e-01,3.066060109687994140e-01,-1.431240799487643045e-07,-5.897295256812554176e-03
6.643328665733146288e+00,9.848792734855438269e-01,3.066060109780753828e-01,-1.341360963968973863e-07,7.403989334456544114e-02
6.645329065813162295e+00,9.848792730263483675e-01,3.066060109882319251e-01,-1.242948399482468602e-07,8.981741686096047714e-03
6.647329465893178302e+00,9.848792725289368111e-01,3.066060109992337357e-01,-1.136345546270955964e-07,2.814613209820843870e-02
6.649329865973194309e+00,9.848792719950753005e-01,3.066060110110417902e-01,-1.021930915723334721e-07,1.855090156304734991e-02
6.651330266053210316e+00,9.848792714266977333e-01,3.066060110236132341e-01,-9.001189693602640318e-08,-3.889995492306637381e-02
6.653330666133226323e+00,9.848792708259059836e-01,3.066060110369016600e-01,-7.713601726799801384e-08,-3.850557481951359662e-02
6.655331066213242330e+00,9.848792701949701245e-01,3.066060110508567749e-01,-6.361410381794385671e-08,1.217932860884661517e-02
6.657331466293258337e+00,9.848792695363282057e-01,3.066060110654247328e-01,-4.949840756718337786e-08,-2.764494352539524982e-02
6.659331866373274345e+00,9.848792688525861427e-01,3.066060110805478578e-01,-3.484477706372501871e-08,-1.369222079211268595e-02
6.661332266453290352e+00,9.848792681465180499e-01,3.066060110961647545e-01,-1.971266613831623715e-08,-8.412997743315647065e-03
6.663332666533306359e+00,9.848792674210659071e-01,3.066060111122104193e-01,-4.165125799815427854e-09,-2.292372394639249911e-02
6.665333066613322366e+00,9.848792666793396711e-01,3.066060111286160184e-01,1.173119285047263816e-08,2.958170738582412140e-02
6.667333466693338373e+00,9.848792659246176084e-01,3.066060111453090542e-01,2.790603165214733394e-08,1.947630021786049895e-02
6.669333866773354380e+00,9.848792651603455184e-01,3.066060111622133655e-01,4.428554184476851674e-08,4.369505577225422065e-03
6.671334266853370387e+00,9.848792643901377319e-01,3.066060111792489051e-01,6.079226294586348445e-08,1.403050479291145097e-02
6.673334666933386394e+00,9.848792636177761128e-01,3.066060111963321289e-01,7.734514359536426298e-08,-2.267057038102757160e-02
6.675335067013402401e+00,9.848792628472108346e-01,3.066060112133755511e-01,9.385952573492950535e-08,2.186066432525808623e-02
6.677335467093418409e+00,9.848792620825601585e-01,3.066060112302882446e-01,1.102471487990364096e-07,-2.126576789313602833e-02
6.679335867173434416e+00,9.848792613281099895e-01,3.066060112469752297e-01,1.264161593739210332e-07,3.902424042537883109e-02
6.681336267253450423e+00,9.848792605883145423e-01,3.066060112633381407e-01,1.422710969034568507e-07,-1.669680419298854787e-02
6.683336667333466430e+00,9.848792598677960086e-01,3.066060112792746706e-01,1.577129007945821115e-07,-1.387011113026276332e-02
6.685337067413482437e+00,9.848792591713444455e-01,3.066060112946789040e-01,1.726389127210126162e-07,2.911799952431430583e-02
6.687337467493498444e+00,9.848792585039179981e-01,3.066060113094410955e-01,1.869428723766386469e-07,1.623157419960443923e-02
6.689337867573514451e+00,9.848792578706430101e-01,3.066060113234479467e-01,2.005149145056783766e-07,-2.387111497476216565e-02
6.691338267653530458e+00,9.848792572768134690e-01,3.066060113365823847e-01,2.132415808098198085e-07,1.509513264254299693e-02
6.693338667733546465e+00,9.848792567278916721e-01,3.066060113487235061e-01,2.250058059038995140e-07,-1.531996392033881514e-05
6.695339067813562473e+00,9.848792562295077824e-01,3.066060113597467995e-01,2.356869273079098548e-07,4.593276278302265434e-04
6.697339467893578480e+00,9.848792557874601616e-01,3.066060113695240896e-01,2.451606768427705418e-07,1.550211014633263822e-02
6.699339867973594487e+00,9.848792554077148154e-01,3.066060113779233154e-01,2.532991944803608675e-07,1.544596621398556906e-02
6.701340268053610494e+00,9.848792550964060588e-01,3.066060113848089186e-01,2.599710122730414241e-07,2.551455950962016814e-02
6.703340668133626501e+00,9.848792548598360730e-01,3.066060113900413442e-01,2.650410650950618674e-07,1.211349656087916393e-02
6.705341068213642508e+00,9.848792547044753487e-01,3.066060113934776510e-01,2.683706804562646653e-07,8.228669732199466944e-03
6.707341468293658515e+00,9.848792546369619094e-01,3.066060113949709010e-01,2.698175956827864042e-07,-2.464552308695130284e-03
6.709341868373674522e+00,9.848792546641021994e-01,3.066060113943706034e-01,2.692359382938658285e-07,3.748579933097073713e-02
6.711342268453690529e+00,9.848792547928704177e-01,3.066060113915224927e-01,2.664762404069875856e-07,-1.941178638850070762e-02
6.713342668533706536e+00,9.848792550304089621e-01,3.066060113862685843e-01,2.613854299116091795e-07,4.787744368558635721e-02
6.715343068613722544e+00,9.848792553840279851e-01,3.066060113784471741e-01,2.538068391289005632e-07,5.465762476929372782e-02
6.717343468693738551e+00,9.848792558568959521e-01,3.066060113679882071e-01,2.436725628773839247e-07,5.432325221384158576e-02
6.719343868773754558e+00,9.848792564027961660e-01,3.066060113559139211e-01,2.319730948718845553e-07,-3.335019450689619136e-03
6.721344268853770565e+00,9.848792570020415971e-01,3.066060113426596900e-01,2.191303581366987885e-07,5.275179036316819670e-02
6.723344668933786572e+00,9.848792576481624206e-01,3.066060113283687327e-01,2.052830106180625336e-07,2.885895651017280142e-02
6.725345069013802579e+00,9.848792583348917606e-01,3.066060113131795495e-01,1.905653609635127310e-07,2.696819645865806275e-02
6.727345469093818586e+00,9.848792590561656901e-01,3.066060112972263108e-01,1.751073680500425667e-07,8.251811341048356785e-02
6.729345869173834593e+00,9.848792598061231196e-01,3.066060112806386906e-01,1.590346441482370921e-07,5.138873635306625415e-03
6.731346269253850600e+00,9.848792605791061305e-01,3.066060112635417556e-01,1.424684471229564764e-07,1.452886985120741686e-02
6.733346669333866608e+00,9.848792613696596421e-01,3.066060112460561871e-01,1.255256873999854861e-07,-3.122190249743853063e-02
6.735347069413882615e+00,9.848792621725317442e-01,3.066060112282981698e-01,1.083189214157176394e-07,-5.532893952585596353e-02
6.737347469493898622e+00,9.848792629826731426e-01,3.066060112103793367e-01,9.095636313571908715e-08,7.463774381897251078e-03
6.739347869573914629e+00,9.848792637952378248e-01,3.066060111924069354e-01,7.354187003816292645e-08,1.099625451457004847e-02
6.741348269653930636e+00,9.848792646055827271e-01,3.066060111744836614e-01,5.617494988618965124e-08,1.790890073551650724e-02
6.743348669733946643e+00,9.848792654092675125e-01,3.066060111567076585e-01,3.895076597371094351e-08,7.874923232095562206e-03
6.745349069813962650e+00,9.848792662020552369e-01,3.066060111391726850e-01,2.196012238719902143e-08,-4.953496712787026912e-02
6.747349469893978657e+00,9.848792669799113497e-01,3.066060111219679474e-01,5.289485738302346363e-09,9.643189997424778115e-03
6.749349869973994664e+00,9.848792677390049155e-01,3.066060111051782666e-01,-1.097904134272909005e-08,2.834289214051198894e-02
6.751350270054010672e+00,9.848792684757073923e-01,3.066060110888838008e-01,-2.676769353393559925e-08,3.958765521781728441e-02
6.753350670134026679e+00,9.848792691865937421e-01,3.066060110731603228e-01,-4.200306705226530823e-08,-2.347034478240793420e-02
6.755351070214042686e+00,9.848792698684413205e-01,3.066060110580791642e-01,-5.661609581153470572e-08,-2.206384809195441332e-02
6.757351470294058693e+00,9.848792705182310980e-01,3.066060110437070496e-01,-7.054207756818087205e-08,-1.714803626842282755e-02
6.759351870374074700e+00,9.848792711331463279e-01,3.066060110301062624e-01,-8.372064469464035597e-08,-1.579178224434795927e-02
6.761352270454090707e+00,9.848792717105738781e-01,3.066060110173346454e-01,-9.609579412761526385e-08,-4.035900003223132776e-02
6.763352670534106714e+00,9.848792722481032325e-01,3.066060110054455445e-01,-1.076158646085012549e-07,-1.696905056011710836e-02
6.765353070614122721e+00,9.848792727435268235e-01,3.066060109944876988e-01,-1.182335449545490746e-07,3.974853519535419960e-02
6.767353470694138728e+00,9.848792731948402546e-01,3.066060109845055170e-01,-1.279058775005559312e-07,-2.639857512705180015e-02
6.769353870774154736e+00,9.848792736002418557e-01,3.066060109755388008e-01,-1.365942497721928106e-07,-4.669714874614777633e-02
6.771354270854170743e+00,9.848792739581332389e-01,3.066060109676229661e-01,-1.442644060045683574e-07,-6.864807043304502893e-03
6.773354670934186750e+00,9.848792742671187428e-01,3.066060109607887663e-01,-1.508864349020200279e-07,-1.262843522790865064e-02
6.775355071014202757e+00,9.848792745260057657e-01,3.066060109550626800e-01,-1.564347772708973849e-07,1.701976629700550914e-02
6.777355471094218764e+00,9.848792747338046549e-01,3.066060109504665787e-01,-1.608882232440045357e-07,-1.858830996902076024e-02
6.779355871174234771e+00,9.848792748897287064e-01,3.066060109470178929e-01,-1.642299128357116444e-07,-4.545391892174767412e-03
6.781356271254250778e+00,9.848792749931942758e-01,3.066060109447294457e-01,-1.664473372464669865e-07,-2.104402224152708209e-02
6.783356671334266785e+00,9.848792750438205568e-01,3.066060109436096748e-01,-1.675323354488611471e-07,-2.439293183590678094e-02
6.785357071414282792e+00,9.848792750414299135e-01,3.066060109436625769e-01,-1.674811003216092331e-07,9.210103026842589649e-03
6.787357471494298800e+00,9.848792749860474371e-01,3.066060109448875415e-01,-1.662941696844999484e-07,3.005583862681595903e-03
6.789357871574314807e+00,9.848792748779015005e-01,3.066060109472795725e-01,-1.639764379279817774e-07,-1.414077096989803037e-03
6.791358271654330814e+00,9.848792747174230922e-01,3.066060109508290665e-01,-1.605371417467971185e-07,1.289100815566240378e-02
6.793358671734346821e+00,9.848792745052464825e-01,3.066060109555220348e-01,-1.559898745451260282e-07,-2.075495642247884853e-02
6.795359071814362828e+00,9.848792742422085578e-01,3.066060109613399365e-01,-1.503525719481757505e-07,4.046316204421506412e-04
6.797359471894378835e+00,9.848792739293497078e-01,3.066060109682597901e-01,-1.436475313976171009e-07,5.032000674232493635e-03
6.799359871974394842e+00,9.848792735679127164e-01,3.066060109762541175e-01,-1.359013874491221685e-07,2.950539613735423533e-02
6.801360272054410849e+00,9.848792731593437599e-01,3.066060109852909443e-01,-1.271451339490692334e-07,-4.748404821736636888e-02
6.803360672134426856e+00,9.848792727052917417e-01,3.066060109953337443e-01,-1.174141092963321142e-07,-8.926488690354549352e-03
6.805361072214442864e+00,9.848792722076087358e-01,3.066060110063415500e-01,-1.067480065175541171e-07,1.111862596683829349e-02
6.807361472294458871e+00,9.848792716683495430e-01,3.066060110182689535e-01,-9.519086294207390608e-08,-1.459165124812298112e-02
6.809361872374474878e+00,9.848792710897722458e-01,3.066060110310660503e-01,-8.279107263642337955e-08,2.152756996822637481e-03
6.811362272454490885e+00,9.848792704743375426e-01,3.066060110446783282e-01,-6.960137233225083264e-08,1.704682563502257428e-02
6.813362672534506892e+00,9.848792698247094135e-01,3.066060110590468901e-01,-5.567885522084203842e-08,1.187222437318412316e-02
6.815363072614522899e+00,9.848792691437546765e-01,3.066060110741083422e-01,-4.108496143295781167e-08,-4.334053826460750741e-02
6.817363472694538906e+00,9.848792684345430981e-01,3.066060110897947943e-01,-2.588548073112484360e-08,-3.035513408846569894e-02
6.819363872774554913e+00,9.848792677003475049e-01,3.066060111060338600e-01,-1.015055489661520483e-08,-7.084640754409596286e-02
6.821364272854570920e+00,9.848792669446435610e-01,3.066060111227486007e-01,6.045327460846294798e-09,1.620695128493726198e-02
6.823364672934586928e+00,9.848792661711099905e-01,3.066060111398577481e-01,2.262332540747813425e-08,5.136125185177158395e-03
6.825365073014602935e+00,9.848792653836285771e-01,3.066060111572753710e-01,3.950024662913165230e-08,3.357458054558400823e-02
6.827365473094618942e+00,9.848792645862838313e-01,3.066060111749111528e-01,5.658855387058459030e-08,1.147907197081315988e-03
6.829365873174634949e+00,9.848792637833635455e-01,3.066060111926702247e-01,7.379635325044375804e-08,-2.881017215745761140e-02
6.831366273254650956e+00,9.848792629793582387e-01,3.066060112104533331e-01,9.102740589073121669e-08,2.671661193804693649e-02
6.833366673334666963e+00,9.848792621789614898e-01,3.066060112281566163e-01,1.081811215331018872e-07,-3.323022838556626696e-02
6.835367073414682970e+00,9.848792613870698265e-01,3.066060112456717723e-01,1.251525602041780871e-07,-2.317863182669929127e-04
6.837367473494698977e+00,9.848792606087828361e-01,3.066060112628860579e-01,1.418324296897921499e-07,-5.353878095124199599e-03
6.839367873574714984e+00,9.848792598494029438e-01,3.066060112796821224e-01,1.581070912803905770e-07,1.930912129028183877e-02
6.841368273654730991e+00,9.848792591144357456e-01,3.066060112959381745e-01,1.738585517774282607e-07,2.266099225710324974e-02
6.843368673734746999e+00,9.848792584095894531e-01,3.066060113115280927e-01,1.889644753727548476e-07,-1.078177696108158223e-02
6.845369073814763006e+00,9.848792577407756710e-01,3.066060113263209819e-01,2.032981676336476085e-07,-1.853003454941887229e-02
6.847369473894779013e+00,9.848792571141087304e-01,3.066060113401816722e-01,2.167285890752879141e-07,-1.404169190753166117e-03
6.849369873974795020e+00,9.848792565359059115e-01,3.066060113529704423e-01,2.291203508308914394e-07,-1.465247123320195625e-02
6.851370274054811027e+00,9.848792560126876650e-01,3.066060113645430740e-01,2.403337098777491576e-07,2.368946986813730282e-02
6.853370674134827034e+00,9.848792555511771685e-01,3.066060113747507976e-01,2.502245785018786250e-07,9.328316461018329106e-03
6.855371074214843041e+00,9.848792551583007704e-01,3.066060113834405132e-01,2.586445143060167595e-07,3.483506414346560637e-02
6.857371474294859048e+00,9.848792548411876568e-01,3.066060113904544027e-01,2.654407283420034958e-07,6.533319598534712003e-02
6.859371874374875055e+00,9.848792546071700738e-01,3.066060113956304289e-01,2.704560792543553305e-07,-2.185785756210653630e-02
6.861372274454891063e+00,9.848792544637832158e-01,3.066060113988018920e-01,2.735290765276676694e-07,-1.523499846139090425e-02
6.863372674534907070e+00,9.848792544187652265e-01,3.066060113997975956e-01,2.744938802923257981e-07,1.187764232867748182e-02
6.865373074614923077e+00,9.848792544800573090e-01,3.066060113984419022e-01,2.731802981881248371e-07,9.956300522338720413e-03
6.867373474694939084e+00,9.848792546558033933e-01,3.066060113945547339e-01,2.694137936354312757e-07,-8.813488717240277118e-03
6.869373874774955091e+00,9.848792549543508024e-01,3.066060113879514049e-01,2.630154708749277148e-07,-4.320256476750867353e-02
6.871374274854971098e+00,9.848792553842492525e-01,3.066060113784428443e-01,2.538020964504283938e-07,6.371043370679484175e-02
6.873374674934987105e+00,9.848792559100988386e-01,3.066060113668120368e-01,2.425323438748350213e-07,1.986813237829853501e-03
6.875375075015003112e+00,9.848792564766981616e-01,3.066060113542798948e-01,2.303892626398518217e-07,-2.947923297816855762e-02
6.877375475095019119e+00,9.848792570784730138e-01,3.066060113409697641e-01,2.174923166564646237e-07,-6.042553925575743640e-02
6.879375875175035127e+00,9.848792577101816992e-01,3.066060113269975518e-01,2.039538429254861285e-07,3.507451923139568578e-02
6.881376275255051134e+00,9.848792583667621559e-01,3.066060113124751685e-01,1.898823293877693885e-07,8.156795198634931091e-03
6.883376675335067141e+00,9.848792590433311789e-01,3.066060112975107499e-01,1.753824305505968795e-07,-3.783338827166042362e-05
6.885377075415083148e+00,9.848792597351851974e-01,3.066060112822082129e-01,1.605549508898462818e-07,-2.623947959768723956e-02
6.887377475495099155e+00,9.848792604377994975e-01,3.066060112666676996e-01,1.454968618364027577e-07,-2.743568671325580244e-03
6.889377875575115162e+00,9.848792611468288882e-01,3.066060112509852997e-01,1.303012877318376894e-07,-9.931709221105311514e-03
6.891378275655131169e+00,9.848792618581073688e-01,3.066060112352531064e-01,1.150575118236130123e-07,-6.294980145568762619e-02
6.893378675735147176e+00,9.848792625676480172e-01,3.066060112195593823e-01,9.985098026188410358e-08,6.713915683677167123e-02
6.895379075815163183e+00,9.848792632716434348e-01,3.066060112039883379e-01,8.476329119155856517e-08,1.090272215157934987e-02
6.897379475895179191e+00,9.848792639664651904e-01,3.066060111886201867e-01,6.987220751986100709e-08,-8.785814027862012474e-03
6.899379875975195198e+00,9.848792646486642655e-01,3.066060111735312010e-01,5.525164670228122077e-08,-2.448822209011672704e-02
6.901380276055211205e+00,9.848792653149708309e-01,3.066060111587937675e-01,4.097168643246718034e-08,-1.539723798163277271e-02
6.903380676135227212e+00,9.848792659622943590e-01,3.066060111444761649e-01,2.709856133931154432e-08,6.083332406507810375e-02
6.905381076215243219e+00,9.848792665877235120e-01,3.066060111306428415e-01,1.369466576250921719e-08,9.758162089740628903e-03
6.907381476295259226e+00,9.848792671885261418e-01,3.066060111173541936e-01,8.185537525573494122e-10,-3.378600087744195596e-02
6.909381876375275233e+00,9.848792677621495129e-01,3.066060111046667314e-01,-1.147506559218136601e-08,2.223003213941475431e-02
6.911382276455291240e+00,9.848792683062200792e-01,3.066060110926329130e-01,-2.313532351805314136e-08,1.234158066468605403e-02
6.913382676535307247e+00,9.848792688185433741e-01,3.066060110813013107e-01,-3.411518934015589366e-08,1.306604727290682291e-02
6.915383076615323255e+00,9.848792692971043428e-01,3.066060110707164443e-01,-4.437147743674429989e-08,-3.525463443632739866e-03
6.917383476695339262e+00,9.848792697400671203e-01,3.066060110609188927e-01,-5.386484222547061052e-08,-4.477158940567690752e-03
6.919383876775355269e+00,9.848792701457750320e-01,3.066060110519454041e-01,-6.255977871849616179e-08,5.185915931619735492e-03
6.921384276855371276e+00,9.848792705127509262e-01,3.066060110438286190e-01,-7.042462940587412845e-08,-5.514616767725247920e-03
6.923384676935387283e+00,9.848792708396965079e-01,3.066060110365971814e-01,-7.743156973938347676e-08,-3.578501768972447428e-02
6.925385077015403290e+00,9.848792711254930055e-01,3.066060110302759045e-01,-8.355662273196173828e-08,-2.547255099069019313e-02
6.927385477095419297e+00,9.848792713692007261e-01,3.066060110248855497e-01,-8.877964938203142253e-08,-2.283824788052177333e-05
6.929385877175435304e+00,9.848792715700592781e-01,3.066060110204429368e-01,-9.308435319765884230e-08,-4.058035700357479764e-02
6.931386277255451311e+00,9.848792717274875708e-01,3.066060110169609443e-01,-9.645828061288774791e-08,-3.648781661180400607e-03
6.933386677335467319e+00,9.848792718410835922e-01,3.066060110144483986e-01,-9.889281599173571635e-08,-8.276766469707361185e-03
6.935387077415483326e+00,9.848792719106248539e-01,3.066060110129102956e-01,-1.003831908152896801e-07,1.822457081514925609e-02
6.937387477495499333e+00,9.848792719360679460e-01,3.066060110123475790e-01,-1.009284748831884571e-07,3.813160450268726718e-03
6.939387877575515340e+00,9.848792719175486488e-01,3.066060110127571958e-01,-1.005315782010018921e-07,-7.780303207119931147e-03
6.941388277655531347e+00,9.848792718553820436e-01,3.066060110141322070e-01,-9.919925350598823854e-08,-7.732459532423685555e-03
6.943388677735547354e+00,9.848792717500625127e-01,3.066060110164616770e-01,-9.694209598953840157e-08,1.061905835117661623e-02
6.945389077815563361e+00,9.848792716022636284e-01,3.066060110197307287e-01,-9.377454138204122103e-08,2.339257896787650878e-02
6.947389477895579368e+00,9.848792714128381531e-01,3.066060110239204883e-01,-8.971486581410559324e-08,-2.733341729933686653e-02
6.949389877975595375e+00,9.848792711828181501e-01,3.066060110290080853e-01,-8.478518778720633975e-08,-3.892940296692459085e-02
6.951390278055611383e+00,9.848792709134150947e-01,3.066060110349668189e-01,-7.901147122679752499e-08,-1.908080217225019068e-02
6.953390678135627390e+00,9.848792706060193192e-01,3.066060110417658247e-01,-7.242351288128112685e-08,-5.853703511532556275e-02
6.955391078215643397e+00,9.848792702622007900e-01,3.066060110493704638e-01,-6.505495980801967448e-08,-2.009357394779377748e-02
6.957391478295659404e+00,9.848792698837085524e-01,3.066060110577420450e-01,-5.694329641148243581e-08,2.072874009489969471e-02
6.959391878375675411e+00,9.848792694724708419e-01,3.066060110668378247e-01,-4.812984791269236950e-08,2.446531185788805227e-02
6.961392278455691418e+00,9.848792690305951947e-01,3.066060110766113400e-01,-3.865978204231623749e-08,3.848178847607978265e-02
6.963392678535707425e+00,9.848792685603684482e-01,3.066060110870118538e-01,-2.858210904066460500e-08,1.404054429923634086e-03
6.965393078615723432e+00,9.848792680642566300e-01,3.066060110979849651e-01,-1.794967985357942553e-08,3.659892409775715623e-03
6.967393478695739439e+00,9.848792675449049572e-01,3.066060111094720542e-01,-6.819185299766772346e-09,-1.519030675802462808e-02
6.969393878775755446e+00,9.848792670051380593e-01,3.066060111214107264e-01,4.748838405843613941e-09,-1.345801863338431936e-02
6.971394278855771454e+00,9.848792664479595338e-01,3.066060111337344796e-01,1.669001958859439583e-08,6.988618681891625890e-03
6.973394678935787461e+00,9.848792658765525010e-01,3.066060111463729254e-01,2.893613901266967048e-08,2.270445089015490567e-02
6.975395079015803468e+00,9.848792652942792714e-01,3.066060111592517345e-01,4.141513765265614211e-08,1.053547850942951856e-02
6.977395479095819475e+00,9.848792647046812343e-01,3.066060111722925252e-01,5.405111788703287345e-08,-5.146228965041516057e-02
6.979395879175835482e+00,9.848792641114791913e-01,3.066060111854130854e-01,6.676433719765562103e-08,1.218972620324555722e-02
6.981396279255851489e+00,9.848792635185731337e-01,3.066060111985270398e-01,7.947121302698256784e-08,-2.361248366436539514e-04
6.983396679335867496e+00,9.848792629300423540e-01,3.066060112115442937e-01,9.208431986373888378e-08,-1.526062080520142195e-02
6.985397079415883503e+00,9.848792623501452237e-01,3.066060112243705338e-01,1.045123944609649413e-07,3.218778831615160246e-03
6.987397479495899510e+00,9.848792617833195262e-01,3.066060112369076718e-01,1.166603283975220506e-07,2.231432200347911732e-02
6.989397879575915518e+00,9.848792612341821240e-01,3.066060112490535672e-01,1.284291751280086658e-07,3.193917457236745538e-03
6.991398279655931525e+00,9.848792607075295136e-01,3.066060112607021382e-01,1.397161385197076555e-07,-1.865521212941487900e-02
6.993398679735947532e+00,9.848792602083368264e-01,3.066060112717433617e-01,1.504145942521351031e-07,8.417954231256116748e-02
6.995399079815963539e+00,9.848792597417590500e-01,3.066060112820631622e-01,1.604140628941319591e-07,-1.635019519458180345e-02
6.997399479895979546e+00,9.848792593131300288e-01,3.066060112915436342e-01,1.696002321638356847e-07,1.129309955482457085e-02
6.999399879975995553e+00,9.848792589279629084e-01,3.066060113000628196e-01,1.778549469089174551e-07,3.136152594759616247e-02
7.001400280056011560e+00,9.848792585919501352e-01,3.066060113074948190e-01,1.850562096616936714e-07,-2.217419441296943766e-02
7.003400680136027567e+00,9.848792583109634569e-01,3.066060113137096810e-01,1.910781796399252386e-07,1.343063586366936152e-02
7.005401080216043574e+00,9.848792580910538108e-01,3.066060113185736791e-01,1.957911765215758493e-07,-2.186491943283085104e-02
7.007401480296059582e+00,9.848792579384513246e-01,3.066060113219489791e-01,1.990616789182553248e-07,-7.157530751063433290e-03
7.009401880376075589e+00,9.848792578595655378e-01,3.066060113236937501e-01,2.007523207114836339e-07,-1.960671705412657395e-02
7.011402280456091596e+00,9.848792578609849580e-01,3.066060113236623863e-01,2.007219003230531484e-07,4.394789789273940983e-02
7.013402680536107603e+00,9.848792579494775046e-01,3.066060113217050631e-01,1.988253710838439048e-07,-3.518648108486405190e-02
7.015403080616123610e+00,9.848792581319905093e-01,3.066060113176682367e-01,1.949138410672901500e-07,1.254268174755283904e-02
7.017403480696139617e+00,9.848792584156502716e-01,3.066060113113941998e-01,1.888345826928095050e-07,4.318910252510803089e-04
7.019403880776155624e+00,9.848792587900406792e-01,3.066060113031133239e-01,1.808108292256083161e-07,-5.048283579762408158e-02
7.021404280856171631e+00,9.848792592004274038e-01,3.066060112940363624e-01,1.720156202200673334e-07,4.324928550174594183e-02
7.023404680936187638e+00,9.848792596386584108e-01,3.066060112843435048e-01,1.626236658947011193e-07,-1.483893383277361602e-02
7.025405081016203646e+00,9.848792601007678726e-01,3.066060112741224586e-01,1.527199600115380917e-07,-7.089524599679354611e-03
7.027405481096219653e+00,9.848792605829237434e-01,3.066060112634581003e-01,1.423866291261344230e-07,4.977914110607880444e-03
7.029405881176235660e+00,9.848792610814274262e-01,3.066060112524320869e-01,1.317029398595348511e-07,-2.337033597674345597e-02
7.031406281256251667e+00,9.848792615927138838e-01,3.066060112411234106e-01,1.207452962614929959e-07,-2.005294077938330616e-02
7.033406681336267674e+00,9.848792621133516390e-01,3.066060112296078444e-01,1.095872400325159646e-07,-1.439094822270143605e-03
7.035407081416283681e+00,9.848792626400429961e-01,3.066060112179583852e-01,9.829944591643879903e-08,-2.268960899942073367e-02
7.037407481496299688e+00,9.848792631696234867e-01,3.066060112062450882e-01,8.694973316347720527e-08,1.967703250476210419e-03
7.039407881576315695e+00,9.848792636990626459e-01,3.066060111945348443e-01,7.560304929321581824e-08,3.143903701230901793e-02
7.041408281656331702e+00,9.848792642254632357e-01,3.066060111828918244e-01,6.432148635937551262e-08,-2.609525631172774501e-02
7.043408681736347710e+00,9.848792647460619110e-01,3.066060111713771463e-01,5.316426734958135114e-08,-4.044981163138849228e-02
7.045409081816363717e+00,9.848792652582285534e-01,3.066060111600489857e-01,4.218775939701657762e-08,-3.858117572129896294e-03
7.047409481896379724e+00,9.848792657594669375e-01,3.066060111489625206e-01,3.144546048550189710e-08,9.595452499868305576e-03
7.049409881976395731e+00,9.848792662474142867e-01,3.066060111381700426e-01,2.098800858107985334e-08,1.636534783194835627e-02
7.051410282056411738e+00,9.848792667198413842e-01,3.066060111277208455e-01,1.086317910625744787e-08,-2.816291590020016111e-02
7.053410682136427745e+00,9.848792671746526839e-01,3.066060111176612257e-01,1.115882886093544357e-09,-5.990639107328964846e-02
7.055411082216443752e+00,9.848792676098861998e-01,3.066060111080347039e-01,-8.211831908910838251e-09,2.161438180416970847e-02
7.057411482296458871e+00,9.848792680237133945e-01,3.066060110988815812e-01,-1.708077668194363241e-08,1.741451535764716382e-02
7.059411882376474878e+00,9.848792684144395126e-01,3.066060110902394942e-01,-2.545463045899865051e-08,3.755932718575524798e-02
7.061412282456490885e+00,9.848792687805032475e-01,3.066060110821428042e-01,-3.329993181200308072e-08,-2.485226691926961315e-02
7.063412682536506892e+00,9.848792691204768524e-01,3.066060110746232636e-01,-4.058608224499771211e-08,1.364185842427712882e-02
7.065413082616522900e+00,9.848792694330663622e-01,3.066060110677093498e-01,-4.728535005216194520e-08,2.482808732187045606e-02
7.067413482696538907e+00,9.848792697171112609e-01,3.066060110614268197e-01,-5.337286348994219054e-08,-4.683444433806921436e-02
7.069413882776554914e+00,9.848792699715844812e-01,3.066060110557983220e-01,-5.882661094358532239e-08,2.604355358561011996e-02
7.071414282856570921e+00,9.848792701955927376e-01,3.066060110508436742e-01,-6.362744800481046070e-08,3.545686423314622221e-02
7.073414682936586928e+00,9.848792703883763044e-01,3.066060110465796962e-01,-6.775909255907208717e-08,1.406036620925940964e-02
7.075415083016602935e+00,9.848792705493089050e-01,3.066060110430201546e-01,-7.120812267613629842e-08,1.301905180536774148e-02
7.077415483096618942e+00,9.848792706778980444e-01,3.066060110401759853e-01,-7.396398316039665133e-08,1.811448858793772085e-02
7.079415883176634949e+00,9.848792707737845653e-01,3.066060110380551817e-01,-7.601897686337899529e-08,-7.103983278729919700e-03
7.081416283256650956e+00,9.848792708367430926e-01,3.066060110366626290e-01,-7.736827367654797172e-08,-3.673835465390897642e-02
7.083416683336666964e+00,9.848792708666819218e-01,3.066060110360004365e-01,-7.800990828310538916e-08,-2.381745122828156022e-02
7.085417083416682971e+00,9.848792708636424642e-01,3.066060110360676605e-01,-7.794476802880367927e-08,-5.038543175347798275e-03
7.087417483496698978e+00,9.848792708278002461e-01,3.066060110368604708e-01,-7.717661498762851124e-08,-2.190622455786074563e-02
7.089417883576714985e+00,9.848792707594641316e-01,3.066060110383719284e-01,-7.571206830925270026e-08,2.521557971891899563e-02
7.091418283656730992e+00,9.848792706590766555e-01,3.066060110405923189e-01,-7.356061218488640918e-08,-1.084159462678983832e-02
7.093418683736746999e+00,9.848792705272136905e-01,3.066060110435088748e-01,-7.073458860307191287e-08,-3.406245483406231296e-03
7.095419083816763006e+00,9.848792703645850022e-01,3.066060110471059419e-01,-6.724920889600305429e-08,-4.506746129769518411e-02
7.097419483896779013e+00,9.848792701720336940e-01,3.066060110513648129e-01,-6.312254202667233471e-08,9.382679790652721785e-03
7.099419883976795020e+00,9.848792699505367620e-01,3.066060110562638941e-01,-5.837552641274612597e-08,-1.827647952112888136e-02
7.101420284056811028e+00,9.848792697012045405e-01,3.066060110617787049e-01,-5.303195835248963874e-08,3.734577797201868443e-02
7.103420684136827035e+00,9.848792694252808122e-01,3.066060110678816009e-01,-4.711849393990164003e-08,-4.384658081848594874e-02
7.105421084216843042e+00,9.848792691241433639e-01,3.066060110745422174e-01,-4.066466130492329967e-08,7.565714312406753538e-03
7.107421484296859049e+00,9.848792687993032091e-01,3.066060110817270812e-01,-3.370284371029264037e-08,-1.076425908116877134e-02
7.109421884376875056e+00,9.848792684524050323e-01,3.066060110893998325e-01,-2.626828918272927638e-08,-9.685409708311831789e-03
7.111422284456891063e+00,9.848792680852272996e-01,3.066060110975211139e-01,-1.839911309420294572e-08,4.216108302413917874e-02
7.113422684536907070e+00,9.848792676996815931e-01,3.066060111060486815e-01,-1.013628350698958513e-08,2.349138370452365579e-02
7.115423084616923077e+00,9.848792672978137208e-01,3.066060111149372380e-01,-1.523645015710783923e-09,-2.195582095882255003e-02
7.117423484696939084e+00,9.848792668818024953e-01,3.066060111241386554e-01,7.392106621262328758e-09,3.443495088280731226e-02
7.119423884776955092e+00,9.848792664539606223e-01,3.066060111336016969e-01,1.656140721784105097e-08,-1.694292725035532673e-02
7.121424284856971099e+00,9.848792660167343671e-01,3.066060111432723501e-01,2.593182907295599193e-08,1.940222556164153053e-02
7.123424684936987106e+00,9.848792655727034440e-01,3.066060111530934940e-01,3.544808524491571688e-08,-4.415015123963234728e-02
7.125425085017003113e+00,9.848792651245812380e-01,3.066060111630051210e-01,4.505202388926932144e-08,-8.670926552028824369e-03
7.127425485097019120e+00,9.848792646752146940e-01,3.066060111729442816e-01,5.468263042374132965e-08,-7.850756135658323517e-03
7.129425885177035127e+00,9.848792642275844278e-01,3.066060111828450285e-01,6.427602586289715703e-08,-8.832435026022043487e-03
7.131426285257051134e+00,9.848792637848045040e-01,3.066060111926384724e-01,7.376547114801290661e-08,-4.045984397687291123e-02
7.133426685337067141e+00,9.848792633501226579e-01,3.066060112022528372e-01,8.308136212331618253e-08,-4.813130218823714890e-02
7.135427085417083148e+00,9.848792629269201848e-01,3.066060112116132941e-01,9.215123275563286143e-08,-9.928044656511455894e-04
7.137427485497099156e+00,9.848792625187119398e-01,3.066060112206421273e-01,1.008997542739642483e-07,1.465285665657539531e-02
7.139427885577115163e+00,9.848792621291463378e-01,3.066060112292585682e-01,1.092487355303095597e-07,2.918596307398931477e-04
7.141428285657131170e+00,9.848792617620054646e-01,3.066060112373790170e-01,1.171171209457533280e-07,-9.105856914475893293e-03
7.143428685737147177e+00,9.848792614212049656e-01,3.066060112449169317e-01,1.244209921480443626e-07,-3.832610577292638876e-02
7.145429085817163184e+00,9.848792611107939354e-01,3.066060112517826064e-01,1.310735710247090680e-07,-7.303344900749794005e-03
7.147429485897179191e+00,9.848792608349553612e-01,3.066060112578836705e-01,1.369852095645107681e-07,-1.450776927900247065e-02
7.149429885977195198e+00,9.848792605980053461e-01,3.066060112631245338e-01,1.420634075099957983e-07,-1.857107417414743944e-02
7.151430286057211205e+00,9.848792604043939969e-01,3.066060112674068860e-01,1.462127920681677296e-07,3.909755558033330483e-03
7.153430686137227212e+00,9.848792602587048695e-01,3.066060112706292529e-01,1.493351307335633038e-07,3.796387401354371204e-03
7.155431086217243219e+00,9.848792601656550794e-01,3.066060112726873288e-01,1.513293288180062035e-07,9.525173860381628416e-03
7.157431486297259227e+00,9.848792601300951910e-01,3.066060112734738663e-01,1.520914310326748620e-07,-6.954647194181569694e-03
7.159431886377275234e+00,9.848792601570095506e-01,3.066060112728785647e-01,1.515146155206537060e-07,-2.140364949071121847e-02
7.161432286457291241e+00,9.848792602515160644e-01,3.066060112707882368e-01,1.494891978259804688e-07,-5.481018363821007003e-03
7.163432686537307248e+00,9.848792604188661981e-01,3.066060112670867532e-01,1.459026308936461902e-07,-8.325794437729404016e-03
7.165433086617323255e+00,9.848792606643776981e-01,3.066060112616564859e-01,1.406409474435932339e-07,-4.166021998243516627e-02
7.167433486697339262e+00,9.848792609664829278e-01,3.066060112549744421e-01,1.341663746212695685e-07,-9.289384373933203334e-03
7.169433886777355269e+00,9.848792613020983522e-01,3.066060112475512689e-01,1.269736275011368321e-07,-4.216431132980413832e-02
7.171434286857371276e+00,9.848792616673555100e-01,3.066060112394724535e-01,1.191456130145152059e-07,-4.998062722360171323e-02
7.173434686937387283e+00,9.848792620585048452e-01,3.066060112308209296e-01,1.107626899921054786e-07,-2.120383995809644109e-02
7.175435087017403291e+00,9.848792624719157063e-01,3.066060112216770772e-01,1.019026684978552311e-07,-1.670179481483359540e-02
7.177435487097419298e+00,9.848792629040761248e-01,3.066060112121184456e-01,9.264081568538529154e-08,1.681984253310165114e-02
7.179435887177435305e+00,9.848792633515929262e-01,3.066060112022202522e-01,8.304985205098702750e-08,-8.356486256348905420e-03
7.181436287257451312e+00,9.848792638111916187e-01,3.066060111920547726e-01,7.319995531940293176e-08,1.263726023728115912e-02
7.183436687337467319e+00,9.848792642797167263e-01,3.066060111816918399e-01,6.315875192286490858e-08,3.549755230644124904e-02
7.185437087417483326e+00,9.848792647541314560e-01,3.066060111711986780e-01,5.299132471714429471e-08,2.388659127603970367e-03
7.187437487497499333e+00,9.848792652315178087e-01,3.066060111606397909e-01,4.276021120519502006e-08,8.886078786437105054e-03
7.189437887577515340e+00,9.848792657090764679e-01,3.066060111500770735e-01,3.252540473064335913e-08,-1.791875150114694698e-02
7.191438287657531347e+00,9.848792661841271334e-01,3.066060111395698118e-01,2.234434826053899315e-08,1.992473851250062961e-02
7.193438687737547355e+00,9.848792666541081875e-01,3.066060111291747381e-01,1.227194126873776270e-08,8.367880304229581914e-04
7.195439087817563362e+00,9.848792671165765844e-01,3.066060111189458093e-01,2.360541762058687709e-09,1.008563850053909505e-03
7.197439487897579369e+00,9.848792675692084053e-01,3.066060111089344287e-01,-7.340044960724156908e-09,-2.884209401876496395e-02
7.199439887977595376e+00,9.848792680097984142e-01,3.066060110991893906e-01,-1.678255739934186863e-08,-2.404449847170312196e-02
7.201440288057611383e+00,9.848792684362600580e-01,3.066060110897568247e-01,-2.592227782427514171e-08,-1.747419948685043078e-02
7.203440688137627390e+00,9.848792688466256884e-01,3.066060110806803074e-01,-3.471703607926812651e-08,1.962805943772889458e-03
7.205441088217643397e+00,9.848792692390463399e-01,3.066060110720006948e-01,-4.312720644494838496e-08,2.664192234633918840e-02
7.207441488297659404e+00,9.848792696117920631e-01,3.066060110637562897e-01,-5.111571324545316486e-08,-3.852595788848828251e-02
7.209441888377675411e+00,9.848792699632513692e-01,3.066060110559826191e-01,-5.864801963517685124e-08,-9.796934936347907394e-03
7.211442288457691419e+00,9.848792702919317854e-01,3.066060110487128232e-01,-6.569214014429114457e-08,-8.401745936447650720e-03
7.213442688537707426e+00,9.848792705964595218e-01,3.066060110419772666e-01,-7.221863190798316623e-08,5.629635546392658396e-02
7.215443088617723433e+00,9.848792708755798042e-01,3.066060110358036495e-01,-7.820060338170620184e-08,-5.675257007459386799e-03
7.217443488697739440e+00,9.848792711281562084e-01,3.066060110302171182e-01,-8.361369932541329320e-08,-1.411405126833545701e-02
7.219443888777755447e+00,9.848792713531716592e-01,3.066060110252402104e-01,-8.843612223086161350e-08,1.794960458734492018e-02
7.221444288857771454e+00,9.848792715497273198e-01,3.066060110208927436e-01,-9.264860850732858921e-08,-2.844371549150590678e-02
7.223444688937787461e+00,9.848792717170434807e-01,3.066060110171920372e-01,-9.623444799378155778e-08,1.283375223242667375e-02
7.225445089017803468e+00,9.848792718544592262e-01,3.066060110141526907e-01,-9.917947621507217093e-08,-4.260186982819952339e-02
7.227445489097819475e+00,9.848792719614322122e-01,3.066060110117866389e-01,-1.014720697467552668e-07,4.988399634958148865e-02
7.229445889177835483e+00,9.848792720375391108e-01,3.066060110101032632e-01,-1.031031560960737892e-07,-1.857926355901967381e-03
7.231446289257851490e+00,9.848792720824752767e-01,3.066060110091093915e-01,-1.040662064299979761e-07,-1.142858625687537440e-02
7.233446689337867497e+00,9.848792720960548586e-01,3.066060110088090207e-01,-1.043572375736268043e-07,-3.360110469387766335e-02
7.235447089417883504e+00,9.848792720782107990e-01,3.066060110092037050e-01,-1.039748123710104721e-07,-4.517803499615440956e-03
7.237447489497899511e+00,9.848792720289948344e-01,3.066060110102922787e-01,-1.029200394353502190e-07,1.341883369204838888e-03
7.239447889577915518e+00,9.848792719485774949e-01,3.066060110120709670e-01,-1.011965736208431110e-07,-1.900465555018257188e-02
7.241448289657931525e+00,9.848792718372479937e-01,3.066060110145333861e-01,-9.881061333039120598e-08,2.908536055985659619e-02
7.243448689737947532e+00,9.848792716954145599e-01,3.066060110176704878e-01,-9.577090742673988188e-08,-8.944138739187857540e-03
7.245449089817963539e+00,9.848792715236041051e-01,3.066060110214706147e-01,-9.208874846011738668e-08,1.625265265911862711e-03
7.247449489897979547e+00,9.848792713224623352e-01,3.066060110259195004e-01,-8.777797483316973626e-08,6.406306141984424718e-03
7.249449889977995554e+00,9.848792710927535277e-01,3.066060110310002140e-01,-8.285496619353516223e-08,3.332068463934178409e-02
7.251450290058011561e+00,9.848792708353611980e-01,3.066060110366932712e-01,-7.733865775572112966e-08,-1.024207313723568546e-02
7.253450690138027568e+00,9.848792705512872114e-01,3.066060110429764674e-01,-7.125052081669025483e-08,1.082567772487346433e-03
7.255451090218043575e+00,9.848792702416524492e-01,3.066060110498249891e-01,-6.461457763284883526e-08,6.690737517361171685e-03
7.257451490298059582e+00,9.848792699076965862e-01,3.066060110572114694e-01,-5.745739639628766326e-08,1.469858930728510683e-02
7.259451890378075589e+00,9.848792695507780914e-01,3.066060110651058768e-01,-4.980809126253760155e-08,-4.651537732086590687e-02
7.261452290458091596e+00,9.848792691723741166e-01,3.066060110734754596e-01,-4.169831960276759730e-08,2.815570141909971846e-02
7.263452690538107603e+00,9.848792687740806073e-01,3.066060110822849682e-01,-3.316228500138684865e-08,-3.640951925405122233e-03
7.265453090618123611e+00,9.848792683576125251e-01,3.066060110914964887e-01,-2.423674197449265932e-08,-1.863229270809972291e-02
7.267453490698139618e+00,9.848792679248032922e-01,3.066060111010693867e-01,-1.496098314679450425e-08,-1.320090370134149350e-03
7.269453890778155625e+00,9.848792674776053468e-01,3.066060111109605857e-01,-5.376852546534749422e-09,-4.860757469234872064e-02
7.271454290858171632e+00,9.848792670180898101e-01,3.066060111211242334e-01,4.471262693428457169e-09,-1.972758711724803549e-02
7.273454690938187639e+00,9.848792665484467079e-01,3.066060111315118686e-01,1.453642695103951610e-08,4.179775151042660307e-03
7.275455091018203646e+00,9.848792660709847491e-01,3.066060111420724210e-01,2.476916108329341171e-08,3.348398573788764765e-02
7.277455491098219653e+00,9.848792655881314362e-01,3.066060111527522114e-01,3.511744006701178478e-08,-2.546836627992635996e-03
7.279455891178235660e+00,9.848792651024331768e-01,3.066060111634949514e-01,4.552669055635227835e-08,9.431433452166451334e-03
7.281456291258251667e+00,9.848792646165549503e-01,3.066060111742416883e-01,5.593979779394686602e-08,-7.814947085475225028e-03
7.283456691338267674e+00,9.848792641332806408e-01,3.066060111849308045e-01,6.629709917160830912e-08,2.110300101273883053e-02
7.285457091418283682e+00,9.848792636555131486e-01,3.066060111954981293e-01,7.653638098292780967e-08,-1.042392905271179865e-02
7.287457491498299689e+00,9.848792631862737235e-01,3.066060112058768272e-01,8.659289330026354037e-08,1.109320610501890285e-02
7.289457891578315696e+00,9.848792627287027424e-01,3.066060112159974538e-01,9.639933307159509468e-08,-8.792186427506490723e-03
7.291458291658331703e+00,9.848792622860593760e-01,3.066060112257879000e-01,1.058858514757510250e-07,-2.461184043087218803e-02
7.293458691738347710e+00,9.848792618617212558e-01,3.066060112351735034e-01,1.149800605282358390e-07,-2.524230395988519976e-02
7.295459091818363717e+00,9.848792614591851402e-01,3.066060112440768259e-01,1.236070195642646752e-07,-1.652699373323603810e-02
7.297459491898379724e+00,9.848792610820663596e-01,3.066060112524179870e-01,1.316892465630381537e-07,2.862729699721281579e-02
7.299459891978395731e+00,9.848792607340993710e-01,3.066060112601143861e-01,1.391467062961115886e-07,7.946244585198369847e-02
7.301460292058411738e+00,9.848792604191368705e-01,3.066060112670807580e-01,1.458968298950757969e-07,-5.389518115617292909e-03
7.303460692138427746e+00,9.848792601411509029e-01,3.066060112732292842e-01,1.518544905099172837e-07,-1.879724173548917923e-02
7.305461092218443753e+00,9.848792599042318630e-01,3.066060112784694813e-01,1.569320244310112855e-07,1.297909446918144721e-02
7.307461492298459760e+00,9.848792597125892723e-01,3.066060112827082573e-01,1.610392154627326988e-07,1.191254661092880536e-02
7.309461892378475767e+00,9.848792595705513353e-01,3.066060112858498554e-01,1.640833037219735502e-07,-1.356209489189642847e-02
7.311462292458491774e+00,9.848792594825648283e-01,3.066060112877959654e-01,1.659689878030778942e-07,4.776709713999045120e-02
7.313462692538507781e+00,9.848792594531955435e-01,3.066060112884455569e-01,1.665984162013689485e-07,2.165733204048206351e-02
7.315463092618523788e+00,9.848792594871281780e-01,3.066060112876949906e-01,1.658711883123498154e-07,2.338667275257079459e-02
7.317463492698539795e+00,9.848792595891658896e-01,3.066060112854381292e-01,1.636843655339337289e-07,1.434253466429016204e-03
7.319463892778555802e+00,9.848792597642308522e-01,3.066060112815660044e-01,1.599324583045902415e-07,3.108564849986778303e-03
7.321464292858571810e+00,9.848792600173639222e-01,3.066060112759671497e-01,1.545074330977502797e-07,2.422738919062511834e-02
7.323464692938587817e+00,9.848792603416250957e-01,3.066060112687950534e-01,1.475580249932217924e-07,-3.495689196374678759e-02
7.325465093018603824e+00,9.848792607148063594e-01,3.066060112605409893e-01,1.395601849363270475e-07,-2.025733697297740776e-02
7.327465493098619831e+00,9.848792611314879375e-01,3.066060112513247504e-01,1.306300673187266170e-07,2.136830231388392107e-03
7.329465893178635838e+00,9.848792615867749678e-01,3.066060112412546945e-01,1.208725763646167906e-07,-3.670380577459773225e-02
7.331466293258651845e+00,9.848792620759191374e-01,3.066060112304356822e-01,1.103894752829681636e-07,4.106777119258425007e-02
7.333466693338667852e+00,9.848792625943179058e-01,3.066060112189696873e-01,9.927940392007172932e-08,-1.562773433135103418e-02
7.335467093418683859e+00,9.848792631375148376e-01,3.066060112069551868e-01,8.763787026633274024e-08,-1.077113105480260319e-02
7.337467493498699866e+00,9.848792637011996032e-01,3.066060111944875488e-01,7.555725098362664482e-08,8.093555682621083464e-03
7.339467893578715874e+00,9.848792642812078668e-01,3.066060111816588107e-01,6.312679454167913207e-08,3.771878421023677763e-02
7.341468293658731881e+00,9.848792648735212873e-01,3.066060111685579570e-01,5.043261960824274581e-08,-1.079330440246775106e-03
7.343468693738747888e+00,9.848792654742676289e-01,3.066060111552705858e-01,3.755771435520749435e-08,-1.921140159930365826e-02
7.345469093818763895e+00,9.848792660797205389e-01,3.066060111418790757e-01,2.458194003907010483e-08,-2.335375371665668331e-02
7.347469493898779902e+00,9.848792666863001033e-01,3.066060111284626966e-01,1.158201962114802086e-08,5.815177035133247373e-03
7.349469893978795909e+00,9.848792672905720691e-01,3.066060111150973322e-01,-1.368445468052925662e-09,-1.450176205235158278e-02
7.351470294058811916e+00,9.848792678892482888e-01,3.066060111018557022e-01,-1.419898534860131178e-08,5.936971957966485913e-02
7.353470694138827923e+00,9.848792684791868313e-01,3.066060110888073620e-01,-2.684226380056387029e-08,3.147904831342868137e-02
7.355471094218843930e+00,9.848792690573915376e-01,3.066060110760185919e-01,-3.923406816097596561e-08,-7.922505180404450231e-02
7.357471494298859938e+00,9.848792696210126874e-01,3.066060110635523417e-01,-5.131332514451969473e-08,-2.324437003229698484e-02
7.359471894378875945e+00,9.848792701673461103e-01,3.066060110514684522e-01,-6.302207988806429739e-08,8.831080966408810448e-03
7.361472294458891952e+00,9.848792706938340746e-01,3.066060110398235450e-01,-7.430551646203653604e-08,5.787047249634341695e-02
7.363472694538907959e+00,9.848792711980647319e-01,3.066060110286709106e-01,-8.511194513061148825e-08,-5.048514329160930236e-02
7.365473094618923966e+00,9.848792716777723388e-01,3.066060110180606757e-01,-9.539280779180536740e-08,-1.107411032096186632e-02
7.367473494698939973e+00,9.848792721308370357e-01,3.066060110080397472e-01,-1.051026725373827020e-07,3.012942024854566025e-02
7.369473894778955980e+00,9.848792725552851790e-01,3.066060109986517568e-01,-1.141992410358394494e-07,-1.733782301050769414e-02
7.371474294858971987e+00,9.848792729492891196e-01,3.066060109899371167e-01,-1.226433440915108974e-07,1.784856429093708077e-03
7.373474694938987994e+00,9.848792733111672026e-01,3.066060109819330748e-01,-1.303989412282380300e-07,-1.251234450936032638e-02
7.375475095019004002e+00,9.848792736393838787e-01,3.066060109746734930e-01,-1.374331231873693326e-07,1.678885397641482341e-02
7.377475495099020009e+00,9.848792739325495926e-01,3.066060109681892354e-01,-1.437161100126260749e-07,-2.748073460972439569e-02
7.379475895179036016e+00,9.848792741894208946e-01,3.066060109625077246e-01,-1.492212524101255156e-07,5.742363752185215050e-04
7.381476295259052023e+00,9.848792744089002182e-01,3.066060109576532744e-01,-1.539250278070891653e-07,-3.637827702130309176e-02
7.383476695339068030e+00,9.848792745900363244e-01,3.066060109536468681e-01,-1.578070498720052228e-07,2.442731943962618557e-02
7.385477095419084037e+00,9.848792747320237462e-01,3.066060109505063802e-01,-1.608500561356418501e-07,1.513182941992304714e-02
7.387477495499100044e+00,9.848792748342031222e-01,3.066060109482464102e-01,-1.630399154850525889e-07,-9.108978613275942396e-04
7.389477895579116051e+00,9.848792748960613075e-01,3.066060109468782269e-01,-1.643656304950447122e-07,9.244623988745263171e-04
7.391478295659132058e+00,9.848792749172309291e-01,3.066060109464099903e-01,-1.648193276859721834e-07,6.841515777870474033e-04
7.393478695739148066e+00,9.848792748974908307e-01,3.066060109468465855e-01,-1.643962672381871215e-07,-9.233547465263414536e-03
7.395479095819164073e+00,9.848792748367658501e-01,3.066060109481897333e-01,-1.630948386344144296e-07,3.925083387805092944e-03
7.397479495899180080e+00,9.848792747351269306e-01,3.066060109504378239e-01,-1.609165622140640295e-07,9.171650203574055124e-03
7.399479895979196087e+00,9.848792745927908987e-01,3.066060109535860279e-01,-1.578660847045831872e-07,-1.720204195920845870e-03
7.401480296059212094e+00,9.848792744101207974e-01,3.066060109576263515e-01,-1.539511868542398076e-07,-1.486387371398616153e-02
7.403480696139228101e+00,9.848792741876257750e-01,3.066060109625475261e-01,-1.491827803512535411e-07,-1.016409445638579052e-02
7.405481096219244108e+00,9.848792739259606410e-01,3.066060109683350632e-01,-1.435748988865004350e-07,-1.146316568765046867e-02
7.407481496299260115e+00,9.848792736259265324e-01,3.066060109749712548e-01,-1.371447120035451661e-07,1.135418737636543184e-02
7.409481896379276122e+00,9.848792732884708023e-01,3.066060109824351732e-01,-1.299125229614617183e-07,3.862270778812266527e-03
7.411482296459292129e+00,9.848792729146864655e-01,3.066060109907025599e-01,-1.219017566334024139e-07,4.932443631264774031e-02
7.413482696539308137e+00,9.848792725058127528e-01,3.066060109997461036e-01,-1.131389719410957895e-07,-4.331056186340391696e-03
7.415483096619324144e+00,9.848792720632350006e-01,3.066060110095351066e-01,-1.036538582466217662e-07,1.885910372138687244e-03
7.417483496699340151e+00,9.848792715884844284e-01,3.066060110200357069e-01,-9.347923238256505840e-08,-1.573093012385928455e-02
7.419483896779356158e+00,9.848792710832385833e-01,3.066060110312108233e-01,-8.265104664562095138e-08,2.529875832813353875e-03
7.421484296859372165e+00,9.848792705493205624e-01,3.066060110430200436e-01,-7.120837255958356593e-08,-1.111688723550407001e-02
7.423484696939388172e+00,9.848792699887000124e-01,3.066060110554199580e-01,-5.919342285776174606e-08,-2.147866443217889831e-02
7.425485097019404179e+00,9.848792694034924633e-01,3.066060110683636597e-01,-4.665153660599052898e-08,4.038868747423066292e-03
7.427485497099420186e+00,9.848792687959592174e-01,3.066060110818011331e-01,-3.363117695442952026e-08,3.978209480439195284e-02
7.429485897179436193e+00,9.848792681685080153e-01,3.066060110956791984e-01,-2.018394540392876024e-08,-2.163455519506284064e-02
7.431486297259452201e+00,9.848792675236924810e-01,3.066060111099412899e-01,-6.364569732353331233e-09,-1.628405338742464070e-02
7.433486697339468208e+00,9.848792668642121217e-01,3.066060111245277886e-01,7.769095033971495923e-09,-9.914440431976771686e-04
7.435487097419484215e+00,9.848792661929127723e-01,3.066060111393756893e-01,2.215605848787660648e-08,6.334438479594532018e-03
7.437487497499500222e+00,9.848792655127861506e-01,3.066060111544188227e-01,3.673220380639996563e-08,3.250065099395812312e-02
7.439487897579516229e+00,9.848792648269698580e-01,3.066060111695877999e-01,5.143028708465280374e-08,-1.621155539333447512e-02
7.441488297659532236e+00,9.848792641387479341e-01,3.066060111848099567e-01,6.617992662216742872e-08,-3.519994324022816205e-03
7.443488697739548243e+00,9.848792634515501909e-01,3.066060112000095206e-01,8.090761627332909711e-08,-1.996281151295100503e-02
7.445489097819564250e+00,9.848792627689524348e-01,3.066060112151072770e-01,9.553672111750621809e-08,-2.200421416237080194e-02
7.447489497899580257e+00,9.848792620946766885e-01,3.066060112300210139e-01,1.099874724352911670e-07,-1.198730603408310925e-02
7.449489897979596265e+00,9.848792614325909689e-01,3.066060112446650776e-01,1.241769729265485012e-07,-2.809840736189177235e-02
7.451490298059612272e+00,9.848792607867091764e-01,3.066060112589507614e-01,1.380191985422829504e-07,1.091927031044283812e-02
7.453490698139628279e+00,9.848792601611916497e-01,3.066060112727860831e-01,1.514249868828088097e-07,2.600462317337191853e-02
7.455491098219644286e+00,9.848792595603441669e-01,3.066060112860756748e-01,1.643020587915877684e-07,-1.325887252319897340e-02
7.457491498299660293e+00,9.848792589886191662e-01,3.066060112987211705e-01,1.765549914878317139e-07,-1.795877701578954197e-02
7.459491898379676300e+00,9.848792584506147474e-01,3.066060113106208185e-01,1.880852410485189807e-07,3.265033064751679537e-02
7.461492298459692307e+00,9.848792579510751155e-01,3.066060113216697025e-01,1.987911319167867674e-07,-5.839471757901481749e-03
7.463492698539708314e+00,9.848792574948905809e-01,3.066060113317596314e-01,2.085678573737759223e-07,3.663546705656892805e-02
7.465493098619724321e+00,9.848792570870974483e-01,3.066060113407792498e-01,2.173074817313214169e-07,-7.289596211112460422e-02
7.467493498699740329e+00,9.848792567328781278e-01,3.066060113486139271e-01,2.248989379449728432e-07,-4.696130433374598109e-03
7.469493898779756336e+00,9.848792564375611347e-01,3.066060113551457578e-01,2.312280282246170771e-07,-2.601972567951441745e-02
7.471494298859772343e+00,9.848792562066207568e-01,3.066060113602537274e-01,2.361774301407049137e-07,-1.393588514889831757e-02
7.473494698939788350e+00,9.848792560456774980e-01,3.066060113638134910e-01,2.396266877702224463e-07,1.955397074142825597e-02
7.475495099019804357e+00,9.848792559604979679e-01,3.066060113656974839e-01,2.414522140836705688e-07,2.641837007854748801e-02
7.477495499099820364e+00,9.848792559569947702e-01,3.066060113657749775e-01,2.415272928879552694e-07,-4.972229185040848848e-03
7.479495899179836371e+00,9.848792560412265029e-01,3.066060113639119122e-01,2.397220794370102936e-07,2.277300243873478514e-02
7.481496299259852378e+00,9.848792562193978695e-01,3.066060113599710646e-01,2.359035973509282513e-07,-2.865307868090410590e-02
7.483496699339868385e+00,9.848792564978594566e-01,3.066060113538119913e-01,2.299357439727867103e-07,6.130687719399902612e-03
7.485497099419884393e+00,9.848792568831080674e-01,3.066060113452910296e-01,2.216792830411762338e-07,-4.523436684917023741e-03
7.487497499499900400e+00,9.848792573570701592e-01,3.066060113348078042e-01,2.115215578801787899e-07,-4.318280691301788765e-02
7.489497899579916407e+00,9.848792578909602025e-01,3.066060113229991391e-01,2.000794857570653562e-07,2.189162780161438976e-02
7.491498299659932414e+00,9.848792584781780324e-01,3.066060113100109730e-01,1.874945184388021602e-07,-1.746449341010446535e-02
7.493498699739948421e+00,9.848792591123298745e-01,3.066060112959847483e-01,1.739036838421803566e-07,1.016210767677276638e-02
7.495499099819964428e+00,9.848792597872190191e-01,3.066060112810574667e-01,1.594397871507169384e-07,-1.978343111746828920e-02
7.497499499899980435e+00,9.848792604968461539e-01,3.066060112653617997e-01,1.442314024324709010e-07,3.740291891397000672e-03
7.499499899979996442e+00,9.848792612354090314e-01,3.066060112490262002e-01,1.284028808556936241e-07,1.470585753622122294e-02
7.501500300060012449e+00,9.848792619973026907e-01,3.066060112321745135e-01,1.120743449989358709e-07,-6.891258291629832411e-04
7.503500700140028457e+00,9.848792627771192354e-01,3.066060112149264216e-01,9.536169445767406216e-08,-1.254199577877558071e-02
7.505501100220044464e+00,9.848792635696480557e-01,3.066060111973971658e-01,7.837660020992842647e-08,1.453340131027582895e-02
7.507501500300060471e+00,9.848792643698759397e-01,3.066060111796976573e-01,6.122650317297306799e-08,4.710793777165520752e-03
7.509501900380076478e+00,9.848792651729865177e-01,3.066060111619343664e-01,4.401462547209966658e-08,-1.106829590425742471e-02
7.511502300460091597e+00,9.848792659743610400e-01,3.066060111442094338e-01,2.683995389829441081e-08,5.461192344557190201e-04
7.513502700540107604e+00,9.848792667695774883e-01,3.066060111266207810e-01,9.797258976318445889e-09,-2.572147092462581316e-03
7.515503100620123611e+00,9.848792675544115749e-01,3.066060111092617224e-01,-7.022926462596501551e-09,-9.029286853152426393e-03
7.517503500700139618e+00,9.848792683248357438e-01,3.066060110922213533e-01,-2.353428560364356770e-08,2.204212080015790706e-02
7.519503900780155625e+00,9.848792690770199476e-01,3.066060110755844947e-01,-3.965473494016436007e-08,4.297232009822299359e-02
7.521504300860171632e+00,9.848792698073313145e-01,3.066060110594313604e-01,-5.530641628004318022e-08,-1.323871284749009863e-02
7.523504700940187639e+00,9.848792705123341484e-01,3.066060110438380559e-01,-7.041569749510756537e-08,-3.410848026721100337e-03
7.525505101020203647e+00,9.848792711887898177e-01,3.066060110288760798e-01,-8.491316974557072683e-08,-2.393469126191062613e-02
7.527505501100219654e+00,9.848792718336570884e-01,3.066060110146128781e-01,-9.873365489077023938e-08,-3.370440243396441438e-02
7.529505901180235661e+00,9.848792724440919022e-01,3.066060110011111783e-01,-1.118162002156086743e-07,2.792756640758507075e-02
7.531506301260251668e+00,9.848792730174473764e-01,3.066060109884296558e-01,-1.241040791521985653e-07,-1.718669101347732042e-02
7.533506701340267675e+00,9.848792735512736929e-01,3.066060109766224340e-01,-1.355447881712379399e-07,8.080338131334435792e-03
7.535507101420283682e+00,9.848792740433185422e-01,3.066060109657393618e-01,-1.460900570793288722e-07,-3.426992280161642729e-02
7.537507501500299689e+00,9.848792744915266795e-01,3.066060109558258473e-01,-1.556958385551254764e-07,-1.636610298998305776e-02
7.539507901580315696e+00,9.848792748940400354e-01,3.066060109469229689e-01,-1.643223115910252830e-07,1.142690637169231464e-02
7.541508301660331703e+00,9.848792752491977165e-01,3.066060109390675859e-01,-1.719338805772352430e-07,1.146311633272362185e-02
7.543508701740347711e+00,9.848792755555360046e-01,3.066060109322919502e-01,-1.784991757736165141e-07,5.452191977613074156e-03
7.545509101820363718e+00,9.848792758117886903e-01,3.066060109266241507e-01,-1.839910603873562422e-07,9.803282060097727110e-03
7.547509501900379725e+00,9.848792760168865179e-01,3.066060109220877794e-01,-1.883866186658256225e-07,5.026898643566454598e-03
7.549509901980395732e+00,9.848792761699572962e-01,3.066060109187021543e-01,-1.916671582002926755e-07,2.466466537037090984e-02
7.551510302060411739e+00,9.848792762703263426e-01,3.066060109164822078e-01,-1.938182194183291074e-07,4.205269815302939418e-02
7.553510702140427746e+00,9.848792763175161502e-01,3.066060109154384317e-01,-1.948295687281831334e-07,1.368663514769697526e-02
7.555511102220443753e+00,9.848792763112462767e-01,3.066060109155771540e-01,-1.946951958264886429e-07,-3.196805461068493760e-03
7.557511502300459760e+00,9.848792762514334553e-01,3.066060109169000958e-01,-1.934133161962670044e-07,-2.608999472260248309e-02
7.559511902380475767e+00,9.848792761381918170e-01,3.066060109194048144e-01,-1.909863757143526186e-07,-1.256016622660680732e-02
7.561512302460491775e+00,9.848792759718325573e-01,3.066060109230843711e-01,-1.874210439345436185e-07,-8.505514962311399446e-03
7.563512702540507782e+00,9.848792757528642694e-01,3.066060109279275525e-01,-1.827282205824065642e-07,3.557496354797953092e-02
7.565513102620523789e+00,9.848792754819923889e-01,3.066060109339187600e-01,-1.769230243975350447e-07,-3.910104407408615534e-02
7.567513502700539796e+00,9.848792751601198603e-01,3.066060109410379542e-01,-1.700248067892928816e-07,-2.033293082901069943e-02
7.569513902780555803e+00,9.848792747883469145e-01,3.066060109492608765e-01,-1.620571474514331811e-07,-2.619175965294954361e-02
7.571514302860571810e+00,9.848792743679706252e-01,3.066060109585588278e-01,-1.530478446754024446e-07,2.120074018309329664e-02
7.573514702940587817e+00,9.848792739004855745e-01,3.066060109688987234e-01,-1.430289297277287375e-07,-1.784486455467369434e-02
7.575515103020603824e+00,9.848792733875835204e-01,3.066060109802432043e-01,-1.320366593005051215e-07,-4.636293593513440836e-02
7.577515503100619831e+00,9.848792728311532851e-01,3.066060109925504151e-01,-1.201115140125885716e-07,-5.186068950477861622e-02
7.579515903180635839e+00,9.848792722332810889e-01,3.066060110057742261e-01,-1.072982045158266118e-07,7.146292881763355309e-03
7.581516303260651846e+00,9.848792715962501054e-01,3.066060110198641775e-01,-9.364566294634002475e-08,-4.140767507164230810e-02
7.583516703340667853e+00,9.848792709225409059e-01,3.066060110347653689e-01,-7.920705152875129329e-08,2.685461822774724838e-02
7.585517103420683860e+00,9.848792702148313483e-01,3.066060110504185698e-01,-6.403976110513909248e-08,2.589658524968786735e-02
7.587517503500699867e+00,9.848792694759963551e-01,3.066060110667602201e-01,-4.820540533412298601e-08,-2.905323642594484501e-02
7.589517903580715874e+00,9.848792687091079134e-01,3.066060110837223740e-01,-3.176982191210875328e-08,-9.235247567132622362e-03
7.591518303660731881e+00,9.848792679174356302e-01,3.066060111012326450e-01,-1.480308320367385022e-08,-2.576898527532507904e-04
7.593518703740747888e+00,9.848792671044459546e-01,3.066060111192144833e-01,2.620519190532633047e-09,-3.816556664775832414e-02
7.595519103820763895e+00,9.848792662738026227e-01,3.066060111375867314e-01,2.042246616262843872e-08,-3.173129196136025010e-02
7.597519503900779902e+00,9.848792654293666571e-01,3.066060111562640689e-01,3.852000979298608740e-08,-1.676315275119521359e-02
7.599519903980795910e+00,9.848792645751963670e-01,3.066060111751567341e-01,5.682617462698935640e-08,-1.893743950213459164e-03
7.601520304060811917e+00,9.848792637155471263e-01,3.066060111941705801e-01,7.524976144979156345e-08,5.851533253192494656e-03
7.603520704140827924e+00,9.848792628548714845e-01,3.066060112132070747e-01,9.369534550995872735e-08,-4.797221120085708168e-02
7.605521104220843931e+00,9.848792619978192775e-01,3.066060112321634668e-01,1.120632734386006746e-07,4.933177060772578337e-03
7.607521504300859938e+00,9.848792611492375171e-01,3.066060112509325086e-01,1.302496666077956888e-07,-3.961455251680360591e-03
7.609521904380875945e+00,9.848792603141706126e-01,3.066060112694026230e-01,1.481464157182532659e-07,-7.726424353527954272e-03
7.611522304460891952e+00,9.848792594978598158e-01,3.066060112874579024e-01,1.656411928174783554e-07,-1.263739199831741093e-02
7.613522704540907959e+00,9.848792587057437764e-01,3.066060113049779989e-01,1.826174393648738459e-07,2.456081309652542385e-02
7.615523104620923966e+00,9.848792579434585415e-01,3.066060113218383454e-01,1.989543664537851697e-07,3.791035920908223528e-02
7.617523504700939974e+00,9.848792572168371118e-01,3.066060113379098229e-01,2.145269640263514077e-07,-1.259005862256313939e-02
7.619523904780955981e+00,9.848792565319096637e-01,3.066060113530591491e-01,2.292059961273018587e-07,-5.418868948741018335e-03
7.621524304860971988e+00,9.848792558949037712e-01,3.066060113671484899e-01,2.428579968516419996e-07,-4.084645025228099413e-02
7.623524704940987995e+00,9.848792553122441840e-01,3.066060113800357922e-01,2.553452737030781350e-07,-1.124197080113889351e-02
7.625525105021004002e+00,9.848792547905527162e-01,3.066060113915746732e-01,2.665259113687756809e-07,1.601407511378598672e-02
7.627525505101020009e+00,9.848792543366485797e-01,3.066060114016141425e-01,2.762537639755535679e-07,-3.688803569499536118e-03
7.629525905181036016e+00,9.848792539575480509e-01,3.066060114099991019e-01,2.843784618622446914e-07,7.775691208238584735e-03
7.631526305261052023e+00,9.848792536604646930e-01,3.066060114165700679e-01,2.907454076939153254e-07,-3.851878092476869464e-03
7.633526705341068030e+00,9.848792534528091336e-01,3.066060114211629495e-01,2.951957805974458893e-07,1.406822038758626580e-03
7.635527105421084038e+00,9.848792533421895090e-01,3.066060114236096590e-01,2.975665265025906336e-07,1.566035959126353336e-02
7.637527505501100045e+00,9.848792533364107982e-01,3.066060114237374457e-01,2.976903730467217457e-07,1.819676164033712587e-02
7.639527905581116052e+00,9.848792534434754886e-01,3.066060114213693955e-01,2.953958147255963951e-07,-4.952820220271214602e-02
7.641528305661132059e+00,9.848792536715831325e-01,3.066060114163240424e-01,2.905071228853639553e-07,-6.175712701122063053e-03
7.643528705741148066e+00,9.848792540291304576e-01,3.066060114084157573e-01,2.828443426694526863e-07,-7.340988748600994762e-02
7.645529105821164073e+00,9.848792545238809204e-01,3.066060113974727885e-01,2.722410917532780417e-07,-2.688531303689697927e-04
7.647529505901180080e+00,9.848792551050631339e-01,3.066060113846181268e-01,2.597854772690144642e-07,-1.419450425189821077e-02
7.649529905981196087e+00,9.848792557340468878e-01,3.066060113707061441e-01,2.463054034895773015e-07,-1.532401095087078738e-02
7.651530306061212094e+00,9.848792564046098263e-01,3.066060113558745082e-01,2.319342247425471015e-07,3.851848105980253123e-02
7.653530706141228102e+00,9.848792571107323202e-01,3.066060113402563903e-01,2.168009506364754202e-07,8.537630312029139551e-03
7.655531106221244109e+00,9.848792578465973557e-01,3.066060113239804652e-01,2.010302486143977774e-07,2.791015208978101653e-02
7.657531506301260116e+00,9.848792586065910903e-01,3.066060113071708004e-01,1.847424320466917180e-07,1.535185551654161262e-02
7.659531906381276123e+00,9.848792593853024080e-01,3.066060112899471335e-01,1.680534689185719799e-07,4.186214787281572480e-02
7.661532306461292130e+00,9.848792601775230304e-01,3.066060112724247055e-01,1.510749807198674688e-07,-6.352339187118288127e-03
7.663532706541308137e+00,9.848792609782474061e-01,3.066060112547141503e-01,1.339142441936225225e-07,-6.527268067592299078e-03
7.665533106621324144e+00,9.848792617826730433e-01,3.066060112369217716e-01,1.166741836200468896e-07,-2.455354913396246095e-03
7.667533506701340151e+00,9.848792625862000660e-01,3.066060112191492659e-01,9.945338153016791694e-08,6.105765690628104508e-02
7.669533906781356158e+00,9.848792633844316580e-01,3.066060112014938333e-01,8.234606846402314773e-08,-1.101609442597926980e-02
7.671534306861372166e+00,9.848792641731736186e-01,3.066060111840483438e-01,6.544213224102257698e-08,5.666173502618500682e-04
7.673534706941388173e+00,9.848792649484348072e-01,3.066060111669010602e-01,4.882710924469790825e-08,3.427520926303619098e-02
7.675535107021404180e+00,9.848792657064268097e-01,3.066060111501356933e-01,3.258219086199609649e-08,2.300879991439193362e-02
7.677535507101420187e+00,9.848792664435640498e-01,3.066060111338315686e-01,1.678422151263347928e-08,-1.244736548553028455e-02
7.679535907181436194e+00,9.848792671564637891e-01,3.066060111180635706e-01,1.505698343784445115e-09,4.356019152521317661e-02
7.681536307261452201e+00,9.848792678419462376e-01,3.066060111029019764e-01,-1.318523060178655726e-08,1.198690366016740179e-02
7.683536707341468208e+00,9.848792684970343325e-01,3.066060110884126777e-01,-2.722476274974461319e-08,3.615678637577014742e-02
7.685537107421484215e+00,9.848792691189537374e-01,3.066060110746569589e-01,-4.055343968967228818e-08,1.513028767702266110e-02
7.687537507501500222e+00,9.848792697051332867e-01,3.066060110616917744e-01,-5.311615733361030323e-08,1.944101647015351528e-02
7.689537907581516230e+00,9.848792702532043197e-01,3.066060110495694713e-01,-6.486215170520281958e-08,-1.856291045113218213e-02
7.691538307661532237e+00,9.848792707610013464e-01,3.066060110383379556e-01,-7.574501315055215400e-08,3.545662868224545156e-02
7.693538707741548244e+00,9.848792712265614924e-01,3.066060110280406370e-01,-8.572267407025435659e-08,-1.752430093058304772e-02
7.695539107821564251e+00,9.848792716481246101e-01,3.066060110187164844e-01,-9.475741202802367980e-08,1.921815751889751310e-03
7.697539507901580258e+00,9.848792720241337229e-01,3.066060110103998593e-01,-1.028158584381877461e-07,2.718088585882891262e-02
7.699539907981596265e+00,9.848792723532345805e-01,3.066060110031207930e-01,-1.098689898504368045e-07,-8.485173156655782464e-03
7.701540308061612272e+00,9.848792726342755488e-01,3.066060109969047098e-01,-1.158921247024213841e-07,2.984845448920989651e-03
7.703540708141628279e+00,9.848792728663080531e-01,3.066060109917725929e-01,-1.208649337836043003e-07,2.071655915071625724e-04
7.705541108221644286e+00,9.848792730485864677e-01,3.066060109877409290e-01,-1.247714371266361866e-07,3.918325602852122669e-03
7.707541508301660294e+00,9.848792731805676715e-01,3.066060109848217641e-01,-1.275999948480155410e-07,1.475790106590076436e-02
7.709541908381676301e+00,9.848792732619117141e-01,3.066060109830225922e-01,-1.293433213311878660e-07,-3.745290358122405766e-02
7.711542308461692308e+00,9.848792732924812610e-01,3.066060109823464663e-01,-1.299984731251146997e-07,-1.310397103748843321e-02
7.713542708541708315e+00,9.848792732723419263e-01,3.066060109827919433e-01,-1.295668566880792127e-07,5.163615922163235228e-02
7.715543108621724322e+00,9.848792732017621621e-01,3.066060109843530279e-01,-1.280542250292615591e-07,-4.884192787723895535e-02
7.717543508701740329e+00,9.848792730812131468e-01,3.066060109870193395e-01,-1.254706764597379731e-07,-1.592307736611479549e-02
7.719543908781756336e+00,9.848792729113691191e-01,3.066060109907760012e-01,-1.218306609207520097e-07,1.996138175941926732e-02
7.721544308861772343e+00,9.848792726931070440e-01,3.066060109956035840e-01,-1.171529731280873676e-07,-4.602570612919260062e-02
7.723544708941788350e+00,9.848792724275066135e-01,3.066060110014781626e-01,-1.114607523777788600e-07,-2.154443507980962139e-02
7.725545109021804357e+00,9.848792721158505792e-01,3.066060110083714263e-01,-1.047814901233845575e-07,-2.008907500685595815e-02
7.727545509101820365e+00,9.848792717596243085e-01,3.066060110162505126e-01,-9.714702012275644449e-08,3.918210043999999920e-02
7.729545909181836372e+00,9.848792713605162286e-01,3.066060110250780624e-01,-8.859352781942497757e-08,-2.171760718728342129e-02
7.731546309261852379e+00,9.848792709204173823e-01,3.066060110348122203e-01,-7.916154112774798079e-08,1.580128132856878712e-02
7.733546709341868386e+00,9.848792704414219834e-01,3.066060110454066900e-01,-6.889594225678585815e-08,-1.574689695167127979e-02
7.735547109421884393e+00,9.848792699258266392e-01,3.066060110568107344e-01,-5.784595119573410216e-08,2.612250157988269482e-04
7.737547509501900400e+00,9.848792693761312389e-01,3.066060110689689533e-01,-4.606514422689222954e-08,-2.832232831661987693e-02
7.739547909581916407e+00,9.848792687950381763e-01,3.066060110818216722e-01,-3.361143782742992414e-08,-3.678020703458802221e-02
7.741548309661932414e+00,9.848792681854527942e-01,3.066060110953045537e-01,-2.054709771770468762e-08,-1.171171182701070262e-02
7.743548709741948421e+00,9.848792675504834948e-01,3.066060111093489304e-01,-6.938742164175337734e-09,-3.440440385772955412e-02
7.745549109821964429e+00,9.848792668934411854e-01,3.066060111238814723e-01,7.142671648585618982e-09,-4.411194495119465618e-03
7.747549509901980436e+00,9.848792662178398327e-01,3.066060111388245191e-01,2.162183365683745251e-08,2.956959623936562895e-03
7.749549909981996443e+00,9.848792655273962415e-01,3.066060111540958588e-01,3.641908710716457165e-08,1.021952264394058660e-02
7.751550310062012450e+00,9.848792648260298321e-01,3.066060111696087831e-01,5.145043308063534937e-08,3.817796970471257212e-02
7.753550710142028457e+00,9.848792641178630847e-01,3.066060111852720871e-01,6.662752052855047680e-08,3.545771773376756725e-02
7.755551110222044464e+00,9.848792634072212060e-01,3.066060112009901806e-01,8.185765348889262327e-08,-2.760452686637242595e-02
7.757551510302060471e+00,9.848792626986324628e-01,3.066060112166628659e-01,9.704378445274386422e-08,-1.874907339782349788e-02
7.759551910382076478e+00,9.848792619968277373e-01,3.066060112321854492e-01,1.120845235236256343e-07,4.223002356581696815e-02
7.761552310462092485e+00,9.848792613067407498e-01,3.066060112474489063e-01,1.268741335325174191e-07,-1.382485762990866805e-03
7.763552710542108493e+00,9.848792606335082800e-01,3.066060112623395506e-01,1.413025255136979297e-07,-9.662968290014079670e-03
7.765553110622124500e+00,9.848792599824696126e-01,3.066060112767393098e-01,1.552552706396426174e-07,2.675611337601885992e-02
7.767553510702140507e+00,9.848792593591670919e-01,3.066060112905256152e-01,1.686135878697925250e-07,-1.563813405862312170e-02
7.769553910782156514e+00,9.848792587693460110e-01,3.066060113035713464e-01,1.812543470591787553e-07,2.331808238572602096e-02
7.771554310862172521e+00,9.848792582189542788e-01,3.066060113157449973e-01,1.930500755920050437e-07,-7.570357050325345234e-03
7.773554710942188528e+00,9.848792577141427529e-01,3.066060113269104548e-01,2.038689510541757954e-07,3.234572801021233512e-02
7.775555111022204535e+00,9.848792572612650176e-01,3.066060113369272755e-01,2.135748066456333305e-07,-3.657227493842769937e-03
7.777555511102220542e+00,9.848792568668777170e-01,3.066060113456504088e-01,2.220271235475745897e-07,2.047215310300981236e-02
7.779555911182236549e+00,9.848792565377402219e-01,3.066060113529303077e-01,2.290810383887009749e-07,2.645090737920315418e-02
7.781556311262252557e+00,9.848792562808147411e-01,3.066060113586129843e-01,2.345873405251719390e-07,4.037268451792960788e-02
7.783556711342268564e+00,9.848792561032662096e-01,3.066060113625400096e-01,2.383924742610510350e-07,-1.993507893031769285e-02
7.785557111422284571e+00,9.848792560124625117e-01,3.066060113645484031e-01,2.403385349070141785e-07,-9.612694254832909735e-03
7.787557511502300578e+00,9.848792560159744802e-01,3.066060113644707430e-01,2.402632681419714089e-07,-3.544654770980699282e-02
7.789557911582316585e+00,9.848792561215756747e-01,3.066060113621350003e-01,2.380000747037591680e-07,-4.309496867436633100e-02
7.791558311662332592e+00,9.848792563372424924e-01,3.066060113573648716e-01,2.333780082519609778e-07,-1.244939901543954189e-02
7.793558711742348599e+00,9.848792566711542795e-01,3.066060113499793349e-01,2.262217731752169669e-07,3.968233564801903861e-03
7.795559111822364606e+00,9.848792571137570118e-01,3.066060113401897769e-01,2.167361266569578504e-07,3.130815519039902711e-02
7.797559511902380613e+00,9.848792575972977748e-01,3.066060113294947764e-01,2.063731159573922724e-07,-1.042294608426305377e-02
7.799559911982396621e+00,9.848792581103478216e-01,3.066060113181470204e-01,1.953776764818115907e-07,4.774996341031285951e-02
7.801560312062412628e+00,9.848792586484902412e-01,3.066060113062443193e-01,1.838444693980090250e-07,4.527494403688840999e-03
7.803560712142428635e+00,9.848792592074604446e-01,3.066060112938809312e-01,1.718648913462406114e-07,2.199870376031189817e-02
7.805561112222444642e+00,9.848792597831456108e-01,3.066060112811478389e-01,1.595270861798336881e-07,-6.433964208123716527e-03
7.807561512302460649e+00,9.848792603715849081e-01,3.066060112681326388e-01,1.469159404965392213e-07,-3.148137288600497824e-02
7.809561912382476656e+00,9.848792609689693833e-01,3.066060112549195971e-01,1.341130859422445809e-07,3.955686491495263857e-02
7.811562312462492663e+00,9.848792615716422949e-01,3.066060112415895933e-01,1.211968920500350322e-07,-7.307135184250655724e-03
7.813562712542508670e+00,9.848792621760985577e-01,3.066060112282201211e-01,1.082424782861135526e-07,2.774812931319748516e-02
7.815563112622524677e+00,9.848792627789852983e-01,3.066060112148853989e-01,9.532170161530295616e-08,-9.304504804909430674e-03
7.817563512702540685e+00,9.848792633771014104e-01,3.066060112016562034e-01,8.250316640978638816e-08,1.460110241683004045e-02
7.819563912782556692e+00,9.848792639673979998e-01,3.066060111885999251e-01,6.985221562283427943e-08,-4.061535485441577359e-03
7.821564312862572699e+00,9.848792645469778284e-01,3.066060111757806794e-01,5.743094089183387041e-08,-8.750705939719298151e-03
7.823564712942588706e+00,9.848792651130957587e-01,3.066060111632591956e-01,4.529817515530609739e-08,-3.822304075973123084e-03
7.825565113022604713e+00,9.848792656631587539e-01,3.066060111510928166e-01,3.350949082103760190e-08,1.695203776027934608e-02
7.827565513102620720e+00,9.848792661947254334e-01,3.066060111393355547e-01,2.211721053524406955e-08,-3.031869682478198491e-02
7.829565913182636727e+00,9.848792667055068506e-01,3.066060111280380363e-01,1.117038972431316779e-08,-2.447122242711517737e-02
7.831566313262652734e+00,9.848792671933653819e-01,3.066060111172475011e-01,7.148411584889657888e-10,2.445558428791302225e-02
7.833566713342668741e+00,9.848792676563159487e-01,3.066060111070079142e-01,-9.206891971036412770e-09,-1.851454877348744296e-02
7.835567113422684749e+00,9.848792680925251286e-01,3.066060110973597430e-01,-1.855551656770870750e-08,4.426952934726155475e-03
7.837567513502700756e+00,9.848792685003115999e-01,3.066060110883402912e-01,-2.729499964937431855e-08,-3.389750374022750673e-02
7.839567913582716763e+00,9.848792688781458082e-01,3.066060110799833094e-01,-3.539256032691895371e-08,-5.599939370857176524e-03
7.841568313662732770e+00,9.848792692246503000e-01,3.066060110723192733e-01,-4.281867760358437636e-08,2.725839109553507972e-02
7.843568713742748777e+00,9.848792695385997220e-01,3.066060110653752724e-01,-4.954709029170167867e-08,1.876108945490915191e-03
7.845569113822764784e+00,9.848792698189203776e-01,3.066060110591751209e-01,-5.555478760355114787e-08,4.961403204245293935e-03
7.847569513902780791e+00,9.848792700646907816e-01,3.066060110537391359e-01,-6.082202050339269306e-08,-1.010040123049545102e-02
7.849569913982796798e+00,9.848792702751413275e-01,3.066060110490843593e-01,-6.533229526817230237e-08,2.187016252136949734e-03
7.851570314062812805e+00,9.848792704496541761e-01,3.066060110452245024e-01,-6.907237054543102772e-08,-4.487664791689437160e-02
7.853570714142828812e+00,9.848792705877639220e-01,3.066060110421697238e-01,-7.203227214702678793e-08,-4.120825951355194111e-02
7.855571114222844820e+00,9.848792706891567050e-01,3.066060110399271288e-01,-7.420527345369798411e-08,9.880571113179976994e-03
7.857571514302860827e+00,9.848792707536706548e-01,3.066060110385002146e-01,-7.558790543482629687e-08,-4.456511244621919748e-02
7.859571914382876834e+00,9.848792707812961122e-01,3.066060110378892034e-01,-7.617996095055090677e-08,3.226458971703354689e-02
7.861572314462892841e+00,9.848792707721752970e-01,3.066060110380909309e-01,-7.598448797940804411e-08,2.078464052873802217e-02
7.863572714542908848e+00,9.848792707266020852e-01,3.066060110390989579e-01,-7.500778484437198301e-08,-3.054006786072563373e-02
7.865573114622924855e+00,9.848792706450227863e-01,3.066060110409032924e-01,-7.325941658864465467e-08,-5.505818176900883348e-02
7.867573514702940862e+00,9.848792705280353665e-01,3.066060110434908892e-01,-7.075219848884373164e-08,-6.106761045825525452e-02
7.869573914782956869e+00,9.848792703763898926e-01,3.066060110468449840e-01,-6.750220576945409334e-08,7.216751204706380735e-03
7.871574314862972876e+00,9.848792701909881986e-01,3.066060110509457592e-01,-6.352876594228895613e-08,-2.893802991804036908e-03
7.873574714942988884e+00,9.848792699728843303e-01,3.066060110557697893e-01,-5.885446896503054859e-08,3.316133250099697477e-02
7.875575115023004891e+00,9.848792697232841009e-01,3.066060110612904843e-01,-5.350515699942270942e-08,1.124326817118916078e-02
7.877575515103020898e+00,9.848792694435455353e-01,3.066060110674778127e-01,-4.750993490287847010e-08,3.842281893635948742e-02
7.879575915183036905e+00,9.848792691351783146e-01,3.066060110742983014e-01,-4.090115721111509117e-08,2.135594837049692440e-02
7.881576315263052912e+00,9.848792687998442208e-01,3.066060110817152573e-01,-3.371443846322819127e-08,-2.423034040731134736e-02
7.883576715343068919e+00,9.848792684393570251e-01,3.066060110896886015e-01,-2.598865073144551729e-08,-5.222988692329483262e-03
7.885577115423084926e+00,9.848792680556824886e-01,3.066060110981747577e-01,-1.776592312152658337e-08,-2.173785757998918794e-02
7.887577515503100933e+00,9.848792676509382504e-01,3.066060111071269856e-01,-9.091639913139104578e-09,-8.515604707943852381e-03
7.889577915583116940e+00,9.848792672273939397e-01,3.066060111164949920e-01,-1.444255826044127389e-11,-1.354848369988673890e-02
7.891578315663132948e+00,9.848792667874711748e-01,3.066060111262252641e-01,9.413769819222039814e-09,-6.474777916416871344e-03
7.893578715743148955e+00,9.848792663337434528e-01,3.066060111362609031e-01,1.913784322682410277e-08,3.329206147586587922e-02
7.895579115823164962e+00,9.848792658689362600e-01,3.066060111465415683e-01,2.909936652750744202e-08,-1.450554510724361493e-02
7.897579515903180969e+00,9.848792653959272947e-01,3.066060111570036439e-01,3.923666624938704217e-08,-3.059010257739322447e-02
7.899579915983196976e+00,9.848792649177458003e-01,3.066060111675801281e-01,4.948482082434146889e-08,-1.650888765694684401e-02
7.901580316063212983e+00,9.848792644375732319e-01,3.066060111782006325e-01,5.977564732084772459e-08,-1.265215467032835932e-02
7.903580716143228990e+00,9.848792639587429232e-01,3.066060111887914941e-01,7.003770688407406908e-08,-1.527246977803949426e-02
7.905581116223244997e+00,9.848792634847404193e-01,3.066060111992755521e-01,8.019629929578719896e-08,-4.924324675998785483e-03
7.907581516303261004e+00,9.848792630192026998e-01,3.066060112095723711e-01,9.017347837869671423e-08,-1.144313010864145275e-02
7.909581916383277012e+00,9.848792625659192890e-01,3.066060112195981846e-01,9.988802904259408422e-08,2.719283599006602770e-02
7.911582316463293019e+00,9.848792621288312565e-01,3.066060112292657291e-01,1.092554880455232080e-07,2.219834172007165152e-02
7.913582716543309026e+00,9.848792617120318837e-01,3.066060112384845771e-01,1.181881303935483629e-07,-1.967642851733857057e-02
7.915583116623325033e+00,9.848792613197662194e-01,3.066060112471607479e-01,1.265949780282493720e-07,2.405380074785915673e-02
7.917583516703341040e+00,9.848792609564314127e-01,3.066060112551970418e-01,1.343817936649838174e-07,3.448391121026853079e-02
7.919583916783357047e+00,9.848792606265766025e-01,3.066060112624928169e-01,1.414510820141323677e-07,-3.899803820272527716e-04
7.921584316863373054e+00,9.848792603349026953e-01,3.066060112689441008e-01,1.477020957485475350e-07,-2.157757807925941504e-02
7.923584716943389061e+00,9.848792600862628088e-01,3.066060112744435351e-01,1.530308253172574240e-07,1.045550128415848740e-02
7.925585117023405068e+00,9.848792598856617175e-01,3.066060112788804859e-01,1.573300104917851883e-07,-2.406685806691233765e-03
7.927585517103421076e+00,9.848792597382566294e-01,3.066060112821407668e-01,1.604891248785378366e-07,8.033055160157140037e-03
7.929585917183437083e+00,9.848792596493561868e-01,3.066060112841070828e-01,1.623943960971097056e-07,-2.691296126526449700e-02
7.931586317263453090e+00,9.848792596244212438e-01,3.066060112846585861e-01,1.629287897098041782e-07,5.209230566430049503e-02
7.933586717343469097e+00,9.848792596690647549e-01,3.066060112836711538e-01,1.619720117751466404e-07,-5.243394865199211066e-03
7.935587117423485104e+00,9.848792597890514422e-01,3.066060112810172766e-01,1.594005152316668728e-07,1.296875819774486772e-02
7.937587517503501111e+00,9.848792599902980172e-01,3.066060112765660595e-01,1.550874961508963423e-07,-1.514746626577360283e-02
7.939587917583517118e+00,9.848792602753894121e-01,3.066060112702603813e-01,1.489775556251515809e-07,3.671471626025326132e-03
7.941588317663533125e+00,9.848792606046398168e-01,3.066060112629779844e-01,1.419212206366093909e-07,-5.752976323580170914e-02
7.943588717743549132e+00,9.848792609622909477e-01,3.066060112550673677e-01,1.342562150064008364e-07,-3.270476430325573031e-02
7.945589117823565140e+00,9.848792613447154842e-01,3.066060112466088561e-01,1.260602775776664686e-07,-6.194659430995914234e-02
7.947589517903581147e+00,9.848792617484029011e-01,3.066060112376800539e-01,1.174086443622712750e-07,2.462977166927957096e-02
7.949589917983597154e+00,9.848792621699594685e-01,3.066060112283560124e-01,1.083740481244710452e-07,-3.477281094132177869e-02
7.951590318063613161e+00,9.848792626061081412e-01,3.066060112187091735e-01,9.902672115646993234e-08,-3.898609015252623572e-02
7.953590718143629168e+00,9.848792630536887804e-01,3.066060112088095368e-01,8.943438944974957394e-08,2.822774136806827094e-02
7.955591118223645175e+00,9.848792635096581538e-01,3.066060111987243264e-01,7.966227449918150683e-08,-1.221600793178394782e-02
7.957591518303661182e+00,9.848792639710898245e-01,3.066060111885183237e-01,6.977309413569443564e-08,-4.065469101716352729e-03
7.959591918383677189e+00,9.848792644351741510e-01,3.066060111782536457e-01,5.982706322016362321e-08,2.700153657391057491e-02
7.961592318463693196e+00,9.848792648992182874e-01,3.066060111679898004e-01,4.988189372667761745e-08,1.245302237372570252e-02
7.963592718543709204e+00,9.848792653606460723e-01,3.066060111577839087e-01,3.999279640787278822e-08,8.039929115894734260e-03
7.965593118623725211e+00,9.848792658169985836e-01,3.066060111476902050e-01,3.021246983148095921e-08,1.662509031487991937e-02
7.967593518703740330e+00,9.848792662659332509e-01,3.066060111377605923e-01,2.059111883778719232e-08,-4.845125279131357043e-02
7.969593918783756337e+00,9.848792667052245209e-01,3.066060111280443090e-01,1.117644052306410174e-08,3.264077168778420357e-02
7.971594318863772344e+00,9.848792671327638582e-01,3.066060111185879289e-01,2.013623795482644141e-09,3.355830226177372588e-02
7.973594718943788351e+00,9.848792675465593005e-01,3.066060111094355278e-01,-6.854640494102781645e-09,4.658206895141249471e-02
7.975595119023804358e+00,9.848792679447355702e-01,3.066060111006286282e-01,-1.538816221668959372e-08,-5.205117081493085274e-02
7.977595519103820365e+00,9.848792683255346292e-01,3.066060110922060322e-01,-2.354926398329126869e-08,-2.087745644743648973e-02
7.979595919183836372e+00,9.848792686873150126e-01,3.066060110842041553e-01,-3.130276676754917276e-08,-1.365991585436824619e-02
7.981596319263852379e+00,9.848792690285520512e-01,3.066060110766566371e-01,-3.861599454091368955e-08,4.311136296679831531e-02
7.983596719343868386e+00,9.848792693478379823e-01,3.066060110695946195e-01,-4.545877665962372305e-08,1.462242576480297235e-02
7.985597119423884394e+00,9.848792696438818384e-01,3.066060110630466906e-01,-5.180344592181640451e-08,4.487355149562767542e-02
7.987597519503900401e+00,9.848792699155093366e-01,3.066060110570387742e-01,-5.762483562543607718e-08,1.182599672848103599e-02
7.989597919583916408e+00,9.848792701616633227e-01,3.066060110515942960e-01,-6.290028928268576180e-08,-1.547607125366302384e-02
7.991598319663932415e+00,9.848792703814032157e-01,3.066060110467340727e-01,-6.760964885166309557e-08,-3.191783749708060336e-02
7.993598719743948422e+00,9.848792705739053410e-01,3.066060110424762564e-01,-7.173526159198750918e-08,-1.368320692514520855e-02
7.995599119823964429e+00,9.848792707384628198e-01,3.066060110388365567e-01,-7.526197831619896306e-08,3.559712974650495326e-02
7.997599519903980436e+00,9.848792708744856794e-01,3.066060110358280189e-01,-7.817715483304787938e-08,-2.069377191498307511e-02
7.999599919983996443e+00,9.848792709815006319e-01,3.066060110334610234e-01,-8.047064778415879971e-08,-4.390197970755271850e-02
8.001600320064012450e+00,9.848792710591511845e-01,3.066060110317435639e-01,-8.213481708652103919e-08,7.675384864218564272e-03
8.003600720144028458e+00,9.848792711071979733e-01,3.066060110306808584e-01,-8.316453278811586358e-08,3.495475136452481923e-02
8.005601120224044465e+00,9.848792711255179855e-01,3.066060110302756270e-01,-8.355715833130439307e-08,6.158501852264720161e-02
8.007601520304060472e+00,9.848792711141055589e-01,3.066060110305280362e-01,-8.331257281279924598e-08,3.195468828443253501e-02
8.009601920384076479e+00,9.848792710730713829e-01,3.066060110314356435e-01,-8.243314802980350464e-08,2.493594706306429681e-02
8.011602320464092486e+00,9.848792710026431640e-01,3.066060110329933974e-01,-8.092376441171111878e-08,-4.402134654397769908e-02
8.013602720544108493e+00,9.848792709031655157e-01,3.066060110351936374e-01,-7.879180724534862179e-08,-8.776781654242173450e-03
8.015603120624124500e+00,9.848792707750997355e-01,3.066060110380262604e-01,-7.604716317777260315e-08,-8.794944932268625865e-03
8.017603520704140507e+00,9.848792706190240276e-01,3.066060110414783324e-01,-7.270222368571666038e-08,4.059269217887661804e-03
8.019603920784156514e+00,9.848792704356333916e-01,3.066060110455345877e-01,-6.877188379883492075e-08,-2.264807584527844808e-02
8.021604320864172522e+00,9.848792702257396225e-01,3.066060110501770408e-01,-6.427354160010168016e-08,2.046919726446512836e-02
8.023604720944188529e+00,9.848792699902714221e-01,3.066060110553852081e-01,-5.922710072381320856e-08,3.197981479103836205e-02
8.025605121024204536e+00,9.848792697302740651e-01,3.066060110611358303e-01,-5.365496247300427513e-08,3.342435478599239604e-03
8.027605521104220543e+00,9.848792694469099551e-01,3.066060110674033168e-01,-4.758203947519135113e-08,-6.698429344132870306e-03
8.029605921184236550e+00,9.848792691414581801e-01,3.066060110741593570e-01,-4.103574416380872947e-08,5.311704506920519875e-03
8.031606321264252557e+00,9.848792688153146235e-01,3.066060110813730311e-01,-3.404599269174468645e-08,1.005584923336036787e-02
8.033606721344268564e+00,9.848792684699920752e-01,3.066060110890109214e-01,-2.664520626360911137e-08,2.038743058571626868e-02
8.035607121424284571e+00,9.848792681071201205e-01,3.066060110970370012e-01,-1.886830958142127201e-08,-2.105531289857785412e-02
8.037607521504300578e+00,9.848792677284450292e-01,3.066060111054125792e-01,-1.075272768047419447e-08,3.669359261231133762e-02
8.039607921584316585e+00,9.848792673358301997e-01,3.066060111140965216e-01,-2.338396115630914096e-09,1.338663111723471756e-03
8.041608321664332593e+00,9.848792669312553816e-01,3.066060111230449192e-01,6.332256219376830586e-09,-3.912476664999160574e-03
8.043608721744348600e+00,9.848792665168176752e-01,3.066060111322115311e-01,1.521428499851040783e-08,1.773244334004846559e-02
8.045609121824364607e+00,9.848792660947306432e-01,3.066060111415472855e-01,2.426025047519431155e-08,-1.709412189005126911e-02
8.047609521904380614e+00,9.848792656673248658e-01,3.066060111510007236e-01,3.342020468699580249e-08,2.235277730711835581e-02
8.049609921984396621e+00,9.848792652370474965e-01,3.066060111605176663e-01,4.264170141987655427e-08,5.413438746035287991e-02
8.051610322064412628e+00,9.848792648064627064e-01,3.066060111700413815e-01,5.186978646598561227e-08,1.128941585806197100e-02
8.053610722144428635e+00,9.848792643782515732e-01,3.066060111795126386e-01,6.104700048248368205e-08,5.505740842879350803e-03
8.055611122224444642e+00,9.848792639552117478e-01,3.066060111888694872e-01,7.011338545859224780e-08,-1.161787392744264083e-02
8.057611522304460649e+00,9.848792635402578988e-01,3.066060111980474789e-01,7.900647555625361917e-08,3.773812643618677104e-02
8.059611922384476657e+00,9.848792631364214900e-01,3.066060112069796117e-01,8.766130207837896648e-08,2.867568892072797776e-02
8.061612322464492664e+00,9.848792627468505589e-01,3.066060112155961637e-01,9.601039777096254113e-08,-3.763814998383967214e-02
8.063612722544508671e+00,9.848792623748103825e-01,3.066060112238250257e-01,1.039837826954936872e-07,2.464292536011215839e-02
8.065613122624524678e+00,9.848792620236828110e-01,3.066060112315913133e-01,1.115089788006340399e-07,-1.655212125948918311e-02
8.067613522704540685e+00,9.848792616969664904e-01,3.066060112388176440e-01,1.185110046764137337e-07,-2.934670271781133696e-02
8.069613922784556692e+00,9.848792613982769728e-01,3.066060112454240816e-01,1.249123737501189879e-07,-1.753214607622023344e-03
8.071614322864572699e+00,9.848792611313464951e-01,3.066060112513280811e-01,1.306330984773840242e-07,-1.656367662980160263e-02
8.073614722944588706e+00,9.848792609000244225e-01,3.066060112564445439e-01,1.355906809885620845e-07,2.911424039250095838e-02
8.075615123024604713e+00,9.848792607082766937e-01,3.066060112606855959e-01,1.397001254122010039e-07,-3.159771107672958851e-02
8.077615523104620721e+00,9.848792605601859318e-01,3.066060112639610868e-01,1.428739348496854689e-07,-3.231385708618592784e-02
8.079615923184636728e+00,9.848792604599521106e-01,3.066060112661780912e-01,1.450220974696936338e-07,-2.377963412462560933e-02
8.081616323264652735e+00,9.848792604118913330e-01,3.066060112672410742e-01,1.460521126817049264e-07,-3.577382543753293738e-03
8.083616723344668742e+00,9.848792604204370527e-01,3.066060112670520588e-01,1.458689650735145449e-07,1.472049635093855037e-02
8.085617123424684749e+00,9.848792604901394077e-01,3.066060112655104031e-01,1.443751379004432067e-07,-2.735325440185361681e-02
8.087617523504700756e+00,9.848792606256653315e-01,3.066060112625128009e-01,1.414706121138920025e-07,-1.823547833569125892e-02
8.089617923584716763e+00,9.848792608317983310e-01,3.066060112579535035e-01,1.370528696087447429e-07,-3.940139552071079271e-02
8.091618323664732770e+00,9.848792611062070490e-01,3.066060112518840808e-01,1.311718748342460827e-07,-5.092007514290232753e-03
8.093618723744748777e+00,9.848792614242218857e-01,3.066060112448501518e-01,1.243563350350473939e-07,-2.576041965685287385e-02
8.095619123824764785e+00,9.848792617795140147e-01,3.066060112369917712e-01,1.167418862413338587e-07,5.417255242578628005e-02
8.097619523904780792e+00,9.848792621678884585e-01,3.066060112284016426e-01,1.084184333421944757e-07,4.803936817384437535e-02
8.099619923984796799e+00,9.848792625852759164e-01,3.066060112191698050e-01,9.947318729830456618e-08,-2.350895389086872858e-02
8.101620324064812806e+00,9.848792630277330984e-01,3.066060112093834666e-01,8.999065928549931925e-08,3.248176894140982797e-03
8.103620724144828813e+00,9.848792634914418365e-01,3.066060111991271153e-01,8.005267790323067345e-08,1.030182208781850808e-02
8.105621124224844820e+00,9.848792639727098619e-01,3.066060111884823525e-01,6.973837438084551366e-08,-1.388202043351276227e-02
8.107621524304860827e+00,9.848792644679706942e-01,3.066060111775281150e-01,5.912418374331984694e-08,-1.002238662677299406e-02
8.109621924384876834e+00,9.848792649737831972e-01,3.066060111663404530e-01,4.828385466448814611e-08,1.577122594092423072e-02
8.111622324464892841e+00,9.848792654868321339e-01,3.066060111549927525e-01,3.728843789296831801e-08,-7.036023449256897933e-03
8.113622724544908849e+00,9.848792660039278335e-01,3.066060111435555680e-01,2.620629252492179262e-08,-7.790840037438140527e-03
8.115623124624924856e+00,9.848792665220061915e-01,3.066060111320966231e-01,1.510308739183230387e-08,-1.023020182114367993e-03
8.117623524704940863e+00,9.848792670381290026e-01,3.066060111206809768e-01,4.041792456277448764e-09,3.063693630622019853e-02
8.119623924784956870e+00,9.848792675494834059e-01,3.066060111093707463e-01,-6.917308420506529387e-09,-6.794729078562586344e-03
8.121624324864972877e+00,9.848792680533824395e-01,3.066060110982254394e-01,-1.771662941352225573e-08,9.427192751565276196e-03
8.123624724944988884e+00,9.848792685472645969e-01,3.066060110873016775e-01,-2.830127365793799754e-08,5.706407204530326849e-03
8.125625125025004891e+00,9.848792690286941598e-01,3.066060110766533620e-01,-3.861903993818138758e-08,1.761725642666873634e-02
8.127625525105020898e+00,9.848792694953610871e-01,3.066060110663315630e-01,-4.862042066178240418e-08,-5.120539728378593891e-03
8.129625925185036905e+00,9.848792699450807930e-01,3.066060110563846308e-01,-5.825859678010303355e-08,-1.256285438082913042e-02
8.131626325265052913e+00,9.848792703757945910e-01,3.066060110468580291e-01,-6.748944753054431089e-08,-1.746978346996333475e-02
8.133626725345068920e+00,9.848792707855692496e-01,3.066060110377945569e-01,-7.627154058331697684e-08,5.691282691218765150e-03
8.135627125425084927e+00,9.848792711725973259e-01,3.066060110292342378e-01,-8.456613989626937666e-08,3.238681885233711619e-03
8.137627525505100934e+00,9.848792715351970539e-01,3.066060110212142087e-01,-9.233720293932989875e-08,-6.673958431020421411e-03
8.139627925585116941e+00,9.848792718718120121e-01,3.066060110137689421e-01,-9.955137283967907535e-08,5.310355242260712469e-03
8.141628325665132948e+00,9.848792721810119000e-01,3.066060110069300237e-01,-1.061779961730735522e-07,5.890572598383066183e-02
8.143628725745148955e+00,9.848792724614916505e-01,3.066060110007263195e-01,-1.121891032296318258e-07,1.948059656553274843e-02
8.145629125825164962e+00,9.848792727120719848e-01,3.066060109951839197e-01,-1.175594204483321192e-07,-4.611683943891902587e-02
8.147629525905180969e+00,9.848792729316995231e-01,3.066060109903261943e-01,-1.222663722766359484e-07,3.233709803324117532e-02
8.149629925985196977e+00,9.848792731194462302e-01,3.066060109861735716e-01,-1.262900694298796367e-07,3.369486659807591905e-03
8.151630326065212984e+00,9.848792732745098588e-01,3.066060109827438707e-01,-1.296133186057257802e-07,-2.563518799561287018e-02
8.153630726145228991e+00,9.848792733962137280e-01,3.066060109800520239e-01,-1.322216174048929105e-07,3.339145614712210608e-02
8.155631126225244998e+00,9.848792734840068341e-01,3.066060109781101883e-01,-1.341031571067130557e-07,-2.192419847862852548e-03
8.157631526305261005e+00,9.848792735374638507e-01,3.066060109769278563e-01,-1.352488222250425309e-07,2.522731141326096244e-02
8.159631926385277012e+00,9.848792735562851286e-01,3.066060109765115227e-01,-1.356521907858176945e-07,-1.554595006674878467e-02
8.161632326465293019e+00,9.848792735402966958e-01,3.066060109768651842e-01,-1.353095343825660990e-07,2.622351958180071593e-02
8.163632726545309026e+00,9.848792734894501466e-01,3.066060109779898402e-01,-1.342198156506491102e-07,-7.254145807834654243e-03
8.165633126625325033e+00,9.848792734038227525e-01,3.066060109798837141e-01,-1.323846903211745030e-07,2.372996137788795090e-02
8.167633526705341040e+00,9.848792732836174624e-01,3.066060109825424762e-01,-1.298085084144862122e-07,2.027855536340664525e-02
8.169633926785357048e+00,9.848792731291627911e-01,3.066060109859586880e-01,-1.264983101323391423e-07,-2.900407494871366093e-02
8.171634326865373055e+00,9.848792729409130420e-01,3.066060109901224684e-01,-1.224638319918813778e-07,8.993534035009499716e-03
8.173634726945389062e+00,9.848792727194481955e-01,3.066060109950208279e-01,-1.177175038835631682e-07,1.155760522503886806e-02
8.175635127025405069e+00,9.848792724654735764e-01,3.066060110006382788e-01,-1.122744419379539949e-07,-1.696336095344892466e-03
8.177635527105421076e+00,9.848792721798205196e-01,3.066060110069563915e-01,-1.061524630141530423e-07,-4.474535188635647698e-02
8.179635927185437083e+00,9.848792718634459264e-01,3.066060110139540162e-01,-9.937207487431543029e-08,6.811910863815583313e-03
8.181636327265453090e+00,9.848792715174320422e-01,3.066060110216072276e-01,-9.195647188153799334e-08,-8.210895121292477103e-03
8.183636727345469097e+00,9.848792711429873448e-01,3.066060110298892138e-01,-8.393155329078361149e-08,2.967551857770972523e-02
8.185637127425485104e+00,9.848792707414453229e-01,3.066060110387706095e-01,-7.532589782477394635e-08,-2.682898915232269366e-02
8.187637527505501112e+00,9.848792703142656979e-01,3.066060110482189960e-01,-6.617078987525282230e-08,2.434591761857005099e-02
8.189637927585517119e+00,9.848792698630334241e-01,3.066060110581994014e-01,-5.650019718750343145e-08,3.196474947880265961e-03
8.191638327665533126e+00,9.848792693894592443e-01,3.066060110686740225e-01,-4.635078354464639006e-08,6.335071621608538706e-02
8.193638727745549133e+00,9.848792688953796892e-01,3.066060110796021143e-01,-3.576190854559513355e-08,-2.541964833215553873e-02
8.195639127825565140e+00,9.848792683827567451e-01,3.066060110909403780e-01,-2.477562080493989072e-08,2.367252328904856373e-02
8.197639527905581147e+00,9.848792678536780754e-01,3.066060111026426283e-01,-1.343666186648384553e-08,-1.359721783178688241e-02
8.199639927985597154e+00,9.848792673103570205e-01,3.066060111146598488e-01,-1.792467091421556802e-09,-2.395192646690186278e-02
8.201640328065613161e+00,9.848792667551328206e-01,3.066060111269404143e-01,1.010682984525779204e-08,2.666995219642885953e-02
8.203640728145629168e+00,9.848792661904698376e-01,3.066060111394297016e-01,2.220841435751630399e-08,1.485222120789925909e-02
8.205641128225645176e+00,9.848792656189586658e-01,3.066060111520704234e-01,3.445676580171586068e-08,2.598828762072723578e-02
8.207641528305661183e+00,9.848792650433151330e-01,3.066060111648026276e-01,4.679367979210091733e-08,-4.046373727206211551e-02
8.209641928385677190e+00,9.848792644663808549e-01,3.066060111775633090e-01,5.915825637692329053e-08,-3.018723784432468873e-02
8.211642328465693197e+00,9.848792638911231245e-01,3.066060111902869090e-01,7.148690189806572448e-08,1.450799930370138581e-02
8.213642728545709204e+00,9.848792633206349123e-01,3.066060112029050932e-01,8.371332924084207150e-08,-2.138206372625291174e-02
8.215643128625725211e+00,9.848792627581347547e-01,3.066060112153465300e-01,9.576856044302139992e-08,3.282739280510457019e-02
8.217643528705741218e+00,9.848792622069669767e-01,3.066060112275373339e-01,1.075809213657574759e-07,4.154567196353477210e-02
8.219643928785757225e+00,9.848792616706013581e-01,3.066060112394007331e-01,1.190760495206610869e-07,-3.318127078276793610e-03
8.221644328865773232e+00,9.848792611526333562e-01,3.066060112508572355e-01,1.301768887962406751e-07,7.375021931345046057e-04
8.223644728945789240e+00,9.848792606567844388e-01,3.066060112618244626e-01,1.408036824634972817e-07,6.369290713345290497e-04
8.225645129025805247e+00,9.848792601869011953e-01,3.066060112722173714e-01,1.508739923550272977e-07,-7.323999828413457931e-03
8.227645529105821254e+00,9.848792597469561150e-01,3.066060112819481431e-01,1.603026819341213383e-07,-9.460954684931679667e-04
8.229645929185837261e+00,9.848792593410475860e-01,3.066060112909260726e-01,1.690019167388534527e-07,-5.826170357451084664e-03
8.231646329265853268e+00,9.848792589733991187e-01,3.066060112990577902e-01,1.768811802027592250e-07,1.070033942743264278e-02
8.233646729345869275e+00,9.848792586483603451e-01,3.066060113062470394e-01,1.838472534210211506e-07,-8.337548177833081775e-03
8.235647129425885282e+00,9.848792583704062409e-01,3.066060113123948438e-01,1.898042309433911612e-07,-1.303107020366282842e-02
8.237647529505901289e+00,9.848792581441376814e-01,3.066060113173995072e-01,1.946535087560263833e-07,-7.500880637588787890e-03
8.239647929585917296e+00,9.848792579742809972e-01,3.066060113211563909e-01,1.982937946620744185e-07,-1.530643579112956482e-02
8.241648329665933304e+00,9.848792578656883068e-01,3.066060113235582474e-01,2.006211005933788982e-07,-2.015256644248243287e-03
8.243648729745949311e+00,9.848792578233372952e-01,3.066060113244949425e-01,2.015287470236160061e-07,1.348053737027083213e-02
8.245649129825965318e+00,9.848792578523312136e-01,3.066060113238536777e-01,2.009073633846281126e-07,5.140431333996274554e-02
8.247649529905981325e+00,9.848792579578992124e-01,3.066060113215187122e-01,1.986448812663077490e-07,-4.071848843526800626e-02
8.249649929985997332e+00,9.848792581453957862e-01,3.066060113173715851e-01,1.946265457963836099e-07,-3.445020660783378735e-02
8.251650330066013339e+00,9.848792584203015510e-01,3.066060113112911711e-01,1.887348989038084568e-07,-1.709486391574500767e-03
8.253650730146029346e+00,9.848792587844018565e-01,3.066060113032379464e-01,1.809316779177727597e-07,7.894786152569125076e-04
8.255651130226045353e+00,9.848792592139429258e-01,3.066060112937372684e-01,1.717259621170086348e-07,-1.122333469850959236e-03
8.257651530306061360e+00,9.848792596987243630e-01,3.066060112830148454e-01,1.613363615482477087e-07,4.680592120547075186e-02
8.259651930386077368e+00,9.848792602327393064e-01,3.066060112712034047e-01,1.498916123165994208e-07,-4.564367886595253193e-02
8.261652330466093375e+00,9.848792608101576418e-01,3.066060112584319541e-01,1.375166624739687649e-07,-3.876804177754726924e-03
8.263652730546109382e+00,9.848792614253266686e-01,3.066060112448256159e-01,1.243326579469794524e-07,-3.181404343090174502e-02
8.265653130626125389e+00,9.848792620727698788e-01,3.066060112305053487e-01,1.104569687382372933e-07,-7.562533770802024394e-03
8.267653530706141396e+00,9.848792627471882888e-01,3.066060112155885031e-01,9.600315994950925358e-08,1.286839742592850444e-02
8.269653930786157403e+00,9.848792634434593296e-01,3.066060112001882665e-01,8.108101590131866487e-08,-3.608932260912427886e-02
8.271654330866173410e+00,9.848792641566375128e-01,3.066060111844141067e-01,6.579652611637953896e-08,2.559465667456515409e-02
8.273654730946189417e+00,9.848792648819542084e-01,3.066060111683714395e-01,5.025188934415503184e-08,-2.115198261359158005e-02
8.275655131026205424e+00,9.848792656148176450e-01,3.066060111521619058e-01,3.454551425474683413e-08,-2.620326215179079668e-02
8.277655531106221432e+00,9.848792663508130207e-01,3.066060111358830387e-01,1.877201682987106324e-08,-4.114561857343528722e-02
8.279655931186237439e+00,9.848792670857022813e-01,3.066060111196287075e-01,3.022224887017088690e-09,-1.749355296278222449e-02
8.281656331266253446e+00,9.848792678154242308e-01,3.066060111034886182e-01,-1.261682380793160974e-08,-1.855100102055477762e-02
8.283656731346269453e+00,9.848792685360946431e-01,3.066060110875487021e-01,-2.806188451054403288e-08,2.071184282087784601e-02
8.285657131426285460e+00,9.848792692440062613e-01,3.066060110718910603e-01,-4.323350510926360357e-08,-3.904960075596274754e-02
8.287657531506301467e+00,9.848792699356284652e-01,3.066060110565936858e-01,-5.805601890895850659e-08,5.326713520620697008e-03
8.289657931586317474e+00,9.848792706076077152e-01,3.066060110417307416e-01,-7.245755459517333463e-08,2.103238989881331747e-02
8.291658331666333481e+00,9.848792712567672192e-01,3.066060110273725603e-01,-8.637002874012367215e-08,-6.299084840725980086e-03
8.293658731746349488e+00,9.848792718801072654e-01,3.066060110135854777e-01,-9.972915274158999921e-08,1.921074481940715506e-02
8.295659131826365495e+00,9.848792724748047789e-01,3.066060110004318884e-01,-1.124744238301111920e-07,-1.732636810492933430e-02
8.297659531906381503e+00,9.848792730382136540e-01,3.066060109879703566e-01,-1.245491318968561245e-07,1.035444800495785057e-02
8.299659931986397510e+00,9.848792735678647547e-01,3.066060109762554498e-01,-1.359003598544461511e-07,-8.345641045458667209e-03
8.301660332066413517e+00,9.848792740614655816e-01,3.066060109653379606e-01,-1.464789756433493295e-07,5.397216813222797949e-02
8.303660732146429524e+00,9.848792745169009377e-01,3.066060109552645740e-01,-1.562396475252025851e-07,-7.097649676976968552e-03
8.305661132226445531e+00,9.848792749322320406e-01,3.066060109460782557e-01,-1.651408243763530237e-07,-7.482067735385175729e-03
8.307661532306461538e+00,9.848792753056971883e-01,3.066060109378179188e-01,-1.731447501762684027e-07,1.009577313317092800e-02
8.309661932386477545e+00,9.848792756357117595e-01,3.066060109305185910e-01,-1.802174639797815558e-07,-1.322228154545560842e-02
8.311662332466493552e+00,9.848792759208675474e-01,3.066060109242115250e-01,-1.863287861503248877e-07,-4.900873635609075823e-03
8.313662732546509559e+00,9.848792761599337586e-01,3.066060109189238103e-01,-1.914523384272115436e-07,8.460252201153520626e-03
8.315663132626525567e+00,9.848792763518560145e-01,3.066060109146788726e-01,-1.955655243024434498e-07,2.188056886531062478e-02
8.317663532706541574e+00,9.848792764957571277e-01,3.066060109114960297e-01,-1.986495438976998429e-07,-1.489657382421621934e-02
8.319663932786557581e+00,9.848792765909365476e-01,3.066060109093908803e-01,-2.006893836670187170e-07,1.517686285835376497e-03
8.321664332866573588e+00,9.848792766368708040e-01,3.066060109083749152e-01,-2.016738245846916300e-07,-4.275388975682985551e-03
8.323664732946589595e+00,9.848792766332132853e-01,3.066060109084557950e-01,-2.015954383149942686e-07,1.744194657171106375e-02
8.325665133026605602e+00,9.848792765797942383e-01,3.066060109096373498e-01,-2.004505870456529948e-07,2.053694335468769783e-02
8.327665533106621609e+00,9.848792764766205465e-01,3.066060109119193577e-01,-1.982394179644852983e-07,1.009893305776760584e-02
8.329665933186637616e+00,9.848792763238763959e-01,3.066060109152977664e-01,-1.949658785249663850e-07,6.657374163622337658e-03
8.331666333266653623e+00,9.848792761219224978e-01,3.066060109197646377e-01,-1.906376994320613250e-07,4.480313812295941278e-02
8.333666733346669631e+00,9.848792758712966444e-01,3.066060109253080368e-01,-1.852664064105891129e-07,-2.179518426001065060e-02
8.335667133426685638e+00,9.848792755727133752e-01,3.066060109319121429e-01,-1.788673130442841597e-07,4.094070116873113618e-02
8.337667533506701645e+00,9.848792752270643103e-01,3.066060109395572497e-01,-1.714595281865349818e-07,1.346680103414726361e-02
8.339667933586717652e+00,9.848792748354177062e-01,3.066060109482197649e-01,-1.630659461071548577e-07,-3.831329211060113815e-02
8.341668333666733659e+00,9.848792743990189003e-01,3.066060109578720994e-01,-1.537132564843890492e-07,3.252588373208560677e-03
8.343668733746749666e+00,9.848792739192899770e-01,3.066060109684827784e-01,-1.434319365500869026e-07,-3.534497709170431740e-02
8.345669133826765673e+00,9.848792733978298797e-01,3.066060109800164968e-01,-1.322562543093486198e-07,-3.063726529327782250e-03
8.347669533906781680e+00,9.848792728364145210e-01,3.066060109924339527e-01,-1.202242701781042200e-07,-5.070687689115949831e-02
8.349669933986797687e+00,9.848792722369966723e-01,3.066060110056919585e-01,-1.073778350679788218e-07,1.825576708344570087e-02
8.351670334066813695e+00,9.848792716017060744e-01,3.066060110197434407e-01,-9.376259249571639032e-08,-1.970834995179540639e-02
8.353670734146829702e+00,9.848792709328491046e-01,3.066060110345372736e-01,-7.942797189408601355e-08,4.132025044500862998e-02
8.355671134226845709e+00,9.848792702329092208e-01,3.066060110500186675e-01,-6.442719727162149468e-08,-1.806825885886089930e-02
8.357671534306861716e+00,9.848792695045466283e-01,3.066060110661286697e-01,-4.881728099537241405e-08,1.404893202827479579e-03
8.359671934386877723e+00,9.848792687505986132e-01,3.066060110828046081e-01,-3.265903053550900381e-08,-3.389570300929507785e-02
8.361672334466893730e+00,9.848792679740790978e-01,3.066060110999797583e-01,-1.601703875087068241e-08,-3.165245366573904602e-03
8.363672734546909737e+00,9.848792671781790853e-01,3.066060111175835656e-01,1.040306424338055535e-09,1.148093466856688711e-03
8.365673134626925744e+00,9.848792663662663260e-01,3.066060111355415896e-01,1.844082866964136258e-08,1.272151240565229380e-02
8.367673534706941751e+00,9.848792655418854292e-01,3.066060111537753374e-01,3.610856200153556017e-08,6.184434848222250536e-02
8.369673934786957759e+00,9.848792647087580843e-01,3.066060111722025416e-01,5.396374469501807880e-08,4.127740906106477231e-02
8.371674334866973766e+00,9.848792638707827285e-01,3.066060111907369934e-01,7.192282722168208409e-08,1.970104607184545650e-02
8.373674734946989773e+00,9.848792630320344355e-01,3.066060112092885426e-01,8.989847477547385779e-08,-8.003446454963702994e-03
8.375675135027005780e+00,9.848792621967656924e-01,3.066060112277630978e-01,1.077995501475026430e-07,-6.923772421546759218e-03
8.377675535107021787e+00,9.848792613694054010e-01,3.066060112460627374e-01,1.255311352643673217e-07,-7.472132868614433238e-03
8.379675935187037794e+00,9.848792605545594325e-01,3.066060112640855984e-01,1.429945190589698711e-07,-2.107914496210285329e-02
8.381676335267053801e+00,9.848792597570108498e-01,3.066060112817258765e-01,1.600871936680015040e-07,1.709167633534163649e-02
8.383676735347069808e+00,9.848792589817191301e-01,3.066060112988738817e-01,1.767028696697536816e-07,-1.041428639700282604e-03
8.385677135427085815e+00,9.848792582338210533e-01,3.066060113154159827e-01,1.927314581817718420e-07,1.360210710751998120e-02
8.387677535507101823e+00,9.848792575186299247e-01,3.066060113312346624e-01,2.080590871533782860e-07,-5.729341255028725342e-03
8.389677935587117830e+00,9.848792568416361304e-01,3.066060113462085179e-01,2.225680892087300577e-07,9.834877712977772857e-03
8.391678335667133837e+00,9.848792562085069147e-01,3.066060113602121495e-01,2.361370068093560093e-07,4.454269770338117884e-02
8.393678735747149844e+00,9.848792556250863806e-01,3.066060113731162717e-01,2.486405919766010442e-07,9.429790471792725073e-03
8.395679135827165851e+00,9.848792550973954896e-01,3.066060113847878243e-01,2.599498064859151469e-07,2.387383801118476978e-02
8.397679535907181858e+00,9.848792546316320617e-01,3.066060113950896393e-01,2.699318215337864757e-07,-2.041516288593888187e-02
8.399679935987197865e+00,9.848792542341709977e-01,3.066060114038807183e-01,2.784500136021605954e-07,-2.846518803371188722e-03
8.401680336067213872e+00,9.848792539115637235e-01,3.066060114110161772e-01,2.853639756716930265e-07,-8.559257558573151944e-03
8.403680736147229879e+00,9.848792536705387457e-01,3.066060114163471351e-01,2.905295055921630620e-07,1.354424542800535848e-02
8.405681136227245887e+00,9.848792535180016516e-01,3.066060114197209918e-01,2.937986063600295239e-07,8.481633263722419477e-03
8.407681536307261894e+00,9.848792534610344429e-01,3.066060114209809839e-01,2.950194998019295411e-07,-1.568081431984018337e-02
8.409681936387277901e+00,9.848792535068963128e-01,3.066060114199665732e-01,2.940366105874669955e-07,1.001623887963295351e-02
8.411682336467293908e+00,9.848792536630234240e-01,3.066060114165133355e-01,2.906905704480600150e-07,4.450054796669173501e-03
8.413682736547309915e+00,9.848792539370284649e-01,3.066060114104528500e-01,2.848182278358812880e-07,-3.770661117524129469e-02
8.415683136627325922e+00,9.848792543367013153e-01,3.066060114016128102e-01,2.762526339628035288e-07,7.765085626155116601e-04
8.417683536707341929e+00,9.848792548626215115e-01,3.066060113899803929e-01,2.649813682920054703e-07,3.130362779194616196e-02
8.419683936787357936e+00,9.848792554616833117e-01,3.066060113767302697e-01,2.521425672419308484e-07,-2.051940016350095944e-02
8.421684336867373943e+00,9.848792561160465420e-01,3.066060113622569583e-01,2.381185728039802996e-07,2.907690950381515774e-02
8.423684736947389951e+00,9.848792568188448060e-01,3.066060113467123371e-01,2.230565420702212975e-07,1.929061968897772053e-02
8.425685137027405958e+00,9.848792575634294222e-01,3.066060113302435108e-01,2.070989663094380262e-07,6.221842051860909661e-03
8.427685537107421965e+00,9.848792583433693126e-01,3.066060113129926989e-01,1.903836733818664584e-07,1.313184354502895494e-02
8.429685937187437972e+00,9.848792591524511142e-01,3.066060112950973471e-01,1.730438249081256430e-07,-1.804100711169078636e-02
8.431686337267453979e+00,9.848792599846792895e-01,3.066060112766900159e-01,1.552079142985718363e-07,1.977868999503878608e-02
8.433686737347469986e+00,9.848792608342760158e-01,3.066060112578984920e-01,1.369997692235447317e-07,-3.336649978140204809e-02
8.435687137427485993e+00,9.848792616956809631e-01,3.066060112388458436e-01,1.185385557211926510e-07,-2.585847122291481948e-02
8.437687537507502000e+00,9.848792625635518494e-01,3.066060112196501430e-01,9.993876720626460042e-08,1.572481140416676776e-02
8.439687937587518007e+00,9.848792634327638851e-01,3.066060112004247995e-01,8.131023551682936557e-08,-2.528382645706596724e-02
8.441688337667534014e+00,9.848792642984101064e-01,3.066060111812783373e-01,6.275812439171524204e-08,5.254191214372046920e-02
8.443688737747550022e+00,9.848792651558010425e-01,3.066060111623144513e-01,4.438293635389278791e-08,1.081740342682794426e-02
8.445689137827566029e+00,9.848792660004652699e-01,3.066060111436321178e-01,2.628050060904385532e-08,2.507567507615149349e-02
8.447689537907582036e+00,9.848792668281488583e-01,3.066060111253252618e-01,8.541985563326193187e-09,2.671142745768328997e-02
8.449689937987598043e+00,9.848792676348155917e-01,3.066060111074833117e-01,-8.746106644474949121e-09,-7.315938118296812578e-03
8.451690338067614050e+00,9.848792684166470801e-01,3.066060110901906999e-01,-2.550194197481481240e-08,3.180861561608532787e-03
8.453690738147630057e+00,9.848792691700426483e-01,3.066060110735270294e-01,-4.164835265552113697e-08,1.444517614621236394e-02
8.455691138227646064e+00,9.848792698916191135e-01,3.066060110575670739e-01,-5.711283171394576641e-08,2.764993756107426114e-03
8.457691538307662071e+00,9.848792705782113410e-01,3.066060110423809437e-01,-7.182754577228500636e-08,4.204574280812856113e-02
8.459691938387678078e+00,9.848792712268715777e-01,3.066060110280338091e-01,-8.572931972650188470e-08,2.853901558630191071e-02
8.461692338467694086e+00,9.848792718348701181e-01,3.066060110145860662e-01,-9.875965201189274012e-08,8.209675480716049911e-03
8.463692738547710093e+00,9.848792723996947496e-01,3.066060110020932261e-01,-1.108647018077668633e-07,3.443658205501969050e-02
8.465693138627726100e+00,9.848792729190508632e-01,3.066060109906060260e-01,-1.219952923126044197e-07,4.576566512071948006e-03
8.467693538707742107e+00,9.848792733908618979e-01,3.066060109801704847e-01,-1.321069197923741001e-07,2.223930844878754809e-02
8.469693938787758114e+00,9.848792738132688962e-01,3.066060109708276249e-01,-1.411597434497480208e-07,6.863340401350247200e-03
8.471694338867774121e+00,9.848792741846303933e-01,3.066060109626138064e-01,-1.491185847857234847e-07,-3.900598913429606605e-03
8.473694738947790128e+00,9.848792745035228613e-01,3.066060109555605595e-01,-1.559529350103616707e-07,-2.071168645636014063e-02
8.475695139027806135e+00,9.848792747687404869e-01,3.066060109496944186e-01,-1.616369519619187400e-07,-1.524515118730679353e-02
8.477695539107822142e+00,9.848792749792949497e-01,3.066060109450373661e-01,-1.661494540283747767e-07,3.926160490666370968e-03
8.479695939187838150e+00,9.848792751344159768e-01,3.066060109416063884e-01,-1.694739334145989318e-07,1.328008104809685376e-02
8.481696339267854157e+00,9.848792752335507883e-01,3.066060109394137534e-01,-1.715985432915179132e-07,-5.080929499178910708e-02
8.483696739347870164e+00,9.848792752763643188e-01,3.066060109384667887e-01,-1.725161022370080843e-07,-7.858523191691101431e-03
8.485697139427886171e+00,9.848792752627393288e-01,3.066060109387681587e-01,-1.722240979551425966e-07,1.685501497700914869e-02
8.487697539507902178e+00,9.848792751927760714e-01,3.066060109403156431e-01,-1.707246790605410069e-07,-1.739843815664683831e-03
8.489697939587918185e+00,9.848792750667929585e-01,3.066060109431021918e-01,-1.680246694557574472e-07,-2.542453745322933653e-02
8.491698339667934192e+00,9.848792748853256729e-01,3.066060109471159256e-01,-1.641355497072893854e-07,-2.322216903308097283e-02
8.493698739747950199e+00,9.848792746491277228e-01,3.066060109523401911e-01,-1.590734685918970825e-07,4.413095003021748342e-02
8.495699139827966206e+00,9.848792743591704424e-01,3.066060109587535054e-01,-1.528592435684483775e-07,-3.785645956004651119e-02
8.497699539907982214e+00,9.848792740166427695e-01,3.066060109663296118e-01,-1.455183548659810810e-07,-6.387271483487085358e-03
8.499699939987998221e+00,9.848792736229515787e-01,3.066060109750373130e-01,-1.370809545320206269e-07,2.254374779938441223e-02
8.501700340068014228e+00,9.848792731797210154e-01,3.066060109848407489e-01,-1.275818500845460335e-07,-4.807571417194868996e-02
8.503700740148030235e+00,9.848792726887933835e-01,3.066060109956991742e-01,-1.170605250511158602e-07,1.863713023468307334e-02
8.505701140228046242e+00,9.848792721522284799e-01,3.066060110075670142e-01,-1.055611240918796767e-07,-3.710283100712771093e-02
8.507701540308062249e+00,9.848792715723039271e-01,3.066060110203938649e-01,-9.313245999398311881e-08,2.695307621082082550e-02
8.509701940388078256e+00,9.848792709515149513e-01,3.066060110341245482e-01,-7.982800942496481866e-08,6.834049510692559448e-02
8.511702340468094263e+00,9.848792702925743825e-01,3.066060110486991119e-01,-6.570591232213374155e-08,-2.958872461068107196e-02
8.513702740548110270e+00,9.848792695984132095e-01,3.066060110640526637e-01,-5.082898452135609091e-08,-8.864070732035917265e-06
8.515703140628126278e+00,9.848792688721796917e-01,3.066060110801155925e-01,-3.526469768977413821e-08,1.086052528110413931e-02
8.517703540708142285e+00,9.848792681172399144e-01,3.066060110968134578e-01,-1.908519242643791358e-08,-1.258338370160329983e-02
8.519703940788158292e+00,9.848792673371777884e-01,3.066060111140669897e-01,-2.367277263104483609e-09,1.532812199824926981e-02
8.521704340868174299e+00,9.848792665357949394e-01,3.066060111317920889e-01,1.480757311211888805e-08,-1.615190872588441809e-02
8.523704740948190306e+00,9.848792657171105969e-01,3.066060111498998264e-01,3.235322068584345345e-08,-1.248325370815086925e-02
8.525705141028206313e+00,9.848792648853615939e-01,3.066060111682965550e-01,5.017886336999843877e-08,-1.876680384337534035e-02
8.527705541108222320e+00,9.848792640450028113e-01,3.066060111868837423e-01,6.818902659189163273e-08,3.429057615824668065e-04
8.529705941188238327e+00,9.848792632007067338e-01,3.066060112055579712e-01,8.628357150985976887e-08,1.347918126351523027e-02
8.531706341268254334e+00,9.848792623573632277e-01,3.066060112242111613e-01,1.043577015358287952e-07,2.592904817689952943e-02
8.533706741348270342e+00,9.848792615200803180e-01,3.066060112427302919e-01,1.223019432394778505e-07,-1.115383779146471256e-03
8.535707141428286349e+00,9.848792606941836336e-01,3.066060112609975685e-01,1.400021607811385849e-07,-2.519904199168976344e-02
8.537707541508302356e+00,9.848792598852162961e-01,3.066060112788904224e-01,1.573395565501733984e-07,-1.052182416520277934e-02
8.539707941588318363e+00,9.848792590989393636e-01,3.066060112962813999e-01,1.741906621999245175e-07,-1.134060548656702638e-02
8.541708341668334370e+00,9.848792583413314983e-01,3.066060113130382736e-01,1.904273463637640162e-07,-8.256912654606448840e-03
8.543708741748350377e+00,9.848792576185891878e-01,3.066060113290239864e-01,2.059168084933560294e-07,1.608577131440033434e-02
8.545709141828366384e+00,9.848792569371265238e-01,3.066060113440966517e-01,2.205215852701947199e-07,-2.011611433671324500e-03
8.547709541908382391e+00,9.848792563035753123e-01,3.066060113581096092e-01,2.340995469141127217e-07,3.779898795722810845e-03
8.549709941988398398e+00,9.848792557247852963e-01,3.066060113709113688e-01,2.465038931032115244e-07,2.689675244699589463e-03
8.551710342068414406e+00,9.848792552078234896e-01,3.066060113823455557e-01,2.575831671847161886e-07,-8.769392720828604474e-04
8.553710742148430413e+00,9.848792547599750646e-01,3.066060113922511321e-01,2.671812364685166585e-07,-1.046989516464051119e-02
8.555711142228446420e+00,9.848792543887426865e-01,3.066060114004621195e-01,2.751373081866237413e-07,1.954927059318657678e-02
8.557711542308462427e+00,9.848792541018467350e-01,3.066060114068077103e-01,2.812859226652975053e-07,-9.571279656037861650e-04
8.559711942388478434e+00,9.848792539072254160e-01,3.066060114111123225e-01,2.854569520482908018e-07,-1.569885915241060921e-03
8.561712342468494441e+00,9.848792538130345386e-01,3.066060114131956560e-01,2.874756048487636662e-07,-2.682731436472618469e-02
8.563712742548510448e+00,9.848792538276476272e-01,3.066060114128724146e-01,2.871624244504822343e-07,-1.645330660162897668e-02
8.565713142628526455e+00,9.848792539596561424e-01,3.066060114099526390e-01,2.843332821966804147e-07,-1.388285061322210717e-02
8.567713542708542462e+00,9.848792542178688159e-01,3.066060114042414297e-01,2.787993939046273795e-07,1.525126031365995651e-02
8.569713942788558469e+00,9.848792546113124269e-01,3.066060113955391686e-01,2.703673019355257168e-07,-4.284618691924105272e-02
8.571714342868574477e+00,9.848792551332724576e-01,3.066060113839944035e-01,2.591809085128460310e-07,1.918172654928772258e-02
8.573714742948590484e+00,9.848792557062847619e-01,3.066060113713203750e-01,2.469003876626185701e-07,3.938984524443099600e-03
8.575715143028606491e+00,9.848792563141784973e-01,3.066060113578749080e-01,2.338723047723423321e-07,-1.696963171706453513e-02
8.577715543108622498e+00,9.848792569517312856e-01,3.066060113437734103e-01,2.202085832847533453e-07,-2.053233355244134251e-02
8.579715943188638505e+00,9.848792576139004940e-01,3.066060113291274591e-01,2.060172945572702474e-07,1.344624954787002925e-02
8.581716343268654512e+00,9.848792582958234565e-01,3.066060113140445798e-01,1.914026528659906745e-07,6.078154308196883487e-03
8.583716743348670519e+00,9.848792589928172525e-01,3.066060112986283559e-01,1.764650201796502671e-07,-4.883843310245193636e-02
8.585717143428686526e+00,9.848792597003789284e-01,3.066060112829784301e-01,1.613009015799526935e-07,-1.657158827841947318e-02
8.587717543508702533e+00,9.848792604141853868e-01,3.066060112671903370e-01,1.460029477873270309e-07,-2.223901515613065094e-02
8.589717943588718541e+00,9.848792611300932753e-01,3.066060112513557812e-01,1.306599567429955755e-07,-1.129562758607195478e-03
8.591718343668734548e+00,9.848792618441393198e-01,3.066060112355624145e-01,1.153568680023475679e-07,-1.524452522632862954e-02
8.593718743748750555e+00,9.848792625525398803e-01,3.066060112198938925e-01,1.001747702011890340e-07,1.212547800506295209e-02
8.595719143828766562e+00,9.848792632516911727e-01,3.066060112044299846e-01,8.519089814140734518e-08,-1.239040543589805914e-02
8.597719543908782569e+00,9.848792639381694913e-01,3.066060111892463524e-01,7.047862674025573426e-08,-6.249588597083110750e-03
8.599719943988798576e+00,9.848792646087308755e-01,3.066060111744147720e-01,5.610747949580385807e-08,3.166002448036086409e-02
8.601720344068814583e+00,9.848792652603111097e-01,3.066060111600030225e-01,4.214312693262556309e-08,-5.363224371617992224e-03
8.603720744148830590e+00,9.848792658900260566e-01,3.066060111460749416e-01,2.864738032903879628e-08,-1.181099325634905883e-02
8.605721144228846597e+00,9.848792664951712128e-01,3.066060111326902593e-01,1.567820151482379742e-08,1.549461144323095816e-03
8.607721544308862605e+00,9.848792670732221533e-01,3.066060111199048199e-01,3.289692934727028728e-09,-3.184274187889545027e-02
8.609721944388878612e+00,9.848792676218341979e-01,3.066060111077705264e-01,-8.467895579178374987e-09,-3.932812949382789164e-02
8.611722344468894619e+00,9.848792681388424120e-01,3.066060110963352847e-01,-1.954816639115897203e-08,-2.203294538349922214e-04
8.613722744548910626e+00,9.848792686222620496e-01,3.066060110856429488e-01,-2.990858291584963524e-08,-1.425921315026094753e-02
8.615723144628926633e+00,9.848792690702878883e-01,3.066060110757334867e-01,-3.951045668415531509e-08,-3.528657377670747081e-02
8.617723544708942640e+00,9.848792694812947834e-01,3.066060110666427585e-01,-4.831895847323686155e-08,2.347673065007912369e-02
8.619723944788958647e+00,9.848792698538372248e-01,3.066060110584027942e-01,-5.630310856430398303e-08,1.740743406065147977e-02
8.621724344868974654e+00,9.848792701866497801e-01,3.066060110510416270e-01,-6.343578692891149728e-08,5.838581449173366709e-03
8.623724744948990661e+00,9.848792704786468732e-01,3.066060110445831821e-01,-6.969372809417784254e-08,-1.312011273570519443e-02
8.625725145029006669e+00,9.848792707289226733e-01,3.066060110390475546e-01,-7.505751850600539399e-08,-4.811359838826337679e-03
8.627725545109022676e+00,9.848792709367513165e-01,3.066060110344507872e-01,-7.951160196917328449e-08,-1.423278611456789411e-02
8.629725945189038683e+00,9.848792711015865731e-01,3.066060110308049813e-01,-8.304427182026508092e-08,2.158424838071887342e-02
8.631726345269054690e+00,9.848792712230624025e-01,3.066060110281181306e-01,-8.564768344543338685e-08,-3.584086279975539496e-02
8.633726745349070697e+00,9.848792713009922872e-01,3.066060110263945093e-01,-8.731783923687785887e-08,6.843875684643123576e-03
8.635727145429086704e+00,9.848792713353698991e-01,3.066060110256341176e-01,-8.805460355310046339e-08,4.837722024956781462e-04
8.637727545509102711e+00,9.848792713263686549e-01,3.066060110258332361e-01,-8.786169328200976736e-08,-2.824458998092759313e-02
8.639727945589118718e+00,9.848792712743416056e-01,3.066060110269839822e-01,-8.674667476005204492e-08,1.548545950258684890e-02
8.641728345669134725e+00,9.848792711798219912e-01,3.066060110290745877e-01,-8.472097576261994334e-08,-8.475250994085749626e-03
8.643728745749150733e+00,9.848792710435226860e-01,3.066060110320892873e-01,-8.179987459611126610e-08,4.674124341465180771e-02
8.645729145829166740e+00,9.848792708663365314e-01,3.066060110360083191e-01,-7.800250628742233516e-08,2.935993201475223940e-02
8.647729545909182747e+00,9.848792706493362248e-01,3.066060110408079797e-01,-7.335186025247963926e-08,-1.372055768964869273e-03
8.649729945989196978e+00,9.848792703937744308e-01,3.066060110464605137e-01,-6.787478287750836614e-08,-9.386415866287399837e-03
8.651730346069212985e+00,9.848792701010832262e-01,3.066060110529343352e-01,-6.160196602822409773e-08,-1.703108486421669662e-02
8.653730746149228992e+00,9.848792697728752099e-01,3.066060110601936950e-01,-5.456796986491596613e-08,-1.800566131137593465e-02
8.655731146229244999e+00,9.848792694109422818e-01,3.066060110681989581e-01,-4.681119772365072151e-08,7.897103245011563924e-03
8.657731546309261006e+00,9.848792690172565312e-01,3.066060110769065483e-01,-3.837391440719706281e-08,-3.581317214022314982e-02
8.659731946389277013e+00,9.848792685939697922e-01,3.066060110862688926e-01,-2.930223705344126017e-08,2.429015536152866195e-02
8.661732346469293020e+00,9.848792681434136442e-01,3.066060110962343654e-01,-1.964613494109812564e-08,1.746896487734535611e-02
8.663732746549309027e+00,9.848792676680998559e-01,3.066060111067474003e-01,-9.459439120895751785e-09,-3.338341504176798712e-03
8.665733146629325034e+00,9.848792671707196078e-01,3.066060111177485448e-01,1.200174404303311348e-09,1.875207158864078752e-02
8.667733546709341041e+00,9.848792666541444918e-01,3.066060111291742385e-01,1.227116278035289554e-08,5.744689317203981183e-02
8.669733946789357049e+00,9.848792661214252897e-01,3.066060111409570355e-01,2.368814350228731769e-08,7.427875551288988867e-03
8.671734346869373056e+00,9.848792655757933057e-01,3.066060111530253818e-01,3.538186463258874426e-08,4.298615770224458593e-02
8.673734746949389063e+00,9.848792650206592558e-01,3.066060111653038933e-01,4.727922944813833794e-08,-7.330332016705608418e-03
8.675735147029405070e+00,9.848792644596138235e-01,3.066060111777131891e-01,5.930328389469607941e-08,-1.514842104991206452e-02
8.677735547109421077e+00,9.848792638964277701e-01,3.066060111901698360e-01,7.137321494932180599e-08,2.504288245649820277e-02
8.679735947189437084e+00,9.848792633350513803e-01,3.066060112025864592e-01,8.340436227771697020e-08,-4.788625003360280630e-02
8.681736347269453091e+00,9.848792627796149057e-01,3.066060112148716876e-01,9.530820788139493516e-08,2.399038920519604157e-02
8.683736747349469098e+00,9.848792622344287873e-01,3.066060112269301530e-01,1.069923729057897788e-07,-2.036603711731306272e-05
8.685737147429485105e+00,9.848792617039827668e-01,3.066060112386626568e-01,1.183606350985133560e-07,-1.200733071816669460e-02
8.687737547509501113e+00,9.848792611929468865e-01,3.066060112499658374e-01,1.293129084367627968e-07,2.148155198444056009e-03
8.689737947589517120e+00,9.848792607061708226e-01,3.066060112607323918e-01,1.397452571161306167e-07,2.783747223276541397e-03
8.691738347669533127e+00,9.848792602486843295e-01,3.066060112708511309e-01,1.495498859194199781e-07,3.118995544238023498e-02
8.693738747749549134e+00,9.848792598256965736e-01,3.066060112802068693e-01,1.586151543997438296e-07,2.104523760121575909e-02
8.695739147829565141e+00,9.848792594425971325e-01,3.066060112886803135e-01,1.668255557307762871e-07,5.023019795937135740e-03
8.697739547909581148e+00,9.848792591049552181e-01,3.066060112961482842e-01,1.740617334711203057e-07,-5.513469470842305258e-03
8.699739947989597155e+00,9.848792588185196761e-01,3.066060113024837164e-01,1.802004809536850161e-07,-2.361351373676377416e-02
8.701740348069613162e+00,9.848792585892195417e-01,3.066060113075553817e-01,1.851147301834554781e-07,4.977730820977264124e-03
8.703740748149629169e+00,9.848792584231635949e-01,3.066060113112282215e-01,1.886735606915213026e-07,-6.437854028968106879e-02
8.705741148229645177e+00,9.848792583266404721e-01,3.066060113133631804e-01,1.907421972868750260e-07,2.414825371834190826e-02
8.707741548309661184e+00,9.848792583061185546e-01,3.066060113138170395e-01,1.911820131095254283e-07,-2.720731188466230424e-05
8.709741948389677191e+00,9.848792583682463020e-01,3.066060113124429165e-01,1.898505212760692729e-07,-4.154710774884778912e-02
8.711742348469693198e+00,9.848792585198519189e-01,3.066060113090896544e-01,1.866013833728974447e-07,1.412256294265765849e-02
8.713742748549709205e+00,9.848792587679434662e-01,3.066060113036023216e-01,1.812844059034812716e-07,-2.222234043118859539e-02
8.715743148629725212e+00,9.848792591112975892e-01,3.066060112960079520e-01,1.739258070343474571e-07,-1.165068210042089110e-02
8.717743548709741219e+00,9.848792594951087942e-01,3.066060112875187427e-01,1.657001514332456793e-07,-4.465231240716039524e-02
8.719743948789757226e+00,9.848792599050051333e-01,3.066060112784525504e-01,1.569154518821225253e-07,-1.872291132744334161e-02
8.721744348869773233e+00,9.848792603372821253e-01,3.066060112688914208e-01,1.476511010956027548e-07,3.986869436120387723e-03
8.723744748949789241e+00,9.848792607883599670e-01,3.066060112589144016e-01,1.379838193704685523e-07,-2.111624951892384239e-03
8.725745149029805248e+00,9.848792612547839775e-01,3.066060112485979317e-01,1.279876460924533887e-07,7.223750649564399801e-03
8.727745549109821255e+00,9.848792617332242649e-01,3.066060112380157299e-01,1.177339456204240520e-07,-1.828351642773836869e-02
8.729745949189837262e+00,9.848792622204761704e-01,3.066060112272386284e-01,1.072913987654189327e-07,1.402078441972169631e-02
8.731746349269853269e+00,9.848792627134599353e-01,3.066060112163347395e-01,9.672600947974174801e-08,-3.709168345121267168e-02
8.733746749349869276e+00,9.848792632092207011e-01,3.066060112053693998e-01,8.610110469042808745e-08,-1.433180281981101360e-02
8.735747149429885283e+00,9.848792637049286203e-01,3.066060111944052813e-01,7.547733238411069578e-08,-6.637320158620700628e-02
8.737747549509901290e+00,9.848792641978789675e-01,3.066060111835021140e-01,6.491265888697306252e-08,-7.851623080989220821e-03
8.739747949589917297e+00,9.848792646854919175e-01,3.066060111727170190e-01,5.446237388850860839e-08,-1.387788239258752609e-02
8.741748349669933305e+00,9.848792651653124341e-01,3.066060111621042861e-01,4.417909249543328087e-08,-5.085683132057440201e-03
8.743748749749949312e+00,9.848792656350107144e-01,3.066060111517154296e-01,3.411274598907887423e-08,1.400767786666781006e-02
8.745749149829965319e+00,9.848792660923818554e-01,3.066060111415992440e-01,2.431058854224232846e-08,3.251207924458567738e-02
8.747749549909981326e+00,9.848792665353460762e-01,3.066060111318016923e-01,1.481719330564956749e-08,-2.973294025659608750e-02
8.749749949989997333e+00,9.848792669619481632e-01,3.066060111223660178e-01,5.674463315896716153e-09,-6.330657050895247169e-03
8.751750350070013340e+00,9.848792673703584688e-01,3.066060111133327437e-01,-3.078389210209309113e-09,-4.929421409038044211e-02
8.753750750150029347e+00,9.848792677588718014e-01,3.066060111047395620e-01,-1.140481953321170749e-08,4.535520684184415896e-02
8.755751150230045354e+00,9.848792681259082027e-01,3.066060110966213892e-01,-1.927096660025995334e-08,3.216030890139184167e-02
8.757751550310061361e+00,9.848792684700128364e-01,3.066060110890104218e-01,-2.664565118548622991e-08,1.130323841353165354e-02
8.759751950390077369e+00,9.848792687898555442e-01,3.066060110819361362e-01,-3.350036592575378336e-08,2.999244882245466134e-02
8.761752350470093376e+00,9.848792690842312902e-01,3.066060110754250667e-01,-3.980928503510838823e-08,2.118725935555522757e-02
8.763752750550109383e+00,9.848792693520599384e-01,3.066060110695011942e-01,-4.554925958633049277e-08,-1.612130156716838278e-02
8.765753150630125390e+00,9.848792695923866969e-01,3.066060110641856129e-01,-5.069982675354189894e-08,1.777499104943394345e-02
8.767753550710141397e+00,9.848792698043812299e-01,3.066060110594966970e-01,-5.524319149352585612e-08,2.916743811945092524e-02
8.769753950790157404e+00,9.848792699873384349e-01,3.066060110554500451e-01,-5.916424228313843514e-08,2.000709613616248606e-02
8.771754350870173411e+00,9.848792701406783312e-01,3.066060110520584248e-01,-6.245054903764035714e-08,-2.247724313665508053e-03
8.773754750950189418e+00,9.848792702639457275e-01,3.066060110493319946e-01,-6.509235650486999702e-08,-9.717585234502612579e-03
8.775755151030205425e+00,9.848792703568104434e-01,3.066060110472779709e-01,-6.708258842857972581e-08,5.930982201048408398e-02
8.777755551110221433e+00,9.848792704190673097e-01,3.066060110459009613e-01,-6.841684752068033504e-08,6.768833597655826879e-03
8.779755951190237440e+00,9.848792704506361684e-01,3.066060110452027421e-01,-6.909341618288600273e-08,1.365337965934526956e-02
8.781756351270253447e+00,9.848792704515617613e-01,3.066060110451822585e-01,-6.911325306502291710e-08,-3.506228549749738910e-02
8.783756751350269454e+00,9.848792704220139527e-01,3.066060110458357912e-01,-6.847999856063324842e-08,1.707039032538766599e-02
8.785757151430285461e+00,9.848792703622873956e-01,3.066060110471568456e-01,-6.719996781257009388e-08,6.173917031584947451e-03
8.787757551510301468e+00,9.848792702728019766e-01,3.066060110491360957e-01,-6.528215926171476724e-08,-2.154474460269260178e-02
8.789757951590317475e+00,9.848792701541022598e-01,3.066060110517615511e-01,-6.273824415536921606e-08,3.223793566917129705e-02
8.791758351670333482e+00,9.848792700068579320e-01,3.066060110550182793e-01,-5.958257462412852590e-08,-6.738451356040130820e-05
8.793758751750349489e+00,9.848792698318639127e-01,3.066060110588888499e-01,-5.583218723459459909e-08,1.620486040371965988e-02
8.795759151830365496e+00,9.848792696300396887e-01,3.066060110633528346e-01,-5.150678769605399054e-08,1.151464745475782800e-02
8.797759551910381504e+00,9.848792694024299799e-01,3.066060110683871409e-01,-4.662876601502219387e-08,-1.747999524760577086e-02
8.799759951990397511e+00,9.848792691502044061e-01,3.066060110739659006e-01,-4.122318911226052762e-08,7.234858194704013590e-03
8.801760352070413518e+00,9.848792688746577095e-01,3.066060110800604699e-01,-3.531780504162362888e-08,3.460489601241689001e-02
8.803760752150429525e+00,9.848792685772093103e-01,3.066060110866394850e-01,-2.894303435807543678e-08,-2.764219245622029017e-02
8.805761152230445532e+00,9.848792682594038617e-01,3.066060110936687511e-01,-2.213198121991943879e-08,-2.591989803492565983e-02
8.807761552310461539e+00,9.848792679229109170e-01,3.066060111011113531e-01,-1.492042681072724974e-08,-2.279254278319356800e-02
8.809761952390477546e+00,9.848792675695251519e-01,3.066060111089276008e-01,-7.346833530430529891e-09,1.850997628912611631e-02
8.811762352470493553e+00,9.848792672011660310e-01,3.066060111170750280e-01,5.476614162169823885e-10,-1.156080179804091362e-02
8.813762752550509560e+00,9.848792668198780298e-01,3.066060111255083931e-01,8.719241856303128202e-09,7.348073333602630000e-03
8.815763152630525568e+00,9.848792664278307463e-01,3.066060111341797345e-01,1.712140992871091782e-08,2.854515877989393172e-02
8.817763552710541575e+00,9.848792660273186783e-01,3.066060111430383150e-01,2.570499121890001959e-08,-2.815195409561024528e-02
8.819763952790557582e+00,9.848792656207611129e-01,3.066060111520306219e-01,3.441813647975244805e-08,3.681908004365870568e-02
8.821764352870573589e+00,9.848792652107026813e-01,3.066060111611003669e-01,4.320631075138692268e-08,7.051045474344382925e-04
8.823764752950589596e+00,9.848792647998128036e-01,3.066060111701884860e-01,5.201230399154432860e-08,-4.402624094607183146e-03
8.825765153030605603e+00,9.848792643908859112e-01,3.066060111792331955e-01,6.077622741185173538e-08,3.821628448087987379e-02
8.827765553110621610e+00,9.848792639868412246e-01,3.066060111881698802e-01,6.943551775218104183e-08,1.140315529079663319e-02
8.829765953190637617e+00,9.848792635907234194e-01,3.066060111969313162e-01,7.792492281999408021e-08,-3.290961440615317035e-02
8.831766353270653624e+00,9.848792632057016272e-01,3.066060112054472819e-01,8.617652369480310881e-08,-1.509164323893019298e-03
8.833766753350669632e+00,9.848792628350703238e-01,3.066060112136449467e-01,9.411971438333388562e-08,-1.931703677914271486e-02
8.835767153430685639e+00,9.848792624822488850e-01,3.066060112214487043e-01,1.016812126997113097e-07,6.612317468189375658e-03
8.837767553510701646e+00,9.848792621507814760e-01,3.066060112287801176e-01,1.087850617087493532e-07,-1.178772190763158027e-02
8.839767953590717653e+00,9.848792618443374947e-01,3.066060112355580847e-01,1.153526207331445619e-07,-8.513365951974509807e-03
8.841768353670733660e+00,9.848792615667112393e-01,3.066060112416986727e-01,1.213025721535920809e-07,2.393547005607945047e-02
8.843768753750749667e+00,9.848792613218219083e-01,3.066060112471151733e-01,1.265509215475635330e-07,-4.237142466677381453e-02
8.845769153830765674e+00,9.848792611137138220e-01,3.066060112517181024e-01,1.310109934427039491e-07,6.988733246525800219e-03
8.847769553910781681e+00,9.848792609465562009e-01,3.066060112554153116e-01,1.345934344809673888e-07,-5.880565171780272223e-03
8.849769953990797688e+00,9.848792608246432767e-01,3.066060112581118213e-01,1.372062131133056084e-07,8.044660876221791657e-03
8.851770354070813696e+00,9.848792607523941811e-01,3.066060112597098208e-01,1.387546207654022368e-07,-5.932286508839643147e-02
8.853770754150829703e+00,9.848792607343531680e-01,3.066060112601088350e-01,1.391412670637137694e-07,-2.389856280899252394e-02
8.855771154230845710e+00,9.848792607751893913e-01,3.066060112592056131e-01,1.382660849147399063e-07,-1.023116113446309941e-02
8.857771554310861717e+00,9.848792608796970161e-01,3.066060112568941287e-01,1.360263280902884730e-07,4.127413610601465832e-02
8.859771954390877724e+00,9.848792610527951075e-01,3.066060112530654691e-01,1.323165738087439536e-07,-3.143971417376040245e-02
8.861772354470893731e+00,9.848792612970251881e-01,3.066060112476636235e-01,1.270823529742060032e-07,-2.814325592534874798e-02
8.863772754550909738e+00,9.848792615847655751e-01,3.066060112412993255e-01,1.209156403891853415e-07,-4.828039259646145845e-03
8.865773154630925745e+00,9.848792619041012442e-01,3.066060112342361976e-01,1.140717930392387558e-07,7.901801894109643926e-03
8.867773554710941752e+00,9.848792622513747874e-01,3.066060112265551196e-01,1.066291946405506508e-07,-1.536582620500442399e-02
8.869773954790957760e+00,9.848792626230407077e-01,3.066060112183345843e-01,9.866383057777206034e-08,2.108087286771787115e-03
8.871774354870973767e+00,9.848792630156655292e-01,3.066060112096504198e-01,9.024928554479672016e-08,-4.093306766513604700e-02
8.873774754950989774e+00,9.848792634259276868e-01,3.066060112005761784e-01,8.145674537662905834e-08,4.219533608534426633e-02
8.875775155031005781e+00,9.848792638506173036e-01,3.066060111911828590e-01,7.235500298907737715e-08,-8.507850353249480843e-03
8.877775555111021788e+00,9.848792642866368574e-01,3.066060111815389067e-01,6.301044286338708389e-08,3.157393022921625193e-03
8.879775955191037795e+00,9.848792647310002923e-01,3.066060111717103798e-01,5.348706050289919745e-08,6.752049186194257480e-02
8.881776355271053802e+00,9.848792651808339071e-01,3.066060111617608941e-01,4.384644394783698829e-08,-1.409255843425550984e-02
8.883776755351069809e+00,9.848792656333754669e-01,3.066060111517515119e-01,3.414779187194127985e-08,-3.105329857213440237e-02
8.885777155431085816e+00,9.848792660859749803e-01,3.066060111417408529e-01,2.444789770628119641e-08,-2.476140922208304104e-02
8.887777555511101824e+00,9.848792665360943666e-01,3.066060111317850390e-01,1.480115641161461326e-08,4.174609697345534748e-02
8.889777955591117831e+00,9.848792669813072331e-01,3.066060111219378048e-01,5.259569085813708966e-09,-4.760993404824200893e-03
8.891778355671133838e+00,9.848792674192993202e-01,3.066060111122502208e-01,-4.127265917919231697e-09,-1.959957493218580579e-02
8.893778755751149845e+00,9.848792678478681673e-01,3.066060111027710811e-01,-1.331214666278057734e-08,-9.268528893820820146e-04
8.895779155831165852e+00,9.848792682649232244e-01,3.066060110935465710e-01,-2.225026946023334062e-08,-1.219998954015913059e-03
8.897779555911181859e+00,9.848792686684861852e-01,3.066060110846204889e-01,-3.089923630850144320e-08,2.515624625595177730e-02
8.899779955991197866e+00,9.848792690566900987e-01,3.066060110760341906e-01,-3.921903538040005799e-08,1.800673654513089070e-02
8.901780356071213873e+00,9.848792694277803683e-01,3.066060110678263118e-01,-4.717206320004052600e-08,9.430565685979039325e-03
8.903780756151229880e+00,9.848792697801141971e-01,3.066060110600333788e-01,-5.472311209731017811e-08,1.207588902685712527e-02
8.905781156231245888e+00,9.848792701121605875e-01,3.066060110526891425e-01,-6.183937045767251561e-08,-2.014508749143009703e-02
8.907781556311261895e+00,9.848792704225006744e-01,3.066060110458249666e-01,-6.849042963330553846e-08,-3.147518581438686625e-02
8.909781956391277902e+00,9.848792707098272814e-01,3.066060110394698279e-01,-7.464827514458427515e-08,1.015886432163268238e-02
8.911782356471293909e+00,9.848792709729453643e-01,3.066060110336501499e-01,-8.028729536757595042e-08,1.317536674431720248e-02
8.913782756551309916e+00,9.848792712107716785e-01,3.066060110283899132e-01,-8.538427448412377885e-08,4.302707679105286127e-03
8.915783156631325923e+00,9.848792714223350009e-01,3.066060110237104896e-01,-8.991839775540633184e-08,7.215209739178166798e-03
8.917783556711341930e+00,9.848792716067757969e-01,3.066060110196310307e-01,-9.387124413895442387e-08,1.583666222892908190e-02
8.919783956791357937e+00,9.848792717633466642e-01,3.066060110161679675e-01,-9.722679569779124620e-08,-2.847673741345250337e-02
8.921784356871373944e+00,9.848792718914122224e-01,3.066060110133354000e-01,-9.997143507467498580e-08,-8.442445112745106464e-03
8.923784756951389951e+00,9.848792719904485571e-01,3.066060110111448744e-01,-1.020939341955795499e-07,-2.161367932913280804e-02
8.925785157031405959e+00,9.848792720600442196e-01,3.066060110096055502e-01,-1.035854748920872481e-07,-4.645595882436584501e-02
8.927785557111421966e+00,9.848792720998992278e-01,3.066060110087240331e-01,-1.044396283345072618e-07,1.335545484561063458e-02
8.929785957191437973e+00,9.848792721098258429e-01,3.066060110085044865e-01,-1.046523706860202907e-07,-5.647751732766879626e-03
8.931786357271453980e+00,9.848792720897481257e-01,3.066060110089485757e-01,-1.042220747482502929e-07,1.023541998836059556e-02
8.933786757351469987e+00,9.848792720397019362e-01,3.066060110100555236e-01,-1.031495088787970360e-07,1.583349322346100374e-02
8.935787157431485994e+00,9.848792719598353784e-01,3.066060110118219995e-01,-1.014378472052879232e-07,-2.255187950753788362e-02
8.937787557511502001e+00,9.848792718504080224e-01,3.066060110142423412e-01,-9.909265283325474627e-08,3.772724262148269281e-02
8.939787957591518008e+00,9.848792717117917928e-01,3.066060110173082776e-01,-9.612189641461377221e-08,7.625305992585255065e-03
8.941788357671534015e+00,9.848792715444701917e-01,3.066060110210090950e-01,-9.253594032698764238e-08,2.526980232973582638e-02
8.943788757751550023e+00,9.848792713490388540e-01,3.066060110253316928e-01,-8.834754999798022368e-08,4.239070567046207549e-02
8.945789157831566030e+00,9.848792711262053245e-01,3.066060110302603614e-01,-8.357188902019530019e-08,-1.187066333154898623e-02
8.947789557911582037e+00,9.848792708767889481e-01,3.066060110357770041e-01,-7.822651731936858255e-08,-1.536644224001989904e-02
8.949789957991598044e+00,9.848792706017210907e-01,3.066060110418609708e-01,-7.233139540097077713e-08,4.521449059764009147e-03
8.951790358071614051e+00,9.848792703020449180e-01,3.066060110484892798e-01,-6.590888002033779003e-08,2.778549832979933243e-02
8.953790758151630058e+00,9.848792699789157279e-01,3.066060110556362850e-01,-5.898373076074214794e-08,2.857882230478751839e-02
8.955791158231646065e+00,9.848792696336003960e-01,3.066060110632740088e-01,-5.158309898667390314e-08,-4.921923614865197916e-02
8.957791558311662072e+00,9.848792692674782634e-01,3.066060110713719755e-01,-4.373654585720920807e-08,3.592435234446236109e-02
8.959791958391678079e+00,9.848792688820399155e-01,3.066060110798971561e-01,-3.547601701292535381e-08,-1.112311835920419198e-02
8.961792358471694087e+00,9.848792684788884033e-01,3.066060110888140788e-01,-2.683586811103033654e-08,1.227795679182808707e-02
8.963792758551710094e+00,9.848792680597384663e-01,3.066060110980848852e-01,-1.785284869937342478e-08,-3.309276648337721588e-02
8.965793158631726101e+00,9.848792676264167545e-01,3.066060111076691630e-01,-8.566106851626287266e-09,-2.205469152429369653e-02
8.967793558711742108e+00,9.848792671808618282e-01,3.066060111175240577e-01,9.828113600729437849e-10,9.158116975335544099e-03
8.969793958791758115e+00,9.848792667251241584e-01,3.066060111276041056e-01,1.074996108796355543e-08,-4.460808477019072987e-02
8.971794358871774122e+00,9.848792662613664595e-01,3.066060111378615671e-01,2.068899226936871116e-08,2.019750878930527335e-02
8.973794758951790129e+00,9.848792657918628013e-01,3.066060111482460937e-01,3.075116791761978163e-08,-1.346830940516595236e-02
8.975795159031806136e+00,9.848792653189996082e-01,3.066060111587049497e-01,4.088534336088578414e-08,6.921121895036875041e-03
8.977795559111822143e+00,9.848792648452749932e-01,3.066060111691828460e-01,5.103798039751694660e-08,3.705172446680076240e-03
8.979795959191838151e+00,9.848792643732992014e-01,3.066060111796221066e-01,6.115313733179306155e-08,-1.385250420755912773e-02
8.981796359271854158e+00,9.848792639057941667e-01,3.066060111899624463e-01,7.117247910470858585e-08,3.283556191392045243e-02
8.983796759351870165e+00,9.848792634455939554e-01,3.066060112001411930e-01,8.103526744074329713e-08,5.853294955352286721e-02
8.985797159431886172e+00,9.848792629956442113e-01,3.066060112100932322e-01,9.067837264398193042e-08,1.576899667966942184e-02
8.987797559511902179e+00,9.848792625590030436e-01,3.066060112197509513e-01,1.000362549186117889e-07,-4.289145128983144761e-02
8.989797959591918186e+00,9.848792621388399171e-01,3.066060112290441841e-01,1.090409874893172315e-07,3.047750477950461872e-03
8.991798359671934193e+00,9.848792617384365400e-01,3.066060112379003222e-01,1.176222388654668549e-07,-5.643374581063423552e-03
8.993798759751950200e+00,9.848792613611865310e-01,3.066060112462444254e-01,1.257072783089618895e-07,2.276066753729008227e-02
8.995799159831966207e+00,9.848792610105954193e-01,3.066060112539988336e-01,1.332209770554815265e-07,1.534489602001697182e-03
8.997799559911982215e+00,9.848792606902803115e-01,3.066060112610836108e-01,1.400858151701100951e-07,5.358116940247745208e-02
8.999799959991998222e+00,9.848792604039707799e-01,3.066060112674162119e-01,1.462218623404787365e-07,1.732957688050002984e-02
9.001800360072014229e+00,9.848792601555079740e-01,3.066060112729117604e-01,1.515467966950456713e-07,1.496042629950957749e-02
9.003800760152030236e+00,9.848792599488450650e-01,3.066060112774827706e-01,1.559758958658008510e-07,-8.574924850430949014e-03
9.005801160232046243e+00,9.848792597880471344e-01,3.066060112810393146e-01,1.594220392087120075e-07,-2.223529379596175456e-02
9.007801560312062250e+00,9.848792596772911745e-01,3.066060112834890217e-01,1.617957071375908384e-07,-2.121254425628791695e-03
9.009801960392078257e+00,9.848792596208659766e-01,3.066060112847370234e-01,1.630049847045622613e-07,5.074643076166029422e-03
9.011802360472094264e+00,9.848792596231724650e-01,3.066060112846860086e-01,1.629555530791026996e-07,1.198073095903429142e-02
9.013802760552110271e+00,9.848792596887234740e-01,3.066060112832361129e-01,1.615506956820222939e-07,5.029900957818960773e-03
9.015803160632126279e+00,9.848792598221435268e-01,3.066060112802851401e-01,1.586913018492008831e-07,-6.997506200608074114e-03
9.017803560712142286e+00,9.848792600281691678e-01,3.066060112757282297e-01,1.542758602535165835e-07,1.237949799159282060e-03
9.019803960792158293e+00,9.848792603105845922e-01,3.066060112694817263e-01,1.482232696858876153e-07,-1.156532857479981857e-02
9.021804360872174300e+00,9.848792606533909311e-01,3.066060112618994582e-01,1.408764106203275190e-07,-2.474007590374678600e-02
9.023804760952190307e+00,9.848792610456552632e-01,3.066060112532232873e-01,1.324695914906026672e-07,-2.168742107239172642e-02
9.025805161032206314e+00,9.848792614822113878e-01,3.066060112435675111e-01,1.231135321744236677e-07,1.232307463810060864e-02
9.027805561112222321e+00,9.848792619580416519e-01,3.066060112330429854e-01,1.129157685131332300e-07,1.813998552291541319e-02
9.029805961192238328e+00,9.848792624682777275e-01,3.066060112217575129e-01,1.019806359636721282e-07,-5.415493596040731918e-03
9.031806361272254335e+00,9.848792630082001676e-01,3.066060112098154544e-01,9.040927961834199778e-08,-3.415008519820748271e-03
9.033806761352270343e+00,9.848792635732381839e-01,3.066060111973178959e-01,7.829965817385264870e-08,1.365689397471311906e-02
9.035807161432286350e+00,9.848792641589705354e-01,3.066060111843625924e-01,6.574652583468676426e-08,-3.409401135824893271e-03
9.037807561512302357e+00,9.848792647611244178e-01,3.066060111710440239e-01,5.284145496164960321e-08,7.854496487405938920e-02
9.039807961592318364e+00,9.848792653755763515e-01,3.066060111574535063e-01,3.967281800298927408e-08,3.214074021652870827e-03
9.041808361672334371e+00,9.848792659983517384e-01,3.066060111436789137e-01,2.632579673700341516e-08,-1.298541562464250280e-02
9.043808761752350378e+00,9.848792666256249717e-01,3.066060111298047897e-01,1.288237966301508663e-08,-4.527006231232193201e-02
9.045809161832366385e+00,9.848792672537191040e-01,3.066060111159125134e-01,-5.786305878885400489e-10,5.254050176023501023e-03
9.047809561912382392e+00,9.848792678791067345e-01,3.066060111020801338e-01,-1.398163657073681065e-08,2.562527215681432297e-02
9.049809961992398399e+00,9.848792684984088996e-01,3.066060110883823131e-01,-2.725422187932480256e-08,-1.408270381605200008e-03
9.051810362072414406e+00,9.848792691083959605e-01,3.066060110748905498e-01,-4.032717060287183131e-08,3.102935176631326300e-02
9.053810762152430414e+00,9.848792697059871593e-01,3.066060110616729562e-01,-5.313445716748077530e-08,-1.482598690534353558e-02
9.055811162232446421e+00,9.848792702882506189e-01,3.066060110487943691e-01,-6.561324719656091986e-08,-2.527803901443267595e-03
9.057811562312462428e+00,9.848792708524034545e-01,3.066060110363163504e-01,-7.770389914840691858e-08,-4.634375439737260099e-03
9.059811962392478435e+00,9.848792713958118838e-01,3.066060110242971870e-01,-8.934996703624520364e-08,-1.878327898256265671e-02
9.061812362472494442e+00,9.848792719159908948e-01,3.066060110127917793e-01,-1.004981934060733550e-07,-3.706610259184948269e-02
9.063812762552510449e+00,9.848792724106046892e-01,3.066060110018518636e-01,-1.110985183294666001e-07,-2.381990201389772022e-02
9.065813162632526456e+00,9.848792728774662386e-01,3.066060109915257903e-01,-1.211040706328159189e-07,-4.754506311068553565e-02
9.067813562712542463e+00,9.848792733145376177e-01,3.066060109818585788e-01,-1.304711744476438895e-07,1.897712891112546263e-02
9.069813962792558470e+00,9.848792737199297820e-01,3.066060109728920846e-01,-1.391593444921568334e-07,-4.286008757304868126e-03
9.071814362872574478e+00,9.848792740919026789e-01,3.066060109646647214e-01,-1.471312889023135284e-07,-2.592990703912970759e-03
9.073814762952590485e+00,9.848792744288653589e-01,3.066060109572117387e-01,-1.543529112579822282e-07,-1.435782632636655766e-02
9.075815163032606492e+00,9.848792747293755312e-01,3.066060109505650555e-01,-1.607933010072670754e-07,2.379341483192923268e-02
9.077815563112622499e+00,9.848792749921402301e-01,3.066060109447532045e-01,-1.664247478161406946e-07,-2.115703463215205804e-02
9.079815963192638506e+00,9.848792752160153707e-01,3.066060109398014988e-01,-1.712227324091042391e-07,4.211777941080362131e-02
9.081816363272654513e+00,9.848792754000056382e-01,3.066060109357319763e-01,-1.751659235993408004e-07,2.712490580070009080e-02
9.083816763352670520e+00,9.848792755432648205e-01,3.066060109325633443e-01,-1.782361856161873703e-07,-1.747802924575310099e-02
9.085817163432686527e+00,9.848792756450958086e-01,3.066060109303110348e-01,-1.804185785214684756e-07,-5.014073600958987402e-03
9.087817563512702534e+00,9.848792757049503743e-01,3.066060109289872049e-01,-1.817013529081812351e-07,1.572816867950845368e-02
9.089817963592718542e+00,9.848792757224291705e-01,3.066060109286005697e-01,-1.820759499560065109e-07,3.128526824851923099e-02
9.091818363672734549e+00,9.848792756972818419e-01,3.066060109291567914e-01,-1.815370045121778020e-07,-1.980678878210129223e-02
9.093818763752750556e+00,9.848792756294072470e-01,3.066060109306580905e-01,-1.800823488939951034e-07,-1.247511255398634639e-02
9.095819163832766563e+00,9.848792755188527925e-01,3.066060109331033567e-01,-1.777129987889924934e-07,6.262398258515307348e-02
9.097819563912782570e+00,9.848792753658152099e-01,3.066060109364882602e-01,-1.744331708242174983e-07,2.298918687525066187e-02
9.099819963992798577e+00,9.848792751706400006e-01,3.066060109408051404e-01,-1.702502693545770995e-07,2.241229315952725232e-02
9.101820364072814584e+00,9.848792749338218799e-01,3.066060109460431726e-01,-1.651748971209787697e-07,4.834045941987992479e-02
9.103820764152830591e+00,9.848792746560043332e-01,3.066060109521879795e-01,-1.592208448419896172e-07,1.114629575471311890e-02
9.105821164232846598e+00,9.848792743379798376e-01,3.066060109592220750e-01,-1.524050965151513282e-07,-1.140634641720287071e-02
9.107821564312862606e+00,9.848792739806897512e-01,3.066060109671246425e-01,-1.447478269467339373e-07,-4.322286640794826412e-02
9.109821964392878613e+00,9.848792735852247571e-01,3.066060109758715901e-01,-1.362724111608759614e-07,2.154498601426465404e-02
9.111822364472894620e+00,9.848792731528240862e-01,3.066060109854354954e-01,-1.270054077462390296e-07,-2.833421533520810373e-02
9.113822764552910627e+00,9.848792726848761836e-01,3.066060109957856605e-01,-1.169765733444183553e-07,1.676889502203214241e-02
9.115823164632926634e+00,9.848792721829184860e-01,3.066060110068880018e-01,-1.062188573208722175e-07,-4.937087056447821837e-02
9.117823564712942641e+00,9.848792716486373111e-01,3.066060110187053267e-01,-9.476840015509857551e-08,-1.185890040982186949e-02
9.119823964792958648e+00,9.848792710838679687e-01,3.066060110311969455e-01,-8.266453541128093718e-08,-4.492133061681467267e-04
9.121824364872974655e+00,9.848792704905947604e-01,3.066060110443190601e-01,-6.994978957175490564e-08,-3.128810857344881818e-02
9.123824764952990662e+00,9.848792698709508686e-01,3.066060110580244302e-01,-5.666988012187346158e-08,-1.367009138419252902e-02
9.125825165033006670e+00,9.848792692272186899e-01,3.066060110722625964e-01,-4.287372229461183792e-08,-2.079486343797921910e-02
9.127825565113022677e+00,9.848792685618291687e-01,3.066060110869797684e-01,-2.861341466542377532e-08,3.244880907781112333e-03
9.129825965193038684e+00,9.848792678773627962e-01,3.066060111021188805e-01,-1.394426149547989269e-08,-3.147639795488214876e-02
9.131826365273054691e+00,9.848792671765485007e-01,3.066060111176195369e-01,1.075252414883820506e-09,-6.551415043985206639e-03
9.133826765353070698e+00,9.848792664622644244e-01,3.066060111334181770e-01,1.638344385157530780e-08,3.435357118012667688e-02
9.135827165433086705e+00,9.848792657375378123e-01,3.066060111494477991e-01,3.191543465619339770e-08,3.502077611336231605e-02
9.137827565513102712e+00,9.848792650055446796e-01,3.066060111656381260e-01,4.760315780449886347e-08,4.726006654652462058e-02
9.139827965593118719e+00,9.848792642696099220e-01,3.066060111819156053e-01,6.337535574107988623e-08,1.038005130600708897e-02
9.141828365673134726e+00,9.848792635332077605e-01,3.066060111982034098e-01,7.915757074816731631e-08,-1.017757179204446805e-02
9.143828765753150734e+00,9.848792627999610749e-01,3.066060112144214922e-01,9.487215885117805669e-08,8.216399196543848135e-03
9.145829165833166741e+00,9.848792620736418479e-01,3.066060112304863083e-01,1.104382808259085635e-07,1.775908510321751524e-02
9.147829565913182748e+00,9.848792613581709432e-01,3.066060112463111498e-01,1.257719067226936716e-07,6.997893752016819298e-03
9.149829965993198755e+00,9.848792606576184383e-01,3.066060112618060884e-01,1.407858085389346314e-07,3.625649800977959886e-02
9.151830366073214762e+00,9.848792599762030697e-01,3.066060112768776991e-01,1.553895724315523807e-07,-1.643901440442013459e-02
9.153830766153230769e+00,9.848792593182927879e-01,3.066060112914294478e-01,1.694895863657563950e-07,-5.178385482019510003e-03
9.155831166233246776e+00,9.848792586884044242e-01,3.066060113053614145e-01,1.829890481086504650e-07,-3.799419923100359753e-02
9.157831566313262783e+00,9.848792580912035799e-01,3.066060113185703484e-01,1.957879667835449311e-07,-1.052375914554962329e-02
9.159831966393278790e+00,9.848792575315052922e-01,3.066060113309498347e-01,2.077831485758352414e-07,3.099987331765211018e-02
9.161832366473294798e+00,9.848792570142732572e-01,3.066060113423900169e-01,2.188682143300368921e-07,1.311760931132690622e-03
9.163832766553310805e+00,9.848792565446200520e-01,3.066060113527778741e-01,2.289335934990699428e-07,1.870145344640111729e-02
9.165833166633326812e+00,9.848792561278073565e-01,3.066060113619969441e-01,2.378665206193009141e-07,1.069097875284116643e-02
9.167833566713342819e+00,9.848792557692460647e-01,3.066060113699276557e-01,2.455510318133402592e-07,2.410796034020718653e-02
9.169833966793358826e+00,9.848792554744956185e-01,3.066060113764469963e-01,2.518679800278533776e-07,-2.088372570839055337e-02
9.171834366873374833e+00,9.848792552492646735e-01,3.066060113814286781e-01,2.566950201010609334e-07,1.337261806017136893e-02
9.173834766953390840e+00,9.848792550994108774e-01,3.066060113847431379e-01,2.599066137032313151e-07,1.699285493804024785e-02
9.175835167033406847e+00,9.848792550309407590e-01,3.066060113862575376e-01,2.613740320012158946e-07,2.893851295292295886e-02
9.177835567113422854e+00,9.848792550500097276e-01,3.066060113858357639e-01,2.609653551310930908e-07,3.486156001883967265e-02
9.179835967193438861e+00,9.848792551629225178e-01,3.066060113833383172e-01,2.585454632053618695e-07,-1.242449734512062268e-02
9.181836367273454869e+00,9.848792553761324120e-01,3.066060113786225338e-01,2.539760524666867525e-07,-3.578598508644657838e-02
9.183836767353470876e+00,9.848792556962417954e-01,3.066060113715423086e-01,2.471156238248450876e-07,-1.604904705435405282e-02
9.185837167433486883e+00,9.848792561296489945e-01,3.066060113619561434e-01,2.378270515801528262e-07,3.308974582616300286e-02
9.187837567513502890e+00,9.848792566512394320e-01,3.066060113504194828e-01,2.266485788493532993e-07,-2.482988352670679327e-02
9.189837967593518897e+00,9.848792572370961285e-01,3.066060113374614593e-01,2.140927829741290367e-07,-3.440925218838366412e-02
9.191838367673534904e+00,9.848792578800903419e-01,3.066060113232396134e-01,2.003124431881886380e-07,-3.277484142454195615e-02
9.193838767753550911e+00,9.848792585733071592e-01,3.066060113079069338e-01,1.854557570013515289e-07,-3.250838848268583492e-02
9.195839167833566918e+00,9.848792593100452741e-01,3.066060112916116909e-01,1.696663433081724293e-07,1.801762461991586114e-02
9.197839567913582925e+00,9.848792600838173206e-01,3.066060112744972699e-01,1.530832360319145380e-07,-1.918650814126750606e-02
9.199839967993598933e+00,9.848792608883497612e-01,3.066060112567025042e-01,1.358408869556182452e-07,-1.561334933935033115e-02
9.201840368073614940e+00,9.848792617175828878e-01,3.066060112383614533e-01,1.180691643343223518e-07,2.857557178358496874e-02
9.203840768153630947e+00,9.848792625656705990e-01,3.066060112196033471e-01,9.989335914006858275e-08,2.339781911777551876e-02
9.205841168233646954e+00,9.848792634269808444e-01,3.066060112005527527e-01,8.143417487560533630e-08,2.203581228288197663e-02
9.207841568313662961e+00,9.848792642960952914e-01,3.066060111813295741e-01,6.280773431899255854e-08,-1.913372279557438993e-02
9.209841968393678968e+00,9.848792651678092147e-01,3.066060111620489415e-01,4.412558288202639289e-08,-4.258720871546668035e-02
9.211842368473694975e+00,9.848792660371320506e-01,3.066060111428211554e-01,2.549467589818554814e-08,8.800812478076200027e-03
9.213842768553710982e+00,9.848792668992866206e-01,3.066060111237519092e-01,7.017395248221092174e-09,4.388528479491560219e-02
9.215843168633726989e+00,9.848792677497099080e-01,3.066060111049421222e-01,-1.120846615521031708e-08,-8.902559881379347104e-03
9.217843568713742997e+00,9.848792685840526140e-01,3.066060110864880506e-01,-2.908969673476313744e-08,-6.795885406117216886e-03
9.219843968793759004e+00,9.848792693981790469e-01,3.066060110684811213e-01,-4.653766202955544884e-08,-8.120501291544521272e-02
9.221844368873775011e+00,9.848792701881674549e-01,3.066060110510080428e-01,-6.346831310510836488e-08,4.330995507410362322e-02
9.223844768953791018e+00,9.848792709503100262e-01,3.066060110341509160e-01,-7.980218572067876437e-08,-4.980395759323933899e-03
9.225845169033807025e+00,9.848792716811125558e-01,3.066060110179869569e-01,-9.546439397323247533e-08,-4.352843454659217209e-02
9.227845569113823032e+00,9.848792723772946678e-01,3.066060110025887187e-01,-1.103846340722025587e-07,-1.479033351340717410e-03
9.229845969193839039e+00,9.848792730357898151e-01,3.066060109880240359e-01,-1.244971855052234844e-07,-1.488857431760689035e-02
9.231846369273855046e+00,9.848792736537452797e-01,3.066060109743560247e-01,-1.377409100944415599e-07,1.569848542531033370e-02
9.233846769353871053e+00,9.848792742285221724e-01,3.066060109616430829e-01,-1.500592524406041406e-07,5.383103336568555164e-02
9.235847169433887061e+00,9.848792747576953222e-01,3.066060109499387787e-01,-1.614002372030132193e-07,-2.012962494535443930e-02
9.237847569513903068e+00,9.848792752390533867e-01,3.066060109392920174e-01,-1.717164721803943195e-07,3.889447658781125874e-03
9.239847969593919075e+00,9.848792756705988527e-01,3.066060109297470970e-01,-1.809651476170071049e-07,-9.619039680142334181e-03
9.241848369673935082e+00,9.848792760505479249e-01,3.066060109213433194e-01,-1.891080339266881793e-07,-1.660968632829687430e-02
9.243848769753951089e+00,9.848792763773307479e-01,3.066060109141155454e-01,-1.961114867998769995e-07,1.150461149293838248e-02
9.245849169833967096e+00,9.848792766495911843e-01,3.066060109080936402e-01,-2.019464417635230546e-07,3.868634389358181769e-02
9.247849569913983103e+00,9.848792768661869257e-01,3.066060109033029724e-01,-2.065884177893106965e-07,1.099942223365207167e-02
9.249849969993999110e+00,9.848792770261893814e-01,3.066060108997640254e-01,-2.100175137409454607e-07,-1.066649504803094881e-02
9.251850370074015117e+00,9.848792771288840120e-01,3.066060108974926202e-01,-2.122184159791817848e-07,1.296056116929905980e-02
9.253850770154031125e+00,9.848792771737696627e-01,3.066060108964998587e-01,-2.131803837068790841e-07,5.916307597858151864e-03
9.255851170234047132e+00,9.848792771605593410e-01,3.066060108967920694e-01,-2.128972665105255402e-07,2.037842554853238827e-02
9.257851570314063139e+00,9.848792770891798831e-01,3.066060108983708621e-01,-2.113674961168321431e-07,-1.379012755819947547e-02
9.259851970394079146e+00,9.848792769597715102e-01,3.066060109012331281e-01,-2.085940779272821288e-07,3.445275832491408521e-03
9.261852370474095153e+00,9.848792767726886055e-01,3.066060109053710958e-01,-2.045846067555423531e-07,4.118489000649502851e-02
9.263852770554111160e+00,9.848792765284993811e-01,3.066060109107721088e-01,-1.993512603881697487e-07,4.761525288842966865e-04
9.265853170634127167e+00,9.848792762279856561e-01,3.066060109174189030e-01,-1.929107944498298366e-07,2.442668544569914779e-02
9.267853570714143174e+00,9.848792758721430785e-01,3.066060109252894961e-01,-1.852845470107222781e-07,-2.605470703766914241e-04
9.269853970794159181e+00,9.848792754621811252e-01,3.066060109343570761e-01,-1.764984390584256602e-07,1.766946934079181332e-03
9.271854370874175189e+00,9.848792749995233242e-01,3.066060109445902238e-01,-1.665829791330786236e-07,-1.856380901206019368e-02
9.273854770954191196e+00,9.848792744858065884e-01,3.066060109559526903e-01,-1.555732487001915132e-07,7.124373354846763595e-02
9.275855171034207203e+00,9.848792739228817705e-01,3.066060109684035639e-01,-1.435089143908552245e-07,2.995053014605250294e-02
9.277855571114223210e+00,9.848792733128137744e-01,3.066060109818971036e-01,-1.304342301666761017e-07,2.951643648420435723e-02
9.279855971194239217e+00,9.848792726578809997e-01,3.066060109963830160e-01,-1.163980258012120572e-07,2.894263544927630494e-02
9.281856371274255224e+00,9.848792719605757862e-01,3.066060110118061233e-01,-1.014537158727790711e-07,-2.549773778332513341e-02
9.283856771354271231e+00,9.848792712236043023e-01,3.066060110281065287e-01,-8.565929746073841500e-08,-1.895976557775580496e-02
9.285857171434287238e+00,9.848792704498863237e-01,3.066060110452197285e-01,-6.907734617644933905e-08,-4.533110621064799332e-03
9.287857571514303245e+00,9.848792696425556770e-01,3.066060110630763891e-01,-5.177502465647521035e-08,-4.203160961201773266e-02
9.289857971594319253e+00,9.848792688049599064e-01,3.066060110816024031e-01,-3.382407570695633581e-08,-2.258976508742368411e-02
9.291858371674335260e+00,9.848792679406602746e-01,3.066060111007191114e-01,-1.530082280321032329e-08,2.074741723689408138e-02
9.293858771754351267e+00,9.848792670534319837e-01,3.066060111203429694e-01,3.713825802442727309e-09,-5.337712423248083815e-02
9.295859171834367274e+00,9.848792661472638432e-01,3.066060111403857147e-01,2.313438401957412793e-08,-2.250984592020391362e-02
9.297859571914383281e+00,9.848792652263587133e-01,3.066060111607543659e-01,4.287077798315053201e-08,-2.602976609495837815e-03
9.299859971994399288e+00,9.848792642951330611e-01,3.066060111813513345e-01,6.282835587900770236e-08,-2.434517484317407117e-03
9.301860372074415295e+00,9.848792633582171829e-01,3.066060112020742023e-01,8.290788380826974446e-08,-9.089755198635386278e-04
9.303860772154431302e+00,9.848792624204553148e-01,3.066060112228157220e-01,1.030055422346354277e-07,-1.918165125338232996e-02
9.305861172234447309e+00,9.848792614869054107e-01,3.066060112434640939e-01,1.230129317020267621e-07,2.265857862915326981e-02
9.307861572314463317e+00,9.848792605628391428e-01,3.066060112639026891e-01,1.428170721962107592e-07,-5.919628010437681664e-02
9.309861972394479324e+00,9.848792596537420119e-01,3.066060112840102159e-01,1.623004010631312610e-07,1.032038867378756719e-02
9.311862372474495331e+00,9.848792587653134589e-01,3.066060113036605528e-01,1.813407708439740418e-07,-3.793865334287620933e-02
9.313862772554511338e+00,9.848792579034666428e-01,3.066060113227230266e-01,1.998114534107475748e-07,-1.825424221304923142e-02
9.315863172634527345e+00,9.848792570743284402e-01,3.066060113410619681e-01,2.175811405491501205e-07,-1.934574533927379408e-03
9.317863572714543352e+00,9.848792562842395570e-01,3.066060113585372671e-01,2.345139414050567694e-07,4.015420949828366060e-02
9.319863972794559359e+00,9.848792555397547499e-01,3.066060113750038729e-01,2.504693777938271637e-07,-2.289233116447113303e-02
9.321864372874575366e+00,9.848792548476422715e-01,3.066060113903120721e-01,2.653023957188693771e-07,-3.631485466826139819e-02
9.323864772954591373e+00,9.848792542148842033e-01,3.066060114043074880e-01,2.788633585715238894e-07,2.430980935434924953e-02
9.325865173034607380e+00,9.848792536486765670e-01,3.066060114168309148e-01,2.909980450493954152e-07,-2.174475749653124665e-03
9.327865573114623388e+00,9.848792531564292130e-01,3.066060114277184834e-01,3.015476504886205333e-07,2.382703143913084587e-04
9.329865973194639395e+00,9.848792527457655988e-01,3.066060114368016065e-01,3.103487929700943226e-07,1.396681617341619108e-02
9.331866373274655402e+00,9.848792524245230107e-01,3.066060114439068673e-01,3.172335075463106335e-07,2.503413167904500192e-02
9.333866773354671409e+00,9.848792522007528971e-01,3.066060114488562416e-01,3.220292394412460624e-07,3.922667791760372016e-03
9.335867173434687416e+00,9.848792520827199803e-01,3.066060114514668755e-01,3.245588635347740336e-07,-5.290030196249018851e-02
9.337867573514703423e+00,9.848792520789031446e-01,3.066060114515512525e-01,3.246406641843613272e-07,-5.221647300926140177e-03
9.339867973594719430e+00,9.848792521979949921e-01,3.066060114489171373e-01,3.220883457444312370e-07,4.640360818342286029e-04
9.341868373674735437e+00,9.848792524489018430e-01,3.066060114433675765e-01,3.167110324275856925e-07,-2.905923349752356777e-02
9.343868773754751444e+00,9.848792528407439573e-01,3.066060114347007315e-01,3.083132631698237702e-07,-2.570016926290754830e-02
9.345869173834767452e+00,9.848792533817511963e-01,3.066060114227346367e-01,2.967186596702919843e-07,1.590675798253239279e-02
9.347869573914783459e+00,9.848792540125791417e-01,3.066060114087818533e-01,2.831990623952673758e-07,6.075003884421972117e-03
9.349869973994799466e+00,9.848792546903967215e-01,3.066060113937897902e-01,2.686724059897116490e-07,-2.273134057299339844e-02
9.351870374074815473e+00,9.848792554088201534e-01,3.066060113778996121e-01,2.532755046247281427e-07,1.404111137496794753e-02
9.353870774154831480e+00,9.848792561616778185e-01,3.066060113612477656e-01,2.371406253587338142e-07,3.318631046392996053e-03
9.355871174234847487e+00,9.848792569430103727e-01,3.066060113439661450e-01,2.203954857227241604e-07,-3.241699450016789774e-02
9.357871574314863494e+00,9.848792577470705245e-01,3.066060113261818154e-01,2.031632593546550680e-07,-6.924917910243244545e-03
9.359871974394879501e+00,9.848792585683231460e-01,3.066060113080172345e-01,1.855625719193731982e-07,-3.296122553062858646e-02
9.361872374474895508e+00,9.848792594014452728e-01,3.066060112895901413e-01,1.677075028849728255e-07,-2.169513116524435237e-02
9.363872774554911516e+00,9.848792602413262154e-01,3.066060112710135566e-01,1.497075818035487060e-07,7.488150814761853312e-03
9.365873174634927523e+00,9.848792610830671146e-01,3.066060112523957826e-01,1.316677989138259619e-07,-3.072923172381854251e-02
9.367873574714943530e+00,9.848792619219816080e-01,3.066060112338405697e-01,1.136885898755934932e-07,-3.128029764938985297e-02
9.369873974794959537e+00,9.848792627535953859e-01,3.066060112154468387e-01,9.586584603926695536e-08,9.388326209663512903e-03
9.371874374874975544e+00,9.848792635736461909e-01,3.066060111973088476e-01,7.829091400179954974e-08,-2.531128838471793929e-02
9.373874774954991551e+00,9.848792643780840406e-01,3.066060111795161913e-01,6.105059105476762227e-08,-6.896808458450061699e-03
9.375875175035007558e+00,9.848792651630710049e-01,3.066060111621537465e-01,4.422712993057409392e-08,-6.365963268651663072e-03
9.377875575115023565e+00,9.848792659249814285e-01,3.066060111453017267e-01,2.789823377868927423e-08,-4.102292679976484412e-03
9.379875975195039572e+00,9.848792666604018198e-01,3.066060111290355716e-01,1.213705910774187657e-08,9.489167798181010610e-03
9.381876375275055580e+00,9.848792673661306285e-01,3.066060111134261690e-01,-2.987780106655790746e-09,-1.089485114360747887e-02
9.383876775355071587e+00,9.848792680391786902e-01,3.066060110985396325e-01,-1.741222147022547517e-08,-1.946729629968606268e-02
9.385877175435087594e+00,9.848792686767688931e-01,3.066060110844373021e-01,-3.107674725888465161e-08,-1.162237272495203651e-02
9.387877575515103601e+00,9.848792692763363998e-01,3.066060110711760212e-01,-4.392638905392765025e-08,2.912290009677871022e-02
9.389877975595119608e+00,9.848792698355283148e-01,3.066060110588077481e-01,-5.591072085864290386e-08,2.330873106250722082e-02
9.391878375675135615e+00,9.848792703522040171e-01,3.066060110473798339e-01,-6.698386562087321749e-08,-1.372999072100874280e-03
9.393878775755151622e+00,9.848792708244350491e-01,3.066060110369350222e-01,-7.710449384523698768e-08,3.080848836224527043e-02
9.395879175835167629e+00,9.848792712505051172e-01,3.066060110275111161e-01,-8.623582242739402659e-08,1.776828179200336602e-02
9.397879575915183636e+00,9.848792716289100913e-01,3.066060110191415333e-01,-9.434561570875743541e-08,-2.689054915475623531e-02
9.399879975995199644e+00,9.848792719583580046e-01,3.066060110118547510e-01,-1.014061849491376677e-07,3.788316196527475449e-02
9.401880376075215651e+00,9.848792722377689435e-01,3.066060110056747501e-01,-1.073943858564962994e-07,7.018065316304968049e-02
9.403880776155231658e+00,9.848792724662751574e-01,3.066060110006206263e-01,-1.122916211959701371e-07,9.099530616815489081e-03
9.405881176235247665e+00,9.848792726432211708e-01,3.066060109967069236e-01,-1.160838430103172669e-07,-4.059321736624527110e-02
9.407881576315263672e+00,9.848792727681636716e-01,3.066060109939434120e-01,-1.187615505382488834e-07,3.760416693583849834e-02
9.409881976395279679e+00,9.848792728408712893e-01,3.066060109923353094e-01,-1.203197853572035569e-07,1.527757643152111502e-02
9.411882376475295686e+00,9.848792728613251501e-01,3.066060109918828935e-01,-1.207581427631332360e-07,-2.682566217947379705e-03
9.413882776555311693e+00,9.848792728297182109e-01,3.066060109925820010e-01,-1.200807579482265908e-07,-5.095425047819199249e-02
9.415883176635327700e+00,9.848792727464557029e-01,3.066060109944236389e-01,-1.182963159651606588e-07,-2.599709585046145605e-03
9.417883576715343708e+00,9.848792726121551322e-01,3.066060109973940961e-01,-1.154180507279001233e-07,-7.525855997977723595e-03
9.419883976795359715e+00,9.848792724276459465e-01,3.066060110014751094e-01,-1.114637384891370431e-07,-7.918965463342543185e-03
9.421884376875375722e+00,9.848792721939699790e-01,3.066060110066435862e-01,-1.064557077212757719e-07,-1.056173982788634856e-02
9.423884776955391729e+00,9.848792719123810047e-01,3.066060110128718263e-01,-1.004208280974694389e-07,2.409917715537786276e-02
9.425885177035407736e+00,9.848792715843449619e-01,3.066060110201274114e-01,-9.339051765255845794e-08,-1.055124946723054631e-02
9.427885577115423743e+00,9.848792712115401748e-01,3.066060110283731488e-01,-8.540074464269409305e-08,1.081727883934729267e-02
9.429885977195439750e+00,9.848792707958570203e-01,3.066060110375672942e-01,-7.649202352077999478e-08,-4.777044367477430165e-02
9.431886377275455757e+00,9.848792703393978165e-01,3.066060110476633294e-01,-6.670940946862380372e-08,-2.476493150078786301e-02
9.433886777355471764e+00,9.848792698444772675e-01,3.066060110586100729e-01,-5.610251069265714818e-08,-1.722462076565104804e-04
9.435887177435487772e+00,9.848792693136222409e-01,3.066060110703516250e-01,-4.472548167933076968e-08,-2.233068366310425601e-02
9.437887577515503779e+00,9.848792687495716569e-01,3.066060110828273677e-01,-3.263702127997980540e-08,9.770001579667781169e-04
9.439887977595519786e+00,9.848792681552765993e-01,3.066060110959720753e-01,-1.990037623578189141e-08,-1.216441721985400681e-03
9.441888377675535793e+00,9.848792675339003155e-01,3.066060111097157481e-01,-6.583339484667050101e-09,4.776868883191048160e-03
9.443888777755551800e+00,9.848792668888183277e-01,3.066060111239837793e-01,7.241746452502084708e-09,-8.227467982818840661e-03
9.445889177835567807e+00,9.848792662236182105e-01,3.066060111386967879e-01,2.149799410711139558e-08,1.604588154598074468e-02
9.447889577915583814e+00,9.848792655420994802e-01,3.066060111537707300e-01,3.610397436570877971e-08,-3.406574275861771334e-02
9.449889977995599821e+00,9.848792648482743717e-01,3.066060111691168433e-01,5.097369878970248180e-08,-9.952584162114509747e-03
9.451890378075615828e+00,9.848792641463666175e-01,3.066060111846417580e-01,6.601664639949156310e-08,3.830272766809766916e-02
9.453890778155631835e+00,9.848792634408126689e-01,3.066060112002472748e-01,8.113773736218021781e-08,-1.037697391646270201e-02
9.455891178235647843e+00,9.848792627362606966e-01,3.066060112158306428e-01,9.623735428010427029e-08,3.852413162065487784e-02
9.457891578315663850e+00,9.848792620375713680e-01,3.066060112312843922e-01,1.112113256485081081e-07,8.836651752983653782e-03
9.459891978395679857e+00,9.848792613498171811e-01,3.066060112464962240e-01,1.259509403161995778e-07,-5.888008315702994259e-03
9.461892378475695864e+00,9.848792606782831305e-01,3.066060112613492872e-01,1.403429326363170304e-07,2.345600536991788478e-03
9.463892778555711871e+00,9.848792600284660415e-01,3.066060112757220124e-01,1.542694974265845786e-07,4.015237083138400997e-02
9.465893178635727878e+00,9.848792594060751249e-01,3.066060112894881673e-01,1.676082775903253719e-07,-7.779861018777084816e-03
9.467893578715743885e+00,9.848792588170317552e-01,3.066060113025166900e-01,1.802323693067542365e-07,-2.776656368268198491e-02
9.469893978795759892e+00,9.848792582674692486e-01,3.066060113146720223e-01,1.920103261665584427e-07,1.265710492524236945e-02
9.471894378875775899e+00,9.848792577637331958e-01,3.066060113258137210e-01,2.028061525938262832e-07,1.812364518309442230e-02
9.473894778955791907e+00,9.848792573123814620e-01,3.066060113357967354e-01,2.124793037905359228e-07,2.156010736706877318e-02
9.475895179035807914e+00,9.848792569201839653e-01,3.066060113444714075e-01,2.208846899831584665e-07,-3.807527531236033769e-02
9.477895579115823921e+00,9.848792565941226762e-01,3.066060113516833052e-01,2.278726769777694727e-07,1.010106407906262611e-02
9.479895979195839928e+00,9.848792563413919510e-01,3.066060113572732226e-01,2.332890790823771709e-07,1.814199290356669761e-03
9.481896379275855935e+00,9.848792561693979764e-01,3.066060113610774018e-01,2.369751702369082835e-07,-6.101954133186846679e-03
9.483896779355871942e+00,9.848792560857594358e-01,3.066060113629273109e-01,2.387676709403319109e-07,-1.175110052705555588e-02
9.485897179435887949e+00,9.848792560983070654e-01,3.066060113626497552e-01,2.384987562720208842e-07,1.180600531627128830e-02
9.487897579515903956e+00,9.848792562150835428e-01,3.066060113600668768e-01,2.359960595277321715e-07,-1.628059122681651139e-03
9.489897979595919963e+00,9.848792564443440423e-01,3.066060113549960442e-01,2.310826599516424551e-07,-1.101757036855552548e-03
9.491898379675935971e+00,9.848792567945555687e-01,3.066060113472500182e-01,2.235770966974026663e-07,5.013039134919547446e-02
9.493898779755951978e+00,9.848792572439430959e-01,3.066060113373104135e-01,2.139460416328287096e-07,1.477767846216201334e-03
9.495899179835967985e+00,9.848792577257660108e-01,3.066060113266533271e-01,2.036198470112271508e-07,-2.897871016365587485e-02
9.497899579915983992e+00,9.848792582332731582e-01,3.066060113154282507e-01,1.927432002890583362e-07,-2.305325041285228790e-02
9.499899979995999999e+00,9.848792587623443895e-01,3.066060113037261670e-01,1.814044024994743154e-07,-1.907350110405357096e-02
9.501900380076016006e+00,9.848792593090052172e-01,3.066060112916350056e-01,1.696886330615487992e-07,-4.040338726397202374e-02
9.503900780156032013e+00,9.848792598694260381e-01,3.066060112792395320e-01,1.576779658229998660e-07,2.716730382605623412e-02
9.505901180236048020e+00,9.848792604399225770e-01,3.066060112666211812e-01,1.454513606780061252e-07,4.652588337804385021e-02
9.507901580316064027e+00,9.848792610169559980e-01,3.066060112538582794e-01,1.330846599867374636e-07,-1.583818003679115724e-02
9.509901980396080035e+00,9.848792615971325715e-01,3.066060112410258776e-01,1.206505968187610023e-07,2.267083631343586730e-02
9.511902380476096042e+00,9.848792621772041178e-01,3.066060112281957517e-01,1.082187844059223636e-07,-1.886390879803291273e-02
9.513902780556112049e+00,9.848792627540672306e-01,3.066060112154366246e-01,9.585573346182485466e-08,-1.724767884224562633e-02
9.515903180636128056e+00,9.848792633247641648e-01,3.066060112028138329e-01,8.362483294721556604e-08,-4.393470675250424340e-02
9.517903580716144063e+00,9.848792638864825033e-01,3.066060111903896601e-01,7.158635734194618294e-08,-1.582130863337714638e-03
9.519903980796160070e+00,9.848792644365546023e-01,3.066060111782231146e-01,5.979747805251456327e-08,3.076677631345276637e-02
9.521904380876176077e+00,9.848792649724587012e-01,3.066060111663698740e-01,4.831224065249273281e-08,3.152031440352469349e-02
9.523904780956192084e+00,9.848792654918179235e-01,3.066060111548826184e-01,3.718158475551902598e-08,1.312236671668998156e-02
9.525905181036208091e+00,9.848792659924007209e-01,3.066060111438106417e-01,2.645333593842558173e-08,-6.806915961050505857e-03
9.527905581116224099e+00,9.848792664721208734e-01,3.066060111332001292e-01,1.617220538041586053e-08,3.007163865833798605e-02
9.529905981196240106e+00,9.848792669290373780e-01,3.066060111230939911e-01,6.379791389621303210e-09,4.348382112658922410e-02
9.531906381276256113e+00,9.848792673613545601e-01,3.066060111135319732e-01,-2.885421845899571736e-09,-1.925571993461968820e-02
9.533906781356272120e+00,9.848792677674220730e-01,3.066060111045504910e-01,-1.158806484102825607e-08,6.623200087314777898e-03
9.535907181436288127e+00,9.848792681457346765e-01,3.066060110961829066e-01,-1.969587812289397277e-08,-1.339963008049321414e-03
9.537907581516304134e+00,9.848792684949323473e-01,3.066060110884593071e-01,-2.717971411825281791e-08,-1.614938874074677705e-02
9.539907981596320141e+00,9.848792688138007234e-01,3.066060110814065598e-01,-3.401354753407304088e-08,-2.947453897160240074e-02
9.541908381676336148e+00,9.848792691012702161e-01,3.066060110750482570e-01,-4.017445504045369375e-08,-2.087053071155325901e-02
9.543908781756352155e+00,9.848792693564168976e-01,3.066060110694048824e-01,-4.564263592077288934e-08,2.747103715871205068e-03
9.545909181836368163e+00,9.848792695784618356e-01,3.066060110644936443e-01,-5.040139597345394407e-08,6.371802347845900716e-03
9.547909581916384170e+00,9.848792697667714258e-01,3.066060110603285871e-01,-5.443715633823842381e-08,3.489175366443574879e-03
9.549909981996400177e+00,9.848792699208576140e-01,3.066060110569205355e-01,-5.773945735421115444e-08,3.203484773433695060e-02
9.551910382076416184e+00,9.848792700403771194e-01,3.066060110542769834e-01,-6.030094185094370118e-08,-1.725873818308529609e-02
9.553910782156432191e+00,9.848792701251324333e-01,3.066060110524023163e-01,-6.211737693662122695e-08,-3.151883313997579789e-02
9.555911182236448198e+00,9.848792701750708201e-01,3.066060110512978110e-01,-6.318763243196023893e-08,-2.952785336881762548e-02
9.557911582316464205e+00,9.848792701902853164e-01,3.066060110509613024e-01,-6.351370199220163215e-08,9.885754334529046894e-03
9.559911982396478436e+00,9.848792701710138431e-01,3.066060110513875170e-01,-6.310068517700884172e-08,-1.348984871498173400e-02
9.561912382476494443e+00,9.848792701176397602e-01,3.066060110525680726e-01,-6.195679758125294256e-08,-4.124539001304747265e-02
9.563912782556510450e+00,9.848792700306917558e-01,3.066060110544912010e-01,-6.009336983581192726e-08,2.312847196834302843e-02
9.565913182636526457e+00,9.848792699108435134e-01,3.066060110571420250e-01,-5.752483994703183612e-08,3.500837318187457331e-02
9.567913582716542464e+00,9.848792697589142664e-01,3.066060110605024480e-01,-5.426876562020233052e-08,4.521881731902558689e-03
9.569913982796558471e+00,9.848792695758684657e-01,3.066060110645510428e-01,-5.034581612717303756e-08,1.608808094140906989e-02
9.571914382876574479e+00,9.848792693628156680e-01,3.066060110692633844e-01,-4.577977122388610098e-08,-3.491764687267780859e-02
9.573914782956590486e+00,9.848792691210109806e-01,3.066060110746116618e-01,-4.059752969909347087e-08,-3.535008630884824837e-02
9.575915183036606493e+00,9.848792688518543947e-01,3.066060110805648997e-01,-3.482909552432467137e-08,4.063677924964348084e-03
9.577915583116622500e+00,9.848792685568915628e-01,3.066060110870889588e-01,-2.850759434069871645e-08,5.241858211071943191e-03
9.579915983196638507e+00,9.848792682378131325e-01,3.066060110941463690e-01,-2.166925922031381901e-08,-4.818544072181089356e-03
9.581916383276654514e+00,9.848792678964553016e-01,3.066060111016966072e-01,-1.435344287870066182e-08,-7.225656853241290561e-03
9.583916783356670521e+00,9.848792675347991521e-01,3.066060111096957641e-01,-6.602602742322716267e-09,-1.571372846281017532e-02
9.585917183436686528e+00,9.848792671549712052e-01,3.066060111180968217e-01,1.537686478148003744e-09,3.606822016072385589e-02
9.587917583516702535e+00,9.848792667592435324e-01,3.066060111268495980e-01,1.001873098371852677e-08,-2.141539553040141750e-02
9.589917983596718543e+00,9.848792663500329780e-01,3.066060111359005802e-01,1.878873401306435653e-08,-3.331077306638667145e-03
9.591918383676734550e+00,9.848792659299020480e-01,3.066060111451930914e-01,2.779277727404938503e-08,2.597841359365722635e-02
9.593918783756750557e+00,9.848792655015583541e-01,3.066060111546672906e-01,3.697283240677862182e-08,-2.550550397024835617e-02
9.595919183836766564e+00,9.848792650678547256e-01,3.066060111642600061e-01,4.626775892968559845e-08,3.605779527317005961e-03
9.597919583916782571e+00,9.848792646317893196e-01,3.066060111739049576e-01,5.561330188030844113e-08,-2.861393693770268500e-03
9.599919983996798578e+00,9.848792641965057326e-01,3.066060111835326452e-01,6.494208931728806533e-08,1.544444126657474985e-02
9.601920384076814585e+00,9.848792637652924453e-01,3.066060111930702381e-01,7.418364389444320750e-08,-6.113013172822151509e-02
9.603920784156830592e+00,9.848792633415835995e-01,3.066060112024419082e-01,8.326436698458117291e-08,-7.414100661277241155e-03
9.605921184236846599e+00,9.848792629289584433e-01,3.066060112115683856e-01,9.210754964295020386e-08,-1.963689705034887475e-02
9.607921584316862607e+00,9.848792625311413307e-01,3.066060112203674026e-01,1.006333733843955969e-07,2.728414337757199826e-02
9.609921984396878614e+00,9.848792621520021662e-01,3.066060112287532502e-01,1.087589003856415104e-07,-1.392878850955318534e-03
9.611922384476894621e+00,9.848792617955560713e-01,3.066060112366371659e-01,1.163980804796960200e-07,-1.407149899751191161e-02
9.613922784556910628e+00,9.848792614659631628e-01,3.066060112439271679e-01,1.234617560408324266e-07,2.215404524242225656e-02
9.615923184636926635e+00,9.848792611675291075e-01,3.066060112505279434e-01,1.298576501329584687e-07,1.599774926659236832e-02
9.617923584716942642e+00,9.848792609047047897e-01,3.066060112563411266e-01,1.354903733929990750e-07,2.542011541158498839e-02
9.619923984796958649e+00,9.848792606820863105e-01,3.066060112612650213e-01,1.402614248080524817e-07,2.708980814261548187e-02
9.621924384876974656e+00,9.848792605044150994e-01,3.066060112651947667e-01,1.440691881071654024e-07,1.924234187005314026e-02
9.623924784956990663e+00,9.848792603765778031e-01,3.066060112680222827e-01,1.468089350087353750e-07,-1.430553951685030814e-02
9.625925185037006671e+00,9.848792603036063964e-01,3.066060112696362694e-01,1.483728228612868350e-07,7.458865980525898609e-03
9.627925585117022678e+00,9.848792602906779603e-01,3.066060112699222628e-01,1.486498988623186079e-07,7.416969685137324297e-03
9.629925985197038685e+00,9.848792603431150150e-01,3.066060112687624128e-01,1.475260932859434604e-07,9.033168176137165023e-03
9.631926385277054692e+00,9.848792604663852979e-01,3.066060112660359271e-01,1.448842243956249831e-07,8.458917860831602006e-03
9.633926785357070699e+00,9.848792606661018745e-01,3.066060112616185163e-01,1.406039955575977274e-07,2.319875677770072593e-03
9.635927185437086706e+00,9.848792609392881259e-01,3.066060112555761830e-01,1.347492002146122303e-07,-1.046237765508288564e-02
9.637927585517102713e+00,9.848792612467096586e-01,3.066060112487765665e-01,1.281606910041865888e-07,-1.792684985434447919e-03
9.639927985597118720e+00,9.848792615799154548e-01,3.066060112414066841e-01,1.210195857415108378e-07,-2.453421363236008013e-02
9.641928385677134727e+00,9.848792619355698497e-01,3.066060112335402543e-01,1.133973729638970696e-07,-2.244357159143501451e-02
9.643928785757150735e+00,9.848792623104448696e-01,3.066060112252487202e-01,1.053632331382559073e-07,1.809422936662071629e-02
9.645929185837166742e+00,9.848792627014203438e-01,3.066060112166010265e-01,9.698403613533912448e-08,-7.985769192402583649e-03
9.647929585917182749e+00,9.848792631054837932e-01,3.066060112076638977e-01,8.832434375549702565e-08,2.307838393724379478e-03
9.649929985997198756e+00,9.848792635197306522e-01,3.066060111985015046e-01,7.944640564860883103e-08,-1.346001189604650698e-02
9.651930386077214763e+00,9.848792639413638250e-01,3.066060111891757978e-01,7.041016736319960501e-08,-4.080982112691619590e-02
9.653930786157230770e+00,9.848792643676940184e-01,3.066060111797461185e-01,6.127326493410301111e-08,-1.002292311832138870e-02
9.655931186237246777e+00,9.848792647961398528e-01,3.066060111702696989e-01,5.209102091341399898e-08,4.037808230467822973e-02
9.657931586317262784e+00,9.848792652242274182e-01,3.066060111608012173e-01,4.291645505638541636e-08,-2.596492215128487664e-03
9.659931986397278791e+00,9.848792656495906073e-01,3.066060111513929654e-01,3.380027677191144164e-08,-1.704877612259595929e-02
9.661932386477294799e+00,9.848792660699712265e-01,3.066060111420949030e-01,2.479088240248117359e-08,1.732101936837566677e-02
9.663932786557310806e+00,9.848792664832186627e-01,3.066060111329546589e-01,1.593436291247307679e-08,-1.211156335759822414e-02
9.665933186637326813e+00,9.848792668872899947e-01,3.066060111240173636e-01,7.274501140352995776e-09,-1.533638462994587649e-02
9.667933586717342820e+00,9.848792672802499926e-01,3.066060111153257606e-01,-1.147227812747786402e-09,-3.910174746374518034e-02
9.669933986797358827e+00,9.848792676602714513e-01,3.066060111069204286e-01,-9.291664410104871763e-09,-4.292366865254238634e-02
9.671934386877374834e+00,9.848792680256345244e-01,3.066060110988392817e-01,-1.712194958036761250e-08,1.038000012150051832e-02
9.673934786957390841e+00,9.848792683747273902e-01,3.066060110911179581e-01,-2.460353951128091410e-08,3.423511435398229365e-03
9.675935187037406848e+00,9.848792687060458073e-01,3.066060110837898200e-01,-3.170419615727837481e-08,9.266244248233410259e-04
9.677935587117422855e+00,9.848792690181932263e-01,3.066060110768856761e-01,-3.839398904359470066e-08,1.727977679069601230e-02
9.679935987197438862e+00,9.848792693098809004e-01,3.066060110704341146e-01,-4.464529868020150616e-08,-1.150533748053112447e-02
9.681936387277454870e+00,9.848792695799278851e-01,3.066060110644611703e-01,-5.043281550709544092e-08,4.472772848539232661e-04
9.683936787357470877e+00,9.848792698272608170e-01,3.066060110589906018e-01,-5.573353578647299855e-08,-2.172804191085301803e-02
9.685937187437486884e+00,9.848792700509141351e-01,3.066060110540438366e-01,-6.052676598811146391e-08,-2.156926794341412074e-02
9.687937587517502891e+00,9.848792702500300811e-01,3.066060110496397484e-01,-6.479412306692466927e-08,-1.875981471007881138e-02
9.689937987597518898e+00,9.848792704238584772e-01,3.066060110457949905e-01,-6.851952952247053474e-08,2.414379118591836876e-02
9.691938387677534905e+00,9.848792705717569484e-01,3.066060110425237739e-01,-7.168921847822140592e-08,1.762774944517563752e-02
9.693938787757550912e+00,9.848792706931910335e-01,3.066060110398378669e-01,-7.429173523587628836e-08,-2.522323803432327191e-02
9.695939187837566919e+00,9.848792707877336294e-01,3.066060110377467618e-01,-7.631792658946423558e-08,-8.018532454314728289e-03
9.697939587917582926e+00,9.848792708550656583e-01,3.066060110362575086e-01,-7.776095423128737139e-08,2.954358449535021865e-03
9.699939987997598934e+00,9.848792708949756225e-01,3.066060110353747703e-01,-7.861628539829190743e-08,-2.019648631254681095e-02
9.701940388077614941e+00,9.848792709073598273e-01,3.066060110351008228e-01,-7.888169772929387591e-08,1.683116708659739350e-02
9.703940788157630948e+00,9.848792708922222694e-01,3.066060110354356660e-01,-7.855727682248847543e-08,-1.970822974107969486e-02
9.705941188237646955e+00,9.848792708496747483e-01,3.066060110363767466e-01,-7.764541884447417885e-08,-8.454079739893646112e-03
9.707941588317662962e+00,9.848792707799367552e-01,3.066060110379191794e-01,-7.615082767142844489e-08,-8.449427248817018010e-03
9.709941988397678969e+00,9.848792706833353616e-01,3.066060110400558592e-01,-7.408051319601760554e-08,-4.624130945878163895e-02
9.711942388477694976e+00,9.848792705603056641e-01,3.066060110427770158e-01,-7.144379993162530695e-08,-4.387395967517951356e-02
9.713942788557710983e+00,9.848792704113903396e-01,3.066060110460707699e-01,-6.825231843587964420e-08,-2.166646965297624322e-02
9.715943188637726990e+00,9.848792702372396457e-01,3.066060110499226332e-01,-6.452000456125261962e-08,2.953081202063095531e-02
9.717943588717742998e+00,9.848792700386118648e-01,3.066060110543159523e-01,-6.026310966911196942e-08,1.442202478763595676e-02
9.719943988797759005e+00,9.848792698163728598e-01,3.066060110592314647e-01,-5.550019041566933709e-08,1.117454841051700350e-02
9.721944388877775012e+00,9.848792695714960743e-01,3.066060110646476877e-01,-5.025210902953602954e-08,-1.574931499025199536e-02
9.723944788957791019e+00,9.848792693050629765e-01,3.066060110705406960e-01,-4.454204333148581441e-08,-1.181004115604732292e-02
9.725945189037807026e+00,9.848792690182625043e-01,3.066060110768841773e-01,-3.839547377260110750e-08,9.948136184287825669e-04
9.727945589117823033e+00,9.848792687123916201e-01,3.066060110836494879e-01,-3.184019647939351216e-08,6.604671964564542280e-03
9.729945989197839040e+00,9.848792683888546451e-01,3.066060110908054859e-01,-2.490630796048165507e-08,-3.815867510176784716e-02
9.731946389277855047e+00,9.848792680491640361e-01,3.066060110983188092e-01,-1.762622270362612653e-08,-1.791464391895789682e-02
9.733946789357871054e+00,9.848792676949394975e-01,3.066060111061535975e-01,-1.003465319171503722e-08,-1.934850220270988366e-02
9.735947189437887062e+00,9.848792673279090915e-01,3.066060111142716593e-01,-2.168634744004194204e-09,3.263337802457128012e-02
9.737947589517903069e+00,9.848792669499079055e-01,3.066060111226323603e-01,5.932504265615534678e-09,-1.378334862294732822e-02
9.739947989597919076e+00,9.848792665628793852e-01,3.066060111311926795e-01,1.422711279341903889e-08,-2.061339217775688681e-02
9.741948389677935083e+00,9.848792661688743344e-01,3.066060111399073751e-01,2.267123877519594544e-08,2.020131528074678787e-02
9.743948789757951090e+00,9.848792657700513598e-01,3.066060111487285966e-01,3.121862007793296812e-08,-1.121126483241032673e-02
9.745949189837967097e+00,9.848792653686768706e-01,3.066060111576062175e-01,3.982068433328045387e-08,2.308212483453571384e-02
9.747949589917983104e+00,9.848792649671249677e-01,3.066060111664878352e-01,4.842655060288691971e-08,-2.435136045165597549e-02
9.749949989997999111e+00,9.848792645678774438e-01,3.066060111753184381e-01,5.698303054413322855e-08,4.688553321134478202e-02
9.751950390078015118e+00,9.848792641735238940e-01,3.066060111840407942e-01,6.543462510721909098e-08,-2.265308522538729032e-03
9.753950790158031126e+00,9.848792637867614941e-01,3.066060111925952292e-01,7.372352986423358345e-08,3.257203845576348272e-03
9.755951190238047133e+00,9.848792634103954446e-01,3.066060112009197924e-01,8.178962487837004858e-08,-6.184166112584505576e-03
9.757951590318063140e+00,9.848792630473384158e-01,3.066060112089499246e-01,8.957048741597972707e-08,-1.396999760670871241e-03
9.759951990398079147e+00,9.848792627006108802e-01,3.066060112166189011e-01,9.700138409174385856e-08,2.787303362348925043e-04
9.761952390478095154e+00,9.848792623733410023e-01,3.066060112238574997e-01,1.040152736997423943e-07,-8.469937260086855130e-03
9.763952790558111161e+00,9.848792620687647492e-01,3.066060112305941665e-01,1.105428044934075871e-07,3.080074186471628769e-02
9.765953190638127168e+00,9.848792617902258906e-01,3.066060112367549051e-01,1.165123144908353225e-07,-5.657558303561827096e-02
9.767953590718143175e+00,9.848792615411757767e-01,3.066060112422634432e-01,1.218498358601660669e-07,-3.054413795979218568e-02
9.769953990798159182e+00,9.848792613251735606e-01,3.066060112470410104e-01,1.264790907007373733e-07,-9.574330135220490007e-03
9.771954390878175190e+00,9.848792611458859758e-01,3.066060112510065050e-01,1.303214953174425261e-07,-3.534723509762783666e-03
9.773954790958191197e+00,9.848792610070878917e-01,3.066060112540764382e-01,1.332961486744110857e-07,3.579348873295103151e-02
9.775955191038207204e+00,9.848792609126613140e-01,3.066060112561649897e-01,1.353198533504684775e-07,1.358929843098771219e-02
9.777955591118223211e+00,9.848792608665964954e-01,3.066060112571838414e-01,1.363070920856745971e-07,-2.298899741706130677e-04
9.779955991198239218e+00,9.848792608729912690e-01,3.066060112570423990e-01,1.361700424362677353e-07,-2.028868415059688346e-02
9.781956391278255225e+00,9.848792609360510486e-01,3.066060112556476258e-01,1.348185758864861583e-07,4.889138924436522982e-02
9.783956791358271232e+00,9.848792610600890507e-01,3.066060112529041537e-01,1.321602534909427362e-07,2.156091832752213971e-02
9.785957191438287239e+00,9.848792612495264054e-01,3.066060112487141165e-01,1.281003239317346498e-07,6.359051965629343439e-02
9.787957591518303246e+00,9.848792615038930442e-01,3.066060112430880058e-01,1.226488614003429234e-07,-3.744620001030857237e-02
9.789957991598319254e+00,9.848792618032374824e-01,3.066060112364670243e-01,1.162334563320488456e-07,4.291973594279999138e-02
9.791958391678335261e+00,9.848792621412257864e-01,3.066060112289913375e-01,1.089898548634060660e-07,-2.631206616245203821e-03
9.793958791758351268e+00,9.848792625136694179e-01,3.066060112207535937e-01,1.010078231888922318e-07,-2.146727978716468643e-02
9.795959191838367275e+00,9.848792629165022960e-01,3.066060112118436654e-01,9.237450401822222545e-08,3.088337150469210035e-03
9.797959591918383282e+00,9.848792633457815748e-01,3.066060112023488160e-01,8.317439811889038026e-08,2.861472645981992177e-03
9.799959991998399289e+00,9.848792637976868658e-01,3.066060111923535336e-01,7.348938271811711331e-08,-7.939042724412533752e-03
9.801960392078415296e+00,9.848792642685210152e-01,3.066060111819395306e-01,6.339869276783538510e-08,-3.635269321356403988e-02
9.803960792158431303e+00,9.848792647547092161e-01,3.066060111711859659e-01,5.297894228872834788e-08,-8.824342803460614656e-03
9.805961192238447310e+00,9.848792652527997848e-01,3.066060111601691118e-01,4.230410607930501499e-08,-3.217968221791360495e-02
9.807961592318463317e+00,9.848792657594637179e-01,3.066060111489626316e-01,3.144552943035172632e-08,2.140325315200322653e-03
9.809961992398479325e+00,9.848792662714950241e-01,3.066060111376374686e-01,2.047192174114975671e-08,-3.413519651484678979e-02
9.811962392478495332e+00,9.848792667858102812e-01,3.066060111262617904e-01,9.449365484526239811e-09,5.376534519662824578e-03
9.813962792558511339e+00,9.848792672994489683e-01,3.066060111149010448e-01,-1.558690870817613927e-09,-1.040768303516195412e-02
9.815963192638527346e+00,9.848792678095735775e-01,3.066060111036180702e-01,-1.249143552484177633e-08,2.376991319875552955e-02
9.817963592718543353e+00,9.848792683134690584e-01,3.066060110924728188e-01,-2.329068035655801339e-08,-1.980621255260342495e-02
9.819963992798559360e+00,9.848792688085433733e-01,3.066060110815226891e-01,-3.390087441323963446e-08,-3.404596967371431582e-02
9.821964392878575367e+00,9.848792692923274972e-01,3.066060110708223041e-01,-4.426910252264271151e-08,-3.535367084593087766e-02
9.823964792958591374e+00,9.848792697624748627e-01,3.066060110604235112e-01,-5.434507438506486210e-08,6.391659857255745612e-03
9.825965193038607381e+00,9.848792702167618041e-01,3.066060110503755487e-01,-6.408113334410714401e-08,9.829438292830804114e-02
9.827965593118623389e+00,9.848792706530877794e-01,3.066060110407248240e-01,-7.343226143818881724e-08,-3.480556193196531617e-02
9.829965993198639396e+00,9.848792710694747043e-01,3.066060110315151355e-01,-8.235606560602626303e-08,-1.597657214480063467e-02
9.831966393278655403e+00,9.848792714640673962e-01,3.066060110227874502e-01,-9.081278634637257596e-08,3.817406052362585372e-02
9.833966793358671410e+00,9.848792718351335740e-01,3.066060110145801820e-01,-9.876529807884004697e-08,1.594082494097239303e-02
9.835967193438687417e+00,9.848792721810637474e-01,3.066060110069288580e-01,-1.061791072842765971e-07,3.132858805100501715e-02
9.837967593518703424e+00,9.848792725003713278e-01,3.066060109998663408e-01,-1.130223536982555288e-07,7.163694974141568590e-03
9.839967993598719431e+00,9.848792727916922951e-01,3.066060109934228839e-01,-1.192658046211825251e-07,1.156278405014238286e-02
9.841968393678735438e+00,9.848792730537856421e-01,3.066060109876258544e-01,-1.248828632727239096e-07,6.807637870049178599e-04
9.843968793758751445e+00,9.848792732855332632e-01,3.066060109825000657e-01,-1.298495668766719291e-07,-2.849168541704960242e-02
9.845969193838767453e+00,9.848792734859395104e-01,3.066060109780674447e-01,-1.341445773073157710e-07,4.594204653999386066e-03
9.847969593918783460e+00,9.848792736541319703e-01,3.066060109743473650e-01,-1.377491974097200256e-07,-2.511616416569036059e-02
9.849969993998799467e+00,9.848792737893607985e-01,3.066060109713563131e-01,-1.406473565113142143e-07,1.488082964680821109e-02
9.851970394078815474e+00,9.848792738909991629e-01,3.066060109691082780e-01,-1.428256212188117047e-07,-6.907336126113493291e-02
9.853970794158831481e+00,9.848792739585426892e-01,3.066060109676143619e-01,-1.442731816514442045e-07,-5.298610343489141422e-02
9.855971194238847488e+00,9.848792739916101269e-01,3.066060109668829470e-01,-1.449818670118396824e-07,-4.894775164937455701e-03
9.857971594318863495e+00,9.848792739899430160e-01,3.066060109669198619e-01,-1.449461384250838591e-07,9.090902655954096910e-04
9.859971994398879502e+00,9.848792739534056873e-01,3.066060109677279932e-01,-1.441630879117639097e-07,4.462260835352940824e-02
9.861972394478895509e+00,9.848792738819852621e-01,3.066060109693076741e-01,-1.426324396369693659e-07,-2.219703858708639566e-02
9.863972794558911517e+00,9.848792737757916527e-01,3.066060109716564619e-01,-1.403565492164027262e-07,1.393893260455977140e-02
9.865973194638927524e+00,9.848792736350575616e-01,3.066060109747692497e-01,-1.373404037718906068e-07,-4.709088556420290561e-02
9.867973594718943531e+00,9.848792734601387044e-01,3.066060109786381549e-01,-1.335916269828985037e-07,5.737521226442346411e-02
9.869973994798959538e+00,9.848792732515132542e-01,3.066060109832525749e-01,-1.291204664854994633e-07,-6.735737304872134457e-02
9.871974394878975545e+00,9.848792730097827297e-01,3.066060109885991869e-01,-1.239398139951664035e-07,3.553294502054609588e-02
9.873974794958991552e+00,9.848792727356708854e-01,3.066060109946620038e-01,-1.180651807708432699e-07,-1.162436814226333257e-02
9.875975195039007559e+00,9.848792724300248214e-01,3.066060110014223183e-01,-1.115147212626954598e-07,-4.811117106316285807e-02
9.877975595119023566e+00,9.848792720938139844e-01,3.066060110088587032e-01,-1.043092122676725353e-07,-1.700788084664134683e-02
9.879975995199039573e+00,9.848792717281309450e-01,3.066060110169469555e-01,-9.647206936080898743e-08,1.911954564577589277e-02
9.881976395279055581e+00,9.848792713341910643e-01,3.066060110256601523e-01,-8.802933934570766894e-08,-6.716738300162308078e-03
9.883976795359071588e+00,9.848792709133323831e-01,3.066060110349687617e-01,-7.900969864471640847e-08,-2.432730339172107029e-02
9.885977195439087595e+00,9.848792704670158438e-01,3.066060110448404208e-01,-6.944445737899762605e-08,1.094703228455930428e-03
9.887977595519103602e+00,9.848792699968251796e-01,3.066060110552402129e-01,-5.936755764768264498e-08,-3.580195164459592638e-03
9.889977995599119609e+00,9.848792695044670253e-01,3.066060110661302240e-01,-4.881557477687259450e-08,1.942360595817175031e-02
9.891978395679135616e+00,9.848792689917706955e-01,3.066060110774700975e-01,-3.782771409999163836e-08,1.358523114418075731e-02
9.893978795759151623e+00,9.848792684606885173e-01,3.066060110892166457e-01,-2.644581689748015663e-08,-1.540558851323601923e-02
9.895979195839167630e+00,9.848792679132953864e-01,3.066060111013239609e-01,-1.471435129296594368e-08,-2.299046009606404636e-02
9.897979595919183637e+00,9.848792673517892116e-01,3.066060111137434707e-01,-2.680421912204522528e-09,-2.610680293083386758e-03
9.899979995999199645e+00,9.848792667784906918e-01,3.066060111264237165e-01,9.606235307213495389e-09,-7.621495863130699558e-03
9.901980396079215652e+00,9.848792661958432060e-01,3.066060111393107968e-01,2.209325497548597639e-08,2.853089635517078258e-03
9.903980796159231659e+00,9.848792656064130346e-01,3.066060111523479237e-01,3.472563761541813676e-08,-2.946664194461248373e-02
9.905981196239247666e+00,9.848792650128893600e-01,3.066060111654755338e-01,4.744575024528963070e-08,-6.494960545142344386e-04
9.907981596319263673e+00,9.848792644180841549e-01,3.066060111786315101e-01,6.019332787765563353e-08,-2.431954142761670254e-02
9.909981996399279680e+00,9.848792638249321829e-01,3.066060111917509046e-01,7.290547421323623212e-08,1.031688085931672071e-02
9.911982396479295687e+00,9.848792632364907762e-01,3.066060112047661601e-01,8.551666560996373789e-08,2.915732006174912017e-03
9.913982796559311694e+00,9.848792626559406127e-01,3.066060112176068331e-01,9.795873576190494703e-08,-9.981868380812370864e-03
9.915983196639327701e+00,9.848792620865846059e-01,3.066060112301999263e-01,1.101608980147439354e-07,-4.328353048127003139e-02
9.917983596719343709e+00,9.848792615318490151e-01,3.066060112424696116e-01,1.220497225784544781e-07,2.440135000747050906e-02
9.919983996799359716e+00,9.848792609952826682e-01,3.066060112543374516e-01,1.335491525700227555e-07,-2.509844821241103557e-02
9.921984396879375723e+00,9.848792604805569617e-01,3.066060112657222336e-01,1.445805044020254115e-07,-1.571875153409102790e-02
9.923984796959391730e+00,9.848792599914666379e-01,3.066060112765400247e-01,1.550624510737730333e-07,-5.898960760205189564e-03
9.925985197039407737e+00,9.848792595319288967e-01,3.066060112867041165e-01,1.649110410728571452e-07,6.500517042848668117e-03
9.927985597119423744e+00,9.848792591059837287e-01,3.066060112961252471e-01,1.740396911587005491e-07,-1.738027133137974231e-02
9.929985997199439751e+00,9.848792587177942481e-01,3.066060113047112679e-01,1.823591797289747518e-07,-1.679711857378851300e-02
9.931986397279455758e+00,9.848792583716460269e-01,3.066060113123673658e-01,1.897776604753431684e-07,-3.941607402337213295e-02
9.933986797359471765e+00,9.848792580719477607e-01,3.066060113189961744e-01,1.962006480893396798e-07,2.247094387808876159e-02
9.935987197439487772e+00,9.848792578232307138e-01,3.066060113244972740e-01,2.015310311964668699e-07,-1.596982105882068653e-02
9.937987597519503780e+00,9.848792576301490520e-01,3.066060113287679134e-01,2.056690635021674041e-07,-1.536040798185180078e-02
9.939987997599519787e+00,9.848792574974799541e-01,3.066060113317022884e-01,2.085123631812013656e-07,-5.570935531244540495e-02
9.941988397679535794e+00,9.848792574301231673e-01,3.066060113331920967e-01,2.099559210655410624e-07,-1.835038420935641845e-02
9.943988797759551801e+00,9.848792574331012295e-01,3.066060113331262049e-01,2.098920967863460163e-07,1.843871157321287299e-02
9.945989197839567808e+00,9.848792575115598025e-01,3.066060113313908153e-01,2.082106108081127616e-07,2.291680806244783541e-02
9.947989597919583815e+00,9.848792576707670055e-01,3.066060113278694654e-01,2.047985593056633746e-07,-2.949248551368919419e-02
9.949989997999599822e+00,9.848792579161139704e-01,3.066060113224428063e-01,1.995404024235369889e-07,-2.023500231987699141e-03
9.951990398079615829e+00,9.848792582531146200e-01,3.066060113149889910e-01,1.923179680229925026e-07,1.230415265182265884e-02
9.953990798159631836e+00,9.848792586299767171e-01,3.066060113066535475e-01,1.842412425678841004e-07,-3.911124683342789843e-02
9.955991198239647844e+00,9.848792589914772133e-01,3.066060112986577768e-01,1.764937394566068463e-07,-1.289309859902574434e-02
9.957991598319663851e+00,9.848792593381210381e-01,3.066060112909906876e-01,1.690646372065618408e-07,1.432176539505250479e-02
9.959991998399679858e+00,9.848792596704071256e-01,3.066060112836411222e-01,1.619432428989764361e-07,2.412388749923138898e-02
9.961992398479695865e+00,9.848792599888279709e-01,3.066060112765982004e-01,1.551190018378445501e-07,-3.953584443894266054e-02
9.963992798559711872e+00,9.848792602938701846e-01,3.066060112698512641e-01,1.485814850044064883e-07,-3.096425751612769117e-02
9.965993198639727879e+00,9.848792605860141602e-01,3.066060112633895440e-01,1.423203970785102968e-07,2.576384277066483611e-02
9.967993598719743886e+00,9.848792608657340741e-01,3.066060112572026597e-01,1.363255753283887373e-07,-1.342547558037827764e-02
9.969993998799759893e+00,9.848792611334981073e-01,3.066060112512802305e-01,1.305869864187680918e-07,5.684587562355407526e-03
9.971994398879775900e+00,9.848792613897681125e-01,3.066060112456119868e-01,1.250947319342277098e-07,-3.242777608103900033e-02
9.973994798959791908e+00,9.848792616349998363e-01,3.066060112401879367e-01,1.198390443268859684e-07,2.587203386655394580e-02
9.975995199039807915e+00,9.848792618696430301e-01,3.066060112349980327e-01,1.148102850567767064e-07,6.422228392980571139e-03
9.977995599119823922e+00,9.848792620941411169e-01,3.066060112300325602e-01,1.099989508368537372e-07,3.205942296438225175e-02
9.979995999199839929e+00,9.848792623089314135e-01,3.066060112252818048e-01,1.053956691643431753e-07,-2.694400992935305772e-02
9.981996399279855936e+00,9.848792625144453527e-01,3.066060112207362187e-01,1.009911940463847912e-07,-1.704557840141661049e-02
9.983996799359871943e+00,9.848792627111077058e-01,3.066060112163864204e-01,9.677642157090993180e-08,-3.392422226276031044e-02
9.985997199439887950e+00,9.848792628993375819e-01,3.066060112122230841e-01,9.274237000589380386e-08,-3.439618777347622225e-02
9.987997599519903957e+00,9.848792630795476510e-01,3.066060112082372169e-01,8.888019500941091167e-08,-3.697446947976707615e-02
9.989997999599919964e+00,9.848792632521445878e-01,3.066060112044196595e-01,8.518118102540661596e-08,3.061906656797315734e-04
9.991998399679935972e+00,9.848792634175288496e-01,3.066060112007616967e-01,8.163674550254462758e-08,-2.737542268862502501e-02
9.993998799759951979e+00,9.848792635760947878e-01,3.066060111972545021e-01,7.823843714560574369e-08,-5.318965530104486500e-03
9.995999199839967986e+00,9.848792637282305362e-01,3.066060111938895272e-01,7.497793724775547730e-08,-2.230090518960552853e-02
9.997999599919983993e+00,9.848792638743181227e-01,3.066060111906583341e-01,7.184705883012121319e-08,3.799136463234068124e-03
1.000000000000000000e+01,9.848792640147334687e-01,3.066060111875525962e-01,6.883774505972439783e-08,1.560129087721020408e-02
