r,Q,R,temperature,E_r
8.144886973076098931e-06,5.893977097482666481e-13,1.849170337284143265e-05,2.388698517886724915e+02,7.317459582521226257e+05
6.447036682716463387e-07,2.405973851667439804e-13,4.586232541570213191e-05,2.501498315731473099e+02,4.511080191296532576e+02
1.327151712530880638e-07,9.204794574976058579e-14,2.918603936657038228e-05,3.678916571263862920e+02,1.180976993085601862e+03
1.120941392828577976e-07,2.285684405656914055e-13,3.404883572171239059e-05,3.338278792533712362e+02,1.261276804162858298e+03
2.753028565072984500e-05,4.693723507898995175e-13,1.855260212050727713e-05,2.344972231712381472e+02,5.566044655181600712e+06
5.473520283788638343e-05,1.847065318661607692e-14,2.025595761486970325e-05,3.426084334539795009e+02,5.541143643373750092e+04
6.605524798050306206e-06,2.236705185171338565e-13,2.128789444389683191e-05,3.558023503021279907e+02,3.566286034738223534e+05
1.543439757117906759e-05,1.275777526685188473e-13,9.223748068645946238e-06,2.940191366442938943e+02,4.813336231939689256e+06
4.274398161693904318e-06,1.850536680649552614e-13,2.103655275473243768e-05,2.446253923165442643e+02,1.227704976480476034e+04
6.385828802382959685e-05,3.316679686319824864e-14,4.710240858565934905e-05,2.756044322562098046e+02,7.310037526920902019e+04
2.802597061804129686e-05,6.754728372112040768e-13,3.141824086491497786e-05,3.882312518347069386e+02,2.162705142771734390e+06
1.019096946938244392e-07,1.043889109410205536e-13,1.178230563238062181e-05,2.486790312808599595e+02,1.569805699364997054e+03
3.734331170867692088e-05,1.405510125073359225e-13,2.685451467299582528e-05,3.566359284949933226e+02,9.058555246444105869e+05
1.261120908119562212e-07,1.578532232042520781e-13,9.505564829457729292e-06,3.106314951019209616e+02,3.644830280108846637e+04
1.545134676685523922e-05,2.582198296187202711e-14,4.859674865697732735e-05,3.866442637550445625e+02,9.392286098870514252e+03
3.364858933419805480e-07,2.049940180768955246e-14,8.427318975479514338e-06,3.886839961365075737e+02,3.049517469611111301e+04
3.886303977238025794e-05,1.807885548697366170e-13,3.693952695139593641e-05,3.976454158170951700e+02,1.075840817637190223e+06
4.210984673528853268e-06,2.512326956861496001e-14,3.831082642152208067e-05,3.438233783119061400e+02,3.942157360668451474e+03
7.927489429502102705e-07,1.980088581659861770e-14,7.685868909485754920e-06,2.924417430304315531e+02,4.303996457129719056e+04
1.853794817028583638e-06,1.363196870856887784e-13,2.104239032922517214e-05,3.347442045778882971e+02,5.321032783652764192e+04
1.216071228447183280e-07,8.554123157268512689e-13,8.296653509134310975e-06,2.495567879480520048e+02,5.739797957456097356e+04
2.359662167270628794e-07,5.688856833545818832e-13,3.796260247632159872e-05,2.663351101865532087e+02,1.677377203781748676e+03
1.027716298605700005e-05,1.021796715060890964e-13,1.272914575920978920e-05,3.726563033858906238e+02,1.606913526440429501e+06
8.741149231878366828e-06,2.673865335521226081e-13,5.473885122692591143e-06,2.348296646378051662e+02,3.145234855664313212e+07
7.017062333532983374e-06,2.812240681185245203e-14,1.475823089058140218e-05,3.705401330513644211e+02,1.598002607313405024e+05
1.415900264173898588e-06,2.885265555955741723e-14,9.488488156464093269e-06,3.040817110262752294e+02,7.023507248516306572e+04
9.809114575979519088e-05,1.375301029282675107e-13,3.635834799949625779e-05,3.994877324466451682e+02,1.284661685369139886e+05
8.760038529257071756e-05,5.533523654508160915e-13,2.875559957673005999e-05,2.971434565476502030e+02,6.480975153423113516e+05
1.139268142826557042e-05,7.848983606288605874e-13,1.385913522411034371e-05,2.202804289227660206e+02,1.996882629318841919e+07
8.940829824479018089e-06,5.528551677966520964e-13,3.835108841781243176e-05,2.893504599678756790e+02,1.057084138556305988e+05
1.162358756614588446e-05,2.753100255336348026e-14,2.852179932487101236e-05,2.711598905992324262e+02,1.150702009583176186e+04
1.468129184420336668e-06,6.837812082476322230e-13,6.421138461860290594e-06,3.348873412724144032e+02,1.876096964123167098e+07
2.542667166734331329e-07,2.609516605953346125e-14,3.764975078916300220e-05,2.698291772219695304e+02,9.502302387059756938e+01
1.460377121424720214e-05,1.709375946970185058e-13,4.637920028777572169e-05,3.120773285864287914e+02,4.115734191541642940e+04
3.767584204208893169e-06,3.746419656330406568e-13,6.102912202367992246e-06,3.057298349465551155e+02,3.987871410983849317e+07
8.525613229431751939e-07,3.630726669701039565e-14,2.211962112782868116e-05,3.224288129481092255e+02,5.057472571007154329e+03
2.867517496595076658e-06,2.626201578526359665e-13,2.790559093596669578e-05,3.705435482988887657e+02,8.469508334507251857e+04
4.660832579588586631e-05,1.079465826514884338e-13,2.186295002987757657e-05,3.556738968726219241e+02,4.466141826002270682e+05
6.340602795967061230e-05,2.034233549608798335e-13,2.439586716667745375e-05,3.048814223760753066e+02,4.547684581416698056e+05
1.184092390420855253e-06,3.097655676727881120e-13,5.712457493157851166e-06,2.466735954062700671e+02,6.320986641344599426e+06
5.183098856911579038e-06,6.416190125724304132e-14,3.942634037823921684e-05,3.232708999007649595e+02,9.713868635853577871e+03
9.238642740866004978e-07,1.771701611630325392e-13,1.525646352521354896e-05,3.555497554741266413e+02,1.037309348561517836e+05
6.065967660121744922e-06,1.824965576623428253e-13,9.785000990897470274e-06,3.895476127368070252e+02,4.269087235935738310e+06
1.032128277079200348e-06,2.163562534819535460e-14,7.066041399383109317e-06,2.958958422272389726e+02,8.343251642715945491e+04
1.495743077634259770e-06,4.924322092490860270e-14,1.453199102369572416e-05,3.237380893553665828e+02,4.306668149036485556e+04
4.686224130787789463e-05,1.464655962908590779e-14,1.234005508833995874e-05,3.285385461324376593e+02,5.994322854267578805e+04
4.802559792604232037e-07,3.265261435054376890e-13,2.874988647127102806e-05,2.485532371986942337e+02,1.570580598300133715e+03
7.405620178316891132e-06,1.401765916950195806e-13,1.210018140865791431e-05,3.813686812245940132e+02,1.783640397127001546e+06
1.786676934190881261e-07,5.764402870211792574e-14,1.481847707063160337e-05,3.091544748710933277e+02,4.895114575719618188e+03
3.147258701572946819e-05,1.152623007934758316e-14,1.860026263752358444e-05,2.142175826150260605e+02,1.045858708221184497e+05
2.297708455650925577e-05,1.281688650214832894e-13,1.095793067512455549e-05,2.709256543553364054e+02,2.181942551877941936e+06
5.225265100290886999e-07,1.212849097039235651e-13,1.043899134373621898e-05,3.357752859869355575e+02,1.100544546613216080e+05
4.260422723978781232e-05,8.267115916433121463e-14,1.050413070695885500e-05,2.211666651846811078e+02,4.093542093456932926e+05
1.498663411089493676e-07,4.525710081690387096e-13,2.449202876075275693e-05,3.906630118305947121e+02,1.230933049409403975e+04
1.019415380234412585e-06,1.064354465216632262e-14,1.424859117178375333e-05,3.874790918631052818e+02,9.885041224838605558e+03
2.823829043418501268e-07,6.995699731988549114e-13,1.868191803924948818e-05,3.898257719810845288e+02,8.052272033608958009e+04
2.243975443258289985e-06,8.859870647082400959e-13,4.802963557909408550e-05,3.459202166875986677e+02,3.801457221905970073e+04
2.448909922295037077e-05,1.990044106739786677e-14,8.527549679456453765e-06,3.601206314083826214e+02,2.982412416157470434e+05
4.919564137951560743e-07,5.512019123368202543e-13,5.842412351835741761e-06,2.369510405710191492e+02,2.769474743201860227e+06
1.432398650543836089e-07,1.696235371498242005e-13,8.579972849555090434e-06,2.450692746814672205e+02,5.593654613705170050e+03
1.635518720299772569e-06,6.618485980413185546e-13,2.518179952014695851e-05,3.133803555141978450e+02,1.101214924174393382e+05
3.940389322146107695e-07,3.120381083501025419e-13,2.843012580041106373e-05,2.640419447444755860e+02,3.368720055736785980e+03
1.871798680789847472e-07,2.133698334284463894e-13,7.737257602302738638e-06,2.129144691382252006e+02,-7.427169746788304474e+04
5.508040919108854241e-06,3.666195508358511149e-13,1.209647265603677568e-05,3.646908430387155136e+02,3.598444904868850019e+06
7.872060052107820643e-07,3.656849523805648198e-14,1.336252849051448207e-05,3.958424777001558255e+02,3.287464986168704490e+04
1.037491706819629909e-05,9.902018320141304146e-14,1.294764146543113161e-05,3.071040933987945891e+02,1.000839336993953446e+06
3.967768560798431392e-07,9.519301070100069226e-14,2.546659579480520819e-05,3.285759748668583597e+02,4.262442699938718761e+03
6.704082213879613715e-05,2.079304706667616717e-14,4.687154739730495299e-05,2.858187746899085937e+02,4.158053681907491409e+04
1.245462066868818436e-06,2.873635004105579884e-14,8.229640990065662613e-06,2.094523750104040971e+02,-6.449287865433441766e+04
2.072458480638210536e-07,1.076718646145996498e-14,1.495615128307500270e-05,2.946989503970025908e+02,8.559755321587533672e+02
7.714796141841601454e-06,5.847071897348420172e-13,1.526873399999444824e-05,2.975943020500402554e+02,3.510848788594226819e+06
6.045937581669279373e-05,1.238699992859878930e-14,7.544243562400970958e-06,3.984699067873987701e+02,3.045716212040355458e+04
2.094746455111589065e-06,1.537628044402003574e-14,1.641732858901054956e-05,2.830868400925205037e+02,7.697445475210635777e+03
7.307544707911351790e-05,2.490010463336149821e-13,8.379947377351141142e-06,2.391488078113666802e+02,4.190914765248801559e+05
3.160002608104065155e-06,5.372484696712440158e-13,1.897345934745921862e-05,2.455134930615622295e+02,6.377614020817901473e+04
1.886626257594488090e-06,2.475894886643062554e-13,1.017874617500626037e-05,3.924408467571751657e+02,1.236279391015405767e+06
7.255049101460311710e-06,2.663304119537356315e-13,1.031519889305506143e-05,3.044956507747179444e+02,6.942837276096117683e+06
9.666950965866026482e-05,5.590293683478534084e-14,1.514912104918915257e-05,2.469882783518849578e+02,5.376581221434370673e+04
7.027988218939147994e-05,3.693825065607172604e-13,4.389936108838196068e-05,3.995280767773124353e+02,6.721479721539419843e+05
2.399581018859058947e-06,3.517344062334111773e-13,3.821836307433697889e-05,2.049633837773090761e+02,-1.788000983371057009e+04
1.875800019010476344e-05,5.242200550001307068e-14,2.340871224313819307e-05,2.528976298804023770e+02,3.338554345683868451e+04
3.106476599210291340e-06,6.983478063067286097e-13,4.901225862277189098e-05,3.671580182947857338e+02,4.417499054497916222e+04
3.872010092072568830e-06,8.208746769072883204e-14,1.108326500393011972e-05,2.680653307335359727e+02,1.924373563917022839e+05
2.276968917305915115e-05,2.214566993940672154e-13,5.467588501625250573e-06,3.131264033698826097e+02,3.839062981136561371e+06
1.753749450934068396e-06,6.343096352739112588e-14,1.135417740391210704e-05,2.200411721454669589e+02,-4.700018707671274024e+04
1.597536227064600927e-05,1.403685319038181893e-13,1.415670192809236611e-05,2.395166120339099791e+02,4.943322508641519584e+06
1.359654717817366124e-05,1.486634818277049390e-14,1.532118637692770317e-05,3.289519853498533166e+02,1.356837174210687517e+05
6.254305049455558614e-05,6.939335698690304384e-14,3.385432514244861443e-05,2.581234951907616733e+02,1.594448132457792235e+05
2.212065079354179651e-07,3.355010824186474765e-13,1.027906607183547839e-05,2.558200415049691685e+02,2.967251166638021095e+04
1.538315270586063991e-05,4.761911981558850363e-13,1.650357145848278280e-05,2.838050147204486962e+02,7.345491064598047175e+06
6.057198217500780779e-05,4.806104491365797522e-14,3.597743006840600902e-05,2.527484393982270490e+02,1.177335543095074245e+05
8.012694224409807849e-05,1.287388396083025809e-14,7.612316810089418452e-06,2.346624262354184225e+02,1.802200347400892497e+04
1.106926831967969471e-07,2.175421673324460237e-14,4.056243587581244902e-05,3.310221141719077877e+02,6.859436344715373934e+01
3.898704063664029087e-05,3.681221504743754643e-14,6.854871232795195424e-06,2.843097070992008639e+02,2.176717291582801845e+05
8.781831910631323745e-05,9.764950515775881452e-14,2.460926158399607950e-05,2.654554086276613134e+02,1.138021389278714050e+05
7.440986880783409172e-05,3.359802311941799049e-14,4.463875055445643751e-05,2.805443946937964483e+02,5.453850955976435944e+04
2.794422289092672654e-07,5.504967076256216231e-14,2.023272632054709438e-05,3.636923316675633373e+02,4.367416466040418527e+03
8.277257032024991541e-05,1.082278062592342342e-14,2.420664809900568415e-05,2.520782396963183487e+02,1.419765409214527790e+04
4.675269681663634953e-05,6.734490937726415752e-14,2.927419678379976332e-05,3.653324091593379990e+02,2.769121788648955408e+05
2.931713201374791912e-05,2.470825815232549240e-13,8.714892228687867365e-06,2.579687534413566823e+02,2.583745797695863526e+06
2.753998956869598159e-06,7.903296909531204952e-14,6.287049088172900057e-06,2.813220306806725830e+02,1.658681449933646247e+06
4.978732110473153119e-07,2.443653380144643999e-14,1.366877898245904833e-05,3.955172791327015602e+02,1.295578908813117414e+04
2.544730154631357982e-05,7.255273282752110432e-13,1.900255137546852556e-05,2.695371458028602660e+02,1.006980177662609704e+07
5.896448087486737787e-05,2.335896280248236060e-14,9.307735037334830206e-06,3.740810005284229760e+02,6.038418578951463860e+04
6.286237960711252830e-07,5.453228411438596080e-13,5.530574076079736737e-06,3.822005957883645237e+02,7.649255486800372601e+06
4.138121356739468440e-06,2.406123722548453511e-14,3.440860636796918214e-05,2.570902027718368572e+02,1.128176893258736527e+03
2.129406066117047331e-06,2.003566684264024468e-14,2.818826806573847938e-05,2.203228444582122449e+02,-1.178160179204386623e+03
6.209433036483197256e-05,9.451800328024766815e-14,4.417711698328583844e-05,3.516553994552437530e+02,2.203237226384680253e+05
1.322915587268277115e-07,2.092255727288967202e-13,7.123685129442096807e-06,3.563950662611675284e+02,1.731331041470721830e+05
1.570430014283622441e-05,8.052937729681832235e-14,5.399036029326360562e-06,2.108213700495808496e+02,2.934727524426518008e+06
6.968186099181995319e-06,1.038256820692486768e-13,2.740492166101528607e-05,3.159704999605218632e+02,5.959916914715366147e+04
1.216455133097966986e-07,1.765759063746808171e-13,3.675439315227684820e-05,2.684181525014024601e+02,3.166595260086043595e+02
1.437670357890003518e-05,9.260945026901094086e-14,8.338739039205182870e-06,3.560525252025297505e+02,4.027052464190441184e+06
1.116799442728706847e-07,8.198024440357579816e-13,1.192114247763856535e-05,3.287579017498411531e+02,1.009798884484184091e+05
1.878680843854605310e-05,2.007435699725170131e-14,3.519269221952253126e-05,2.474471697586450318e+02,1.955548599628131342e+03
3.453632875681429737e-06,6.062850768830813789e-14,5.133948209719955088e-06,2.237783311279135603e+02,4.871770280599890277e+06
6.127914009496786046e-05,1.800743325855295638e-14,9.248044187453607849e-06,2.032151666778548247e+02,4.309998384413419990e+04
1.578510554798877234e-07,2.483786925805422406e-14,6.741162836759523655e-06,3.624796395883772107e+02,2.990421355608170416e+04
3.341579814632980767e-05,1.738112400416057332e-13,4.434236725545310284e-05,3.707699535827384807e+02,1.903315480501037091e+05
1.585148763648332507e-07,5.408805269362114206e-13,5.537146161153863480e-06,2.947656435151272376e+02,7.628956233345366782e+05
1.078772672630003541e-06,5.123249901229645883e-14,1.704948150491494870e-05,3.631111496845722968e+02,2.617217337651348134e+04
1.953872389477071133e-06,5.122948521013313830e-13,2.517046637367856203e-05,2.902451564371522750e+02,7.550159756776651193e+04
7.910177744387426597e-05,5.758161868879899053e-14,1.493260218756175349e-05,3.578606171035903571e+02,8.271075837429163221e+04
4.860663169200994583e-06,2.621776780096531595e-13,9.156774276067157440e-06,3.132146512232509963e+02,5.796460648358206265e+06
5.978521281349039861e-07,1.666668702838499504e-14,1.071091421862815786e-05,2.803578116841597989e+02,8.078345446923902273e+03
5.309176241739294831e-07,1.268798389863261456e-13,8.360945985676273767e-06,2.090196342211010290e+02,-1.142630905172626663e+05
4.616947774551641726e-05,1.194750920740050857e-14,3.578446244864582569e-05,2.609494445724575371e+02,5.037534903662514262e+04
4.760014604973907991e-07,1.931367152407922523e-14,5.032735922756525548e-06,3.718910588215207440e+02,1.775018905903392588e+05
2.364090607265268822e-07,4.060950210494391249e-14,6.680686123899480381e-06,3.149697099000250091e+02,5.303055426609953429e+04
7.328114914494660336e-07,1.253357310793187343e-14,3.678021303612778433e-05,3.280767120126140526e+02,3.426645102861609757e+02
5.732831728445658218e-06,5.556712413771747618e-13,4.786788039703762215e-05,2.845408524012264593e+02,3.159314570112230649e+04
4.594851779727481376e-06,4.391515575085528196e-13,1.385862365442493547e-05,2.686661365368642009e+02,1.091836069843611214e+06
2.686162783707023819e-05,7.305457700833746903e-13,2.967958412570286656e-05,3.791576622292047318e+02,2.702423281144583598e+06
4.802063028681257032e-06,2.814869005888079674e-14,3.837993662324104218e-05,3.597601821033816236e+02,5.528601956111395339e+03
7.332695374778800694e-07,7.803186045481727788e-14,3.315795860367842497e-05,2.877169773823392802e+02,1.799913346650477251e+03
1.732562970156888367e-06,4.149172597014765821e-13,1.316673976831331063e-05,2.902077758687719324e+02,4.089113492723137024e+05
2.846839040255842824e-05,3.567621585191496033e-14,3.788172042903896740e-05,3.597427426667157988e+02,5.028482330218303832e+04
7.577385581770245780e-06,1.970937447121001233e-13,1.437767914559780330e-05,2.616838571962005062e+02,5.112057513654151699e+05
7.537597243841408375e-05,4.903618366486861691e-14,2.465270330868021915e-05,2.542626783844901013e+02,7.757136348414470558e+04
1.282960345867311845e-06,5.672690391937319374e-14,4.831726022860531854e-05,3.968871181433698894e+02,1.763659889024183030e+03
4.548147403738956442e-06,2.242565085323043237e-13,1.117008650156426969e-05,2.790226877082760666e+02,1.182184277810595697e+06
6.050240032290987643e-06,7.562805199130614616e-13,1.193030930416775384e-05,2.227822198818130062e+02,1.213880381774860434e+07
3.506498236557965852e-05,4.168081436269356863e-13,2.730132903360113462e-05,3.746121068915061301e+02,3.046769254051622935e+06
2.731622080309764792e-07,4.966964583063134783e-14,2.853269844305604305e-05,3.449073483098328552e+02,1.228303952489064159e+03
1.657795705413891869e-06,1.375409785614809986e-14,6.088116999216487788e-06,2.893183037796169970e+02,1.228553295132020867e+05
5.368795786727682530e-05,8.669179326433901069e-13,8.172217252324827589e-06,2.081315776995680267e+02,2.703179187376501970e+06
1.346482352330316624e-07,4.791237481796164603e-14,1.273987316596387918e-05,2.717616128684027217e+02,2.521131561492508808e+03
2.938453621776210945e-05,2.745924677391194115e-13,1.294136414134742298e-05,3.840941072386585802e+02,2.858258852928597480e+06
1.762593288522901256e-06,1.302416774731685844e-14,6.722940833984883150e-06,3.987165656534382379e+02,2.123840183205844369e+05
3.086113936902834342e-05,1.055766709029081354e-14,7.042581682711381854e-06,3.316587784584829137e+02,9.963104147346883838e+04
1.071183026511675668e-07,1.919489012473233375e-13,9.790135356815345033e-06,2.808333134432330098e+02,2.203915109394447791e+04
1.244911484164829943e-06,5.349970879867268022e-13,2.896720493004993526e-05,3.138169919905548682e+02,4.460179508241242729e+04
1.721432949777814454e-07,7.332037693682036853e-14,1.588303136926956483e-05,2.956453380727655258e+02,4.099189441197644555e+03
9.074939303745662675e-06,1.882422959273205704e-13,8.687008351303196626e-06,3.999065527511822324e+02,2.054378074896472320e+07
6.630515517775631823e-07,2.546066849220291370e-13,7.881266569564126059e-06,2.505040243190244666e+02,1.606729843217766611e+05
1.282201297367489442e-05,5.001412487923108955e-13,5.804435591104606771e-06,2.912684843405115203e+02,2.734203711726414785e+07
6.782726116930009393e-05,1.519975186751579160e-14,1.428071573725598959e-05,2.691977400678826484e+02,2.969467353135796293e+04
2.401327015349001656e-07,1.172377928598278743e-13,4.842812698612918352e-05,2.416620294685978365e+02,1.178603265039208736e+01
3.929478222345730615e-05,7.666330399189117570e-14,9.373747646010902130e-06,2.812898172810943720e+02,4.462398780444263830e+05
1.507969142928541003e-07,4.791982173070021011e-14,2.132014208609439823e-05,3.027096057629249799e+02,1.067970265182685353e+03
1.387750923246899763e-06,5.512993513479063071e-14,1.452685941708547859e-05,2.469457159818523451e+02,4.891001456768797652e+03
1.946803792184557819e-06,6.774774121724407464e-14,1.768543720956420429e-05,2.114631882538200216e+02,-2.229217005688432982e+04
2.927848768822498671e-06,2.208334499879122480e-14,8.383329754293736622e-06,3.444963850224975772e+02,2.394189177958578803e+05
8.499374504585807460e-05,5.338223863943889052e-13,2.962521323394225783e-05,3.125521913685358868e+02,6.641611517152959714e+05
2.123604144750666943e-05,3.780716818940602452e-14,2.765312201621343517e-05,2.096771182575989201e+02,-4.444695736264522566e+04
8.444463991889709145e-07,6.301509615371802161e-14,2.887161389115048085e-05,2.563964891026001851e+02,9.778399801285131616e+02
6.449266990763334795e-07,1.477816662155684656e-13,1.869509486494798229e-05,2.774911810570950479e+02,1.363327934527505931e+04
3.884727970469172264e-05,2.357716639026831575e-13,6.096451115503205976e-06,2.572078411003089400e+02,1.404174240404168144e+06
4.404752575928973571e-05,9.573340519116522978e-14,3.302191246854261996e-05,2.525031668697463374e+02,4.434769875000609318e+05
3.405018819773420050e-06,7.678403996068189177e-14,5.166360103307748249e-06,3.723951704444763777e+02,8.261066240604983643e+06
1.078666504396200912e-06,5.411047984678379797e-14,8.725610722483764740e-06,2.788665743554613528e+02,8.579925572461563570e+04
9.654994806006483420e-05,1.019163488817667934e-13,1.280861075177523780e-05,2.493428121560574766e+02,9.826308304648826015e+04
8.868101110142553166e-07,2.928185664837034068e-14,1.012094218855196657e-05,3.167866991039649065e+02,4.208371799358612043e+04
3.532947117350684252e-07,1.097788690137273902e-14,1.578094607902445632e-05,2.482989545633508897e+02,2.280765757506326281e+02
4.368118020716363510e-05,6.765731572935021947e-13,1.172735232736911760e-05,2.414057417970593065e+02,3.186960302852412686e+06
2.735307739669661647e-05,2.382634729688646936e-14,1.073569828595723617e-05,2.045772175746227788e+02,2.862171793815045385e+05
1.008482152442498198e-05,6.324842966507788246e-14,9.168596199878546868e-06,3.783146569586915575e+02,5.589383804496729746e+06
7.503102775379126999e-05,1.194312702981292295e-13,5.901845699684078042e-06,3.277841645343051482e+02,1.906719812309407862e+05
5.986096747501625100e-05,4.696446831343662008e-14,1.359136868947853829e-05,3.025762481715534022e+02,1.177965483645279455e+05
1.756893798674358310e-05,7.175359401273766145e-14,5.373505747701435690e-06,2.684081031547035536e+02,2.089311802183295367e+06
3.820359466778842065e-05,6.087686890354986827e-14,6.080875670752820572e-06,3.277190463449427966e+02,3.748818963948061573e+05
5.513663036201162909e-07,8.056828961216519085e-14,7.552685178576772620e-06,3.729058827341464166e+02,2.549805928280834632e+05
2.653014787639166627e-07,3.445288642947341858e-13,1.045125462146547322e-05,3.489877975141076831e+02,1.731967477451913874e+05
1.023730277315098618e-05,1.115454462254445835e-13,4.743940093217789700e-05,2.024525650563652732e+02,-1.390257239324730108e+04
1.392693696612780971e-05,5.484303148324627224e-13,3.120257724902711946e-05,2.305218905604608040e+02,-3.982456716310488991e+04
3.170726529243399549e-07,2.229947582079491429e-13,5.247509285606108676e-06,3.256939332751908296e+02,9.690647294183743652e+05
1.536992751339856645e-06,1.076602834584118163e-13,2.708124055460561707e-05,3.221052640539206777e+02,1.469717254485546800e+04
5.379814469278216535e-05,4.627376303835514830e-14,7.363527450164265247e-06,2.678917021136628023e+02,1.436980382809184957e+05
4.832838724575611397e-06,1.427817028621697630e-14,7.258425281268884204e-06,3.514286352238319751e+02,4.565836145171709941e+05
5.432600193686335173e-06,4.224373966377954350e-14,2.935665824367626593e-05,2.198341213482754597e+02,-5.810182401969419516e+03
3.822868142338800913e-07,1.752407957182357237e-13,7.922903333138920292e-06,2.679186378275858260e+02,1.001292437328056694e+05
3.785007512735576445e-06,9.740383041799563230e-14,1.335996808441859843e-05,3.450499830062275919e+02,3.355490258307564072e+05
3.717955455174816276e-06,1.832612323201950748e-14,1.889385905002422425e-05,2.568668648557935512e+02,4.640904224792175228e+03
1.848446651222982839e-07,1.385933331094606657e-13,2.741760705888860263e-05,2.873765886154215536e+02,1.416729036980632145e+03
8.827303919528301911e-05,3.843044102758077616e-14,2.589020068194885661e-05,2.810977462852201256e+02,4.432715190436501871e+04
5.178295160170874768e-06,3.444939452623121490e-14,1.199580364108874233e-05,2.352152527241790949e+02,-1.297907133026301744e+04
1.045265576224834951e-07,4.146235352027990037e-14,1.633839910480847543e-05,2.635351796824433563e+02,6.135423118848397053e+02
2.079445793084683833e-05,2.366034792113530602e-13,1.005219568933892754e-05,3.815185494487232063e+02,4.917864261318065226e+06
8.605916768523372404e-05,2.128175209283458648e-13,2.362341971306627068e-05,3.197068797187498035e+02,2.582639060749954951e+05
5.883152213834247021e-06,1.475553779962406395e-14,1.320821659453630216e-05,2.020060821977937735e+02,-5.172016164526715875e+04
9.100073683930348436e-07,2.604932872722822306e-14,3.158037669650133616e-05,2.665029651451899326e+02,5.176042493051855899e+02
3.651935909553800576e-07,1.575990326418734524e-13,4.997019823464503920e-05,3.632076056288734662e+02,1.081783381599489758e+03
1.041309670757884485e-05,1.493012789306771270e-14,1.168248100105388015e-05,2.894128437380127821e+02,1.715184955176826334e+05
3.848772097283966951e-07,3.348642820037748930e-13,1.256554195995692242e-05,2.331443079354704082e+02,-1.269560624047284364e+04
5.408336157718343374e-06,3.057004324619201642e-13,3.216079854624392438e-05,2.521622155898557196e+02,1.690105069862745586e+04
6.407926610148063747e-06,2.282286141771110115e-14,1.010114793431348962e-05,2.379352181287496819e+02,-2.149845034596393816e+03
7.713816072431962847e-05,9.390670375138785625e-13,1.032226273597214423e-05,3.677883565146877913e+02,1.418432443062743405e+06
1.647387614771515365e-07,4.152269592704787830e-13,1.732366705699602496e-05,2.669075490141925115e+02,9.173374893938696914e+03
3.161684069357876359e-06,1.711547118150959441e-14,1.173167890202005410e-05,2.029288266249608910e+02,-4.313589357768595073e+04
1.707231588679691595e-05,6.054470796155015518e-13,6.458275278440323263e-06,2.915226416412143067e+02,1.866989740205964074e+07
3.401576334896443224e-07,3.795385403925215245e-14,9.861044658026828192e-06,2.007638232705768075e+02,-1.819111636001801890e+04
1.459486880286217740e-06,8.859976796386372080e-14,4.974759471508317943e-05,2.192800354192890211e+02,-6.863160721188585285e+02
1.544139367534942799e-07,1.898146005427946213e-14,1.384643276098963046e-05,3.676552662218001615e+02,2.650476308629786217e+03
1.505367693036831484e-05,7.833774378877276090e-14,3.526461451992562079e-05,2.578335291259717224e+02,1.359344436067774586e+04
1.833596031268164341e-07,4.360592086714397830e-13,6.711790783537051047e-06,3.344622830232535193e+02,5.281196404487260152e+05
1.532057711188982716e-06,1.352501250228846663e-13,1.383967697181421574e-05,3.087341852059926168e+02,1.211502773091916024e+05
4.174148479298551940e-05,1.407095193207005705e-14,6.485445314085478791e-06,3.699348852289026581e+02,7.258356766469447757e+04
2.611566026244458277e-06,4.363761240533236985e-14,2.654588927758724475e-05,3.346567263018944800e+02,1.194796035231883252e+04
5.468469584514415330e-05,1.222365777278543118e-13,1.067567346056989223e-05,3.337726358520927761e+02,3.673839666232055170e+05
1.984958143135837091e-05,7.814329075626248078e-14,3.972714317608772662e-05,3.654620033317405614e+02,6.312293051229997945e+04
5.571496734811255788e-05,9.247645297908387886e-14,1.134152921642086765e-05,3.736784619221428443e+02,2.677552662088807556e+05
2.411065602072986431e-07,9.703173623954250052e-13,4.957160223726138614e-05,2.223068765062158718e+02,-1.056767908332963088e+03
1.662220813364527566e-07,9.742278859916870411e-14,1.615915741484949539e-05,3.342750464681049039e+02,7.483574333747244964e+03
1.625469259780678843e-07,9.175596172597763309e-13,4.739400090146193655e-05,3.476207455272092943e+02,2.998763862572307971e+03
4.041688913275610315e-05,1.308958489506390631e-14,1.332122820380498916e-05,2.425422005138104282e+02,7.201960355809630710e+04
7.983805313157973986e-06,5.935182864402835897e-13,1.021683446862148951e-05,3.639546715950382918e+02,2.843172043435338885e+07
3.088268711155964853e-06,6.804895825993475094e-14,3.077899899659193431e-05,2.934530964015040126e+02,9.104187500023526809e+03
3.094783327988553280e-07,5.223710959223458747e-13,1.176454137652990374e-05,2.276882067625369928e+02,-3.515706652473134454e+04
1.050026629313997187e-05,6.913395435220312646e-13,1.081398616949049671e-05,3.139431589922837702e+02,4.504805265655741096e+07
8.996056275579275916e-07,1.205335733425375910e-13,3.847303547548047942e-05,3.558732903578630271e+02,4.287041102039855105e+03
1.357186683600846440e-05,1.605022586279947058e-14,2.125733201464345286e-05,3.375340801667236406e+02,5.085479857989963784e+04
2.404728146082848146e-06,5.407563349532798275e-14,1.462317824355085685e-05,3.852932210302099065e+02,1.093287538915855112e+05
3.329734313610467154e-06,1.388699349524417674e-14,2.883984953803053926e-05,3.988076806320632386e+02,5.328287032987226667e+03
2.338822145555359233e-05,4.324777824831228531e-13,1.006380942938412976e-05,3.480691048204277536e+02,7.105915276387997903e+06
1.897738754410137514e-07,9.089145918728353118e-13,7.392357834437345854e-06,2.291192848465669556e+02,5.182217306050821207e+03
5.448481868293254124e-06,2.286541538797795539e-13,3.455950684174701761e-05,3.866763798117341935e+02,7.975558809058708721e+04
3.905753601387985748e-07,5.793128346641921192e-14,8.837944670213282214e-06,3.990523270767342296e+02,9.038564420365463593e+04
2.657114414780162919e-05,3.063274319757329484e-13,7.858687716044927206e-06,3.487454345810670020e+02,3.899563507572225295e+06
2.927777766172621687e-06,9.858910062270949406e-13,1.071367968738995377e-05,2.025509378027274465e+02,8.707863084803100675e+06
9.248813031656193009e-05,8.775901417541847944e-14,6.730527577761850823e-06,3.842341862567365069e+02,9.220837196243226936e+04
3.538587785079879273e-07,1.556170787637799621e-14,3.744011584420530250e-05,3.861584772874554119e+02,2.745699613075056504e+02
7.745642002665901419e-05,1.527530264944439581e-13,1.458763800141903396e-05,2.241883070611031314e+02,2.288366604716218426e+05
2.527848894294892445e-05,5.155430579753865651e-13,7.125657034900504460e-06,3.723520082453904934e+02,7.251257738301747479e+06
2.778315038776162401e-06,2.420370508357940246e-13,1.552613925614363432e-05,3.961005052861120816e+02,4.965092557367155096e+05
2.758050364599770658e-05,3.862627808912510030e-13,1.302012053807959128e-05,2.465594154577993606e+02,4.563826188410254195e+06
6.434972802953314859e-06,8.741289140813028457e-14,1.428490444932080246e-05,2.671818423596619141e+02,1.545867634971197695e+05
9.233432782774743863e-06,3.542671106309113547e-13,5.028990333965644691e-06,3.948827156495227655e+02,3.734694393153444678e+07
5.508993857305967271e-05,1.741917914953604216e-13,1.054759656335887510e-05,2.242136901607136110e+02,5.158622259883616935e+05
1.569680449865253842e-07,2.243437040760868734e-14,3.445505904017232918e-05,3.002375201029367986e+02,1.194203204452132780e+02
3.198634461002364460e-05,4.613061495434097105e-13,1.790019889723976440e-05,2.437514266059935437e+02,4.052384435993279796e+06
1.397797759119079075e-06,4.904617485878908657e-14,2.869386271766200962e-05,3.368939042768619174e+02,5.774351567559558134e+03
9.476257389400270209e-07,2.235140668393501098e-13,1.588873983776497960e-05,2.538351398024922503e+02,2.013409710004943918e+04
9.595780688898980385e-05,7.211697126155514683e-14,7.424905159430515111e-06,3.758769386090013995e+02,7.039267516203486593e+04
2.205827294144279769e-05,6.931178759729794393e-13,6.238057417341116734e-06,3.250637256757738669e+02,1.280308726469770260e+07
2.861576867146041499e-06,5.628827291833445680e-14,8.436200168035160746e-06,3.639268820603720656e+02,6.638574804739330430e+05
1.853041685841817553e-06,1.962208414384179637e-14,2.785991998674729073e-05,3.156969519857994442e+02,2.791146084984154186e+03
4.291278666578934533e-05,5.807585337583870409e-14,1.442851790652275184e-05,3.053821919151147313e+02,2.834475994255926926e+05
1.821564763436466529e-07,2.307569647141966375e-14,8.970496559236427895e-06,2.504918606965511287e+02,1.686735458751452825e+03
1.334308555622265352e-05,5.478578185225571415e-13,8.090189576242096781e-06,3.118248099273407092e+02,2.765705546992629394e+07
2.330579226725925531e-05,7.144250124297198037e-14,3.544852468261011348e-05,2.623513927203022149e+02,2.497098535738069768e+04
2.497981048335237006e-05,1.004800428359804097e-13,2.408291386698153030e-05,3.567646912037111520e+02,1.447278636863486143e+06
9.265314685789026069e-07,4.364050885055067444e-13,5.056273889385917341e-06,2.909339593688153514e+02,1.401928154000232369e+07
2.454242928038474796e-05,6.104799867538136502e-13,4.667852221468915097e-05,3.149089628822011946e+02,2.654380131915386301e+05
4.742259613720646136e-07,2.237351875295842151e-13,2.995377239541701059e-05,2.036592196472304295e+02,-4.870568765621592320e+03
1.221585450416094593e-06,1.447350544325336880e-13,3.221088271989348920e-05,3.266216500436577235e+02,9.704436695733627857e+03
1.787904578837877526e-06,1.951638712666010228e-13,6.197861557807036663e-06,3.204417490225613392e+02,4.388353618011338636e+06
4.209494543335082315e-06,4.356160851760324632e-13,2.239540345872174530e-05,2.330165931363810330e+02,-2.581124705198375159e+04
2.176912617781209745e-07,4.945121644521981252e-14,1.186485981323756428e-05,2.830470290445385899e+02,6.777723590554914153e+03
1.662812964479698055e-06,4.835141005703899751e-13,1.348353890494494343e-05,3.693798959159556716e+02,8.145016822243265342e+05
1.002079252326814848e-07,9.600853820474083315e-13,1.290987352082332484e-05,3.410854377255101326e+02,9.167279253505489032e+04
1.710575230428188195e-05,5.992458782752988180e-14,1.325062878864029471e-05,2.110884897117616390e+02,1.840650426557441941e+06
3.594411016896045482e-05,3.936575426932367883e-13,5.582346679829084669e-06,2.070559229203477685e+02,2.738506159608207643e+06
2.610928851593825903e-07,4.439225909044256617e-13,6.463303094800684171e-06,2.000753032682826529e+02,-3.744368999092796585e+05
1.292282037656410486e-05,8.681170401296898116e-14,3.641648568630466947e-05,3.239178984919410595e+02,4.318883911324071960e+04
2.906091372790558348e-05,3.885621085184466686e-13,5.592449043672998325e-06,2.226608299799598001e+02,4.135162065564055927e+06
8.820332735175547998e-05,1.288138834300835139e-14,2.414588232767980437e-05,3.711474481319090728e+02,1.488138506506898011e+04
3.399160623049969258e-05,1.584350402631258058e-14,4.112793773558840658e-05,3.790174119543687539e+02,2.365350378990191530e+04
1.872058674317231895e-06,1.182581292296911767e-14,1.994920265367712886e-05,2.840915548566779876e+02,3.000041790807937559e+03
8.690927469765156554e-05,5.236505660713740211e-13,1.136081030672009367e-05,3.259329923379972911e+02,6.231031469239665894e+05
8.355130056861249325e-05,6.181017918111745602e-14,6.839040443876597295e-06,2.291137349749202201e+02,7.958004708851968462e+04
3.243627229786842093e-06,2.936920918822923964e-13,3.286645102866264672e-05,2.766331847976000518e+02,2.466013504389533045e+04
1.821124410599681847e-05,3.906287029020197245e-14,1.331567878391950091e-05,3.772308814021523631e+02,1.058608893825585255e+06
5.514587131166195520e-05,5.162924894126943514e-13,1.697141902845875541e-05,3.024258216982204885e+02,1.525880136889260495e+06
2.681891574592106346e-06,4.099703596963717843e-14,1.610250078694809296e-05,2.495433403624554103e+02,7.049264583797990781e+03
3.902642082679494927e-05,2.386846529472424093e-13,3.809391170912792787e-05,3.208933202707769397e+02,1.408502646037965314e+06
1.272640377664312582e-05,6.517333370490608521e-13,2.664918097135365093e-05,2.584205285315372862e+02,3.647258155374935013e+05
7.616803784330350294e-07,6.805981198549826099e-14,1.984983860224950048e-05,3.028927808770490060e+02,9.519516724873792555e+03
2.008893020745786625e-05,4.960806180336445212e-13,4.588467183594911318e-05,3.991570140306892540e+02,3.012156609760764986e+05
5.152931361546994375e-06,2.485562579996602802e-13,3.002705348466935283e-05,3.943101656773232548e+02,1.291714995697886188e+05
1.912209450816770324e-07,1.616720951281157398e-14,1.069494593261091155e-05,2.540180741255879013e+02,9.643128455409737398e+02
1.493280104629621819e-06,6.667963228656976886e-14,1.346929176980709709e-05,3.806234727697996618e+02,1.044938736873845774e+05
1.664267146985079501e-07,4.011119478680260414e-13,1.738315827999267161e-05,2.067223909605351650e+02,-1.413893205952966309e+04
2.682260102204909589e-06,8.048865481300262966e-13,2.778108292942110930e-05,3.098212693643602051e+02,1.581423723883753410e+05
1.930273393230227696e-06,3.037278431014523846e-14,1.554119732431873891e-05,2.356158590950217047e+02,-2.011536926750781276e+03
1.867292397013269142e-06,3.433661283554551657e-14,3.135025438802351412e-05,3.224471917016166458e+02,3.682424382468765543e+03
5.739856841939442041e-06,1.007300935309781820e-14,7.766868140911666816e-06,2.415957680330708115e+02,2.004177228658195236e+04
2.333844844685380509e-07,2.428705818245553282e-13,3.203382171468171374e-05,3.518097079428005713e+02,3.788844902890894446e+03
6.328586636905687347e-05,1.393620897633277574e-13,2.975340674721350782e-05,2.802240249361382212e+02,3.127388311281246133e+05
1.127590333729327969e-05,2.943484259151776577e-13,1.206783502141427257e-05,3.525749058114018339e+02,1.011723007479169592e+07
2.960356917125250208e-05,1.133715775698032508e-14,6.827734082256360072e-06,3.928134090298066212e+02,1.162697283742192085e+05
4.902343030793181893e-05,2.132099181267705880e-13,2.563450872165631811e-05,2.695619750011865108e+02,7.973529918604552513e+05
5.622897162836021161e-06,2.510598017401377223e-13,2.907768148989913940e-05,3.491382702661674671e+02,1.255937863353862485e+05
1.320245399148164822e-07,6.888157236813846841e-13,8.601006462821889878e-06,3.735094283677859153e+02,3.545606183133373270e+05
1.362888956174733019e-05,1.211331361332223854e-14,2.317418608194635920e-05,3.342024552762248391e+02,2.853482585859802202e+04
5.094218430888320311e-06,1.758289165101502761e-13,1.941178750604434768e-05,2.786206935410628489e+02,1.219154098577492405e+05
3.005188141985138992e-05,7.875480817577451237e-13,2.282224101536260805e-05,2.978355238590500562e+02,7.837622888623006642e+06
3.948948049704533760e-06,1.752731852658261273e-13,2.044840933786928625e-05,2.248220376533704723e+02,-3.706028173001320101e+04
2.752531426160750524e-05,2.946140650462470402e-14,1.001241080602322191e-05,3.003985849421927128e+02,3.494938376867311308e+05
9.795596316069164441e-05,6.570559154042521509e-14,3.192394469841774518e-05,2.428376603844869237e+02,6.154477516410339740e+04
1.126326842001350681e-06,3.101943668024276447e-13,1.703997929072056453e-05,3.548049144053409236e+02,1.583632860614967358e+05
3.258849617783268230e-07,5.613632759026183489e-13,1.831671895379605929e-05,3.278052741256893228e+02,5.515168814454993117e+04
1.496319715933347953e-06,1.077059715773000625e-13,4.613102039009698251e-05,2.311100806634779303e+02,-4.367166631432487520e+02
1.816142700829822507e-05,1.724565170382829467e-13,1.030121436783677354e-05,3.041966102452500991e+02,4.699268825548182242e+06
2.078197392474635895e-06,8.566099377914573579e-13,7.818301156265170150e-06,3.301814649767068204e+02,1.843299140863775834e+07
5.822913360860615067e-06,2.033923441375755362e-13,8.358630443561613658e-06,3.980019859625193135e+02,9.388086885666748509e+06
2.410323948032589038e-07,8.310877846878621383e-14,1.364661014860726830e-05,2.540998419211464636e+02,3.024877031521980825e+03
1.507893026686644700e-05,1.619147296951707183e-14,6.322777400829633217e-06,2.897348195162437605e+02,6.400234873947467422e+05
6.922248814586103834e-07,3.311030013668963105e-13,1.165036357159227632e-05,2.251019690233893584e+02,-6.006417773168321582e+04
3.731235675716872762e-07,6.498130822614350904e-13,1.149682224748947292e-05,2.511196846645817118e+02,5.492767707252115360e+04
3.880163229552571481e-05,6.582250778148248141e-14,6.779612571095077999e-06,3.489633707841146020e+02,3.929389238107090350e+05
4.934446712607486704e-06,4.438952077967280120e-14,1.138940285186444374e-05,2.064875805987369404e+02,-1.654426001323467644e+05
2.841167427300480815e-06,1.780129184932090106e-14,1.409739331217698859e-05,2.874867652153077984e+02,2.087281637440586564e+04
4.971315152346681164e-05,7.352372497997745140e-14,6.092816018237403649e-06,3.236566388375702559e+02,2.673840694356954191e+05
1.811495702955926935e-07,8.963662965566976583e-13,2.453965907494269288e-05,2.114016082392026590e+02,-1.027362548814896763e+04
1.225923445834229336e-05,1.558628753708244001e-13,2.881095714978001426e-05,2.009563545583968107e+02,-1.114041625935355987e+05
9.637111179481275674e-07,7.706215857941587822e-14,1.610867464252163227e-05,3.031512641395698324e+02,2.562040907953780697e+04
3.359148860118384343e-07,1.015617809012126177e-14,2.869365165394638831e-05,2.198252157422991218e+02,-9.163440707254309814e+01
1.057781457905556390e-05,1.000619989460494791e-13,1.281190556737856917e-05,2.753005583974115780e+02,7.915271236642744625e+05
1.225930507258056852e-06,3.955001868989742355e-14,1.009758898001247335e-05,2.140859433546172284e+02,-3.932853590897127287e+04
9.765342895163240380e-07,2.709791713761273539e-14,8.099687948410311697e-06,3.064494787469196808e+02,7.508396609720568813e+04
6.776934617702856558e-05,4.816118495447893417e-14,9.868421296667697010e-06,2.109777983289137353e+02,9.424996350069867913e+04
3.961822572319399344e-07,3.851956646889561650e-13,9.392721538930568894e-06,2.118897592815555413e+02,-1.535576281054069696e+05
3.439703224411139329e-06,1.561004805376002005e-13,3.934494334228583201e-05,2.413277758318718895e+02,3.372750310738883854e+02
1.180428270465403325e-07,4.249318775879665043e-14,2.137979425666432050e-05,2.184869475108290828e+02,-3.494103325720093380e+02
3.091037496587616394e-07,4.710538653765892480e-13,3.938176120302194874e-05,3.817475319745838647e+02,6.119901236639419949e+03
4.469471794304017179e-05,1.265644245722062066e-13,5.625423339278955504e-06,3.208194384837570396e+02,5.694424844579170458e+05
2.332075705853833291e-05,2.061587798394706121e-13,3.217046259833939402e-05,2.209668269663575586e+02,-8.934836521387228277e+04
4.682809278170224258e-06,6.018451789110176219e-14,5.431974211774542581e-06,3.303026749754144475e+02,8.655846416456520557e+06
4.649006870196745020e-07,4.475804288557712501e-13,9.367847949416623838e-06,3.996979846082691097e+02,7.057066417497423245e+05
4.712406516348841523e-06,1.076466268144503689e-13,1.447726146533960743e-05,3.831485087691291938e+02,4.477176232739677071e+05
1.087525823974921939e-07,6.484084166011923279e-14,3.891941032382846755e-05,3.385866900407476123e+02,2.407942745796368058e+02
1.377148878626170181e-05,4.754404586487455366e-14,6.266941130375694684e-06,3.166584608426620093e+02,2.253123352881254163e+06
1.413357545091572750e-05,2.202509105477930358e-13,2.424885816647225317e-05,3.522867859923823630e+02,5.376486391344517469e+05
8.672315530470310141e-06,6.740994320319291279e-13,1.801350441346003144e-05,3.900892925712834653e+02,3.279935424894753844e+06
6.823639158908627640e-06,8.403083429493140411e-13,1.343348243524047025e-05,2.774948031149304484e+02,9.965629584784021601e+06
1.663984581798307055e-07,3.924244329932306635e-14,8.605306828273070083e-06,3.252637982371539920e+02,1.857413564430792758e+04
5.485521317841867285e-07,1.609309728933446648e-13,1.091624521596264108e-05,2.584020684501981577e+02,3.386979301991220564e+04
5.286085024428088735e-06,2.662220279303914390e-14,1.231406263145084519e-05,3.143673765250946417e+02,1.304603660290335829e+05
1.522510505811590043e-06,5.998291764307890156e-13,4.609233315799297914e-05,3.833290258717973416e+02,2.411680810156402367e+04
9.463890042607781266e-05,7.486071667878610039e-13,5.624574419063887422e-06,3.595891202136732545e+02,7.512166885280614952e+05
5.905219866175936874e-05,1.664659772350628617e-13,4.471875513022794757e-05,2.959941091674837708e+02,4.290461001000409597e+05
2.857746539762109657e-07,4.761212882770338288e-13,9.134372653718006069e-06,3.122382393035927066e+02,2.900677458424025099e+05
5.886833843100677658e-06,1.444421023402266724e-14,5.432704343197010407e-06,2.503445441631771189e+02,3.746112911973743234e+06
1.226437209454249966e-05,2.305847930058365378e-13,1.773737629311504833e-05,2.118143854426819814e+02,-1.014254020883993944e+05
2.568208286393245126e-07,3.352497233539312838e-13,2.636505457865795103e-05,2.622041372863644710e+02,2.750731806276724910e+03
8.665366609022106684e-07,6.404927251879510337e-13,2.308819938419474872e-05,2.563632116795341176e+02,2.003791531240723270e+04
1.405249827897595859e-05,4.996960569301178826e-13,4.254636509589520952e-05,3.215211010358249268e+02,1.656504319138192222e+05
5.050382602491632148e-05,1.778078373037846862e-13,1.980763645215987702e-05,2.428259903381479035e+02,6.265459938168876106e+05
1.059809847648221013e-06,2.045142489817035036e-14,2.865529977217132546e-05,3.125864148848085620e+02,1.479474648146032678e+03
5.209920965158697348e-07,4.688574477125737087e-13,2.714488889970788195e-05,3.045592622924495458e+02,1.790139952657317554e+04
2.919953989387149133e-05,2.918015447527313820e-14,3.367248580177945874e-05,3.385611179201189884e+02,5.507156852586676541e+04
5.687848769165369818e-06,2.026860604259236936e-13,1.794606764687510167e-05,3.164240954414646581e+02,3.495726640441157506e+05
2.690080430405499060e-06,1.303757929187130198e-14,5.059507804788627850e-06,2.888663733192830705e+02,3.754251666518332204e+05
5.867459009711130962e-07,3.770635812490817616e-14,2.661709422396366979e-05,3.992490812117634391e+02,3.235835166564758310e+03
1.651866881155332974e-07,1.038880605067708169e-13,1.158445739207871332e-05,2.824611668717918747e+02,1.147451367758188462e+04
1.131551338516892487e-07,4.230018902967823119e-13,2.026941874355679560e-05,2.431489853165114710e+02,5.149526828926300368e+02
5.494276881374068758e-06,1.095970484101323750e-14,4.302353060518365600e-05,2.573916706377294759e+02,3.549487820134031608e+02
3.743956726147881475e-07,1.930304387001862962e-14,6.970484936185366381e-06,3.989664410818195961e+02,5.883655720303771523e+04
8.444986026080038386e-05,3.609887242273750192e-13,4.526212455708438133e-05,2.026152030763163623e+02,4.549318932548804441e+05
2.101027249919626041e-07,1.691656273780252304e-14,3.697915134660853076e-05,3.909169960158509411e+02,1.876022574655931692e+02
2.271257450650089514e-06,2.057274241288074751e-14,5.464253586674463022e-06,2.354462148177144343e+02,9.934773869133845437e+03
1.527493571623387091e-06,3.698941111113360672e-13,9.612778102018730518e-06,3.426363024708725789e+02,1.474153347773024347e+06
4.976619373074478759e-07,2.730992608316244864e-14,2.448160817296681944e-05,2.843717416125843442e+02,9.993477029091700388e+02
1.763060335582359111e-05,1.344538364230372891e-13,1.026531894398942638e-05,3.853852533634028532e+02,3.887670659414231777e+06
8.533246400910030665e-06,4.645651027748944265e-14,1.729219662208358779e-05,2.053489182320814166e+02,-9.445055955052909849e+04
1.504087337805177156e-05,1.448006102710081811e-14,1.321085689961899436e-05,3.446574690088394846e+02,5.752742041111229919e+05
1.771845001276241954e-07,5.618399237489154902e-13,4.295901101801508629e-05,3.741344564662889525e+02,3.112416828117927707e+03
1.143484407830050802e-06,4.118403895352198740e-14,1.607666694812880800e-05,3.527720327579093578e+02,2.508753675345652664e+04
3.626596374090753980e-06,7.048160965477287859e-14,4.021309483137002042e-05,3.262277022956492942e+02,7.200566892414404720e+03
1.906177904869069945e-06,3.517076535358150114e-13,2.604040386151327071e-05,3.137583997372261706e+02,6.184727273257717025e+04
1.323892389562025222e-07,4.476633869478867987e-13,2.386778215850960495e-05,3.843713935270662887e+02,1.131907041880558245e+04
3.820167141033025173e-07,1.845939141086875843e-14,1.746268237405676510e-05,2.193134952144021099e+02,-8.636854811573496136e+02
6.840281030401381530e-05,4.022659046881798923e-14,4.464739945093073502e-05,2.334877931674423621e+02,7.727089679674406943e+04
3.074037592947449037e-07,4.118541434175703047e-13,2.832820288511126908e-05,3.314749302102609931e+02,1.062610641358336943e+04
3.598794079942376390e-05,1.963411127789965100e-13,5.281029947019557383e-06,2.737724997641969367e+02,1.362535641993003897e+06
2.926924211809953967e-05,2.560151305291733700e-14,3.543537187165687630e-05,2.116701822587752702e+02,-1.875147055558013744e+04
1.492386360615991333e-06,5.780521296157474468e-13,6.210868311658690978e-06,3.183194296447126703e+02,1.745980320903007686e+07
2.513914827585328013e-06,1.200881314041919419e-13,2.120742961127972624e-05,3.315952079087273887e+02,6.072046651074300462e+04
2.964868411021781002e-05,1.980912063889306300e-13,1.533701053974121829e-05,2.318857674096905441e+02,2.025372781575682806e+06
1.101688907519562374e-05,1.416140400989750270e-13,1.250793656196001368e-05,3.559916481225174039e+02,2.761572505224757828e+06
3.242135856351603012e-05,2.008796610355256213e-14,7.524800508509480238e-06,3.414804019443133711e+02,1.717608444602429809e+05
1.874087040544182055e-05,1.574886540551213866e-14,3.441866581260704874e-05,2.131195058739132833e+02,-6.872383770811169597e+03
1.185262211133558861e-05,7.536308161074373726e-14,1.986580296261413104e-05,2.489350080242879528e+02,3.437155267664187704e+04
5.481789037371563404e-05,3.442046090862358982e-14,2.458689753637339709e-05,3.870698197370135745e+02,1.029491259508230287e+05
2.940501459406792855e-05,6.482455749238245211e-13,1.554750884331731697e-05,2.852762480521030852e+02,6.738254044084416702e+06
3.444990770700715232e-07,4.599035407506292808e-13,6.663768789840089621e-06,3.100409387904720688e+02,9.537578085719054798e+05
1.756599784932588848e-05,8.851255783799024487e-13,9.707491486837353529e-06,2.197356575723115384e+02,2.578159958224911243e+07
1.819885100192847153e-07,3.037185964730713704e-14,2.743030317830653960e-05,2.783571149410875023e+02,2.551409538439791618e+02
1.894823319289840108e-06,5.812831397640421240e-14,3.275413228389397450e-05,2.559183012363967578e+02,1.349306804112473856e+03
1.549728648212708727e-06,2.771083888952120074e-13,3.141014167606376312e-05,3.954988639728878184e+02,3.769760468367334397e+04
4.041143588593785746e-07,5.022434920699970074e-14,1.013828197803911391e-05,3.503646455886072886e+02,4.244155730018464965e+04
6.512014005218724104e-05,1.592111561409206268e-13,4.732808577083456538e-05,3.539564809310035116e+02,3.374375915071918280e+05
1.924553706870370831e-07,6.822226839072796788e-13,2.847639241104259422e-05,3.432936445873975231e+02,1.182840832237365248e+04
1.034423182483406199e-07,6.815555333187616687e-13,2.716794723411156142e-05,2.283645842110300350e+02,-1.238399816125011967e+03
9.305986346065767607e-07,3.341196912972312582e-14,3.455687550683852127e-05,3.209308818136460673e+02,1.313910195080565927e+03
9.380676402569466921e-05,1.373813322008126693e-14,1.999034440543300567e-05,2.747841979877399581e+02,1.403169164843710496e+04
6.224226455459349132e-07,2.351585545749490655e-13,1.696223214377655749e-05,3.798366320526851609e+02,7.637840933627670165e+04
3.105151516757058129e-05,2.566002800412470374e-13,4.752843298982860554e-05,3.512613400254701332e+02,1.836498727406780235e+05
3.306289752497597653e-07,2.468936363546845267e-14,6.087183555831663205e-06,3.500411181007111168e+02,7.875518330082550528e+04
5.742950386225675122e-06,6.922571953590332183e-14,6.905133256144844862e-06,2.913044268436897823e+02,4.167500200953433290e+06
7.502880087708521781e-05,8.001143808607099572e-14,4.627002930758510209e-05,3.073810381411844332e+02,1.277458156296158268e+05
1.411041229562017450e-05,1.927652670637779483e-13,1.410254119121826694e-05,2.321816614775925132e+02,8.701617626777412370e+06
8.740251418174172740e-05,5.836428704066025141e-13,1.278764363398045627e-05,3.890279942402352162e+02,6.866729694759165868e+05
5.292610660971217369e-06,5.751441309079258521e-13,3.666130444968082510e-05,3.359626307322860157e+02,1.229081939655064780e+05
8.912593924628754163e-05,1.678928699492107926e-14,3.526549551781157221e-05,3.223687863073803328e+02,1.899654549158415466e+04
3.244450070945662689e-05,2.940460050877826242e-13,2.138340209836370821e-05,2.342520943102026649e+02,2.510635766352857463e+06
2.161447435337755471e-05,1.053844129595656110e-13,1.093320291321384667e-05,3.651162262972910639e+02,2.027391598134893691e+06
4.628813263416464572e-05,2.860660624298000236e-13,3.706499235398768926e-05,3.364186838220824143e+02,1.199990022389294812e+06
7.842861609696162700e-06,1.615503389383922217e-14,6.336906873292531401e-06,2.146077488376600400e+02,2.360529260959399864e+06
1.172448132259339777e-06,3.043313426804096332e-14,2.252249707773128698e-05,3.472256056305086531e+02,6.673271410936840766e+03
3.844565993766028849e-06,4.353907918531686098e-14,2.877579761794803314e-05,2.743483166538222235e+02,6.113686425850430169e+03
4.780806728742094759e-07,3.867192385620587405e-14,1.761587564223172759e-05,2.536793322788561511e+02,1.261208000319378243e+03
2.150960185598760772e-05,2.121958461466292471e-13,1.896578362863168929e-05,3.049476360914767952e+02,4.122140147329699714e+06
3.237691796300544263e-07,1.680480213871678810e-13,4.735004745376015861e-05,2.045082901426719673e+02,-6.149456737402618955e+02
5.390063069916941158e-06,7.759853707970642725e-14,1.969573581202445982e-05,3.603949004024627811e+02,1.293648897207122500e+05
4.052255204700313993e-06,2.689155978071237248e-14,1.397189484907612397e-05,3.280270172409072984e+02,7.604112617018476885e+04
1.036832042884106676e-05,8.139781359527177356e-13,3.514292408860872401e-05,2.797852313914722799e+02,2.047132114966530644e+05
1.911876328015465934e-05,5.252869756272803783e-14,7.839386149796096100e-06,3.646766503140522673e+02,1.291598877905545523e+06
2.135421732023746068e-07,5.171322853490298541e-13,7.537650274450805853e-06,2.128869183108590448e+02,-1.858316314412164502e+05
7.495884480663951134e-06,2.038731238439013707e-14,3.256262232031589609e-05,3.418641500620811939e+02,9.263012262464717423e+03
1.745290189210983973e-06,1.407541724620972115e-13,3.148546228822972457e-05,3.647248747958204262e+02,1.862513372267374143e+04
6.959920950532164576e-06,2.833821892194319575e-14,7.126466389213203511e-06,2.782766230067134643e+02,2.384052572833570186e+06
1.207684881097516189e-05,3.576041586442200973e-13,1.183991225590525970e-05,2.791057740715073692e+02,2.203666756266037747e+07
5.707405866170326127e-06,2.415211367010599668e-13,1.611851700328360937e-05,2.964623207922890629e+02,4.853007117505040951e+05
1.580004160597881896e-05,1.084816568414909569e-14,1.869124851726765182e-05,2.540219445607119440e+02,1.253220103231140820e+04
3.631414067384421635e-06,8.998629698540103187e-13,6.117536097404045147e-06,3.526699004292502764e+02,1.011394254778644890e+08
2.446827919623457511e-06,1.317629461733270017e-13,7.790541859011019586e-06,2.989101039886420494e+02,1.238169195648095571e+06
7.249475664765013506e-07,7.713660312723455946e-13,2.265399498677455285e-05,3.406882041821195344e+02,9.837635419628101226e+04
4.869170811931108804e-07,6.367082883885780139e-13,6.603043801970227215e-06,3.763548214906949170e+02,3.192647624171424191e+06
1.218726678863152446e-05,3.117009865471113494e-13,9.946057303034185577e-06,2.733268468701596703e+02,1.886149698931860179e+07
1.222176864671199430e-05,3.511338573533014617e-13,7.985934960981434029e-06,3.531889450553161964e+02,2.112784533024451882e+07
3.858757964964248428e-07,3.872198860013727167e-13,5.505200064288189041e-06,2.790049907518398982e+02,1.538136197926638182e+06
8.232130563748843552e-05,2.037754124238852090e-14,1.580886621625797808e-05,3.073548257888409694e+02,2.702575898710084948e+04
1.031459881639604575e-05,4.554080612297182921e-14,2.968689070473054946e-05,3.782311583627609366e+02,4.701009590688387107e+04
3.923271556169458190e-06,2.999694359092722704e-13,1.640775460168003851e-05,3.258632071355561948e+02,5.072009355876758927e+05
3.338305320650072401e-05,1.605959340816168415e-13,5.937823098887722573e-06,3.215614021167781402e+02,1.295188724144237814e+06
2.881119686100379631e-06,1.110429696095241461e-14,4.023614026250674740e-05,2.307937949906875872e+02,-1.356544313614249404e+02
2.678148227859004021e-06,8.666573515710901784e-13,3.620144565672808832e-05,3.774975243794396533e+02,1.234490846959050978e+05
5.954197009020559339e-07,9.996176392821775783e-13,6.940992097184682551e-06,3.780686677221847276e+02,6.312992774597018957e+06
2.940400203755543159e-07,1.765567781813795001e-14,8.377542874917103042e-06,3.338892027647771101e+02,1.717248206668940838e+04
1.364148772755914743e-05,8.325616302499600422e-14,1.423368891568238870e-05,3.977835278800417882e+02,1.737733419306914555e+06
3.406692267196610171e-05,1.873895688064169661e-14,1.813330904052646005e-05,3.465680142855512145e+02,1.451209861007430009e+05
1.079931811336972824e-05,6.728150999368519783e-14,7.837471688711809779e-06,2.917518575937744458e+02,5.185058725062328391e+06
1.277804902644968858e-06,2.765224008778880757e-13,5.800032029675438880e-06,3.344783246829776431e+02,6.189425149684481323e+06
5.335391267761032385e-06,2.145062778112701407e-14,3.433194036439258303e-05,2.184972839989122519e+02,-1.938158159146108574e+03
4.900466458861810293e-06,7.075036820672254343e-13,2.624461025736077641e-05,2.974945042054500277e+02,2.654826326752717723e+05
6.452057816528616722e-05,1.818938274301899598e-14,3.547794415689361732e-05,3.795758797396033515e+02,3.927101073261937563e+04
1.455534942556357278e-06,3.282367856426502341e-13,9.573151841588986257e-06,2.273400672184428970e+02,9.240360226860723924e+04
3.121389435849637774e-07,4.906698051457398908e-13,5.072322865900731399e-06,3.003128029444301319e+02,2.760070089060603641e+06
4.273647325445614379e-05,1.020133740449114643e-13,1.559449815962965987e-05,2.844223740852069682e+02,5.020076903699460672e+05
4.832651643994585939e-05,4.454397854783701253e-13,1.325858832948043868e-05,2.406801342111413362e+02,1.714228224650723161e+06
1.395715125471409098e-07,6.212709285943601398e-13,1.397077975992145081e-05,3.813998976276483290e+02,8.152262150444264989e+04
3.932530435710402628e-07,4.639139755606331832e-14,3.119247895902802615e-05,3.619587951503419276e+02,1.400367023795367004e+03
8.106828036805384009e-06,2.514604801059059627e-13,2.542948614180457015e-05,2.050065908731152433e+02,-1.450379725605694694e+05
2.325602399753964501e-05,1.461970129055481812e-13,2.411110329952026761e-05,2.966533519513095598e+02,5.908601385465083877e+05
6.608113902702460646e-06,3.047729366385304713e-14,1.336609648386394552e-05,2.289705236347132598e+02,-2.868086826628632843e+04
3.756363296360561166e-07,2.470077320156752130e-14,1.335508270682254606e-05,2.972885888586878878e+02,5.190905043924122765e+03
2.253848529364613842e-07,8.469527087075745905e-13,1.122865268887816402e-05,2.914873553813927742e+02,1.670275146109419293e+05
3.295474095756786444e-06,1.376730227068811141e-14,3.071951848039219371e-05,3.834354415658701214e+02,4.061551844388849531e+03
2.795961712688131958e-05,6.977776626975999078e-14,1.653643249153578137e-05,3.600758175793135365e+02,8.022417156594872940e+05
4.479211228885641344e-07,3.995381745847642067e-13,4.282390204883483809e-05,3.204508800469736798e+02,3.955422713685356939e+03
1.680343555166881639e-07,4.638419363026684612e-13,9.091691400066642708e-06,3.024437501585470613e+02,1.490152294728626148e+05
4.499196771643799555e-06,1.283916230159228866e-13,1.054644067373643246e-05,2.099899505339749624e+02,-1.874390376448141178e+05
3.762282863193789650e-07,6.147185371803637534e-13,2.980538973315346462e-05,2.762846073246754486e+02,7.931919051500447495e+03
1.593203168525021411e-07,1.133669150714324600e-13,5.243221039460825548e-06,2.403204486820471004e+02,4.531741409580688924e+03
2.088304354780146966e-05,3.958725230601049303e-14,1.124701771287517216e-05,2.901835648255988644e+02,8.158651625241457950e+05
2.908571995045587376e-05,6.713557324314416504e-13,4.894397055259495937e-05,2.080494865958118567e+02,-1.792723668421396578e+05
1.566775072569343329e-06,1.189569952828360150e-13,1.247697959676785424e-05,3.169735943066363006e+02,1.625300139375776052e+05
7.624810954825199788e-07,3.783545258385420502e-14,5.589010699479688454e-06,3.075710124643580343e+02,2.561467976467527333e+05
6.782076251952966248e-07,1.644527234546074300e-13,1.402346146141115946e-05,3.226705431588500232e+02,7.173410228949238081e+04
1.210359205173965766e-06,1.673021719801074250e-14,8.226273636871474920e-06,2.658445060276653749e+02,2.466961237968105706e+04
5.379264873517890611e-06,5.908101384746449816e-14,8.075921603209801334e-06,3.371850815073837566e+02,1.554877008104767650e+06
3.832306487306504012e-06,2.210745803894200506e-14,2.892681008575698976e-05,3.780141438173032498e+02,8.881819528643953163e+03
1.164253476750568411e-06,1.050123268696223608e-13,8.729735413114991566e-06,3.797122719792355952e+02,4.727137074695837218e+05
8.170769097910474658e-06,5.485563071437466778e-14,7.589675935489888277e-06,2.622065116671236638e+02,7.384922732807642780e+06
1.064884059045017226e-05,4.348145901007561913e-14,1.403565941392795020e-05,3.786652945250993980e+02,5.009689498300825944e+05
4.729735385287580961e-06,1.128056965110630354e-14,3.700460287719315475e-05,2.043779110382199065e+02,-1.275015526801784745e+03
1.451726301403179443e-06,2.583833618556568190e-14,3.849994286366113441e-05,2.958687324117168487e+02,8.584823859106127202e+02
7.442320106603001664e-06,3.504549311214724001e-14,3.250358065282150981e-05,3.244031329151359273e+02,1.387762559791377680e+04
5.966344822719614750e-06,1.026699802709129060e-13,7.416562546127764482e-06,2.906754129158324531e+02,5.734481534709950909e+06
1.049473730412099387e-06,2.863241407639534212e-13,2.614102630157698074e-05,3.476937278498780302e+02,3.604167039754973666e+04
8.120878969772448396e-07,7.733185278998515137e-13,1.507559143022410942e-05,3.552543841152930213e+02,4.147345391324255615e+05
4.337571403545614906e-06,1.092030501727272651e-13,3.547004388702203187e-05,3.222902762565884132e+02,1.882212786142952609e+04
6.871083353212267537e-06,5.064871948302860194e-14,4.626090707063602430e-05,3.567411439547709620e+02,8.005626527331956822e+03
6.798221595218208464e-06,4.607034030185650983e-14,2.739395729087594353e-05,3.362399419156562317e+02,3.070785626901709111e+04
1.407712693447678166e-06,1.018309370354797972e-14,8.635570898377271072e-06,3.538990424466433637e+02,4.993097009087186598e+04
4.981059409728748266e-06,2.167731488906836205e-13,5.493693443559921445e-06,2.819721877198513766e+02,4.956252836600451171e+07
9.063770608241008956e-05,9.361048453530174256e-14,1.824791595614357726e-05,3.039792745544102104e+02,1.024135216624601599e+05
1.923417473532410863e-06,1.276223872040029476e-14,1.461398251052214631e-05,3.255853503085407965e+02,1.436805173992486743e+04
3.380992004805887169e-05,1.222613862038795146e-13,4.602819710628864122e-05,2.133152532342823520e+02,-4.230322950173249410e+04
1.753763688944509168e-07,9.569289817235944851e-13,2.426153241513092089e-05,3.565018462349011656e+02,2.655187133492834982e+04
4.223619254953955209e-05,1.810149418973016919e-14,9.305148108765941915e-06,2.172556440650415936e+02,9.120014343290314719e+04
6.685262528912225462e-05,1.044936792252634268e-13,5.714121907743973614e-06,3.444490180628714597e+02,2.101375701404903957e+05
6.103684088991743641e-07,1.842208358653014300e-13,5.417333288308432906e-06,3.304642473968880267e+02,1.562329928536642343e+06
1.087186990792612162e-07,2.172367107897196243e-14,4.868517138022476878e-05,3.974929607082060556e+02,5.606437398198343658e+01
2.812064257036549875e-06,1.097143039196801943e-14,2.001516129922880618e-05,2.796325949632476409e+02,3.792753654524090962e+03
3.532944157929303955e-07,2.895302594601517186e-14,7.610640126370585069e-06,3.266660343632452737e+02,4.259782906176558026e+04
8.220415374960395104e-05,4.538966145728387990e-14,1.614714175763044802e-05,3.412003399193401947e+02,6.036984157413231878e+04
4.932820421732694724e-05,1.500776120012423269e-14,7.232273124264852491e-06,3.669459564074187483e+02,5.543396181450540462e+04
7.620696358320549059e-05,4.938720736897915815e-14,2.444710522965360907e-05,3.983108422725541118e+02,7.643209648064010253e+04
6.480506838230332469e-06,3.673221598278999302e-14,7.331682021623373411e-06,3.918371235361991580e+02,2.425411207791272551e+06
3.511406435162865066e-06,1.082620819842762902e-14,1.865700490068091606e-05,3.538234072393128713e+02,1.315765325587237385e+04
3.148861421391144910e-05,1.764514302545536094e-14,2.080432003035361682e-05,2.236732646651913967e+02,1.599442769595206191e+05
9.058304112498482955e-06,8.277593831128724046e-14,4.444845191800468495e-05,3.723387508150507870e+02,2.124324765161047253e+04
5.567664137374655695e-07,6.002559266236013339e-13,1.373803274311548986e-05,3.745789308392921271e+02,3.212938816818624618e+05
6.351234013550153548e-05,4.113426076906150660e-14,4.352204218523061767e-05,3.916976479622520628e+02,9.165118525168881752e+04
2.084962988284480611e-06,7.730219843680900393e-13,5.011279681319218844e-06,3.566594479754596136e+02,8.515197644548320770e+07
2.092515506159348923e-05,4.473741203053377960e-13,3.590132445659725759e-05,3.778308495343259779e+02,5.670857711114082485e+05
3.182833137304157750e-06,3.678120195442033277e-13,2.528504192571486584e-05,2.930447604516759270e+02,9.142310567123428336e+04
3.548695447042515026e-07,3.088609063414647760e-13,1.109109140800892832e-05,3.646441164346531423e+02,1.901662838342674950e+05
7.722902304935815859e-07,5.859373509146769852e-13,2.991449249255347497e-05,3.166632082048894858e+02,2.830256871766219047e+04
5.287279955407278425e-06,1.014885474701743600e-14,4.799084741981297784e-05,2.697740825778186036e+02,3.717904678349252094e+02
2.685383108418691219e-07,5.891404770560713351e-14,1.440495109011900429e-05,2.744484459128436242e+02,4.593749311283834686e+03
1.099546437667374495e-07,5.078553942325841421e-13,9.515965008518474102e-06,3.776915481590796162e+02,1.634591037498932565e+05
2.002966441677681258e-06,9.375347518160615652e-13,2.803571204479211472e-05,2.729246118486408932e+02,7.190934170104932855e+04
1.934601479546622422e-05,3.640525818783474509e-13,5.422758502044442561e-06,2.959032648079485739e+02,8.742420719678381458e+06
6.957798082458077255e-06,7.961800730729683230e-14,3.432221752366482594e-05,3.383767213635751432e+02,2.788067453275281878e+04
9.385104817970083482e-07,2.808238047501136915e-14,2.439748503564897781e-05,3.868223076220925236e+02,4.764514373515510670e+03
1.418152117901482683e-05,2.786073704502716495e-14,3.107434970926094687e-05,2.471191670116093917e+02,2.790831888966793485e+03
2.841475392317995562e-06,1.116308466880325373e-14,1.389134223574786009e-05,3.013004147059962179e+02,1.685475403818733685e+04
9.965613890316336778e-05,1.030493879909398346e-13,1.119748959598696660e-05,2.483534163216325794e+02,9.325839173143114022e+04
2.128604408802959263e-05,1.814491147966717147e-14,1.135961743526492933e-05,3.775647156871656307e+02,3.599279372703787521e+05
3.103804252488427917e-05,3.347151441875327373e-13,2.906538051197974409e-05,2.327703752534600596e+02,3.122750835034068208e+06
6.006849049988267614e-07,6.522383994903016876e-13,4.576232318473207533e-05,2.192506764739922858e+02,-2.674832290100241153e+03
2.863418908917174644e-07,9.700796905728653722e-13,1.762469046499843514e-05,2.253912210052157263e+02,-2.246645371607647394e+04
3.961974968081044611e-07,1.969509849041354034e-13,7.539797435737342515e-06,3.687208847600085164e+02,4.426123008776424685e+05
1.980591418638968764e-06,1.912913051328861596e-14,2.071691266904685015e-05,2.145733036273647087e+02,-3.500276986768704774e+03
3.439120230377835710e-06,3.442479531027149466e-13,6.814674652177492481e-06,2.177390447117657573e+02,1.985195625838563219e+07
3.835553485344174792e-07,4.245571533416848515e-13,1.989537681461799279e-05,3.413983335224460802e+02,4.247045230923920462e+04
2.186927133497309556e-05,3.737078473639175982e-14,5.827359737866148207e-06,2.440806787064864238e+02,7.022863219023933634e+05
4.029892518961589745e-05,4.558949601729077761e-14,1.907939436144314731e-05,2.583362767197642711e+02,2.523065255204594287e+05
8.871865665823428036e-07,2.743495498143965336e-13,3.366440084534416932e-05,2.945910321540592918e+02,8.175586454509416399e+03
3.343432735137699066e-06,3.343294540487448488e-13,1.407826944009907369e-05,3.760058846860545714e+02,1.048433577687369194e+06
6.069093210558050488e-06,2.341251721242615213e-14,1.995519235622458462e-05,2.688033755045256044e+02,1.362228253442677487e+04
1.469381344912934766e-05,1.638126388291435033e-14,1.592800615516489635e-05,2.187201739100104021e+02,-2.535825695046054898e+04
2.769601995214220411e-07,2.414007500916174120e-13,1.790534680842272437e-05,2.898545758822235143e+02,1.385222306642174954e+04
6.960063216398591095e-07,3.890156614293091712e-14,3.202016847486415429e-05,2.736313622683598510e+02,7.009019082582133251e+02
1.556388408222546729e-05,4.167129793619945860e-13,1.257769393758536097e-05,3.711082343925316422e+02,1.546150163937421329e+07
5.064970764080186104e-06,1.218910347285422987e-14,9.141777827682537043e-06,3.054744555607351799e+02,1.314151695329178765e+05
5.009996013748988181e-05,3.562653320569646687e-14,8.722240307319089909e-06,2.341677139882782797e+02,1.275702542839037196e+05
2.205845476079954321e-06,2.797511086930323765e-13,2.149427981509315533e-05,2.530218472246197621e+02,2.253587934046787268e+04
1.658970009834868990e-06,1.230985238839982386e-14,3.342067066163530544e-05,2.765311344417393684e+02,5.000268951534062580e+02
8.308481412117490103e-07,2.114835573975027774e-14,1.737822549157613417e-05,2.160778910423248931e+02,-2.564254108071449991e+03
4.944446908417583591e-07,7.205291806866890106e-14,2.327646418197630565e-05,2.116956549518110080e+02,-2.611656623178899281e+03
8.959814210635171211e-06,2.099789496886128323e-14,9.228985950299976854e-06,2.688886211190380209e+02,8.055076893075981643e+05
6.223834067180948514e-07,8.911909787653882673e-14,2.440958910387431419e-05,2.816270936480888736e+02,3.898051612301089335e+03
3.862127099216326102e-05,1.247587306177007368e-13,7.510035605771593201e-06,3.342756981255113828e+02,7.517413538576526335e+05
6.485525734614325637e-07,1.206423306116079092e-14,6.685368796749844673e-06,3.014887325939407674e+02,3.704367999704321119e+04
1.047318786074454319e-05,2.594416803511853350e-14,5.066032268034003314e-06,2.083997923478112284e+02,2.125849814240379259e+06
5.064684839982647723e-06,5.744291867892259669e-14,5.420194766818006050e-06,3.187853222141288256e+02,1.047699276320757903e+07
7.680268332499409648e-06,1.941016538623612656e-14,1.419639977485810744e-05,3.101643205085975410e+02,8.879031692676918465e+04
4.855683005882365763e-05,1.516723338229312036e-14,2.634409295670383459e-05,3.017249992053100982e+02,5.781710392777281959e+04
3.235678434619594764e-07,1.366845100302682648e-13,1.193317947186396271e-05,3.160762353727292862e+02,4.333208479964916478e+04
2.814794136171279210e-07,2.002209083347531804e-13,1.456885806661574690e-05,3.397366553354589769e+02,3.699908226607665711e+04
2.321168477422746527e-07,1.465135193927399452e-14,1.979123176521335178e-05,2.125415259252868623e+02,-3.918532477318469773e+02
1.695575227077855500e-07,2.828626133492161224e-13,5.250602454897752407e-06,2.905763832183101840e+02,4.334085020493940683e+05
4.005835129480726450e-06,1.451247971973953189e-14,8.340517958513058173e-06,3.608949747448052676e+02,2.487771074169080821e+05
3.141907940612534040e-07,1.480033216214895575e-14,5.152430489578880059e-06,3.545478177498123387e+02,7.604675615873583592e+04
2.639391357403651236e-05,1.950985390216236881e-13,2.861858122014510856e-05,3.360773240583764050e+02,5.658828863029264612e+05
1.169045976804219181e-07,9.739287606589527981e-13,5.231881172070180635e-06,2.054170349070401471e+02,1.724165371642153477e+05
1.329905907580461413e-06,2.288673568362573947e-13,3.477399304364441307e-05,2.411343758741134593e+02,2.361692562718344561e+02
2.627918632541007676e-06,1.664110702187685953e-14,2.227055111457158988e-05,3.749663110491189855e+02,9.893574327705524411e+03
4.462568566587610852e-07,8.204430476388827444e-14,2.279295791686425688e-05,3.406381608078955878e+02,6.316246888574588411e+03
1.168742019893796988e-06,3.180605214978925246e-14,3.209270626614279523e-05,2.035340935323260965e+02,-1.393599628743063704e+03
4.659875424702072422e-07,3.617595662553930166e-14,1.684426510483149950e-05,3.259302943629541005e+02,6.430854783300766940e+03
7.006228851392411186e-07,2.451932829613142200e-13,4.970977372002271746e-05,3.069204339445289520e+02,2.108308134535207500e+03
6.034109433367377016e-05,9.524271391273593876e-14,3.691529702319477809e-05,2.884713450141748581e+02,2.351018334312519873e+05
1.784539227213573341e-06,2.421817479529237572e-13,8.318634952599285141e-06,3.902621334062327492e+02,2.191809671270871535e+06
1.437456873180849946e-06,1.229436582988079290e-13,5.072599137847147383e-06,3.544124513313426519e+02,4.225093990125480108e+06
6.815902311471465161e-06,2.567718641499748520e-14,1.736073623878482179e-05,2.068522710401397262e+02,-3.865514326892659301e+04
9.827104408235005274e-06,2.097979455416018676e-13,4.432482076249501463e-05,2.933596263891935791e+02,3.022391595534951921e+04
9.568186564519152529e-06,5.459484510428041668e-13,3.862276373573930054e-05,2.585179309025127168e+02,4.680997032824235794e+04
1.795878295315139105e-07,1.610293749683413096e-14,1.047025380672655085e-05,2.912577437794069510e+02,3.065774191416734084e+03
5.568109112454733148e-06,3.494559925356896387e-13,7.269069278764461782e-06,2.979859219725899493e+02,3.332684350112361461e+07
1.613506798697952798e-05,3.905075360123393582e-13,7.860726809506282735e-06,2.380560690890106912e+02,1.348150689778674580e+07
2.436156019061539785e-05,2.333587659929379756e-13,1.368640602668868140e-05,2.120061085615542424e+02,3.533983691703389864e+06
5.829116777248016325e-06,1.902991670080594945e-13,3.792664767520735939e-05,3.182154314498383769e+02,3.480412186465432751e+04
2.464445252108595663e-07,1.066443746961394143e-13,1.480098243251273789e-05,3.082001562403051480e+02,1.240213797420274386e+04
1.783285883426892506e-07,1.670632032812528256e-13,4.244688212354488419e-05,3.323175218074570125e+02,7.481778993216054232e+02
9.314532863465347855e-07,4.901083560255076464e-14,1.647816594104096851e-05,2.692347013310575790e+02,7.668159205871918857e+03
6.062844483481136379e-05,9.243127367687982803e-13,5.441529194089827140e-06,2.357882780833315337e+02,2.260042983756965958e+06
2.617294463601565177e-06,3.226425286599199123e-13,1.955775579077706559e-05,2.685311562788593278e+02,8.515402618432385498e+04
4.857599681937548465e-05,1.059667188026069764e-13,3.745502540270617659e-05,3.904843604875885603e+02,4.036237028589303372e+05
2.393452758211298702e-06,3.666283765920203572e-13,3.254717505330983861e-05,2.531172096133925606e+02,9.157905142366951623e+03
1.842274410329130673e-05,1.293285647905996961e-14,3.864169118452556013e-05,2.589561679635531846e+02,2.232457218027552244e+03
2.853523983366333432e-06,9.400129818363095507e-13,3.885070281653987909e-05,2.174769046227743843e+02,-3.258293750574355363e+04
1.336924198966090804e-05,1.928735498333856547e-14,1.360747012166631940e-05,3.618330855464714659e+02,4.959360773008530377e+05
8.944124379426502342e-07,2.082313991576126106e-13,5.928125137506681623e-06,2.224101602637488497e+02,7.391784790920983069e+05
4.673000106370996690e-05,1.897531826452888712e-14,8.546599645124203752e-06,3.043117326771746889e+02,7.809947336286710924e+04
6.267930989634135053e-07,4.531712069913547208e-14,4.528882405948159254e-05,3.658361399388240329e+02,7.272176201734837377e+02
1.043591387582030661e-07,1.317708394006446667e-13,1.091869075830316484e-05,2.507503625649946741e+02,3.133181284081687409e+03
1.457126841550661128e-05,2.018428850798720082e-14,2.822136704368794036e-05,3.356091783043958685e+02,2.783501878020526783e+04
1.071058987278063668e-05,1.334173726315236903e-13,4.223156977201739792e-05,2.266837227204967178e+02,-7.839110595662714331e+03
9.347691042716780240e-06,4.158658958767642562e-14,7.233494242002726961e-06,3.689734967993280179e+02,4.277551285530230962e+06
1.154104161287113176e-05,8.754668004877274543e-13,6.114687302584977871e-06,2.454137773518212953e+02,5.907453146806760877e+07
5.738423984938682497e-06,1.415394807964624235e-14,1.624121358581553356e-05,3.184235761587589195e+02,3.349685349492754176e+04
2.217363320798829702e-07,5.693897303066259635e-13,2.484501074540694136e-05,2.605205023230186612e+02,4.483997620806340819e+03
1.017679830181163226e-05,5.375542872835526656e-14,6.040605469262557833e-06,3.641466621699859729e+02,4.664988892303260975e+06
1.046635765574382197e-07,1.207438955779255995e-14,1.882292753771488825e-05,2.054923207149924735e+02,-2.200040407372285358e+02
3.536133371765748006e-07,4.861204089269804077e-13,3.473055217141787716e-05,3.019824142388596329e+02,5.823036161888041534e+03
1.830776021265663260e-06,1.598709980589533250e-14,1.798737907278862350e-05,3.313554115117269703e+02,9.616125557657844183e+03
1.364922966067529630e-06,1.110423115450912733e-14,1.481927291898855431e-05,3.556345299343580564e+02,1.049573658930613783e+04
2.274549995551377345e-07,1.463464362531834943e-13,7.312307968544144511e-06,2.346841072793269802e+02,-1.220189893297085655e+04
1.909294019082762411e-06,2.941067545340849469e-13,6.191635630153335844e-06,2.371887997413423932e+02,9.046832021458286792e+06
7.427655127592425443e-06,4.764872586398398535e-13,2.800703793422264543e-05,2.911187503924648468e+02,2.039736898160858254e+05
1.356407850225006193e-06,3.936697381292570928e-14,1.030015042388910202e-05,3.529880690053845456e+02,1.087629569135185156e+05
1.335052824311154109e-05,7.256266107097851355e-14,2.255898971790941713e-05,2.779100630904527520e+02,8.883982154642906971e+04
4.929084758135243353e-07,1.696866781423490661e-13,1.080459203898004421e-05,2.210048762331985301e+02,-3.878533375824897666e+04
2.700696718956255400e-07,5.369544729225328825e-14,1.526716184034021309e-05,2.671796559248354583e+02,2.866419504498173865e+03
1.764816410402737196e-05,7.572443528285057338e-13,7.235817523276266961e-06,2.590327016201180186e+02,2.185181900446819887e+07
1.014341955540953455e-05,1.417961205414939702e-13,8.230934408400663235e-06,2.537479732998656630e+02,1.238643102915062197e+07
1.941386833386525852e-06,4.170226462327375470e-14,7.278879832518059320e-06,3.384039464904962529e+02,4.370780475418511778e+05
2.572182945963512984e-07,2.194426920480685559e-13,1.325682389935601837e-05,3.103376807120985177e+02,3.797902939795084967e+04
9.796055071703156221e-06,2.769137495012746862e-13,1.187287830631156852e-05,3.568378556129982258e+02,7.044772523267824203e+06
1.777735928784414504e-05,9.017895982921239746e-13,5.845441419206320686e-06,2.643638110490807094e+02,2.564610053452949971e+07
3.103329998883624640e-07,5.841999397201153673e-14,2.528677274786657168e-05,3.012071634285845221e+02,1.575336860867041423e+03
1.169244163678737971e-05,5.153194197343862648e-13,5.650275944554504097e-06,3.403772131859998922e+02,3.387791748134656250e+07
1.166571223277613658e-06,1.522379616996753436e-13,1.177552799963214639e-05,2.101744731509812141e+02,-1.037135831496805768e+05
5.563599311004377760e-05,1.017045306340298406e-13,8.280638749147411500e-06,3.316142576319246018e+02,2.953107311591455946e+05
1.797293744827271899e-05,1.491177190980448715e-13,3.241518417263229132e-05,3.486941001544187202e+02,1.855745524550479604e+05
6.625116364704307433e-07,7.266249627128569620e-13,5.795583212687366943e-06,2.602286014327424937e+02,9.464203225912680849e+06
6.517468771399365882e-05,3.268047084723740666e-13,1.178699661839863762e-05,2.092096415545034631e+02,6.914822007812858792e+05
1.190414664733120550e-07,7.019120922858073978e-13,1.593401207298587096e-05,2.089103842411646497e+02,-2.122781718692243157e+04
3.584858709488923414e-07,2.116467558260104193e-13,1.753967639466053630e-05,3.937809552775635780e+02,3.797002298224670812e+04
5.317517323650010717e-07,6.776234679601436685e-13,9.844305090522192808e-06,2.650947144635467794e+02,3.140695379295293824e+05
1.571231763590036132e-05,1.633638004433911187e-14,6.934800311369059074e-06,2.984722958425794559e+02,5.947383535959908040e+05
3.788821031943562724e-06,1.465834817527021245e-14,2.778968000147893769e-05,2.052391254665510871e+02,-3.047084502005591730e+03
2.472442633228352246e-06,8.595072776980598033e-14,1.396179828041078768e-05,2.216600438020872446e+02,-4.401812139607516292e+04
4.651574877782468381e-07,3.051120473231235011e-14,2.981437848823469022e-05,2.889499122056521969e+02,6.272642342488353506e+02
1.859522043744276846e-05,4.723318227598934208e-14,1.046733425706098108e-05,3.004443488929605337e+02,1.227708217606637627e+06
2.245531874818874223e-07,6.332979094788908530e-14,1.525793942596696543e-05,2.543045725471694141e+02,1.557118690996564510e+03
5.521075183610666749e-07,2.580358251749382346e-14,7.674673649844524878e-06,2.797487187481534079e+02,3.104124595399047394e+04
2.624707780985814358e-05,5.140899432622412705e-13,1.763401792387854169e-05,2.072153033020517512e+02,6.706992320490241982e+06
2.254978437316086896e-06,1.154642313633560443e-13,1.450610836087424023e-05,3.426823847869506494e+02,1.783604592609556857e+05
4.270249099733146867e-05,6.252841354277599963e-14,1.038951025908113587e-05,2.861902258481025569e+02,3.081921756732974318e+05
6.382521885993051225e-06,9.722636774294552480e-14,2.728080142578854887e-05,2.772712243815207103e+02,2.890397796799791104e+04
2.336866704766345039e-05,1.031922700584842306e-14,3.511346737376055033e-05,2.449312611953674264e+02,8.787471751445655173e+02
3.649302114749810809e-07,2.632007174358488828e-14,2.292285376639976964e-05,3.702984995458396043e+02,1.940075525674482833e+03
8.885167165429362774e-07,7.668831788041783683e-13,1.238979390416795590e-05,2.126170474342124237e+02,-2.104723433046009159e+05
1.349329935229957165e-06,2.894933639876522938e-14,1.771022487514748960e-05,2.629604998537424763e+02,4.252898147666030127e+03
3.038068890872467854e-06,1.153317308101767696e-14,4.328970285592456251e-05,3.853874476420112387e+02,1.128159395687169763e+03
2.614574814568401285e-06,2.156282458568020167e-13,1.014647059750338504e-05,3.277993810934237331e+02,1.126799042130297516e+06
2.933583624870636595e-05,4.436181471861490791e-13,1.284254138798727848e-05,2.216009166861106507e+02,4.633007214247893542e+06
3.308046424545332071e-07,7.122221413522829453e-14,2.269830118764287871e-05,2.387194465213646026e+02,-7.470827554038123708e+01
3.584740676653833710e-05,2.499491464129575010e-13,1.897339426839275760e-05,3.752622265274346773e+02,1.748182580716900062e+06
4.646638456728765403e-05,2.964868539013126226e-13,4.630937372342798421e-05,2.431428573075864961e+02,1.234179405548806535e+06
1.684833956076400661e-07,3.558063726379991809e-14,7.997208127564707340e-06,3.607086620783513240e+02,2.712162664881440651e+04
1.067016435130455138e-07,2.607748462411590520e-13,6.740292648498168118e-06,2.253515153828010398e+02,-3.928237625608508824e+04
7.555425341150316617e-07,1.252632948750300857e-14,8.208402544508644938e-06,2.475915349660538709e+02,3.644657915751577093e+03
1.593067960593810193e-06,4.465620048560549263e-13,2.013210910858767688e-05,3.417168755838657148e+02,1.801586639767275774e+05
8.153577813663815700e-05,2.125205098133209855e-13,5.827323090826648885e-06,3.224942637390093410e+02,2.873128346267738962e+05
1.637667729090982079e-07,2.451905846159386976e-14,2.161279639198490632e-05,3.042930043238004032e+02,5.810094984270108398e+02
2.207576669778284504e-05,4.620309931711083030e-14,1.256562409834759054e-05,3.565774336982198633e+02,8.520991578768884065e+05
2.668547027708939437e-06,1.147833025849001732e-14,1.507560619466310942e-05,2.211309134964157863e+02,-5.321930799627691158e+03
2.452565271444222560e-07,1.061811846361736521e-14,1.928629700334956175e-05,2.297231010025993498e+02,-1.122811827812937508e+02
1.253836551184200753e-06,7.144643777782277724e-14,3.587710854534604675e-05,3.231221544914899368e+02,3.451328309643364264e+03
1.389006318253999776e-06,6.098355705762650692e-13,1.025881564908212011e-05,3.609404426651703943e+02,2.057030207957201637e+06
5.379197636083465562e-07,6.912082794066255387e-14,2.314877262656571191e-05,2.219470375426527653e+02,-1.685792665869719713e+03
7.639963303626142093e-07,9.793758664550086216e-14,2.968289147555316557e-05,2.364382406135996462e+02,-2.979895364733670249e+02
1.818680848896503307e-06,1.949178822043446423e-13,5.203341929860342973e-06,3.159306806263417116e+02,1.054302247850156762e+07
7.705204768666168750e-05,1.473103133065452826e-13,1.176012886371212818e-05,3.897944558766693604e+02,2.230054115895387658e+05
2.380026030254343516e-06,1.568647014320237951e-14,4.054698169767836994e-05,3.452650112230160175e+02,1.181731430306001585e+03
7.086063442894791672e-05,1.518506655472910260e-13,7.018700933232935039e-06,3.941137707347276660e+02,2.718048772324318415e+05
1.234798845479453959e-07,3.820303221668738122e-14,1.390926547559893041e-05,3.587200421174691769e+02,4.011138846656408077e+03
1.578813298047599268e-07,1.168144362527566911e-14,1.275198012210754750e-05,3.219520760793664635e+02,1.565274529125178788e+03
1.211846794978697237e-07,1.142118015312966750e-14,1.181033124537650273e-05,2.383946212089608139e+02,-3.911676672742760275e+01
9.950248218801759287e-06,5.687167614937269575e-14,1.242648428943838828e-05,3.301060542202511670e+02,6.979374591513323830e+05
4.578234917469358516e-07,4.689933803653381472e-13,1.425288474312991429e-05,3.270105886328030920e+02,1.367384596726525342e+05
5.361181914679831875e-06,1.130361933006666169e-14,2.774553354042247786e-05,2.122412090785147427e+02,-2.594206665909433468e+03
2.432755184789222146e-05,9.068203061533336081e-13,1.354249771095996858e-05,2.631794050342895730e+02,1.377130323558330722e+07
9.895591433893739946e-07,4.241582258830909889e-14,4.221425666242809949e-05,2.005055397745435926e+02,-7.599422271759214027e+02
5.457986763831948385e-07,2.857025821438199695e-14,3.010336106573612347e-05,2.137206380800828356e+02,-4.859814817614375215e+02
1.500464626658989767e-05,1.089214000555739303e-13,3.320391633375580212e-05,3.666749933672396082e+02,1.132159439928876818e+05
2.677277448989465041e-06,1.421357980247917462e-14,8.705295136421870307e-06,2.559237197305901077e+02,2.581469903267925838e+04
2.803047376333858467e-07,1.878902182625748830e-14,1.564582949204096932e-05,3.531359331471217047e+02,3.046118295498613861e+03
1.829512379070661371e-07,2.857660489295049422e-13,1.163474277145716994e-05,2.965346074468944266e+02,4.379103889524086844e+04
1.627430696668597074e-05,1.563369952928097546e-13,6.655636091438550476e-06,3.221461329031193372e+02,5.305268546941388398e+06
3.812738366627357222e-05,6.294875480276783789e-14,2.236965561658301810e-05,3.028175305340511727e+02,3.891918639365259442e+05
4.689064804176348725e-05,1.513158095615540018e-13,3.333054903999254829e-05,3.940267250056795092e+02,6.185324008000168251e+05
3.390525557913898406e-06,4.179529352340795892e-14,2.039178179563288552e-05,2.558772918939126839e+02,7.235622100053913528e+03
2.886447741459877454e-07,1.615268694014684766e-13,4.715941381358145797e-05,2.984771177392093477e+02,6.021301867491896473e+02
4.753048401358375707e-07,1.427314950291698583e-13,8.094866723910206234e-06,2.751255689321523619e+02,1.153975268425619870e+05
2.293885135018476478e-06,2.090998613073743442e-13,2.091219658337552641e-05,3.694669053537698460e+02,1.275897965898307448e+05
3.593950744979307842e-05,1.270245532717227462e-14,2.260352200239285268e-05,3.335341569213798607e+02,8.838815181081293849e+04
8.924671848778060559e-06,2.522131121051459325e-13,4.184433231154258321e-05,2.753372685688424326e+02,2.766639093383653017e+04
6.646926413919790577e-07,1.050647698909791156e-13,7.840125240801354775e-06,2.277353430448187908e+02,-4.794493603197066113e+04
1.852746172159032396e-05,7.137792968268215881e-13,2.507372144730101745e-05,2.391114868388326329e+02,1.234536412773033837e+06
2.024512795422451954e-06,4.855017953238918862e-13,3.021679875869836770e-05,3.891618634126889447e+02,9.455172250500935479e+04
8.877523601620683892e-05,9.600069614650719258e-14,4.934942315177831096e-05,2.695948784082184488e+02,1.094816488525638124e+05
1.932775502787245777e-06,1.856189439378039686e-13,5.277922164956158998e-06,2.324814555919833197e+02,9.724637340732876211e+06
3.247798274269265783e-05,8.601795136865545635e-14,9.285097868671515588e-06,3.869508688053128935e+02,7.329285174673846923e+05
1.105668390957706653e-07,1.632499692422741387e-13,4.201584257967789371e-05,2.314747567233790733e+02,-6.196549017710066209e+01
1.427788222626456717e-05,4.044955711455878283e-14,1.554691573734933246e-05,2.979283239812850184e+02,3.073783175755542470e+05
1.568322338327602289e-06,1.008399699209438642e-13,2.037390155005001368e-05,2.080204287896769131e+02,-1.989351501839117918e+04
3.140710626647650350e-06,1.147797272400877588e-14,3.843674770579758878e-05,2.082129484482126429e+02,-6.713849164027175220e+02
3.948911502988073896e-07,1.307572402007306756e-13,6.575444755302881624e-06,2.863563086600242968e+02,2.095424185115895816e+05
6.145179048343960200e-05,8.804368337650433553e-14,4.787437214426016702e-05,3.751453395167415010e+02,2.095461757420937647e+05
3.971321437492084254e-07,2.965238807601335353e-14,1.568587419581623707e-05,3.570747687497608922e+02,6.917742339847038238e+03
4.839050030079710214e-06,4.542143293078692500e-13,1.263594293961085011e-05,3.692480355182500489e+02,3.350297689204563852e+06
6.194936666140117454e-06,4.398287482844218462e-13,2.819589759071375787e-05,2.866029130749180922e+02,1.405157320317494450e+05
3.761233381651339061e-05,9.313118345090434678e-14,1.760605123293735376e-05,2.374007577923534313e+02,5.916776659282403998e+05
2.511884228199153541e-06,9.014501035618061115e-13,1.394769603150990451e-05,3.763500981556341003e+02,2.356484184523044154e+06
3.087975482211620886e-05,8.422425946267650382e-14,5.396038449772724138e-06,3.436157100251551242e+02,7.938530771213448606e+05
3.729835624496042300e-06,9.393322082586523229e-14,1.522467645837596155e-05,3.023567978953536795e+02,1.449943141103106318e+05
7.396120500956630838e-05,2.498790234948906363e-13,2.404877518266075516e-05,2.231122850002723226e+02,4.105560552628114237e+05
1.411963601036386615e-05,2.088737314984826586e-13,1.398492038572783537e-05,3.260296571509462638e+02,9.416455131142953411e+06
5.448987140160802288e-05,4.149439424731458277e-14,7.022614131045175675e-06,2.061651579374846790e+02,1.256054493086724397e+05
6.715550154257307375e-05,7.588323560398215609e-13,1.604894728381252428e-05,2.158463210675504627e+02,1.512283678762331372e+06
2.551164535115741484e-05,6.449627279638459609e-13,6.531711255362587204e-06,3.303670601433352090e+02,8.906525140998343006e+06
2.328641536424647883e-07,1.340729810019939278e-14,3.615444578213763022e-05,3.480693906312823174e+02,1.418104780043254323e+02
2.362032096336569615e-07,2.028722090459028988e-14,6.210796696373358339e-06,3.240184879993306026e+02,3.587888997537229443e+04
7.058708556398252000e-06,2.398295508852917083e-13,7.808189614119533147e-06,3.121280057553893243e+02,2.354640912587907910e+07
6.510585524817627964e-07,9.741497349712793013e-14,5.971838531536706601e-06,3.993881997247024174e+02,8.344743699853050057e+05
1.430398258424857040e-06,1.886812887768689751e-14,2.808462883059531273e-05,3.207288586152089920e+02,2.121855915245225333e+03
3.322649492945902154e-07,6.048253960381466169e-14,3.364081477542952848e-05,3.743081508767569403e+02,1.309507874571226921e+03
1.934260616277222407e-05,6.335768520479012231e-14,1.074599572346801107e-05,3.462132602904615055e+02,1.522018536677203141e+06
3.660101346196572463e-05,1.433181972064099915e-13,2.619007014565912948e-05,3.885962859318711367e+02,9.615364076279689325e+05
2.502729318258275518e-07,3.567099220068442361e-13,4.798745273100489989e-05,3.370428878442363043e+02,1.608182833154324271e+03
3.552260529822633455e-06,5.212622376140885442e-14,4.236822679606623939e-05,2.986142271771492460e+02,3.310980576497153379e+03
1.531224220324893917e-06,2.160694687627243678e-13,4.620626238539970077e-05,2.578457201577009528e+02,1.605344804506209584e+03
2.344476878005655662e-05,2.129448190175139959e-13,8.423876696786825947e-06,3.848685506142996928e+02,3.481976121669348329e+06
2.483001034674073827e-06,1.178554940531396957e-13,1.813765176341484417e-05,2.109355424780126498e+02,-4.667887635663234687e+04
1.557496744070903562e-05,1.539941447393374488e-13,2.059051443258598109e-05,3.692876101308731904e+02,7.947477089216422755e+05
4.992425924788965731e-06,2.091443852147751613e-14,8.915433159067030712e-06,3.765581431846506462e+02,4.061742327543654246e+05
8.604870565606876145e-05,8.940408933760192769e-14,6.022786040987728014e-06,2.689811797388243804e+02,1.085223820945526531e+05
1.815094445808129426e-06,7.312972982111303977e-14,1.369223211247504020e-05,2.287893305183856114e+02,-1.733108682505119941e+04
9.183592590503838126e-05,1.350946528947085232e-13,4.064035226547882824e-05,3.828161492592688546e+02,1.439672006551854138e+05
1.763257540970552848e-06,1.146148868259268358e-13,5.838263963216077580e-06,3.876885490593226677e+02,3.160923999825769104e+06
3.531880119624061794e-07,1.012916200430677777e-14,1.695980012443539425e-05,2.604612545026798784e+02,3.983554441282464040e+02
2.219438837078976633e-05,1.062149181563865191e-13,2.822950431532615361e-05,2.223515161101282445e+02,-6.403743461631098762e+04
6.533667164726558514e-07,9.370857692134363489e-14,2.784231767493862661e-05,2.936786865277180709e+02,3.585347498219226964e+03
4.980399633665744644e-06,3.237160486042072476e-14,3.923860105946299709e-05,2.064363641014072073e+02,-3.014146425163351978e+03
8.670521903192161893e-06,7.328306309085729015e-14,9.014763959141013078e-06,3.430779113344200937e+02,4.156695135851869825e+06
3.972206104150282988e-07,1.520488588564693930e-14,1.161002218700957478e-05,2.207000904728621720e+02,-2.334020168678647678e+03
1.268296538144648911e-07,5.567695962080919208e-13,8.244677862586033694e-06,3.255923870698907763e+02,2.303961906756010721e+05
9.143238126476897082e-05,5.687065825128161633e-13,4.146910683751610740e-05,2.965045914934971734e+02,6.114188333134999266e+05
2.832503330813081405e-05,6.914520410476930429e-13,1.720569551354238103e-05,3.789997914568439228e+02,7.745898874097117223e+06
2.350259218891652206e-07,3.747257679860680997e-13,2.396682178019521361e-05,3.531941495867296794e+02,1.417531083025169028e+04
3.498712771794536632e-05,5.458847969338359825e-13,1.138160759395693666e-05,3.501013525065674230e+02,4.008067591749325860e+06
5.948269065153262554e-07,1.835053596377574653e-13,4.604762754732764874e-05,3.090096386620077737e+02,1.726174102871273590e+03
5.518921555543575299e-07,3.030113922718018761e-13,5.808373342904018164e-06,3.068744832039311632e+02,1.744371680081316736e+06
2.078973967181195964e-05,8.369677950715611865e-14,5.588689602071201308e-06,3.610157154331744209e+02,1.740448846735102125e+06
1.871052773572283353e-05,1.894270313944317070e-13,1.687215042268837430e-05,3.476777556400507478e+02,4.863181714798833244e+06
3.450420550645926231e-05,1.341543586036639205e-14,2.689708577728119960e-05,2.714252707405735805e+02,1.012771197865900467e+05
2.570135519558438719e-07,1.387695839410508581e-13,1.005560082229382613e-05,2.682920652870203639e+02,2.563171226232725166e+04
1.748874017737190453e-05,4.725447839114471028e-14,1.311667416640301046e-05,2.599889896781136827e+02,1.388598016743131448e+06
2.567270454934077168e-06,1.422089036804445224e-14,3.724674367130239758e-05,3.059982053597561844e+02,1.055049042379337834e+03
9.498394960674524219e-07,7.655819444196823407e-14,1.349616212423029797e-05,2.474265510732974462e+02,6.188407571287374594e+03
1.595543439731760167e-05,3.822079299937747396e-13,1.167448373625567612e-05,3.359445742275191833e+02,1.349376201974521391e+07
3.431067348171162439e-05,4.787580345991414577e-13,2.866789159422326454e-05,2.716154398773344951e+02,3.655175280924092047e+06
9.276459924092543359e-07,1.753234909301393180e-14,3.704860326877436013e-05,3.688642422944674308e+02,7.726124101942539255e+02
2.913631810210293213e-07,1.364676879657034369e-14,1.104359909255543350e-05,2.711093149470665367e+02,2.342514348724909269e+03
9.441786047125601624e-05,5.966824643555133554e-14,3.285722241810773588e-05,2.056790053407474943e+02,6.015691869054203562e+04
5.722291371255491962e-05,5.947514672394733916e-14,1.615303104493633873e-05,2.108062449834705774e+02,1.632473744055024581e+05
7.404972490388879377e-07,5.089879253618411812e-13,2.479363957321636648e-05,2.555080077499820277e+02,1.040129058464329137e+04
2.774871804001779042e-05,1.495785456231038948e-13,4.076648056901743046e-05,2.928134794736234312e+02,8.733496713136704057e+04
1.858145280586140794e-07,3.793838258705517881e-13,1.302354405902715816e-05,3.108383912752555602e+02,5.031078368006809615e+04
5.465598460703491936e-05,2.100277677168262361e-14,5.770456440604112812e-06,2.320587725803929686e+02,6.319051430802183313e+04
2.108417954241269583e-05,1.271159020274917030e-14,3.181847669684960932e-05,2.901911239593814003e+02,1.126008463598853086e+04
3.895734436043545232e-07,8.036502182351857268e-13,5.930166968954867887e-06,2.622519026297671871e+02,3.750888366629655007e+06
7.710130714912319828e-07,1.102906435596113254e-14,1.450769192960851088e-05,2.902665302868653043e+02,3.337069281512135149e+03
6.118776140338659895e-06,2.438756504237807029e-13,3.936172697024083921e-05,3.088014546202445558e+02,3.797619771779147413e+04
1.167543291209685611e-06,6.648237043302632475e-14,8.118045434184361264e-06,3.852792130987817245e+02,3.818722432188700186e+05
1.616968084119570508e-05,7.016750315782248575e-14,1.163557333556482314e-05,3.782115657052509619e+02,2.412035778296118136e+06
5.985336999580702243e-06,8.208395526070675123e-13,2.172846863134784829e-05,2.649914513172333272e+02,4.613038011020217673e+05
4.179130738764082532e-07,2.234886382035519581e-13,2.121912303541188721e-05,2.565750489477508722e+02,4.368056327526672248e+03
6.765946036667386166e-06,4.173818696439965537e-13,4.796781352652619064e-05,2.290537998694735791e+02,-8.470376206703083881e+03
1.101988989889615565e-07,4.069891973432687359e-14,1.385747607418436193e-05,3.551284676698242606e+02,3.777641664829349793e+03
2.163931186089098591e-07,1.071811914381331424e-14,7.244533548952864619e-06,3.860433066155441111e+02,1.595889086654983475e+04
3.045253502142228458e-07,4.326215725950435218e-14,2.229814131035170094e-05,3.436843516311003555e+02,2.478625016106965631e+03
1.150888196745561178e-06,4.263352246690269313e-13,1.122280955874634411e-05,2.183760145722548316e+02,-1.459626903744894662e+05
1.085748442453294292e-07,3.148758817062684512e-14,3.290461294996137168e-05,3.064863260502626758e+02,1.439223263763470584e+02
6.162012443496291310e-05,2.711791802519495971e-14,6.434032150239975114e-06,3.684242757198741742e+02,6.418917884737868735e+04
5.230303209933419955e-07,5.038207789509296056e-14,4.875470830170310473e-05,3.648765552847238496e+02,5.380349279896937560e+02
6.485084680155698714e-07,6.915937463827974469e-14,9.019463276159555575e-06,2.459665656620212815e+02,1.063372579840308754e+04
1.339451451242172453e-06,3.967886996129688106e-13,5.767426144380765037e-06,3.683613736363384419e+02,1.210872006069728918e+07
6.640734957462746753e-05,2.013807028113237849e-14,3.417970255373239312e-05,2.569606023971126660e+02,4.104272390869454830e+04
1.136208378409889752e-06,7.953145440935181963e-14,2.804660349681520324e-05,3.778371543333925047e+02,1.033570343645007597e+04
1.965162954528169430e-06,1.938641339360064112e-13,7.868557113226873646e-06,3.835512843773041141e+02,2.259840908443271182e+06
7.861796852032835514e-07,3.176140598366515925e-14,5.103861798308900291e-06,3.461163075656079400e+02,4.048774122233905364e+05
8.486626813457481594e-05,6.805272580004108949e-14,4.991997655002370808e-05,3.497795999633682982e+02,8.492311840941321861e+04
1.243287807241375111e-06,1.850167792094065125e-14,9.228728672293423304e-06,3.257634824869745103e+02,5.357533203166926978e+04
1.780788174270978751e-07,3.156128960411314740e-14,4.647733409789106513e-05,2.791174705975296888e+02,5.424207558707590238e+01
9.417750543716814886e-06,1.370749840462145030e-13,1.574110417308347313e-05,3.123276979573917629e+02,6.243785658017313108e+05
1.411935189215817012e-05,5.599306238270172624e-14,3.340597746764027189e-05,2.944753156283598514e+02,2.858676788964012303e+04
1.308347390634839330e-06,7.578090568117368086e-14,3.808980155044778128e-05,3.548429898621861867e+02,4.015931420651898407e+03
4.306807556278596533e-07,5.959604284707138987e-13,7.006777324404632609e-06,3.368731033744859928e+02,1.724289655876477947e+06
1.689485051671214494e-06,1.550429572337290722e-14,2.109197129764053160e-05,3.397100299795722549e+02,5.675822261407945916e+03
2.075891408738235020e-06,1.791185358335600770e-13,1.584429207813593135e-05,2.305315285747608129e+02,-2.507518829332580208e+04
9.680536129505663574e-05,1.100768253097886752e-13,7.277308705383879886e-06,3.152005678029686919e+02,1.055717434554660431e+05
3.761022890589031680e-05,2.085628981718991452e-14,3.494848637817381834e-05,3.875072774418707127e+02,1.325182579510864452e+05
7.289986016428642472e-06,5.855801767347049942e-14,2.338092867633269283e-05,3.285293932546740621e+02,6.406454515658094169e+04
3.817278476771500502e-07,2.114737339066078904e-14,1.488504304432525099e-05,2.763565061349773941e+02,2.226735383972303680e+03
1.158093340269304764e-05,3.039999276734627337e-14,1.090282475221179554e-05,2.866653756299210727e+02,2.037215492825246183e+06
1.892330576674082317e-05,1.517409639038097301e-13,4.381355312822197886e-05,3.516255579027055092e+02,7.915059052933985367e+04
1.683318188573547879e-07,3.495152426974932378e-13,2.038374415050644485e-05,2.551517758620801999e+02,2.852559198739939347e+03
1.375496691479897490e-06,2.752295525468713066e-13,9.164692745463583616e-06,2.101006550711668694e+02,-2.028706504500900628e+05
9.561882280235010537e-07,6.354411027332791366e-14,1.063222550779936185e-05,2.216836448097594428e+02,-2.866355501340804040e+04
5.143917182970149889e-06,4.003178935309507200e-13,1.712416350995760883e-05,3.290185063047674703e+02,8.363841109768862370e+05
9.102478359544873896e-06,2.467830676739828594e-13,7.208018978076876160e-06,3.975187680927563747e+02,2.676989493001525477e+07
3.500768279314839848e-07,2.081772109373108960e-14,1.510546372482289649e-05,3.173994611918945452e+02,3.565366769379853395e+03
2.564355951713547699e-06,1.134701063471173031e-13,5.903791347571288329e-06,2.296091423091101831e+02,3.342282364536480978e+06
9.473351672454427238e-05,8.960611643634026101e-14,5.574364917156835824e-06,2.052066130694837796e+02,8.973894393377844244e+04
1.115726935210555210e-07,1.449081201592721736e-13,8.565747444541313923e-06,2.014375756468019176e+02,-3.399973522680588212e+04
1.297122030421627077e-06,2.849088312358906373e-14,1.197188892208413402e-05,3.316379972491629928e+02,4.129650833873866213e+04
1.006786518796470215e-06,4.740749675727435256e-14,6.045100473315769080e-06,2.686364141548968405e+02,1.731351928435324808e+05
1.647210340990651519e-06,4.496896627911497359e-14,6.637094387610800138e-06,2.094815660498560703e+02,-2.165142458317751880e+05
4.051176330357710237e-05,8.930779895449800197e-13,6.240111196531238036e-06,2.448568907054261103e+02,4.890775311478151940e+06
2.064976506031071958e-06,1.010317824319472706e-14,2.106202571865944354e-05,3.207675407110921810e+02,3.898323737212788274e+03
4.458964394820000282e-05,1.886351186005562225e-13,2.809102732416515668e-05,2.025207918639522688e+02,8.527174663791803177e+05
5.328678631811667202e-06,1.523829005896776271e-13,4.554459977043294727e-05,2.068981807093420286e+02,-9.544404217587038147e+03
1.878681180120783329e-06,4.438286779960797135e-14,9.450822706205770768e-06,2.115602129023393161e+02,-9.039237338956049643e+04
5.713592502694641908e-07,9.529403869708618651e-14,4.909218905315440123e-05,2.714634932392093560e+02,3.687723559493445009e+02
2.956933557200113654e-05,5.926711595559323302e-13,7.095120772617888952e-06,2.988993324674383416e+02,6.092299995477089658e+06
8.562519114755905180e-06,3.794276681466260895e-14,2.369327408536362248e-05,2.932180030391908758e+02,3.186633088096790016e+04
4.331897876155149651e-07,9.122046854681825344e-14,8.215787598520349577e-06,2.452845142204415936e+02,1.120649140386439103e+04
2.455904531042893629e-07,1.868271426081127978e-14,2.730057388925792960e-05,3.665352146207361557e+02,5.382073654635933053e+02
2.378449780318330561e-07,2.972441746269924756e-13,1.343161682372375663e-05,3.339646557829664744e+02,5.677484836903236283e+04
5.336000831058195626e-05,1.432083197882559839e-14,1.163207223460319996e-05,3.017274006169070049e+02,4.520506422345487954e+04
1.622462294731860972e-06,2.058939603471332121e-14,4.320258960477622726e-05,2.521409914733383175e+02,1.379719785388996343e+02
2.890169962356341815e-05,5.182621134739566155e-14,1.020108225193377392e-05,3.480694038171229181e+02,5.576392236913881497e+05
4.853849186472517337e-05,9.505964532804144142e-14,3.297563795026099931e-05,2.449457905110452600e+02,3.626387853259923286e+05
4.775283317637043299e-07,1.626719580717644218e-13,4.956527865079828098e-05,3.222492331847640799e+02,1.125741242156533190e+03
1.252324997150407854e-07,1.018416751894892137e-14,5.237637071191584404e-06,2.520572623958358633e+02,2.938177378073578438e+03
3.475427711285024622e-07,4.588802045665632324e-13,4.334767929357585386e-05,3.665606073062446058e+02,4.673892990114619352e+03
2.084184285205840641e-05,2.732479928210291938e-13,6.538557692250598732e-06,3.141726275760258886e+02,5.653733910530086607e+06
1.112345054736300737e-07,5.273671053261818684e-14,3.232308457693637853e-05,2.716839886849875256e+02,1.400550596378756438e+02
4.924885977785642025e-06,8.932457145747234965e-14,6.841760752554617066e-06,3.553234426247410624e+02,5.204490082203835249e+06
3.748006166621309014e-07,4.094202298223283498e-14,1.430559069554103521e-05,3.323712338434654612e+02,1.007317176409196691e+04
1.995179836547607405e-05,9.093536020100525394e-13,2.247323894498247951e-05,3.276366469937441934e+02,6.897748848217270337e+06
2.742376566870588199e-06,7.254864357012540403e-14,4.189174987244498408e-05,2.724817342777824365e+02,2.233276512617293520e+03
4.438536720840854000e-06,1.288495839967233215e-14,1.556380595463360115e-05,3.874522151511007451e+02,4.088850385267864476e+04
7.589702812479241478e-07,3.245741010800498301e-13,1.045415293147658673e-05,3.456418864828045230e+02,4.620903498436122900e+05
2.342801595360745195e-06,4.111554391492588890e-14,2.452112046793181795e-05,2.904320206109102855e+02,7.864887623598200662e+03
1.371316838695378995e-07,6.272149009918812002e-14,1.686296029793307670e-05,3.819342856806279087e+02,4.608584008031494704e+03
2.682618660265517597e-05,7.050512011366752024e-13,1.391878972193456779e-05,2.699534212577289054e+02,8.805487252858519554e+06
5.278332812422621446e-05,1.296777921212011063e-14,3.857497479845082845e-05,2.741621656469277468e+02,4.183335400826798286e+04
1.811100536214109332e-05,9.005327850525359128e-14,1.191812064504283669e-05,2.634520290421395998e+02,2.467544698771813884e+06
3.068080972901763889e-06,5.765612903930249690e-13,5.849292223627401863e-06,3.798242616419939850e+02,5.816924363393064588e+07
3.399014743168691984e-05,1.225057757800278690e-13,4.153413329346967184e-05,2.569447880367529820e+02,3.229705941245210124e+04
1.026745072759144276e-07,5.106606275564808715e-14,1.570350943095315282e-05,2.862681957895231903e+02,1.512961459645652667e+03
9.951125901574859388e-06,1.647323538362003548e-13,6.205025575580466609e-06,2.728226006950832812e+02,1.495151085407520458e+07
2.005200258586072523e-05,4.256276303812947295e-13,5.732530105549942922e-06,3.600948889709284231e+02,9.514039006563346833e+06
9.549237867686329007e-07,3.041459869259502133e-14,1.502963348826402736e-05,3.566425957572897119e+02,1.936733594934761277e+04
3.712915562742985764e-05,9.585557073925394368e-13,6.761001756639520207e-06,2.644971381022079413e+02,6.249392905706036836e+06
1.001313346291004282e-07,4.085371627338163244e-13,9.265352005260828246e-06,2.143032296916154849e+02,-4.230857001840209705e+04
7.876996170213923686e-06,1.177999718595330945e-14,2.369722018534937117e-05,3.131332607035254796e+02,1.163267674797017025e+04
7.999667623218679566e-07,7.564349736881468905e-14,1.016333214797383589e-05,2.141891473856554455e+02,-4.764629936340312997e+04
7.689246281273830999e-06,9.413176445664163590e-14,1.942719219484239667e-05,2.960511959756299234e+02,1.362986996084446146e+05
5.676439044957456132e-07,4.285275595892190889e-14,2.490881241805822441e-05,2.413125180971655652e+02,5.920310721314717739e+01
4.259313533890777957e-07,9.394437102316508447e-13,1.204155525789843413e-05,3.021037944677664768e+02,3.361291059350328287e+05
7.559292676096338028e-06,2.090140293293748839e-13,1.255900249576952922e-05,3.324550272570562015e+02,2.099543485334333032e+06
3.096025021044094108e-06,5.766425072997515575e-13,5.685128435250324409e-06,2.363157580558257962e+02,6.517248810412336886e+07
3.646213250062903123e-07,1.771878489831050317e-14,1.005440354802813122e-05,2.709696660662015120e+02,5.024907511885792701e+03
4.555381877614423817e-05,1.209624557804575449e-13,3.987526969460508181e-05,3.959633940854030243e+02,5.239039033289972576e+05
4.437720911601500997e-05,9.073460195740960175e-14,4.840081672433656863e-05,2.621696159504969046e+02,2.615844827556273231e+04
4.453538541291880515e-06,2.832565836247762084e-13,2.224824693366832145e-05,3.912324479950947307e+02,3.104347358285913942e+05
1.313070615536062418e-05,6.208600815485584712e-14,3.202107730149979990e-05,3.979043380078043128e+02,7.156670067123261106e+04
2.260269398224988828e-06,6.178441993173468053e-13,1.156375672996784291e-05,3.279646379732645869e+02,2.147509785898483358e+06
2.537056231789262727e-05,5.532780777803096811e-13,7.273338956403217074e-06,2.510186427162358314e+02,7.725629822475091554e+06
3.173720951228064380e-05,1.882235149770891284e-14,1.311032392526091742e-05,3.768833950097575212e+02,1.679527116401767998e+05
1.961006791957298800e-05,4.814013734291872324e-14,5.572497659934124546e-06,2.633923752739389101e+02,1.125122339092921233e+06
5.363478176335558464e-07,3.449416820034408901e-14,1.496573545698178191e-05,3.896659534958149607e+02,1.466240250943364663e+04
1.184309956998452416e-07,5.266112571301044530e-14,1.469373337445722306e-05,2.464254613728208199e+02,3.544119253771291369e+02
9.435376507964967802e-06,3.384472922352144866e-13,6.381261385411471879e-06,3.478902820997248568e+02,3.416828590676973015e+07
1.713062007874687821e-06,2.341629186096395152e-14,1.317843674859998457e-05,2.900385561541614834e+02,2.101657506299943998e+04
4.817065318897475904e-05,1.312430872900469331e-14,6.324413129261918303e-06,2.482242625798031668e+02,5.083490140689186228e+04
3.797891755323091930e-05,1.240758441914858277e-13,2.309528401554434733e-05,3.615671710631921769e+02,7.731302957669035532e+05
3.992604408682912273e-06,3.728798133072849249e-13,8.952482219546904849e-06,2.885412507201726839e+02,7.851781611530506983e+06
1.356227205576919369e-06,1.598367530766660731e-14,4.638548405528753577e-05,3.434977146636074963e+02,4.525727147219658946e+02
1.377109970855853560e-05,4.677510730121956417e-13,6.659718299860834870e-06,2.556109288587302615e+02,2.216808434709613398e+07
1.343102280592151960e-05,2.096973985561486803e-14,1.949549991942404266e-05,3.726334640604097785e+02,1.068921702398717462e+05
1.113906349221612800e-05,1.346090427328855591e-14,6.417245333631396317e-06,3.519842052114867670e+02,9.750513665309051285e+05
3.367225200382988472e-05,1.366655938502226633e-13,1.231451113477754527e-05,3.525535326258138298e+02,1.083341761827819748e+06
5.394556620301019165e-06,3.086183715308959660e-13,2.453696102348961516e-05,3.109074181856487940e+02,1.814554458299420949e+05
3.532892636161813845e-06,1.006881626386741906e-14,1.704105176621417730e-05,2.820139438280951367e+02,7.499590210402061530e+03
3.554057098840800906e-06,4.266373336354256738e-14,1.310077795776941040e-05,2.630867966101594106e+02,4.224389889746198605e+04
4.644532156365699540e-05,1.839312528717418824e-14,3.807184509272475777e-05,2.101878888041627818e+02,7.663412434531874896e+04
1.259660178536028021e-06,1.217217975601709201e-13,1.188055970118318490e-05,3.521395949693012994e+02,2.024078346744782175e+05
3.355425335787765744e-05,3.556364408414509645e-13,4.032424410961004405e-05,3.931360723749773456e+02,5.960581016052979976e+05
3.270910728442670693e-06,1.383451166291970807e-13,1.668460505428629058e-05,2.570480975271730131e+02,4.652648432724566374e+04
1.803087706288707340e-07,3.323645506646255976e-14,8.191299941197006660e-06,2.549227369048282696e+02,4.415368885551401036e+03
2.223033267555902867e-06,3.114411395853900871e-14,1.337918008073442617e-05,2.698125774291787025e+02,2.229691685018621138e+04
7.474621279615517858e-07,2.039649691357885628e-13,9.486051649696857345e-06,2.578281418054672827e+02,9.343007135278626811e+04
3.834026709097582703e-06,4.674326503529932412e-13,1.643602803006155821e-05,3.533204235271378479e+02,9.460203470255176071e+05
3.630191754499137815e-05,1.310783759457757687e-13,5.742264101659644870e-06,2.407980271201093956e+02,8.939691627690471942e+05
3.454351931395467006e-07,1.982758961368501217e-13,1.559459249330996189e-05,3.964072003197379104e+02,4.927432090937999601e+04
2.664856777537563434e-06,7.762798393306602599e-14,1.617511013433984324e-05,3.624983337444521112e+02,1.151938506297483837e+05
5.591222243335838656e-06,1.828022766728644579e-13,2.830575207733031809e-05,2.975458186749543756e+02,6.105127163108762034e+04
2.039205221520205542e-05,8.611912232257011092e-13,5.989129739886623646e-06,2.857308788171741867e+02,1.861351289213628694e+07
6.651672947830272623e-05,4.101046103916239303e-13,2.447325969230742368e-05,2.649309645225409895e+02,8.330738359921367373e+05
4.485632024738829573e-06,1.038091744816247586e-14,7.986381573624206807e-06,3.672044415872596801e+02,2.403387849653350713e+05
5.819076365210908104e-05,1.167639626284958637e-13,1.205489281767114325e-05,2.044467291404122307e+02,3.099212324481959222e+05
1.022531950456768252e-06,1.052979485956449074e-13,1.600565974766353058e-05,2.228502281556100968e+02,-1.394908137752444600e+04
1.963176351803103172e-05,1.482969471981554196e-14,1.997610640032601576e-05,2.305515029795467399e+02,7.193715541635002592e+04
1.955133310055584897e-05,4.450375658299092563e-13,1.820336541505573950e-05,2.673369571898999766e+02,1.046392311499565281e+07
4.506474752883561950e-06,7.230883353826772630e-14,4.878670773033594836e-05,3.255668146500944431e+02,5.112199802206669119e+03
3.321743976769483654e-07,2.506752433494585174e-13,6.653462211244206530e-06,3.783517179754467747e+02,7.251010928955927957e+05
1.440830479350205728e-06,3.307298630549651152e-14,8.673724059422831001e-06,3.455735905987370415e+02,1.557449033797215670e+05
7.456763252195585639e-07,7.865530421124130687e-13,4.124393111742523263e-05,3.860534329494452095e+02,2.186841028345878294e+04
7.954920757342388328e-05,4.679781689347923021e-14,1.547827635853083353e-05,2.927394269705532679e+02,6.646675808146945201e+04
8.587512513810148385e-06,2.214846142317282278e-13,1.844716088752414680e-05,2.630153496495802301e+02,2.380476546721775667e+05
5.334743098968995731e-05,5.200435127348078251e-14,6.871139054715628233e-06,3.449399190436753884e+02,1.642340795839958009e+05
7.735338244164080343e-07,1.684242360366202780e-14,4.809940480708622284e-05,3.444912122404573438e+02,2.455315868464678317e+02
1.935620333839947207e-06,1.123263352914150853e-14,2.428128208465892191e-05,3.092804391991886064e+02,2.356568394886478472e+03
5.036362448002086150e-06,5.752314538907040833e-13,2.415685054695858536e-05,3.725716943886021113e+02,5.162986345718062366e+05
1.159269874508487057e-06,1.443790089453547162e-13,2.398015592004151705e-05,2.533189981087692217e+02,4.417798897664970355e+03
2.341525444494196629e-06,1.522228131442148037e-13,6.649604571335162888e-06,3.732436570588634481e+02,3.864928102986380924e+06
6.279443708567961972e-06,1.908484562619528213e-14,2.434648920729246362e-05,3.857332675481754904e+02,2.212413934752329078e+04
1.215788197446411543e-07,4.189318888122463286e-14,7.505047185205621158e-06,2.151096547832307522e+02,-9.635278519846113340e+03
1.045763463870871767e-06,2.848463106985574740e-13,2.031674332116783845e-05,3.341916318057847093e+02,6.929953685951174702e+04
1.001532620608498884e-07,5.908132764910392813e-14,1.079325486812030985e-05,3.531775853804630287e+02,1.042668295860780381e+04
2.802933963535406080e-06,9.300977627204025023e-14,6.855681692705413631e-06,2.808385047314439475e+02,1.424237999242031015e+06
6.668098326729344299e-06,2.703098334708153402e-14,5.586924192384450800e-06,2.280946933661187757e+02,5.463972096632094122e+06
1.900953003882703595e-07,1.358907980674957946e-14,3.078452021854659380e-05,3.757460979904448095e+02,2.211614207213510213e+02
5.324553639040605577e-07,1.081844194510950310e-13,5.142431072150992247e-06,3.006773802342680710e+02,6.579348876766177127e+05
2.582114301902566116e-05,3.998634067278525786e-13,9.935648121866988799e-06,2.698663533263768954e+02,5.390280352085650899e+06
3.317757805212105985e-05,1.187753003818201358e-14,9.101213074457490106e-06,2.596502769302624074e+02,9.698116496038901096e+04
1.456128703354585948e-06,1.935673855099116992e-14,9.366051638681940404e-06,2.147804019913360207e+02,-2.795211161443927267e+04
2.771221192956682000e-05,6.032507329927161682e-13,8.163846147828169824e-06,3.789885205278823719e+02,7.060022633872051723e+06
6.782983476206738392e-07,3.573888998164562012e-13,1.893504990798014064e-05,3.465728096662586495e+02,7.596923384590802016e+04
1.313181231335081255e-05,3.687098387788882821e-13,1.457094792611778259e-05,3.950684135347786423e+02,7.465513276437730528e+06
4.328823423991353712e-06,6.161453506709126406e-13,5.682859005380585129e-06,3.338882474241343630e+02,1.102319268466049135e+08
2.090726561342584011e-06,4.149524813359298813e-13,1.865862126110018823e-05,3.587813337487343119e+02,3.080805851083294838e+05
9.318088448718921129e-06,4.135651125508646325e-14,9.572492961969138276e-06,2.002714345757469232e+02,9.588636892903575208e+05
1.096912630643258133e-07,1.456405771256672227e-13,9.670512416827191338e-06,2.158454693839575782e+02,-1.365435002582377638e+04
3.071357200938791711e-07,9.016599732060699218e-13,8.188856971381126224e-06,3.911442432477073226e+02,1.397513348772928352e+06
7.611502479047344784e-07,3.930874469564498981e-14,2.202409437350265941e-05,2.276453307117369036e+02,-1.051192603019811486e+03
1.100747808047869322e-05,1.426546370713680769e-13,4.686470454465282688e-05,2.841543143430727696e+02,1.666448516304837176e+04
1.314334597538818464e-05,3.426990401097628031e-13,1.300145190641965885e-05,3.882428880298469380e+02,1.783001161763368174e+07
1.102256002595664777e-05,1.737719762342197179e-13,2.264529100141749292e-05,2.587290616247710773e+02,9.592972118302999297e+04
2.008405119289947413e-05,1.450278367816553864e-13,8.223917077931956632e-06,2.681481733283418976e+02,3.231464193771122489e+06
1.732425960529974504e-07,6.644661583119390204e-14,7.730407030614142947e-06,2.060235630504524806e+02,-2.837328725012709765e+04
2.078101353627588195e-07,1.598146988067392473e-13,3.146146253557543561e-05,2.979011793068914358e+02,1.433095693990682321e+03
3.681743093308147900e-05,2.703645807374940804e-14,3.571927165142623557e-05,2.345744196692075434e+02,1.792641527088729490e+05
1.176286895831143105e-06,2.886727422594668853e-14,2.155512690131588797e-05,2.628270527308621922e+02,2.037760170168825425e+03
5.071236580104734739e-06,1.604317256582452004e-14,8.547668249590260669e-06,3.587263881989986771e+02,3.314247978669449221e+05
3.239727013925307398e-06,2.048860602509607624e-13,7.152659028549082504e-06,3.530890951286932022e+02,6.822779810364302248e+06
7.585561155290442164e-06,5.570179262715169401e-14,1.693762106604565531e-05,3.176308585776781115e+02,1.563548173080756096e+05
1.701532049290266106e-07,6.044835654531161738e-13,2.330561046652774278e-05,2.552337967528308695e+02,3.353719933696880616e+03
2.038781476402853616e-05,1.674724690977755689e-14,1.410734581758806542e-05,3.931184968625691454e+02,3.621201432002048241e+05
2.345346339651124313e-07,1.115669383123512460e-14,8.397022072036594204e-06,2.276947102310419666e+02,-1.651460871560167107e+03
1.106938226676883581e-05,3.188932880928791386e-14,4.142964309370897427e-05,2.617789980238289900e+02,2.916581403429062448e+03
1.608519378710755431e-06,5.021618286471629220e-14,1.176050647657597275e-05,3.583292178059173807e+02,1.140734532500247878e+05
2.997677499924748557e-06,2.242250307043397411e-13,2.663518103657941266e-05,3.256456784388897745e+02,6.495705677590322011e+04
1.035335732558754604e-05,3.383326598462691056e-14,5.055698277191629489e-06,3.563945818547771864e+02,2.836822319415905513e+06
1.297203919093078304e-06,6.466908723651838206e-13,1.222770724030933966e-05,2.150632153872996639e+02,-1.526932067513762740e+05
1.374397682091841275e-07,2.755979410603947041e-13,3.419541748466701548e-05,3.070213899820341226e+02,1.429680625852975254e+03
7.809705464062401039e-05,9.332663636495751056e-13,3.141589009400502888e-05,2.552718122003921337e+02,1.375266681450193049e+06
3.698543221098166263e-06,8.575619705073134638e-13,2.418440324762362428e-05,2.563760047147485466e+02,1.157573851718473888e+05
1.684356136711086488e-05,4.162791860554025238e-13,4.328833207480370669e-05,3.940050880681968692e+02,2.444821249432295444e+05
3.925405269814578973e-06,5.912938115214152222e-13,4.624159770304280757e-05,3.314098433349410016e+02,4.486879493351335987e+04
2.877800661018493488e-05,4.712016884906491431e-14,5.975544485130453359e-06,3.920657189382233696e+02,5.113709351385554182e+05
4.941383233061660063e-06,6.406793838014524568e-14,1.830975003120063682e-05,3.330069318495545190e+02,1.018592997790740046e+05
2.334912634316323568e-07,4.247998454739428747e-13,2.941334654638170032e-05,2.906428665716034629e+02,4.695707780241449655e+03
8.427906211027744564e-06,8.740111660698634739e-14,5.258976526789705483e-06,2.219714743728334270e+02,1.105931457521231845e+07
3.297782494379259136e-07,6.196355093593382266e-14,9.461912519926376410e-06,2.416511505552613812e+02,1.163637735518103000e+03
2.957756415594006092e-05,1.495456817927810065e-14,1.053089392659247714e-05,2.443720455103094764e+02,1.536383680069703260e+05
1.104548528501759652e-05,4.229336733444241030e-14,3.313612592115145855e-05,2.351034441443803473e+02,-1.906156026753797050e+03
6.598206669564007877e-05,3.025424514530231259e-14,9.075263838257738218e-06,3.891697672697587791e+02,6.245757398196186114e+04
7.713338106115259446e-06,6.017898643346438360e-14,5.004388971647746225e-06,3.174856281499599504e+02,9.090980996550260112e+06
4.736846292213456972e-07,2.541718349630306665e-13,4.412215036863951194e-05,2.899697706855597517e+02,1.670030174465758364e+03
4.692590288421990226e-06,3.555165424115281232e-13,1.059844146045892507e-05,3.933567021118858520e+02,5.025770706627408974e+06
2.066887462466620906e-05,8.465582029127399995e-14,6.217638795541903514e-06,3.147483801640146908e+02,1.781040432806352852e+06
1.366673874819427156e-05,2.285867902649714469e-14,3.021873697126814480e-05,2.349271647932899612e+02,-1.790622132566499204e+03
1.063873810642588165e-06,1.823020234888381375e-14,1.795973568794190375e-05,3.451930817497761268e+02,7.061100996595032484e+03
9.248119903375800894e-06,2.183880732709967405e-14,4.777263862450760836e-05,3.173796177490446553e+02,3.157588677272001860e+03
6.394508719493935053e-05,1.662523167536682531e-14,1.119088737771650531e-05,3.937072493152356287e+02,3.654297968758266506e+04
1.133522458674282963e-05,5.212611595105129296e-13,1.289389322367846322e-05,2.685787011466493936e+02,1.573391880296125077e+07
1.264457412692392065e-06,3.866324350660387261e-14,1.331276416720548339e-05,3.259090297783980077e+02,3.786970707583435433e+04
5.398523437044447143e-05,1.020028852836017042e-13,2.455464552314534280e-05,3.479189980157466380e+02,3.145669507601647056e+05
3.039992962180577130e-05,1.688840204419720553e-14,4.081403380155764176e-05,3.454652815063334401e+02,1.859152840767914313e+04
3.677488140095506726e-05,5.491525116804231221e-13,9.798798028150299368e-06,3.469969499781364561e+02,3.649564395247131120e+06
2.091819128612893837e-07,1.124808836459229028e-14,5.696110074749362736e-06,2.546264748987093185e+02,5.061781630045199563e+03
7.455666973852495445e-07,1.843217355005154264e-14,1.454566352324190695e-05,2.797008895845051484e+02,4.385588471087550715e+03
2.346299283475141025e-05,4.606579945665014489e-14,4.548661357551869229e-05,3.914251248851074365e+02,3.316879253777742997e+04
6.674557636476199032e-07,4.193727921938651160e-13,2.708131120949973305e-05,2.690715178425026011e+02,1.053273411484235476e+04
1.663863928707510718e-07,4.239190932128097120e-14,1.441099095169395680e-05,2.136149122288626359e+02,-2.012630092485348996e+03
1.121496796597241916e-05,3.732706200051131675e-14,1.479114948613965104e-05,2.437326357639411185e+02,2.215750641211078619e+04
2.499250970575576594e-05,1.502866078378080975e-14,1.559609151146692678e-05,3.260223087177718639e+02,2.162475329001683858e+05
8.419831966381566705e-06,5.301878823503251266e-14,1.144226470600793521e-05,3.456013168886386779e+02,7.572562305640565464e+05
1.082754529699507279e-06,2.432582827100713554e-13,6.060436953221306980e-06,2.837370067372181097e+02,2.635057747928789817e+06
4.778812124674236774e-06,4.422153107307020975e-13,2.194151499736757502e-05,2.017862625011985074e+02,-2.418825456860059057e+05
1.160272113503062199e-07,3.727364764301451150e-13,1.496100530079334943e-05,3.051826492388234442e+02,1.907250557324761758e+04
4.875116150038811531e-06,3.227193730501304245e-13,2.471043658900888139e-05,2.037549881216623930e+02,-1.264484932891495991e+05
3.718806009914846027e-05,1.154504158327084929e-14,9.648593295084152900e-06,2.030561920556844484e+02,7.503071266875186120e+04
1.714587704563490718e-07,2.580375851863165042e-13,3.215175517098885677e-05,3.526439911291694216e+02,2.939756217270378329e+03
1.412401563490087413e-06,7.021639011832519411e-14,4.345861668854728374e-05,3.201635966589687996e+02,2.092277878190446700e+03
3.123137842128626989e-07,3.050594894122473616e-14,1.194816215808458763e-05,2.107062546396881260e+02,-5.369455503358373790e+03
1.380459563871336352e-06,6.584303101466017185e-13,1.449224668811035641e-05,3.212952376261619065e+02,5.427881554495776072e+05
1.094014353836761907e-07,1.992688280370944128e-13,5.258520453632744731e-06,2.597961116203616143e+02,8.355635931213494041e+04
3.042907562082214441e-05,4.513851266507821151e-13,1.398283864042498921e-05,2.131750081220308175e+02,4.381475061542659998e+06
3.081271244880816349e-06,1.359127764275711843e-14,7.582200264651159243e-06,2.894623799398459596e+02,1.201620938813886169e+05
2.031207056785231203e-06,2.019543468614438082e-14,2.446190385056045178e-05,3.599488513154532825e+02,6.469896906958787440e+03
6.388282997571372367e-06,6.732809229242839201e-13,6.760638591312127437e-06,3.719722109241872658e+02,1.159099785299372375e+08
3.548825235831848325e-05,7.107476057471178157e-13,5.415330411770536497e-06,3.501287676530881185e+02,5.072205004247843288e+06
7.477943413521854720e-07,5.391320899743407890e-14,2.952619683399018591e-05,2.271810812770151529e+02,-6.111099315083779402e+02
6.346743066108829219e-07,1.644184679237734116e-13,1.648760762385787214e-05,2.189543473124952015e+02,-1.545017437281861203e+04
1.407610906320498785e-07,1.313326988969862332e-14,3.561396083752400507e-05,2.303669116946582847e+02,-1.183176130451361985e+01
6.297922052487812874e-07,1.445261805202937752e-13,8.404949169934044137e-06,2.048109259787453595e+02,-1.724709713766411587e+05
1.579921629091144883e-07,1.786472918201856533e-14,6.125341896593709081e-06,3.778591968850995499e+02,3.098522099479105236e+04
1.332525293893736021e-07,9.406052496958558035e-14,3.120467808985971560e-05,2.248966262041658695e+02,-1.915243861853068665e+02
4.551889247296998603e-06,1.180393972014786874e-14,1.158140252762865869e-05,3.128735332071006496e+02,5.831661476956583647e+04
3.560448122051982736e-07,3.353714608360653608e-13,3.710830119908533763e-05,3.398789654186152234e+02,4.747743641828142245e+03
1.670218024671202422e-07,5.934139633425412699e-14,1.130843890959128789e-05,3.175945410427740399e+02,1.157779235668482943e+04
5.625281033371150476e-05,7.256413628515423746e-13,2.166376510872058709e-05,2.262160269469432876e+02,2.061029462934816955e+06
2.793840942227034170e-07,1.444094687714680949e-14,5.069058101013532877e-06,2.051381295475823947e+02,-3.633616757366664388e+04
1.925273229814500524e-07,7.048086469627990113e-13,1.277309559033994570e-05,3.588598172172520435e+02,1.492573828755404102e+05
8.166466314095813044e-05,1.159874804451444481e-14,1.112072557786535175e-05,3.018146874827577903e+02,1.563123825962783121e+04
1.002076532824388817e-05,6.484152253146342290e-13,4.809144303489094999e-05,2.865354019905902874e+02,6.665769430254303734e+04
1.504049484025807924e-05,1.990173620021076112e-13,2.266283755114562661e-05,3.156087889697434434e+02,5.006216132642347366e+05
4.893414307701481282e-06,1.540588730297609796e-13,1.330707599647642871e-05,3.305271986446741721e+02,6.542705182296729181e+05
1.626181972873010098e-07,2.534209440418755212e-14,2.757357436593781521e-05,3.359022441374485766e+02,3.880253614400068614e+02
3.354530317121009238e-05,6.913550057266034259e-13,2.412047012782699075e-05,3.575686608583686734e+02,5.521896822792205028e+06
1.795093244831658906e-06,1.270950725540060232e-14,3.355016802620512098e-05,3.115707451416420213e+02,9.602640313984343265e+02
1.504539080772404735e-06,4.803252710392406511e-13,1.040709506118203886e-05,2.004831909070227027e+02,-2.059901816679952899e+05
2.546406487167644454e-07,9.494122408672993682e-13,1.880029371088371505e-05,2.000158777235923253e+02,-5.014238002388297900e+04
2.186047817704393220e-07,5.199909901538181322e-14,1.080430067282329056e-05,3.570576054004439470e+02,2.043128004640254585e+04
3.687548989972723737e-06,2.179029829593931361e-13,1.252829874330674892e-05,2.639602840800433796e+02,3.544733932814425207e+05
5.084295322437879125e-06,5.255921205461970490e-13,1.757913481278967064e-05,2.392790851932101646e+02,1.963864970375201665e+05
3.597962464109577585e-06,1.268499237159834152e-13,9.817951782217695578e-06,3.140041365367661683e+02,9.104261543645944912e+05
6.908345253432039461e-06,1.084541881777414420e-14,5.193519516019091678e-06,3.926819254315342391e+02,2.042437983207441168e+06
4.294675841877466661e-05,3.122732825592331953e-14,4.443353552058118739e-05,2.900820123586685213e+02,2.623006099134286706e+04
3.255476276168284187e-06,1.672265759954690059e-13,1.418732195207649608e-05,3.833376873065026302e+02,5.036775956766128074e+05
1.372280955030736099e-06,2.067088304048273928e-14,1.416324956749308340e-05,3.745498140705210517e+02,2.486700340506816428e+04
5.884615721931616298e-07,1.393516913074287086e-14,5.548651287816279644e-06,2.795224958674887148e+02,4.721188376892739325e+04
8.327984867565406123e-07,9.545310367460286744e-13,9.097254871054995736e-06,2.276725724785856642e+02,1.348600779834966874e+06
4.813058719036479584e-06,1.000497513418300951e-14,1.634985305452556288e-05,3.499066836887980685e+02,2.454908716666484179e+04
2.432859470715614190e-05,1.128582046149482827e-14,1.388519990099432744e-05,3.900866252379577190e+02,1.713758841673769057e+05
2.105538028977364940e-06,1.499703867081725109e-14,1.771760525291046681e-05,2.103833600109491044e+02,-5.548610848886777603e+03
1.325216949689484132e-07,2.559059183019575847e-13,8.967794935379651896e-06,3.077963613725435152e+02,7.169733921149242087e+04
3.668288727342759156e-07,1.034991324581545222e-14,1.841258567734840512e-05,2.577232478954569501e+02,2.892044964448173232e+02
1.870495640218834708e-07,1.937333096741792373e-13,1.054940097884857127e-05,3.121980904154527252e+02,4.937687466009876516e+04
1.000069637408655533e-06,5.561661833683494275e-13,1.842106463163355336e-05,3.109911742851135159e+02,1.411103097860703128e+05
1.130134086849789965e-05,6.400685797944120400e-13,5.601181923861602351e-06,3.614106802633352800e+02,4.504194942733714730e+07
5.917580787967694243e-06,1.620832751029900440e-14,8.053253084938020488e-06,3.367934604957720239e+02,4.372994214739443269e+05
9.691316340212450528e-06,3.080725802524169195e-14,1.328115564959929905e-05,3.606007858196456368e+02,3.436510855160841020e+05
2.310922562296753413e-06,2.213438621530952952e-14,2.262228566337184450e-05,2.218714910054617349e+02,-2.503432197082949642e+03
2.134723400856072475e-07,1.471942786469731027e-13,1.085972143796687214e-05,3.857223221561806099e+02,6.409540613974937878e+04
7.740479505927384110e-07,4.803459874751681976e-13,2.313532463516496636e-05,3.198028824337895912e+02,5.183817221478956344e+04
3.410997780088952467e-06,2.109030509367807840e-14,1.113315036170366692e-05,2.310578280400720246e+02,-1.404490865026458050e+04
3.100950939136019570e-06,7.320974318969653635e-14,3.953122843414406913e-05,3.981561610767836896e+02,1.011077771366320667e+04
5.382501551108124752e-07,5.726684337423985332e-14,4.214735195517291347e-05,2.508804284705977636e+02,1.234481615651415609e+02
2.991607921336002590e-05,1.432309164076520625e-13,7.617698735932839182e-06,2.902613073974716258e+02,1.438394586624659365e+06
1.994986714904251972e-06,1.883881517829248382e-13,4.942762992165043793e-05,3.701458419286215076e+02,7.569408310399578113e+03
3.438494828364500964e-05,1.402810485486080504e-13,2.541712696010247288e-05,2.570644574472244699e+02,1.066382159579316853e+06
6.258610018621614838e-07,1.091031225700617281e-13,2.323587059874521876e-05,2.147460625989593552e+02,-4.425943387120991247e+03
6.696051074752349395e-05,1.580447454030121726e-13,1.139091243510049535e-05,2.152976451500513519e+02,3.168058294350376818e+05
2.165569066309862634e-07,1.662123854690389029e-14,1.258790033299119810e-05,3.360636990186220032e+02,3.566641927012957240e+03
2.030240427770339559e-05,1.800899525094377409e-14,2.247637375044316799e-05,2.512219013458196173e+02,1.418632953574037674e+04
1.149633363668512629e-07,1.292886003481168929e-13,5.551780539180768441e-06,2.365683412149404887e+02,-7.531071945525647607e+03
5.116370551970885312e-07,2.469127848868642534e-14,2.583955650824895580e-05,3.489761009071763738e+02,1.581045562437157059e+03
4.089403015807541690e-05,1.326996414935266676e-13,5.113531305703161641e-06,3.696874284330392584e+02,7.131822767859866144e+05
1.122832564080418195e-06,3.162253136751291357e-13,1.845486054543041602e-05,3.164457099492882435e+02,9.459021113247648464e+04
6.272468358283485952e-05,4.133171777222558739e-13,4.494589861595088765e-05,2.739869644470001617e+02,9.441850403396288166e+05
6.141168333828772748e-05,1.798169036450793426e-14,8.628392143522982101e-06,3.766025997838252124e+02,4.285279266818361066e+04
2.515230152392271477e-05,1.451683358289355739e-14,3.011353459180766496e-05,3.836960058550835697e+02,4.186939256738983386e+04
1.542823863552059789e-06,1.218858698914710417e-14,2.757449828873513370e-05,2.977318246982097776e+02,1.203516523713059769e+03
3.756691310564624870e-05,9.046059279411610190e-14,1.476433338521969209e-05,3.702545531693828025e+02,5.761015279820893193e+05
2.351326891455087162e-06,1.918514687931954547e-14,3.324812552208204471e-05,3.819226203866218725e+02,3.157994676742268894e+03
2.390653230174555597e-07,4.503283684128806108e-13,5.383247525009385867e-06,3.897679903116776359e+02,1.959950907826136798e+06
3.596458942810096943e-05,2.921708614681251278e-14,1.312187682940887997e-05,2.161823717997704364e+02,2.030192905940242636e+05
2.810218660475443124e-05,7.843086707194829407e-14,4.950652600391845120e-05,3.378397970564560637e+02,3.989142160755190707e+04
2.550916960618624172e-07,3.629221973053631688e-14,1.648839110537467464e-05,3.166120052140478833e+02,3.455283950785245452e+03
3.977219416435817353e-05,2.473744086878834331e-14,1.314287383373680880e-05,2.512087920670410881e+02,1.405549954926163482e+05
3.604866278405271236e-06,7.640573819286189751e-13,5.497016015586077576e-06,2.237206582109516546e+02,1.215229161496267170e+08
1.701266207108791432e-05,1.394467468466404642e-14,1.131660804374038626e-05,2.077326679818933428e+02,4.330264796217894182e+05
6.375702769841990337e-07,2.913887700911699954e-13,1.680450035806177372e-05,2.516428773631888021e+02,1.261803976047001197e+04
4.429803393118628395e-07,3.230781965567011419e-14,1.263308550615956063e-05,3.580953128598503099e+02,1.619087163763349599e+04
3.507021632156563537e-05,1.599961422396074567e-14,1.924201554025787558e-05,2.615342279238084870e+02,1.169185013949066197e+05
6.318898715278419168e-06,2.180916260402605250e-14,9.886017274008515715e-06,3.035327745311772105e+02,2.355236406908452045e+05
2.774063491761294218e-07,5.775610948642064438e-14,8.701086673504961918e-06,3.287669375400989225e+02,4.542436206382757518e+04
1.252017094993472666e-06,2.010181154485055455e-13,7.143550511600044320e-06,2.190847797369234513e+02,1.922523699114794144e+05
3.776656227196990043e-05,2.366875309401470614e-13,2.379918697552111902e-05,3.299487679862505161e+02,1.491458206956424983e+06
2.540099594392570175e-06,1.720938796966791298e-14,1.613228758546013272e-05,2.582174493206520651e+02,5.117891247040864982e+03
1.024610228007761304e-06,6.910816527110905545e-14,3.959119119723482360e-05,3.972073756651045073e+02,3.122788384483451864e+03
1.054050927273280959e-06,1.708704171634774022e-14,1.142187079059616804e-05,2.655183660477944727e+02,8.054015039949630591e+03
2.978054262673441820e-05,2.369502079246090964e-14,2.968145639685648089e-05,2.587453552630203149e+02,2.401278315659683431e+05
2.306200609702881098e-06,2.897687903026091278e-14,2.375241987941228441e-05,3.106935399296214655e+02,7.867049141113982841e+03
6.999395084834020124e-05,7.459497846051082208e-13,3.717013758537413568e-05,3.974343105175325377e+02,1.368482332169718342e+06
8.641725214518597591e-07,3.616588596380439333e-14,2.159412001816280062e-05,3.663293527589362384e+02,7.403589068498873530e+03
1.859691848733237364e-05,2.415173946361293164e-14,1.717988222107816275e-05,3.431979827267863925e+02,6.276493138939692872e+05
7.196419605812172994e-07,9.251371410510443619e-13,1.508076708225849107e-05,2.280915951676236659e+02,-5.559928934102406492e+04
2.011483182642898336e-05,2.435774670479118177e-13,1.239615551002464842e-05,3.452075541521786590e+02,5.410718209345336072e+06
1.129259959303860019e-07,7.310387304879635036e-14,8.791829538282165777e-06,3.729501900043330807e+02,2.994162506881482841e+04
2.451675260556410548e-07,8.177582591952214482e-13,2.272699276753598039e-05,3.492015352056467350e+02,3.692918549077716307e+04
5.994745075313878115e-07,5.269015048786273070e-13,4.416498730077795647e-05,3.169623699975369959e+02,6.155600484404346389e+03
4.076391561543782105e-05,7.244493466817635957e-13,3.268420741343658543e-05,2.347208689225548710e+02,3.918382747962776572e+06
9.278870830726568839e-07,1.904134789029266185e-13,7.996797951268384201e-06,3.781880546611372438e+02,8.944250039075092645e+05
2.822127453789614282e-06,3.222566310683142200e-14,1.231563997439451135e-05,2.722222642122228535e+02,4.061276298097278777e+04
2.094756564776415997e-07,4.347383361381222694e-13,4.973113561929539799e-05,2.681968755101371471e+02,5.381875214988674543e+02
5.012274623569223310e-06,4.426678312531133183e-13,7.634182258853166648e-06,2.210230091249407565e+02,3.095737114169814810e+07
1.940812594655167239e-07,2.018633036311200287e-13,1.365791060117078466e-05,2.394695687329018767e+02,-2.292041271226116805e+02
2.659542981626946965e-07,9.003659410993666836e-13,2.843192162811253060e-05,3.424406614810060887e+02,2.154897662208244583e+04
2.528815737511701299e-05,6.474605340306642144e-14,4.538016635633796867e-05,3.128659403637724381e+02,3.084365663472738379e+04
5.391763802037627078e-07,6.017590395163845421e-14,5.184691491557552068e-06,3.235633459122865361e+02,4.259422641797910910e+05
1.526726111172864272e-07,5.817727266134790066e-13,1.126249896779541425e-05,2.809880051793355165e+02,6.296377819673057820e+04
6.389614260663439662e-06,4.953031053263404196e-14,2.006196099804427750e-05,2.978793662334721830e+02,5.431372438983681059e+04
2.751062569953810841e-07,8.699172535986969358e-13,6.814810560743180502e-06,3.879865732765866255e+02,2.160573193536318839e+06
1.440290749035965130e-07,6.411699153343827692e-13,3.324698729176940246e-05,3.680610921340121422e+02,6.044689001884857134e+03
3.102108256199447928e-05,2.189321195837578378e-13,6.393220971891867240e-06,2.647953065489243158e+02,2.044778174076610710e+06
1.554348730658907820e-06,6.461857463039926032e-13,1.735089522567485244e-05,3.013278799296219290e+02,2.773965630895821378e+05
3.948437138873728551e-05,1.975917681726182191e-14,1.255909635910998785e-05,2.479831324561211261e+02,1.139118773711680697e+05
1.706453286598575995e-05,2.361740687702161634e-13,2.094542642404097221e-05,3.768858251860932000e+02,1.383666142014384037e+06
4.007671258348904733e-07,3.262829505724575884e-13,1.285496730926523868e-05,2.219833030549118291e+02,-3.404400251573890273e+04
1.796527575233296642e-07,3.384606636697985118e-14,1.417384219265222076e-05,2.638294705329307135e+02,1.333529732185549165e+03
3.266417977932630566e-07,2.054955363589275757e-14,3.699825910548506749e-05,2.304963441877795276e+02,-3.778107477799687786e+01
3.046074306586766101e-06,1.024253736192117120e-14,7.915600731217697922e-06,2.844313196566740771e+02,7.126090907532678102e+04
1.183707552866854858e-06,5.386184099110862273e-14,1.329447180581826225e-05,3.497127921381446072e+02,5.900372232298801100e+04
3.132897091291286833e-05,1.533658404208199310e-13,3.281087082273242495e-05,3.831707353961510307e+02,4.689978386945942184e+05
2.556951727911947595e-06,1.822049458936441337e-13,1.460624539162593281e-05,2.790156635085554058e+02,1.496114955332281243e+05
4.615822516156822079e-06,2.522582134695348221e-14,2.763979265254955166e-05,3.215948071713750096e+02,9.753820730240498960e+03
1.453304885072788038e-06,2.864727658604917886e-13,1.458663086743385502e-05,3.188135255329465281e+02,2.317351649641582917e+05
1.839505179846901667e-05,3.696112323576406382e-14,4.993535775301458595e-05,2.197553845780085737e+02,-3.618924619732653809e+03
1.166324433605255362e-05,5.623006701796883073e-13,9.671850891739613437e-06,3.738477688739874338e+02,3.715185232151859999e+07
1.141082387761144702e-05,1.815706070167446274e-13,1.976278451243131050e-05,3.407861688351737257e+02,6.190081926804785617e+05
2.064349209033621756e-05,8.299811629188690637e-13,2.313644052660880995e-05,2.904669928603386779e+02,5.145840774248402566e+06
1.569706245200673622e-06,6.605412202394311119e-14,1.198774006001027500e-05,2.451446760942494620e+02,9.134852547883565421e+03
2.276446895982911953e-07,2.583133517359374408e-14,1.020715173031039469e-05,2.061595768387644227e+02,-6.275715056489112612e+03
2.843153662656896569e-05,2.182612693986568421e-13,3.356560113192767059e-05,3.982584852267386850e+02,5.508449887823332101e+05
1.087846093935179648e-06,3.057074912986807329e-13,4.518899718691243855e-05,2.298375033166550736e+02,-1.101796878101738002e+03
1.189290221767040115e-05,2.011841354010748334e-13,2.119951531052508749e-05,2.696124183344812764e+02,2.334650659176646441e+05
9.234167076919657757e-05,3.181118124395272415e-14,4.438396936311602033e-05,3.667125448565391252e+02,3.353010845206390513e+04
1.274339680258213851e-05,2.185098185450726209e-14,5.138936251779867831e-06,3.113426480018513303e+02,1.209347641716063721e+06
5.248765780891084505e-05,2.767360227645799049e-13,4.866766726146212811e-05,3.197489823775695754e+02,9.028215698902281001e+05
1.096641927046356347e-07,1.459594660265008342e-14,6.998949486628609583e-06,3.188433784146960193e+02,7.982342536204162570e+03
6.473697612320320517e-06,5.143379323802955811e-14,2.176892326880521851e-05,3.206366773398258374e+02,5.763505114769583452e+04
1.958700691125698632e-07,6.802525444619323092e-14,3.598783154052278540e-05,3.062725037113453936e+02,4.276689588244580023e+02
4.144898427764762735e-05,9.999851103119435693e-13,5.742401069137218308e-06,2.269607424817355366e+02,5.231381194023156539e+06
7.598769293734853561e-05,4.242511584216186164e-14,4.765369995473057568e-05,3.036286280799014321e+02,6.603696982339749229e+04
1.266078787905589300e-07,3.981584836855677547e-13,1.952361578530117074e-05,3.231374594778209826e+02,1.204941708238620595e+04
2.510637729814146689e-07,1.405752079714047865e-13,9.993179564784281649e-06,3.418332260721221019e+02,7.287919049024989363e+04
3.149800919544657802e-05,1.149370785983502357e-13,4.780301050900025525e-05,3.110653005626379013e+02,5.920658843423064536e+04
1.149897900328362528e-05,1.187889182952967105e-13,6.481199103463536785e-06,3.946041709095762258e+02,8.074357680453483947e+06
8.809947690160899452e-05,2.491955158048437011e-13,5.235377394919814084e-06,2.597403035362193577e+02,2.885653504526280449e+05
1.860062702823521983e-05,5.723492640691299748e-13,2.544422986152173254e-05,3.191103188302990361e+02,1.567287843145883176e+06
6.061362022538604307e-06,1.535016979649685547e-13,9.523559163027266793e-06,2.999087644140744260e+02,2.887660270289048553e+06
4.146959186209360528e-06,7.418395703727278785e-14,7.350060665657247675e-06,3.688851670969344809e+02,2.318781518361628056e+06
1.070537978868133782e-07,1.446610756888343912e-14,6.082773121926899503e-06,2.119151632308702062e+02,-6.304320926361771853e+03
2.246177707157484587e-05,1.578362582531656951e-14,4.384803603583003860e-05,2.893145703831148694e+02,5.346020337165386081e+03
1.419075033062222889e-06,3.943129110305030426e-14,9.664863598352525667e-06,3.512056541369048546e+02,1.366958139214351540e+05
2.089101777298235086e-07,4.577517962368520391e-13,1.761708994339920907e-05,2.279876351130443766e+02,-6.360585612299175409e+03
4.370230979767050944e-06,3.556220554748150185e-13,3.038649088485525585e-05,2.292000631093567335e+02,-1.781551473215804435e+04
1.287918021869334930e-06,1.113557827133343181e-14,3.889491488160411338e-05,3.323977623236718841e+02,4.685716271288167718e+02
6.570128517984909580e-06,2.276217813139191518e-13,6.272638448407590149e-06,3.085386463311701277e+02,4.739327343917088211e+07
1.122060773964568617e-07,2.746998212261116622e-14,6.144175396649939054e-06,3.756041293454213132e+02,3.317364770127588417e+04
3.125563558467778319e-07,2.953788150079039491e-13,2.376787333051422389e-05,3.279121185474535878e+02,1.274574593970196656e+04
4.163828078090675988e-06,2.020659854505362606e-14,4.423851577979771594e-05,2.873729016615063188e+02,1.110526315976869000e+03
6.756507274196889785e-06,9.766456580017607581e-14,2.386069201361124844e-05,3.129793267858798345e+02,8.028632508023132687e+04
1.764584572025070432e-07,1.366040681950930448e-13,2.290324067555160544e-05,3.546365531278078151e+02,4.484048897105063588e+03
8.112106176142947156e-06,4.719092965735101894e-13,3.723038293471898306e-05,2.926476521265552151e+02,9.398382322093164839e+04
3.339361571419456512e-05,1.850332408130769332e-13,2.986516007102456698e-05,3.402390739569398761e+02,1.491329070290013449e+06
7.250214871087482943e-07,5.968785029345709429e-14,5.172495243998782953e-06,2.116997696755478557e+02,-2.153575536042676540e+05
3.664311081095918935e-06,8.139875980976527899e-13,1.609374149373977086e-05,2.919985866689880822e+02,1.226106067498045508e+06
5.228267800638792932e-05,1.180369292095235882e-13,5.772618525089339716e-06,2.926247092067678182e+02,3.881082471076094662e+05
1.284928777421506322e-05,4.785799738797245069e-14,1.814372374546760505e-05,2.771107768589689044e+02,1.115293372690921824e+05
4.170296983079107559e-07,2.922579861702155900e-14,1.925292897982647304e-05,2.803464824457556119e+02,1.699508247721382531e+03
7.933741115727047804e-05,1.850893509984445873e-13,1.165339770448091336e-05,2.564164522368044459e+02,2.642871215767671238e+05
1.062246067273469563e-06,3.768116107642056822e-14,6.582758899309977618e-06,2.901353274381963843e+02,1.716995029035899497e+05
2.968980344739613467e-05,6.561152437660487540e-13,6.046096115021192769e-06,2.479975156372967717e+02,6.689845706069651991e+06
2.277993220093442570e-06,2.440157635090404220e-13,9.976888813663108325e-06,3.122393092241373438e+02,1.045182174146981561e+06
2.340467886767403857e-05,2.518169033681576886e-13,4.186040464485395597e-05,3.008155648203559167e+02,1.234296047049667541e+05
5.791192782872896249e-05,3.470039842925352841e-14,3.818669067652557153e-05,2.558976504004131698e+02,9.299273800615020446e+04
5.107048729360853090e-05,1.996727755409626296e-14,5.871798477295399912e-06,2.220639075721360314e+02,6.880650042830151506e+04
2.593029048302024413e-05,1.475144769932237631e-14,6.862874094223203576e-06,2.993647219881711408e+02,1.971834669417734549e+05
9.309299285493227722e-07,7.193978300412460845e-13,1.201101378133307176e-05,3.497665706257506031e+02,8.717060917408448877e+05
5.468761622985318324e-05,1.508983570721115852e-13,5.420669679897500288e-06,3.161963106413602986e+02,4.534789609877336188e+05
2.884159819960900107e-07,1.978779521006258613e-13,1.647575392219883104e-05,3.230718277947550519e+02,2.268876096823790431e+04
6.033716907007649935e-07,2.378667417712218240e-13,1.351248497675701827e-05,3.970360068643673799e+02,1.592405735416418174e+05
8.690798329580998587e-06,5.255915922222086634e-14,1.687035012888699661e-05,2.535906408753861285e+02,3.963193889035530447e+04
1.756076215188521390e-05,8.275783311987917592e-14,1.735306496421461559e-05,2.218571208189714810e+02,2.411976142278312705e+06
1.415822629776441052e-07,3.325031686829701819e-14,1.564037455047168174e-05,2.758056864154063987e+02,1.104411070948495308e+03
6.406082333185921329e-07,1.823058903288040062e-14,1.153839490677713863e-05,2.289925441692532786e+02,-2.528024921332016675e+03
1.279674868631286985e-06,2.725637792777785833e-13,3.451783393025101412e-05,2.592048403247996475e+02,4.346847862652604817e+03
3.481284953916279046e-05,8.970252821050897469e-13,1.827231565463907512e-05,2.522026147233429185e+02,6.652366313731288537e+06
1.013332735298760806e-07,3.325904090340589828e-14,1.721944485018838235e-05,2.090298086446017294e+02,-6.761628701974624391e+02
4.677208609446381192e-05,2.528112766277104067e-14,2.404731908555632935e-05,2.408403624461459174e+02,1.038660412403848022e+05
1.009698417068111319e-06,1.090569462370648808e-13,2.710118643072879894e-05,2.490863588130739856e+02,1.396012491307811615e+03
7.074905791515934710e-06,3.096805335958359166e-14,2.014579870017058422e-05,2.803103440532070749e+02,2.765084305159105861e+04
6.416266021143676279e-05,1.835645463638227548e-14,2.473253242665713117e-05,2.585662106638197884e+02,4.007510789997419488e+04
1.530367149625870255e-07,2.879319561989029011e-14,2.722508088532200765e-05,3.233168650292146822e+02,3.890396972640908189e+02
4.322752428073519229e-06,5.585850793826011281e-13,1.303636068030929399e-05,2.912141350143769500e+02,2.463090671227280982e+06
4.641437172760182948e-07,9.665669430165832613e-13,2.797340398508113736e-05,3.329787796825374357e+02,3.957489590770546056e+04
1.278622840245125848e-05,4.497233145217659165e-14,3.700048711236568689e-05,2.742862667274756632e+02,1.016378820483544223e+04
2.840893735271443247e-05,5.359995920760290366e-14,5.484287589857700406e-06,3.982966401404356702e+02,5.969048385964601766e+05
5.479593372939244246e-07,4.170942506690320730e-13,1.789005748678431797e-05,2.740148001299924658e+02,3.434015963806540094e+04
3.799126143562179750e-05,1.239373471435877468e-14,5.549433236656858422e-06,2.916528722832822496e+02,7.717655463860520103e+04
3.405966810005332040e-07,6.893567732877899606e-14,1.071195039808316249e-05,2.634331343178189400e+02,1.176015805190970423e+04
2.755604006285181863e-06,2.592380020009652202e-13,5.027693605086252245e-06,2.640024433768569452e+02,3.440691534842775017e+07
2.476554180223439192e-07,2.658173938077562629e-13,6.432772508974370231e-06,2.220811463445762115e+02,-1.058009547002440668e+05
8.366621488330155963e-07,2.090152023213673369e-13,1.717225051932417187e-05,2.377322864768050863e+02,-2.206033830158448836e+03
1.325502843758162138e-06,1.413217030080226778e-14,2.234918608994989925e-05,3.403720388130389551e+02,3.424750527534608409e+03
1.218430453175368143e-05,5.441720235878645620e-14,1.885274125491578394e-05,3.102505628336822951e+02,1.754105848245297675e+05
8.923810875562531274e-07,2.282009559060572246e-13,8.345423528029660950e-06,2.266430596313445847e+02,-5.796565540506050456e+04
3.881199577615566636e-06,9.008205771539178531e-13,9.748486582677703179e-06,2.452736507941511945e+02,1.935226437217496336e+07
8.994160627044409735e-06,1.018914555911709536e-13,1.009041953501984452e-05,2.969804938321572081e+02,2.744020763772837352e+06
2.276176666276130887e-05,1.301563241165181415e-13,2.933292682789834027e-05,2.043686156959135189e+02,-1.596886997497284028e+05
7.596530531148546633e-07,5.291672110428618392e-13,3.889909485886008716e-05,2.889492505276360816e+02,7.999967327964751348e+03
1.475870721285665847e-07,2.219891604682864717e-14,9.618329984141653783e-06,2.252388228399928494e+02,-1.668282790601365377e+03
5.142286039818619388e-07,2.103177342549378302e-13,1.175779713442747242e-05,2.489369058259389078e+02,1.697827687718119705e+04
4.343511057087622790e-06,2.997171609273331088e-14,5.681674913721944930e-06,2.400517670798581662e+02,9.983076272493288852e+05
4.295678531045954456e-05,7.059165265614562038e-14,2.019318324342180414e-05,3.380100854920082725e+02,3.438273509876707103e+05
9.389330077616370401e-06,1.616766821701861787e-13,3.073655623424639176e-05,3.338268112082390644e+02,1.045280453095013945e+05
6.634931315169872438e-06,2.864484667494626342e-14,4.320950417605678523e-05,3.622234877002029521e+02,5.534674904748810150e+03
1.245424128035498393e-07,1.697512356788030401e-13,1.144108625114503811e-05,2.866298762248442813e+02,1.588077502835717496e+04
3.119682937105009011e-06,3.729068719291610542e-14,3.044772941757102321e-05,2.431372638621947999e+02,3.689404388008861133e+02
9.833438233142162029e-07,3.171589268112296306e-14,1.829774846660640910e-05,3.565380824660031749e+02,1.151429438038539956e+04
1.102171761704357829e-06,2.954592307942472071e-13,5.540771295305111553e-06,3.759093029023074450e+02,7.081005679695313796e+06
7.553776598506054180e-05,6.354957440646868235e-13,1.159271207298722764e-05,3.782920698150271051e+02,1.001002107270249981e+06
3.093158786073983757e-07,9.664515948462710868e-14,1.654017505283311045e-05,3.838140768672283230e+02,1.711584812736520325e+04
1.841209272080040127e-07,2.050789431215509033e-14,4.615394077496166641e-05,3.259371791843295227e+02,7.000908312033010361e+01
8.227492252880745553e-07,7.980349957006549207e-14,2.113672463491111925e-05,2.519112861561748673e+02,2.274509113971020270e+03
8.474128140814525420e-06,3.862423602722999486e-13,3.471199576375231757e-05,3.903058198723459213e+02,2.122776114163610036e+05
6.439108667019263747e-07,2.201158768787620541e-14,2.639425408363439322e-05,2.254808622203507298e+02,-3.432129623482392162e+02
1.310577118395500183e-05,2.375425356768380256e-14,3.452379072335968834e-05,2.382727851567818220e+02,-3.946919592871199711e+02
1.216958052318775342e-05,5.712808637893750079e-13,6.041772630437351421e-06,3.204592081696620767e+02,3.466961969524858892e+07
2.063394308036212471e-06,2.994888708228527910e-13,1.710877021430207582e-05,3.540787417400479171e+02,2.770821187860044884e+05
3.192257223875545537e-05,2.277972410329993864e-13,7.919425386388638530e-06,2.017098864848228743e+02,2.009108177400383633e+06
9.361611760716167589e-07,7.814834913437404995e-13,2.503413908471873250e-05,3.175491379374280427e+02,7.883943634426334756e+04
7.405960317873810891e-06,3.132135583684393042e-13,4.335860939967021239e-05,2.137886912508604951e+02,-2.427519798055542924e+04
4.169355408028876490e-06,2.301920802543809148e-14,8.757116928160114613e-06,3.503238766699379312e+02,3.343183391256313771e+05
1.640900955914842546e-07,9.361696036921782293e-13,5.563096659771857922e-06,3.188747524243043472e+02,1.986081683713117847e+06
1.100721139434477743e-06,8.229953260566349350e-13,2.170143938168224681e-05,2.782336328856919749e+02,8.504243894567698590e+04
4.891202658719679821e-06,1.894975930062331353e-14,2.263871421943269979e-05,3.016440480988040918e+02,1.144523858522661430e+04
8.475636727121613830e-05,2.037191598083427106e-13,7.228517230369436327e-06,2.803946479424593008e+02,2.548812135679606872e+05
2.243649126237225329e-05,2.962928899659691488e-14,1.242792682563856824e-05,3.605269645087114441e+02,5.290076678658048622e+05
2.771538962607087301e-06,3.660692913419510903e-14,1.491830558883924735e-05,2.759588107523431404e+02,2.784759518119600398e+04
3.885182444814363982e-07,2.884184462385323895e-13,5.361397693769564189e-06,3.637899267796295248e+02,1.891919123694383306e+06
6.454868666120779772e-07,1.068232718764572735e-14,4.663226713625132834e-05,2.991913322330027540e+02,9.301115405076113518e+01
1.340516196918166570e-07,1.297225853572892751e-13,6.473766984403919782e-06,2.778815498854252155e+02,6.070779768251886708e+04
5.555746691798171941e-06,8.550645565488575669e-13,5.367433424688563850e-06,3.801403930917852563e+02,2.489801076897574961e+08
1.873659548250885612e-06,1.987592570733172419e-13,7.692477456327597617e-06,3.104899004029186926e+02,1.715454436481851153e+06
9.454275244190830420e-06,3.620321592021433800e-14,1.515569426212097594e-05,3.315616549264357786e+02,2.104973633607936208e+05
3.929955197649037793e-06,9.917379729370277236e-13,1.958624184713838025e-05,3.021176053954350209e+02,8.649413192066970514e+05
1.779723006331126464e-06,3.836827679064917664e-14,3.293892331557567730e-05,3.613195804187390650e+02,4.439394256287343524e+03
1.137831427062384936e-06,3.429791401646379816e-14,7.849132579881593235e-06,3.448432503722380602e+02,1.710117068536243751e+05
1.323935231946548725e-07,4.622564959129508057e-14,3.543802995105814892e-05,2.031295268399422866e+02,-1.725662135028379396e+02
8.889988757204120404e-05,7.179810679784904220e-14,2.595043804275483373e-05,2.483353619362091251e+02,8.165093975868890993e+04
1.681093486506541075e-07,2.742474856696444434e-14,1.386087923119493645e-05,2.781830623149974713e+02,1.642972146118575438e+03
1.192334936820234197e-07,1.270679712844633789e-14,2.601861048411070268e-05,3.318553763751143038e+02,1.646068080619463387e+02
4.424953935886659440e-07,2.634087801388434855e-13,2.678950603896733195e-05,3.565371988125698977e+02,1.370096413918800135e+04
2.561879744764265744e-07,1.555222526834349223e-14,4.740603522829902391e-05,3.925364350028459626e+02,1.004743170286554914e+02
2.417121666910453248e-05,1.068508056087242089e-13,3.939146228353318627e-05,3.584620732641728864e+02,1.075001074016190832e+05
2.850289634132464131e-07,2.239668753789770573e-14,2.661673513314260299e-05,3.754013652863309289e+02,8.442242968726244499e+02
1.046767429371081521e-06,5.573710389367277745e-13,1.189783911443048336e-05,3.156443412662887340e+02,6.063099390689556021e+05
1.095834938556172929e-07,1.044272055234341082e-13,1.202286493867915714e-05,3.651593606247184880e+02,1.560406551280988424e+04
6.233145476960256061e-05,1.313271054341045942e-13,2.596804844354406354e-05,3.246160532172155513e+02,3.038018850191450911e+05
9.185888798777312000e-07,2.376908474308420003e-13,3.056718801157282296e-05,3.473566615182330111e+02,1.634000567657857937e+04
3.377810163498014333e-05,3.779719196970452134e-13,8.300112785021810733e-06,2.623535262765841480e+02,2.977417101588768885e+06
7.687843325455242431e-05,8.201540698126927463e-13,4.166799557818006279e-05,3.117975795403916663e+02,1.247202620199832832e+06
1.521794683240708665e-05,2.587668326888854710e-14,6.905081209800106568e-06,3.592375612816403532e+02,1.004262170328614651e+06
6.056553568149906706e-07,5.951776934477307164e-14,1.306480182163156765e-05,2.867926344773214851e+02,1.824996307019576852e+04
2.995273086297979339e-06,5.792727626404524749e-14,2.231663056003329329e-05,3.787253126280050992e+02,3.974948755085165612e+04
2.228208450929307859e-05,5.569253247389383056e-14,9.934650356562046018e-06,3.281203046533286738e+02,1.008175062879201258e+06
1.247206803194584205e-05,2.432016133485106900e-13,1.580330376735995064e-05,3.265643312497533088e+02,2.131474845256237313e+06
3.038890802387192100e-05,1.695059662370434209e-13,1.326899168053944630e-05,2.402320296036625678e+02,1.649701684923289344e+06
4.302518319488593968e-06,4.552597068220267490e-13,1.611944597177098653e-05,2.801698710194218620e+02,5.857741599329571472e+05
9.386589283793194083e-06,3.640317129946996404e-13,1.491469456606918447e-05,3.303482752891889618e+02,3.014196346869214438e+06
1.229104113524942745e-06,6.574120059499048613e-13,3.070519001145557649e-05,3.455268745381035842e+02,5.897672521367353329e+04
3.751620166813269254e-07,5.769277121700968434e-13,2.047429354562146933e-05,2.376767397094412502e+02,-1.675992534236393112e+03
1.235153113120643695e-05,5.481377176754858419e-13,3.799605661772177537e-05,2.466045743109533817e+02,2.683832620313076768e+04
1.020110042856299263e-07,1.739020775575160481e-14,3.883770915432737059e-05,3.444108129564042997e+02,6.346990417897949044e+01
2.247205679936403110e-05,3.297001341815608936e-14,3.185999340650642311e-05,3.489443380641490080e+02,5.684253556313388981e+04
1.051234635130365467e-07,5.118926902239957270e-14,8.492509902392559251e-06,3.020684028541497810e+02,1.248197526910103079e+04
7.086026332593868160e-06,1.315906490855522373e-14,3.074158246254023153e-05,3.487285412798092352e+02,7.028805228772418559e+03
6.079131697469359646e-06,4.730656655135844106e-13,1.747066891917574058e-05,2.038708028910992027e+02,-2.506161206278047757e+05
2.072703889611953137e-07,1.860879438098799622e-14,4.235117142647444415e-05,3.534573812001390252e+02,1.126847911524806847e+02
5.978701562756898884e-06,1.908680729542032402e-13,9.137920068691338715e-06,2.649364173730327821e+02,4.737146894924846478e+06
1.877332461897660151e-05,3.660484233173786747e-14,2.500681589098777071e-05,3.339716077745206348e+02,1.000277617608799483e+05
4.054860098027613928e-06,1.490287746608493949e-14,9.660788765953826556e-06,2.009836690878019283e+02,-9.367247221010620706e+04
1.042993619988585882e-05,4.669629615057522844e-13,2.888859503465977794e-05,2.602647496839994687e+02,1.253451857195582124e+05
1.336642106802892133e-05,1.931228688950556969e-13,7.824556927391121424e-06,3.000550692630841354e+02,9.715251472062369809e+06
4.146958098005520855e-07,2.355313968258706068e-14,1.328073518547320068e-05,3.300597624776733028e+02,7.868414861736762759e+03
6.023508385053159532e-05,7.133376254412028209e-13,1.501784042525572520e-05,3.782206820913075944e+02,1.767041346728249453e+06
9.607808696269804914e-07,1.358763025121373798e-13,6.806206121452774495e-06,2.429141624128239414e+02,1.487403178224022267e+05
5.637750709320481976e-06,1.384762326766181693e-13,4.939413044713683170e-05,3.136279279783165634e+02,1.055584350138703849e+04
2.039617196466786293e-07,1.093507813362940361e-14,1.688648508954970960e-05,2.563380130753375852e+02,2.041106051097032150e+02
9.754725462978609395e-05,1.116173567419718158e-14,6.233748771483523802e-06,3.036223863208243756e+02,1.054270973820609288e+04
9.171140052896169516e-06,1.509887038528486465e-14,5.684371299342016994e-06,3.022421986814063644e+02,1.613423670051298337e+06
2.428605087233412481e-06,6.009898219742001247e-14,2.778555094416290680e-05,2.418697726033353206e+02,3.650149664645614394e+02
4.992973244912304694e-06,1.277451029245820099e-13,1.099300524069311773e-05,3.557935773998771651e+02,1.214795371301384410e+06
1.206604572804720508e-07,1.139964840764326406e-13,5.288704909023425321e-06,2.454790238559081388e+02,1.565138085380911070e+04
5.250962759074828274e-07,4.403448807800695865e-13,2.265904011487561507e-05,3.974020700190760635e+02,5.443630828534337343e+04
8.395898308568863170e-05,2.150706942608141582e-14,2.374950511754531730e-05,2.121595567435515761e+02,2.742189830229437575e+04
1.750227728857923395e-07,1.087283513033794150e-13,1.767168129266259580e-05,2.816757616553023809e+02,3.527469283816856660e+03
2.661354220995298018e-07,5.006423920569056225e-13,1.262916918123747759e-05,2.266096060085182842e+02,-2.643515226512489608e+04
5.238799573712501000e-06,1.280282133514451833e-14,2.390990168048214866e-05,2.777921957649572278e+02,4.681837480128091556e+03
2.098535768881741104e-05,1.068631970774192356e-13,8.057868310383832974e-06,2.706930818364514835e+02,2.180951607869911473e+06
3.619257481777077642e-05,3.388772773872520407e-14,3.148883723665848165e-05,3.392595270004553640e+02,2.325166760493731126e+05
3.834289043121210110e-05,8.609763623537896200e-13,6.171231714318060814e-06,2.866335263446317185e+02,5.263469971272333525e+06
1.908387086773107142e-05,1.520237446295569392e-14,9.678108964177232796e-06,3.692320830272021226e+02,3.751708659699407872e+05
1.104010508512035586e-06,5.183750402877089750e-14,1.521503649281968717e-05,3.862151362425800016e+02,4.259632984952087281e+04
5.555759809074854448e-06,1.962629513583412212e-14,6.597376219627358296e-06,2.988813988309223078e+02,8.648192613875790266e+05
2.750232154360383454e-05,6.436286359468503873e-14,2.542344035900098335e-05,3.703837241835743157e+02,7.647989198892251588e+05
2.609381172821050158e-07,3.509011260329899974e-13,3.357499501131649830e-05,2.108777884388295547e+02,-2.309810285225145890e+03
1.754937763729958596e-07,1.293297221731005018e-14,3.885366846256888310e-05,2.535456632720412529e+02,1.429282214085849745e+01
2.375503023591948145e-06,6.717647521044157851e-14,6.196842740978387575e-06,3.096894228517258512e+02,1.342883450674336171e+06
8.531413843037023060e-07,4.999315238789945175e-13,2.244420270182271774e-05,2.424217865432985661e+02,2.696364437588636065e+03
1.026134265303116620e-07,2.591156030300427271e-14,1.328066275618039405e-05,3.651663052403329743e+02,2.689988384001597296e+03
3.552961921986107234e-06,5.412157928399122878e-13,8.209547225270912921e-06,3.902257937732636606e+02,1.769490897670213506e+07
1.315022940899675730e-06,1.262406592197062581e-14,4.130089642114756504e-05,2.164913387199246415e+02,-1.769623093501051585e+02
4.460706335771347296e-05,2.053819318876779174e-14,3.047974825556398247e-05,3.698192329694387013e+02,9.276957925989192154e+04
1.005838088235977938e-06,3.356530705418710586e-13,1.326225515243219857e-05,3.086187022390609513e+02,2.253229778640791774e+05
9.727767692935900646e-06,2.633464189984821404e-14,1.937812498435166099e-05,3.385398287992695714e+02,7.623515544305871299e+04
5.060986062295413712e-06,1.617410651269770815e-14,1.829127913103414845e-05,2.126429145936559735e+02,-1.216423289082264819e+04
7.925010210205756285e-07,1.221265214755695245e-13,2.423442488070478228e-05,3.971805247970895039e+02,1.861109023852419341e+04
2.528344038738936592e-06,6.325836815822890353e-14,3.520972558687862012e-05,2.815457908781320953e+02,3.743940195647358905e+03
1.267593146305214413e-06,3.531813100791180480e-14,2.377870499025526901e-05,2.080484651474496047e+02,-3.538388853399007530e+03
5.161288671875011417e-07,1.112936239051154339e-14,2.880661379087020595e-05,3.780863659580855369e+02,6.068211104086834666e+02
1.838093561188703235e-07,1.063487353827542793e-14,7.290439231903963953e-06,3.387573108483294959e+02,1.016981914127983691e+04
1.433388703352569794e-07,4.799321082312987050e-14,1.373091957294918550e-05,2.512904749815589298e+02,8.255005497687611751e+02
4.657033552861511175e-07,5.578551571250505868e-14,4.190755859964196236e-05,2.382621608006309657e+02,-1.780039815883537813e+01
1.778106851233813589e-07,1.224341917339623376e-14,2.702596552293093089e-05,3.268046491715263073e+02,2.025277725717385806e+02
2.830699287865976327e-07,4.884851031691052229e-14,1.454507376770604019e-05,2.769105431923404126e+02,4.141670036312747470e+03
2.370061723440729227e-07,7.156600519277292013e-13,2.163012262345391333e-05,2.517367515964315317e+02,5.409757814083346602e+03
1.317943039255114750e-06,1.053425125322009309e-13,9.554632227614789304e-06,3.009429969336758859e+02,2.276817916325258848e+05
5.182288098616602234e-07,4.794400015041255180e-14,5.192281025744466068e-06,2.640632902531299351e+02,1.194407256495117326e+05
1.030923878490556042e-07,3.378191804987688963e-13,5.358225589540072625e-06,3.658727138664484642e+02,5.441392742729203310e+05
1.255267697876372157e-07,2.823653705245251022e-13,7.769959319653613463e-06,3.414610590361984919e+02,1.554931932700064499e+05
9.336000065092907253e-05,3.308112064751247168e-13,1.149722025622308943e-05,2.465901209807044836e+02,3.411215366508102743e+05
5.437927969337530329e-07,1.619522266624959372e-13,4.239068208659371435e-05,2.770761431601837330e+02,1.069631008650559806e+03
1.325814621300763842e-07,1.147846575783836227e-14,3.895232933380410632e-05,2.478291700947201832e+02,5.623910885264855608e+00
7.551432929560251884e-06,1.413216606173820310e-14,6.078403641580672511e-06,2.794743468269168716e+02,2.227412289532651193e+06
4.517759857401773707e-06,5.159057147294329175e-13,5.984274226944797412e-06,3.893208108739050886e+02,8.026018358518527448e+07
1.467420418012845335e-06,5.400946447548975486e-13,9.203489810476371481e-06,2.106847422150822240e+02,9.612711475114566274e+05
1.584876774211100268e-05,6.393702769107861933e-14,2.331911483895347947e-05,2.884888062658200170e+02,1.064741090241032362e+05
6.470661850363242497e-05,6.754673948100268645e-13,8.514845456325950901e-06,2.793752907298728587e+02,1.449965267398915719e+06
1.545488426564457474e-06,1.939990494622556224e-13,3.112875846625002201e-05,2.451472419127146054e+02,1.445551730944393057e+03
1.336526212526772584e-06,3.474200438115282455e-13,8.854255077657770706e-06,2.846935747220178996e+02,1.018355725757521112e+06
3.487787715322394605e-06,8.241652846999399758e-14,8.299350132074800263e-06,3.985704744359361484e+02,1.510600494190261001e+06
5.051592376525805366e-07,5.867131622266079361e-14,6.469823824666748233e-06,3.733846334827301234e+02,2.713895917818588205e+05
3.325996076129118801e-07,6.077338650007595340e-14,2.538496006614343638e-05,2.978266844494646648e+02,1.658824643727251441e+03
1.465693116892484965e-06,4.470404207079000415e-14,5.657754895354954058e-06,2.172856032818362451e+02,-1.553433263097715098e+05
1.074130583322815368e-05,3.671974530832022839e-14,5.603949758371080170e-06,3.508380674793772869e+02,2.860461547569472808e+06
1.107414013179416759e-07,8.270069343296070245e-13,5.818241297721590576e-06,3.893538130427207875e+02,1.272885177900598850e+06
2.601271860984421661e-07,2.601477191112072063e-14,8.984575794445191614e-06,3.134205976866705896e+02,1.511603722360441498e+04
2.656588963660735326e-05,6.657175370591875119e-14,2.587675387215164231e-05,3.663990265068577514e+02,8.477970242573304567e+05
9.918268817611048128e-07,8.828895155501633134e-14,2.992721513742618093e-05,2.253598891160007440e+02,-1.467708935345276586e+03
4.758474459978500978e-06,8.263252546500142245e-14,6.844174591330126319e-06,3.321978850639287657e+02,4.114010886112355161e+06
1.467172088617018006e-07,2.276841565179750487e-14,3.494899632648164231e-05,3.083730188382257325e+02,1.199575783948600787e+02
4.490767077441776978e-06,5.346329005125113285e-14,3.388401257357110698e-05,3.390785504373270101e+02,1.253331266160000814e+04
1.211195587760973525e-07,8.079825782879102331e-14,1.208055187164769265e-05,3.840119468328614403e+02,1.439236850187276104e+04
4.185769495170109945e-07,5.595912227679991554e-14,8.631215044403825910e-06,3.530193645656302692e+02,8.071222041164232360e+04
2.206431228493842601e-06,1.550898218501665860e-14,1.532778208598367645e-05,3.013686508534638051e+02,1.346193352852141288e+04
3.727665244665219052e-06,1.394610780865052102e-14,8.928564981924767989e-06,2.082459285051834001e+02,-7.982094826464200742e+04
2.376430778250783237e-07,5.204366738079603902e-13,1.050687959794809302e-05,2.763372527650325310e+02,9.831643469076539623e+04
2.382923464047432229e-06,2.497932933092621785e-14,7.720971735068251292e-06,2.435068587419155790e+02,1.711322098504318274e+04
2.195080767283505405e-05,5.001512796388279647e-14,3.153763868671735068e-05,3.723744450170750611e+02,9.855041407570661977e+04
1.310274371917206184e-05,8.707360396840286581e-13,2.175206210404245693e-05,2.015888369262238484e+02,1.679428575826299377e+06
1.280085365552720965e-06,6.493287707690583535e-14,6.904343506032740539e-06,2.546497531723343855e+02,1.250189041008480126e+05
3.079172673331240246e-06,4.064347492767953255e-14,1.930071704770601999e-05,2.187345905272435687e+02,-1.177658872102131863e+04
2.494642849464742619e-05,2.675294174708241539e-14,1.239527937310145778e-05,3.275266353810633859e+02,3.863717871096943854e+05
6.159255042444936050e-07,9.736998406669980104e-14,4.438480230911987087e-05,3.848613259745280288e+02,1.784970278489056454e+03
2.634276970330749235e-07,1.895896290053341263e-13,4.391680597069618619e-05,3.696818953660479679e+02,1.430035839608938886e+03
8.072753043970405716e-05,1.413250117410459484e-13,1.903106236087795774e-05,2.333006547469512384e+02,1.949064962551345234e+05
4.159317230778898807e-05,8.237646204154346424e-14,3.393643328234841711e-05,2.783258157568815250e+02,4.279663901439081528e+05
4.193373461788363430e-05,1.509556038506814203e-14,9.330923100675963036e-06,2.514748536666141092e+02,7.715654521760456555e+04
2.700951491818548034e-06,1.091593811743214256e-13,6.597311945742941863e-06,2.419416409526564280e+02,1.632828259475483559e+06
1.276604187212816688e-07,2.605836734433644919e-14,3.582703087491068172e-05,2.846931072781281387e+02,7.851335438374059095e+01
1.693910752515923905e-05,2.907226771891789562e-13,1.256010699863109419e-05,2.260891645176870099e+02,9.106436802327739075e+06
2.346786468640687845e-05,6.910467050094612065e-13,1.732480386931948397e-05,2.843430161579172477e+02,1.127744890184951015e+07
7.859453808031946389e-05,5.576424284022492147e-13,2.776411167119077845e-05,2.629961916965544333e+02,8.113751388222316746e+05
1.280388244324244770e-07,1.447497175400520448e-14,4.506060523435208905e-05,3.248745170377101772e+02,3.658797116662677951e+01
2.744321416868757374e-05,5.193139389603979602e-14,1.159380592614016909e-05,3.644939522525653501e+02,6.197415988754761638e+05
1.024222624955369929e-06,3.203811301039581778e-14,8.351256848878927278e-06,3.286784649370738407e+02,1.056853143139662425e+05
9.994685694231979648e-06,1.140499221416735609e-14,5.226320395904370957e-06,3.082909709867236074e+02,1.026141681612099637e+06
5.031307814178867798e-05,9.942634501478329059e-13,1.700243599437593520e-05,2.098269846222100625e+02,3.530126893171797507e+06
5.686621386736972213e-07,3.018163345800164167e-14,5.894430103162407011e-06,3.256847262365123470e+02,1.532740846417855646e+05
9.556187420347638862e-05,1.825829181267595108e-14,1.603429183334527294e-05,2.636197973158035666e+02,1.796972557168685671e+04
1.298811347227849465e-07,2.021182991450968252e-13,2.090288529405155511e-05,3.862658492537350980e+02,7.524930333092941510e+03
2.208750990076614785e-07,2.278350232317478878e-14,8.941217885910704010e-06,2.550778605588830885e+02,2.878104458115345551e+03
2.767153323456774517e-06,2.942786789638260205e-14,1.017619121786685170e-05,2.236414037761919360e+02,-3.889914361012312293e+04
1.435001812556683300e-05,1.385264865071990996e-14,3.245761782434699824e-05,2.762337865503079684e+02,5.581465524908784573e+03
6.018410366986726514e-05,1.687449167511697061e-13,1.481400087724589331e-05,2.837880376987802720e+02,4.187142328567215591e+05
3.481884354988453676e-05,2.560560300606369654e-13,1.957303428131612518e-05,3.783448002931508540e+02,1.898265439376572846e+06
8.157179605993076545e-05,2.190616529949147139e-13,7.003272168653058358e-06,3.285428029334779012e+02,2.958945248926878558e+05
2.108996787825827415e-06,3.747784274457897340e-14,2.887431761284438913e-05,2.795956074801462705e+02,3.219874851095253689e+03
1.655564769568689316e-06,1.914034860396757284e-13,2.692482206877167933e-05,2.350759809927428137e+02,-2.345823185085311707e+03
5.866111004507644784e-06,6.166243194525098135e-13,6.761875765218834006e-06,2.144778096056444667e+02,9.181609049698624015e+07
1.190822223618655261e-05,3.151326577080525045e-14,4.812141994761834189e-05,2.792950559526132110e+02,3.335944586673253980e+03
5.112619422201475762e-05,2.732221280180240496e-14,5.763397720561458271e-06,2.831122924838670656e+02,9.394627326624021225e+04
5.971319063384459063e-06,4.323910466314108968e-13,2.838467301067309858e-05,3.629720905094816885e+02,2.686999451037485851e+05
5.222805451427975013e-05,4.584092088966085928e-14,7.996823843654560400e-06,3.453577788630014425e+02,1.510414876105672156e+05
1.766180548934383094e-06,6.511427376328378709e-13,4.564019919731686153e-05,3.845088230319504419e+02,3.144628437785449933e+04
2.060987250266560803e-05,3.754320218188319450e-13,1.630189600208199982e-05,3.507830541265185502e+02,7.943855218850662932e+06
9.867391739167435418e-05,1.712430378038833287e-14,1.857422436162236819e-05,3.848485245123743539e+02,1.580734024751021570e+04
1.723094571370032925e-07,1.206687126148212543e-14,2.563493187570752883e-05,3.613749239851068182e+02,2.866100416023851949e+02
1.323524883429015436e-05,3.878930216966572586e-13,4.836138082553189624e-05,3.840701533631307711e+02,1.203983065876680776e+05
5.122471805027169027e-05,7.933864135361374607e-14,6.879890166210277715e-06,2.523175353653095385e+02,2.717541744745782926e+05
4.824726650862171768e-05,1.433577665014078665e-14,3.544291951220706184e-05,2.366507834390367293e+02,5.535112068133296270e+04
4.152176168928689738e-05,5.812218853751742483e-13,4.226083804357224651e-05,2.082929434108073394e+02,9.381660091154882684e+04
6.858694675335243073e-07,1.096998048955337687e-14,5.892188217408101347e-06,3.498105373223845049e+02,8.017954232478050108e+04
1.655399099025112913e-06,2.667687693678932439e-13,1.666787290544213720e-05,3.334332662383491765e+02,1.858629303580541746e+05
3.344183413473589638e-06,1.114968639587261927e-13,1.968699312023996291e-05,3.063534828703167250e+02,7.390749398211787047e+04
8.109954875137335214e-05,1.055700281201812106e-13,2.376418631149691891e-05,3.175648403626534559e+02,1.442628076107441739e+05
6.261634477377132872e-07,4.698926753382488739e-13,8.018843444377088728e-06,2.560029304005116728e+02,4.910894424063308979e+05
9.582709054757771537e-06,2.081679136337945059e-13,9.919734080153591675e-06,3.347932103488877829e+02,1.257195342272904702e+07
1.902555893438860507e-05,1.746358427681027612e-13,2.071023655171506486e-05,2.395202400030209446e+02,2.138088172064290848e+05
2.754639024244993224e-07,5.434555578506391645e-13,8.894786229395651493e-06,2.904339867267910336e+02,2.647360710452237399e+05
4.083488995569651458e-05,6.889018336644917099e-13,4.679705439767116101e-05,3.038684419880671044e+02,5.218372787122206064e+05
3.278589687311781189e-06,1.865532258454102581e-13,4.722370034406219450e-05,2.269386953250249519e+02,-2.313915199713173934e+03
7.394139323360960389e-05,6.536765237254597870e-13,2.513203293003630120e-05,3.980583020829860743e+02,1.074578748131653061e+06
4.667383342224584681e-05,9.173137284630047718e-14,1.086419741442701581e-05,2.727071704836178014e+02,3.784613792302802904e+05
6.955316793898916133e-05,1.585430738084619288e-14,4.209112087819457342e-05,3.686656195706972881e+02,2.945534142433544912e+04
3.535524370423943021e-07,1.080870763427847952e-14,2.520504863138961228e-05,2.522368651778958224e+02,8.004968190485595869e+01
3.191149869450303749e-05,1.185654446831193702e-14,3.122082258610831489e-05,2.107589981849544074e+02,1.046440045395154739e+05
3.876662956337174556e-05,8.338362290119887929e-13,1.297503951813840927e-05,2.799659538496796358e+02,4.986723521388200112e+06
6.947602136404773478e-05,1.909975530996139337e-14,2.815100849310425590e-05,2.667516683381223856e+02,3.556383132075075991e+04
8.884666366392360062e-06,1.275835631838354352e-14,5.085420582566133064e-06,3.539769190073968161e+02,1.452657054271100787e+06
1.275252514327877138e-06,8.758865114564585681e-13,8.029515021445907911e-06,3.043258387840145360e+02,7.815765491503737867e+06
5.763366793646019202e-06,6.450598719790518708e-14,1.057107194787223671e-05,3.413757330322310963e+02,7.274928043706690660e+05
2.976091552779648546e-07,8.158430890369600930e-13,4.071217437071265839e-05,3.812024968284127340e+02,9.214713636602191400e+03
9.739990353192410450e-05,1.793871487179887726e-13,9.628811662821114785e-06,2.465735280581953930e+02,1.699514568815243547e+05
1.467776628029528328e-05,3.982860262886920880e-14,1.888172395308401885e-05,2.921118668088170125e+02,1.276189686080525134e+05
1.043926996385198781e-06,9.763208704192529961e-14,2.495360819265674224e-05,2.792050607956492740e+02,6.371442737117572506e+03
5.709842760956761545e-05,5.472846797679391033e-14,4.207798728270376872e-05,3.031648441347136327e+02,1.508744194420510903e+05
1.371426775551864521e-05,7.788993821821677142e-13,9.270389257869135103e-06,2.595170473433737470e+02,3.722088790802647918e+07
9.985587736692899774e-07,5.992311877059754357e-14,5.280903505691581254e-06,3.420076127398661470e+02,8.871783391694204183e+05
6.139789988801025423e-05,1.263907140284689574e-13,8.144844185746392742e-06,3.932360836791210090e+02,3.013413662128813448e+05
9.397787493355297385e-07,1.282458406154971477e-14,1.270447599066409206e-05,3.895174576409823999e+02,1.562375803658758741e+04
9.117653221846369719e-07,1.042306456122838913e-14,7.334856322004293208e-06,3.941174410621799211e+02,6.541586008185062383e+04
1.227931350848949821e-07,9.002958103556775866e-14,2.065689186752081832e-05,2.343631977525824368e+02,-2.085508903878821911e+02
1.266847324617949439e-05,3.387182567904052228e-14,1.295053995121597276e-05,2.561260070201913095e+02,5.955953340056047309e+05
2.108651119736941860e-07,5.941119454368030641e-14,5.542759421511434021e-06,2.615846872235055685e+02,4.252262039355151501e+04
1.399641270820000479e-07,5.641234771004077910e-14,4.588588462549319103e-05,3.912219369307666739e+02,2.184005178551284132e+02
9.294012855220652950e-06,2.637642477765206498e-13,4.034309886679122189e-05,3.870691057743568422e+02,9.965737258954565914e+04
8.036475418904891850e-05,2.057822800584855428e-14,6.754797179344108974e-06,3.088982508748892997e+02,2.863698894564237344e+04
1.557861596466251477e-07,8.335406021765251902e-13,1.594389287735465633e-05,3.522451144698330268e+02,7.060327331022711587e+04
1.903444864237253132e-05,1.397962256509968686e-14,2.759384923745313443e-05,3.101354073422843953e+02,2.263028019278179636e+04
4.852678017076431085e-07,2.911545451604768478e-14,4.669040158465682667e-05,3.311063786633931159e+02,2.640734880910728180e+02
3.834415278084672105e-05,1.914886343671929975e-14,1.004322318339415806e-05,2.018811470652470348e+02,1.170564441772170394e+05
1.087508993459954456e-07,7.618082996775493718e-14,1.045271071051484948e-05,3.683233318810055721e+02,1.747406908277504772e+04
3.823382546578740660e-07,1.570628632329002619e-14,1.323812366524079211e-05,3.723745652346241855e+02,6.363308485044518420e+03
8.422399027973993357e-05,1.836337849555400291e-14,4.228426197728403366e-05,3.631588630365573067e+02,2.326652790610912416e+04
5.323183342308439475e-06,6.141836039566403894e-14,1.495659403671365241e-05,3.602387836696536851e+02,2.345923377921926149e+05
2.484032968930924476e-07,1.022095835589185915e-14,2.598718979204483283e-05,3.439041152947250453e+02,3.021938129978094594e+02
1.033137371479680996e-07,6.319914255703461121e-13,2.551415484455732535e-05,3.248464594388264572e+02,7.098936078911637196e+03
1.686928374693106636e-06,1.764551590438661763e-14,3.309006435050568104e-05,3.544765975023839246e+02,1.835748280765982599e+03
2.010385412535939211e-06,4.030314161023010450e-14,1.728784634152697410e-05,2.318846453152192453e+02,-3.802303187086607068e+03
3.966524940305625050e-06,6.589088322973750397e-13,5.003525326391490373e-06,3.890716481963896172e+02,1.639482106415652037e+08
1.102538432460472882e-05,6.224266917757235067e-14,5.397636580640727829e-06,3.493608083017128365e+02,4.602050208481636830e+06
2.896846042228415131e-07,8.292181220699890997e-14,1.794774646434296037e-05,2.822563994586794252e+02,4.300926153218452782e+03
9.017541288884758644e-07,3.608290171867228788e-13,4.659358040343957613e-05,2.281967177160816789e+02,-1.150364945029706178e+03
1.441973119456830040e-07,1.084376395984033821e-13,4.313491645044141120e-05,3.930437367702263032e+02,5.244858089677725275e+02
9.761388463814171389e-05,3.217692292831728880e-14,3.957688086491937857e-05,3.059499300029189612e+02,3.035092531496342417e+04
1.868748831496912510e-06,3.114636319651103559e-13,1.855686557589198785e-05,3.618144584824536878e+02,2.130417155942292011e+05
1.085063945940368491e-05,2.110886713348027279e-14,6.967667821563001054e-06,2.368803826399782508e+02,1.611405636104795849e+06
7.174466997019986708e-07,5.390767647542786195e-13,8.188616386912138208e-06,2.855844744254411012e+02,1.104418635911158286e+06
2.670875417892379488e-07,5.475213159487961255e-14,2.312740198658137892e-05,3.708035429835064747e+02,2.883198251955798696e+03
3.807182207849184716e-07,7.970545816010812363e-14,1.049402117476219304e-05,3.064616235291732096e+02,3.940076546801116638e+04
1.110634168164629659e-07,2.977441045460296972e-13,1.698710512756527847e-05,3.654447271635472134e+02,1.601045538270311954e+04
1.161009580231798531e-05,2.660610621751528718e-14,6.381196731858967740e-06,3.762475495748390131e+02,1.774027436085368739e+06
9.312550160042458078e-05,3.626896507247533398e-13,6.470448076405637550e-06,3.844701052191159647e+02,3.758794057616252103e+05
1.882794024468107172e-07,2.286201244206726411e-14,1.970309538024813751e-05,2.962217948574775619e+02,7.384495751344582004e+02
3.131266065376712847e-07,4.620055007201179576e-14,5.384330314987825825e-06,3.764508571907774694e+02,2.328448884829214658e+05
2.541502127820568171e-05,5.631326829639374168e-14,1.445722309090482511e-05,2.169532123024912948e+02,7.835746847031804500e+05
8.112727520410393541e-06,1.279845466371725486e-14,1.673102308190731942e-05,2.541022477735105269e+02,9.125755480283325596e+03
6.972675170518747895e-05,5.183506665575066328e-14,2.197463112938355368e-05,2.847689868715351622e+02,9.582424639715040394e+04
1.242041756202597986e-06,1.651771762730586109e-14,3.740182134908137548e-05,3.831983103194029354e+02,1.013382078865696144e+03
1.923920349277936849e-06,1.025285567842299202e-14,9.074980865009516287e-06,3.748290081058007104e+02,6.653123346384442993e+04
7.231153416712198967e-07,8.981923843273912935e-14,1.558804305581501054e-05,3.687287929870719836e+02,4.141746267505684227e+04
2.589211811470230307e-05,6.186399741044807212e-13,6.892001986332464288e-06,2.121062359994333804e+02,8.293797706253691576e+06
3.652152843858203074e-07,1.000722941482074763e-13,6.622394740328998064e-06,3.704209839023615700e+02,3.075350872291721171e+05
1.378486955689063019e-06,4.301466913306027813e-13,6.645903223509241838e-06,3.613627463027074214e+02,7.540706030899609439e+06
9.510297712163111002e-06,6.373477354747280266e-14,2.993499244669773791e-05,2.381835339313391842e+02,-1.205257205789926957e+03
5.497337673293065569e-05,1.208585073397758461e-13,1.510060070560987581e-05,3.529142908698441374e+02,3.594371946473310236e+05
2.744661868751523877e-05,1.654647420372695449e-14,3.219965848951151545e-05,2.268204427699730559e+02,-6.642060303753161861e+03
1.798406433958233444e-07,1.562450302734974087e-13,2.293763237075776911e-05,2.051441532278908539e+02,-2.735108389291535786e+03
3.910555765737244765e-05,1.246551087281950871e-14,4.195274622862578141e-05,3.276974508236579027e+02,1.547009870171345210e+04
2.365794387288207217e-05,3.528728294503304533e-13,1.753094333337954668e-05,2.001372482352251154e+02,5.666499357733651064e+06
2.583468094367785524e-06,2.694077947482723995e-13,5.493537191974745105e-06,3.899330791100803140e+02,2.309739994239784777e+07
4.584899037307895346e-06,2.671111670398397557e-13,6.552631584727709683e-06,2.694971082092204142e+02,2.659965546847017854e+07
2.136189189812033588e-06,1.012212667655345652e-14,1.055537767149002527e-05,2.314277833698736515e+02,-4.753893683024489292e+03
1.466854322466132439e-07,6.472262228928447843e-14,1.036429806289955151e-05,3.666777483954803074e+02,2.036943261487509881e+04
9.137886732872751772e-07,3.927560774762664061e-14,1.299975217529456532e-05,2.769845930285238182e+02,1.510846063277963185e+04
5.485971859513739203e-05,4.706264773827956069e-13,1.022300916432406125e-05,3.666695541424649605e+02,1.405464317768250592e+06
6.250501506492817192e-06,3.046394434978126892e-13,4.604202865328082221e-05,2.605357045380001750e+02,1.070025753885634913e+04
1.970360427194381657e-07,3.140742230976363897e-14,1.907699101035861242e-05,3.348575971386375159e+02,1.745748125998718479e+03
4.511518252097715898e-06,1.982744862581361494e-13,1.385558277618523864e-05,3.633468031534873717e+02,8.347821880683659110e+05
7.166274078190481288e-06,2.434509814370754277e-14,1.240172212700599922e-05,3.287743162284530172e+02,1.885404027054741164e+05
2.714662787202870906e-05,3.369797671165513505e-14,1.517060007207265119e-05,3.424078832253129576e+02,4.109818709432011819e+05
5.555936672815550080e-06,2.142501247628663153e-14,3.788498403457215478e-05,3.445353625910909159e+02,4.621760486852902432e+03
4.018198519964101949e-07,1.148263563349319358e-14,9.035336083570103406e-06,2.315263464708600907e+02,-1.583237540121468555e+03
8.124288092779999141e-05,2.157886458038198464e-13,7.925524329645859472e-06,2.719544267852812141e+02,2.938384180083535612e+05
7.740957225387890511e-07,1.901061223073363350e-13,3.186001818699053177e-05,2.329167530737195193e+02,-9.567268588536808238e+02
1.500001867910032349e-05,1.265426780965256202e-13,1.428604277325184761e-05,3.716147534572539826e+02,5.054800735862933099e+06
1.156581764278153498e-05,2.277260795776831291e-13,9.321807154319081292e-06,3.351141078786993717e+02,1.530067910149294883e+07
5.886135355340739385e-05,9.540853071096266443e-14,3.247138571964951339e-05,3.552313140575886905e+02,2.475012157726441219e+05
1.972788501014944719e-05,4.485339731417479231e-13,1.398973507473992906e-05,3.561412511928958793e+02,1.035821463462803327e+07
1.455844138975042198e-06,4.426759834498172582e-13,2.217958538435897990e-05,3.985097596057502187e+02,1.627171840486061992e+05
1.393324488801300222e-07,3.600742458543381515e-14,2.999277182702706840e-05,3.505300758629734901e+02,4.053776326048625833e+02
9.311366488829936325e-06,1.470941442558618215e-14,7.395707680887989628e-06,3.507480635283569086e+02,1.524822042268853867e+06
1.085565468471464941e-07,1.475171818458099305e-13,2.460359448045255074e-05,3.821140701599759382e+02,2.764756452200780586e+03
1.436179532781831405e-07,1.177110859612276832e-14,2.293310650796663978e-05,2.836040147473638626e+02,1.489923337902473008e+02
1.173501689843339862e-07,3.879112414931298968e-14,4.615683892535788288e-05,2.497650074097467154e+02,1.251287216672608338e+01
5.240725922173310010e-06,4.313501077087700026e-13,3.346636685521775441e-05,3.584313044485710975e+02,1.389021813719337515e+05
2.303178163760358346e-05,1.192381472076272034e-14,4.147593763958642830e-05,3.468966831216312698e+02,8.958855543173747719e+03
1.624636392952456212e-07,2.096950395311072204e-14,3.598517498831291781e-05,2.600207262874685625e+02,3.891842591835675336e+01
9.075895228576699896e-07,1.023421714639697180e-13,9.132349492989036503e-06,3.382096395375368729e+02,2.466825462832636549e+05
1.372582681442196049e-06,3.705800294096293014e-13,4.363440713535886279e-05,3.617887032605228796e+02,1.425361345185741447e+04
4.992224963408505121e-05,1.300050521339882904e-13,1.446509177254967273e-05,3.019948568986840769e+02,4.688377282119168085e+05
8.689769112393609413e-06,2.111823438497929540e-13,4.961283366641418676e-05,3.832462150922317505e+02,3.919145141945160867e+04
1.637770311354356019e-06,7.118327249303204236e-14,1.113842369035726591e-05,2.121805713799188879e+02,-7.544856168353726389e+04
5.834804057258947523e-05,1.232827770090047065e-13,1.938633130035254934e-05,3.194823496297136103e+02,3.254621389571410837e+05
1.151843893522079016e-05,6.857504914827301906e-14,1.634350910389429482e-05,2.122987517482541193e+02,-1.655129837304409593e+05
1.039296360855423354e-05,5.481646894691163109e-13,2.572152216954622569e-05,3.340276029807712348e+02,7.105846228540088050e+05
1.368610384424828494e-05,4.167679351466616618e-14,3.043507216928131271e-05,3.592605410650082831e+02,4.925703346985945973e+04
4.221663983351090142e-06,1.680727940132688351e-14,4.303610130498107929e-05,3.411585879094533880e+02,1.830155829893956707e+03
2.526362097686995504e-06,2.009525611572148329e-13,9.431883547755551687e-06,3.429589401584271968e+02,1.414740649800558109e+06
8.269416567266298470e-05,2.464586048403520056e-13,4.847409225048255238e-05,3.819813099090975470e+02,3.239252960590808070e+05
5.193750049505181993e-06,1.375902025445915226e-14,4.069251828045366561e-05,2.172205302964144948e+02,-7.726638004447872845e+02
1.654218533167388505e-06,2.879905750860012841e-13,1.664951797405155867e-05,3.309843034616690716e+02,1.974777709865848010e+05
1.908657888520385499e-07,5.122875760514098137e-13,1.667676576086587819e-05,3.346478573662575968e+02,4.123026865932050714e+04
3.773792703078830369e-07,1.606601530187718835e-14,1.353274977978409193e-05,3.424992293438982074e+02,5.062888697275228878e+03
8.909816394422599923e-05,9.374363661171360777e-14,5.234870699019487017e-06,3.250267069672273692e+02,1.061340914074146858e+05
7.675624691107113301e-05,1.833889156707934012e-14,4.290279771118094161e-05,3.934612285862006047e+02,2.797668406798625074e+04
1.020771205455649150e-07,3.735306869962713344e-14,1.165462588409281073e-05,2.244809447129670446e+02,-1.151202322443268713e+03
1.711533737442307030e-07,6.824150080616298775e-14,8.843865991408972200e-06,3.344654106534818538e+02,3.297809664533038449e+04
1.088106473094229923e-05,9.978241015707390684e-13,5.203006245115208007e-06,2.546787367926553998e+02,7.574636918352872133e+07
4.508684528010853369e-07,9.683510172026413484e-14,2.999771905460444423e-05,2.248558266159091374e+02,-7.531664737167930070e+02
9.793976458154246922e-06,1.403771251927279747e-14,1.120638798689459662e-05,3.677283422955674155e+02,3.052281588646385353e+05
4.260553215812265561e-07,2.944541952168149546e-13,4.527178810276304307e-05,3.250725856393013373e+02,2.446409711416209120e+03
1.550700598688735070e-06,1.266301338824400354e-13,6.203919991201051108e-06,3.141310834797367875e+02,1.769251282728427555e+06
9.498577812843014810e-07,1.415896356285936536e-14,2.835666013803943779e-05,3.558663199607278216e+02,1.328154524555269745e+03
5.488465609286364817e-07,4.006062293476718901e-13,1.284106887504745294e-05,2.414901802453275650e+02,6.321301010874041822e+03
2.115160220909605092e-05,9.388899582350347539e-14,2.027788883597336845e-05,3.891608606858252983e+02,1.886161048794619739e+06
8.155328919717208055e-07,5.516592988163263350e-14,8.503143129844332627e-06,3.305370990220449130e+02,1.392184114900105924e+05
5.545816007532024418e-05,1.194809593377935436e-13,9.553796633817294336e-06,3.928118648257092786e+02,3.491551123343561194e+05
3.682666793441679343e-07,5.613401775554270138e-14,4.353987136105215802e-05,3.012730531583741822e+02,3.521704926716267323e+02
4.839587279082306024e-05,4.328697068376801540e-13,2.006378508277861043e-05,3.656310450535538621e+02,1.661082333586068125e+06
2.887125474215223170e-07,1.191890955487021487e-13,2.368869015577335533e-05,2.495971207107516250e+02,6.882144686851611368e+02
7.723845530614266016e-07,2.690964211144698680e-13,2.847407244030021031e-05,3.616457192340749316e+02,2.094194371084120212e+04
8.935293548454301420e-05,2.038841032816769961e-13,1.270634509078167640e-05,3.648693443398803424e+02,2.295177797650971625e+05
1.386608382008229038e-07,9.377777578856525099e-13,3.192221731590725713e-05,3.521322622070765647e+02,8.800570144610748684e+03
3.272528751058280833e-05,1.159333200757006605e-14,9.968537886893534143e-06,3.244983157152506692e+02,9.729531984335448942e+04
3.097777239367155887e-07,1.991640727090434406e-14,3.834519644799862855e-05,2.720827088809942893e+02,8.921012467127374634e+01
3.608172069605466175e-06,1.828972539570563917e-13,3.448460713266147785e-05,2.747835131696313624e+02,1.413451615928894171e+04
7.492037453119988473e-05,1.555515816993382211e-14,4.038763781035261975e-05,3.501834298680642519e+02,2.490721503956133165e+04
2.273995950893185370e-07,6.666687220582991595e-13,4.176438378755881648e-05,2.597607523193816519e+02,1.094529465084207459e+03
1.351171684276605242e-06,3.111986577151079616e-14,5.609372006763409109e-06,2.805837104219311300e+02,2.576653703900727851e+05
3.346107528978605774e-06,4.278864216044603285e-14,8.380374066596687276e-06,2.272626224683645262e+02,-6.587113191752234707e+04
9.051020340392671685e-06,7.419317112067332320e-13,4.446229062443035309e-05,2.769319204242231081e+02,7.183388321881939191e+04
1.020268094766435312e-06,2.467512758611605122e-13,4.415730430650621996e-05,3.120621785436833875e+02,4.668860976941836270e+03
5.574941344864971440e-07,1.103806539403999883e-14,3.237756814272875716e-05,2.876221457648363184e+02,2.075549662250072060e+02
5.290064002881102856e-05,1.139120423072852178e-13,1.536639288677185431e-05,3.468009660855893230e+02,3.658460780973545625e+05
1.057314830095448179e-07,4.664915777797994703e-14,1.156200529383273677e-05,2.250945074078504149e+02,-1.460925536850167191e+03
8.783538427891840743e-05,3.032396971000679410e-14,3.324128530278584747e-05,3.739266988566400300e+02,3.532626001222780178e+04
2.804864704424493528e-07,1.140218068979891393e-14,5.524794585172412892e-06,2.121430785117652249e+02,-1.721142675579386923e+04
4.932765847401464720e-07,1.176999093303190612e-13,6.327128113277012565e-06,2.081442724911702555e+02,-2.116760279301593546e+05
1.566367651779039514e-05,2.781316153277214620e-14,2.049970736237442904e-05,3.823938877478426548e+02,1.530942622548209620e+05
1.816283282384022888e-05,4.070857357276053403e-13,4.355830747832843491e-05,3.179594124054527242e+02,1.601833679866744787e+05
3.459850480155241706e-06,5.975488074153881593e-13,2.316066262371321155e-05,3.135134403807360854e+02,2.751895768882824341e+05
1.160492889591318765e-07,1.480402439555680972e-13,1.825425531616590917e-05,2.810783023716867888e+02,2.853850938655617028e+03
4.655656966691456096e-07,2.246955656723968462e-14,4.940395857883730674e-05,3.437497267349135655e+02,1.810312980996895362e+02
4.206869461571637105e-07,6.569808352259775503e-14,3.207946650277862901e-05,3.032214678223677424e+02,1.206881990326875666e+03
4.752825526857264702e-05,2.870195160373132688e-14,5.580341034446733804e-06,2.265150364110036492e+02,1.141979485467977502e+05
2.379601092446161678e-06,1.413520952546591749e-13,1.258299131515756295e-05,2.640066072008352194e+02,1.136577307092769770e+05
2.005991806067448458e-05,5.286337450269002490e-14,3.412689767952970042e-05,2.800395262593890493e+02,2.913505520484100998e+04
5.232471643144410002e-05,3.676417671895045366e-14,4.792351292082035457e-05,2.893867050260479914e+02,1.206873347710069647e+05
1.511656379407833783e-06,1.477290387935062247e-13,1.306887125481363322e-05,2.363318885203957507e+02,-8.957572932602080982e+03
5.910894968749123542e-05,2.840100861593099455e-14,1.311278429462164430e-05,3.623393280811484374e+02,7.305970211310261220e+04
1.099621680018202888e-05,4.524511852702631914e-14,7.294148324819580324e-06,2.221889589736306903e+02,3.363068870386288967e+06
6.524989307465658545e-06,1.398833640221105528e-13,5.133692256125365473e-06,3.529851744837010301e+02,2.952956692170239985e+07
2.249281796518177738e-06,4.682439034630524958e-14,1.218584632890916344e-05,3.564681736541058967e+02,1.329253958535120473e+05
2.119993318159527365e-06,4.508855584399029976e-14,3.970006569411609082e-05,3.033691052588587240e+02,2.208068796257733538e+03
9.374753195583618568e-07,1.351834283090176166e-14,9.859759326878485898e-06,2.522376012887698664e+02,4.450324504006024654e+03
6.866106632346157930e-07,1.324238383170613785e-14,5.524110002655394964e-06,3.930382065337512927e+02,1.459409596580321086e+05
2.853861764652793158e-06,4.594962447071785925e-13,5.729868424734799172e-06,2.873257782490988461e+02,4.379312501326627284e+07
1.671019347189058552e-06,1.209598323304936154e-14,2.978135162721815839e-05,3.502423925953081607e+02,1.666812246940770365e+03
6.122820508250176601e-07,5.089662564413609049e-14,7.600494024849238448e-06,2.006442165411983467e+02,-9.538081498423728044e+04
1.664095244238730080e-07,5.910915936412928920e-14,2.069258925941228565e-05,2.306622583478404067e+02,-3.107175252472475222e+02
8.313958841640764442e-05,3.273289993861246075e-13,1.215847618687416886e-05,2.876063492353113134e+02,4.256173867295820965e+05
5.226300397265246572e-06,6.294008621954631804e-14,2.226789399489826393e-05,3.407972767318667024e+02,6.194118327752024925e+04
1.018359338503271351e-06,7.012568757080890925e-14,7.174136504133194152e-06,3.958868603608568719e+02,5.325178560538711026e+05
3.318359573225235101e-05,7.720584589647034601e-14,6.807804493049363763e-06,3.330701691290334452e+02,6.301644746412379900e+05
2.891632221742249753e-06,1.031284210444893271e-14,1.774790597156433115e-05,3.181427043295785779e+02,9.130701444034395536e+03
3.217659306434206642e-05,2.293444802295533348e-13,3.171019816312782010e-05,3.659230252010628988e+02,1.990942852879314916e+06
3.121043578642082059e-07,2.686998851749399922e-14,8.509339583814379097e-06,2.614603683080342194e+02,7.730054747094181948e+03
2.733959143837216490e-07,8.817939164289575173e-13,7.135258041629264002e-06,3.385034841880341787e+02,1.504115203292766586e+06
5.079075692768356417e-07,2.828196506359964239e-13,1.070017551731613776e-05,2.916071594849092321e+02,1.451058004467951541e+05
3.807872222442061232e-05,3.921811088634611243e-13,5.228888865431717213e-06,2.605402437522495802e+02,2.430930569717984647e+06
1.967253794751642478e-05,3.533544674982171597e-14,5.341899955245725521e-06,2.668566663805341364e+02,8.206168333299206570e+05
9.641010153188903153e-07,7.809256346620995168e-14,3.116891222915020018e-05,2.035126518254624273e+02,-3.082790086497671382e+03
6.318387687548610292e-05,1.351878259583500149e-13,3.956216263933294168e-05,2.540505112087681425e+02,3.043516510606775410e+05
3.811207717724161132e-05,5.659333422423889201e-13,4.917474781639256433e-05,3.288085914590026846e+02,4.062581667677210062e+05
1.459625989958042237e-06,2.875857067332017247e-14,3.452039448631345596e-05,3.943386079673329618e+02,2.762657965166533359e+03
6.303353986715982789e-06,1.228126916906604966e-14,6.480646016402984712e-06,3.740923831426871402e+02,1.487055940481763799e+06
9.005304701408404556e-05,9.262307234034066141e-14,2.556873870998082964e-05,2.955195584562315503e+02,1.026533145453247125e+05
1.314911424208251691e-05,6.432773152029774161e-14,1.450358882768231189e-05,2.770203638529277441e+02,4.317632118292538798e+05
3.919419173505574694e-07,8.268418025490519156e-14,4.684852233395287401e-05,3.184606894884731219e+02,5.368700034860518144e+02
6.250150982330089754e-06,5.378584579362977575e-13,2.567769835936761007e-05,2.961025258158899760e+02,2.722254000331254210e+05
4.717948839117896986e-05,1.318903564856559867e-14,2.254568380723744218e-05,2.767860475195915342e+02,5.325460970721731428e+04
3.953502765488862633e-06,2.140631095873766798e-13,1.115989467934416086e-05,3.201961914781289238e+02,1.265391468808746897e+06
2.524215875029636411e-06,7.186598752819649569e-14,2.281631173238681811e-05,3.041615785545919834e+02,2.235848713561209297e+04
1.722590198021805644e-05,1.551749034040980667e-13,6.613616931804830579e-06,2.335531668208879239e+02,4.700111478433429264e+06
2.302145051779664180e-06,4.986963247512982176e-13,2.782776543034735968e-05,2.978974540691516495e+02,7.187078416110244871e+04
7.932876507559713769e-06,3.960693363141183954e-14,7.552245003423709774e-06,3.864983327528990458e+02,5.656664897372364067e+06
1.049736844525400205e-07,1.547795408978325084e-14,5.177866490697732593e-06,3.062055216482194169e+02,1.750037410461385298e+04
1.942821692161339039e-05,6.198108448453793039e-14,1.752768412139802694e-05,3.601810790089465968e+02,1.475855715353635838e+06
7.639904531037827740e-05,7.885178184449012766e-14,8.990021155984535283e-06,3.858371533361848265e+02,1.214188923782432685e+05
3.432934277648403218e-05,2.564799959646554563e-13,3.840357352268050341e-05,2.026063113017652881e+02,-2.255237181100486778e+05
2.819253763754950491e-05,4.141217806513312879e-13,3.237029719022016343e-05,3.610073277859098653e+02,1.016688174599438906e+06
2.634893088237175879e-06,1.795300335789366312e-14,2.913342522964395718e-05,3.313213758993547344e+02,3.654438847231822820e+03
1.607231922988073091e-05,1.470044496560922879e-14,3.836955383088333320e-05,2.345575935060002166e+02,-7.061225404110655290e+02
2.934116207398200376e-06,8.523841604515296512e-13,4.075440847429937093e-05,3.781437209350255557e+02,9.348647887194112991e+04
2.190924157222537550e-07,9.878361691654061950e-13,3.245878902488432186e-05,3.688007139504848624e+02,1.528123535792705479e+04
1.260682913868491695e-07,3.312709300656509561e-14,6.759465656494415006e-06,2.515926323324538316e+02,4.311902568911231356e+03
1.108122902125296599e-06,1.414046963631448530e-14,4.216957343849805012e-05,2.284314430434137080e+02,-7.317699339033930528e+01
3.235127290006990829e-05,1.900421244174652287e-13,5.299413752416331460e-06,2.398809102806069404e+02,1.631990959300956922e+06
2.573327231292292636e-06,3.056859872339177358e-13,5.795269644885671855e-06,3.976101085957569694e+02,2.178279879554040730e+07
2.153133989898303986e-07,8.008002683267241573e-14,2.065088399758609026e-05,2.935271563351946611e+02,2.468470160691966157e+03
1.260857186846705131e-07,2.855954292916287233e-14,7.132141535057969533e-06,2.095512451606292927e+02,-9.969491383766839135e+03
3.833322293396472912e-06,2.334720716816643078e-14,1.099761182891486979e-05,3.242535503860915469e+02,1.255142107381774404e+05
5.561954614495944110e-07,2.281836997483476746e-13,2.337572603813654879e-05,2.027180182950919516e+02,-1.263304487194524518e+04
8.244316527654185902e-06,4.906753830856282409e-14,5.016851539683404663e-06,3.086177362854564308e+02,6.488369491696436889e+06
7.712339892958660366e-07,1.683062770361340571e-14,1.353116314936725759e-05,2.831378781502194215e+02,5.524387028744281452e+03
2.141811524872459879e-06,2.291884437556529367e-14,1.581202023577772130e-05,2.229440645139556807e+02,-6.599451657037814584e+03
2.655653285800871867e-07,6.728204060443804763e-13,7.546995533980141327e-06,2.263433387451121064e+02,-3.401969653236831073e+04
1.649926631452027192e-06,8.400544988153163218e-14,1.544956289576403138e-05,2.711153676402666974e+02,2.998908423997115824e+04
5.080262843249065254e-06,3.637085530551067673e-13,1.150740386283575551e-05,3.402921198699353909e+02,3.641367848810705356e+06
3.903136939891673499e-06,4.913570547986485625e-13,3.518667335204801370e-05,2.192284847613142347e+02,-2.874909945532884012e+04
2.025438580028224509e-07,4.356533546289829513e-14,1.944896502055616544e-05,2.847204740560020468e+02,1.302507835695388167e+03
3.802958469281499565e-05,3.290694886721162784e-13,7.662641449277961511e-06,3.683488060470131131e+02,2.045008273493046872e+06
1.385593413849732580e-05,3.800321775761024462e-13,1.204805546144573415e-05,2.194592232360819253e+02,1.779095936839033663e+07
2.795721642496442434e-07,3.160654953802187584e-13,1.403422765703091340e-05,2.191934007685854340e+02,-2.090776884809492185e+04
2.141696630496979507e-07,6.288575662255517207e-14,2.070023706066600062e-05,2.393967652388431588e+02,-2.644684624829642416e+01
3.312017468771792553e-07,9.057133863180775711e-13,3.124682091152067764e-05,3.354893695641177374e+02,1.934984550794971074e+04
1.701098959249103325e-06,1.526288092077828656e-13,1.188466967936724270e-05,2.925418801323422144e+02,1.968015006050071097e+05
5.426188224473625548e-07,4.919579596227352311e-13,4.563468938373853442e-05,2.595835528010139228e+02,1.465164826381761941e+03
4.852362131569360376e-07,1.097154776476627662e-13,8.996273308321573416e-06,3.338410047377291789e+02,1.424742571635792556e+05
7.637381015073061870e-06,4.465754429400705478e-14,8.619732084165282124e-06,2.788418326799221063e+02,1.173423410367409233e+06
2.281536345985331627e-07,5.847462096374657516e-14,5.187960109081860818e-06,3.315366859322871278e+02,1.830666248010002309e+05
4.355424235575836268e-07,3.556269497078668476e-14,1.144424742100439570e-05,2.020794483736482618e+02,-1.340937930770900675e+04
5.537939293261159819e-05,3.493773917215581383e-13,8.182591046853248621e-06,2.635567388560002087e+02,1.023879942040798953e+06
2.254727736324564404e-07,8.778419597384215232e-13,1.500449773503148000e-05,3.702926263723293232e+02,1.426410593841017981e+05
4.659294779901510214e-07,1.161760858825398272e-14,5.073893681320826520e-06,2.838268964277034456e+02,4.443777480524464772e+04
5.314786580864908419e-05,3.775317443287340502e-14,4.663036419769497063e-05,2.658352227202117888e+02,1.201247324534426152e+05
2.203890839909864344e-05,3.860917457719879847e-14,4.001332708258102227e-05,2.309257614187247896e+02,-3.930896708000538638e+03
2.212104876635301254e-06,1.913121765996385885e-14,2.411327451449125507e-05,3.412854678496277074e+02,6.208870923841802323e+03
8.102930365171534392e-05,3.120164421997980849e-13,1.057766746445981363e-05,2.694872399766962303e+02,4.271140770911586005e+05
9.567197033548061019e-07,1.331477086857920772e-14,1.555317668876175086e-05,2.025012027055995247e+02,-4.339499443600037011e+03
6.041075581764101538e-06,1.944199284215686058e-14,1.045036696271595305e-05,2.487686921262199462e+02,2.988418709961713466e+04
4.074759741023808197e-07,1.299324407889187611e-13,9.295135691922103079e-06,2.961866422982145082e+02,8.677484964250893972e+04
2.386090703405190237e-06,7.615819549590725632e-13,9.365246619666358648e-06,3.340464425056192681e+02,8.509534327206306159e+06
5.443908941445217475e-07,1.602842209462694753e-13,6.744589017857472681e-06,2.871067492164838768e+02,3.461228252889690339e+05
1.453066489230094040e-05,5.056040750044823618e-13,2.817567268795813910e-05,3.919848803416168153e+02,9.680935911284589674e+05
3.569496770145992710e-07,2.379465697858077902e-13,4.971369843951804334e-05,3.465336950383227759e+02,1.469311171774851800e+03
4.549908626892755449e-05,6.368175494968076218e-13,1.248821831942208519e-05,3.914633636765932465e+02,2.764778168123836629e+06
4.907032404896718720e-05,4.185637741439917532e-13,3.183646844134737605e-05,2.672282081166581520e+02,1.562335872768527130e+06
2.021534643413988147e-05,3.213648086421888666e-13,4.064542878691801485e-05,2.989313485786561841e+02,1.426474673659078253e+05
4.547727498120103621e-05,2.128408290424493508e-14,4.606611903505688572e-05,3.845577890856852719e+02,4.176035916666655976e+04
8.075160907983766468e-07,1.724066223790865746e-13,2.350509921987777969e-05,2.529888402947242412e+02,3.808514470982734565e+03
1.430110692084555707e-07,3.089170201856808093e-13,2.270655371508853646e-05,2.438835486559506194e+02,4.155359764827253457e+02
5.308142554212440820e-05,3.670207914521345049e-13,1.384697155961956437e-05,2.804273823106286727e+02,1.170728337059659883e+06
5.377886609627931594e-06,4.523417335713742548e-13,7.261300998119416252e-06,3.784787765781418898e+02,4.325399738317731768e+07
1.354678664279315761e-07,1.101354068312410675e-13,2.835734404202596394e-05,3.321788018586674980e+02,1.255266796584338181e+03
2.127232927345309679e-05,4.243243598703659079e-14,5.535803448208150955e-06,2.344543502054450812e+02,8.427882836364889517e+05
9.216056876452183248e-07,4.910119449084460952e-14,1.680884135507869793e-05,3.012825377542229148e+02,1.341250344808104273e+04
7.178309620119249313e-05,1.879110709319160222e-13,6.555031493169098822e-06,2.202357937956409728e+02,3.277620087287320639e+05
8.991764624685786623e-05,1.123774122054629458e-13,1.049272420764254201e-05,2.615217310132160264e+02,1.249222464645187283e+05
6.425736305070002226e-06,1.975438422072345543e-13,7.529326961058147889e-06,3.341338718391344287e+02,1.765889921370373294e+07
5.290713975642928916e-05,7.234876473029044433e-13,1.753428858232785286e-05,3.425999835103085616e+02,2.323021192171583883e+06
1.177957078187137672e-06,9.061763222051985242e-13,2.038434769307327334e-05,2.995727692033927383e+02,1.752072893367778161e+05
6.667460760336752420e-07,4.513128296241625121e-13,4.517769443677635061e-05,3.013673015868676544e+02,4.594575088764941938e+03
1.550658164210057924e-05,2.657203752916374763e-13,6.087845980005835109e-06,3.269143780942870308e+02,9.932151498629374430e+06
4.748584007129675508e-06,7.260139212892903118e-14,1.162384569503229382e-05,3.883753191738163082e+02,6.137716778364940546e+05
1.186019011259621409e-07,4.376150814795467046e-13,6.459735351769592301e-06,3.019206121999864081e+02,2.791766496772688115e+05
1.112210380618361243e-06,5.171617854869574907e-14,4.636737117484890483e-05,3.835336678561163808e+02,1.493167349860573722e+03
1.061472207418059464e-07,1.981114460243959520e-13,1.240273242638030546e-05,3.024025510937761965e+02,1.572648242216860672e+04
8.455771714689294968e-07,6.523230083962363306e-13,5.294128241284799699e-06,3.966172104439521604e+02,1.820959747235137224e+07
2.529698324622668699e-06,1.459586770722497844e-13,1.081688383446757421e-05,2.930578363066552470e+02,3.953831977890941198e+05
1.218582616363220126e-06,5.711705408260654863e-14,1.425234839404955810e-05,2.741911146715038967e+02,2.078822545245808942e+04
3.736201852781842598e-06,2.309858201621175460e-14,9.936269742537342229e-06,2.940598782093080672e+02,1.172771397159938060e+05
1.225818908277393930e-07,2.420761877711324623e-13,5.708451801955276586e-06,2.189960828198595379e+02,-9.666710018042646698e+04
7.026602664573677241e-05,7.714629529999375159e-14,3.996638360477082215e-05,3.493342741095454471e+02,1.404348522096289962e+05
4.298632879029291524e-07,1.921318101728831209e-14,3.514627726520095697e-05,2.922864491539880305e+02,2.352875100182860706e+02
1.788011850665197706e-07,6.150989947329316174e-14,9.683440232392700298e-06,3.200572893047382195e+02,2.094970778088146835e+04
6.579220560303763466e-06,5.239094403843027771e-13,5.983141287891213229e-06,2.110174746047939891e+02,1.087822283288582563e+08
1.030721232436822427e-05,6.967658162582307670e-13,1.483476424499163093e-05,2.092111859034438623e+02,9.519593659986699000e+06
9.175605928457437586e-07,6.758652591267079023e-13,1.268765394982983162e-05,2.547078347322814977e+02,1.609351533273505920e+05
5.576560013028137886e-05,1.053515096933283256e-14,1.327706395049350786e-05,2.552324960541647840e+02,3.044798950230239279e+04
2.907930293879757666e-07,4.959390254892204311e-14,1.623231016660140719e-05,3.204981938176551921e+02,5.855755845578280969e+03
3.281025529962074395e-07,3.923774328469213941e-14,1.512142989710673304e-05,2.790081208753445026e+02,3.599553741096563954e+03
3.395485241364224919e-05,2.661305442551987000e-13,1.706514945925787012e-05,2.906840741860605704e+02,2.074634741338924272e+06
2.225363599230487507e-06,2.358412638939505330e-14,4.966936155504350148e-05,3.280708951327166574e+02,7.954053339579735393e+02
4.779130371198699387e-06,2.638783678958629752e-14,1.697773465054104759e-05,2.576870631204007509e+02,1.254502801948401975e+04
2.010798677197183477e-05,5.608967427514868782e-13,9.510681510842726108e-06,3.772449030567384511e+02,1.246798739673888870e+07
2.670257443687595061e-06,9.289710685055240687e-14,2.277335851885548635e-05,2.073781885182424958e+02,-2.291078166970456368e+04
4.692151402098407531e-05,3.723123996198112791e-13,1.024320085377344447e-05,3.114839671474865668e+02,1.519896743550240528e+06
4.695763890277086485e-07,2.206835207354910921e-13,5.407447900407867331e-06,3.144655594640623804e+02,1.277210324634142686e+06
2.941951512905082479e-06,5.684873895903005949e-14,6.051986915309103396e-06,3.633337557535880933e+02,2.140833682714377996e+06
3.233836181476901170e-07,5.412124262711016079e-13,4.826849957143252703e-05,2.534254501197598870e+02,5.700202966531960556e+02
5.173530341672072731e-07,6.316467451570767098e-13,4.317244088699992205e-05,2.334477368165111955e+02,-7.879525242602367143e+02
6.920958215745397503e-06,7.832829355880883868e-13,5.666932750990065802e-06,3.899948620308650220e+02,1.469727529478659332e+08
6.397279362449405218e-06,5.044041276567739942e-14,2.365098887399836808e-05,2.059027044811354870e+02,-2.849559143029882398e+04
1.392911951627178432e-06,8.550486905336065672e-13,8.661077895007161594e-06,3.796440069924183263e+02,6.648434930223433301e+06
1.065261523538623662e-07,1.156183625403569425e-13,9.159696989069795230e-06,2.773024650420155126e+02,1.491015846274265823e+04
2.212930760833832158e-06,1.265866212241328259e-14,4.263187919897382295e-05,3.296549396401807144e+02,6.803384804923789488e+02
6.444127449281475611e-07,6.448196564984807610e-14,7.504400825984871909e-06,3.234346004560841834e+02,1.764162707490465546e+05
9.679195476699382092e-05,5.481299885279761827e-13,3.032166845659043752e-05,3.865409296259668395e+02,5.258424709581296192e+05
5.437276899359936243e-06,1.050417218521029491e-13,9.097259255914589144e-06,3.049251458720210621e+02,1.677628929326240905e+06
4.539803306109491945e-05,1.636711988937193736e-14,8.910887603616133163e-06,2.034576795323228566e+02,7.137544162320463511e+04
1.185105351147764902e-05,1.338543809237671506e-13,9.990032737169106446e-06,3.208631725658662504e+02,8.565826822383871302e+06
1.880501120347732989e-07,5.830755834372493876e-14,1.283493384107669965e-05,3.272307809805165562e+02,9.558124822127576408e+03
2.965426764569508650e-06,4.185103656484650500e-13,4.171577036396202339e-05,3.686305968092804619e+02,4.130814951306115836e+04
7.065118445023523517e-05,5.390785507578964306e-14,2.050147639082067438e-05,2.187325377715789614e+02,9.706524974707457295e+04
3.927284905514603277e-06,2.036833290817020555e-13,7.156973733610873966e-06,2.418751585438789675e+02,8.720505721139634028e+06
2.655561311495197889e-07,3.145390087613377300e-14,2.016944143335345607e-05,2.676325838225909592e+02,7.267120742491732699e+02
1.938376014889131888e-05,3.173260320359551990e-14,1.544168898658698744e-05,3.028947859053671436e+02,7.590672688374702120e+05
2.157854615059098173e-05,1.305128512060302974e-14,3.576946384305946397e-05,2.976711286630307427e+02,9.142871080380167768e+03
1.598124174259416184e-05,1.472084228473117354e-14,4.921601884550590302e-05,3.487950062706329959e+02,4.390308767518728928e+03
9.597359940231227032e-06,2.153505960959072337e-14,3.308514850603870328e-05,3.054410969245635101e+02,8.666916057489428567e+03
3.569942727664314892e-05,1.497206528759140926e-14,5.293685726054470913e-06,2.905547718786803557e+02,1.055868498299037892e+05
1.954142590875842840e-06,4.920914331828518889e-14,3.742460529901380558e-05,3.299672587013158704e+02,3.461041987233546934e+03
1.049496821483113795e-06,3.296933599673135245e-13,1.892138147121486349e-05,3.689118111999157463e+02,1.235757928308563860e+05
4.862222101431590802e-05,2.604926881635856676e-14,2.078093973403833151e-05,2.429591907594842439e+02,9.903223252080453676e+04
1.808290819213973977e-07,4.493969173602180495e-13,3.496663670882750428e-05,3.701200697547847085e+02,4.620079915006364899e+03
8.078590624308371569e-05,2.383346320267354660e-14,7.997757935096435849e-06,2.263956018069543461e+02,3.282211550907602214e+04
3.429403154506829943e-07,1.089179565812259435e-13,1.917907777871158260e-05,2.090456480122788605e+02,-5.420425666294834627e+03
1.006807974953417913e-06,2.214683359944588313e-14,1.718706712926493563e-05,2.273321975802586508e+02,-1.693570568593256212e+03
2.544376668981969072e-05,7.681166962758642059e-14,3.353545267819255500e-05,3.984471161839283013e+02,1.671555452982945135e+05
2.370001803461940213e-07,1.247464579355048549e-14,1.265719974666576393e-05,2.381922814135029114e+02,-7.650487210486062395e+01
1.314228150661522457e-06,2.748273735488792204e-14,3.478720119324821622e-05,2.816591762644334835e+02,8.777130874017673250e+02
8.840153281059514985e-06,9.762483860764991924e-13,7.438082589587387953e-06,3.733062483856793392e+02,1.122771438805772960e+08
9.812137652202701589e-07,1.339670922727027043e-13,2.651773300939291996e-05,2.656773549087023980e+02,4.712755993285900331e+03
3.427173456742753284e-05,6.227346995227287016e-13,5.518849302865099219e-06,3.740642498623072925e+02,4.765204168024238199e+06
7.642037774836329068e-07,5.622739997843985571e-14,7.383783643427777466e-06,2.378115628130487949e+02,-4.647449644906388130e+03
5.881450563108220170e-06,5.131603678931830872e-14,3.494853182281064830e-05,2.958233523625957559e+02,9.303178671881549235e+03
1.142555825432745564e-06,3.883109762773346049e-14,3.090476434498558674e-05,3.433138171479557172e+02,3.128480819103283466e+03
2.132977667066957147e-07,1.199223223949305275e-14,1.149396488175597898e-05,3.562332550359051311e+02,3.800363177709723004e+03
6.843569610488265879e-07,1.009893113787258460e-13,3.316691013746583409e-05,3.858534867455789481e+02,4.951085477451711085e+03
2.808564565860317418e-05,2.624634393928641333e-13,2.049252867984003164e-05,2.474879448541075249e+02,2.990546842648004647e+06
8.929533178121548045e-07,1.597948535659250745e-13,1.440733244716001021e-05,3.462493076091121793e+02,1.014035225118957751e+05
1.086235336963141193e-06,7.338722072111311314e-14,2.076732491181695358e-05,2.116435384298660836e+02,-8.249353410657751738e+03
4.631191075095177767e-05,2.454203094658343787e-14,7.521538651101094680e-06,3.166933517255354786e+02,1.028432324669736990e+05
5.588148531546673759e-05,2.971137931030778677e-13,8.143035974803026255e-06,2.539327216827065286e+02,8.551406470660850173e+05
5.273717860689697421e-06,2.510887953614095323e-13,2.108177900606218554e-05,3.755559723033064188e+02,3.606323836000273004e+05
2.143877926315105360e-07,6.607213519239980806e-14,1.999465609866982429e-05,3.732069556229108116e+02,4.372967494742787494e+03
5.992827625722198479e-07,2.096695882741893668e-14,4.462495486043995549e-05,2.574822817990153112e+02,6.637666291271710861e+01
2.368733050843569205e-05,3.920869701778727872e-13,1.170296719091084608e-05,2.884864646565478097e+02,6.280594996033430099e+06
1.373060868394791217e-06,6.416999076761020159e-13,5.321449180314333594e-06,2.892854568662542647e+02,3.323596143082708120e+07
6.090227665582477565e-05,2.020416959287258876e-13,8.162084054915824864e-06,2.694020172769319856e+02,4.895810146689774119e+05
1.372608969172757054e-06,8.829493732949229015e-14,8.537812799464601139e-06,2.373056287492614445e+02,-2.104619784188282210e+03
9.143220955966587275e-05,6.334750626237942834e-13,1.107146074718952767e-05,2.502890889096276226e+02,6.810542560319614131e+05
9.261453489702006000e-06,4.044708069605388344e-14,5.291210411807243593e-06,2.389165608637997593e+02,4.238180995012201369e+06
6.859058078462909091e-07,9.485502311151557917e-14,1.001397867368457563e-05,3.908599857292517754e+02,1.732401476650203986e+05
4.381111080823907923e-06,9.988893874903582240e-13,3.433755176548115786e-05,2.414449358061516193e+02,6.652977664196601836e+03
2.517685889804938378e-05,2.365726760171884901e-14,7.328233686769637005e-06,2.326200709820683130e+02,3.354378833364704624e+05
5.553471630962991613e-07,2.368698138504364911e-13,3.455975052824674152e-05,2.479703454027739156e+02,7.082910585743588854e+02
7.685990152281637436e-07,8.465008080496148917e-14,4.340391580203987912e-05,2.462648168795988681e+02,1.399577929254903665e+02
1.775192231138334082e-06,3.542947769492276145e-13,8.740150216662931625e-06,2.352453811035798026e+02,1.103355190860294737e+06
1.226321779012052359e-06,9.789226194544781129e-13,3.517479074373210910e-05,3.198044851473470658e+02,4.762181901481861132e+04
6.582996742600113430e-05,1.465507999159752306e-13,2.758992722781843763e-05,2.056532332254929543e+02,3.039425699197924114e+05
8.739725839838229492e-06,2.973956138489370186e-13,1.931918328241181615e-05,3.454103875216353003e+02,8.388997702232303564e+05
5.882380504849405703e-06,5.774429136100894595e-14,3.337910579905517896e-05,3.845375668349078069e+02,2.395636141527949439e+04
6.922024947730634459e-05,3.248427166797560631e-14,1.247330181778617765e-05,2.962013369007867709e+02,6.093368340884758800e+04
1.606513503625461363e-06,1.810239703496269142e-13,3.888673598373156676e-05,2.272727122332761382e+02,-1.915483740357716670e+03
1.144452179318725192e-05,2.465486306610158616e-14,8.792637940130330719e-06,2.138665661031131151e+02,1.691834637383730849e+06
3.203687475035214457e-07,2.485517725609637559e-13,7.232878433838284618e-06,3.157981817909710571e+02,3.564184670907476102e+05
3.174180342376904169e-05,8.155468345385786857e-14,5.105470253945160927e-06,2.881196791181154708e+02,7.275055808620500611e+05
9.648021785280192922e-07,1.249531902203212527e-14,4.264972714739393767e-05,3.489382155146543028e+02,3.354613656339705585e+02
2.718415164261634547e-06,3.962765757626603058e-14,2.513940035692593009e-05,3.785301061860052414e+02,1.721570119609020549e+04
1.208846756867065766e-07,6.859924977042856374e-13,2.451919621215601334e-05,2.988416313711070416e+02,7.658345747422768909e+03
2.758224621258359838e-07,6.660774135118118751e-13,3.274656967607612255e-05,3.633992635512282732e+02,1.228299979648607041e+04
2.773993921746758972e-05,1.531150819963727517e-13,9.793070466008612320e-06,3.373581941560073005e+02,1.788370837557705352e+06
1.064972449535477075e-05,5.686623478937382688e-14,3.127367618180910280e-05,3.262540730283515700e+02,3.745476244828137715e+04
1.034618083503627993e-07,2.329909060972892191e-13,3.308484418129321874e-05,3.371838238993732944e+02,1.326378905355637698e+03
1.928673495593455622e-05,1.143985919506474717e-14,2.062991623622045776e-05,3.083027765254204269e+02,5.442325771171272936e+04
7.593383706294234663e-06,2.649382692527292058e-13,4.455711106394907400e-05,2.536249284217220463e+02,8.537730603285941470e+03
6.981670588409669555e-05,1.175662308069757846e-13,2.185126954703796748e-05,3.459360530966769147e+02,2.167776506884929840e+05
6.184966607739459852e-05,2.859703820887628175e-13,3.881711168940256353e-05,3.152811962546966242e+02,6.718881096648171078e+05
1.842263022184509224e-06,9.461077434635321720e-13,2.092493665117955176e-05,3.768491194027913593e+02,4.817983942940522102e+05
2.154874246566860411e-07,2.353864625226653721e-13,4.491169705390402896e-05,2.716549536101404101e+02,4.510861929079077868e+02
1.813685626332216326e-06,6.436773793469761281e-13,2.184058997079189659e-05,2.730976724128814226e+02,9.573430732390182675e+04
1.550423775016731407e-06,6.467615774743900506e-14,4.825393599157618355e-05,3.800697337666132398e+02,2.274674327536855344e+03
3.162761038754686384e-06,7.815773766799174781e-13,1.480709901758489002e-05,2.246535222665548019e+02,4.378404344789842144e+05
5.595246995503676208e-07,9.600364854160301328e-13,7.098127489495112718e-06,3.518790299593969735e+02,4.724561245942392386e+06
9.521238164858863193e-07,6.119846599565189235e-13,3.423040078136403133e-05,2.469430207299048732e+02,2.829453019181171840e+03
1.556253503013583263e-07,1.452545879983172274e-14,2.763390820050257675e-05,2.680037242881767838e+02,7.738729025372327897e+01
1.808115569547664799e-05,1.421077735436027782e-14,1.152958546245459634e-05,2.279146538352841276e+02,3.906754146925419336e+05
6.887200778133055284e-07,4.807076231857211150e-13,1.839853333222901262e-05,3.957582138898300741e+02,1.447631897770900105e+05
1.102731461574061982e-05,3.858417772679266496e-13,2.080905677004259903e-05,3.426534642562675117e+02,1.136847228713564808e+06
6.763708841764370074e-07,1.300037206328318139e-14,1.929125550318473313e-05,2.756070745193893003e+02,1.094393147645072531e+03
3.342610898588314525e-05,1.378564586305304655e-14,1.022545912767461117e-05,3.547985882277976089e+02,1.108934988728889584e+05
5.184865039343322388e-07,4.114537145763688425e-13,5.578682149181289605e-06,3.360582139810439912e+02,3.387097909838384017e+06
2.300436821103350441e-07,4.252644142294584937e-14,3.911494409296254447e-05,3.640006550165063572e+02,3.850124742632845027e+02
2.203026616163228233e-05,5.285229923307936065e-14,1.201058394572251438e-05,2.216943353976373032e+02,9.787573020786745474e+05
4.833600541766710012e-07,6.048067531629015414e-14,1.601953526058033203e-05,3.703337305905966446e+02,1.730737900027823343e+04
3.339605782209497483e-07,1.096761681806447090e-14,1.669122590608582320e-05,3.505893253139885246e+02,1.717974750885954109e+03
5.162565577221875504e-06,1.238310173793204729e-13,5.900619931360879526e-06,3.717000845802397748e+02,1.956334326391703635e+07
1.539576369402904122e-07,1.708575027054541168e-14,6.590284055862194520e-06,2.497015504966909134e+02,2.470265578761469442e+03
4.737409902292104688e-06,1.955392378547730714e-13,2.019380699072696671e-05,3.383349758154207052e+02,2.306906343611151096e+05
1.135264693459629981e-07,1.559057204088762083e-14,1.500726107625129447e-05,3.318936780186460851e+02,1.002435146400397912e+03
1.928329554807274153e-06,8.197986110784160096e-13,6.928294922971791811e-06,3.440511149680164635e+02,2.567292710651942715e+07
1.761436567537312772e-06,4.891653968725723715e-13,5.123422562568699870e-06,3.503378205049037888e+02,3.787613993764341623e+07
1.804350817967530881e-07,2.963463206246180459e-13,9.947238577734045416e-06,3.795488203651842696e+02,1.381786405070246547e+05
1.762827845820043865e-07,1.142421216176656635e-14,6.091285319273869706e-06,2.557638869204582477e+02,3.799172267172105421e+03
5.769431671227300855e-06,9.108553031924711425e-14,1.053420815814482572e-05,2.671569390534216950e+02,4.832513659797953442e+05
1.028867584561466269e-07,2.895182385729061823e-14,3.369039246851639657e-05,2.719079548875252499e+02,6.319791387118832660e+01
1.567340247002527081e-05,5.769129358968138270e-14,8.983098995025085170e-06,2.829010499676606969e+02,2.110737975505598355e+06
1.275473672024701709e-06,1.300711805340805269e-13,9.038267102910057092e-06,2.166942853869768726e+02,-1.415660738205238595e+05
6.144366489587076290e-07,2.830493946315820701e-13,1.846330426716004372e-05,2.828367662867158288e+02,2.896519563443738298e+04
7.130646162436153699e-05,1.473099847911120322e-13,2.837805317707993547e-05,2.779242178032868082e+02,2.603904368736781180e+05
1.167116465805306463e-07,2.200096116915098987e-14,1.695021955577613612e-05,2.793100532197216808e+02,5.130509658555912438e+02
7.601391764262455655e-06,2.272238258766119010e-14,3.091905618049486715e-05,3.798480015764469044e+02,1.514359055927088957e+04
1.131355408142873553e-07,1.372371592668585092e-13,2.787230348988121263e-05,3.368655177205757809e+02,1.425523296282220144e+03
1.399612396016634225e-06,3.370248462565333863e-14,2.672366252728498482e-05,3.280998244544392151e+02,4.592152169839302587e+03
8.663178398277632526e-07,1.815397651890951214e-13,9.643452464383503076e-06,2.248037898173010944e+02,-7.089714015212462982e+04
1.741911091941713971e-07,2.244851626595026782e-14,1.659106220019123331e-05,2.873693431159097713e+02,9.758203853375979406e+02
2.236502410797726220e-05,4.806841427972349493e-13,1.111702739189351936e-05,3.872127242598654107e+02,8.637174075251704082e+06
5.194906047055186349e-06,9.790908805124245706e-14,2.525848376906051411e-05,2.494714300173840229e+02,8.439942527173843700e+03
1.706117893655146964e-07,1.187294786671678853e-13,5.727430402538499883e-06,3.229506114703355593e+02,1.923998081002344261e+05
8.540999358439055257e-05,2.857168037328824211e-13,1.001782275512117621e-05,3.588887852773395934e+02,3.520213652583586518e+05
2.148937758157418523e-07,1.642406860536831636e-13,5.350183620677897743e-06,2.305934632232048500e+02,-4.161467518540850142e+04
2.993886251756958229e-06,4.663634589944163627e-13,3.001360446384323218e-05,3.534398817951765750e+02,1.150111814773370570e+05
1.234607163348529277e-07,2.622937534995570338e-14,2.727292692222585990e-05,2.963160894528014069e+02,2.097532478851559858e+02
1.649914391091000007e-06,4.032509278584630135e-13,4.290011481919721293e-05,3.578900258974771873e+02,1.919976272625059210e+04
2.983509099250543849e-06,3.735737899424124262e-13,6.047180344068193934e-06,3.628479277500208013e+02,2.943222181276176497e+07
3.706144473161185121e-05,2.609714876143064292e-14,1.119194621745784988e-05,3.695003326831533172e+02,1.707650499494401738e+05
1.078045210440354456e-05,1.316972091293198495e-14,1.571113506573038534e-05,3.145082501861952551e+02,6.849208504035137594e+04
1.139810544156848057e-06,1.794649143297500983e-14,5.938634591997611686e-06,3.333224959634107449e+02,1.917756964861342567e+05
3.571933037721804885e-07,7.867341230953407366e-14,2.897100022902668491e-05,3.943652728511098076e+02,3.127655576500932057e+03
1.366648340266848928e-07,1.276767286373121431e-13,3.837219939733266819e-05,3.971173453668084790e+02,8.447586502377375837e+02
9.672472894967669780e-07,2.905996319302189893e-14,4.327748330608846122e-05,2.005167543539460553e+02,-4.721510909035233681e+02
1.543400253126252518e-07,9.119878114530185902e-14,1.126679053859138278e-05,3.990901507306086273e+02,2.712543126639164257e+04
3.370678645353627480e-07,7.058790902165248671e-14,3.646857189232972728e-05,3.508249270243820206e+02,1.071412798008391974e+03
8.958639527002538558e-06,1.998457439061786248e-13,1.070332121126601964e-05,2.800624629168463002e+02,5.410293266387525946e+06
4.023940551906248550e-07,4.108767551816065816e-13,1.074982892775085530e-05,3.061573470194580864e+02,2.008723536906472873e+05
1.323595051283836573e-06,1.704779156935815021e-14,4.116112534316599623e-05,2.437280546311192211e+02,3.422795583957071130e+01
1.050179984126069677e-07,9.794329018240150961e-13,7.269758517916890742e-06,2.639423119678245371e+02,1.923098572633872100e+05
5.470498738614231371e-05,4.151591095885944005e-14,3.813126794119337334e-05,2.905517120500845749e+02,1.246841777783163852e+05
3.330974897756130233e-05,1.354329283865283098e-14,1.016765657676260674e-05,3.261504837835411763e+02,1.097064514563421835e+05
1.922469782267237610e-07,1.259793012916553847e-13,1.429744096935020955e-05,3.563226390554201544e+02,1.870433978471707815e+04
1.131633679605087665e-05,2.190889131340482216e-14,8.941246253289196540e-06,2.333797092349945217e+02,1.537656365319090430e+06
2.987858607684876216e-06,3.223577194487187137e-13,1.903093949594617052e-05,3.437433725167329612e+02,2.953608972887932905e+05
2.921968895060466791e-05,1.747070047837640789e-14,3.924787158676220765e-05,2.475668992504538437e+02,2.082502389485143794e+03
3.437381357038619235e-07,2.960706117265417943e-14,5.779387679923996031e-06,3.750765649592751743e+02,1.314715521178078197e+05
3.469867619726715596e-07,3.306753471868858654e-13,4.551601608118728776e-05,3.622643509672471396e+02,2.839299601102915403e+03
7.277934177245343954e-05,7.173462733887980121e-13,5.228334550608210056e-06,2.527707696432132991e+02,1.217203571368940873e+06
4.214931067905120683e-07,5.917948161135698301e-14,1.205990713663474445e-05,2.754876802416357577e+02,1.267312877564260634e+04
2.018267078051192151e-06,3.727652223177739737e-13,9.435593303401637485e-06,2.348898453051152160e+02,9.570232650537076406e+05
3.174490361731539931e-07,2.537249470664436235e-13,9.268951094620063214e-06,3.171791070703965261e+02,1.709871482293216686e+05
9.439675658155845823e-07,1.589183196747235106e-13,4.179406711703379348e-05,3.643673361946666773e+02,4.849848050385962779e+03
9.802555502561597786e-07,1.137806974343691199e-13,1.427581115083883936e-05,2.674012259609163493e+02,2.726815038677328266e+04
6.654561695943673749e-06,1.379858024308859578e-14,6.987236713807932502e-06,3.816942889036117208e+02,1.274052658332684077e+06
3.867133473893226291e-06,2.493233472087211868e-13,3.770779246127576228e-05,3.056415782645740364e+02,2.679045581114691595e+04
7.418745645511330342e-05,6.406008870435831285e-13,1.452522066249243791e-05,3.630565039695970881e+02,1.046109608882501954e+06
2.651514356732520623e-05,2.345894221561084076e-14,1.338212971754799926e-05,2.146277513265010839e+02,2.998962794640475768e+05
1.699595937457321155e-05,5.721225913920859923e-14,5.062565736713913924e-06,2.713831874172067273e+02,1.780116176424211124e+06
7.765053051661455906e-07,3.546444871779002360e-14,1.246292570117520589e-05,2.723351472661593107e+02,1.169466835536605140e+04
8.102493414178587545e-07,3.836715414173842490e-14,2.261641583553304879e-05,3.927608734151905878e+02,7.228792558367766105e+03
2.357834077666970210e-06,1.867501487764133976e-13,1.514589564645717311e-05,3.796145917500403471e+02,3.254895820586378686e+05
7.587500478952042402e-07,2.801836406211821265e-14,2.795218003938030501e-05,3.746399262666759000e+02,2.419120975437696870e+03
3.608708627759453150e-07,1.100116333692898775e-13,5.073483167736170978e-06,3.322584685029033835e+02,6.025845115140345879e+05
3.890821105254708829e-07,7.939571571624103623e-13,2.142366211818651960e-05,3.496513405211074428e+02,6.813907296665417380e+04
1.371808673923086081e-06,1.933416444620999763e-14,3.009480663916535469e-05,2.315892186817318361e+02,-2.444764544106017183e+02
1.020042220274506676e-06,2.496035723971884666e-13,2.387749248310645555e-05,3.134510153127228591e+02,3.032134092508708636e+04
6.657334557393741400e-05,2.402800679547985414e-14,7.510747576070581283e-06,2.602663909405243885e+02,4.872676726016248722e+04
6.532492598573039143e-06,2.932800962177102580e-14,3.364194670577440077e-05,3.733107564736711197e+02,1.256339770140819383e+04
4.068849669808954645e-05,1.259622770863281608e-14,3.167816986859162262e-05,2.239856811486513948e+02,6.838295006056004786e+04
1.976316751837066676e-07,3.783809012227076084e-13,3.741900162134184323e-05,2.143810858090943441e+02,-1.179211589237868793e+03
1.310376520345543584e-07,1.237256592772302611e-14,1.897961565345940809e-05,3.238288161498566637e+02,4.244093720296622223e+02
3.170975453666779683e-05,7.704942388510999490e-14,1.702553747135602315e-05,3.947297993286658198e+02,6.887066139191148104e+05
2.051049140614141122e-06,1.563354156555442625e-13,8.317748696759991457e-06,3.222661666253375756e+02,1.124613086684742477e+06
4.487536004998661557e-06,3.108899825160769106e-13,2.879102471441601918e-05,2.200577124688313404e+02,-3.643759003698402375e+04
6.578776644917184633e-07,5.262292216984478055e-14,1.682211764449846142e-05,3.198104072697892093e+02,1.255339571908906328e+04
1.993631771403795016e-06,4.097179436495731544e-13,3.345109435476426539e-05,3.716650373897783197e+02,5.350898473177204141e+04
2.500906158527633292e-07,1.749391411105153932e-14,6.645632059117589232e-06,3.038024261776385515e+02,2.165568467348729973e+04
9.438283325815219370e-05,4.485742804590263598e-14,1.238847433099065067e-05,3.213295891542307459e+02,4.525837609817343764e+04
4.456072182707358576e-06,1.353209384536677245e-14,7.457461139319914946e-06,2.576002984886972058e+02,8.307653334408567753e+04
1.979039082483045126e-07,1.418199146817097122e-14,7.574921730007095534e-06,2.022570523947240133e+02,-8.331909577381236886e+03
3.587004896410048838e-05,1.259334208771048448e-13,3.038714826549079889e-05,2.224282796175298529e+02,8.796859995206503663e+05
1.950917153772022354e-06,4.257952851562870375e-14,2.438681314502202260e-05,2.905151070962108406e+02,6.898885122018947186e+03
8.046219088372556360e-06,7.901252429480737584e-14,1.069369189201638291e-05,2.056267900163223601e+02,-1.567114679007257801e+05
2.963155177932104483e-07,1.397006792736609580e-13,4.172425601011460602e-05,2.233688536703278089e+02,-2.933593471795602454e+02
1.537324562830458031e-06,1.281384574711372807e-14,6.598289897262351603e-06,3.643774355557753211e+02,1.646340610056215664e+05
3.118608667129097860e-06,3.106258516127509329e-14,9.794226798165535841e-06,2.781944100115161405e+02,1.021686185888769978e+05
3.102828627975840342e-06,7.450242066513398086e-13,1.983983713645426060e-05,2.132946018626895466e+02,-1.952204641665184754e+05
2.879176463841681563e-05,1.836305689912318940e-14,4.710016254966799357e-05,2.598219844869545341e+02,2.968277505486282280e+03
3.071625880663502315e-06,1.597043856347237730e-13,2.238119825214806064e-05,3.055077454019722722e+02,6.530295702778131817e+04
8.081637215541105875e-07,6.745698656188180271e-14,1.460845554648089139e-05,2.946381204364945461e+02,2.244515141198570564e+04
6.357192695493346677e-07,3.489966513011610480e-14,7.156677561668612913e-06,2.024793491324908814e+02,-7.708808133566883043e+04
8.377328960020976188e-07,5.692116637677693543e-14,3.767964271528161991e-05,2.422896802956845761e+02,5.824779146189871426e+01
2.612178016905870435e-06,6.239733477335304036e-13,5.586867334005233091e-06,2.913804987391269492e+02,6.086904422456794232e+07
6.207036446940725907e-07,2.513321251917176511e-13,6.836174055054500099e-06,2.232314667996319599e+02,-2.247983396144583821e+04
1.238338768037744940e-07,4.412594886705007918e-13,4.173058022402335030e-05,3.028107428139671811e+02,1.078304625417384386e+03
3.960120627563836658e-07,6.345253650368355568e-14,1.423209282305496098e-05,2.699107581918331675e+02,6.680648031841203192e+03
5.425843484172345348e-06,1.431772585116999432e-14,1.795952367396602960e-05,3.206137820690924514e+02,2.395286431478130544e+04
6.480379995252982476e-07,4.368195032689931959e-14,5.600898961857114296e-06,3.560999066078637725e+02,3.668583550739709171e+05
9.896650620454428161e-07,3.286489959813599839e-13,1.143886447016806483e-05,2.790818325862330198e+02,2.220521971302102902e+05
5.966687035908684941e-07,1.194772590292355707e-13,2.865677891279828573e-05,3.834977648828477754e+02,7.837599819797948840e+03
1.951282599838829901e-07,3.637595671376358720e-13,1.208451282739670124e-05,2.482713859832032597e+02,9.366024147071257175e+03
3.476800211117569684e-07,2.487105626029512684e-14,2.400988744820227620e-05,2.883861827817098629e+02,7.247450139152645079e+02
5.800189447741900818e-07,3.460387074550061799e-13,9.360642032023464303e-06,3.706155072926312641e+02,6.037582734871216817e+05
3.296476385315795634e-05,2.562835808365973335e-14,4.322491103320975990e-05,2.446975154414544136e+02,1.633662778742767841e+03
4.609747716665911860e-07,3.060856571848356934e-13,8.112506729004618865e-06,2.023985247949507027e+02,-2.881622317027274403e+05
3.056282232104788089e-05,1.764541081191221749e-13,2.362427504136102715e-05,2.581689502293352803e+02,1.697834987513363827e+06
1.697848067377742191e-05,1.301544038657077891e-14,1.205819286278500955e-05,2.864297464676006939e+02,4.057998072660472826e+05
8.373047517382938790e-05,7.577454179554663223e-13,5.541446247147754467e-06,3.091857318133984904e+02,9.714195187687872676e+05
1.822931848959505986e-05,6.859612675433280294e-13,1.302428122624274381e-05,2.684148713505389878e+02,1.855279505557913333e+07
2.214823700608417576e-07,7.145039442867114901e-14,1.046691587972855358e-05,2.516228710759879164e+02,4.411672048780088517e+03
6.608885982921412989e-05,1.782310550103406357e-14,4.913844080186116782e-05,2.945983206941749586e+02,3.667562109522448736e+04
3.359571304005683499e-05,5.273755065735029225e-14,9.178750450178105343e-06,2.566588751746519961e+02,4.199550884174956591e+05
2.142327215632304962e-06,6.489506620340619243e-14,1.536894876433341314e-05,3.479168181984783246e+02,8.263801753539932542e+04
1.998788443064750517e-06,3.047541283382567939e-14,1.438664221643182276e-05,3.790135555208603364e+02,5.217796037767617963e+04
1.238405438339310551e-07,5.271739552123480427e-14,1.572559549759552930e-05,2.620949319562747633e+02,9.784703324915622034e+02
4.497017882981589700e-07,4.182762743318204561e-13,7.117167946986232434e-06,2.146783387555641127e+02,-1.148423308363829274e+05
1.395270288131662771e-05,1.559743600690636625e-13,2.128323137592107696e-05,2.828182812213271404e+02,2.839126104625904118e+05
2.145756309488960803e-07,1.260755141505382547e-13,4.095083283371312566e-05,2.432572184657038861e+02,3.646835121075440611e+01
9.445711544370680667e-05,4.209699160879476790e-14,2.405768578142297528e-05,3.242483351563527094e+02,4.240648943570626579e+04
1.161575440828900624e-07,3.039681985981138840e-13,2.706113307305874088e-05,2.344003985871119369e+02,-2.942596087123733923e+02
9.395510499906936631e-05,1.872387201472635275e-14,1.031589919127738287e-05,3.247887790286449103e+02,1.906362637537329647e+04
7.737892948387153243e-07,2.399183673627862241e-14,5.025370120627321301e-06,2.608172690585900000e+02,8.565222110818742658e+04
2.413212921616553802e-06,1.133833363946079251e-13,2.521410508026299222e-05,2.885619755906999444e+02,1.991951693293947756e+04
4.329266859850068239e-06,7.223245840253890563e-14,5.405761976579121622e-06,3.690780618456583397e+02,9.775870247609663755e+06
7.390257286159310014e-07,3.284565922818099471e-13,4.928901894156591479e-05,3.248714038832420670e+02,3.661627500724404854e+03
4.586619476262384315e-07,5.930893575464327244e-13,7.320598583191363690e-06,2.839789940059362721e+02,1.058481064988211263e+06
1.418102379286291498e-07,8.081195283397037036e-14,1.423485506884252496e-05,2.187380911223356748e+02,-2.669923855809569432e+03
2.953241844359096941e-05,1.255131095506527257e-14,7.358084657875852020e-06,3.187381403236196888e+02,1.293426280667173269e+05
8.259012304417129454e-05,1.179782109911779346e-14,2.216999646349282230e-05,3.308723443052158473e+02,1.554519586352203805e+04
2.380523251378561548e-07,6.168152289367258687e-13,9.117715961082958990e-06,2.096279013503116175e+02,-1.755687144467131584e+05
3.797453946288033126e-05,7.923651688619047013e-14,3.267508012732505773e-05,2.875809986486835896e+02,4.938453438174358453e+05
1.450836060263423021e-05,2.368387299401176305e-14,9.452020217805889437e-06,2.318932864583460400e+02,1.011268917988217319e+06
1.781049638307729185e-05,3.794855796623143895e-14,8.448142520942094323e-06,3.313386912627394167e+02,1.075211371258133091e+06
1.456855175722643728e-06,3.121346235714352375e-14,1.510510894639023789e-05,2.391484380213543943e+02,-3.216972203225050180e+02
1.488417371400036961e-07,1.172661583722052866e-13,4.812702538281638149e-05,2.247590501016511553e+02,-7.340635854852521902e+01
1.178336609298748874e-05,2.990593580315683373e-14,1.200710709244566690e-05,3.348853142541395869e+02,9.372086244567959802e+05
7.698024443865377809e-05,3.150817684068915177e-13,2.903184289718846534e-05,2.901235119718210171e+02,4.778761113693533698e+05
9.468359520951866366e-06,8.747641177207352412e-13,4.198917890323041971e-05,2.876195148832357518e+02,1.314792289492178243e+05
5.036825913885110336e-07,2.901071902415537291e-13,1.684695908852509822e-05,3.131735536606387882e+02,4.940127648351553944e+04
4.075733624347011398e-06,5.700760420923853545e-13,1.860228328478032370e-05,3.071727803203876874e+02,5.928974906344581395e+05
2.317530343860659061e-07,2.580974249893997882e-13,7.825354596357390847e-06,3.240394407388533864e+02,2.252318133786280814e+05
1.424412048229063913e-05,1.752394507934542255e-14,9.058736714316740522e-06,2.373841840824637757e+02,7.762671799078362528e+05
1.043740610678585105e-05,9.872777977376413872e-13,1.133760728593622948e-05,2.185310993962803536e+02,5.397492798700965941e+07
2.189686788759208664e-06,4.701838208425028064e-13,1.600577923140498072e-05,3.028612583107541809e+02,3.759485689837221289e+05
1.061679620946500251e-07,7.365269938757554590e-13,2.419217873488514642e-05,3.680274348409301979e+02,1.328288632089717248e+04
1.517393487138515199e-07,7.144581084225707790e-13,2.860693462198239366e-05,2.334026909192122332e+02,-9.047815316851556418e+02
1.111560381381861594e-05,4.161106618133959253e-14,2.701721288464319448e-05,2.458116582615327559e+02,4.052421946128190029e+03
1.194648191503148806e-05,2.588667051153205014e-13,5.135379062696907008e-06,2.448730845370761244e+02,1.630222017551749013e+07
5.316526471907944607e-06,3.943176713150633983e-13,1.594701038781460984e-05,3.013290371040836249e+02,8.773996415310741868e+05
4.820295562431730608e-07,2.820746967887670410e-13,7.718632046596265119e-06,2.325163081498220379e+02,-1.810382406219322002e+04
9.758762789192395985e-06,9.586661973639125320e-13,6.893029675589040346e-06,2.174205343740561602e+02,9.047498289244610071e+07
2.072600529071772837e-07,1.836865766081821620e-14,3.782396691021882961e-05,2.477527133064473333e+02,1.522082870474739025e+01
7.639091722555966686e-06,3.032377134600298837e-14,7.214048807328243480e-06,2.255531149267106059e+02,4.670360260338100605e+06
5.211391782948599642e-06,1.118241117001660315e-14,1.301236493091505284e-05,3.586502301968716324e+02,6.341779156197944394e+04
1.165415822514427144e-06,4.329309674215699692e-14,1.658339345902691913e-05,2.195593925520847449e+02,-7.128286419619713342e+03
4.544625749728837007e-07,1.705594111429602445e-13,3.661252240232266817e-05,3.452925406272055397e+02,3.329836481696254850e+03
1.491928842553127884e-05,4.951837211695960667e-14,2.186985618135548173e-05,3.352529599266631521e+02,1.584346891566426493e+05
3.491209133118217547e-07,2.117331862002293484e-13,2.536721436092456567e-05,2.073322524892133742e+02,-4.932974840386084907e+03
2.965268159274612232e-07,6.879360169623248351e-14,1.057900846773327236e-05,2.778710678230110034e+02,1.624436498870583091e+04
7.912110741180489084e-06,1.687934394131558446e-14,1.037671339747732964e-05,3.180840998722937343e+02,2.429207833270183764e+05
9.591214253877531742e-06,2.632733131688306993e-13,1.134925791142181078e-05,3.206366996448467717e+02,7.599883921081811190e+06
2.022587387411495811e-07,3.029695662390962914e-14,1.564316117020315912e-05,2.323971061851472086e+02,-3.620767740639143994e+02
6.121599616033160129e-07,4.024933996909831560e-14,7.631714554221717849e-06,3.800502680501659256e+02,1.415705867100441828e+05
1.976005287019226298e-07,9.228994981752686741e-14,3.053604077836556148e-05,3.849251300922474002e+02,1.667187768423023499e+03
5.514350755464478764e-05,2.484546216234091684e-13,2.795342612181829660e-05,3.568765596997967009e+02,7.343598487575075123e+05
1.059642931168791772e-07,3.343132178543342009e-13,1.885325738051952634e-05,3.067930611798408336e+02,7.957153654943896072e+03
1.129886274909774529e-06,8.097177529487510532e-14,2.398623851617422912e-05,3.135491901346886721e+02,1.075869337804843963e+04
2.954357331039846070e-07,2.645486919109448379e-14,1.079022402226637804e-05,3.834565435815852084e+02,1.609493166392666899e+04
2.517587832976791358e-06,6.708227772193574405e-13,2.270411301758643407e-05,3.000272145035871745e+02,2.030083608317591425e+05
5.254266202926997936e-05,5.202523189639602368e-13,3.856341589178717831e-05,3.261031318923284061e+02,1.693715643211915391e+06
1.324735360731654760e-05,5.483094920813336836e-14,7.700261200041558465e-06,3.249556067437818569e+02,2.808135919407289010e+06
1.203708324070621086e-06,2.208987433898610011e-14,2.290545906725325118e-05,3.663675698035727919e+02,5.280602473647141778e+03
3.630455236765347679e-07,4.980935148622862224e-13,3.596458868365933815e-05,2.177100530174244000e+02,-2.751543575830693953e+03
1.303276010796443107e-05,2.852058157497821051e-13,4.710115332139948292e-05,3.275998468748629762e+02,6.730381954994624539e+04
4.224230607112248700e-06,4.120048059274819148e-13,3.247776269629187266e-05,2.042160051509762866e+02,-6.148655146091150527e+04
1.448337945119601465e-05,9.708202711613087317e-14,3.963655172232099171e-05,2.013447484294767094e+02,-3.113344611184906898e+04
1.363219714925447573e-07,5.084932033923011313e-13,1.386543745488721531e-05,3.416272855983694399e+02,5.349499129898451793e+04
3.306906170331874589e-07,1.396900031473082363e-14,8.075755019945542274e-06,3.518064762152227445e+02,1.928124187136862747e+04
9.112129957548132707e-07,4.560291663695637775e-13,9.665702188190022893e-06,3.117975475959900109e+02,8.088351420339052565e+05
2.509632271704774544e-06,2.155942478616389199e-14,7.743737456178751479e-06,2.962868735551665509e+02,1.594527694613837812e+05
5.109025390092652390e-06,8.729660332573357080e-13,6.429604986608600276e-06,2.049224347842476277e+02,1.302680894724392593e+08
4.856036967582786323e-06,4.293786371770614163e-14,1.819317510076360066e-05,3.213114950698572443e+02,6.190658966023548419e+04
4.253505373480803774e-06,9.948596915491388495e-13,2.593689843121481405e-05,2.345210073143201441e+02,-1.302800062882958446e+04
4.992855799113115688e-06,1.339864089314013673e-14,1.050996607502773189e-05,2.938999950353765485e+02,7.823145848218910396e+04
1.788244382233262648e-06,6.091819261913362354e-14,3.150196785737738862e-05,2.804944339435951406e+02,3.481484954805418511e+03
6.861807754960292963e-07,3.284255338326061432e-13,1.439396249098998399e-05,2.421080110015799107e+02,5.275741774988695397e+03
3.584170183515884432e-06,2.154597400750311675e-13,2.081988561729298292e-05,2.289559798341826991e+02,-2.751789682675158838e+04
2.320499824054820611e-07,5.924009157228934010e-14,2.303122023945669737e-05,2.864668547755135819e+02,1.261933012159995542e+03
1.769351462231351143e-05,6.075821494225296858e-14,3.327852053758642570e-05,2.055726536940601932e+02,-3.655062554388024000e+04
7.224489620681222085e-05,2.063555868853688011e-13,2.083900630092601989e-05,3.717748825253979135e+02,3.553468802267849678e+05
1.453079789572650138e-07,8.689315645346978080e-13,2.796335718514005671e-05,3.709490517254395741e+02,1.409317186139581463e+04
2.223214792038921112e-05,6.975433002958417328e-14,8.029245623218765886e-06,3.807161976955527507e+02,1.268407915166137973e+06
4.693520007402883792e-07,9.754813789596572342e-14,1.342785313402805314e-05,3.844106898482887686e+02,4.913526194310800929e+04
1.021489871558843836e-06,2.988750725408600643e-13,1.143756104879254388e-05,3.252051784445442877e+02,3.763698923238611314e+05
1.260708052330846720e-07,3.247780028765393230e-13,2.813266242530501612e-05,2.425050232374649113e+02,1.313420648844185052e+02
8.077135912874787470e-05,9.633882429430311838e-13,2.705542173897546946e-05,2.025477950724641119e+02,1.327202462351450464e+06
4.856090995942186536e-06,1.351226440940893964e-14,1.544579068334214262e-05,3.006124581266484483e+02,2.556403943745317883e+04
1.756888890915318362e-07,2.484803562532471937e-14,6.437833961190906257e-06,2.167594542879203345e+02,-1.212033856207768986e+04
9.218641021317488031e-07,1.541019539857193798e-13,6.247741717540942287e-06,2.722148348659246153e+02,6.999441759760561399e+05
8.547580481114058683e-05,3.243429190149909523e-14,1.547697745444729604e-05,2.055807210014561122e+02,3.989960919925620692e+04
1.513992670543821957e-07,8.678489942503508770e-13,1.771620559302208316e-05,2.851951668733768201e+02,2.590295801279475563e+04
5.671766150786323600e-05,5.898627603148330299e-13,1.076436658338188419e-05,3.098792753437378451e+02,1.648029435328341089e+06
6.894953585520184881e-07,4.430140915154189704e-13,2.340817063962736055e-05,3.870883025392813011e+02,6.258544160535353876e+04
1.712621151034334254e-07,2.443274839342233298e-14,1.699996678246311766e-05,3.820752336601772186e+02,2.189673892991030698e+03
7.480617030474106521e-06,1.733896029241488425e-14,3.123773151003219413e-05,3.072929309833816092e+02,6.553280345465001119e+03
4.883255082753618060e-05,1.764164555861287597e-13,5.030495058650750869e-06,2.626762737055452135e+02,6.649222857149849879e+05
1.256744846270918636e-06,2.595151535144655253e-14,4.489236545588858371e-05,3.741090367105829841e+02,8.936379039682601615e+02
1.096131594347433666e-06,1.783646615664165662e-13,4.260776052547300902e-05,3.322330370932673986e+02,4.852253740129008293e+03
6.125034892868031482e-07,1.808085259539272244e-14,7.182824961793554135e-06,3.660176270432386332e+02,7.130249973885073268e+04
8.585025025829036044e-07,6.577904442757785155e-13,6.097524176377848788e-06,3.799350305287259175e+02,1.029845685183605738e+07
1.594392359272632013e-07,2.042206681155619057e-13,1.822118989698682463e-05,3.098179829926533557e+02,8.385888288785195982e+03
3.279542284946913984e-06,5.180388906068183315e-13,1.706440519469681720e-05,2.075459028689832337e+02,-2.687853247485613101e+05
1.058532610605887360e-06,3.188025157869316140e-14,4.260230172975901962e-05,3.197045301281349339e+02,7.523999100622435208e+02
3.150843961655223592e-07,2.383512868735387972e-13,2.991278977320543957e-05,2.289838792977685387e+02,-9.332516485819455738e+02
1.469300704417924690e-05,1.300961167843675419e-13,1.404662099822319705e-05,3.092102202622285176e+02,5.416186100210482255e+06
4.783121532591814388e-05,4.341848057317089911e-14,1.105936779099050571e-05,2.431753644101027874e+02,1.705699051392852562e+05
2.639144767215996428e-05,1.069404442084035636e-13,1.789720830966950321e-05,3.649020501136647567e+02,1.379958973406564910e+06
2.550583902152737331e-07,4.961155629593304669e-14,3.093388098601402924e-05,3.858232213338550878e+02,1.117052784733761428e+03
5.503262362125023194e-05,1.479074464192593227e-14,7.580153829526320000e-06,2.474645000423103625e+02,4.389350097427368019e+04
1.684318376015619786e-06,4.826823019508444197e-13,1.121843136544410042e-05,2.704350873805544779e+02,6.682772335762823932e+05
5.543210129086491734e-05,2.402511829506009813e-13,1.243909169066677690e-05,2.053018686993389110e+02,7.027380500646528089e+05
1.782009062544071119e-07,1.208070058112418306e-13,3.803585769279549329e-05,2.183070855988214021e+02,-2.687709723937279023e+02
8.940663910997451473e-05,3.568631270027012918e-13,2.088954079344527900e-05,3.955379729494367780e+02,4.012478845990320551e+05
1.950825952625675749e-07,3.695249334441493781e-14,1.196689142768721908e-05,3.150793185691626377e+02,6.930492245154953707e+03
1.722956941165543099e-05,1.209685058984389344e-13,1.589623661843362921e-05,2.810637975956727246e+02,3.662470092244626954e+06
1.390717555234389607e-05,1.090912894582819590e-14,3.194730020484539584e-05,2.918191685223559375e+02,6.037150101576549787e+03
1.868540898613206181e-05,1.790007613523060719e-14,8.807656923539859927e-06,2.498115968444951420e+02,4.607870660612261272e+05
5.419911103682827268e-07,1.469580057594678078e-13,9.049662339797397465e-06,2.762500870550679224e+02,9.900616783109703101e+04
1.753028412930133454e-05,6.103171211959907633e-13,3.481885534629318104e-05,2.232883006457768147e+02,-9.885023387319518952e+04
3.457033429812001919e-06,6.148051554833795585e-14,2.365539690138054586e-05,2.668522906398453074e+02,1.124723606754412685e+04
1.384038985593985581e-07,1.610751378232845531e-14,1.508872854800317792e-05,3.395355089468367282e+02,1.315315757813039909e+03
1.961495375192534652e-07,1.394639990657078338e-14,3.816590914104328250e-05,3.798357717317817901e+02,1.252436439348011419e+02
6.929659908739975558e-07,4.057128172504364898e-14,5.670187590455153603e-06,2.691802564602629673e+02,1.206320007465110248e+05
3.486156183191903860e-05,4.145127587658726538e-13,6.779544321301517685e-06,3.568435392933178605e+02,3.065454264752314426e+06
1.891247198554085436e-06,1.804589568140495309e-13,1.166877805496091420e-05,2.608197611867473711e+02,1.329310620555031346e+05
6.639444333529971047e-07,3.582635034792274078e-13,6.287046830389523296e-06,2.458671942873712055e+02,1.282346258305957075e+06
4.024431675432779394e-06,1.814093198746969327e-13,2.382057914212482320e-05,2.397803890204198751e+02,-6.617341072205454111e+01
9.787164815927695499e-07,3.149525485814537289e-14,3.162147731355853156e-05,2.374461290122124808e+02,-7.251228836421068991e+01
8.399034473109982122e-07,3.778268423808902594e-14,1.303885603096835576e-05,3.023271301887613163e+02,2.043173029551504442e+04
3.931933220583074940e-07,2.825434857000669659e-14,2.138118270369261968e-05,2.173447169687730138e+02,-8.191551809593433973e+02
1.132113601922366182e-06,1.643562539026395369e-14,1.045296933744962517e-05,2.652995333873096229e+02,1.078426123315739278e+04
3.141091737171021325e-07,1.750895787461796573e-14,1.904779635079605901e-05,3.834058342143442246e+02,2.058057686682567692e+03
5.276095068394046165e-06,4.394228457452068787e-14,1.024262080050939720e-05,3.797332449639823153e+02,5.980704427929574158e+05
1.350562982211273743e-06,3.478088654718762274e-13,1.619495794766058572e-05,3.568468098198786151e+02,2.515899821786537068e+05
1.313028885241967274e-07,3.327312409002659787e-14,8.050036629872108298e-06,2.839939201602586536e+02,8.970766263379626253e+03
4.450015036354411263e-07,1.075415668654405154e-13,1.432569936067369456e-05,3.375561148241285991e+02,3.253624769498655951e+04
2.724194932973624497e-06,2.384363854984624994e-14,1.357860604253551329e-05,3.405956815370470281e+02,5.362824665912040655e+04
6.824710408652146252e-07,1.219513371440309114e-13,5.619410913175066491e-06,2.241129097914432862e+02,-2.540214975828223396e+04
4.436114988424409250e-05,8.082188393750724387e-13,7.354860297001651670e-06,3.011918560058277308e+02,3.691254572362790350e+06
1.495252868930069466e-07,3.946227544073442674e-14,2.460524991806139670e-05,3.014954210397991119e+02,5.585828586983094510e+02
8.785769183830510230e-06,2.403420166475752904e-14,1.681077356317571103e-05,3.199388330171457824e+02,8.315158273590405588e+04
3.827863790438589805e-05,3.836224134106112127e-13,9.729838618787956325e-06,3.466330411286205049e+02,2.353106808264171239e+06
5.786653349398294288e-05,6.027938795258273799e-14,1.025297685262405345e-05,3.524374039840958517e+02,1.617947849450247595e+05
2.835391299369193585e-06,5.513293320831449080e-13,2.554824460311214858e-05,2.262133459368286879e+02,-3.793818804649596859e+04
1.619236585041206180e-06,3.335847887283047610e-13,1.071186578535138883e-05,3.827204705141812155e+02,1.176716841828706674e+06
1.279244439757536790e-07,7.541821012754399283e-14,1.423823832138780461e-05,3.541087310305231881e+02,7.446671162715909304e+03
2.477069704367420205e-06,4.619861048524045252e-14,3.205222547052669334e-05,2.784091348855236561e+02,3.320736589035327597e+03
8.906553354018611405e-06,3.553103757439351045e-13,2.134035684071593426e-05,2.157861784928727502e+02,-1.745202420807156013e+05
1.034346107526572915e-06,3.016415465838399464e-13,1.913764281004189978e-05,2.123495103491675309e+02,-3.988841850015189993e+04
3.056489460434346605e-07,4.801873903624861798e-13,3.315644604883054042e-05,3.311223497625895220e+02,7.661025565100680979e+03
2.581474633259690526e-06,5.104509779690827100e-14,7.480100025746569920e-06,3.265693812262871916e+02,6.209801732077058405e+05
3.068710582088822100e-07,6.662964018494846853e-14,7.428483363707448701e-06,2.214070349239533755e+02,-2.870173238939864677e+04
4.718490528210403154e-06,5.570775623721411131e-13,1.052194781204194021e-05,2.506198900992326344e+02,8.840934364868028089e+06
2.349568899145505720e-06,1.436713062856070149e-13,1.645787320017842557e-05,2.795762537161513137e+02,7.504436498429208586e+04
9.647655151481119901e-05,3.656733251169380110e-13,3.263600775235309830e-05,2.734003030564758205e+02,3.531021452988230158e+05
3.080963173563895294e-07,6.060604947651971419e-14,1.059291753720307724e-05,2.200621333341547086e+02,-9.833864179207128473e+03
8.047069253888518672e-06,7.147625687547242235e-13,1.432052197637240358e-05,3.816829044415309795e+02,8.241522924339198507e+06
3.965024822559237397e-07,1.249957279306156758e-14,8.078837927087914069e-06,3.093040046506654903e+02,1.457163454972349973e+04
1.800587223946251095e-06,5.395089871901984559e-13,6.135658923896559535e-06,3.512776815421544256e+02,2.192548716803480685e+07
1.747082505308319961e-05,5.501974991460213675e-14,9.333180815141776617e-06,2.122798980873034225e+02,1.620102158520917408e+06
3.100846426510467882e-06,1.109587317186641454e-14,5.233381769839429966e-06,2.781158616858882624e+02,2.827224629273896571e+05
1.208085275061781921e-06,7.550910861114093090e-13,1.730426048809260558e-05,2.605115829208102696e+02,1.032914076745629718e+05
4.649430475769980158e-05,3.531146351849963658e-13,3.652102798193077612e-05,3.254503655242311311e+02,1.468137798474972835e+06
4.134174161471422206e-05,9.300878369898986500e-13,6.068557463461318894e-06,2.585615521982753648e+02,4.890993061569240876e+06
1.404711535836290127e-06,2.935237774452347516e-13,3.170970243669147935e-05,3.595694839249167671e+02,2.974887324812953739e+04
1.923042968784039385e-07,1.397725992256383134e-13,1.618274279662131550e-05,2.940244011149063681e+02,8.057489716137717551e+03
1.068068533119506906e-06,1.585616561184341617e-13,4.958316134924482658e-05,2.141617533881893962e+02,-1.158993662173928442e+03
3.629553185729067468e-07,7.502374740372869230e-14,3.776814915100536364e-05,2.945926190495944752e+02,6.475991317446361109e+02
1.716393056107034387e-05,2.334610555226597952e-13,3.491378787083725187e-05,3.241658588944411008e+02,1.819835048042515409e+05
8.235305759471156132e-06,3.356203695627768440e-13,3.657231442493112075e-05,3.501483801084252718e+02,1.248603069355459738e+05
3.276651247670224745e-06,3.745367701283149798e-13,2.578986308561820955e-05,2.439557244522354438e+02,8.667305587932016351e+03
1.119756287262738920e-07,9.947886579143220032e-13,4.826110386203405592e-05,2.745573091273133173e+02,8.623389846240932002e+02
7.911826538389116984e-05,4.580570049613054732e-13,5.307624696344310024e-06,2.004848693033539178e+02,6.576830258418408921e+05
1.097495175460050826e-07,1.678561801081610189e-13,1.378639252146468071e-05,3.272419467299976645e+02,1.295889133077336373e+04
3.822509357920219338e-06,7.595661113642199207e-14,4.325090582782517741e-05,2.044129801203738452e+02,-4.329347222694426819e+03
1.972119028736323333e-06,2.737487042150599046e-14,8.991147003389178308e-06,2.323708591919902631e+02,-1.629279707162039995e+04
6.104959490586002173e-07,1.163340241881692284e-14,7.437425480588611913e-06,2.224349959816165097e+02,-9.432627541200497944e+03
4.677257440716007999e-05,2.254860493088643179e-13,3.776939724842467668e-05,3.557227832996527468e+02,9.263769633934887825e+05
1.069501754486828267e-06,3.491652206385751458e-13,9.552992395202306513e-06,3.328911649596467441e+02,8.793103438201204408e+05
4.958183556040870485e-06,1.704637949050964912e-14,9.022083328496198745e-06,2.353678802773043515e+02,-1.335724231248418801e+04
2.464267238219279905e-07,2.644737811049543993e-13,2.715504534509037386e-05,2.402008611231584609e+02,1.887653604713523237e+01
1.436537259460349576e-07,5.807203345739049937e-13,8.800568245443418330e-06,3.996676500811347523e+02,3.387563155974152614e+05
3.316471227136747976e-05,4.865302147377557036e-14,4.918804003571530695e-05,3.240701019430686642e+02,2.763640924462441399e+04
2.435609277458305289e-07,1.561853678767504318e-13,5.066169616897179612e-06,2.742931866769141607e+02,2.814817793635159032e+05
2.545426809938895432e-07,3.238864565141809296e-13,1.507539862071245824e-05,2.177493865490992562e+02,-1.696896713961469504e+04
9.343685630384657747e-06,6.848633594833421744e-13,5.661905034248574735e-06,2.777564955322893638e+02,7.050470730251875520e+07
4.412706780110547902e-07,2.308354581954676167e-13,3.303723598874090726e-05,3.951024187349084968e+02,7.667192338116337851e+03
2.200999303334594075e-05,3.381622753823710621e-14,9.313928749712790809e-06,3.483975411770109645e+02,6.273876496605966240e+05
1.674841031312030171e-07,6.094912794196289309e-13,4.780572931321007803e-05,2.784554395439394625e+02,8.920981119249813673e+02
1.240354940584556799e-07,9.418545650238333436e-13,1.497653681888356551e-05,2.172813921217639574e+02,-2.504280896697215940e+04
1.373529694648931839e-06,1.731670805831666082e-14,2.262462343327146724e-05,2.147085382588772973e+02,-1.674425012796068131e+03
3.989156545462031658e-05,4.737181876388680458e-14,4.803910472355806427e-05,3.877077464506429010e+02,5.418896056308721018e+04
2.531580548650548505e-07,1.569021334449962411e-13,2.627035605328586834e-05,2.631264792500127214e+02,1.331347829104365019e+03
1.037210319955881923e-07,1.460152459358039730e-14,3.987064702288600283e-05,2.295226386321964469e+02,-7.541187247412445060e+00
2.794196035443118917e-06,1.510817225224552356e-13,2.203107722132436970e-05,3.562735327823079388e+02,8.953982167888966796e+04
2.221571963256753561e-06,4.209296066175261100e-13,2.069876959770643529e-05,2.855050908190324890e+02,1.178054929471071810e+05
2.060157529515113534e-06,2.703878058313468150e-13,1.908705864996833738e-05,2.893002306357618068e+02,9.521920008178647549e+04
4.892745920168891697e-07,2.561580135026366492e-14,9.756116146975349527e-06,3.019298293404115725e+02,1.915608323394966283e+04
1.351590654204198897e-05,2.693704681786906733e-14,9.452513080953375114e-06,3.048473674271938876e+02,1.325287919456796488e+06
3.589031782083066481e-05,2.818458551674004502e-13,4.302164228668876671e-05,3.755581904632749684e+02,3.848289403621379752e+05
2.299991733825234108e-06,1.721938075570320011e-14,6.953561399290651795e-06,3.865911008795297903e+02,3.197048711861324264e+05
5.994121691534596311e-05,6.888897487563890436e-14,1.874677681489299950e-05,2.127296191909452148e+02,1.723253737726481922e+05
1.412762435373927404e-05,4.537209226012412895e-13,2.068045358503872223e-05,3.284118666481057289e+02,1.879416807599815307e+06
1.699609701922436228e-07,1.298794578052055425e-14,1.757830750254747658e-05,3.785084065325375491e+02,1.028202269214398711e+03
6.626938579142105173e-05,4.922402312368705909e-13,7.321161703338059303e-06,3.914439906949116903e+02,1.007399738081640215e+06
1.508931631757039442e-06,1.837998043748584418e-13,7.233494855168213906e-06,2.933296678919741680e+02,1.280523221409647260e+06
7.670023975478038801e-06,1.488931227695741174e-14,1.190164499307222200e-05,2.133934318051526304e+02,-6.452659100293023221e+04
3.360656474854463377e-07,1.985120814966570966e-14,7.882246844431483443e-06,3.706966001967263651e+02,3.322509794518812851e+04
3.661962447488320938e-06,4.525897268726430749e-14,2.209953843743798328e-05,3.833528578508630176e+02,4.002797604050436348e+04
4.585939790333445241e-07,6.000863299216406288e-14,1.205531794430070293e-05,2.064067205975758554e+02,-1.767146182642265921e+04
9.213145463598521311e-06,2.145584764121116082e-14,6.440368474676706462e-06,3.571964865396357709e+02,2.271854106990603730e+06
8.271468088513438751e-07,8.137038016564438469e-13,3.756932872313191831e-05,2.302935037078867708e+02,-3.695147317702718283e+03
9.782925545071449714e-05,2.487682765197832629e-14,9.381286060239768041e-06,3.062702185008340052e+02,2.336189777162552491e+04
2.121670154940444318e-07,6.526751941073104743e-13,6.158360770660144422e-06,2.859638250844849949e+02,8.567718900544944918e+05
4.920637180891858496e-06,2.143630232918224750e-14,8.578243765024248571e-06,3.120669975555150586e+02,2.982662245342695969e+05
3.553901258066248549e-07,5.219316497351478364e-13,7.078012341097729409e-06,3.573022445947929668e+02,1.260373746516339947e+06
7.697069008376147410e-07,3.345388573573017019e-14,1.121836995853770552e-05,3.103507232612305984e+02,2.862807954781023363e+04
3.811392872257273579e-05,2.132980531035105675e-14,1.157788255111095587e-05,3.670309149702801506e+02,1.319684375383504084e+05
3.190272242907252833e-06,2.602858823074514924e-14,9.010276123207176468e-06,2.656546583095852725e+02,8.071211032814139617e+04
1.849417699719148248e-07,1.790624630701954823e-13,4.573435219300548549e-05,2.045765005859173868e+02,-4.144355105434075313e+02
1.534039085021470016e-05,4.988501904472946407e-14,5.597671819641168522e-06,3.086227116156969714e+02,1.905232191217690706e+06
2.149298286499619246e-06,1.871237118638508649e-13,1.186459470497485799e-05,3.960382972528558412e+02,6.678763375978282420e+05
1.770341094571385140e-07,4.116004726842651678e-14,3.947277585089811871e-05,2.620172503239379012e+02,6.883081410246698795e+01
2.842307404654200866e-06,6.982538069553287440e-13,7.272643218105361064e-06,3.580285887018778226e+02,2.933682798128153384e+07
2.170619192485393261e-06,4.282362986297486436e-13,8.574769829244010050e-06,2.129704374811154821e+02,3.202510194711367600e+06
5.641089406196981727e-06,2.377580126102904815e-13,2.230778028495737609e-05,2.183207846581934461e+02,-8.028950864931827527e+04
2.009711297425326379e-06,1.775183174804464863e-13,2.893446941118614461e-05,2.794647427009267062e+02,1.440301321611037565e+04
6.348995916991915938e-06,2.492945235828973158e-13,2.297041714910011227e-05,2.097687378771180988e+02,-1.269971416959937778e+05
1.292764310240440696e-05,4.418143974512888051e-14,3.479769140552433097e-05,3.401784301500021570e+02,2.874274460780594382e+04
9.297939910350766686e-05,3.144764941588897271e-14,3.386798070949381109e-05,2.379282209893751769e+02,3.269379516154078010e+04
4.708418229866385584e-06,1.198024773437912184e-13,1.530228717837820178e-05,2.400587409372469381e+02,7.515262809620558983e+03
2.098225774092993403e-06,1.544214571171682822e-13,2.449601778322049072e-05,3.768732497349200230e+02,5.547487232386566029e+04
1.368167709144261943e-05,2.150973844893810114e-14,1.673159026676732808e-05,2.199525887924038443e+02,-4.593818749080698763e+04
5.515400449498106191e-05,6.502047603334891907e-13,5.532426275747873642e-06,3.627868217513799891e+02,1.921085361589799635e+06
1.172261653996665503e-07,1.131676042704738367e-13,2.137539395154510309e-05,2.611429486752056732e+02,7.603344132437664484e+02
1.282866082568449767e-07,5.127219080762620692e-13,4.016107780011948656e-05,3.946456622434953374e+02,2.750972114156475527e+03
8.550075860844829419e-05,1.736746849378640286e-13,1.146079990636946127e-05,2.312700901208287405e+02,2.135242484587119834e+05
4.345359046193724722e-06,1.235818804584643287e-14,2.533944207351605785e-05,2.425550431063287249e+02,2.425545219737787193e+02
1.429980048830551234e-07,1.067999404156996269e-13,3.888758460603925957e-05,2.548131549449588817e+02,1.043765492426608432e+02
9.574561843111582571e-06,2.730019720022859322e-14,8.516105352319454681e-06,3.467585577859912291e+02,2.676569872148322407e+06
1.947973387711889578e-07,3.425728347246056026e-14,6.135690482348379106e-06,2.338542240359035418e+02,-5.205084310811354953e+03
2.081763585620965157e-07,5.877183839954939579e-13,5.583984985966364942e-06,2.512069816985604405e+02,6.764767921688989736e+05
1.615100161689094607e-06,5.985674522712046968e-13,1.188041726942431657e-05,2.004682801785818356e+02,-2.872353806170534808e+05
9.797328413741423857e-06,2.027887663756318541e-13,3.287051745068170417e-05,2.893087528263831132e+02,6.786046278816988342e+04
2.886433735688414434e-05,2.938938738345292631e-13,8.220810962506941471e-06,2.119378228018072718e+02,3.170428534963527694e+06
3.644252087483248407e-05,1.933455441270247671e-14,2.647214692540074998e-05,3.556138772913746493e+02,1.308482635414094257e+05
1.446563450199757499e-06,2.559953002604855895e-13,4.016927558176658890e-05,2.379237060537839454e+02,-3.445079050744370761e+02
8.720586289061187156e-05,1.724639176529482740e-13,1.663688657516486651e-05,3.131394174338465746e+02,2.038250220994555566e+05
2.620573363141572971e-07,2.580304526208247038e-13,3.646074240564513855e-05,2.964003684603413262e+02,1.835306276442979879e+03
1.028350032001394744e-05,2.955730536577544781e-14,4.963593274246559602e-05,2.698803835216186826e+02,1.927082775367864997e+03
4.953211346114908212e-07,1.658379868267238429e-14,1.856362312924730648e-05,2.883759288019550127e+02,1.489544851603197230e+03
1.332592134156445512e-05,2.741015682674770439e-13,2.137342470089925552e-05,2.628435682772611699e+02,3.425262823664298048e+05
2.558703287611312063e-06,3.412385188606660361e-14,6.166026351171306805e-06,2.499810410228778608e+02,1.968637263350078720e+05
1.232762663394596606e-07,8.356372756427647782e-13,3.258563837395805224e-05,3.971819887991163682e+02,8.145945025666801484e+03
1.361362476097361822e-07,9.218940936047821559e-14,3.449218096361180634e-05,3.693836627268991037e+02,7.406344380863624792e+02
7.721616458340635877e-07,9.717783281667108948e-13,1.826420875596602845e-05,3.542607203762839276e+02,2.757804224835418863e+05
1.959966979504413672e-07,2.855704142065143970e-13,8.183213711472180351e-06,3.271295055546485173e+02,1.888359732005161932e+05
1.159382939680311109e-05,1.272003721221085015e-14,9.700172932795222020e-06,3.276711151443905692e+02,8.505212901466271142e+05
2.411347446981173799e-06,7.502057145218425131e-13,1.397355221473771065e-05,3.770055457452167502e+02,1.806744428736291593e+06
8.551609541056819167e-06,6.608671799272779984e-13,2.306589377006288007e-05,3.507221054635502355e+02,1.105509825896396302e+06
9.995477000853241544e-06,6.939380017055948265e-14,1.498259934545615009e-05,3.715205621544005226e+02,5.780629957770496840e+05
1.388323159916588068e-07,1.111013040691635975e-14,3.955024987828620000e-05,2.974738790038251182e+02,3.330370679603421991e+01
1.752890098714449692e-06,4.581057606611103820e-13,2.417654276754546754e-05,3.503807126406505290e+02,1.240621899341658282e+05
1.118534873215437730e-05,2.271946585304951215e-13,1.546554629926954612e-05,2.144036923297412898e+02,3.252725805353509495e+05
5.120905381337931397e-05,1.875880853638499596e-13,1.294865361813975906e-05,2.992482017211243033e+02,6.429280386561780469e+05
6.886460518113053338e-05,1.829989472273973442e-13,3.457153977928466965e-05,2.794327304176485995e+02,3.468223573565958650e+05
1.406438577031679098e-06,3.039373949661025950e-13,3.471615347101712876e-05,3.927708305597144545e+02,2.748773768485905020e+04
5.358469941062448923e-06,1.287579425401011823e-13,1.290253266837641387e-05,2.888108172154883846e+02,4.319444338989226962e+05
6.339522660301537618e-05,1.033149957857331510e-14,4.821791628092925294e-05,2.679520526487328311e+02,2.310472818104533872e+04
1.366262733417266873e-07,2.167940045090211846e-13,1.458951206506025101e-05,2.771182066955015557e+02,8.833798847754118469e+03
8.483291137131434363e-05,1.137100340378270377e-13,5.538650596602729110e-06,2.071465567307035371e+02,1.420105679569854692e+05
2.314023907116020858e-06,2.401901935440606236e-13,1.335966302354937157e-05,2.171574843134898458e+02,-1.414122641457548598e+05
3.532196755689027609e-05,8.228785933160500844e-13,1.175319983455803929e-05,2.339910091446419358e+02,5.927841847303147428e+06
3.187816076568895677e-07,9.596149073958711210e-14,2.465495661595408194e-05,3.666151613797825348e+02,4.873962897659468581e+03
6.419928908325857873e-05,1.127271233862905252e-14,3.075344814819756274e-05,3.188797751880264855e+02,2.458207872567169397e+04
2.105564679443157236e-05,1.164192455715292978e-13,3.390091077752152045e-05,3.651968711233912472e+02,1.665449952559100930e+05
9.094682773512122488e-06,3.354600790649993199e-14,9.163662395583455875e-06,2.079787802603226510e+02,1.421254339924757369e+06
3.305121146498518349e-07,1.006143237458932399e-13,4.519186302556520488e-05,2.315912865997195809e+02,-9.044563217891794693e+01
2.064510424053147934e-06,7.171247152477066594e-13,5.471574187912971829e-06,2.243631484304944763e+02,5.715909317799903452e+07
5.715686242042737931e-06,2.957176981797643852e-13,3.600203649790239581e-05,2.975091106877286506e+02,4.881693170762243972e+04
1.606380290109306910e-06,1.820250479246508559e-14,8.170947316225852963e-06,3.453938539798014631e+02,1.144793389112165169e+05
4.771014187441570094e-05,2.474507146843271983e-13,6.411053760898762406e-06,2.129213502216058203e+02,9.770525325721289264e+05
4.491187549924601604e-06,5.131671388406427663e-13,2.213392623572772025e-05,2.475569921094036090e+02,6.083286848417355213e+04
1.849949453888421299e-07,1.096848796421277326e-14,6.437946968932908463e-06,3.783282097130882562e+02,1.922768802534072893e+04
4.226777381954893199e-05,2.007001014038875381e-13,4.609568612923809313e-05,2.353625435473155108e+02,-1.227435798296195571e+04
8.588598325895863110e-07,1.249275345102128170e-14,4.310989011972988046e-05,3.117828880339032480e+02,2.131951616861543641e+02
3.271241633558744810e-07,1.430494277699675878e-13,9.007889236487287994e-06,2.301470130700114396e+02,-1.844495418005369720e+04
8.484780479158715846e-06,3.177075190669369959e-14,2.842686658353959229e-05,2.766844613221985014e+02,1.104632601853149754e+04
2.654121188229165525e-05,3.639217250373857611e-13,6.988575938942250519e-06,3.532779459950636465e+02,4.643196920224895701e+06
7.428712081545771291e-07,6.094610426650436571e-14,1.589453983479205236e-05,2.115283473612342391e+02,-1.049547536036331621e+04
2.898369663719807991e-06,1.154721408154002360e-13,5.274502927034354166e-06,3.409254459962302803e+02,9.968247065889842808e+06
8.015750545965569663e-05,3.987183694659285652e-14,2.257581088588535813e-05,3.165585405016156528e+02,5.577357415420108737e+04
2.117798868503793169e-06,1.495328436045160714e-13,2.389160639484841635e-05,3.975593853783584564e+02,6.378077900922813569e+04
1.315712177489791061e-06,3.862087035050808312e-14,4.795936909879949724e-05,3.762895101109600091e+02,1.153740703495975140e+03
4.479872217860413098e-06,2.438515621584926824e-14,1.971677474682536789e-05,2.883835313837681156e+02,1.679075735993200578e+04
1.322029406319658071e-05,5.826095820728632983e-14,3.609674398914476781e-05,2.345610789775083163e+02,-2.721829330251504871e+03
8.505340420166182988e-06,2.321522792269566584e-14,2.466092050489397246e-05,2.632075925828075356e+02,8.315267799363880840e+03
1.257733036497450620e-07,3.652725487952752792e-14,4.528426372044781187e-05,3.400612204672960956e+02,1.006422943485503083e+02
6.591636335920537861e-05,2.095457826598552089e-14,6.514456402620558446e-06,2.907515093774327966e+02,4.334540495936029765e+04
2.374431577618627724e-06,1.262123671635594500e-13,1.409191084139384614e-05,3.311406833602886195e+02,2.063384030711188097e+05
1.296172786881070350e-05,2.822161779488629206e-14,6.555076514813865961e-06,2.677583596756795714e+02,1.509755866503148805e+06
6.251520321907160969e-06,2.903783048306955349e-14,5.858906230459687190e-06,2.065312470003810006e+02,6.677955017936617136e+06
3.109479829047662898e-07,1.782081615913589896e-14,4.173821427864303263e-05,3.608025160339463469e+02,1.764146555218467824e+02
9.643255665568534684e-05,2.674133805739340511e-14,2.410830021859160487e-05,2.428725104250309812e+02,2.584558641713132602e+04
2.298016567838573120e-05,3.022083565361837463e-14,4.116806832322660942e-05,3.507723545801658247e+02,2.376371029263071250e+04
1.042733630273099099e-05,9.321785587122201697e-13,1.761157998839520261e-05,2.316856057968618927e+02,6.055562777489950880e+06
6.443000815241038546e-07,2.109334624220160083e-13,1.760821324343877757e-05,2.397456685958357809e+02,-1.559866497150287614e+02
3.753311754387023853e-07,1.087801807677426449e-14,2.945177483070873553e-05,3.423692919608349143e+02,3.303948916741597941e+02
1.857470946944309877e-07,9.983341270851964411e-14,1.106470852362964175e-05,3.267215305227780959e+02,2.512473172081537632e+04
4.708806415792154320e-06,5.300220353032860349e-13,2.023927586245993405e-05,3.154852467830100977e+02,5.274143630957328714e+05
4.298364450652563294e-07,3.118235797681756306e-13,7.837881626194399996e-06,3.195936970563960813e+02,4.952898608708828688e+05
1.831224065324029368e-06,1.495864281914486050e-14,5.563040582973913371e-06,3.086557681339561441e+02,2.564611899072531378e+05
1.919310761266360645e-05,3.644100762130272004e-13,1.099056234266861588e-05,2.648241394656380407e+02,8.890995669445617124e+06
6.602484586242662748e-06,3.980787857558455658e-13,5.246452479816287946e-06,3.601348233873130766e+02,8.207386022121670842e+07
8.964590754017565162e-07,3.761595464207205139e-14,1.107603364853288071e-05,2.191807868355094229e+02,-1.629471364014378196e+04
1.898977037002315020e-07,4.621351152905248901e-13,1.495833602788513665e-05,2.550732356834081713e+02,1.073878443905294989e+04
8.404831174924300125e-07,5.574438270485879697e-14,4.899773645904430697e-05,2.691195753494883434e+02,2.979802734012432666e+02
3.907619148504361083e-07,1.670383295428628536e-14,3.341418125688137332e-05,2.797387867996816908e+02,1.718394645902452567e+02
4.323130025133896558e-06,1.074572390864126839e-13,1.443344684431271847e-05,3.229757781036241795e+02,2.846123698006367777e+05
1.850165382966267320e-06,9.567774905239411917e-14,3.342315565180694942e-05,3.294710357319063974e+02,8.909516894146459890e+03
1.192360065875511348e-06,1.118747812690309251e-13,3.442662521165180381e-05,2.889933825038432360e+02,3.833303695399558364e+03
1.442480126753928003e-06,6.236715901444647021e-14,4.064835393094808806e-05,3.617837801432797278e+02,3.118521517558123833e+03
1.674851935646329202e-06,1.864152891267620511e-14,1.436841702525114079e-05,2.900200418376664970e+02,1.260261967711884063e+04
1.899513200136460827e-06,3.246288746129687047e-14,1.339382677449572213e-05,3.890285933654315613e+02,6.838605435965489596e+04
9.580754825489622477e-07,7.077904356417063475e-13,6.246645424661187214e-06,2.327460336152464890e+02,1.147769685532531142e+07
1.901321311540912513e-05,3.743410574434587547e-13,3.135038927362789545e-05,3.270114957071388631e+02,4.831748665212879423e+05
3.868264990549756715e-06,5.639449037980984919e-14,4.149107216774148188e-05,2.675198021156507480e+02,2.177828495651608137e+03
1.081126757262234395e-07,2.638804652677117806e-14,8.013779330948307193e-06,2.190497152951200235e+02,-3.665252516020909752e+03
1.705960043148228286e-06,2.018769470356622757e-14,3.623384429784489791e-05,3.325235224109492265e+02,1.393600155161352177e+03
4.731545057702623362e-07,6.737441962744647187e-14,1.220342909326157002e-05,3.801133258549539846e+02,4.472440130711411621e+04
6.114159252334644762e-06,1.213407155412634689e-14,1.977824678720165928e-05,3.019619805565530442e+02,1.399464192429771174e+04
3.297146056670579916e-05,3.443742117022564292e-13,3.500243650072782357e-05,2.685958118124693215e+02,3.092656435324753402e+05
1.698637218101434990e-05,5.755538832926074375e-13,1.270728947812120070e-05,3.130647312034648735e+02,1.792814416527815536e+07
2.338952692965303404e-07,3.391435847957205421e-14,9.453921780569433191e-06,2.664376655616374592e+02,6.442489908947261029e+03
3.173262260085588517e-06,4.192647749563246239e-13,1.168786771408904257e-05,2.339017408595574921e+02,7.822694529839793686e+05
2.491975741601943554e-06,3.195408523754073611e-13,4.095439113280662527e-05,2.694969852609800682e+02,8.783666296176406831e+03
2.083342820582906400e-06,9.944841682122877972e-14,1.934666795958305864e-05,3.236156901770389140e+02,5.130437648164422717e+04
1.279903753273170641e-06,6.205436218519210046e-13,3.653468420462851378e-05,3.912576098838171106e+02,4.354840590103134309e+04
1.148389062514293220e-05,9.429631077557303679e-14,3.570023893810712044e-05,2.604092810970536220e+02,1.331604169815569912e+04
2.317736851584175184e-07,9.279597626707444928e-14,3.546370335470988550e-05,2.628771775849261303e+02,2.901373403208920649e+02
1.411463032150023989e-07,8.723410681522047480e-14,2.178496040007261373e-05,3.474349279554916166e+02,2.546070479810973666e+03
8.519711166864314103e-06,7.394438854233081928e-13,2.225391679509352484e-05,2.918400533838923252e+02,9.226565195918162353e+05
3.995832878044126259e-07,2.477260108816825084e-14,1.450715533676093583e-05,3.498406858381666211e+02,7.039346298196691350e+03
1.191032838065422935e-06,1.326075745844843339e-13,1.323496208356617388e-05,2.022832345416871647e+02,-8.712205228545241698e+04
5.836852053273764861e-05,1.638587763283271033e-14,1.487295918108288535e-05,2.555174240139004382e+02,4.322778222165298212e+04
2.664978529123252124e-07,1.111481147453761883e-13,4.988643084737251872e-05,3.896894571540908601e+02,6.336246444505857198e+02
3.542998264809080888e-05,1.709939058221887981e-14,2.195300343473946663e-05,2.116950368332498726e+02,1.224304290879396722e+05
1.649152082276175360e-06,1.680147610676315790e-14,3.036530966075790002e-05,3.526234451428619536e+02,2.187178000763862201e+03
3.760365206954863122e-07,2.003885115071479238e-14,1.990503946660535477e-05,3.634900900419661980e+02,2.244435317562134514e+03
9.008502206509911268e-05,1.852640462916633792e-14,1.176863103638579873e-05,3.568801381739769454e+02,2.051807367526073722e+04
6.652604910218807110e-06,5.790372167410808961e-14,1.563876281782091150e-05,3.167429177154324407e+02,1.787589230640650785e+05
4.642070223222743802e-07,1.529968272001306556e-13,5.536200375800748334e-06,2.950094529559540888e+02,6.068657078208078165e+05
1.950949293169946882e-05,3.726157146830626503e-14,4.220422450071676800e-05,3.896390489567629061e+02,2.732254350449002231e+04
1.293006631593811988e-06,1.187134103985200097e-14,3.467403160059848790e-05,2.104800433790834973e+02,-3.571745864291388557e+02
3.951618818277066030e-06,2.563644826233089209e-14,3.870767537644547753e-05,3.688651739513939560e+02,4.232264791809075177e+03
1.174071349829307989e-06,1.059710088416802138e-13,1.238214531148113604e-05,3.423524348303391776e+02,1.359981734193048615e+05
3.094131408934961696e-07,3.286647199644258250e-13,9.808387879155232075e-06,2.971099306766876111e+02,1.443957528400240117e+05
3.046795116628991780e-05,6.767848975203985545e-13,8.053650115995761831e-06,3.561727051769804575e+02,6.552616868465904146e+06
1.318117546616425054e-05,1.382837782983886254e-13,7.596575187389758953e-06,2.465515336013883427e+02,7.153417499911902472e+06
6.050440905827059236e-07,1.708139261494232242e-13,2.435025109113227369e-05,2.263305767620476558e+02,-2.988719826342567103e+03
3.828800458303599743e-06,4.225914206741899171e-14,1.340645442212728400e-05,2.499859403200132704e+02,1.949376114267918456e+04
1.091946963551471655e-07,1.275056424122341657e-13,1.479045464584808814e-05,3.573547068157938611e+02,9.770203213549635620e+03
3.423623196947305809e-05,4.760155635463080228e-14,8.417200738562858041e-06,2.451766829930649862e+02,3.650058711220773403e+05
4.645138907447512284e-07,1.576404756333698770e-13,1.704071825585597847e-05,2.633041889894788028e+02,9.061198691521409273e+03
8.376532228908648653e-07,1.001798933499025227e-14,2.868255644906321950e-05,2.514067263253812143e+02,1.115819694465693033e+02
4.698261941385015910e-05,1.767101198202553694e-13,6.341391880682018381e-06,3.385465631123344679e+02,7.195112473226648290e+05
3.887062432068187325e-07,7.325504864692558351e-14,3.164010683007072481e-05,3.578518979341246791e+02,2.046941916277419296e+03
1.069485438062267000e-05,8.165430171720034368e-13,1.878127201197619137e-05,2.726543457433479603e+02,3.595217025999012403e+06
1.464207422973347714e-07,4.275676947648103041e-13,3.499047506509150868e-05,2.420549170316465961e+02,8.577770296140806749e+01
5.207296781572691858e-06,8.313826189426744266e-14,1.441950519045590717e-05,2.771866709182121440e+02,1.429272823532179755e+05
2.043688618223356765e-05,3.124873438235261361e-14,1.652011537244047734e-05,3.481426434648548707e+02,6.724400911146164872e+05
5.009777849461396942e-06,6.708238479202305136e-13,1.989705117643496621e-05,3.554791873242533597e+02,1.018860347873908235e+06
9.634703931302834163e-05,7.527557913024999067e-13,2.668880033870370261e-05,2.425698525962143890e+02,7.288329131609580945e+05
5.922262609548631102e-06,6.347143917402721493e-13,3.957062685611158328e-05,3.401213805181222938e+02,1.244333387445875560e+05
1.825149685531320505e-06,7.414929208348959835e-13,4.013189805788699288e-05,3.019471107593845431e+02,2.972482929137128303e+04
7.727304849160875931e-07,1.441061749903691868e-14,3.114978175110765099e-05,3.820772810799581976e+02,9.473413213852322770e+02
7.953079429345482666e-06,3.626221118843969627e-13,5.987549403143080398e-06,2.115284640291249048e+02,5.152692925213105232e+07
1.447923255211458210e-05,8.831133288521635642e-14,5.129436400676762678e-06,3.331875158403707928e+02,3.785959563915761653e+06
1.674486310965674645e-06,5.831671619307355100e-14,2.516262168929319249e-05,3.604511073301597435e+02,1.417943369773574886e+04
7.104771124910484530e-05,2.586138443937537592e-13,6.988092134044322383e-06,3.030744179333785269e+02,4.604709158628585865e+05
1.157320350658485530e-05,3.503622022174565801e-14,3.111253137232803187e-05,2.072953204001032645e+02,-1.528786888637592347e+04
6.743273749788387614e-06,2.822886010769095850e-14,4.010455210080204110e-05,2.386621359353449066e+02,-1.152956855601805728e+02
7.396836600755561913e-07,2.338108249928578232e-14,1.810824898288166868e-05,3.063931092966653864e+02,4.365680229107640116e+03
8.925942223406548113e-05,6.324205431728018414e-14,4.390522300787362927e-05,3.225897311158500997e+02,7.134251979850874341e+04
5.340475183274872803e-07,6.908735820281200891e-13,1.675523454695322108e-05,3.828505801793552337e+02,2.026087374802898266e+05
3.025074943160979782e-06,4.114574361464203367e-13,6.326908451381705861e-06,3.945851154308045352e+02,2.837709153024628013e+07
2.392285682436113862e-06,7.591017847526006409e-14,3.310320503008461006e-05,3.622778524931281368e+02,1.170033933941216674e+04
2.573237209499920082e-06,3.070271274098111944e-13,3.034365058141795559e-05,2.943156001832729771e+02,3.617950611516724894e+04
1.208400613837487886e-06,2.676928699312219254e-13,1.215753360060709051e-05,3.202596911545387570e+02,3.170632914505908848e+05
1.375814586225520612e-05,1.132639705235890172e-14,2.919440408620937061e-05,3.839256917442535268e+02,1.731276578477108706e+04
2.785150169431704916e-05,2.783377513464813266e-13,7.856804852870442524e-06,3.113548546199649536e+02,3.224968669829184189e+06
2.550985820220632951e-07,2.940519482135279704e-14,7.618514781538653798e-06,2.529974957676043630e+02,6.034433999830533139e+03
1.325610734780354235e-07,1.993455143007006920e-13,1.873483228601515870e-05,3.058440862563451788e+02,5.981463355420237349e+03
2.155864708485867695e-06,3.805703778216020175e-14,1.237449837639209991e-05,2.642517106956382804e+02,2.783062672748716432e+04
9.969462565746805205e-05,1.756422380382066771e-13,2.369657893174978357e-05,3.337158767598088502e+02,1.588312985822058399e+05
1.002104664545808809e-05,9.792521679201307804e-13,1.803727108921956420e-05,3.185039659027706875e+02,5.987634780232638121e+06
6.746658781350212133e-06,2.940674100335814703e-14,2.830182659375522392e-05,3.300383817447261094e+02,1.678866665142453712e+04
2.191918364929675249e-06,9.387544681811617094e-14,1.915586137886271336e-05,3.894765945949706065e+02,7.798838047940505203e+04
2.464155094770826919e-05,3.302046928475595630e-13,2.229229857732459004e-05,2.532489330553176785e+02,4.887623918912145309e+06
1.571869960657158091e-07,5.251858199174105819e-14,9.385891677322052496e-06,3.651174983225866981e+02,2.365599074116441625e+04
7.119619591623707636e-06,2.535050900313434104e-13,1.501358538568200758e-05,2.193675328009088616e+02,2.545791053563589230e+03
2.776239534898748118e-05,6.356512712523530717e-13,3.729422823435803408e-05,2.856292611465373739e+02,4.999460342899858369e+05
1.228785080616111093e-06,1.200690767669970404e-13,8.164933810335160767e-06,2.773677735247445071e+02,2.764677034839272965e+05
2.245690751910432475e-06,5.192079809453552085e-13,1.204625866069686305e-05,3.325759166565160285e+02,1.481997547548395814e+06
8.092597010118072777e-07,5.452193045434524596e-13,3.534873448366568138e-05,2.762851115436893110e+02,9.072728493864709890e+03
2.336551462515990559e-06,1.730849351355122751e-13,9.446328906492186406e-06,3.682916407150829627e+02,1.230601557730166707e+06
9.417525495387477644e-06,3.964550363735577929e-13,2.216163924108929513e-05,2.118132469046527717e+02,-2.199503436456071213e+05
1.002615131346674737e-07,1.729637645050979691e-14,8.658528808487489994e-06,3.090787100654927713e+02,4.128179499280952768e+03
1.335920846050314616e-07,4.367332124804582590e-14,1.715773509531934413e-05,3.682520028429946137e+02,2.781322759385294376e+03
3.683920798160427887e-06,4.268226935896125700e-13,5.619011175856398903e-06,3.620913646762190865e+02,6.126033436070158333e+07
3.954764439647293459e-07,6.961329166776551844e-14,1.886013627103662573e-05,3.544823639494329086e+02,9.164073551033414333e+03
4.665872024552980093e-07,3.051373993976768693e-13,1.228341451619073967e-05,2.780709088606726027e+02,7.324675832948627067e+04
2.064197632993852511e-06,8.674974652304362517e-14,2.183922087307116079e-05,2.065268891874474093e+02,-1.930127857412694357e+04
4.595018173185477145e-06,2.047910161860323317e-13,2.975724199359122186e-05,2.351368644817523830e+02,-5.057898470600383007e+03
1.687601906823649414e-05,1.432759889945399772e-13,6.108773850800786295e-06,3.953046957004917203e+02,4.521515442583471537e+06
3.982613648147797777e-07,1.220629585415629701e-14,6.745821604460261483e-06,2.711844515137129861e+02,1.260813505557274948e+04
4.007968950546973534e-05,3.862327833297816946e-14,2.832664347865397671e-05,3.317445296754705168e+02,2.160981531608919322e+05
3.490056443548483647e-05,2.076293750399423564e-14,2.305162995709231284e-05,2.273919439887500573e+02,1.532055554243645747e+05
5.450353531659623985e-06,1.394400599952863215e-13,4.666676722358331978e-05,3.854781288288361338e+02,1.959168542219143637e+04
2.470865329917312587e-07,9.585161581541459065e-14,2.001337723687835845e-05,2.300163546162038983e+02,-8.865846776562380001e+02
1.997073834721452332e-06,9.551896740924303529e-14,5.866940409102319932e-06,2.459368306077083730e+02,1.339535824692147085e+06
1.572656030244826562e-07,1.642645137111848709e-14,2.889182849772070689e-05,3.990091800477931656e+02,2.951228591374834878e+02
7.948520117082937301e-05,1.479412827178728725e-13,2.932032694407306909e-05,3.345724034870929131e+02,2.104589710523229151e+05
2.880493125101711545e-07,2.328145530976860926e-14,3.739642994505060984e-05,2.276895995625372393e+02,-4.793254392623529725e+01
4.314407606720614208e-05,8.293288755740296380e-13,3.555255421255999407e-05,3.877442613852496720e+02,4.004377931559576187e+06
3.766127233356845911e-06,3.623213586178305451e-13,6.236196624402701631e-06,3.500343856036233205e+02,3.519329946313702315e+07
8.881615778280172527e-07,2.174095749999608337e-13,1.699232472770227030e-05,3.027570557995587137e+02,5.649973416151099809e+04
1.739701273190587025e-07,2.524571825700368290e-14,1.866127664184900211e-05,2.267508961020769789e+02,-2.730193573177675717e+02
4.951708600342885103e-06,1.071940149557215798e-14,4.796978646636283338e-05,3.742145295556751989e+02,1.196174415299543853e+03
1.513932264746626467e-06,1.070462256085783953e-13,1.016950625236534481e-05,3.003005153905726274e+02,2.186059241021616617e+05
2.267632989714763274e-07,1.627807358225658475e-14,1.777675071223878592e-05,3.456874605451835123e+02,1.388951179106898053e+03
1.751077302252771295e-07,1.989432865906085326e-13,5.110707981508590859e-06,2.824917125752226639e+02,2.900337643948268378e+05
2.566669851388436957e-06,7.983678601908556862e-13,2.758412666225590500e-05,2.743261652176209964e+02,8.575986586071587226e+04
2.557598736236508486e-07,3.938409663894317314e-13,9.559415574600445845e-06,2.754711555801470695e+02,1.044145585173980508e+05
6.329598059223131116e-07,5.616174960211810344e-13,3.273994112048001507e-05,3.068083729828675814e+02,1.525201125218976813e+04
8.752794528969676973e-05,8.406544445625321830e-14,5.716430241550940646e-06,3.370270268045223929e+02,9.862219509194487182e+04
1.319997070921764107e-05,2.833339903954322531e-14,1.001853186818423461e-05,2.870790878055861413e+02,1.461515284174428554e+06
1.478925444199924246e-05,1.196482169205468755e-14,1.963894200430459859e-05,3.586091337220610740e+02,6.252246406598183967e+04
8.498472197056511704e-05,3.992892401059643846e-14,1.301835202515914615e-05,2.167317029821659844e+02,4.968857129721160163e+04
3.580584760745915696e-07,8.985599705360985651e-13,3.595358458599950084e-05,3.042307908228386850e+02,1.010524337147875303e+04
4.974742840936895736e-05,2.740582610686720198e-14,6.133610587114141496e-06,2.639500847860966246e+02,9.952959678949155204e+04
1.761876026804446495e-07,9.747733131100620488e-13,1.713471527796416307e-05,2.367072473849610219e+02,-3.211988526645618549e+03
1.080572695600348183e-05,6.440282932738184734e-13,5.294589482337988015e-06,2.769859348058850514e+02,4.957327221810402721e+07
6.739326957303465709e-07,1.228228126047349885e-13,6.840867243740185547e-06,3.546467712359420830e+02,5.887783181996783242e+05
3.330537826293232978e-05,2.893580085164498758e-14,5.542440646957316562e-06,3.820733643023563673e+02,2.344538583090848406e+05
5.173999253896610965e-05,2.350476024310786919e-13,2.454445357409117606e-05,2.112708291411623804e+02,7.891393875006163726e+05
3.764894373628585234e-06,8.580605408901202873e-14,3.052364134895562504e-05,3.122295062151567322e+02,1.825218908506546359e+04
1.488640986068017220e-06,3.588663995460412013e-14,1.564272587180401267e-05,2.919129934879815096e+02,1.720916839318671555e+04
1.176784753134805468e-06,5.010164869223267382e-13,7.611543039152513201e-06,3.097529812858985565e+02,3.572952337576677091e+06
6.633182440378799182e-05,8.566633963042445180e-14,4.487904183832784795e-05,3.254145280027656213e+02,1.749914961175925855e+05
3.779442206932100568e-05,3.567795568265982182e-13,3.235842589695877013e-05,2.014400980617075163e+02,2.244890502384836785e+06
4.151251860442357699e-05,8.926407614408172956e-13,6.007586889509410764e-06,2.807168277733278501e+02,4.655530394649206661e+06
1.064167959047847280e-05,1.050994807738603748e-14,1.680917245820239998e-05,3.019911709382658387e+02,3.745530145372749394e+04
1.137545247249233763e-07,2.119077047864545762e-13,2.155758266875113218e-05,3.310755451072809592e+02,4.576165096578391967e+03
2.011815728068074171e-06,1.152367051345433953e-14,3.425502870800235496e-05,2.168911330327073870e+02,-4.253033998934408828e+02
5.817013113624056590e-05,1.179212077051534306e-13,3.462367421365788854e-05,2.472168727872004013e+02,3.132149268806248438e+05
1.874222249617207460e-07,2.491135129479095675e-14,4.513540929131773711e-05,2.324082011105308823e+02,-1.146750581839172867e+01
1.226943974025011735e-06,7.660942290005892954e-13,6.388363880477569832e-06,3.881927852709849276e+02,1.752047722673917189e+07
5.286181592650606798e-05,2.846963934293751232e-14,3.149812160155480989e-05,2.177493789073279515e+02,9.156899077740176290e+04
6.979386419050825587e-07,3.066382531261649977e-14,1.155630118607356785e-05,2.964436790668622166e+02,1.827681174300854764e+04
2.183157177297359407e-05,5.210234691289469870e-13,4.808849454505818231e-05,2.579983830543613408e+02,5.415364676178428635e+04
7.461966212049234979e-07,6.135815143541577168e-13,1.187716968487751947e-05,3.048745770887517210e+02,4.194553168991932180e+05
1.839753514937839837e-06,2.568284784093270859e-13,9.532028196467055414e-06,2.559119024517254957e+02,4.578560024024048471e+05
3.451689285327644428e-07,5.774464677594270931e-13,6.020835181374485603e-06,3.553902421727763681e+02,2.415558351377510466e+06
4.407437116308508774e-05,7.751055154829769182e-13,6.719060131725609160e-06,2.813833082243999115e+02,3.586238728356963024e+06
6.320426568196976477e-05,1.419656379958669427e-14,2.335869890857992484e-05,2.557720736845633382e+02,3.194045341040915446e+04
8.419567913256454259e-06,4.505463123701609929e-14,2.615454601573504397e-05,3.038621833688083029e+02,3.177454366966371163e+04
4.621943510783260923e-05,3.659151123485575386e-14,3.369686382984521015e-05,2.497803867138046314e+02,1.539507107008635357e+05
1.284611452280671130e-06,2.836085566968446580e-13,2.767759830812213128e-05,2.097505253374808660e+02,-1.713075148034883023e+04
9.784023064761411114e-05,3.227946896236003905e-13,1.149237794850155734e-05,3.205617994277916409e+02,3.030693824928745162e+05
3.212136538381662017e-05,2.017084685587888626e-14,2.708324885765497060e-05,3.557381234417387077e+02,1.757060660537332296e+05
1.495417204655744883e-05,7.057078898994376200e-13,7.212571926635119071e-06,2.142732267970852149e+02,2.836291383057332039e+07
1.603930119147420736e-07,2.099627561428887470e-14,2.536774289424401852e-05,2.413783257866790564e+02,8.144212612512149008e+00
5.049371204157829295e-05,1.335113172855388638e-14,2.739164463344850484e-05,3.618754463514256372e+02,4.706457065677556966e+04
3.168758179474859109e-05,1.024197883441775336e-13,1.408651344504114473e-05,3.544312547098120376e+02,9.167613530420450261e+05
1.070984242941718956e-06,2.088858566233612400e-13,1.611080348680573853e-05,2.025429004489781448e+02,-6.805239574965315114e+04
2.745539010427286685e-06,1.387681911599536961e-14,3.017565667213404650e-05,3.518482807520243227e+02,3.054962905426706584e+03
1.693887342228411833e-07,1.299738052219671069e-14,2.845606236011366844e-05,3.482179435551743722e+02,2.052938592690809969e+02
7.889427771857128580e-07,2.197677877359736581e-14,1.048785438194197814e-05,3.576493635270997515e+02,3.424113383328683267e+04
1.541110564374863690e-06,2.946931631414540156e-13,5.459344447001619056e-06,2.184915329901823213e+02,1.182998794749040529e+07
1.366798810486771737e-06,1.923989618873890235e-13,1.109492292650794767e-05,2.157700519293108812e+02,-1.332615103546568425e+05
2.059228089190279779e-05,4.792133507469525244e-13,1.323712404757668836e-05,2.861968959432919632e+02,1.015712085352108628e+07
4.830726138622427342e-05,3.423201717612785669e-14,1.409634174812075584e-05,2.851831903367645396e+02,1.318433638295972778e+05
1.828427173504385181e-06,1.217405383290027156e-14,5.870792783981160138e-06,3.197017973767092940e+02,1.962683767884058179e+05
3.089230314943757290e-07,1.884847689426607568e-14,4.880715441510007308e-05,2.205281194856667639e+02,-3.057260810244522986e+01
5.221168035221046745e-05,1.052626092704931104e-13,2.527664928838101535e-05,2.284618795958272983e+02,3.470478901307085762e+05
2.696513969632936894e-07,2.695536299453129564e-14,2.440385698004610701e-05,2.817219357608728387e+02,5.120820088298302153e+02
6.679889761619202057e-06,2.393506525389132114e-13,2.703126975058982168e-05,3.978319822764568130e+02,2.263067542727245600e+05
3.573545728948551575e-06,4.134817732651881760e-13,7.321103009663565075e-06,3.922328151247612595e+02,2.011779180859994888e+07
1.583879856943394353e-06,9.832712240909404319e-13,2.348158985485601026e-05,3.503530131825189642e+02,2.632605035010478459e+05
2.727061487300245714e-07,1.317281606803544768e-13,7.688075758254212875e-06,2.298096582537584709e+02,-2.327668965185048000e+04
6.839489846673104180e-06,4.272667219555429957e-14,1.045456877998660382e-05,3.689859806551220913e+02,7.091688609944633208e+05
5.943008777776162706e-05,1.278656502936585516e-14,2.026684596068258017e-05,3.619219369606798864e+02,3.253806831283298015e+04
5.304064785572154678e-07,8.538281350588675742e-13,2.388530350013819451e-05,2.332279995444010012e+02,-6.603743757514479512e+03
6.942594403250167319e-05,3.118354011652583709e-14,1.116644607842354782e-05,2.236042626382648280e+02,5.814768747906495992e+04
3.711717385630825071e-06,2.245115092198335666e-14,5.595362156398617282e-06,2.029704349105318499e+02,-2.365329242126567988e+05
1.358827100820899846e-05,1.146904380659840732e-14,4.042145141233964871e-05,3.520343439888547437e+02,5.367958391422886962e+03
3.559336239763954066e-06,1.104319245832875999e-13,3.337238788032967379e-05,2.348186911975311943e+02,-1.616612593302712412e+03
3.102941745512014576e-07,1.918636807919112940e-14,1.490242740143657307e-05,2.659410467246011081e+02,1.213287872987624723e+03
1.758588783532467733e-07,1.588065829232660077e-14,4.321079969866727994e-05,2.062877018789524470e+02,-3.910932606711561021e+01
1.266063517394731484e-07,7.231474651795705905e-14,3.481222186180605156e-05,2.604938069118749127e+02,1.180378830346521681e+02
1.375435152311063668e-07,6.410134372932604354e-14,6.709293932805059801e-06,2.630298601013390680e+02,1.770631624407563504e+04
2.213768497289050685e-06,6.679097881178206209e-13,5.047346181140514785e-06,3.422985531167132649e+02,7.610203940031397343e+07
1.107754427188784554e-06,1.433288113594399838e-14,1.578932913238228881e-05,2.953407194554941952e+02,5.233118676122780016e+03
1.409230592632508304e-05,4.664735644327124032e-14,7.428169792227007360e-06,2.598896647632077475e+02,2.111122964508403093e+06
1.604526980173091698e-06,1.394452596858731103e-13,1.445084397500795338e-05,3.940752805092111544e+02,2.013172787150827935e+05
2.912671701878709251e-06,1.392713536213423149e-13,1.216173113370715660e-05,2.173527508396081771e+02,-1.378033483405535226e+05
2.543114862232870395e-07,1.603245646250867964e-13,1.543999753719865574e-05,2.460388014158561987e+02,1.881982455625100556e+03
1.437201284967242062e-05,2.570134693722566279e-13,2.441726558396746342e-05,3.972210535889141738e+02,7.747716057035750709e+05
8.262441157856433514e-07,8.347849258723014559e-13,1.985318648255274894e-05,2.325217351486932671e+02,-1.831439474890520796e+04
1.953442031956688466e-05,1.996423931849189801e-14,2.144954220536164061e-05,3.235492160027728232e+02,9.093669668495350925e+04
1.126399608985851169e-05,1.522287072538680085e-14,8.345534862223437565e-06,3.465276349677483836e+02,1.078356090548993088e+06
8.501129740400150759e-06,3.964519271878350816e-14,3.765744701234442597e-05,2.871666229026485553e+02,7.276591707747618784e+03
1.101157598328037110e-07,5.519431235275611113e-13,6.361103480123806453e-06,2.026157609925796237e+02,-2.644238512666261522e+05
2.814642417294293614e-05,1.766231358333720723e-14,5.844959436564320211e-06,3.995579072170515360e+02,2.003787914331853972e+05
7.181392672532555942e-06,1.114271524273088055e-13,3.968153904987061940e-05,2.815638011122673561e+02,1.320085741353301637e+04
6.602227684922607049e-06,3.387284249362397922e-14,5.849575955734474965e-06,2.905342389179459133e+02,6.984273959126117639e+06
3.215340068731469643e-05,1.713092197137612961e-13,3.222981163341839816e-05,2.067863671776090371e+02,5.131594461378900451e+05
4.272352483254491431e-07,3.438122106212220504e-13,9.488562046604869459e-06,2.366525086089098693e+02,-7.765138125473953551e+03
6.034779633496165996e-06,9.741014320599829426e-14,3.778859158041735487e-05,3.097911178213143444e+02,1.709853893866389262e+04
8.351660301889308427e-05,2.960313920515985245e-13,7.287273813679455386e-06,3.697935440219327461e+02,3.814545002960410784e+05
3.085715525393703204e-05,5.348205861197973209e-13,2.384031768628112964e-05,3.686514446577946273e+02,5.048321009073510766e+06
5.749834963886234093e-05,3.491362899868211268e-14,4.441180432053018772e-05,3.642784746914968537e+02,9.491500002125215542e+04
3.722080129217000238e-06,7.563838149881952129e-14,2.095794661854367575e-05,2.534429544178219373e+02,1.136422509665086545e+04
1.690306429746636319e-07,1.454551534609856512e-13,5.080009081081783440e-06,3.291171895618501821e+02,3.556152570330607705e+05
9.721027141249358731e-06,3.904009252785449165e-14,1.354790640689765764e-05,3.120722622725961060e+02,2.858016273109383765e+05
3.051481206102898215e-05,1.468777636476858086e-13,1.188065235945028452e-05,2.654436976164753332e+02,1.417703040206392296e+06
7.235579526149307634e-07,2.082316315089791172e-13,3.344298665447422315e-05,3.486859038001497311e+02,8.681879868201127465e+03
2.406519706105195428e-06,7.973232264587336394e-13,1.979710794626444916e-05,2.919323484327058509e+02,3.199699681789316237e+05
7.085434632762933388e-07,2.613763127247754110e-13,1.672701386782739249e-05,2.564154271224011836e+02,1.761128165447821084e+04
3.468345251222632164e-07,6.980174962710094758e-14,1.385484898351067809e-05,2.095743861586188643e+02,-9.136515040127895190e+03
3.616377439373760376e-05,1.515479397696888278e-14,8.566669905448903811e-06,2.281156178031110358e+02,1.041485319258036470e+05
1.085381106974812955e-05,1.830921318270102443e-14,1.060660100729418234e-05,3.457610605967761330e+02,1.396869338039173977e+06
4.089782086706091563e-06,5.489101104127830918e-13,2.395134102860388016e-05,2.854697488133840011e+02,1.860474218322159140e+05
3.059346853062300736e-05,7.008859752471003708e-13,1.534001404124975962e-05,2.004096188067710500e+02,6.730394987149787135e+06
5.468929945897028592e-07,6.196378035738466758e-13,1.567709793988935542e-05,3.142291622871175036e+02,1.442150938182866084e+05
1.053120258176165966e-05,2.681913970557887465e-14,3.556819986450161265e-05,3.439493737499020654e+02,1.346018674923004437e+04
7.065560069821197732e-05,1.063123911905786930e-13,2.112944361279755511e-05,3.032867517933261752e+02,1.913997290998996468e+05
2.649748386466024684e-05,7.536546124560706072e-14,3.198343657114507477e-05,2.967338638599912315e+02,9.766332783986887080e+04
1.271318942428257978e-05,1.583646105213790328e-13,3.471334986571694150e-05,2.458645502612073130e+02,8.457394010192838323e+03
3.744567946555866480e-05,5.565343416147697010e-14,2.320966987511730134e-05,3.232358422706187753e+02,3.567296072121951729e+05
1.026340395494099432e-06,8.676540138170999767e-13,1.099778127272685486e-05,3.862560322057341295e+02,1.875810219976307824e+06
1.197126595880073330e-06,7.424248033956846086e-14,4.701907820928491244e-05,3.294155576093227182e+02,1.604837377857990305e+03
1.069085164272960662e-07,5.232970856339529736e-13,4.135640525210151788e-05,3.363046677889267357e+02,1.565867234539278115e+03
1.207925934424651838e-05,3.784452466538814937e-14,2.349241192760153434e-05,2.204070537550199163e+02,-2.326541486056961730e+04
3.860312078990312738e-05,1.059518182580075771e-14,4.669633984020219792e-05,3.835392072784428592e+02,1.252411387777777782e+04
1.821599898801156697e-06,1.770205452580534754e-13,4.634554292769974400e-05,2.545582781985661143e+02,1.281447066422225816e+03
4.492689676310368562e-05,1.851743349359208069e-13,5.610305025710457575e-06,3.964562014025247549e+02,8.245529858534717932e+05
2.981505836190362601e-05,4.500483750888355267e-14,3.977129431403958628e-05,3.777197261761538698e+02,6.283938622957087500e+04
2.002174635246324453e-05,1.640922161624269114e-14,1.262093453194109146e-05,3.422219984722348727e+02,3.679041514434271958e+05
1.231855944006222593e-06,2.550283125771533898e-14,4.389444109684277769e-05,2.238744155166504584e+02,-1.850292389418350467e+02
2.311814091612673686e-05,3.868215503678711067e-14,7.586573380297956462e-06,3.617011990186712183e+02,6.505122305074719479e+05
6.940357750122212370e-06,1.638925490969489713e-13,7.674640011328217378e-06,3.491738572003183663e+02,1.492027003519680351e+07
7.231584603646706779e-05,7.323167436935384781e-14,1.777422548089883759e-05,2.149071936352449654e+02,1.258585254790655745e+05
2.691231547492343875e-07,3.112483783219509610e-13,1.332717874469412829e-05,3.315149086714907867e+02,6.757386054880387383e+04
2.438346083571495246e-05,1.558424178151802415e-13,3.027723203699586780e-05,2.315025790342789946e+02,-3.318115949297134648e+04
2.074433843295802585e-06,5.257171761212219546e-14,5.321211385485385543e-06,2.931197158171358979e+02,1.318589151276993798e+06
5.762899019804174413e-07,3.004086441368890473e-13,1.271169687970428163e-05,3.160563109554402672e+02,1.407614968145379971e+05
1.241401986846241226e-07,8.583503454024583354e-13,3.638463328299902790e-05,3.024529594337560070e+02,3.158117351371171026e+03
6.119919578985120458e-05,1.227134174748027052e-13,5.569977668929369548e-06,3.957115043999791624e+02,2.944769043656715075e+05
1.336990191102358334e-07,3.981915794724338947e-13,5.186884510073367642e-06,3.496833562816315180e+02,8.578172956939530559e+05
3.881111197357327470e-05,2.479723450663819037e-13,4.435235521204290357e-05,2.862171681191680364e+02,1.539656890557703737e+05
1.394869255696672046e-06,8.877354275183941842e-13,1.508654080679538543e-05,3.512301148340942518e+02,8.170730934992773691e+05
4.850014688471930574e-05,2.055427658725272544e-14,4.318007828384350869e-05,2.589467383191764043e+02,7.853562546601094073e+04
8.730893337079558621e-07,7.387408804197078367e-14,1.595747429475757211e-05,2.042346658673110937e+02,-1.922362905190899255e+04
9.864274033463219321e-06,6.542374697398679146e-13,1.763436433767687737e-05,2.925918592664293669e+02,3.121286895790991373e+06
1.244602830643417460e-06,6.968737185885382362e-14,3.094715581932866558e-05,3.751940555030577684e+02,7.293616270738530147e+03
1.012096118091825482e-06,1.351459631964567695e-13,1.212679011306077685e-05,2.424209476110480068e+02,6.063563237081820262e+03
8.713053518212107010e-06,3.371786990740826434e-14,1.424596451658987045e-05,3.939518089317990643e+02,3.059129341515744454e+05
2.121306748132393622e-05,3.950907425885838545e-14,8.881358874769150702e-06,3.966778797947537214e+02,7.891154112123152008e+05
2.653386601545315017e-07,1.479464682439127833e-13,3.048189598493637222e-05,3.460756986066485297e+02,2.937253056689794448e+03
1.791929194900550468e-07,3.173020014896155408e-14,2.330408006018150929e-05,2.007752799056868298e+02,-6.068231738975354119e+02
5.160543406025395199e-07,1.418938107061341355e-14,1.012738113282772776e-05,2.526778570319868322e+02,2.447842331457891305e+03
2.746154389701361911e-07,1.885045200590331738e-13,8.029678348254330308e-06,2.937145278192136288e+02,1.274051831029301393e+05
5.358033508643035215e-07,5.072053929323789511e-14,3.609881549675591779e-05,3.477696474497200825e+02,1.237802131969129505e+03
5.890711301094478315e-05,5.330246527273809538e-14,1.833313698096675657e-05,2.325554530211933297e+02,1.380582730412082456e+05
5.239581726365743342e-05,4.028517347316817029e-14,9.137706724238179760e-06,3.208636828867226995e+02,1.318871910839623597e+05
7.141057080109945158e-06,1.328081890209471652e-14,1.095730960983218925e-05,2.248671775997711677e+02,-3.654891852945811115e+04
5.239203347778138132e-05,6.186009628439293544e-14,6.115468794781933621e-06,2.238741180248362639e+02,2.025492783109073644e+05
7.550275457192890962e-07,1.930869170151784794e-14,2.411509305570230260e-05,2.914304235434149746e+02,1.268730461692804738e+03
1.916560960630266726e-07,1.849968906087218405e-13,2.273924670799809284e-05,3.657427126641983932e+02,7.167757747445451969e+03
1.250775632492521989e-06,4.345856279615628330e-14,1.277201265950258545e-05,2.048328711360353793e+02,-3.100809988288564637e+04
4.353225867444039757e-05,4.846124124039641200e-13,1.684829146551576341e-05,2.012108420676953244e+02,2.298384846278184094e+06
1.215232995921233267e-07,8.870022488070915500e-14,3.526416376730855188e-05,2.454189058757775115e+02,3.752288191266893591e+01
4.216273068436832410e-05,4.140175928345582581e-13,9.509805286040597336e-06,2.749093563787240555e+02,2.093205916440100642e+06
2.361136795077789282e-06,2.418866372932095938e-14,1.142164063916789440e-05,2.361108845954866808e+02,-4.315297822102409555e+03
1.711345289600130437e-05,3.704856947055934432e-13,5.478971570971418435e-06,3.188320985925997775e+02,1.136964158466496319e+07
3.814309603422424492e-06,2.235217780822946941e-14,2.645381487742002962e-05,3.312538579151275826e+02,8.826162169357507082e+03
1.865578183483461611e-07,1.065043559719313939e-14,1.374565706293022497e-05,2.513799588526110540e+02,2.394566119862174673e+02
1.589670943566985929e-05,1.138292836662519173e-13,2.508821426366722093e-05,3.662411516445865800e+02,3.069968953682015999e+05
2.414268971456215656e-07,6.675141743493638701e-14,9.069762379259557975e-06,3.153685546515087026e+02,3.570449192764773761e+04
6.840401156614443604e-05,2.727925119325423648e-14,3.659811891621171409e-05,2.851331545962383416e+02,5.239862849803140125e+04
3.427926456847012274e-06,7.887470579329609177e-13,1.257423847846401212e-05,3.220204995580034506e+02,3.899235140869304072e+06
8.629435322002829020e-06,1.424770542545532240e-13,4.021424005277663213e-05,3.512169186439346618e+02,4.196515185654762900e+04
1.105369122299153848e-07,5.156117712215793927e-13,1.411739022441725165e-05,2.416797933913434804e+02,9.874231391605571844e+02
2.580530499544236559e-07,1.273165776503732919e-14,1.122080645957247148e-05,3.783305844627494707e+02,5.879563378869741427e+03
2.832815600876313240e-05,2.139047347301855025e-14,1.907693962475737366e-05,2.297506684847165559e+02,2.395710878943891730e+05
1.494368611880058600e-07,3.075634019361190133e-14,2.104182872916416112e-05,3.379402920080754029e+02,9.885012852129798375e+02
1.336395810783439696e-07,1.543150486275885238e-14,6.853159903528189215e-06,3.243230675632386237e+02,1.151871347422920371e+04
1.818905533478194590e-07,9.665659132441493832e-13,2.859362783262698086e-05,2.314699834619049170e+02,-1.915210776321495359e+03
3.334266156158851649e-07,6.550462192996145731e-14,7.676133664371923072e-06,3.438217802958550919e+02,1.009338957978154358e+05
1.785784722051858250e-05,1.567401672280489004e-14,3.498803711281369479e-05,2.169423382279867667e+02,-5.176551238040228782e+03
9.895761169959741948e-06,7.833026919998465945e-14,5.953080397481921676e-06,2.952496475925483423e+02,7.189220879763903096e+06
2.356860990663531971e-05,8.532729608953455967e-13,6.121909343787126863e-06,3.172330838278430747e+02,1.380608889464114793e+07
1.929503043342550159e-05,1.526239539538087154e-13,7.345425476424137870e-06,2.140378754365923726e+02,3.684532426200610120e+06
1.564195476273336888e-07,7.577580238642618997e-13,3.303371268495772749e-05,3.211490772934509437e+02,5.744317464119566466e+03
5.516955527197979132e-07,1.922968237117012929e-14,3.787363666161191366e-05,3.405305050716593769e+02,3.986000292972496482e+02
6.111112134921154089e-05,2.720814956308051912e-13,7.545582392423162296e-06,3.555050166718579590e+02,6.548006757880692603e+05
4.039624650237934616e-06,2.673799731547780601e-13,1.144434426831892476e-05,3.038479350440821918e+02,1.406935963925553486e+06
1.294082835434571140e-05,1.190904921056623649e-13,2.387636118288524240e-05,3.958388126107934113e+02,3.360511606764599564e+05
8.532973152387848229e-05,3.114029730408597810e-14,1.407874665684710350e-05,2.596896548075359874e+02,3.843904723214085971e+04
6.035484249162179364e-05,6.964963243441610967e-14,3.669537409517581688e-05,3.364103109227227719e+02,1.718482862131139264e+05
6.032751432943974252e-05,1.093228684842323170e-13,9.089275935634056681e-06,2.912681669378156357e+02,2.699794907696471200e+05
1.702581670357728920e-06,5.303100632800466908e-13,2.087716163707582496e-05,2.295711570477130579e+02,-2.929941026796339429e+04
4.047225229513079953e-06,1.206773600739324151e-13,2.822572512272828919e-05,2.403703542850324197e+02,2.506662307813639927e+02
1.590588554406179615e-07,4.194166957888542557e-13,2.017847548758441094e-05,2.938494671319426175e+02,1.028801453375104211e+04
1.390502024797715143e-07,4.388265807879179895e-14,4.122031650487913086e-05,3.924423575065322893e+02,2.339748162072719992e+02
4.013453019775719260e-06,4.435894147072210066e-14,6.446677166468831052e-06,2.609920030248438820e+02,9.084371982952175895e+05
4.899127075109392704e-07,2.104296259629452188e-13,2.832278699408615527e-05,2.234856863050874551e+02,-2.318127807330943142e+03
1.140346727057831918e-06,9.772076065379079920e-13,2.672635097940454440e-05,3.542746043178620425e+02,1.303508894887241477e+05
5.600023364746046722e-07,1.616254628162894076e-14,8.699314383435170859e-06,2.409804566623922426e+02,3.916407786248128104e+02
2.515202360375212892e-06,5.664404176443001396e-13,3.493256863060672276e-05,2.080880039155090913e+02,-3.539252584576787194e+04
6.052595216506473065e-05,1.485599845040263647e-14,3.604543164474776799e-05,2.679819912614193527e+02,3.644762240914822178e+04
4.908450543024166856e-07,7.288271421320415906e-13,4.336510102419631468e-05,3.328228047760716777e+02,8.458945681893012079e+03
1.756490704740571322e-07,7.427429335937799144e-14,4.718989094863317328e-05,3.109352865691017200e+02,1.958117976653934420e+02
7.240761550864082720e-05,7.331445512014723125e-14,5.925083074639680594e-06,2.290354894081833095e+02,1.256816107521601807e+05
8.154095998640830062e-06,7.356095734360749147e-14,4.875460733158666128e-05,3.265349747676885954e+02,9.562667194795114483e+03
1.290954697581871289e-06,4.865396334768092648e-14,8.586015510556970937e-06,3.143244406037240424e+02,1.640869503807156580e+05
3.226466258268883559e-06,7.108822370403738163e-14,2.228917889966567026e-05,3.318543087691490427e+02,3.989216540085703309e+04
1.952878490487293849e-07,4.458000788218457190e-13,1.864752685007161872e-05,2.859158977942230990e+02,1.490972886036308046e+04
8.575745017055470959e-07,2.045974727718234609e-13,5.125922213227575225e-06,3.048899290787179552e+02,3.377259195779036265e+06
1.305839475799392320e-07,1.491644367007919137e-14,2.528690811219789133e-05,2.829013230332147373e+02,1.263031983832023002e+02
2.819996334399526742e-07,5.419106446299974914e-14,1.357942434978574511e-05,2.869650663421157333e+02,6.906466368002244963e+03
2.648503791062228142e-06,6.821317901315174621e-13,6.828323368724107691e-06,2.638262201039779029e+02,3.300440463191098347e+07
1.768105997389705042e-07,3.227759658752620781e-13,5.197220330549797049e-06,3.903821691938892400e+02,1.109522347582001006e+06
9.338902068814173096e-07,4.799689138209864375e-13,3.439750109171337326e-05,2.048673244525637358e+02,-1.305710987238907910e+04
5.977765419524788359e-06,8.986059779068069257e-13,1.210348284999989632e-05,3.952137800788357254e+02,1.498843364738390408e+07
3.859352046625439894e-05,8.104688871775779248e-13,6.227568010854932475e-06,3.613775089464357393e+02,4.890555290223021060e+06
4.848387100104788810e-07,1.025718103608250421e-13,4.527615241900588154e-05,3.561796500830040486e+02,1.208370083023961342e+03
1.226113343401934090e-06,2.721209420076061844e-13,3.937263835854212839e-05,2.541558320408952056e+02,2.105847028454742031e+03
6.788903114267000233e-07,2.763117602144878189e-14,1.901189709939654334e-05,2.670603645640161972e+02,1.913048420249136598e+03
7.227890138084363512e-07,9.452802049111925830e-14,3.435703318566737247e-05,2.414155296638912489e+02,6.831172779824601093e+01
7.593561024095795537e-05,2.898348608584142501e-13,6.425972080673312753e-06,2.986216251462185483e+02,4.517625893921670504e+05
1.991837409339119592e-06,1.741974145449930354e-14,2.199920892089964085e-05,3.004502378826215363e+02,4.544402667664818182e+03
2.680870834852408795e-05,1.527315609422334571e-13,3.777835492670089353e-05,2.634071616852288571e+02,5.457195976733459975e+04
2.813741812178482022e-07,2.935239573160585061e-13,3.889284747973559866e-05,3.130816841100300962e+02,2.265603769432457739e+03
2.422029227612409577e-06,1.361378403004744385e-14,3.127303101870754432e-05,2.220091524075628797e+02,-6.050832690568281578e+02
2.527709167850965155e-06,2.572618911446327817e-14,7.411020779457518022e-06,2.267381504130360952e+02,-5.768191695626828005e+04
7.361852329972541161e-06,1.688721874223358406e-14,5.127954962960053152e-06,3.930561661372288427e+02,2.800493336792232934e+06
1.042824547325212661e-05,1.279354303695888672e-13,7.971944370436252121e-06,2.440525929742979088e+02,1.057350467324530520e+07
1.503278121253022517e-06,7.064624594810247048e-14,1.396775925707171259e-05,3.655138296464697305e+02,9.287226342863836908e+04
3.934224793409387861e-07,8.284681117868091560e-14,1.262620315857105367e-05,3.867505249641092178e+02,4.249296226725344604e+04
6.826814050811708145e-05,8.326302437248257160e-13,5.100632550331934047e-06,2.386955160635360187e+02,1.605708301793485181e+06
1.292083445916752934e-06,1.229787146632483884e-13,2.148823387311629243e-05,3.986027681685347375e+02,4.410442076283216011e+04
2.370529893009116425e-07,9.190249622258333415e-13,3.215915041451408404e-05,2.186369634991799558e+02,-4.424355148142843973e+03
4.218330088677897199e-06,1.660794735040669575e-14,2.315724470870430445e-05,2.118575083905578538e+02,-5.232211619158437315e+03
4.175342228616326418e-07,2.609355237391867456e-14,1.546131008836544289e-05,3.985664401837061064e+02,8.109605927245176645e+03
2.525009076801788198e-05,2.654223458273986041e-14,1.654874292329109432e-05,2.521184667377930566e+02,3.741641847930286895e+05
1.180727708310977335e-05,1.645812230336803264e-14,2.170106918722792533e-05,3.511611489810020430e+02,4.531469220363251225e+04
6.306592285004791419e-06,8.582833332320301229e-13,1.114383993657810418e-05,3.608797617838679344e+02,2.175479753574369475e+07
1.112722217221467401e-07,3.484777247508393002e-13,1.567526373182159349e-05,2.575405444099999954e+02,4.741968777897847758e+03
1.852074781538637058e-06,2.568143507741676251e-13,8.770326944526270918e-06,2.219874951038107156e+02,2.727261328651407966e+05
4.534061031944882317e-06,1.374033569021325230e-13,5.518328437763504371e-06,2.675379411092406485e+02,2.339565792224812508e+07
1.956488138901583338e-05,1.569889427694317248e-14,2.968758355013224979e-05,2.616025287952991221e+02,7.578115154754445030e+03
1.053741039288362700e-06,5.899652604529475533e-13,3.141060355593390876e-05,2.274830897029769403e+02,-7.617340117461091722e+03
6.410455731497737887e-05,1.251816277969967529e-14,3.187215307677918730e-05,3.499271951002369292e+02,2.737873650183287464e+04
2.184416961793526520e-06,2.118406665230332802e-14,1.515972367441845884e-05,3.218937071407499388e+02,2.350956353144134482e+04
1.813594764978986015e-07,1.251947014373532456e-13,4.101537384485649254e-05,2.119611359042653191e+02,-3.009539455911869936e+02
2.032352925039577648e-06,1.154721657583943846e-13,5.626270163497520157e-06,2.404883789301135550e+02,2.847227609748779330e+06
3.337266986518287282e-05,9.378299825439080267e-13,2.583173928731604096e-05,2.832001663156229938e+02,7.568203946937615983e+06
3.666769648445191621e-07,5.462068424664187586e-14,1.814994108439911771e-05,3.478009230972234604e+02,7.179076491913658174e+03
9.278353234861292055e-07,3.490705762657751334e-13,2.309789468873817456e-05,3.508311878199152716e+02,5.744125783239556040e+04
8.562658239083433941e-05,1.334248911149777525e-14,1.837814663660423226e-05,2.127830604359949405e+02,1.635574212605198954e+04
1.660739957182857562e-07,1.175577131114416334e-14,1.986031165494812840e-05,2.919480691615478918e+02,3.066018605453036230e+02
1.039129447537596479e-06,7.315687681498277348e-13,4.597859077388029509e-05,3.834471047401909800e+02,2.023123100377751689e+04
2.080382686723773666e-06,5.859743937433210498e-13,5.044471648091231598e-06,2.788399853303826035e+02,6.101792184717126936e+07
2.779255480619664404e-06,6.311220749127187401e-13,1.389390918792145628e-05,2.964321392765954215e+02,1.114989777324767783e+06
4.418604742168955945e-06,1.997225628710954257e-14,2.237114860032986269e-05,2.453224075390089070e+02,1.196948512977545761e+03
1.135368218574860633e-05,6.982603632628262513e-14,1.983527104371089162e-05,2.304340454445374746e+02,-2.933192200204587425e+04
1.489156667667404055e-06,2.009050675490860500e-13,2.389074999244720533e-05,3.355720315839303680e+02,4.325807267948276422e+04
1.268986146922475557e-07,1.979707936889170914e-13,3.201494186552853122e-05,3.074125424971441589e+02,1.160722565049156401e+03
1.037860557043740582e-06,9.371129123442333407e-14,2.374770188269668240e-05,3.196273975516795645e+02,1.251556426228241071e+04
1.158133310873235671e-07,2.366362526710093094e-13,3.748163863832881413e-05,3.168926119238648766e+02,8.731024086500643762e+02
3.181886132739625851e-06,1.912564100409444874e-14,9.978110687567220413e-06,3.324141063695553271e+02,1.214942547875665769e+05
4.049514966664220935e-05,7.951439254771661354e-14,9.181237857524467420e-06,3.274870586580469762e+02,4.358031319050724269e+05
1.788993569553726306e-07,1.197484795237666879e-14,1.277236948180688405e-05,2.026558484592705724e+02,-1.309964776947655082e+03
1.660570635101336190e-06,1.364242679892259799e-13,1.779595458270975448e-05,2.024271075431087183e+02,-5.152912675287847378e+04
5.485207481714049564e-05,1.050497904137340094e-13,2.372809862181009030e-05,3.566546678674213808e+02,3.138048772204746492e+05
3.096785349446113116e-05,6.748097609613428780e-13,2.372471476693032046e-05,3.751609667778600397e+02,6.324260738210618496e+06
1.640307178028336580e-05,1.426250433711541427e-14,8.550187873590018006e-06,3.663678048092584731e+02,4.764266393894984503e+05
1.354802785032860701e-05,8.561573977309291484e-13,1.658074271094089568e-05,2.832873617633580920e+02,1.330576879369436204e+07
1.054752781625736797e-07,7.820541650380291904e-13,4.863114176674933640e-05,2.235468363090784294e+02,-3.649488073840722109e+02
2.028946693869080832e-06,4.828272948769407149e-13,4.217236085084422303e-05,3.098749195067623532e+02,2.037794503762550812e+04
4.660414095690972844e-05,4.835575221998563990e-13,9.656174903516966329e-06,3.211145954003210932e+02,2.001012251164294779e+06
1.467709895609429221e-05,2.034654100099594094e-14,4.318839536272557736e-05,2.225982810736904298e+02,-2.072879139916748500e+03
1.137152429004150050e-06,8.612779462776863039e-13,1.878255455966414115e-05,2.896201409760756178e+02,1.784307015631002723e+05
4.806052497074712095e-06,1.184961423482778491e-13,9.037859370752780313e-06,3.990660553958861101e+02,2.510562993895896710e+06
7.203372621209596642e-06,1.836596309180806386e-13,2.159295893838052754e-05,2.560305069383092018e+02,6.231394810559863981e+04
3.898931113379221469e-05,3.830171284744932634e-14,3.250242604142005359e-05,2.127404535652403297e+02,2.264527974878856330e+05
4.425324271974458319e-06,1.803929785133886407e-13,2.774017130209832215e-05,3.716592737586739759e+02,9.231469692866486730e+04
3.656608130242419301e-05,2.060914349104054975e-14,2.919959379749216359e-05,2.356889290496601177e+02,1.385331534536963154e+05
1.623572371999767056e-05,6.748948786257119318e-14,2.254520338345070775e-05,3.649761153774055629e+02,2.622466320259423228e+05
9.775524371068237397e-05,3.321984012102868328e-13,3.289460690961911214e-05,2.287224075804795405e+02,3.124410083475664142e+05
1.055886383193576856e-06,2.276762898319615142e-13,6.225346158203895517e-06,2.937659251403266012e+02,2.065136872476715362e+06
3.524197087876325663e-06,8.230145573244806038e-13,2.278782574642963181e-05,2.039036556106729279e+02,-2.609542794171986170e+05
7.817200214683655136e-06,2.071362872937435987e-14,6.060436007015207939e-06,3.932749479057152371e+02,3.046522117890441790e+06
1.108259524594630833e-07,4.158799366721100995e-14,1.098832030003801044e-05,2.126646908080431899e+02,-3.087095325370762112e+03
4.144613648994688205e-06,4.061656558025945379e-13,4.380505023548510179e-05,3.778633325885134582e+02,5.065605710726077086e+04
2.571524891422912587e-06,3.552259890020629542e-14,9.482318056400498458e-06,3.748078509789674513e+02,2.728901611319281510e+05
6.857058592939027813e-07,1.464389496895181860e-13,1.287531159983743229e-05,2.020880485928297503e+02,-6.077009210385218466e+04
7.028264701615390477e-06,7.899923936769067161e-13,3.890593949240811250e-05,2.838395440785151891e+02,1.025572008282742754e+05
1.458361196763833368e-05,3.502641430192786437e-14,4.449629387655480717e-05,3.056377448248280189e+02,8.886415902099770392e+03
1.024866701423800758e-05,5.074509056252882802e-14,9.486398081275217579e-06,3.708955621921560919e+02,4.342200615163968876e+06
5.236827839944174187e-05,4.145411076863908802e-14,2.457805894633224205e-05,3.132286145919152318e+02,1.358568774056417460e+05
2.483631074943074722e-06,1.443787081099549149e-14,6.734227672053065181e-06,3.351515081967302763e+02,2.410835077056050068e+05
1.368435964123572528e-05,1.635544328231575528e-13,2.888895582099062888e-05,2.266045579129830116e+02,-3.851061612248071469e+04
3.455246617324724887e-07,1.945124224412811434e-13,2.267656915928903931e-05,2.364364786809969416e+02,-6.002710503018379313e+02
9.091709240965775298e-06,1.900520182517580646e-13,2.664761884224682285e-05,3.630002805732162301e+02,2.218086917713482108e+05
2.488880010882384416e-07,8.653183559784471443e-14,1.172029997271425010e-05,2.077595625327427911e+02,-1.434753658874444591e+04
2.443083451444046940e-05,5.333112684193192418e-14,1.571656007873825341e-05,3.940433921863514684e+02,8.030725370916370302e+05
2.728518496363260980e-05,2.030494746755281778e-14,6.626077056864577289e-06,3.798127980284286309e+02,2.451312524846563465e+05
2.617065046454741546e-07,1.426243104535480384e-13,9.883875437869494652e-06,2.764296778230809650e+02,3.529370263528652140e+04
5.954358364428181868e-05,1.195081087411015432e-14,8.064216874189491249e-06,2.219714194092807134e+02,3.029549504493758650e+04
2.933671899807341609e-06,2.022472764022376080e-13,3.431631335186776348e-05,2.138067349195764564e+02,-1.245514254640171930e+04
5.491562340164603154e-05,1.282067089680665536e-13,7.678969659305537310e-06,3.353591798847682526e+02,3.820933984399758046e+05
3.936843916728720533e-05,1.161742652333650432e-14,9.221461736889491995e-06,3.412851567587249519e+02,6.736962954259938851e+04
1.148711457705432185e-06,2.176161918891033119e-14,4.039749506507949329e-05,2.389178788022596223e+02,-1.187613764753007217e+01
1.537985415770491983e-05,4.001093695260194994e-13,3.639381719973389627e-05,3.093936755869273725e+02,2.105076571932746156e+05
4.411445706001986856e-05,1.969166377436544057e-14,4.817690415838009116e-05,2.534524239003813477e+02,3.578581803035905978e+03
9.927192141871558385e-05,1.433866262468836098e-14,1.440217035290148527e-05,3.706360495714367858e+02,1.307694837097237723e+04
5.756487542599198713e-07,2.781646128597591930e-14,2.920313977299770214e-05,2.030551386753462282e+02,-8.088506629287069245e+02
2.327846139912931507e-05,3.032558496146631090e-14,1.795209397942623789e-05,3.924030920814506658e+02,5.029806307583120069e+05
1.449077389895432259e-06,8.445760320515296862e-13,1.286503065437222025e-05,2.455149419071947250e+02,3.716222060746481293e+05
1.600079801224555195e-07,7.482270813334760391e-14,9.841922830186015817e-06,3.913504504672718554e+02,3.358187596355192363e+04
6.956438786591810370e-07,3.357659238382793052e-14,2.440210583487954747e-05,2.690319880172980902e+02,1.199580774775429290e+03
3.003689985417913904e-07,3.332635174366603375e-13,1.963184650895884168e-05,2.035434191567840685e+02,-1.637731919265846591e+04
1.467171664084036158e-05,8.355072627624292352e-14,2.075046357066696008e-05,2.128467684384915231e+02,-1.295516976378499239e+05
4.324188184040108229e-06,1.302369110109608655e-13,2.308520293733161554e-05,3.696543917481849917e+02,1.122184153588842892e+05
2.857317852152219347e-07,1.955105334432973092e-13,7.854572221066098288e-06,2.003131539538231607e+02,-1.534560695541515306e+05
6.516432660783273687e-06,1.543044525458528929e-14,7.876720102020917246e-06,2.796894371592963466e+02,3.075730176726194913e+05
3.037337279916530242e-07,4.007781931604102588e-13,4.188711709105947129e-05,3.526510455809793143e+02,3.658138564312700055e+03
5.202235510567331862e-06,7.842725561300160091e-13,2.174340378339624361e-05,2.298473293930058787e+02,-8.553518268674379215e+02
1.075800539428620993e-06,1.903294873736776798e-14,8.052783726278153601e-06,3.344021420019748234e+02,7.697669582654262194e+04
1.886483806792895915e-05,2.598686885308381259e-13,1.900050336054701127e-05,2.539575744778503008e+02,3.239405544924200047e+06
3.025032036354119491e-06,8.774293022518155740e-13,3.527125638993387568e-05,3.891442744805183338e+02,1.607247875556093350e+05
2.962750593423845949e-05,2.043558557396581435e-13,3.372410312727024373e-05,3.780509560549533035e+02,4.941407297207003576e+05
1.136392479074204500e-06,1.058142377925520990e-13,7.122869507682361749e-06,2.910979683260458160e+02,4.424457851082144771e+05
1.640090702493903558e-06,3.207750234820756669e-14,9.748414254600412481e-06,3.920431103394944898e+02,1.536344601523196325e+05
6.593627033990808511e-07,9.690418335397632899e-13,1.808596456086547573e-05,3.683698163231183571e+02,2.609157001446238137e+05
1.205257939719328459e-05,5.982574015828621351e-13,2.396483702050505749e-05,2.498726837588093304e+02,4.051041696488119778e+05
6.070669461063676116e-05,3.665876597758277918e-13,5.279597143048769338e-06,2.895725921643910397e+02,8.940365750516246771e+05
1.628038889348294977e-07,1.573527888785023785e-14,6.993400227472730687e-06,3.839983017660203473e+02,1.942157191848703951e+04
5.646113437531404297e-06,2.477560490444592739e-14,1.339733849513367368e-05,2.806207510697358316e+02,6.156699401538900565e+04
3.999193271457521901e-06,8.829911041398374826e-14,3.202561489891456105e-05,3.624830154022414490e+02,2.523303795831299431e+04
3.360726947263883594e-05,2.262873045791089310e-14,2.383673690210345175e-05,2.807102753154100583e+02,1.800712383050724457e+05
2.694034357384534290e-06,1.653222978335956098e-13,1.445135606128655717e-05,3.144484925724165691e+02,2.466043637743664440e+05
7.805819060682017354e-06,2.037002184760155054e-14,3.058461393130187749e-05,3.652676695297790275e+02,1.343518550399325068e+04
7.837156894737102282e-07,2.111715153969478746e-13,1.648193918085635957e-05,3.900377015157878304e+02,9.839070710331153532e+04
7.085862829988463675e-06,2.889014021850487555e-14,6.555484270503481538e-06,2.093253670173183423e+02,5.171479247501817532e+06
2.897428215950314680e-05,1.424209725208948165e-14,1.493652748820131753e-05,3.342986481758828177e+02,1.524751942073279642e+05
2.270604249959840872e-07,8.393970807579712159e-14,5.023777546023498119e-06,3.084211831443359415e+02,2.334706056956386310e+05
1.035217368585118500e-05,4.269658136114936591e-13,4.464230689769322301e-05,3.983475651633393113e+02,1.387851342463436304e+05
2.248270872879327072e-07,2.747548654206938580e-13,7.989080833204815655e-06,3.430638668703231815e+02,2.527243871658763092e+05
2.199801270032608993e-05,2.177372625333802255e-13,1.123740251865660575e-05,2.026471314596234095e+02,4.044049659769258928e+06
3.676803988646984262e-06,2.692645285460882658e-14,1.643285307729061592e-05,2.420863846053570398e+02,1.368796457322237984e+03
6.662237259435541042e-06,2.164058755872867244e-13,5.348606809617095213e-06,3.298984699908635321e+02,4.382071671206625551e+07
1.571441469899904615e-06,1.091469770949108617e-14,3.010065235289047686e-05,2.805986143457018329e+02,6.296080803669522084e+02
2.783286886268284733e-06,7.620808246801261590e-13,3.239764095832156269e-05,2.579912756917268553e+02,3.047819633506867103e+04
3.405379225301017363e-07,6.049427472393111784e-13,1.685465876525134855e-05,3.785807481436590365e+02,1.089341300469505368e+05
2.878806221153487331e-05,1.805985325468407975e-14,8.505758213632665725e-06,2.286597327131278519e+02,1.958573934307250311e+05
5.492252188887912146e-07,6.672166082208142724e-13,5.033022413072571894e-06,3.125655691405190169e+02,1.228388105983882397e+07
6.415169930288361338e-06,2.542959163617216883e-14,2.928165844572951589e-05,3.653170126039065622e+02,1.563222630218731501e+04
1.137052163139238720e-05,1.080557132709100230e-13,2.981716003640630649e-05,2.579311483689604074e+02,2.340483867425407516e+04
7.715477946636957248e-07,1.876860371496448691e-14,1.668663476576295502e-05,3.110744674916651888e+02,4.926353819656115775e+03
2.299876426325522468e-07,2.666677730844239239e-13,5.282171591656843535e-06,3.698624367431566498e+02,1.043988813031267491e+06
2.998176529391647739e-07,3.484513961923399101e-13,1.645263048792562912e-05,2.386237902181487129e+02,-9.128301614057054394e+02
2.676768318958257154e-07,2.523452741166619612e-13,7.941545050240727454e-06,3.028690412524245517e+02,1.957059341335126082e+05
2.707586488359984588e-06,2.039669908885664045e-14,6.800468719944064038e-06,3.175956465290233268e+02,3.154526857721781707e+05
1.073366377987491202e-06,6.125439300567447414e-14,1.389606704457619683e-05,2.710059499080109617e+02,1.943367282511494705e+04
2.776358114662888727e-07,3.382124935085297077e-13,7.957866894487411607e-06,2.664390871547840902e+02,1.359545420459566812e+05
4.773961878647279731e-05,5.563104336730413275e-14,1.259308372121378550e-05,3.193641175711844653e+02,2.193865154058943444e+05
5.896161566649832137e-07,1.706740956838812472e-14,1.238631497484779337e-05,2.220382054452633156e+02,-2.963382015135322945e+03
1.002277934878763062e-07,1.201583822145814914e-13,9.157241599132038027e-06,3.482655121968264780e+02,3.371155361454938975e+04
8.812480841538487824e-07,1.726126565548491774e-13,4.920613523295465233e-05,2.973317066979126935e+02,1.702222142149946876e+03
5.933529042742789582e-07,6.956457339517762816e-13,1.926212100999420668e-05,2.867225134896460190e+02,6.527997966810659273e+04
1.542023153468142447e-06,2.157324354770175909e-14,3.944914075071379934e-05,2.770620059727206126e+02,5.013627822002568450e+02
5.127237464086080958e-07,9.171892484123100409e-13,4.898041718348864366e-05,3.938188160785679202e+02,1.080713298393906371e+04
1.033258477848150141e-06,1.388618012869730304e-14,2.773808972146472876e-05,2.702789885319798486e+02,5.209301896947505384e+02
4.666032870661600390e-06,1.348320912576617378e-13,6.728649432998326585e-06,3.804435882038449677e+02,9.523739026161499321e+06
1.592744053165299266e-07,1.641409358347759015e-13,8.626857156543094184e-06,3.885376711576171260e+02,1.076640596530616749e+05
1.602527844216613487e-07,5.087952807811802697e-14,2.880327720628978830e-05,2.183802096242753237e+02,-2.335459157432808297e+02
5.815662162671291219e-07,2.731212906274668898e-13,2.760209496765134168e-05,3.200584666377367853e+02,1.306417643993903221e+04
2.099980114373304233e-06,3.195757430682403333e-14,6.189571943628560674e-06,3.436330783145049281e+02,6.251986031643140595e+05
3.811240587362233625e-06,8.843687881555997092e-13,5.288703861809912787e-06,2.948198877165500562e+02,1.742791572360695601e+08
8.172712061331295904e-07,1.532397093118636577e-14,2.705051162710237872e-05,3.023006456992987410e+02,9.017597016907778880e+02
1.220311732605464692e-07,5.120781156225713285e-14,1.012231683350101662e-05,3.613130691152908867e+02,1.398687747529914304e+04
4.535006432699127514e-05,1.775303369171868317e-14,8.060506389815600762e-06,2.568527924449039119e+02,7.758314501478230522e+04
7.167396111526769107e-07,7.606538128964193411e-14,4.522149485425541851e-05,3.539496664726646600e+02,1.312276318764477992e+03
3.176212376033850163e-06,7.723926651940344858e-13,8.834916343866504109e-06,3.309225191627731419e+02,1.770295128885132447e+07
1.949131206103207277e-07,8.257567426238943135e-13,9.845417096183380065e-06,2.896179185560094425e+02,2.044575225775102153e+05
2.682044686186319301e-07,3.087908926565772299e-14,1.957663030444411264e-05,2.336334719932103496e+02,-2.079748135439022008e+02
1.053011811912167413e-05,1.855495604966198532e-14,7.905995528824417238e-06,2.056450454327353157e+02,1.503986931930286810e+06
5.189300895580616294e-07,4.522518198693997524e-14,9.226130418860858720e-06,2.212794157831850725e+02,-1.743681268448933406e+04
6.834836287913039896e-06,2.821169760388447506e-14,4.554736422262272035e-05,3.087985356425134000e+02,3.164490120041129558e+03
3.761943982755814296e-06,1.026115364471160195e-14,1.240934043886468117e-05,3.523780689854737034e+02,4.577203999969148572e+04
3.936312445988028407e-06,2.732904901242655942e-14,2.503142471370571728e-05,3.671649076942729266e+02,1.654569206192082493e+04
5.009501046527988166e-05,3.965245572638035730e-14,1.153354336249349256e-05,2.897304825438203579e+02,1.420141974576912762e+05
2.623254200256823596e-06,7.947232990410949714e-13,9.184447077185773901e-06,2.111385359187646031e+02,1.113002867264061794e+07
5.512172041178242372e-05,1.124175055226168189e-13,1.628899232370737037e-05,2.905913112210834015e+02,3.325362805019469815e+05
6.368118152637285411e-06,3.487175360781457899e-13,1.600418113776678472e-05,2.242584108013111006e+02,7.189598101739306003e+04
1.686015429392738425e-05,1.699006758984403356e-14,2.383676947150685361e-05,2.518601782793593316e+02,7.940767758594276529e+03
2.588069654409084384e-06,2.561046922658964886e-13,2.885903191831152613e-05,2.070773208132216610e+02,-3.032879573746455571e+04
7.997430694501516809e-06,1.132905074113117252e-14,3.521955280171553201e-05,2.504860592736595777e+02,6.095441079771167097e+02
4.979268158759188160e-05,7.569830284753312123e-14,3.442169191062022373e-05,3.140966366447888163e+02,2.744136619631214417e+05
5.887130547739918737e-06,6.868592738779001398e-14,1.483186197666175080e-05,2.129497537054702150e+02,-1.086307869079710217e+05
1.239050590232214676e-05,7.393078565264678346e-13,1.641570083827739745e-05,2.668158989942918424e+02,9.125498214504336938e+06
3.818265504634173939e-07,5.528611124372359191e-13,1.622450122694770562e-05,3.204922639886292473e+02,8.592618035797015182e+04
1.721017186573182376e-07,8.781131828694678753e-14,1.742669711952917852e-05,2.075754689768820640e+02,-3.083893556885903763e+03
7.221657842791743545e-05,1.328256896640503750e-13,1.409980905474405926e-05,2.903808426685865243e+02,2.289068989243632241e+05
3.543863734684695288e-07,1.942735243907618312e-14,1.358747286312129793e-05,3.493034150126503619e+02,5.938847801182172589e+03
8.713492226724683116e-07,9.259475387914311873e-13,4.654151659235703360e-05,3.809215053348810898e+02,2.047181896466200851e+04
1.670142996465171027e-06,3.472472628466391962e-14,1.253425803762367854e-05,3.648944617483139723e+02,7.007540491596600623e+04
2.825575142387274318e-05,8.291067458505484268e-14,2.320476555041216276e-05,3.072351666892512867e+02,9.333560448254534276e+05
7.761866053028646610e-07,2.293071386386581105e-13,3.869346905267157828e-05,3.147501853735678310e+02,5.045202365499388179e+03
2.961728712411852431e-07,2.516418911946126494e-14,3.580657376509378175e-05,3.601553089922267077e+02,3.744632846797209140e+02
1.916005433404880974e-06,2.289527379629062564e-14,2.950703154606105881e-05,3.524662533135121407e+02,3.771614357145392205e+03
2.988982830821616988e-05,5.069935312328357749e-14,8.202724737279275754e-06,3.979815626188184297e+02,5.100423002649919363e+05
1.355547196577934105e-07,1.238543449195303982e-13,4.309760202731426906e-05,2.838659650400408623e+02,2.240729890414234546e+02
3.988625097473192525e-06,4.955086960012866723e-13,1.016616520824944884e-05,2.905503110693122153e+02,6.514493081185424700e+06
1.294556875014600785e-05,2.530053689951904413e-13,4.485736663153058306e-05,2.215985971802831500e+02,-2.124054168569912872e+04
2.509198826560563253e-06,6.505101545271105277e-14,1.069832879485872176e-05,3.374208307633488175e+02,2.720179500635789591e+05
4.145738530848121315e-05,3.419913884477900063e-14,1.693023688284679904e-05,2.553176982633618479e+02,1.788388929583226854e+05
1.392258556974706863e-06,1.539305777625758047e-13,1.189166090617254767e-05,3.377237572671166959e+02,2.572943570430779946e+05
1.320976428627551480e-05,1.107998817449339032e-14,2.206069430325790771e-05,2.256090961270640207e+02,-6.651498865547924652e+03
3.208558754804853631e-07,7.844999290871384045e-14,4.316440255248737214e-05,2.782526676347323473e+02,2.974833116901585299e+02
2.564285403603285818e-07,1.543663898645179068e-13,2.239414828647683344e-05,3.851983262901021590e+02,9.185819102332763578e+03
7.981343171438103374e-06,3.117128818305525793e-14,8.246247760052031071e-06,2.575721405970951423e+02,1.512283140650300309e+06
1.950613349993191493e-06,1.079614822782442067e-14,7.620921678936001295e-06,2.297171853965926402e+02,-1.478795880823537300e+04
4.167103631237682978e-06,3.979021217196924112e-14,4.263751403584955607e-05,3.857386114369048187e+02,5.603594947916037199e+03
7.076733959779386767e-06,1.113122100266759791e-14,9.732115167312644971e-06,2.754769135481283797e+02,9.073081244138687907e+04
6.979873100361687847e-07,2.888754682447926619e-13,1.737681069047968983e-05,3.736486105164000833e+02,9.510094852649956010e+04
2.924936043111747075e-06,5.533126612193726619e-13,1.198377059074169231e-05,3.436318185017559017e+02,2.449511774990913924e+06
3.334754543446809657e-05,1.531879964010014583e-13,1.165648567478416408e-05,2.243604801643819258e+02,1.238076865137759596e+06
1.868913906133376301e-07,1.849159874873864572e-14,3.488756385861993103e-05,2.925565897599749405e+02,1.010834655445633530e+02
5.172243484351362803e-06,2.291090869958170573e-13,2.783017731002838409e-05,3.921847770275194307e+02,1.490853731992437970e+05
3.052744439365418020e-05,5.082760565554527248e-14,2.384547719954157655e-05,3.263518451119306292e+02,4.901955590922753909e+05
1.153946829494383503e-07,1.688136529405241358e-13,5.548294551873596031e-06,2.965757436964844374e+02,1.517998518714295351e+05
1.400817565089408177e-05,1.052670523761884068e-13,7.332759318807048266e-06,3.446284163526243560e+02,4.821475041741281748e+06
4.031953059248648720e-07,3.699236450965266832e-14,1.144639205734751273e-05,2.481394439518666104e+02,2.257795612754653121e+03
9.930521700486950757e-07,7.610380423319703577e-14,1.146729883755083591e-05,2.703311342095046257e+02,3.911721112511825777e+04
1.026327782068336852e-07,7.864464369654930786e-14,1.221305126584048680e-05,2.099017695113451509e+02,-4.392400135235133348e+03
1.055361060104702883e-06,1.764208642571465069e-13,2.104015381651945643e-05,2.823242830288168079e+02,2.074234471929323627e+04
3.204188401537353808e-05,9.400615427991504258e-14,4.331858353933461811e-05,2.172546165576966359e+02,-3.103779547869208182e+04
1.740007760880060934e-07,2.362409464938458390e-13,3.196723901723716910e-05,2.241235780480479889e+02,-6.162603392389655710e+02
5.630641716287079513e-05,4.882644384249276918e-13,5.371984807279221055e-06,2.417947917303306724e+02,1.384171572874280857e+06
1.950837713229054576e-06,3.777865319026086636e-13,1.513126213373138081e-05,3.758310402289005765e+02,5.385708821236542426e+05
3.043616232867948284e-06,1.396397526584520552e-14,1.026186245327624457e-05,3.780757969751241490e+02,1.019535979727459198e+05
7.164999502105973459e-07,4.480309889345184640e-13,5.427398742729476425e-06,2.856064901980037689e+02,6.764825282986322418e+06
6.398887452205928594e-05,3.606586398041707506e-14,2.243930589934587229e-05,3.924489835491671101e+02,7.916587488026441133e+04
3.925223588457855333e-07,3.164729427505753791e-14,6.431831946484804000e-06,3.384266067780035314e+02,9.404368278718146030e+04
2.174024043869197866e-05,8.833110936992139425e-13,2.738545052152389854e-05,2.730253736316990398e+02,2.180689155981442891e+06
3.793682099162516570e-06,5.737280710609111136e-13,5.863963044589075288e-06,3.004856848239642204e+02,7.606192279018333554e+07
8.824878175677559989e-07,2.145380466683741514e-13,1.606229813086552466e-05,2.477587107503476886e+02,1.004986746631465940e+04
1.084083160973363750e-05,9.617617642700133745e-13,1.937504293431807452e-05,2.973407842470882656e+02,4.455382118207341060e+06
2.391711521640265344e-05,3.261415645578214517e-13,1.994011486170683492e-05,3.627950640849543333e+02,5.124354628477627411e+06
4.324279127074216294e-05,9.500367457494397290e-13,2.804912817439551739e-05,3.564633809396096353e+02,4.566290981494355947e+06
1.535067017068308098e-07,1.091219594137404901e-14,1.704197216887899012e-05,3.278379123979286760e+02,6.269322717446566458e+02
1.136030205286106254e-07,6.234186042378632291e-14,2.749092659547814046e-05,2.318901027237720598e+02,-8.242211139164669476e+01
6.524478955448131631e-07,3.814500538363248379e-14,2.900309518305987271e-05,2.089262551322011348e+02,-1.049114996687603934e+03
9.706078858121034109e-07,5.200068027357059987e-13,4.662237148284085542e-05,3.654905634441433335e+02,1.182416830363143345e+04
6.376826675740718846e-07,8.183911844384348036e-13,1.071145848604665228e-05,3.427851022710554503e+02,9.254523106087930501e+05
3.686336200153007919e-07,4.693704139415011292e-14,1.640824230860532578e-05,2.943059655343179202e+02,4.997477441816431565e+03
6.969865215344472724e-07,2.236199451049501446e-13,6.075570909425136996e-06,2.451265943591333780e+02,5.825939383692317642e+05
1.559522739556511809e-05,4.471673907497909393e-13,1.149863411457997128e-05,3.319783369594787814e+02,1.652484218533318490e+07
1.195174167661635014e-06,4.211289547576385407e-14,1.127090374575064344e-05,3.527062986536413973e+02,7.794844847671542084e+04
5.762731701138758836e-06,3.292648764289264521e-14,5.721770559866714220e-06,2.783960359122530122e+02,8.911262223816163838e+06
4.507772171446139259e-06,5.594690254794027433e-13,1.151076095855036137e-05,2.643968587823675875e+02,4.952980266567325220e+06
2.805092404437197176e-05,2.209232329760357426e-13,6.436816071671389123e-06,3.935805102847212424e+02,2.523467198775936849e+06
9.984114605457922298e-06,1.285291405876216137e-14,2.101199176216574162e-05,2.794201290377327496e+02,1.440940520085819298e+04
2.919784283388783118e-05,1.244556054717722941e-14,1.048328807329700565e-05,3.110825908612668513e+02,1.312089763487579767e+05
4.554087222498630263e-06,2.112306649366230030e-14,3.616785312400412714e-05,2.606729104453813193e+02,1.120129744627780155e+03
1.408599940455951054e-07,4.724248059119563335e-13,1.493470324279942211e-05,3.159545824447010887e+02,3.320912269326050591e+04
1.226181870522722342e-06,4.755527440403327556e-14,4.510457604067604962e-05,2.618535253965425795e+02,3.667404352532513485e+02
6.716629553602579813e-07,1.243807076312839339e-13,4.578423392792432074e-05,2.828295573033887536e+02,9.114041274939681898e+02
4.210439484079974451e-07,2.914705168706016393e-13,3.104009031893829667e-05,2.434043413903219459e+02,3.969300061628409821e+02
8.906802692224612835e-06,8.589254319089680727e-14,1.430875481323869092e-05,3.029688807085669282e+02,4.397311458993900451e+05
3.056466168484650283e-05,4.021741203228764087e-13,3.641287808131098684e-05,3.187879518891342627e+02,5.482137877276660874e+05
2.104866003873916144e-05,2.196959010016385966e-13,1.543872759129955057e-05,2.736926804564100166e+02,4.456805330210323445e+06
8.289866188518477746e-07,7.122256043000645577e-14,2.276877551347901240e-05,2.846572408291165743e+02,5.427577254439636818e+03
2.300507889766881147e-06,2.906050253606224531e-14,9.855478573769051715e-06,3.240770285323563371e+02,1.275625140468236496e+05
7.647118067270436461e-07,4.260937455681777924e-14,3.296113311232709456e-05,2.094627051889007419e+02,-9.172693343990417816e+02
1.259548108632268370e-06,5.070903521240045423e-14,1.329512807209528460e-05,2.885536985939825172e+02,3.172252109294671391e+04
2.229880359291836346e-06,8.943254322539039084e-14,4.972993823807497142e-05,3.457334647900236746e+02,3.430551048702878688e+03
9.282265100996380522e-05,3.157085513540434141e-14,7.061456878000467272e-06,2.918161149939621168e+02,3.293282818695921014e+04
1.746520901916891709e-07,1.598766125104826649e-14,7.965792652319233225e-06,3.393816553105828007e+02,1.118571020698481516e+04
1.682994229262789589e-06,3.554646671246855181e-13,1.154099919429361249e-05,3.583547804565905039e+02,9.247528610873951111e+05
5.591157171573984784e-05,2.885205814042705461e-14,1.784231228015894225e-05,2.033298729144834738e+02,8.295145640442648437e+04
5.434864813249068760e-06,5.033736128492225583e-13,8.952866121711887677e-06,2.167248312616498254e+02,2.127950999180118740e+07
1.192609738785546600e-06,3.277849199214645454e-14,9.544771023709252975e-06,3.460779834066046305e+02,9.576758983482247277e+04
1.866110826389465139e-05,6.818396488882900580e-14,5.040238548774733716e-06,2.546523391612060436e+02,1.759778490890876157e+06
8.774546789293336294e-05,4.046467857314125093e-14,5.115490386329273093e-06,3.427232098873655559e+02,4.723645802113817626e+04
1.779315042330630872e-05,2.429813394977696743e-13,2.346399988818066425e-05,3.088378798488627126e+02,6.522019836037855130e+05
5.417911482104388528e-05,3.791360655371363329e-13,2.760185349902313071e-05,3.581799505285445662e+02,1.160865506001135334e+06
4.924350883852418852e-06,2.211336287311194775e-14,8.621516383752905762e-06,3.486976792259013678e+02,4.059495579631724395e+05
7.996253189944672677e-07,1.425269576084183369e-13,2.893400598072551545e-05,3.809162475814580375e+02,1.203643308905936647e+04
2.540814203749738348e-07,2.437204492665796867e-13,5.251710444232880939e-06,2.027701286638284728e+02,-3.354078225707567763e+05
6.727777387209204530e-05,2.731532548472758315e-14,7.626583054461990091e-06,3.193922228055844812e+02,5.423926210194302257e+04
3.828369388392250660e-07,1.427611539697638539e-13,2.201596781751074587e-05,2.528877188739066355e+02,1.804899770706269919e+03
2.434322683706635992e-05,2.436825833625861178e-13,3.415353165807727344e-05,3.333756604598477224e+02,3.355134620775872609e+05
6.048627265193544597e-06,9.074655387781084687e-13,1.110287811623997953e-05,2.556424711022563372e+02,2.220815098856605962e+07
1.661085768112688530e-06,6.717437244966499474e-13,2.128392393773161662e-05,3.240860662752750159e+02,2.090587331827763119e+05
8.341369903241030921e-07,2.205576527377513922e-13,7.974499574516612159e-06,3.075539357927254400e+02,5.912350016006601509e+05
1.118868714485083890e-07,2.046194912971527075e-13,1.054704646354450123e-05,3.313703093026362581e+02,3.720520522432210419e+04
5.216573239812749639e-05,1.700367145520357916e-14,9.491282539159672015e-06,2.856356919061789768e+02,5.615943177362562710e+04
4.887021729970975375e-06,3.227743249016089836e-14,2.542490254161590570e-05,2.903785425203812451e+02,1.164056380511248972e+04
2.019427543050159762e-05,8.905260407077986179e-13,3.321548572531598614e-05,3.429615887413824566e+02,1.223101786262120586e+06
9.509136291465912776e-06,2.406379308267435751e-13,4.206582159207513272e-05,2.360441073484419121e+02,-3.561459296139859362e+03
4.744207564025145179e-05,7.649423229156473302e-13,2.940285874663772116e-05,3.397615103668316010e+02,3.054583105890814215e+06
2.042012391474844867e-07,1.715843395568827316e-13,6.758596596435972844e-06,2.511228901261029023e+02,3.695471467365977878e+04
1.193075747933661237e-05,7.060377425745924031e-13,1.516691754136163013e-05,3.006265149469905396e+02,1.209900156626489386e+07
1.288988675619448962e-05,2.548326913184246569e-14,1.276291507694428024e-05,2.957059246031801081e+02,1.378502491706793662e+06
2.585895287568058031e-06,9.383522879893224102e-13,2.718656280110950520e-05,3.662475281552092952e+02,2.894251119997124188e+05
3.791493929788104902e-07,4.706702735777597811e-13,5.016649593714786724e-06,3.770971844654665119e+02,4.573243752927028574e+06
2.091440399003201477e-06,1.918887053254112100e-13,5.316748192562787079e-06,2.657058026462539146e+02,1.152594007840123400e+07
1.141840459005631297e-07,8.594146073836310404e-14,5.475221203147184308e-06,3.977314111451422605e+02,1.640275075299741584e+05
1.436139889238847393e-05,3.159902230794117531e-13,7.654030495541543828e-06,3.467157152056582277e+02,1.376989960176199116e+07
9.163909066152095551e-05,4.423841418397038207e-14,4.051442929464962531e-05,2.179508220596919728e+02,4.734658139124140143e+04
3.537753577769132729e-05,1.328902707832864301e-14,1.739429724338350508e-05,2.313818877206101945e+02,9.543081811928414390e+04
3.057680944604277835e-06,1.503285003177439780e-13,3.659259871683156963e-05,3.090018468111099992e+02,1.451407773310780067e+04
1.386887981953553834e-05,3.013789611464407338e-13,8.415678014471237282e-06,3.670971697523042963e+02,1.408253308606249094e+07
9.178453326983735142e-07,8.899263657674889265e-14,1.440042439589027302e-05,3.207093952097048373e+02,4.766299645714888175e+04
1.083850326195347528e-06,9.854047643299397455e-13,4.565012083328213300e-05,2.927656664402491629e+02,1.399303205479789904e+04
1.405217175811989132e-06,6.219012081448286929e-14,1.110711192686874599e-05,2.861474765532512947e+02,7.171781974885190721e+04
2.173160797671984051e-05,3.382925547574154682e-13,3.509664869773633283e-05,3.261290630811263327e+02,3.508575348959188559e+05
1.153890781481339593e-06,1.023888697149355899e-14,4.391998311014241120e-05,3.197507386135781644e+02,2.405200627124812911e+02
6.412104871745114103e-06,2.363904069930383584e-13,1.076166113370956899e-05,3.073985653834570826e+02,3.542857596564214677e+06
2.409152151594890547e-05,6.687630275980121135e-14,6.311000887999286855e-06,2.919569553819652015e+02,1.035605660389158526e+06
6.173217620873607675e-05,1.106139896039700998e-13,8.291958377656142716e-06,2.990272774556771083e+02,2.608780266267198022e+05
1.248645711091774692e-05,2.151692407060269170e-13,7.509116672059303471e-06,3.608429878533711985e+02,1.240373119982707687e+07
4.113605939573553471e-06,1.472911937185680999e-13,3.541344912156212604e-05,2.990462101703853364e+02,1.870093472302404552e+04
2.798434797465994587e-05,2.747080721946107083e-14,1.022960602575189972e-05,3.798872801099636831e+02,3.152765391979003907e+05
1.477885510365732970e-06,4.205353075538051561e-14,1.078830919936883428e-05,2.724456877017734087e+02,4.112819307054231467e+04
2.512532023673157722e-06,6.022316415596343100e-13,3.981782330083010710e-05,2.992947440818934979e+02,3.288118515156369540e+04
3.674652825499199907e-05,3.362576745591008376e-14,2.424808187179527158e-05,3.628594583082792155e+02,2.238155185049357824e+05
1.492268745786628230e-07,9.771668219576688348e-13,8.139793407990204269e-06,2.514190728636690721e+02,1.139343811022222508e+05
3.258600406663368350e-05,7.331315603057533983e-13,1.405336208004858038e-05,2.491237061283140406e+02,6.205407686063771136e+06
2.207049248130374432e-05,4.212086726944069578e-14,1.393222056549383392e-05,3.131331555585814499e+02,7.771840423923209310e+05
8.185872415225648477e-05,5.340583646889273267e-14,1.527919386777224254e-05,3.023673975801681877e+02,7.163238265357591445e+04
7.369776564624508125e-07,3.902276564131493138e-13,5.290794345207028771e-06,2.364276877973553894e+02,6.007130590057346970e+06
5.966063935533471172e-06,1.499452580276248073e-14,3.000268030526111478e-05,3.044710896345551987e+02,4.906716993311400074e+03
4.790309287883530437e-05,1.407771281667683952e-13,1.664148550791236532e-05,3.744016850752940400e+02,5.513858418679969618e+05
1.172905157910547124e-07,2.844884393770527729e-14,1.458742548819071074e-05,3.150284848877367949e+02,1.770043093775345369e+03
2.948796244640576258e-05,8.096394306141665198e-14,1.480889516224633309e-05,3.123500207598445968e+02,8.368598640840300359e+05
2.799510945862798860e-05,1.154146599153714858e-13,5.646989297168017378e-06,2.174372466336673995e+02,1.323571035777946236e+06
8.952564908014587415e-06,3.031881458293021744e-13,5.433462536655640974e-06,2.698343214939924906e+02,3.399913583160267770e+07
5.428654787794013558e-06,3.710016465792324196e-13,1.410649099429093687e-05,2.970813334776511851e+02,1.339659748966609826e+06
7.426914885681016871e-05,5.693094606871630231e-13,6.957265404213659553e-06,3.062423000645601974e+02,9.276456782251662808e+05
1.534432392145835414e-06,3.097242059410154737e-14,2.987292985231429854e-05,2.449937204271000724e+02,2.514348518810361384e+02
1.490019678864106743e-06,1.176349974553917325e-13,1.939615974437102625e-05,3.629975925230211260e+02,5.637713699344194174e+04
1.232686172007839389e-06,3.153981381667670821e-13,6.342692231468884981e-06,2.634625371191784211e+02,3.952763420118136331e+06
3.244840920887124750e-06,2.661969595785397863e-14,1.999284151396072548e-05,2.098045189218498763e+02,-1.083658196320936258e+04
1.301000393521950471e-05,6.760157168796744920e-13,2.349011926620419931e-05,3.897488373379544555e+02,2.122264298808778636e+06
2.080145374666915470e-06,3.903942157928149616e-14,1.012977651472399053e-05,3.895498659662522414e+02,2.101837195673519454e+05
1.992538328276088798e-06,1.679038705249315230e-14,1.603749216317235408e-05,2.505402890220316010e+02,2.370809751487116955e+03
3.670619108345323814e-07,3.958462538662311574e-13,2.268180611655098476e-05,3.167635573953454582e+02,2.086528474203349469e+04
4.452425967535864165e-06,3.196505045031042755e-14,8.824083586106678186e-06,2.700707708553143789e+02,1.849745810237851692e+05
4.363262026951804047e-07,3.171252398650691100e-14,2.286045432794989995e-05,3.172139779660346335e+02,1.949333414625472415e+03
7.355263461809327304e-06,5.241402027944979691e-13,7.522511109472149650e-06,2.220102856371137534e+02,7.543372856806707382e+07
8.700201856849888911e-05,3.732648251853823888e-13,1.262493547065271613e-05,3.370018695037147722e+02,4.432094648240786628e+05
2.169790043391108516e-06,1.453404395818579966e-14,4.774392659765837690e-05,3.872707377245420162e+02,7.623033747708908550e+02
2.862447143450332079e-07,2.551553911606354604e-14,3.375382135582658043e-05,3.420884976790408700e+02,3.918576807027869791e+02
9.498425423293248716e-05,6.274489129812134275e-14,8.765857745707194304e-06,2.656919047110455381e+02,6.250658254479501193e+04
1.480216612678825063e-06,7.057031400958448603e-14,1.346311415368892566e-05,2.231091650391107351e+02,-2.231682575522558182e+04
3.158229759638323345e-06,4.657776570139619009e-13,1.137706748848207408e-05,2.165640935954582460e+02,1.045440540301884757e+06
4.174263643752569477e-05,5.590351601803700262e-13,2.895867405600814268e-05,3.925799439865056684e+02,2.883566630342210643e+06
1.334343910052736607e-05,9.882744641314111432e-13,1.168277932820063559e-05,2.350335955073198875e+02,4.988760288818611950e+07
2.488978906558823362e-06,2.234233832580653809e-14,7.936241221220180134e-06,2.972301765480646054e+02,1.538302778919269040e+05
3.880090777775205128e-05,1.203212295015509619e-14,1.982684025921929269e-05,3.805167465510987768e+02,7.183053592358628521e+04
5.562430818161099607e-07,1.253365845199369182e-13,1.037078894473681321e-05,3.533129816445654114e+02,1.388424212229510886e+05
3.508132383606468255e-07,2.273509525547843768e-14,4.268627994472953846e-05,3.892590979577827284e+02,2.718478699165012813e+02
9.031695348909404988e-06,1.041438534810042062e-13,1.329938366236643610e-05,2.327312751744281911e+02,6.904127621200389694e+04
1.400313511712788549e-06,4.554603065491722773e-14,5.453141023774579215e-06,2.662042893465502402e+02,3.516565848330229055e+05
4.022924903222177879e-06,3.654213076300155151e-13,2.257434345499604244e-05,2.290880209914229795e+02,-3.825736594963079551e+04
1.793787470821758834e-05,1.384627984711611531e-14,4.746495275976127492e-05,3.963998617165692053e+02,6.607176160159269784e+03
2.607571631255601439e-06,5.862546778830212724e-14,6.203030233592174739e-06,2.888366440977468415e+02,1.066719335691419663e+06
6.596615076787783552e-05,1.583333074883219240e-13,1.302582607593145811e-05,2.402131551919258357e+02,3.270247454510916141e+05
2.761799021983378904e-07,2.379936021043600868e-13,4.813886597443003485e-05,3.556185634839863496e+02,1.324416320441016751e+03
3.288731398687641473e-05,6.476653510887811236e-14,1.213986907779757805e-05,2.224756708792974962e+02,5.382009656573468819e+05
2.327437420337011105e-05,7.028091811124153306e-13,4.220031529930306705e-05,3.938721435117956275e+02,6.466984942527071107e+05
2.260035041178185415e-07,5.195360402607216156e-13,3.830332731355482942e-05,3.201312264908138445e+02,3.615827436643191049e+03
4.505211970717716943e-06,8.590137764892100015e-13,9.459708282511995427e-06,2.711438988890882342e+02,2.576748457708132640e+07
2.248264702213156053e-05,2.516278558986740392e-14,1.798971029286807786e-05,2.309108186130779927e+02,4.474190292101715459e+05
1.755498553837455025e-06,1.180152295373789708e-14,5.711056794949379109e-06,3.820393853466318319e+02,2.947208630371092586e+05
2.855041254888990007e-06,9.548575293466466529e-14,2.474208458706128445e-05,3.922320360286221330e+02,4.849138388793508057e+04
1.723772448924566956e-05,4.829554444775918601e-14,1.184287912357052191e-05,2.749231627229488026e+02,1.460823728123671142e+06
3.842985375064524728e-05,2.576624366560724921e-13,9.174160216649257396e-06,3.268379948175170284e+02,1.568065733549510594e+06
1.516393922169576182e-06,4.688508500183240801e-14,4.472574234480099637e-05,3.296479416887561342e+02,1.494586750365704802e+03
3.246007642081211983e-05,2.037690575314721501e-14,3.374054903454439626e-05,2.141538115038493970e+02,-1.175047102976249880e+04
2.735279293270174251e-05,3.110364077490099013e-13,4.973930188299461469e-05,3.939493885240801205e+02,2.039055956963335630e+05
2.269178612051207736e-07,1.581661273415381426e-13,1.146503505331547268e-05,2.564966322153248370e+02,1.060982828078314924e+04
1.015111229501251694e-05,1.201943685365942060e-13,1.140872465344912915e-05,2.621977533760747860e+02,1.913687626775457524e+06
2.960226976287996781e-05,1.539217752605969605e-13,6.740175969135317573e-06,3.582001644335336437e+02,1.578703813384262146e+06
3.244384859297028069e-05,1.841389043197189258e-14,5.364482074543543620e-06,2.990452567091884930e+02,1.572285614837642352e+05
1.796659099744459861e-06,9.167262418191677158e-13,1.164939403151274193e-05,3.469202433883543222e+02,2.804641203643016517e+06
4.431505358699864577e-07,1.163580982929679179e-13,1.582898818667959794e-05,3.784958018402728612e+02,3.289925638636075018e+04
3.253682916896039884e-07,2.021027434153368916e-13,7.142859035687364263e-06,2.973402208088552356e+02,2.460154457859952236e+05
3.611993362553581342e-05,3.145186352785286420e-14,7.492150410872115633e-06,3.232100582417804731e+02,2.166721604599639832e+05
1.001310489215445674e-06,9.444379563902068050e-14,1.229120574292515821e-05,3.315274998179992849e+02,9.748738399934742483e+04
2.614889549038965972e-05,2.728979855643119201e-13,6.952642523062513069e-06,3.316466252236984360e+02,3.587106323610333726e+06
6.678867115112124239e-06,3.597007564055321740e-13,3.677517278757375845e-05,2.806168760572694509e+02,4.894025624087917095e+04
4.485966669622955061e-07,7.948064475062844290e-14,2.667706708962759411e-05,2.397907521264905597e+02,-1.131976671135134893e+01
1.815862518257864183e-06,1.204237611503256158e-13,1.056692174931248360e-05,3.606403949735965284e+02,4.357204923175476724e+05
2.631804310414425472e-05,2.705127377716926729e-13,2.372796512834103431e-05,3.217936556158342114e+02,3.510194248911504168e+06
4.077226227596573164e-05,5.169977429596202570e-14,3.621127588843047130e-05,2.179050787093930239e+02,2.795179142547651427e+05
1.143660466932765501e-06,1.431624292616233120e-13,1.191577615052164228e-05,3.188492372693967809e+02,1.665814280633542803e+05
2.194918939647147371e-05,9.861347412717402999e-13,3.561886079807784732e-05,3.135157394756670328e+02,9.766664588707755320e+05
1.485100745907891503e-07,7.056697116795479007e-14,4.580460337105220160e-05,3.551696011801231521e+02,2.444785297273021456e+02
3.857426182408789124e-06,4.945847214599562569e-14,1.129544425401354671e-05,2.702287626335397022e+02,1.090520957066000556e+05
2.601504365965161803e-07,6.407385949476034910e-13,1.094455887613561390e-05,3.900994541107281748e+02,3.391175714738997631e+05
7.715641159642177215e-05,3.633718313656589792e-14,2.144393315103174794e-05,3.299622695903091198e+02,5.486025647737820691e+04
1.244832937532841356e-05,1.983856921797600886e-13,7.731101224040537061e-06,2.549506415927509124e+02,1.150638293882531300e+07
1.157410504426639392e-06,9.620795737929931439e-14,6.089378186632219411e-06,2.685800252683062013e+02,5.104384674507846357e+05
7.658851580363257284e-05,1.504059498448619802e-13,2.997614399591437000e-05,2.661060795637672527e+02,2.304561636626456748e+05
1.997924957924448656e-07,4.378470050617571436e-14,2.239223560343124329e-05,2.807147207922494658e+02,7.812920128167174880e+02
2.225946298800521271e-06,1.977628590617604417e-13,7.869119983610671720e-06,2.413759313677815612e+02,1.106315605027088663e+06
8.427515362507433112e-07,3.635776982053673777e-13,9.034040287274389922e-06,2.585450839087110353e+02,3.019523187795791891e+05
9.490588677036148712e-05,1.427445287287374468e-14,5.790153320633208932e-06,2.721668472634307250e+02,1.424373176590779258e+04
1.842446683236358637e-07,8.548262498384044914e-13,2.892563129420876387e-05,3.203312831405513066e+02,1.128313598653809458e+04
3.826398491031277582e-06,5.342724081303911725e-14,2.907692411868315817e-05,2.020678177642470814e+02,-1.084697110545388932e+04
4.661266351189845991e-07,4.938978392845788830e-14,1.365055061295995536e-05,2.539143508676661725e+02,3.431325772430580400e+03
1.220149695644033300e-05,3.281227104636008299e-14,7.182384153908567827e-06,2.814461473103564231e+02,1.980891447264791233e+06
2.581839810646208412e-06,8.434867716302490788e-13,6.330080779960441780e-06,2.222859510130882938e+02,5.432372178205221146e+07
3.620849156278373962e-05,1.324894972497960095e-14,4.836834202460132379e-05,2.598864090352315657e+02,2.620011182205974364e+03
1.407211170757574749e-05,1.218215610230964889e-14,1.500111837741670580e-05,2.705058958241410210e+02,8.104654558083821030e+04
1.922443184441394501e-05,1.103852822506731122e-13,2.439161028637957897e-05,3.587237019476957016e+02,3.996505109588399064e+05
8.793177912521225818e-07,1.844046884504514322e-14,3.530102064268385775e-05,3.206909104081158830e+02,6.413308331258213002e+02
2.944066868046320624e-07,7.413145900687317647e-13,7.783806912986845474e-06,3.230722286161648640e+02,8.906793039517699508e+05
1.441946302776096635e-06,9.555421577797546431e-13,1.515702402574758377e-05,3.779264974658144070e+02,1.028130788921919186e+06
1.295176034144047264e-07,2.504765005906113074e-13,1.339320327711973475e-05,3.720001504232370735e+02,3.312898161122949386e+04
5.375722009631927183e-07,1.670175368917726758e-14,9.239954617767017620e-06,3.920978771293645195e+02,3.055444310784804838e+04
6.964119637969181802e-06,3.689762424829134882e-14,5.967659650662401374e-06,2.606039833222659468e+02,6.837802859523390420e+06
4.031317231638737047e-07,8.246341477923670150e-14,2.321766964737985634e-05,3.149518398398183763e+02,4.370574396851789061e+03
1.306135389435663003e-07,9.694598995285792815e-13,5.078183275529300231e-06,2.675825463024790452e+02,1.606986938543931814e+06
4.899177248595291456e-06,1.052384196300827519e-14,1.203506623390458713e-05,3.689547203334299752e+02,7.503715670873678755e+04
2.195456996961116778e-05,1.074073803386842541e-14,4.056103937794206253e-05,2.019907292429741403e+02,-5.001140229647947308e+03
3.693515331790376296e-07,9.909312635158943378e-13,1.380254182122182646e-05,3.666427505774279894e+02,3.337629394798426074e+05
5.880412565240024960e-05,4.749702169033545298e-14,4.924065059669744282e-05,2.967261730164660776e+02,1.234529301838818355e+05
1.059718230986565374e-06,8.052360771411006882e-14,4.844194516153541475e-05,2.896007532495928558e+02,8.890113567753485313e+02
3.900214478678665403e-06,4.997849635424553303e-13,2.230849352769165563e-05,3.010108591042069861e+02,2.531129023676350480e+05
7.924058486735585056e-06,1.764839402515054984e-14,1.120504263978578448e-05,2.782322086909906034e+02,1.107318075958170812e+05
4.418126655033469573e-06,5.402576174568402360e-13,5.677295206024810041e-06,3.450504651075764286e+02,9.888942181633359194e+07
5.593629413053145364e-06,2.556481443175959125e-13,3.993023074916587424e-05,3.811599657121903988e+02,5.785339689146454475e+04
2.043510422245324149e-07,5.951902524305263966e-13,6.786051304061256244e-06,3.540511709182948721e+02,8.980335908989522140e+05
3.168428087822113184e-06,4.449035241477657889e-13,2.854157491817738257e-05,2.804678889762250833e+02,6.094624933699551912e+04
1.776280512876165835e-05,1.796822407456154162e-14,4.220669218211110286e-05,3.919021308089281774e+02,1.197985720479388146e+04
2.657120739949281464e-07,3.750863094555157360e-14,4.298218846463848367e-05,2.383422396337019791e+02,-6.035450067159814580e+00
6.111969779067320666e-05,2.713114185088726036e-13,1.014563434051398844e-05,3.846379710171189572e+02,6.527641487502163509e+05
1.550008795367417075e-07,1.921064747429790056e-13,6.145821338340379125e-06,3.497953919377219449e+02,2.795906959423965891e+05
2.187640335166484492e-05,1.460742410498521370e-13,8.245157335972695561e-06,3.354670339121633447e+02,2.743294371910781134e+06
1.448331521719060521e-06,1.453872313962199988e-14,3.911080655080144419e-05,3.506664505308742719e+02,7.682659891060703785e+02
7.602110734582183320e-07,2.014595513715887699e-13,3.167941934784410080e-05,3.056508080949881219e+02,7.154724029746481392e+03
3.536823205349297545e-05,6.697667046621928360e-14,2.107168969011411722e-05,2.479689510096265224e+02,4.812242117582389037e+05
2.902026655990334468e-05,2.262059529118565248e-14,2.653129992708801163e-05,2.834461468791670313e+02,2.414081087119752483e+05
6.623289186846922962e-06,4.876635718136995816e-13,6.028541290886540711e-06,3.268868457416486990e+02,9.991334483209298551e+07
1.392080700696398997e-06,2.087964434993850140e-14,2.055403334140199991e-05,3.442566698681782213e+02,7.018166706031945068e+03
2.337829102015000731e-05,8.547058150950438073e-13,2.614634348366110005e-05,3.872973765882578618e+02,4.548255307496961206e+06
2.831767515351455083e-07,4.042381796220495476e-13,5.003297337566040775e-06,3.709025295598851812e+02,2.555611994771804661e+06
1.584629856150852468e-06,2.399172026687308825e-13,8.489910757373063564e-06,3.096805844952979214e+02,1.161683385888633784e+06
1.835770916035653755e-06,4.920306188798061945e-13,3.260573885332234561e-05,2.139286437609119673e+02,-2.193261803998674441e+04
2.999569093172342251e-07,7.318404706451160023e-14,1.439593177267198104e-05,2.346387594929792613e+02,-1.161745554055771208e+03
1.620809562400548506e-06,2.356744762100672941e-13,1.378625255086944170e-05,3.847459239271111642e+02,3.820595745758760604e+05
1.267415872607546144e-06,3.150876977538055954e-13,1.940384298068534123e-05,2.989234669586437576e+02,7.473558537634101231e+04
2.692547928426208299e-07,7.860335304218895947e-14,1.374322063737279803e-05,2.258364653651004232e+02,-3.534566978000546442e+03
2.785053335486038988e-07,2.098252947990362033e-13,4.534612563139753347e-05,2.649554696577904451e+02,4.081089995219732600e+02
7.880522848704283223e-05,1.808551387715243963e-13,7.130713803832092520e-06,2.143600149373912416e+02,2.617407885088532057e+05
1.607942493361556730e-07,9.312922768728636432e-14,1.491742532963009211e-05,3.403053662876600356e+02,9.192958267279633219e+03
2.353088540723057030e-07,1.316846938756245776e-14,4.112302743958294002e-05,2.903743330721632674e+02,5.344178376267656461e+01
7.949583875466733425e-05,2.770600409171976700e-13,4.823604138793742639e-05,2.709273059130406978e+02,3.940358355894843116e+05
7.095452836289937017e-05,2.112797109144887069e-14,3.034778695180854715e-05,3.557175204830357984e+02,3.771795838877145434e+04
1.014444782922256890e-06,9.348559684580598328e-14,8.038453722138912385e-06,3.863371326081531834e+02,4.829579597511519678e+05
2.034080772549653134e-07,9.703390505547740831e-14,8.632649412960454295e-06,3.140702588748829385e+02,5.005513258364383364e+04
6.698549616202692332e-06,3.564809131207270636e-14,5.078134406608007243e-06,2.293048814281489172e+02,7.140446061205460690e+06
2.062014204317488042e-06,1.452792793645165924e-14,1.449257648414072075e-05,2.771323441111861712e+02,9.173010123975023816e+03
7.180771388105260512e-05,8.064221878822783713e-13,1.725849024422305151e-05,3.943466347994923353e+02,1.405629573545348365e+06
2.426644272658328686e-07,2.224252656337621982e-13,9.555911330366057653e-06,3.528088827704096957e+02,1.368913370283980039e+05
2.160978399735853173e-05,3.354779240674680753e-13,2.398920288013185346e-05,3.873924718208780860e+02,1.837761539023778401e+06
1.187144102024541011e-07,3.543108641952438342e-14,5.965501294973731848e-06,2.163029016467531847e+02,-1.498962704955171648e+04
4.197192103565370740e-07,2.267402933957043672e-14,9.301462823795548737e-06,3.223262436395959867e+02,2.089649149580264930e+04
7.972341456282964828e-07,1.855284730656876363e-13,7.802729424086601355e-06,2.602167670295457356e+02,2.079124584192142356e+05
3.113736667801795737e-07,2.074637036917101251e-13,1.770308618284634094e-05,2.859287722276532691e+02,1.293318740143574723e+04
2.426113787684017735e-05,2.689786351325397196e-13,6.530682276966149154e-06,3.613087178944707034e+02,4.107202086685591843e+06
3.317147935573689275e-07,2.608857901630052952e-13,5.716863785992411415e-06,3.529958977530218931e+02,1.078458846034705406e+06
2.411231888963290700e-06,3.630704446313303758e-14,2.318070356019972871e-05,2.076129824655873222e+02,-7.603752050519655313e+03
2.443578556082906232e-07,7.854780389624767087e-13,8.985959587686139107e-06,3.526754957576117704e+02,5.943698277271401603e+05
2.128367333754417821e-05,9.489149326729619288e-14,5.041712984192322250e-06,2.386551453613036529e+02,1.882715637765515829e+06
1.032318649003488041e-05,2.632510789601670459e-13,3.458806195110924927e-05,3.547101276903414373e+02,1.509261838813174109e+05
1.402836775699809973e-07,2.506847266233260481e-13,1.382815602058844579e-05,3.160489177667270155e+02,2.212770699024346322e+04
3.458966318124969276e-07,6.350295934301475122e-13,8.264851690427880537e-06,3.588217783566751109e+02,9.210043958044388564e+05
7.485385148875408826e-06,1.773435251137620425e-13,2.366666289480228271e-05,2.889466616895750235e+02,1.218816463037325157e+05
1.851478940829694844e-06,2.332019973739765072e-13,8.426448797756433664e-06,2.979619597635615378e+02,1.304318456458576722e+06
8.059999910902444368e-07,2.334923693457757021e-14,5.944269713453808623e-06,2.194355419446807218e+02,-5.672016377092138282e+04
7.743989374776431573e-06,7.361544961975190797e-14,7.207991339576084352e-06,2.794372147884132005e+02,1.103291038055917807e+07
4.496099960324633057e-05,2.732345802512573696e-13,7.406609651182233969e-06,3.117761419070163811e+02,1.214826800053324085e+06
2.562820221351251675e-06,3.616204200602485795e-14,5.160538069282433715e-06,2.354897561269695245e+02,5.120080552553026355e+05
4.674531006804350553e-07,2.892548924461949444e-14,5.996031811312596817e-06,2.451944888755059253e+02,9.606969687438438996e+03
3.997273173080755090e-06,2.385990515874109611e-13,2.672395649457752338e-05,2.001289959227458155e+02,-6.891555092587020772e+04
6.145287409187116159e-06,1.303910481171258461e-14,4.330492695176480069e-05,2.942331574976573734e+02,1.264953949950521519e+03
4.253319165751812958e-07,4.191311332946683450e-13,2.347009891488995132e-05,2.090248887695011888e+02,-1.412173311975550314e+04
1.571957440042634526e-05,1.383591788011973389e-14,4.804930356166275897e-05,2.666589288303972012e+02,1.398653542207835244e+03
4.236191152768116026e-06,1.105509207189789123e-14,1.564336195940168990e-05,3.028661062452662236e+02,1.794369857110918019e+04
9.337416066247451569e-06,1.428212450162236887e-13,1.013470956431619157e-05,2.399819259633142110e+02,4.765669298490945250e+06
2.286684436972976936e-06,3.609708067966932156e-13,9.302848585662486128e-06,3.153847004654184047e+02,2.451049728004560806e+06
2.070435677788765807e-06,1.628516975571661896e-14,1.339521923819857226e-05,3.861651756144447063e+02,3.697412090906137018e+04
4.269790844457125369e-07,1.789489762082781661e-14,4.356480783402003347e-05,3.711223790063568231e+02,2.257396619932286512e+02
4.730014893097064208e-05,5.510415149264291192e-13,3.049266495428886874e-05,3.723220410764030248e+02,2.213654922183737624e+06
3.909050873371157414e-07,3.291915071827229517e-14,5.124138381885913441e-06,2.429910335704074953e+02,9.633619868644469534e+03
5.599002912250854807e-07,9.515118182093995958e-13,1.889029358178451060e-05,2.396673237033893997e+02,9.363198905068566091e+01
1.232071067550222650e-06,9.277569275885215939e-14,1.077783911740151636e-05,2.339192696550655342e+02,-1.504525345425950945e+04
8.301543495984489251e-05,7.694215609230570140e-14,4.967140204885867538e-05,2.159161802046006358e+02,1.003453552723470639e+05
4.525285454580076609e-06,7.573388862073275075e-14,1.052749484350975166e-05,3.944083737723343575e+02,8.505568565856595524e+05
2.744728740759695827e-07,3.234791355568920257e-14,2.391311732133674076e-05,2.330216749196439139e+02,-1.344357469761830544e+02
3.300623577991452232e-05,2.476130308355421172e-14,4.027933467064103844e-05,3.347289280344299982e+02,2.940044532237742169e+04
7.430579605553600067e-07,7.177674196941637667e-13,6.578651604258456432e-06,3.642027121665419145e+02,6.682251232947020791e+06
1.155700827198447181e-07,6.895687898422477990e-14,3.031386384478948565e-05,2.864916316312818481e+02,3.209749746139871718e+02
1.573437120971545118e-05,1.298932524935389836e-13,3.524189109204329011e-05,2.773721595181447128e+02,4.623228153931451379e+04
7.673529285220859143e-05,2.435871117677674426e-14,1.607164270500004215e-05,2.202817800455517272e+02,3.718044766540999990e+04
4.835649354706754986e-05,4.373141369751542012e-13,5.127801762130939108e-06,3.167695652260463817e+02,1.680871572131716646e+06
1.297541248308697437e-07,1.561742634389297061e-13,1.611058900899231975e-05,3.990804842343582095e+02,1.335579977559305553e+04
2.430379319193453961e-06,1.925548521994973073e-14,1.069976811461704210e-05,2.303805965930663433e+02,-1.108559130676396308e+04
3.737946286520921991e-07,2.076676954445602078e-13,1.791026446150075318e-05,2.272528333480627794e+02,-5.235397053879714804e+03
8.126777440175941622e-07,4.526202679044017422e-13,4.963360127847935547e-05,3.893817927036733977e+02,7.979759805019950363e+03
3.646476709769225823e-07,3.610942164919283871e-13,5.768971254619230495e-06,3.156405302873059782e+02,1.364130009353424190e+06
2.249708757640208481e-05,1.755509425196554898e-14,4.334433715579655782e-05,2.412185107941566287e+02,1.833115652751921516e+02
6.929605104248820790e-07,4.617716988300143474e-13,5.388997603324182671e-06,3.594609157709068086e+02,7.572483812380002812e+06
7.899340738139560625e-05,8.915732631159677341e-14,2.042165369535301530e-05,3.251027089487464536e+02,1.284180170335233852e+05
3.756356617275044103e-06,2.123984302842394343e-13,6.418330287239205800e-06,3.360314107862094488e+02,1.528359266902732477e+07
5.202505418148946210e-06,1.410509266925094749e-14,4.633089119161303124e-05,3.674673026579171164e+02,1.776248191833042256e+03
2.309503219924427962e-05,1.190387534167820569e-13,9.270523162167500304e-06,2.298286795860885547e+02,2.005865664771982236e+06
1.101533042367014044e-05,3.047002982102236952e-14,1.971872549740391977e-05,3.231368705787026556e+02,8.523308171353691432e+04
3.862185371634231792e-05,6.042106983829925959e-14,1.833975915503588741e-05,2.301012819956778515e+02,3.640598618481727317e+05
2.409953519532419563e-07,5.465422835615920836e-14,6.087187636617807590e-06,2.693640653093436867e+02,4.427627020800187893e+04
3.066764585040955925e-06,1.536483639945764912e-14,1.936890375994537172e-05,2.535021763616623218e+02,2.406302425235504415e+03
4.389666624925984605e-06,2.447389397160745542e-14,1.782119755306671365e-05,2.539957486847923462e+02,7.373140388030133181e+03
2.125330050266130932e-07,1.559266664605530564e-13,2.661643198359706368e-05,3.151073884401544660e+02,2.896259923836768394e+03
1.577103911653788485e-05,1.552471088891937741e-13,2.333775203545115532e-05,2.825227280863346095e+02,2.388698589975047507e+05
2.301315962988745774e-06,1.300580340369574303e-13,1.750690401149700281e-05,2.564336580939874466e+02,2.509114128359913593e+04
7.252025059724576267e-06,1.483669675609391545e-14,7.482117917426683947e-06,3.231464607317957416e+02,1.136231622139669256e+06
3.891424926230855485e-05,6.575292503541612340e-13,1.801508623443030495e-05,3.699958505837017242e+02,3.902549162439472042e+06
1.334455753407505771e-05,3.334703952775454776e-13,4.297299317034606849e-05,3.713865560749657106e+02,1.412103665657668607e+05
2.057792659498255193e-05,2.739109892299962047e-13,3.565885999503600303e-05,2.557317563565316902e+02,6.177067608063026273e+04
7.558709087294093627e-07,2.332546312113165845e-14,9.102879023518167692e-06,3.016919502221450102e+02,3.312509216151008150e+04
2.196818610911836726e-06,7.870465694925850644e-14,5.580247324904825678e-06,2.102227733164356778e+02,1.019905859509785427e+06
5.883121058446448445e-05,4.658055145952854944e-13,2.009075425697485961e-05,3.499955176336678164e+02,1.209594139432640048e+06
1.469129418547048215e-06,6.196328378024109548e-14,2.183576391584719884e-05,3.485085432060834023e+02,1.884712679018905328e+04
2.591620009581650690e-06,4.261009335219152336e-14,2.678506361194384609e-05,3.301338080094591305e+02,1.087761838457981867e+04
2.456077152146632520e-07,5.266125106155819450e-14,2.021313919246049999e-05,2.756429626746485155e+02,1.400188865671852000e+03
1.017015444739208147e-05,1.206144361407749102e-14,3.180350325598133525e-05,2.844701793260711042e+02,4.247865509248778835e+03
4.772472508185677091e-07,3.282008830855015324e-14,1.370325837569862265e-05,3.435080104062694204e+02,1.268581985012158475e+04
3.115814000092746247e-07,2.857981013777920118e-13,5.837848612261690810e-06,2.149097458820460247e+02,-1.610431050325119868e+05
4.058495470204221740e-05,1.266360512449079185e-14,5.563504077267027601e-06,2.149320264207199216e+02,6.909996813685390225e+04
3.394011115175567070e-07,2.000069502568004570e-13,2.142258080696613312e-05,3.580635261555115108e+02,1.574139876058881418e+04
5.857616003443818336e-06,1.557901024531591893e-14,2.943980462057495156e-05,3.472099202144610217e+02,7.725652762365494709e+03
6.287982050726639582e-07,7.499977734011396335e-14,2.104696616932772788e-05,3.144248942379653613e+02,8.280047028744880663e+03
2.829620715828472604e-06,2.838665788393675202e-14,4.688017008380813348e-05,3.247986022926536407e+02,1.408741361865109411e+03
5.651480985641726696e-05,1.913505865427345754e-14,1.095325076320122626e-05,2.478152312939761259e+02,5.384630100516110542e+04
2.099949342442966184e-05,4.455265361370483517e-14,2.795120183508530736e-05,3.880573311274279149e+02,1.321990659901005274e+05
2.010351028989780436e-05,1.843599200600245255e-14,1.931510174282687496e-05,3.487310132450306810e+02,4.099900682909108000e+05
1.895388716941139295e-07,6.022889089208592674e-14,5.090117231704111505e-06,2.625673555385662326e+02,5.232447030627726053e+04
2.094500904281338571e-07,8.800498417345547041e-14,5.415430470613613171e-06,3.748530328946558825e+02,2.895093877001797664e+05
2.053786074261895113e-05,1.931225685611038182e-13,1.132859935087018047e-05,2.301268713354980662e+02,4.115032198413027916e+06
2.726894754427791364e-06,5.928486442310171058e-13,4.901880462159168933e-05,2.016920710997143829e+02,-1.803238375328844995e+04
3.467200585972891717e-05,1.399902714501223793e-14,1.111767433197160824e-05,2.906142900445790929e+02,1.046623638463150855e+05
1.338093914933516596e-06,6.066083115030641315e-14,3.151977638081577112e-05,2.846932282347622163e+02,2.814847966189824547e+03
7.719375442734339248e-06,3.951385302088939726e-13,5.429781232654072683e-06,2.833229908294296138e+02,5.959854680942666531e+07
6.349561178135614997e-07,3.756600062008275763e-13,5.783378066737274658e-06,3.647562797209124028e+02,3.702356997464912012e+06
1.596208877351711770e-06,8.341572915486117552e-14,8.335416422000105371e-06,2.254046750462200350e+02,-7.843235318026109599e+04
3.124913222712407896e-06,2.752889845374625341e-13,1.120057685690703917e-05,3.229078978584936976e+02,1.275347944977779407e+06
3.344474458397721046e-07,1.347477180112039966e-13,5.691844466786068194e-06,2.707727547474910352e+02,2.095470610351057258e+05
1.445314315312380350e-06,9.516274726066573167e-13,2.628081121789819664e-05,3.010430197246736270e+02,1.067016418984964694e+05
1.168059417776217970e-06,1.550529857140517662e-13,3.101102073200158341e-05,2.523975125665651831e+02,2.063518129443147700e+03
5.273398261305836416e-07,4.789704167439768186e-13,5.780693788219019321e-06,3.489289537392293141e+02,3.844749617708615959e+06
1.895149056692924049e-05,2.112866235362247455e-14,5.504069575405206816e-06,3.854413956417129157e+02,5.287323388566416688e+05
6.600514261875347260e-06,1.937972531126395435e-13,2.199114371876649516e-05,2.546455279110759022e+02,5.182296654964274785e+04
1.994672682949204544e-06,1.118859244721924026e-13,2.098306483946682605e-05,2.586370212674534059e+02,1.208681585871448624e+04
5.279169418917585732e-06,3.316725014082923792e-13,3.585357892365171050e-05,2.147727847090341697e+02,-3.091785723380737181e+04
2.199422547288350567e-06,3.135371366323996904e-14,2.306869697532397870e-05,3.739675849083476464e+02,1.395040328224767291e+04
9.916182621297840061e-07,4.648585396010796774e-14,3.141208349873660820e-05,3.346792363039252223e+02,2.909634740126730776e+03
4.613560525096519642e-07,7.915563457058170832e-14,1.406994750939170364e-05,3.433418721330363041e+02,2.729346104936773190e+04
1.253890012904201142e-05,8.412218338863489074e-14,1.986188066228846034e-05,2.157243300310467191e+02,-1.092099521771022992e+05
1.096452049609520087e-07,3.906021977506926074e-14,1.443809384128937513e-05,2.738751446519675028e+02,1.216856188290859791e+03
2.016776448170361953e-07,1.396626254908112903e-13,1.098230590438367130e-05,2.054607477181831996e+02,-2.469044049088969405e+04
5.032557012019043227e-06,3.998257508253256601e-14,3.830788545845437219e-05,2.238974934619949408e+02,-1.788814247885508848e+03
7.373302538389836627e-07,1.030627345367139540e-13,7.403085098598429040e-06,3.727844707658398988e+02,4.656395891491294606e+05
7.272591481938294561e-07,1.399051144322747920e-14,2.567149338475958051e-05,3.011968920436408439e+02,8.450067504175063959e+02
2.023416311062983038e-05,3.460361595952391727e-14,1.839526120187076687e-05,2.242903693065953803e+02,7.596291265983596677e+05
9.432708389135377718e-05,6.158641901141270729e-13,4.831121763888591585e-05,2.393692752730449058e+02,6.221036562407021411e+05
3.944721746577299973e-06,2.669852708694815365e-14,2.711379579682502949e-05,2.734896411278741084e+02,4.501689227925506202e+03
1.018006827637550343e-07,1.857168213956712370e-14,9.342967967805652536e-06,3.218014237205331938e+02,4.074214991378214108e+03
6.371061540932330551e-06,5.479957339822508676e-14,1.215715254451973100e-05,3.027858369881603267e+02,3.094303000273240614e+05
1.851787341381463668e-05,2.025528878300289651e-14,2.278574190891516170e-05,3.351877517853224049e+02,7.463759047588720568e+04
3.499897958498891656e-07,2.087226045386612911e-13,2.824341047214983118e-05,3.687616294669540480e+02,7.827847623417390423e+03
5.354959099383634082e-07,1.994325032091610095e-14,7.427601205568801969e-06,2.569544140550348743e+02,1.193242661889618466e+04
4.219652709265780300e-07,7.747007759942523796e-14,1.666306186188346405e-05,2.483277434433627775e+02,1.639020955938542102e+03
2.251931162228273931e-05,9.281930350920854841e-14,1.836173719397895623e-05,3.302397030389357724e+02,1.645048483435433591e+06
6.212334372312881825e-05,2.679281798077863663e-14,4.077749233699867705e-05,3.623157183263811589e+02,6.239637589962969651e+04
2.556175296367319759e-05,2.291614844903566610e-13,2.197476693473579442e-05,3.968360288636218343e+02,3.152179777143179439e+06
1.417544432695467846e-06,7.797707497873495019e-13,7.608062849149329651e-06,2.741802450539084930e+02,9.871927257032612339e+06
2.204492041615630044e-05,1.670440224236814488e-14,1.360968578747500307e-05,3.788729419253706965e+02,3.089331317007779144e+05
4.339257830680449336e-06,2.266709777019738234e-13,4.483069962070956708e-05,3.248726240985523646e+02,1.977358982113884849e+04
1.694868297404660831e-06,9.332628910114707388e-14,5.188306596523437293e-06,2.959542324852968704e+02,2.686555887719919905e+06
2.339736931022670887e-06,6.741890506177425960e-13,4.711702925528088589e-05,3.017936247575162270e+02,2.136670425688098476e+04
2.519494884236014665e-07,1.300292098258623814e-13,3.499981656213882323e-05,2.018652971872248827e+02,-9.979970473998587295e+02
8.228428562108413018e-05,8.688765793349132784e-14,2.370975616866532131e-05,3.551893493777081972e+02,1.153386604615313845e+05
2.954887669300716014e-05,5.248116134989540616e-13,8.471150457535083053e-06,3.403263276195490903e+02,5.402217977177721448e+06
4.222493039462415475e-07,5.968700515866341604e-14,3.357794779143306532e-05,3.121723964691996116e+02,1.064120654626552778e+03
8.604837053243851277e-06,3.196200385726990938e-14,1.352315632658057220e-05,2.938487031167852024e+02,1.598431176087700005e+05
2.068541075236937351e-07,4.462494868150515503e-14,3.581039194597231855e-05,3.957178793133687691e+02,5.468636778225741182e+02
1.929760325389000468e-07,1.461287318774782949e-14,1.338644557259698882e-05,3.877378462708790607e+02,3.096928388262115732e+03
2.752181136204857099e-07,3.998791560988452398e-13,7.876017054111609177e-06,3.626770022139704110e+02,5.326511638679965399e+05
5.139280520161464523e-06,1.461368327600658716e-14,1.381958484761807103e-05,3.825213939133499821e+02,7.635304771828516095e+04
9.057708662289237385e-07,1.189765933631535845e-13,4.904058528660501401e-05,3.078250803449415116e+02,1.392038229071225715e+03
3.230160477932979366e-05,3.467552228004731454e-14,9.980969043266673356e-06,2.134596741469416088e+02,2.986932657560647931e+05
6.657204159053429066e-06,4.455093988846270861e-14,3.632695834101759037e-05,3.213702961596141563e+02,1.093930307483172692e+04
3.701978569567517284e-05,5.439713030094118325e-14,2.804995090385918558e-05,2.845222804649202430e+02,3.567457491634739563e+05
7.755802764662125782e-05,2.490226453828456758e-14,1.248836243660453530e-05,2.762266387232361353e+02,3.720796760581962008e+04
2.184586328809204850e-07,7.012433731994990770e-14,1.824153387165293737e-05,3.058592812746911704e+02,3.757307507197197538e+03
9.424584614043216077e-07,3.699313299407766099e-14,2.501837820976228230e-05,3.824702928354779488e+02,5.736208798271107298e+03
1.586094001157495710e-06,9.837890070096391985e-13,1.151471586702666302e-05,2.413826853448109375e+02,1.442152455207151826e+06
1.251861971427096926e-06,1.230009355890893359e-13,7.376862431047738174e-06,3.183553550683709545e+02,6.999903203631769866e+05
5.217671942043442949e-07,1.595809640076291212e-13,8.791402147675683761e-06,2.582410037151468600e+02,6.244689719388287631e+04
1.323406616396325204e-05,1.063125163741132281e-14,1.553204253835408142e-05,3.788759036469050443e+02,1.169309279962767614e+05
3.442232177694138831e-07,2.706356392157001228e-14,4.199610859178803674e-05,2.831960763787949986e+02,1.326389549140056658e+02
1.297651335017608430e-05,2.463719431080864072e-14,1.935575098562343637e-05,3.585024300829653043e+02,1.144044272979202215e+05
1.467031877347873898e-06,3.345457752668422939e-13,1.098890031632131922e-05,3.774496166574817835e+02,9.585118429732189979e+05
3.886603700987842496e-06,7.084737818067901651e-13,4.950016086318525713e-05,2.429701074706814836e+02,1.941735427658575645e+03
9.317644401187826986e-06,3.053057091617691032e-14,3.744371491284549663e-05,2.594745103224399827e+02,2.864256923195825948e+03
8.809959447853386855e-06,3.821047246106676930e-13,6.033949488963935245e-06,2.415701254352526348e+02,4.424714028305232525e+07
5.276076955190934486e-07,1.388107968189417927e-14,1.219390612978882902e-05,2.329172939751519209e+02,-8.495537853136247577e+02
2.500661129422014227e-06,8.008036194400002250e-14,5.671367876725053816e-06,3.093465746911377323e+02,2.820054238579878118e+06
1.024279267540055024e-06,1.768910279380366377e-13,5.228689398891911602e-06,2.505902080709871029e+02,2.575724701563786715e+06
8.655121765661411871e-05,4.032576208994509138e-13,5.012112462328913418e-06,3.240894129211745280e+02,4.838233648822841351e+05
7.714143722352560911e-06,3.567203695576188104e-13,3.507795790603151028e-05,3.052195251028451821e+02,9.577853575343855482e+04
9.853678830218303537e-07,1.199402655720174983e-14,2.082176615740153196e-05,3.087465438253602201e+02,2.016781396642795016e+03
5.614997938848809557e-07,5.596820608464331120e-13,1.523258384979208997e-05,3.762049064458052499e+02,2.229642595392065123e+05
1.095136315488516827e-07,1.288449482230139082e-13,1.091527709521534367e-05,3.008099870919615455e+02,1.516583402607718381e+04
1.733812159378020781e-07,2.822329638372938123e-13,1.936220153679928184e-05,3.769108077526533975e+02,1.693034934001407601e+04
2.731375410733755680e-05,4.341163857612202141e-13,4.203764561717051478e-05,3.057519351588961740e+02,2.721796033492975985e+05
5.240811835003110432e-07,1.928611124681678940e-13,6.728983411126203183e-06,2.269692032816806204e+02,-5.986972638953739079e+04
8.445433522419138066e-06,8.990180760402270173e-13,3.493651096833001079e-05,3.969791255716017417e+02,4.975680585484961630e+05
7.132548982441137722e-05,8.754129771720242251e-13,1.522632554489336791e-05,3.382051950035947812e+02,1.546585994491058402e+06
2.304330729367369451e-07,1.046951736198617531e-14,5.413365450772132735e-06,2.175313552489779454e+02,-1.085598064346236060e+04
6.347199817948115798e-05,3.201177501932741699e-14,5.695149457432046150e-06,2.183808184379995794e+02,7.141608406368631404e+04
3.704929941515452974e-07,1.530489443053922359e-14,4.403506037323788385e-05,2.672788829495844993e+02,4.685899576704366609e+01
4.526213214715175666e-05,7.815586227870525705e-14,3.553680883453105626e-05,3.868190922118130288e+02,3.428800055748746963e+05
1.534355025216482869e-05,4.968905005739476307e-13,4.331727566318631400e-05,2.567685919371114665e+02,4.523796575166154071e+04
2.906152259485994928e-05,8.178332329186836142e-13,7.063456898785105877e-06,3.893170476294575906e+02,8.703193597787676379e+06
1.168918982717990205e-06,1.717157989883695444e-14,4.709093796364615634e-05,3.064515116293582082e+02,2.882128145639183572e+02
7.397705025423643355e-07,2.435221332850631312e-14,6.541956536717372629e-06,3.339479064652545617e+02,1.258028298609352205e+05
5.957975523760223720e-06,3.603621877990274872e-14,1.141103910801961440e-05,2.128457363285940858e+02,-1.285251260997437057e+05
7.154527484670972094e-06,2.188922645794920063e-14,1.234921290412298969e-05,3.743956362206575932e+02,2.275083083680946729e+05
3.797225634758289245e-05,2.476403777439681761e-13,3.210003577965921145e-05,3.785440789775523172e+02,1.543615987343243090e+06
2.319447731728906747e-07,5.716317317012507011e-14,6.686961087274505244e-06,3.172394704340613885e+02,7.473263396275987907e+04
1.639554670026356105e-06,3.041704249086765123e-13,5.024236896318779274e-06,2.888941031206310299e+02,2.010576306894267350e+07
4.733227721208731395e-07,9.611898428469536144e-14,2.166479974101513594e-05,2.258082476076310172e+02,-1.944136939195462219e+03
1.177819208726283934e-06,6.280747394240207689e-13,4.299177531989846788e-05,2.214454841326766541e+02,-5.392364146103209350e+03
6.176689345303793107e-07,3.504266274380416343e-14,2.418938667349455231e-05,2.934360468593995961e+02,1.925715449820616413e+03
2.288994813022026563e-07,4.493250274035819538e-13,7.811981098121210159e-06,2.953035196797830508e+02,2.885991203184481128e+05
8.243350105460299817e-07,9.584381537020674765e-13,3.434472110710264813e-05,3.858692548956967698e+02,5.098236085115038441e+04
9.653634293552922931e-05,1.142474509395877797e-14,3.757160884911897911e-05,2.042058438552961093e+02,1.101832180261512076e+04
1.192874052672090516e-05,7.176400247419159875e-13,1.543785842628339668e-05,3.980167621269818596e+02,1.183770674121704698e+07
5.893721116888769591e-06,1.198702483196257588e-14,1.969763193453416872e-05,2.688840954775631076e+02,7.050739924768988203e+03
2.514644755117622323e-05,1.596285523238210521e-14,1.881440565429206478e-05,3.245497788614588330e+02,2.268861114120609127e+05
8.547512627897074032e-06,4.713112376201775776e-14,2.401797902885042531e-05,2.113295879056936144e+02,-2.823905565626635507e+04
2.467223984639138490e-06,3.211358235279421658e-14,1.512294035814948241e-05,3.917370765628531331e+02,6.184165943327746209e+04
3.540377151683888297e-06,2.921387746099183595e-13,7.646671020590471222e-06,2.108093148495794935e+02,9.147473711185518652e+06
1.397238255962264004e-07,2.095368436320467261e-14,4.850690201847055648e-05,3.705454275908930413e+02,6.248111968860676768e+01
1.701698095264236207e-05,5.741056828790665532e-14,1.273399747422833162e-05,2.655612948329761593e+02,1.781875837053685449e+06
1.179271927661353161e-06,1.822942021573342870e-14,1.117799405498146829e-05,3.862484866665199092e+02,4.042882298191518930e+04
3.158833246547910719e-05,1.308056459480452813e-13,9.757189569403194572e-06,3.502585959603307515e+02,1.178212721278871177e+06
1.730385778204393983e-06,3.239234068631852868e-13,2.118193714210622880e-05,2.220109898064847300e+02,-3.265705295739248686e+04
1.109344279309541156e-05,1.338172429889272980e-13,4.987396891379902811e-05,2.264979767496653551e+02,-5.001252102904687490e+03
2.034175407743065777e-06,5.267471448097868722e-14,6.041384303115610470e-06,3.897628555207496674e+02,1.384709382531127427e+06
2.926262198274357709e-07,2.758652714191693217e-13,2.089982765803541397e-05,3.735591387632058513e+02,2.185926099692610296e+04
3.611006394235522946e-06,6.908830330725866724e-14,1.445498812745408791e-05,2.359855539046888282e+02,-8.820169272913248278e+03
7.844107322838183064e-05,5.730011347349019785e-14,3.312483745180008239e-05,3.392718013586510892e+02,8.369876430130301742e+04
5.468368093862120941e-07,1.186308068767556754e-13,6.606293505932833375e-06,3.021311719699248783e+02,3.303462422916095238e+05
3.746436785736485896e-07,4.425371509915173494e-13,7.523719511371832860e-06,2.741386534927850676e+02,4.014035757980037015e+05
3.384438296591474121e-05,3.630768436756489125e-13,1.369663670832461102e-05,2.516811012288481777e+02,2.848891886417420115e+06
1.382488305763934283e-06,3.691416964833395729e-13,4.969751272434412386e-05,3.127527045740167182e+02,6.688217498120558957e+03
3.406691552808835771e-06,4.460657079955849809e-13,9.703658290901756407e-06,2.045933858649784725e+02,4.393928907559908926e+06
4.850361098834035534e-06,6.482199174264135719e-13,4.534131882835201673e-05,3.363556400376043598e+02,6.705715106099266268e+04
5.554509605906568288e-06,2.418612732557287965e-13,1.293308590632175924e-05,2.977880245394122767e+02,1.113440818287103437e+06
2.635849389735824022e-05,1.285197814779612294e-13,1.108020400834975976e-05,3.502124456073048577e+02,1.662567987541098148e+06
1.673294418766819995e-06,1.552628441233149056e-14,8.449039245552494894e-06,2.920729277343003787e+02,5.379796556009488268e+04
3.304066430555828353e-06,1.738837047565216741e-13,1.113571941080733999e-05,2.650020758919566219e+02,3.738665363059575902e+05
1.772190291165424621e-07,4.078761007096950103e-13,8.589261531426930414e-06,2.635052092356567073e+02,7.228197634908693726e+04
4.263208148679342214e-05,9.076118962065099958e-14,2.684384786009350474e-05,2.157915651916796662e+02,4.488257065822880249e+05
1.044917423372159146e-05,1.135374348222802681e-13,8.484604277110803977e-06,2.092169009416893175e+02,9.345999523404641077e+06
1.002717669385543334e-06,6.484744824027747843e-14,4.194290422633742090e-05,2.079317286929219790e+02,-9.397919788336762394e+02
3.406435005941912854e-07,1.312344185572179962e-14,1.066179933612432777e-05,2.763139116864250013e+02,3.352541874147116687e+03
3.866182496303406741e-06,1.626008425605989119e-13,5.467995843803490639e-06,3.802091044156989597e+02,2.285890922290316224e+07
3.343892453483706547e-07,1.393663498768774467e-13,2.003163881120354885e-05,3.937508517474867062e+02,1.565317666056960297e+04
1.249492233335107993e-06,1.659934222151680444e-13,7.005783062696780824e-06,2.681143884094202576e+02,6.975370252861401532e+05
4.450392113198799762e-06,1.916713694505398744e-13,7.449662807965026632e-06,3.149444058554214507e+02,8.553309963798869401e+06
2.947520027413962006e-06,2.484243041543061390e-13,4.618898672511960641e-05,3.684922158664042513e+02,1.793602891914683278e+04
4.612249633201850085e-06,9.575355770316654923e-13,5.035916550189867978e-06,2.007410129790131634e+02,2.929550796625583172e+08
9.895031393214301005e-05,1.294993225137894520e-14,1.056231399044638361e-05,2.529939467572168610e+02,1.188731474707593952e+04
4.426875584768531702e-07,4.716728861540518338e-13,1.042607262546432919e-05,2.552386781439649894e+02,8.497163188626704505e+04
2.168267242850831917e-06,3.123455090982814376e-13,2.958210161358685396e-05,3.365108942599920283e+02,5.196832956099823787e+04
1.449173808437129241e-07,2.043770980085045337e-14,2.076913252199104511e-05,3.572999665016831727e+02,7.503712134628365220e+02
2.684967947371860598e-05,1.202148722201773199e-14,1.977462212365682772e-05,2.845780301697480468e+02,1.498754866906014213e+05
5.710593343432342664e-06,1.269835143649624025e-14,9.620402567178830606e-06,3.572552293095718596e+02,2.048025925452941738e+05
5.997831513744788969e-05,6.441669609881868080e-14,4.272954696983467663e-05,2.585144956800624527e+02,1.609387193457229005e+05
9.396376562044305586e-06,6.501199526216305915e-14,8.557446478836877707e-06,3.081204585645765519e+02,6.617947042241207324e+06
2.681084430840292365e-06,1.070249705567730848e-14,5.965230443544188677e-06,2.419401856850760169e+02,1.355751628800018807e+04
3.886071450808184980e-06,3.395451520316907681e-13,9.712511724592527858e-06,2.137747729609777707e+02,3.247026251970412675e+06
2.260053141062997576e-06,2.088456868812327260e-13,1.387823911062009265e-05,2.976501754757480853e+02,2.433892467540662619e+05
1.003183231574224845e-06,5.544858350272634034e-14,6.284227892774165106e-06,2.671172574976708347e+02,1.727412901370762847e+05
6.510696501488683900e-06,8.163443210922124947e-13,1.617334789573670988e-05,3.850928482299283360e+02,4.224898535851653665e+06
1.781795993382382228e-06,1.000155468409696423e-13,2.456222385737593408e-05,2.909998055858536077e+02,1.459623387982191889e+04
2.894520171722331987e-05,2.100141599025491677e-14,1.285340375593900697e-05,2.483745516693348065e+02,2.252921371276404825e+05
4.024495449414171408e-05,2.007674169287706475e-13,1.191864602368801891e-05,2.728714148406117488e+02,1.114091776113170199e+06
1.032098073582345456e-06,7.486723490283038543e-14,1.621196869413977579e-05,2.814344869668626643e+02,1.848737442824259779e+04
1.188776157579610253e-05,7.651462045711076062e-14,9.183113970076709707e-06,2.077270935778046237e+02,4.866255127150644548e+06
1.960312507050809110e-06,9.433993102959821106e-14,1.265815711649287245e-05,2.726593232526205384e+02,7.696056163168250350e+04
5.373156136475516235e-07,2.516606144995840341e-13,8.834968855192564790e-06,2.560349600683006202e+02,9.560882743682959699e+04
9.294170343053639784e-05,3.268498185876598343e-14,1.537207387534953064e-05,2.795811060274904207e+02,3.400772739700415696e+04
5.180205743466883024e-07,4.509603462658943325e-14,6.844022859564851595e-06,2.899635600249253571e+02,8.733873586941596295e+04
9.569406072427053071e-06,1.408111202461456132e-13,3.152220177933248089e-05,2.785595947211770635e+02,4.240459789774853562e+04
1.938030707869092332e-05,1.900574240553434108e-13,4.848846054630609551e-05,3.469463351830253828e+02,7.217795856355421711e+04
1.215381694564369205e-05,2.896338965643192763e-14,1.736801529457720656e-05,2.110861316698925521e+02,-7.181434205750444380e+04
1.841249152571641249e-07,5.243627711413404597e-14,8.802842423524223680e-06,2.050704678601208855e+02,-1.666193998473263855e+04
7.214153337661602749e-07,2.791835924424573520e-13,8.083421985151207238e-06,3.228541700543304387e+02,7.167282161356993020e+05
1.122265851756938773e-05,1.104183813641009651e-13,1.030035901378615580e-05,3.094284669723277830e+02,7.879533348989363760e+06
5.828571925628389915e-07,2.976407698299906372e-13,8.215173769620463237e-06,2.100659588468978995e+02,-2.326511299586679088e+05
8.033107761876680177e-05,2.410114215563017660e-14,4.723877025428214056e-05,3.297781847707963720e+02,3.356765915920127736e+04
2.119842157503309887e-06,5.931792336141889086e-14,1.118946288307452568e-05,3.539909613974473359e+02,2.023754596021841280e+05
4.533944449815242635e-06,1.315022399733842578e-13,7.568564950404265070e-06,2.495674085176806045e+02,3.717621846371579450e+06
3.245624810848136525e-06,8.907304893046983085e-14,1.246341415589014075e-05,2.206099108272850344e+02,-8.481090089126271778e+04
1.969819052057538784e-06,1.162514674150421174e-13,3.938592838258307287e-05,3.950992887647583984e+02,1.017979379947445523e+04
2.491037853986175411e-06,6.022119339098648119e-13,2.735252590868355709e-05,2.239940414376819433e+02,-3.546655481882859021e+04
5.643925125895916082e-05,9.655087925888019002e-13,1.147911298818875793e-05,3.114605995327870005e+02,2.724233719706917647e+06
1.175582456998160021e-07,1.022861903041071948e-13,2.040122377278712809e-05,3.846346627186911746e+02,3.681604577202609107e+03
8.115711875057589656e-05,6.791269851413101170e-14,2.450503156416392433e-05,3.468251544169223166e+02,9.267196361493156292e+04
2.207104299862808130e-07,6.957446216210497604e-14,7.074092850707628119e-06,3.024253734248574688e+02,6.199130268794791482e+04
1.956766716740518994e-06,2.558433096197537165e-13,6.272059499643679174e-06,2.325487444488490212e+02,6.814822980268532410e+06
1.196149968009908704e-05,2.694604024116505523e-13,1.217663722528646173e-05,2.102593068779018779e+02,1.063081478957847878e+07
2.516560090500895598e-05,8.771647968639547486e-13,1.496502238601099827e-05,2.144533511666215304e+02,1.244850512098020315e+07
9.417896783626201237e-06,7.653685372919327367e-13,1.674333678072988942e-05,2.901583530702384337e+02,4.950944486762871966e+06
2.955126662000599098e-06,1.100360265047822038e-14,1.313072014420230337e-05,3.405874835038781043e+02,2.977450347078609775e+04
4.688530492481957502e-05,3.813859259160829131e-13,3.158620107392795344e-05,2.696977141398548383e+02,1.559343488573676208e+06
2.014622067654265458e-06,6.593506462751662048e-13,1.451087638391143185e-05,3.090219080999949028e+02,7.403690372419962659e+05
5.523734719002138119e-07,1.358846583889947165e-14,7.249124384992815065e-06,2.855039521488284890e+02,2.175731814696720903e+04
2.200589091013809256e-05,8.940506716569611645e-13,1.806645357023633794e-05,3.060207475041485736e+02,1.659337930340092629e+07
4.936922614076402569e-06,3.041333695834319513e-14,6.064161618711749715e-06,3.172869439671715099e+02,1.914840321372146718e+06
2.528232039794123206e-07,4.434513248294139170e-14,3.036685784362539261e-05,3.423435040296423608e+02,8.275187178199983009e+02
9.760047740911538851e-07,1.185284089109611688e-14,3.155797473145451618e-05,2.312633568358023979e+02,-9.616482210667805930e+01
1.852936303192110623e-07,7.065077982748405436e-13,1.776125649671356284e-05,2.380907428432394966e+02,-1.272904023178245552e+03
4.205391750628808819e-06,1.195898233861426533e-14,2.881112418340758157e-05,2.193550302198540294e+02,-1.377064491843617361e+03
2.817178123914540148e-07,4.564906367331240132e-14,2.320646863496814681e-05,3.472807502896473011e+02,2.197792496576121266e+03
1.404975579677692137e-05,2.625406184652927169e-13,2.597957190543974677e-05,3.327988285919929581e+02,4.487968644450793508e+05
4.640044761508574353e-06,8.895600459037643741e-13,2.016927847424987452e-05,3.114683107213925268e+02,9.111792244792622514e+05
8.189067032665711405e-05,5.958609209845536764e-13,2.016798066493977545e-05,2.968355738855868822e+02,7.985951524709725054e+05
1.083736355652253514e-07,6.306231345407212582e-13,2.490259643392017287e-05,2.198035418253198259e+02,-2.811123409098537195e+03
1.407129909936737394e-05,2.355535953393072381e-14,2.008044558267703557e-05,2.189828820768540254e+02,-3.092859922193814418e+04
4.083569467314811603e-07,1.624089517041158929e-13,9.423485263229214819e-06,2.027619401137968111e+02,-9.926618325938936323e+04
1.268933697366988974e-07,1.842297896331349548e-14,4.547061886990019466e-05,2.888358449139674917e+02,2.906712574144308192e+01
7.665009900838284162e-06,4.326577331384862552e-14,5.281391761571276317e-06,3.034169664032251035e+02,6.618653546250515617e+06
4.336567176491859810e-06,2.710712212422551904e-14,1.889825090879658216e-05,2.016754960729075492e+02,-2.322747535859753043e+04
8.074176617051789618e-07,5.039256547516121725e-13,1.844861683083023557e-05,2.260654489921287507e+02,-2.706996616756223375e+04
3.326519848738980173e-06,7.846206535801759395e-14,5.007226675986510885e-06,2.481365250845403239e+02,8.716678629736639559e+06
1.463095284023260383e-07,2.930669647870112080e-13,3.494644131718115701e-05,2.049791458394697941e+02,-1.186741652303817773e+03
1.912217012983022783e-06,1.126013892959050612e-13,3.209552287678452359e-05,2.978749834143247881e+02,8.757623642485963501e+03
5.377417946123580466e-06,3.357149612091140377e-14,4.439508275705576312e-05,2.552401069870139736e+02,8.554606799303992375e+02
4.208536015347807984e-05,1.679121167537858887e-13,1.648860786130937499e-05,2.642315355551757534e+02,8.520607472479676362e+05
3.479698457978630234e-05,1.528667348405056698e-14,1.584104446623389690e-05,3.273168958839079323e+02,1.134698253213593707e+05
2.464032909429256273e-05,5.691697202816596303e-13,5.063224541296830891e-06,2.227295216494568137e+02,8.425572076403910294e+06
5.834192098324878710e-05,1.739624967068303234e-14,1.814285480167678548e-05,3.988900280231511601e+02,4.593511425112875440e+04
1.795768614044385897e-06,8.451765240235343428e-13,1.755232845145309194e-05,3.524002551317096845e+02,6.328622153712417930e+05
2.224071047269337971e-06,7.929368210767315409e-14,1.149116977618535943e-05,3.438037526978369556e+02,2.462825573995594459e+05
1.065586664076629426e-07,8.505305915280396476e-13,8.068107423121477465e-06,2.238079256015093392e+02,-7.552318496082388447e+04
2.355114448558937996e-06,3.938734412277577593e-14,2.247275086246046242e-05,3.051274015828267920e+02,1.210138165523863063e+04
3.367318202884334262e-06,2.131095672818552139e-14,1.154873979713300144e-05,3.085754349329509978e+02,7.349494801656148047e+04
4.629614528896176822e-06,2.226474865289406856e-14,1.677511235196326464e-05,3.722439445043702335e+02,5.486232771413210139e+04
7.263625319060749129e-05,2.186896272484012150e-13,1.176049667461056750e-05,3.735500157633728691e+02,3.725391635108951596e+05
1.765061592074169813e-07,5.631323590058384848e-14,7.117438734097467167e-06,2.579453310188643513e+02,1.329117787015634531e+04
8.546440153235735089e-07,1.016022593030560449e-13,5.470369944995727454e-06,3.923262978346621708e+02,1.492663312711633276e+06
1.896332266339064644e-06,6.347429422854658832e-14,5.291775252819154026e-06,3.010674436197525665e+02,1.646535535920574795e+06
3.027780340980521071e-05,2.889461870455668089e-13,4.571214836052807834e-05,2.980720400733653150e+02,1.406023855901670759e+05
9.109394533549263542e-06,3.192621193837003016e-14,2.177398261309032395e-05,3.310830483222543990e+02,5.641415739576216583e+04
2.594667503453500207e-05,2.776745107312217804e-13,2.498653860807585842e-05,2.679938025981537635e+02,3.707005312660983298e+06
2.028283087811241493e-07,9.587408420138367713e-14,2.290034296632279933e-05,2.116196186151298662e+02,-1.501345136320001529e+03
9.847472639695330734e-07,3.274557556247836564e-13,3.491405011096785000e-05,3.311236909092713745e+02,1.441907026278121702e+04
1.131868189230568091e-07,3.425593045093206401e-13,1.083009249082705265e-05,3.039143267557158197e+02,4.440577600613323739e+04
5.895658730879976080e-05,2.712712230420259740e-14,2.731619777008499430e-05,2.779598828086633944e+02,7.014386151820961095e+04
1.436294059722772220e-05,1.431937021702286317e-13,1.975747436163038373e-05,3.788117243640980405e+02,7.954743901894892333e+05
1.203802865543014753e-06,1.236680694582663318e-14,2.561080134693011426e-05,2.055328711190688580e+02,-1.028161852722145113e+03
3.270401152298730315e-06,8.778109121480729129e-13,2.799847650688195845e-05,3.634521443130683451e+02,3.095322358014519559e+05
1.069646988680140939e-07,1.447283685793221027e-13,3.546157720537027671e-05,2.263811230676796526e+02,-1.443873931263857457e+02
2.241463076271341866e-05,3.965451136394695084e-14,1.014475767584750955e-05,3.044940446652399260e+02,7.093818014521261211e+05
5.680419521747485576e-05,5.789272505291381743e-13,3.233007121545558105e-05,2.932751468976348974e+02,1.612552223294747062e+06
5.910786755836286572e-07,2.082636446275728667e-13,6.233741717155708957e-06,3.898982461243828652e+02,1.405965806267677341e+06
1.273974858092085421e-05,1.275391779645308019e-14,6.033646105729507112e-06,3.973129092211315196e+02,7.062728589466663543e+05
3.445739912418026682e-06,6.808663737306143404e-13,7.237936349383801021e-06,3.915827298474698637e+02,3.770178063048716635e+07
1.000727262933091250e-05,2.316697907824266579e-14,3.308846795271712252e-05,2.056857338449079577e+02,-7.583074741461972735e+03
5.217954786117492733e-06,1.582917200467818179e-13,1.016811354315613083e-05,2.017872734038777196e+02,2.445875058912540553e+05
3.764618029657133237e-06,7.925135750598387135e-14,7.328921207748639689e-06,2.455746512366464458e+02,8.686434229861750500e+05
5.921568342233099992e-06,2.255113375293860646e-14,3.341094187949497781e-05,2.778643467158088924e+02,3.405054094586158953e+03
2.093779569624473899e-07,2.148694976061899258e-14,2.186530614697929011e-05,3.252389036867096479e+02,7.798187066875810842e+02
1.841443121758248538e-07,1.350346184556357800e-14,9.073677417869928008e-06,2.120378355761737623e+02,-3.034999053212987747e+03
8.705299013981489076e-07,2.443828593724282750e-14,2.458719013959212405e-05,3.166705898094485860e+02,2.396733624369730023e+03
1.847782172419129356e-07,5.096078211936681732e-13,3.486094245616006476e-05,3.388454337960972680e+02,4.482662444412615514e+03
1.365331599576695646e-06,1.938560494955179336e-13,8.015734946481994463e-06,2.319893725768201591e+02,1.207284238757614512e+05
1.756867523753846243e-07,3.902819754140212724e-13,1.018039119957032414e-05,2.976661547843340259e+02,8.729604072215732594e+04
3.150741405076656081e-07,2.928276584414301849e-13,4.178380153238435191e-05,3.640769968385566244e+02,2.979983487922735549e+03
1.307544584664922435e-05,8.979589143623175017e-13,3.465878724188150537e-05,3.811311844996371860e+02,7.636299717012261972e+05
1.181541481191505841e-07,1.929715797498065444e-13,1.457661093592039265e-05,3.445325258487504243e+02,1.544245020308680432e+04
5.843590444816197461e-06,6.200668829918832543e-13,4.531975420241974618e-05,2.196584215910457374e+02,-2.491293041611474473e+04
1.116035831936322341e-06,6.184204654601573236e-14,1.116727088057738174e-05,2.769649322608541979e+02,4.600364661872295255e+04
1.800135705420493411e-05,8.004467958930949671e-13,1.753656508991088551e-05,2.572222888557250826e+02,2.220100305305892974e+07
2.532478006861006901e-05,4.026967588882510999e-13,2.038808845435064403e-05,3.635791474566210582e+02,5.643355218913463876e+06
2.225367777551420630e-07,9.201813604226695580e-14,5.927698861188808738e-06,3.515129748921804662e+02,2.162437532656628464e+05
1.582048788545657995e-06,1.409113425731655589e-13,2.960854202948715600e-05,3.197761533593280205e+02,1.482635491396209181e+04
1.157254354443147873e-06,5.658597840935867976e-14,1.300502126061183862e-05,2.943189781715271920e+02,3.810291801920784928e+04
8.179416521775782325e-06,6.451381430779264095e-13,1.438337601067199466e-05,3.184726906910212847e+02,6.625955378517426550e+06
9.377980779316857963e-07,1.500005803936972359e-14,5.171428962542267924e-06,2.043721044733621284e+02,-1.207020830776733346e+05
8.712194019169563081e-06,3.593338638776058382e-14,8.783077644113666349e-06,2.826145918204946952e+02,2.267128889602756593e+06
3.144708779592423649e-05,8.451162020215602146e-13,3.797679805589986469e-05,3.267041430681449015e+02,1.202924860736133065e+06
1.018384502677711448e-06,8.036522698428873535e-13,6.468316393513911868e-06,3.340128326934720917e+02,1.341931581409488060e+07
5.836191511290418308e-06,1.616036243128635900e-13,2.040504301027857838e-05,3.445299370505802585e+02,2.394259779761061654e+05
2.817885458673382351e-05,3.254112917380319590e-13,2.009022301523027151e-05,3.921959892878151095e+02,3.683295524255348369e+06
8.913507024341604345e-05,3.146753399819469462e-14,4.356184311082094362e-05,3.580319261966972135e+02,3.559722193824256101e+04
4.028729657109338287e-05,1.130948704766270906e-13,1.667709742691073633e-05,2.386263567983641849e+02,6.262637507884082152e+05
8.383401270871646850e-05,6.633413839065726731e-14,9.806565044920470797e-06,3.416141024963383757e+02,8.482955769332406635e+04
9.216427648868522570e-05,3.547421657139694738e-13,2.688114088971115488e-05,3.137045284177100370e+02,3.753515340634046588e+05
1.560555024465826876e-07,2.854450043555358373e-14,1.552078545759472787e-05,3.677298260160461041e+02,2.861175320575262049e+03
6.189022467020778383e-06,1.360508501791146140e-13,2.490560863669809790e-05,3.133098077294870336e+02,8.993699653303313244e+04
1.083365075247062961e-07,1.478413089646771962e-13,3.532415102232098748e-05,3.439964179675912987e+02,7.595010867075493479e+02
1.910896557511792232e-07,1.824186594619969718e-13,1.698763403903183331e-05,3.536062481353642966e+02,1.579498098832913456e+04
2.808375429739222905e-07,9.300376645288777558e-13,3.897785104103150002e-05,3.660890417961383605e+02,1.050287973013072406e+04
8.839059209686945780e-05,4.515944683118152595e-13,1.657398069816676736e-05,2.340703909020874676e+02,5.195019064567979076e+05
1.005198508743859140e-05,6.333631637722643134e-13,2.576122958602632018e-05,2.709428603520595971e+02,3.756752508481190307e+05
8.322965802828277110e-06,3.640539358998153183e-14,1.434894250687041168e-05,3.865103347339793345e+02,2.965039079006682150e+05
1.411497165747909121e-07,2.162435540479199103e-14,1.067573752435093621e-05,3.591382817132026730e+02,5.753734306598839794e+03
2.018794883048676672e-06,2.328093025046501301e-13,5.277587396917459186e-06,3.631827747801584678e+02,1.542709674378764257e+07
2.454732259463052033e-05,5.570305848586940999e-13,1.354269319382144930e-05,3.860836637174387533e+02,8.308476577712585218e+06
2.247072827177842033e-06,1.276387648084153955e-14,7.751113766599797964e-06,2.166842518661996166e+02,-4.638137671284363023e+04
1.253778034684839435e-07,4.517345553525021081e-13,1.359456577441231952e-05,3.831565773352020869e+02,5.823679368824492849e+04
1.241569703515490488e-06,5.953712322529890019e-14,4.557688835140604600e-05,2.832686118883726749e+02,8.247145358228716532e+02
1.228671772316878280e-07,1.138020500118524980e-14,2.714918744764154268e-05,2.268933758252626092e+02,-2.790579576794141303e+01
6.298183283476310904e-07,1.800046257130903516e-14,1.475881694618345834e-05,3.800605009334486795e+02,8.989854160925217002e+03
3.873724925256230052e-05,8.803650802858217908e-14,7.041656058522471427e-06,3.727414754564411510e+02,5.272976916698084679e+05
1.313657091573206113e-05,7.782877499995359704e-14,2.173100259125137709e-05,2.559506670609966932e+02,4.954217756444629049e+04
6.293961990744204609e-07,6.429088531331306728e-14,6.202550092093802473e-06,2.671697664738451863e+02,1.256991081877030520e+05
4.469427998259579239e-06,2.065071221029664508e-14,4.789306699249275409e-05,2.077256253168921489e+02,-9.048497559229167564e+02
1.600943271140720913e-06,1.561682486633701227e-14,6.883802293263766707e-06,3.738469557222612139e+02,1.930144903277864505e+05
1.278918135834022668e-05,1.601367289942517806e-13,1.816891850919652681e-05,2.916779985214522526e+02,5.365751231923914747e+05
2.146524398636526095e-06,9.639086950292602200e-14,3.352411505300043797e-05,2.824640010149030900e+02,5.714944121537631872e+03
4.151725223497040065e-05,1.223006015432860497e-14,6.044785497821701934e-06,3.776580351714012522e+02,6.377082072014523146e+04
6.049797115391094480e-05,3.122559256698927993e-13,2.256053518305524568e-05,2.600859778129077995e+02,7.667957304755351506e+05
3.713420013556738704e-05,2.858900573738214326e-14,1.548144425902926271e-05,3.759718933725008583e+02,1.863380398556774308e+05
2.428147867701902097e-07,2.640354986065086201e-14,1.864666543101916940e-05,2.672808141550166852e+02,6.978363131392836749e+02
7.020415938242985963e-07,2.157382569614656994e-13,1.495369657507641215e-05,3.636847736102335489e+02,1.066147683580692537e+05
5.174593840367037578e-05,2.412248639160351233e-14,2.675037546201599353e-05,2.428594393398850855e+02,8.096925698527252825e+04
6.536466918359072164e-05,2.732234527577281681e-13,5.466773037359110028e-06,3.923352161213446152e+02,5.747546036661165999e+05
7.142308493565402026e-05,3.278830175793835171e-13,1.060949833626754353e-05,3.357916711722446621e+02,5.776866517675503856e+05
1.085065897524655682e-07,4.625823590203297857e-14,2.059442348590807023e-05,3.259185781182490018e+02,1.047333909844318896e+03
1.079425834140527319e-06,3.986132539777833542e-14,5.522466844014195072e-06,2.514827044678160064e+02,1.070385917560842645e+05
2.066757175694464984e-06,3.177033917340052102e-14,6.770276380644260542e-06,2.267894943060610444e+02,-6.686697628648957470e+04
1.600751381438656675e-06,3.907453413564113460e-13,3.181967799486031532e-05,2.774371135379439579e+02,1.813429882970503968e+04
1.218654604767915248e-07,2.240675884830509199e-14,1.538048993310890913e-05,3.967960359360666303e+02,2.050370751964539522e+03
5.431595527873196299e-07,5.567624027482378268e-13,1.719579436574122282e-05,3.849456169889613193e+02,1.549600186891902122e+05
6.839493209920700489e-05,5.424527410410815848e-14,1.416123965207356004e-05,3.218117071426543703e+02,1.042232666195112979e+05
5.334688516635193936e-05,1.365673793988595665e-14,6.219927792043340521e-06,3.731840072022600339e+02,4.313000023804840021e+04
2.454903653441933308e-07,9.194269846040355549e-13,6.028055657090627777e-06,3.501642149526444427e+02,2.770940459475778043e+06
1.410052792184875337e-07,7.883367872355515998e-14,1.729719671226663760e-05,3.713589762065520290e+02,5.252936205460935525e+03
1.364750772176829419e-05,1.859784400523154976e-14,3.616836962756033352e-05,2.745343350458045961e+02,4.864901071241826685e+03
3.377501198335196203e-07,5.837231456453781064e-13,1.692966346739287550e-05,2.193644215512280766e+02,-2.627700932205928984e+04
7.817275173110822122e-07,3.635445891804171181e-13,3.795395163363731659e-05,3.187174101573710914e+02,8.877172940883832780e+03
9.929491635505882435e-05,1.162202172454953197e-13,2.438601484433310589e-05,2.229808537056323416e+02,1.059444651069808897e+05
4.459355983176467076e-05,2.715437468826176591e-13,2.608420266988759937e-05,2.114663217208744186e+02,1.227287014474878553e+06
2.920917817102926787e-07,1.880475563099561810e-14,9.735322501408635778e-06,3.494152293045976876e+02,1.289141097189213906e+04
1.303166565742149115e-06,1.389820774829071762e-13,5.620963677761803969e-06,2.488385994346673158e+02,1.579464984767061425e+06
1.666151900583427014e-06,1.506357131107939848e-14,1.041556609465687140e-05,3.857583057734978524e+02,5.847564441828768759e+04
1.504941307916608873e-07,4.510858210792048795e-14,5.794100934554260597e-06,2.295388645324040056e+02,-1.091339786597037164e+04
2.936137570236137386e-06,5.266043742953681076e-14,1.547243952835588058e-05,3.184822475016896419e+02,7.194135879484057659e+04
3.750385143180579713e-07,9.591305509925669174e-14,1.390754611215654505e-05,3.508168273969558868e+02,2.921117111196715632e+04
2.826578729336268599e-05,4.388019224142141532e-14,2.726935936902796358e-05,3.531112452187949771e+02,4.936247956712984596e+05
4.589461768763047336e-05,7.316507166979105085e-14,2.561627356115115555e-05,3.804200155249458817e+02,3.121985687987657730e+05
7.271397461592449953e-06,5.098819516613633026e-14,5.579957195421346151e-06,3.988354460465556599e+02,8.667313178174261004e+06
4.652000933986951027e-07,1.141839764584603040e-14,1.320295813942819837e-05,3.414891290574562390e+02,4.743987309985973297e+03
3.658430049014924339e-06,5.607947823505740134e-13,4.940552432142346936e-05,2.603316596860390177e+02,9.207759087772243220e+03
1.841417317872991214e-06,6.228006445185637286e-14,5.498701133609259951e-06,2.519457450787485016e+02,7.091794859193286393e+05
5.932544950633208454e-05,1.236308998455173482e-14,1.764115198738772867e-05,3.782855216496522530e+02,3.157152597399320075e+04
6.320962373438907304e-05,9.901410131114733138e-13,1.433759270295506496e-05,3.824723878584175054e+02,2.227313031797083560e+06
4.196092171436821689e-06,1.746957624468488483e-14,3.004613076411717556e-05,3.469569609942548141e+02,5.793446221809370400e+03
6.024852817069127585e-07,3.243866598912610042e-13,1.144695071051787592e-05,2.853729558032552518e+02,1.456105690767458000e+05
5.574025824084313438e-07,5.790204920047573264e-13,2.245580693234505788e-05,3.080810204435049968e+02,4.357259873625782348e+04
3.849565099745448269e-07,5.307225703516668595e-14,1.236482815920205881e-05,3.877266631723908290e+02,2.847669534388716420e+04
2.172814635289298191e-06,4.319500621437560980e-13,2.159567416562335691e-05,3.380653975569639442e+02,1.879564270018288225e+05
1.474633743184422133e-05,7.804588382576809055e-13,1.091544699359439714e-05,3.996484086346879963e+02,3.225761741018264368e+07
1.264931530892646654e-07,2.059566860622541801e-14,1.136132307179053702e-05,3.820106415270353750e+02,4.565888025804222707e+03
1.381206432815979409e-05,2.863097967827467462e-13,2.220508276025940506e-05,3.967855649260860105e+02,1.125770288104242180e+06
8.889593762360707297e-07,1.267229405460879797e-13,2.777083293629435600e-05,2.743403595759717177e+02,4.553468443825930080e+03
1.213961487140612016e-06,2.135462871943868655e-13,1.326501592141399211e-05,3.146413697048689642e+02,1.836662811248038779e+05
9.970059561629404904e-05,1.028330370891802248e-13,1.123973276744837022e-05,2.848975466260525309e+02,9.297962177738972241e+04
3.605946618412643304e-07,2.731594181208792939e-14,1.610836389726359540e-05,2.373003084563134735e+02,-1.853595435603460828e+02
1.806566188057401421e-05,1.089799350764070751e-14,1.161966185686065537e-05,3.764280567005283160e+02,3.001161785665409407e+05
1.490624256398573970e-06,3.091616239760393058e-13,7.580313477499068160e-06,2.883063630159674631e+02,2.224308658129489981e+06
4.021623550439728351e-05,4.358406738091304527e-13,1.434069890734846526e-05,3.543479811616734878e+02,2.422007840926624369e+06
2.537702226214125879e-05,4.380250305332586136e-13,7.392064737952784386e-06,3.852824916772848383e+02,6.113194666961045004e+06
3.958081586990905801e-07,6.363538208737266407e-13,1.055838617703796204e-05,3.278210206272852361e+02,4.030775685309559922e+05
1.072914886166365191e-07,7.230848145164816879e-13,4.781361638018874228e-05,3.121914631210484004e+02,1.134677866648467671e+03
9.240412759790795261e-05,5.081098198498892360e-14,5.914176357596503210e-06,3.029150685890709838e+02,5.348419509470831690e+04
9.389236257115067595e-05,4.531681718741046936e-13,3.579787565783057766e-05,2.582241336226331896e+02,4.620079872462204075e+05
5.407137327754234196e-07,7.525266936286083524e-13,1.489892707682157130e-05,3.909215844728166758e+02,3.292636772055531619e+05
5.604294397560975277e-07,1.982789682965408211e-14,1.347457419128183390e-05,2.460966398414868763e+02,7.784907801122362798e+02
2.059003615805168880e-05,8.817730669182130949e-14,3.722410934838753065e-05,2.660943500894522913e+02,2.612703666338347102e+04
2.589226095689739295e-05,8.114285239778341395e-14,2.994598205711162509e-05,3.968344188964437649e+02,2.621063969606318860e+05
2.072131505316309492e-06,5.473819265922236605e-13,3.584664730800438684e-05,3.955363795102777544e+02,6.701737411784936558e+04
1.582771769619593642e-05,5.190628876445869452e-14,2.559793287772178970e-05,3.680370613673883895e+02,1.313978167447054293e+05
7.331122867392250665e-05,2.256329619766402541e-14,1.646524202003193048e-05,2.397200584112850379e+02,3.773220336707404203e+04
2.590127649210569822e-05,2.047758379359015277e-14,2.140337767635208094e-05,2.409528615947018011e+02,2.743386481151889893e+05
2.201774125050866747e-06,7.416307976943472333e-13,1.094527593598559790e-05,2.160985284270297484e+02,2.021363889792768285e+06
3.950673353835488583e-05,1.451230610402438106e-13,1.640510952018043716e-05,2.419769970227175406e+02,8.356892242022007704e+05
9.304894988207437393e-07,1.061209840956264694e-14,3.966003794359257309e-05,2.177996195234813115e+02,-1.115669630011188644e+02
1.532179231409531393e-07,1.136448450694416340e-13,2.380717351036190874e-05,2.238693474027311368e+02,-6.428396989831696828e+02
1.048502034329554359e-07,3.702317500042255471e-13,2.338902516645033358e-05,2.142567277515113631e+02,-2.520194723725553558e+03
2.428201389084580896e-05,2.209626745963851151e-13,2.936196034289319939e-05,2.958266638524139580e+02,3.484328303916613804e+05
5.700625295338844161e-07,8.443295446035193399e-14,1.585574463548424778e-05,2.454921834472872320e+02,1.871181461444008164e+03
1.653790073076863199e-06,1.787056199500123546e-13,4.366845098639117874e-05,3.559810978325261317e+02,7.997806304895040739e+03
1.236044497938075577e-05,1.464394343941909352e-13,2.839938839588775478e-05,2.100296348395424104e+02,-8.090078583773870196e+04
1.171343824305464149e-07,1.582841941412943702e-14,1.956327167388312630e-05,2.805182563268639342e+02,2.472857360375405165e+02
3.499902793450698621e-06,7.604454057669562387e-13,4.794573510822910608e-05,2.917311499684333853e+02,2.966489998461076902e+04
2.310241751011323102e-07,1.820544683796186249e-14,3.571445301114894896e-05,2.966923430215190365e+02,1.219712712043109377e+02
2.372735826344591799e-07,3.687633786984116245e-14,3.500514456470038777e-05,3.078914334370673487e+02,3.109798008175660584e+02
5.145609915548766375e-06,1.869849269459902768e-14,8.554983649054437664e-06,2.780159177426023689e+02,1.670320750836096995e+05
1.555669369842032937e-05,1.092652075089064345e-13,5.863077860139119631e-06,3.481456604606606220e+02,4.057867962565517519e+06
1.215354442608269560e-06,2.656382017808711266e-13,1.252531702644191561e-05,3.119243674046301180e+02,2.661450261320230784e+05
4.395372812783827918e-07,2.926282412452176583e-14,1.636790832181729492e-05,2.585755282651840616e+02,1.457128063160217607e+03
2.541570277370577351e-06,1.506758075389540230e-14,3.942533986528859788e-05,3.210981809607093851e+02,1.092549268015765847e+03
1.694600503014833101e-06,2.160029828713621186e-13,2.588823395114833725e-05,3.812371985731109021e+02,5.410922127248224569e+04
3.036397558031674890e-06,3.909675257992101259e-14,5.177789589378017287e-06,3.328299501565018090e+02,2.324543588799119927e+06
6.329629943137303255e-05,2.511031284175710273e-14,1.125719553683907792e-05,3.849319743529732136e+02,5.633082368799739197e+04
8.164615614011378863e-06,3.315348648359678260e-14,1.979891656566649648e-05,2.685863445098243005e+02,2.703364513757196255e+04
1.935594049069339024e-07,1.102228812718329749e-13,1.305249674927395918e-05,2.901565308127048297e+02,1.146750386823392728e+04
2.338633863428002739e-07,2.017484355220424077e-13,2.300327594675749250e-05,3.128855675428891914e+02,6.242854748549167198e+03
1.241798955416323400e-07,2.917844691891384308e-14,6.689104504584052374e-06,3.949904100546238510e+02,3.284654458732268540e+04
6.558849882226202789e-06,1.236754771764120017e-13,8.309648301501191734e-06,2.256017274628976281e+02,4.410275487737724558e+06
2.076491962379042124e-05,6.580138514879059360e-14,9.736561720999124629e-06,3.419828913253523410e+02,1.371592637898140354e+06
2.947761893524504941e-06,1.008345595755943860e-14,1.127260663389310402e-05,2.099830595712158470e+02,-2.090405695607317466e+04
1.693210342653203833e-06,5.427105708170848113e-13,3.651883936639682048e-05,2.820821334052239422e+02,1.948035179674223036e+04
4.684584448640661506e-05,9.396070251713980895e-14,4.887438275254497687e-05,2.907564096376375460e+02,6.052528778818134015e+04
1.225606981701885575e-07,1.733753563817936505e-13,5.236347771036479931e-06,3.058081310290552324e+02,2.229246945520802983e+05
7.992249197297802000e-05,1.054637866281811211e-13,1.295479225784532470e-05,2.700651108953530866e+02,1.483938646533093415e+05
8.415631367016847817e-06,3.035333535193540526e-13,1.377030989367405812e-05,3.932513216263079698e+02,3.376319780714224558e+06
3.000500843626065361e-05,2.610011291070597249e-13,1.851445189127260359e-05,3.439271731542830253e+02,2.605586515821703710e+06
2.035496052980839660e-05,1.107498993044247183e-14,2.105184274249443348e-05,3.666051457567496072e+02,9.125703340936973109e+04
4.517766643109936986e-05,3.643504950327475983e-13,4.985478547907705915e-05,2.885330169190739866e+02,1.970470906036726665e+05
2.052740660314429650e-07,1.946677475990834513e-14,7.704370930125073401e-06,3.412425722422897820e+02,1.792776247045991477e+04
9.122797088431763136e-07,1.053494472050749495e-13,9.373592559097418246e-06,2.230370368046944520e+02,-5.811220561503330828e+04
6.219076141544828583e-06,3.508132726622926923e-13,6.630499502102399058e-06,3.478719368440120547e+02,5.915897950117319822e+07
7.569258917098807498e-07,2.738300130323306722e-13,1.374310707881996455e-05,3.299984394162597710e+02,1.510348226021205192e+05
5.986604376993087034e-06,2.006967480588464529e-14,8.139643545757190547e-06,2.965957638879175988e+02,3.669124391733712982e+05
5.048637231209625716e-05,4.129806805155694372e-14,3.199519948361097992e-05,2.477303745974171818e+02,1.456236869795026432e+05
1.046130628282543512e-05,8.823499219090951761e-14,1.137467878843068094e-05,2.974085689465928226e+02,1.763501518258272670e+06
1.531147178101438789e-07,2.875888065147438472e-13,5.616692188610967386e-06,3.609305791624554445e+02,5.835082494504783535e+05
2.340712728670361723e-07,1.787467135018838981e-14,2.357601671327835371e-05,2.452313387799475777e+02,4.709039786287223706e+01
8.327928311866218138e-05,6.561864429053959828e-14,1.556351566706692865e-05,2.419293990993718921e+02,8.503621389922089293e+04
1.626835831113760699e-07,8.335726396793691695e-14,1.345433297685274392e-05,2.581843047273213756e+02,2.711640250928801834e+03
3.368299092342513627e-05,2.078199109960074062e-14,2.768652797618243290e-05,3.515006702602768769e+02,1.646328423679218395e+05
9.118462084263354191e-05,2.025124417244655670e-13,4.931292693112554265e-05,3.441736353229015890e+02,2.189067408955220890e+05
3.065927086812368597e-07,4.115361914605683154e-14,3.961504105781226684e-05,3.178025773158796028e+02,3.435114137989613710e+02
1.294742996873824955e-05,6.095496369560943711e-13,9.095133070371663937e-06,2.571843249350339420e+02,3.268079057972489670e+07
2.655060472293816897e-05,4.380500251031381241e-13,4.801194448962608114e-05,2.737645366313270756e+02,9.957351994805537106e+04
7.150090094293253874e-05,4.459924300972360480e-14,6.169877861920616446e-06,2.431623136728615577e+02,7.840704337193259562e+04
3.382875012537974840e-05,1.215004509032338917e-14,6.135000032637441243e-06,2.932111143788307004e+02,9.542377725525188725e+04
1.763111532572150442e-05,1.599302422864630495e-14,5.656685937247666190e-06,3.265413729453579208e+02,4.624040627012310433e+05
2.046814662211932374e-05,5.281866608108481016e-13,4.277998992763197122e-05,2.230644493634168839e+02,-7.062076730787247652e+04
2.159438814952238086e-05,2.196700560220365096e-13,5.559154687351084696e-06,2.744243450421845978e+02,4.233890993520950899e+06
1.876455087043565738e-07,2.672802288552926188e-13,7.836368830584840525e-06,2.430112163439511050e+02,1.080222379504915443e+04
1.031217611639932553e-06,1.918398970221121618e-14,4.894179940281676055e-05,3.047384776264606785e+02,2.478847197854548483e+02
3.676895866151089014e-05,8.447782024108308523e-13,4.673411190014807311e-05,2.940865691538725173e+02,5.016322470460619661e+05
1.635695581432638579e-05,4.830473610620796534e-14,2.171130918657124584e-05,2.338287823384526973e+02,-1.510934106498463370e+04
7.157968428130226217e-05,1.305975906595764338e-13,1.564886774217209283e-05,2.022592332711252823e+02,2.290900495832400338e+05
3.340052501692765684e-05,2.565555290724856243e-13,6.834368044849785663e-06,3.904921249382931023e+02,2.066928292752629146e+06
9.038825216294940854e-06,2.156722153321943660e-13,2.250877378527590706e-05,3.169498121264393262e+02,3.050878881946431939e+05
3.981497264607282964e-06,1.644508150227025719e-14,7.367188276808671449e-06,3.898861364643905176e+02,4.760465277675492689e+05
2.106280926180015527e-07,6.618010090841924674e-14,1.464246756915284919e-05,3.588899209473813130e+02,1.016999719363398253e+04
2.001978898326923758e-06,1.328746540387552353e-13,5.910918446679948730e-06,2.718260809344341737e+02,3.064939748748871963e+06
7.688499192322018831e-05,1.416557443986734312e-14,6.989216766678088812e-06,2.891715665917475349e+02,2.153781602041231963e+04
1.378026756684212989e-07,1.596415397563832076e-13,7.593975825250444269e-06,3.434595212125099124e+02,1.047008081809874275e+05
7.814273318644639535e-05,3.099356755343295118e-14,5.124970732684415519e-06,3.987560800465770967e+02,4.561891929028245795e+04
1.911358265732195969e-07,8.239654955968724884e-14,1.539526969159779357e-05,2.686246842155028958e+02,3.179983274837944009e+03
1.980019356624129293e-05,1.588506299658517890e-13,1.210781880688457701e-05,2.874963464128671262e+02,3.641670834326089825e+06
2.450295632317867220e-07,4.591139253527228525e-13,1.943840971537879385e-05,3.262227881115635455e+02,2.799179204396001296e+04
8.890324290617063344e-07,3.348479934995073271e-14,4.036525312723206280e-05,2.343294041028371453e+02,-7.573796871323065716e+01
8.295347121089232329e-07,1.009723755092659879e-14,8.887455433030841786e-06,3.431192212415714948e+02,2.485752721772082441e+04
1.162237354500372902e-06,2.837317168970828902e-13,2.159746407299125768e-05,2.675665257638613639e+02,2.337981178697148061e+04
3.768724716310128552e-05,4.088547701487624749e-14,1.094384454977290472e-05,2.613363900702535148e+02,2.587205081921713427e+05
3.488544760928855150e-07,1.252665681461480239e-13,2.293965775926106796e-05,3.086546041076841220e+02,5.567445512998579943e+03
4.111907853603443015e-05,1.201131647848349540e-13,1.031923697988297829e-05,3.507286632137548850e+02,6.384905604729999322e+05
1.333713661762108513e-06,1.709218236419684655e-13,1.269712119768340701e-05,3.820210502639132528e+02,2.877730891947093187e+05
1.639153071253329747e-07,1.143179379728168294e-13,3.050438653087128325e-05,3.710664492379564194e+02,1.612122047464601110e+03
4.309716238185524014e-05,9.744956608545877725e-13,1.574100872119423177e-05,2.383548676591990727e+02,4.715558920923711732e+06
2.001750143926404814e-05,5.810768942105657318e-13,6.429112339032943616e-06,3.926972753108487950e+02,1.303360299296566658e+07
2.195029572057032282e-06,8.229305349518973008e-13,9.405338409883483598e-06,2.093573225773062916e+02,7.454984383764248341e+06
9.157423435998841764e-06,2.312994800585050945e-14,4.491740559783964035e-05,3.288116834712508876e+02,4.418926527426856410e+03
1.075845870559267066e-05,5.253246093460658945e-14,5.039679477718939744e-06,3.672516786031497418e+02,4.079230536963358521e+06
1.583608511276815055e-06,5.554052426135634298e-13,6.033725911087317247e-06,2.342459378206688996e+02,2.026681480071453750e+07
4.414581308409167320e-06,4.385816410771410660e-13,5.418531532254511709e-06,3.379152649007934883e+02,9.343187416823291779e+07
1.626798634199462869e-06,1.187370990625782711e-14,1.999937827840690243e-05,3.878971457856531515e+02,6.377975216989123510e+03
2.735076281879668399e-06,1.459921384579582147e-13,1.225085830933746402e-05,3.406388177789121414e+02,4.566192706504641101e+05
1.288232321538844034e-05,8.846547437102331142e-13,1.353008864174313508e-05,2.439291008059426531e+02,3.355768239035399258e+07
1.758560333944118576e-06,1.357132442839845802e-13,2.665336274982097221e-05,2.891503662970003461e+02,1.483400721678751324e+04
1.630053857523520231e-06,2.373580730953063479e-14,7.568067331797258523e-06,3.324006428582748640e+02,1.744109423246821971e+05
2.067520859995883390e-05,3.150917798110392435e-13,1.621797127135163308e-05,2.848517820638701892e+02,6.625030647476704791e+06
7.529245153539528487e-07,4.189532993381167170e-14,1.128717894680262955e-05,3.231707041567823353e+02,3.909028580963159038e+04
1.090252355040846713e-06,1.487767934757100241e-13,3.591097353946847570e-05,2.537320394323864434e+02,1.310957197972062659e+03
1.918823822614883630e-06,2.246452173784976116e-13,7.892721855469770424e-06,3.694306166630302073e+02,2.465880132079130970e+06
4.825558394419814163e-07,2.673095775692049648e-13,3.740779724585799061e-05,3.456017463868367940e+02,5.205956396662827501e+03
4.101718738251631342e-05,1.603603985805843678e-14,4.687916267033324767e-05,2.978209717340707243e+02,1.053835035990463803e+04
1.586919282068922291e-06,6.025751399976319630e-14,2.708246674283453599e-05,2.981224742768991973e+02,6.495489193117341529e+03
9.659532156191979785e-07,2.403312254253013474e-14,1.152958876293681188e-05,3.328555170583611016e+02,2.927730407432033098e+04
1.536452695962197088e-07,1.739824581350240261e-14,3.864257990133979130e-05,3.575437736127857420e+02,1.052945883889266696e+02
4.686923121140594111e-07,5.413027337177797108e-14,6.460891529350751606e-06,3.483019395208985429e+02,2.030176550455986871e+05
6.476267483220198957e-06,4.430516246139011750e-13,2.211190934954116165e-05,2.837972526192310738e+02,3.111302041150471778e+05
1.395201566954763113e-07,1.705271616224267538e-14,5.729472075652496136e-06,3.659989034621822270e+02,3.011467234631541942e+04
8.203023245492652236e-05,9.148276090667528752e-14,4.987733945679204541e-05,2.091995220668188438e+02,1.221917815329089935e+05
9.708372991039009644e-05,2.238787029297131699e-14,5.014249405213351251e-06,3.580992088871464034e+02,2.134865375824459989e+04
2.652274545818055727e-07,3.955317192567152119e-14,2.626029584493709597e-05,3.261131335625110523e+02,1.057602979326182549e+03
1.415646288388415940e-07,5.228885166852826061e-14,2.499097759439635375e-05,3.130632906829292210e+02,7.652312543737029955e+02
1.817102467942446009e-06,5.822219739267430216e-14,5.009108563108399750e-06,2.374225885759516075e+02,9.045150607368990313e+05
6.271349528778857468e-07,3.915859470252280034e-14,1.678436815822590759e-05,3.060321076917524010e+02,7.750985523590980847e+03
3.132641499338374161e-07,1.635887573115026458e-14,2.020455630627036547e-05,2.774894859437874857e+02,5.803873463184427237e+02
2.035510541667247290e-07,7.065798600798685233e-14,5.188035340703405809e-06,2.132025377468644081e+02,-8.684940242804854643e+04
2.907242238375373659e-06,2.151752369235271836e-13,5.074205671072315841e-06,2.221831926085224893e+02,2.841707977348884195e+07
4.270233331137519628e-05,8.158419828515075120e-13,7.442808948613167973e-06,2.696284813157757867e+02,4.021179467109680641e+06
9.076585556406715919e-05,7.710472907017824772e-14,1.648123497276705025e-05,3.921652924017979558e+02,8.411755144460700103e+04
1.038529414261614028e-06,1.563084098282200672e-14,1.391171596270115632e-05,2.146858368877089163e+02,-4.922721092109459278e+03
1.549984136667130595e-06,3.005570007197579204e-13,4.564668189013079599e-05,2.018238304831466507e+02,-6.407384048963600435e+03
9.110402064812781392e-06,5.649548773093621590e-14,2.226712984788242471e-05,2.017298421853848822e+02,-6.387510361385147553e+04
1.419988352672309164e-06,2.175977654325068061e-14,1.568763152903029400e-05,3.021815381702851369e+02,1.141434479172359897e+04
5.203913716570582364e-05,9.427458548172048653e-14,4.586622462703530625e-05,3.010584450490101176e+02,3.128852394946650602e+05
2.395942446808891466e-05,1.293966133444928377e-13,5.438136763977530364e-06,2.374216668363669100e+02,2.025912877297357889e+06
5.923828434020866184e-06,3.937633730510968535e-13,6.985756768180323973e-06,3.025518638248552179e+02,4.998797472735744715e+07
9.482386733890620513e-06,1.034144395760337307e-13,1.529936752977724575e-05,3.632239723951170163e+02,7.302446928360171150e+05
1.375329654145151361e-05,6.623228114969874231e-13,7.756219613050031964e-06,3.005235996829861733e+02,3.147072276962742209e+07
9.606405804340298376e-06,5.942896688616730387e-14,1.831790230561931808e-05,3.260138203474126044e+02,1.840980285064215132e+05
1.129395349039641253e-06,2.946888087878628934e-14,2.496948562050464900e-05,3.901308799436942536e+02,5.691340730681626155e+03
4.189095690095336608e-06,6.409861639848789496e-13,8.615514045419726797e-06,2.900974811974240311e+02,2.311425335217072815e+07
7.702093311618558412e-07,3.775319936263405855e-13,7.409433998099758067e-06,2.674056581548235272e+02,9.166351337776000146e+05
7.098699323702996778e-07,4.708338917077678839e-14,2.771773546193579730e-05,2.921720840021931167e+02,1.938055767811582882e+03
1.052420741802708090e-05,2.353479360291173431e-13,1.066155943505306327e-05,3.642595747206213446e+02,1.376682208739674836e+07
1.914464798895543840e-06,8.822597758475519196e-14,9.306381713505498679e-06,3.755924787280292776e+02,5.339395775396781974e+05
3.328773219420712868e-05,4.400428794388818977e-13,5.050027073473032525e-06,2.836662756070426781e+02,3.569251893072400242e+06
4.572898270090828882e-07,1.581251506318087520e-13,6.623806120703885411e-06,2.318555794672519141e+02,-3.155263635273737600e+04
6.060490992074305515e-07,4.216217865139792874e-14,3.072311374193976654e-05,2.427300588735476481e+02,6.852496089218584530e+01
3.936432862585206703e-05,6.013889889802345780e-14,1.370779539288525921e-05,3.523519599790794246e+02,3.488192090458173770e+05
1.186361599267120648e-06,2.986802530690476261e-14,3.403876998228268100e-05,2.538068105943673629e+02,3.380329027739890080e+02
8.257552564363011870e-05,5.388483324824386464e-13,1.799786212341223485e-05,2.895396525525396783e+02,7.102552747535912786e+05
2.493678408940895072e-07,1.610600199853096366e-13,2.977911522789281033e-05,2.733865736613231547e+02,1.284119023696323211e+03
3.727783775500667185e-05,1.237605090881863607e-14,3.478640926381732304e-05,2.832494020000362980e+02,8.004445977219895576e+04
4.543664255537768347e-06,3.153871548252514521e-14,1.951684772392674178e-05,3.453096860733761559e+02,4.130840648387679539e+04
4.074169039158040169e-06,2.522753538172523840e-13,5.420876618721048384e-06,2.984307515487740261e+02,4.443815788218522072e+07
3.983473209454673490e-06,2.711617836441299869e-13,2.115685862956090987e-05,2.218452444020797429e+02,-6.189704551917820936e+04
3.525960722341268543e-07,1.334306566555893565e-14,1.292929171765982718e-05,3.417869947128004924e+02,4.482810671641013869e+03
2.121495377752031846e-05,1.267317797320390349e-13,2.983980658191895472e-05,2.739927911983729700e+02,1.017815340689527802e+05
1.624545190354725004e-06,2.512670267669873046e-14,1.599475141311446929e-05,2.161401002020417366e+02,-7.634542927857695759e+03
7.564298898873261075e-06,1.521863657842904637e-14,2.485863611086865200e-05,3.571715701307125528e+02,1.746909877357123696e+04
8.415437198725196974e-06,3.059219294057980244e-13,6.642449084246969282e-06,3.812638153668893324e+02,3.882467788737159222e+07
4.009284599155690017e-05,5.469425451866600957e-13,2.211071262176701274e-05,2.934203749077421435e+02,3.058148385366574395e+06
6.029079438721257958e-05,3.634861552840545907e-13,1.645087607012084632e-05,3.385615278948505420e+02,8.987449846408735029e+05
4.089377326338475520e-06,7.863618605513714767e-14,8.456397485009687650e-06,3.546647732286514270e+02,1.366337502729161642e+06
4.151415795462830012e-07,7.656607980570928411e-13,6.612896466774163047e-06,3.688330252381282435e+02,3.205651628557749093e+06
3.768033242626289233e-06,3.919064229682724180e-14,2.859673312389689198e-05,3.146322670209517014e+02,1.040981017325796893e+04
9.938280721084402983e-05,1.776698160368972682e-14,9.888544673518487516e-06,3.539333855903926747e+02,1.616745836787370718e+04
7.522147958863473068e-07,1.438929156927055688e-13,9.291412919738274397e-06,2.483305283772633629e+02,3.517784129696880700e+04
5.121394278826503830e-07,3.581557325964561367e-13,3.444608270409780387e-05,2.248121764433735166e+02,-2.096105577617960080e+03
1.663023054899908287e-05,2.697213380218231904e-14,1.295539633815850584e-05,3.828463523280966001e+02,8.765352455345714698e+05
4.693957362823451796e-05,1.720569764879745533e-13,1.243852995417903272e-05,2.600789265321268999e+02,7.018505174199871253e+05
3.854330913617673684e-07,6.837972063502269891e-14,1.490843347679706833e-05,2.639093090098955940e+02,4.983606490846494125e+03
1.375624495616616555e-05,1.705286076309482423e-14,1.986049133395735862e-05,3.774203853237569888e+02,8.624816812051246234e+04
7.253386178044711149e-05,4.396219246388653082e-14,9.606224548829877283e-06,2.417616310082607924e+02,7.510145669466722757e+04
4.903307646871256523e-06,5.010141894033490486e-13,5.609555675368312670e-06,2.386409440531363657e+02,1.112480118476899564e+08
4.512910822009215655e-05,2.209555814388486543e-14,3.385359945667146535e-05,3.054690352557083202e+02,9.750841375933850941e+04
1.128389211526091490e-05,2.677475238762951612e-13,3.658218918310151988e-05,2.849461160895070861e+02,6.948323503847533721e+04
1.007021866888751531e-05,2.744582356179898792e-14,5.818940101219158745e-06,3.194921300295141009e+02,2.432478908212787472e+06
2.544868037921710942e-07,1.742579478904992881e-13,9.582291394483635112e-06,3.282518381761492492e+02,9.379174368930491619e+04
4.775064563017451122e-07,1.849652958753675573e-13,9.508001712703678261e-06,3.155100705982744103e+02,1.709711719182233792e+05
5.244412796969650038e-07,2.796127011742589327e-14,8.399990384170939609e-06,3.533479850398524036e+02,5.494248048219272459e+04
1.304407571383323697e-06,1.158645363577394482e-14,2.770746932547990500e-05,3.643070847355741648e+02,1.677248827407669069e+03
2.416828451504827364e-07,4.317192667161428947e-13,2.087100622544146486e-05,2.640943614517949527e+02,7.241278626884683035e+03
3.840987649528415185e-07,4.918598110150158993e-13,4.047230604487537712e-05,3.346484644598535851e+02,5.572566755084145370e+03
2.837288411450333709e-05,6.242340877443416946e-13,2.903969997210017380e-05,2.767463080339721273e+02,2.246313948039548472e+06
6.144660056089447272e-07,5.699576672723107950e-14,1.421630562151373873e-05,3.165222807447573246e+02,2.038653540958659869e+04
1.500766080879171051e-07,4.302883482626122717e-13,3.637766326525097746e-05,3.179590143639503594e+02,2.273909721550096947e+03
3.231367984170484229e-07,2.021899558306055844e-14,1.015417270196714062e-05,2.787899350684592719e+02,6.004997496993430104e+03
5.510990808314454791e-07,1.232207942045155596e-14,8.013360797851970511e-06,2.111806935762737680e+02,-1.246287473966831749e+04
2.901069163254421068e-07,7.999328469778989992e-13,8.633995314486994383e-06,2.316195217818227547e+02,-3.975491110552160535e+03
9.872211265224419049e-07,2.213102592904030527e-13,3.070859879854849055e-05,2.019315221026700158e+02,-9.835228071561521574e+03
7.737832127972413753e-07,2.865505157999372597e-13,5.076211580395974210e-06,3.721643480365228243e+02,5.878799400183947757e+06
2.224966471064000864e-05,6.402535678262539152e-14,1.196076193997503064e-05,2.881938538198448327e+02,1.162400221347470768e+06
1.719353563335498959e-06,1.179618644264960473e-13,2.391724899650333214e-05,3.846874319762580967e+02,3.860925277158216340e+04
1.877019388024431915e-05,2.851416282891375722e-14,3.024356632857899810e-05,3.240437309809547060e+02,3.870879324865290255e+04
1.401067875351321628e-05,6.850518766422222750e-13,1.432512293183257127e-05,2.955410748551161646e+02,2.321610215553157777e+07
1.023258916353458647e-06,5.729868969311351815e-13,7.149341194918386609e-06,3.798320652606097383e+02,5.503518465512968600e+06
5.601990138227170334e-07,6.507756414797627870e-14,4.912335470072691019e-05,3.662324951447155854e+02,7.329056751282336108e+02
7.872264272564670777e-05,8.092319870444052485e-13,1.329431916042666402e-05,3.148028617138387517e+02,1.173611427172556287e+06
9.439065746326877655e-06,5.483213702457575343e-13,2.310367410999928582e-05,2.148321477275788993e+02,-1.654068845564344665e+05
2.042769007894161296e-07,1.125793520176531939e-14,3.757285240520079838e-05,2.784078257582834226e+02,4.135279872773001841e+01
2.014239288446259484e-05,3.450503953601817873e-13,6.026743888659126525e-06,2.976399157279722090e+02,7.643830042594580911e+06
1.228631332002054874e-07,6.740007508408193330e-14,2.806569091656535737e-05,3.561982674959674000e+02,8.448359375892011940e+02
7.121310473884503238e-06,1.596620510401307692e-13,3.849100783301693764e-05,3.395456193572985057e+02,4.083239614822335716e+04
4.095115156670624934e-05,4.055379684958286583e-13,7.477166221034594872e-06,3.334755619573679155e+02,2.173451242034319788e+06
1.429566823468119083e-07,1.795441985808395713e-13,2.033793129559802754e-05,3.909280697954335437e+02,8.144097777086286442e+03
4.751225823814115239e-06,1.153090541941764581e-14,3.549225984867703838e-05,2.922323315067563385e+02,1.522353797198772099e+03
1.534168820232322860e-07,9.489543706409386245e-14,2.067739514850119214e-05,3.520092289138594879e+02,3.622809422564434499e+03
2.959174074679985167e-05,1.358602469707639606e-14,8.537488565407446480e-06,2.165479909679995671e+02,1.394446932018175430e+05
2.098103872129492302e-05,4.628669425087530671e-13,4.928654353978414700e-05,3.295492184122156232e+02,1.610864955407664820e+05
2.803792205050515503e-07,2.704003522212251936e-14,5.410133661245597320e-06,3.835462565894126215e+02,1.240324742862356652e+05
9.642119135255633310e-07,1.684987347502614763e-13,9.992241966487057283e-06,2.148945519325622513e+02,-1.215604785296946939e+05
6.576846926382738660e-07,8.133111997981678103e-13,4.371993889984815380e-05,3.291670871082420149e+02,1.198856246889457725e+04
2.995657461085349290e-06,2.158411193035528422e-13,5.772872825310425956e-06,2.518986152677179859e+02,1.716856020142599940e+07
3.930862302489576330e-06,3.929794508614684639e-13,1.054446584595228875e-05,3.834840293166367928e+02,4.444753586838972755e+06
6.763964579419594605e-07,7.012391286269511594e-13,8.773650028879468327e-06,3.475257260859754069e+02,1.689413269840275869e+06
1.351719184346077417e-05,5.137519070501751616e-13,8.353102265333616392e-06,2.444317573337176270e+02,2.527150522244494036e+07
3.819455988905287991e-07,2.495354103977641873e-13,3.237947422065953610e-05,3.122811322828254106e+02,4.492939634881420716e+03
1.415942716952705248e-07,2.576685595966724734e-14,1.324397325460781086e-05,3.448436589797817078e+02,3.301373089465534576e+03
2.649322011971544946e-05,8.026978141181782853e-13,2.276570330401951787e-05,3.162950787881712813e+02,1.027858195340607502e+07
3.030785039911106648e-07,3.144571489914996081e-14,1.169963060785006653e-05,2.402522769018563622e+02,4.357388243732202682e+01
7.266879091334656432e-05,5.120542719876386001e-13,1.808076964930989386e-05,3.707566191427472404e+02,8.715067264637079788e+05
1.095874143723222516e-05,7.670157072092759063e-13,4.546858666411169849e-05,2.153822258040000008e+02,-7.010420093963337422e+04
1.138739268026345408e-06,1.042201543209336268e-13,4.182444972848366568e-05,3.909868050853736463e+02,4.331778116688289629e+03
5.633655685814086146e-07,2.521040788469383764e-13,1.154353081288365956e-05,3.696268123330276580e+02,2.243996420779792534e+05
1.967043160879939163e-06,6.742664210742731304e-14,1.228457535255553888e-05,3.878510595158753631e+02,1.901552648786288337e+05
3.735750626085968469e-07,1.270075219021852151e-14,1.925752233080931051e-05,3.168424964150726169e+02,1.114090594041973873e+03
8.869959568276301584e-07,8.555008210160310038e-13,4.298439985050476445e-05,2.680640412995496717e+02,6.917537608812428516e+03
3.754628025701924590e-07,4.197304462945716205e-14,9.418021346874839777e-06,2.138840268616956166e+02,-1.591676029672864024e+04
1.145781136696632902e-07,1.526690731741996642e-14,1.577837365541046309e-05,3.460051332575565084e+02,9.432450646753679848e+02
2.701605850505347840e-06,3.579807245171717581e-13,1.484895604778352661e-05,3.183220314832190070e+02,5.267623119625716936e+05
1.707496739931570697e-05,5.365605108592699690e-13,6.025944835930214430e-06,2.046455089426159191e+02,1.654053523673200421e+07
2.748639375982226473e-05,4.142388803212770051e-14,7.625727210774310004e-06,3.583030339138665568e+02,4.927946111509966431e+05
7.202377852121317334e-07,1.574345629880586748e-13,5.116811069019902836e-06,3.016120020057971374e+02,1.673595673356128391e+06
3.102819668698379290e-05,5.330088076662587931e-14,4.138858158587459713e-05,2.164535595085099260e+02,-2.045396983070450369e+04
1.505780203306309308e-05,4.601226776341187869e-13,8.328802635672479909e-06,3.872624877547298183e+02,1.823900282332954183e+07
1.315941632688942513e-05,2.416435743190921470e-14,6.364453390461051382e-06,3.711186627756281950e+02,1.254159047218688997e+06
2.506710264515319211e-06,4.537830715006704854e-14,1.102961643159077861e-05,3.642723659895936521e+02,2.033646456306341570e+05
3.885007467440240452e-06,6.196337954857834089e-13,7.871131479660190461e-06,3.213304591465458770e+02,2.864176738994878158e+07
2.419711901965662420e-07,4.146085268521690126e-13,1.145452429425455078e-05,3.624675536351105620e+02,1.560995371541287168e+05
3.724647082183707929e-05,1.513112427297841579e-14,1.083906762363422533e-05,2.948100738128335365e+02,9.802831981801918300e+04
9.271424599728122069e-06,1.405895010773415564e-13,9.108387922238297396e-06,3.307405841300497400e+02,1.469977091225175001e+07
1.284361987252353776e-06,1.886542747050056568e-13,6.109887611571689425e-06,2.041659764547674456e+02,1.056841012671442237e+06
1.557362670550722837e-06,1.156621931912974812e-14,5.865223731045469557e-06,2.663769290179591849e+02,6.341289409406288905e+04
1.882148867018973824e-06,9.964653557885627067e-13,1.032234136421034873e-05,3.104974004312969669e+02,5.363722071952193044e+06
1.796068077533218226e-06,1.674975074467897575e-13,7.523014418819035341e-06,3.433279970403294783e+02,1.698268538318729494e+06
3.271742925244962368e-07,3.191819406647767332e-13,9.491755791375030348e-06,3.622987868930615605e+02,2.860089660258446820e+05
4.875845809063998652e-07,1.962043480065583049e-14,2.427229746713174826e-05,2.880801444482847842e+02,7.720374659109477307e+02
3.110712721085767602e-07,2.658232336132210583e-14,5.697805529018448317e-06,3.371817930182572240e+02,8.921298247961864399e+04
1.477552869917417227e-05,6.455826096499066441e-13,1.767747343985869452e-05,3.061093692343187058e+02,7.342336396562818438e+06
1.366421746215646446e-07,3.735395999341705046e-14,4.626599952753589169e-05,3.712837820132253341e+02,1.259937696467927424e+02
1.976789215851123077e-06,1.546500900661660102e-14,2.037608706283000452e-05,3.337581506888358263e+02,7.038158019045506080e+03
1.347641683913423264e-07,4.784896952051609862e-13,7.553303614005569182e-06,3.837687993110818070e+02,3.890038412958314875e+05
2.718364340238632069e-07,3.133224416543068624e-14,2.030505786102883737e-05,2.045354135686789618e+02,-1.219670256208082264e+03
1.625079979627272175e-06,1.333222211363277462e-14,2.421093039064373240e-05,2.292637668511819697e+02,-4.949336994762761606e+02
5.227904798838465628e-07,5.130055797836604531e-14,2.386114499414017259e-05,3.161755702195075060e+02,3.288772958732306961e+03
3.648057860885341690e-07,5.159614084814192464e-14,7.547189886975207114e-06,2.972686287090687642e+02,5.843449670764349867e+04
2.306336805491657569e-06,1.640739798009026066e-13,2.591363884750947714e-05,3.928903346444428166e+02,5.864811887940862653e+04
1.188407197803568598e-06,3.083066866321012726e-13,3.221487556878404077e-05,2.445784824208036525e+02,1.421091816303256564e+03
3.836011734347808874e-07,6.160339743606067782e-13,7.062886021371715931e-06,3.125038655925104649e+02,1.295327371999870054e+06
6.891912549388153615e-07,7.026124093922716862e-13,1.517545490474163548e-05,2.847664007407190070e+02,1.534196561640559521e+05
2.667778774926718290e-07,2.032785806553307443e-14,2.067648880741259303e-05,3.831754014942206368e+02,1.584932719182922028e+03
6.163444918255433617e-06,2.468356060239153418e-14,9.836514097237235684e-06,2.600738643020952168e+02,1.033655027079474239e+05
2.064905574542502174e-06,9.677608958557793117e-13,6.542880191336174141e-06,3.487266499962226476e+02,4.280209675946182013e+07
4.085077575058338270e-06,8.411378406320515874e-13,8.926031854851461552e-06,3.200725829006887011e+02,2.752385346639391407e+07
5.244413264289005918e-06,2.544957982638867021e-14,2.424097879718481807e-05,3.123757755621276146e+02,1.522036504222492658e+04
3.994188937130642100e-05,6.071596143705908904e-13,1.272873214526427664e-05,2.652670539546527380e+02,3.420552699664267711e+06
1.104583237732667880e-06,3.386719323329924914e-13,8.471559040285661003e-06,2.879477434377998293e+02,9.303705059213449713e+05
4.766390934315818934e-06,4.084053317317241640e-14,1.683096983203505713e-05,2.610018724309603613e+02,2.335726218190175859e+04
7.864698848012754104e-07,1.764842720769703167e-13,3.573506402769367882e-05,3.731745210520363116e+02,7.505587388479678339e+03
7.575955953563448184e-07,1.168495457257949486e-13,2.199243974134115499e-05,3.449291962329376702e+02,1.750978332576911635e+04
1.593518786747776602e-06,2.719106714696058916e-14,1.286099536032182793e-05,2.208504561750409323e+02,-1.224763548311458726e+04
1.142682853545896467e-06,4.504318289102133137e-14,8.530273469702877775e-06,2.203923398253202492e+02,-4.999357496941994759e+04
1.156636676590576998e-05,8.012043218775005803e-14,5.281221424783476825e-06,2.453913658730462544e+02,5.382697609343754128e+06
1.859575112924580385e-06,7.292263654872409661e-14,3.855969869147766126e-05,3.416041970644629941e+02,4.867147699979426761e+03
1.412888523332203341e-07,1.733411403711229256e-13,7.836269074675849376e-06,3.424217141357235050e+02,1.053377901714031468e+05
1.001717834671084011e-07,6.681018181678097118e-14,1.689526573307444736e-05,3.020401357758621543e+02,1.970667781950395010e+03
1.865544836908384372e-06,5.291582907126009328e-13,4.425559597977406548e-05,2.933209622698649923e+02,1.432262475669041851e+04
1.696617125198008730e-06,1.970143241791099682e-14,1.556057862897534120e-05,2.347631386016567774e+02,-1.371792192604230877e+03
6.139694811747007439e-06,4.004647692626055203e-14,2.463489564012618979e-05,2.808428912170389253e+02,1.684875092428849894e+04
1.052711700577058117e-06,7.604948569003320584e-14,5.512900950692161057e-06,2.503828508624528695e+02,2.992625881888116710e+05
4.094711363436489735e-05,3.073164993806898993e-14,2.312445950292889201e-05,3.184150720763578875e+02,1.647365279640986992e+05
6.841474507874134204e-06,5.236686558925671601e-14,1.061480704142508096e-05,3.534315584018559093e+02,7.682021711930015590e+05
1.541175508234892324e-05,1.076968862063076404e-14,3.498089052167010447e-05,2.630521185334463325e+02,2.486198191131733893e+03
2.826125546921656396e-07,7.779774490117771825e-13,7.986385334600646147e-06,3.325953393157598157e+02,8.816907494092456764e+05
5.199184157637916121e-07,3.646653741077595356e-14,6.654505933144130927e-06,3.905397914833942536e+02,1.718866053609625669e+05
1.642327314298085625e-06,1.264627873921734346e-13,1.268321596183540038e-05,2.982479990694911862e+02,1.390999712838748528e+05
6.819492654985763736e-06,3.526437775096177209e-13,1.346305844978413085e-05,3.044548461468205574e+02,2.387506360537594184e+06
3.409153644118719173e-07,6.565283207797042926e-13,1.955787908257407119e-05,3.510624444643626134e+02,6.545792123187558900e+04
2.210184475886047264e-05,2.640475644223609048e-13,2.871093312231953336e-05,2.616183102110326217e+02,1.977939315014498716e+05
9.526644640680658229e-07,4.590851564483036741e-13,3.077940745757461600e-05,3.258992527515754318e+02,2.734181923396632919e+04
1.785982707929602802e-05,8.751793344047755307e-14,2.560114984638899073e-05,3.008046700046705837e+02,1.502515880166296265e+05
9.806770877460537728e-06,7.176118615197660573e-14,1.110578732977020846e-05,3.111663762179106811e+02,1.309015254643790424e+06
1.857908609893561554e-07,1.227156516105543217e-13,1.488171168209425866e-05,2.342929448216383150e+02,-1.164441533979214000e+03
1.048434656568757727e-05,7.626229481742584755e-14,6.734247657620150320e-06,3.556007279071511107e+02,6.235592861223475076e+06
2.486735055891058216e-05,6.512248735709855514e-14,3.160073554012661815e-05,3.485816387824806384e+02,1.311746407067368855e+05
9.792011086368423794e-05,4.299139396963449004e-13,6.421933723711675301e-06,2.152407051479269455e+02,4.029845094833980547e+05
1.039949199750165675e-06,2.543799075665975608e-13,1.522115644882057888e-05,3.762236774593354767e+02,1.882393386563196254e+05
1.281188197159164450e-07,5.313082704511432720e-13,3.584115024993510430e-05,3.481406173411352825e+02,3.175097147597652111e+03
1.189789220169879331e-06,2.156016298769356864e-13,2.506432162117466864e-05,2.340185629151270916e+02,-2.872737774632594665e+03
5.694034860528820312e-06,8.771065796367437607e-14,3.871488985002187667e-05,2.414949955787461704e+02,3.718528464807604905e+02
4.193918168856437165e-06,4.247416196556732229e-14,1.162027339859867929e-05,3.057584168585409543e+02,1.767606509237024875e+05
1.241162735599871486e-07,3.747137951912065097e-13,1.772055486048527910e-05,3.366151000913541225e+02,1.658559552867201637e+04
1.240267604849844162e-07,1.698622562609019859e-14,6.198556825488295664e-06,3.162862911728765312e+02,1.475315923154577104e+04
2.079560600579644313e-06,3.841153917503261341e-14,1.782621981584459528e-05,2.198660332779413977e+02,-8.957679770567705418e+03
4.297920988882463947e-05,2.022282941279199974e-13,1.512582606193910593e-05,3.818007885660288139e+02,9.839560084991565673e+05
1.637488287301791447e-07,4.698687875201154386e-14,2.176145393676182368e-05,3.002831756605527289e+02,1.036265388104985959e+03
3.081539047073659100e-05,2.214485058784705975e-14,3.511702689043590532e-05,2.923601928534206991e+02,2.403507130497226899e+04
4.058810675834329861e-06,1.175723370964914905e-14,2.099599971448821607e-05,3.514051182412359253e+02,1.142729269497703717e+04
4.448547889903265161e-05,9.820147818561562832e-13,6.567099056840648171e-06,3.575199578087119789e+02,4.459971699746726081e+06
1.172631910490827567e-06,2.315659201952745722e-13,6.943167678410474425e-06,3.512233266479561280e+02,2.066527103377010440e+06
2.805518146650171521e-05,1.154781313699826870e-14,1.491769891433949377e-05,3.057843654422192117e+02,1.318633794050166325e+05
4.684712458863840088e-06,1.122394438712460822e-14,3.175953108252179650e-05,3.657085246595813146e+02,3.926168632384153170e+03
2.948067655576207368e-07,1.237010531798663154e-14,1.700608671075159179e-05,2.634809017260841983e+02,4.568885007982620436e+02
4.010926960956056008e-07,4.412938800231063180e-13,4.280669628230923088e-05,3.049931387896717183e+02,3.324565772641363765e+03
8.148958972531590832e-05,1.126375946697350241e-13,7.775376513696044192e-06,2.561680570548909373e+02,1.524508055448902014e+05
8.184058309436304326e-07,9.730118443004315110e-13,9.768021294502096425e-06,2.655331634989240115e+02,1.246067451936054276e+06
1.349673227116940728e-07,1.100197562808114609e-14,9.096051801198237898e-06,3.963054523238924958e+02,5.380477377417626485e+03
2.104711800490947889e-06,6.674964152411457705e-13,4.230020880553546879e-05,3.559848210229620236e+02,4.184547507410666003e+04
5.603049357245357254e-06,3.899841400281161711e-13,3.085761035160750467e-05,3.524107301020538330e+02,1.658547701261623879e+05
1.184420582678130043e-05,6.723549689885141756e-14,3.521998733433903163e-05,3.449766301884849327e+02,3.965334845954367484e+04
1.004061942577069368e-07,1.237153178060760521e-13,1.043169700810548075e-05,3.404533062517160147e+02,2.232340687868533496e+04
3.698670223205817075e-07,1.373575750998026640e-13,6.145190407654894196e-06,3.019410911581419441e+02,3.198562201484384132e+05
1.042064138331236103e-07,1.551748305298702508e-14,3.360148674846658457e-05,3.889755113580175703e+02,1.128603498563438023e+02
4.235130585057749539e-07,1.579223538851675152e-13,7.225151651903464753e-06,3.005510592036060871e+02,2.521181960223306669e+05
8.205237573138701271e-06,1.846646144639291060e-13,1.351431259076059119e-05,2.944127715038994211e+02,1.141744047505930765e+06
8.247976847180313019e-07,2.350002582701364175e-14,2.651275741536037342e-05,2.072525255683278260e+02,-1.136478565238177907e+03
3.830854192083968693e-07,1.430078742434369521e-14,1.386584155891107251e-05,3.921989181421544117e+02,5.514790538577196457e+03
1.939248963019602726e-05,1.149387819155115539e-14,5.427583402365731104e-06,3.776081918196601350e+02,2.746945688899199013e+05
3.982263515257533457e-06,9.038174353593072789e-13,2.812974102629067435e-05,3.526564671399954136e+02,3.616029719791851239e+05
8.190281811728615565e-06,1.237742233261403064e-13,8.040949287357533582e-06,2.128292279206097817e+02,1.658376510379028507e+07
2.572898246937753899e-05,9.105316659521479995e-14,2.181199504600997609e-05,3.919600689487286331e+02,1.236233335301805520e+06
5.163242149243937306e-07,2.254307362134372658e-14,8.320000134411048809e-06,3.019990126030687634e+02,2.872512630734660706e+04
1.503236897630655919e-07,2.156563256957134070e-13,1.518723212792047940e-05,3.051487484516562176e+02,1.366121580589295809e+04
9.785072563703151085e-06,2.837244132071224255e-14,1.579791305963335789e-05,3.146782048998988444e+02,1.291975875826025585e+05
2.441726220407249045e-05,8.919538210881860295e-14,7.251348407838765353e-06,2.455536433358285535e+02,1.344618415406330023e+06
3.573524253471618583e-06,3.786431208363458726e-13,8.558524315357932081e-06,2.202208255756770257e+02,7.921831440282821655e+06
2.668887613529808266e-05,2.040571527358066885e-13,3.892291945973523479e-05,3.975775173187960263e+02,2.892111890179735492e+05
1.213195172143218813e-06,5.965556081327828272e-14,6.786289582774738944e-06,2.163004054839415744e+02,-1.476348493853772525e+05
1.397890274546065570e-05,1.097331720540531625e-14,7.215394297254698939e-06,2.301695820051477313e+02,5.047105524727122975e+05
3.808900452313979886e-06,4.201050305460030708e-14,1.516218887277007126e-05,2.463461282277898476e+02,8.493591868243827776e+03
9.601471324158847106e-07,1.317392419757455498e-14,9.582986458987763435e-06,3.754100668377818693e+02,3.595215009898849530e+04
1.026692245629678938e-05,3.444912516093929162e-13,1.614929702468717826e-05,3.105655945175939792e+02,2.051838009074078174e+06
2.333284646087007447e-07,3.304223529170337632e-13,4.195608042875649215e-05,3.240599742319043344e+02,1.872094443635060770e+03
3.095029264989705349e-06,7.691349700903542870e-14,3.043864183428683179e-05,3.176059642883228662e+02,1.430421001327920385e+04
1.202595780185060600e-05,1.145261019018550035e-14,6.192510341985867293e-06,3.462954801108736547e+02,7.117307768549281172e+05
1.410140856532221032e-05,1.538922992155943070e-14,3.706860545132619139e-05,2.940197703454069824e+02,5.646863044442005048e+03
2.296274271586643679e-07,1.902118367501120154e-14,8.339488132812903541e-06,2.246502060951185342e+02,-3.557419555213577041e+03
1.698965407146442572e-05,3.644144107468907893e-14,1.229472384207503365e-05,2.456939212593426305e+02,1.134689637376454659e+06
2.118224543428810893e-07,1.235418061190424771e-14,2.174943833990705363e-05,3.306307197557286486e+02,4.820517499477278989e+02
2.467297838915182069e-05,3.058249219125435992e-14,2.734911029380817317e-05,2.381904541031064468e+02,-1.483496956305469212e+03
9.598619717627029842e-06,3.345058432207585999e-14,2.261914260370754065e-05,2.122332682435486220e+02,-2.638944598097715061e+04
5.203545727640185162e-07,6.358590479191698013e-14,1.282498411709343611e-05,3.713758498618516342e+02,3.838253112629144744e+04
5.112571784216205272e-06,1.568167900950583117e-13,3.240330136854420272e-05,3.211928974407631472e+02,4.150070840822707396e+04
5.742609323498394441e-05,2.015247402304642503e-13,2.505802533223000972e-05,2.814132101551261940e+02,5.492378329039879609e+05
1.412403786285612142e-07,1.383899070491778684e-13,8.728191500403208655e-06,2.681368439419343304e+02,2.135938637587578341e+04
1.369012869014068805e-05,7.810876382381324600e-14,4.285556121888971562e-05,2.954569909929899154e+02,1.817237313367942988e+04
1.077220146739872074e-05,8.481560631086448280e-13,2.092110294481582740e-05,2.741498095184766157e+02,2.068544104133957066e+06
7.464976276211801029e-06,7.481144744415148159e-14,3.662566522708445938e-05,2.408390047578036501e+02,2.797772460771411716e+02
7.721744759884154545e-06,2.311706230838101312e-13,2.234085907411556519e-05,2.254223393727837674e+02,-6.475423235996041331e+04
8.902227705852194867e-07,9.187990790263621696e-13,1.536558433976369586e-05,3.005350682124162631e+02,3.242676919387253001e+05
1.166992777770430025e-07,1.222443063076599555e-13,1.478884953420055462e-05,2.434234711912791624e+02,4.289992674453369546e+02
1.431129533622162883e-06,1.027367060732470628e-14,2.430284388819921074e-05,3.621836825974887688e+02,2.391533962524530580e+03
3.810519441208627824e-05,3.999402895759200107e-14,5.620247960862168058e-06,3.545502298470926803e+02,2.475582543355643575e+05
3.674213935861037105e-06,1.768027971035582229e-14,2.491152205687544393e-05,3.444055888617092478e+02,8.864225143655570719e+03
6.596255274187804591e-07,3.448217619320498690e-14,2.454436725134576637e-05,2.955333679476203770e+02,1.998877485084120508e+03
4.930281983596904132e-07,8.075550715011386492e-14,1.808589372192398538e-05,3.282363574911524324e+02,1.251111661490396546e+04
3.704336788509702802e-06,4.348001773807344261e-13,2.094603644345392244e-05,2.534722867544960536e+02,7.303041013795748586e+04
2.765026186183764171e-05,2.946972606617959086e-14,1.507215305202521007e-05,3.098944633008342180e+02,3.464401515864968533e+05
1.341961321451489639e-07,5.250583800080478960e-14,3.831210748682735613e-05,3.241866956552449324e+02,2.249554962289020068e+02
1.800939912508853802e-07,1.115873520830536628e-14,1.952789820843799746e-05,3.913482937318837003e+02,7.215727499432383638e+02
2.774008693122739434e-06,9.852187478312078382e-14,5.084581127514499913e-06,2.240412968777515630e+02,7.933845814664524049e+06
2.094302596445892479e-05,1.049089284903610080e-13,4.633549989950584659e-05,2.707636215993077826e+02,1.842729964126458071e+04
1.024081105991781340e-05,1.249062072857440931e-14,2.405563423391056773e-05,2.122014597620170093e+02,-8.772626180843642942e+03
8.484151185855808497e-06,3.159756290850387570e-13,6.041801649776266584e-06,2.687936213020561240e+02,3.945366998950281739e+07
2.488647078761529457e-05,1.743879402085555316e-13,1.567527403744334999e-05,2.733337897926193136e+02,2.530698695185816847e+06
4.316354562248184789e-07,8.703957097197499911e-14,3.227888949375284217e-05,3.662042078755809484e+02,2.661701052949418681e+03
4.516691409756768838e-06,3.041065376522869842e-13,1.475204254190817307e-05,3.639528218978114182e+02,1.076723447075647535e+06
1.807208199677635066e-06,2.033012214407182578e-14,1.062512942774247885e-05,3.181401509165417565e+02,5.248580139883514494e+04
2.753985685191470646e-05,4.582049782453759988e-14,4.804533662476533285e-05,2.147566924878091186e+02,-1.015316548336709820e+04
7.957314987615653483e-05,2.085216333789496510e-14,9.706776309007322071e-06,2.160901238748343189e+02,2.959842738675850705e+04
3.010726043621413393e-05,3.560521657445995129e-13,1.832844760303141955e-05,3.425669883050804287e+02,3.530382579248357564e+06
4.936449750302658552e-06,1.353144209243020361e-14,6.581325833130211830e-06,3.746139451147569162e+02,7.120437489830694394e+05
5.710176513208564046e-05,1.183568573168508304e-14,1.071265544907615717e-05,2.885014173949683709e+02,3.262458354337696073e+04
2.140815733439938280e-07,6.939340943889248196e-13,1.424145034348600115e-05,3.431129136785558558e+02,1.069480938650942990e+05
5.472314940543554261e-06,1.466486313594491026e-14,3.551934655029156593e-05,2.635968645071884566e+02,1.116246433859934768e+03
4.786269222354053605e-05,2.245460401125892511e-13,1.212245535597562983e-05,2.939710469298083240e+02,8.809713234267276712e+05
8.883725324299250096e-06,1.418838462230850415e-13,2.749442051139969971e-05,3.211570676957476280e+02,1.094463799093325651e+05
6.169458973316852272e-06,1.218408552573533232e-14,2.910608987636616134e-05,2.411503998636044912e+02,1.019493244618261087e+02
3.332918363125567665e-06,3.247889749674183396e-13,2.192897205156629824e-05,3.948506873960309349e+02,2.806842778147893259e+05
1.822817370424460811e-07,5.494346410911063448e-13,4.203691616873069214e-05,2.742006952630135856e+02,1.162636105518148497e+03
2.404557030388960182e-07,2.126522914140373497e-14,2.579985089162728713e-05,2.997881133682137715e+02,4.105561942042212991e+02
1.815169048358352744e-05,7.319369334023033096e-14,1.499102596636975834e-05,3.713729129112929286e+02,1.996595672482052119e+06
5.276166352830246559e-07,7.704673686138594638e-13,1.871900147600734008e-05,2.403326121501387149e+02,1.000998145097139059e+03
2.511684486070339851e-05,5.214277822383342929e-14,2.533402803440764888e-05,3.755454660353797749e+02,4.098336836957376800e+05
1.918698027060652574e-07,8.140370203623812571e-14,2.385051606808505568e-05,2.106705145739528575e+02,-1.108083037438925885e+03
2.062592165405067221e-05,6.714085970901464881e-13,4.479894367315865873e-05,2.332149482285759632e+02,-2.477390706361288903e+04
2.139537548254341818e-06,1.541047204762494680e-13,4.087591986368435942e-05,2.337664233870407600e+02,-8.905330489282941926e+02
2.579586690390845354e-05,2.150722675231872135e-14,9.262560522914477728e-06,3.583596983559792761e+02,2.904924017580853542e+05
1.106253388820711482e-07,1.560866480906244337e-13,3.561103505801385997e-05,2.241127304585644424e+02,-1.873948123878064962e+02
1.785526637722355345e-05,7.787867304972232211e-13,1.838074049328804570e-05,3.466325339489993098e+02,1.367304406976217777e+07
1.713249952771458659e-06,1.769434148644983328e-14,7.605596729470782570e-06,2.478654315452982644e+02,1.588317756697932782e+04
8.097944872369708684e-05,1.206068360471506218e-14,3.690972367992508284e-05,3.181343336676461035e+02,1.653000218438514275e+04
5.682766371613416518e-07,5.447253386903386643e-14,4.590569068522913165e-05,3.667599297117426431e+02,7.646543274238051708e+02
1.653983608867133254e-06,2.045071858792430338e-13,2.184248410914823451e-05,3.956040971872862428e+02,8.843262324717585579e+04
9.907324290296418983e-06,6.660250823740254405e-14,1.690277432154808844e-05,2.860752539128185958e+02,1.712934304683364171e+05
1.310460207435275235e-05,4.215609543247781397e-13,5.311932059779380695e-06,2.625063920146001806e+02,2.206293682120867819e+07
1.157698027111743136e-05,1.280714405768349826e-13,1.426179018331512680e-05,2.219018964491301631e+02,1.062232512169172987e+05
3.118948628401595294e-05,1.100357967917825211e-13,8.630693792183416241e-06,2.851172702543760806e+02,1.016642281280172640e+06
6.466182634718006458e-05,4.006129454880576550e-13,3.913416994429697894e-05,2.639870581367122213e+02,8.611517005793703720e+05
1.471547038944593153e-05,1.338331608504560056e-13,2.210300957106153531e-05,3.539357592288801584e+02,4.645893289595540846e+05
3.469759728945506703e-06,1.524461551233612994e-13,6.794875836493349215e-06,3.546533012145674206e+02,6.277709049018878490e+06
1.737499301655007479e-05,4.188601784216191056e-14,1.638775383700432175e-05,3.044413451458460713e+02,1.247011372865953948e+06
8.795608613663484889e-05,6.605035827940317802e-13,3.999401502235228262e-05,2.539359400560148856e+02,7.673508954026977299e+05
1.027712743798994804e-07,1.711521653652315076e-13,1.432495820821634416e-05,3.775861656930884465e+02,1.507472655600106009e+04
1.961221357107584441e-05,1.054343872024751559e-14,6.173398351909461497e-06,2.036084144068905459e+02,2.463653739021806396e+05
1.985143572426909622e-06,3.887209015730204500e-13,1.250406529764875869e-05,2.006908815255982574e+02,-3.651070549883637577e+05
1.125821750413056761e-05,1.263990682589037202e-14,9.276207570532565559e-06,3.034726366470858920e+02,8.963037662692106096e+05
4.448595839102790418e-07,9.839489409911316589e-14,6.165597477269563947e-06,3.790350559163310891e+02,4.772028915689398418e+05
4.856898939339143201e-07,7.679558623861922119e-13,2.285689402389359147e-05,3.312729627599174478e+02,5.952665840638697409e+04
2.081526660135221395e-05,2.733399643715708094e-13,3.810652754674751495e-05,2.726831297805928784e+02,9.447584085066487023e+04
1.912888672232674364e-05,1.913223769658500287e-13,4.923685972731157984e-05,3.182511554116492221e+02,5.450537262672636280e+04
9.814417536189929862e-06,3.037520581306815250e-13,6.088392739740195029e-06,2.447916792301396640e+02,2.834267174836782739e+07
1.355056944926549268e-07,2.149235484663170365e-13,2.572499024018814332e-05,2.543074433874098190e+02,6.654178783912580002e+02
2.064451658011888603e-06,2.131717201705989157e-13,2.208109234444908796e-05,3.747221755626650861e+02,1.019012806537290307e+05
6.124681996344424041e-07,2.922647901732175647e-13,1.400507030532069020e-05,2.132219462176319666e+02,-5.593265258549316786e+04
1.532272957154216670e-07,7.602665495415139191e-13,1.781483159083064680e-05,3.281776345379841473e+02,3.828159566283145250e+04
4.031835641155221640e-07,5.269257361987192043e-13,1.322509944901421049e-05,2.581798330483696873e+02,4.579482211641047616e+04
8.032583545834585687e-06,5.945627481981554758e-13,4.109855424671702873e-05,2.775721385983804339e+02,6.549520642387066619e+04
8.853461987386211962e-07,1.375698342728550115e-14,2.249352911358680994e-05,2.137979920279600492e+02,-9.071980929809540157e+02
3.676784543961512117e-05,2.394935015489246496e-13,2.094466681727225480e-05,3.838937963960783577e+02,1.592238017608504510e+06
1.382407035287436961e-05,8.378937921416446845e-13,2.040769647982962971e-05,3.352646722575215676e+02,4.767952622224684805e+06
4.959255017733587160e-07,3.635555591780497089e-13,1.292908565929132870e-05,2.869887356700840542e+02,9.505817565882384952e+04
4.146658270758150634e-05,1.198989112405686987e-13,1.527833479247625519e-05,2.867041815184267080e+02,6.267139549393979833e+05
1.498634353695142716e-07,9.018157504047868293e-13,1.784790795186474481e-05,3.608667143948875378e+02,5.505307015118729032e+04
1.241292888532493946e-06,7.522955090340275516e-14,2.413797368685726300e-05,3.801799201086925564e+02,1.693994039977891225e+04
4.925253671851415770e-06,3.256087284592028646e-13,1.382155491473327438e-05,3.961657754985674273e+02,1.810245130074194632e+06
5.302249049163782476e-06,1.568368432540868826e-13,1.229869204667006302e-05,2.025911783781469637e+02,-3.273607003219065955e+05
1.863767602963994647e-07,5.513059323857396171e-14,3.954969286634832398e-05,2.304575895310879332e+02,-4.754799794752227626e+01
1.450059443828852999e-05,7.939873279918259458e-13,2.015255239932408729e-05,2.824089353762209385e+02,4.582681540622541681e+06
6.989818525466429773e-05,9.049940275292484496e-14,2.163307076604027606e-05,3.595834234865769758e+02,1.664809442950536613e+05
1.461773644401303530e-05,3.121812346602613241e-14,3.589042786482242637e-05,2.175643015660006085e+02,-7.385011961722011620e+03
6.205913894061396289e-06,2.870813003578619587e-14,1.644750545127885769e-05,2.505331193560165275e+02,1.224600874954640312e+04
6.841499652237851787e-07,1.385148608595403593e-13,2.848701898284413926e-05,2.740666841171877763e+02,3.523485657665710733e+03
1.149207980250581234e-06,7.211500540589122230e-14,3.705074884747610692e-05,3.657064272706387555e+02,3.873388181945620545e+03
1.226004843479175735e-07,4.089579974222017968e-14,2.411536088541657742e-05,3.465910266993392383e+02,7.601574813960098709e+02
6.535863857085431998e-07,4.652366634895731322e-14,2.369646931223482093e-05,2.591335531679047790e+02,1.166837634260810091e+03
5.839945138484899077e-06,3.835561680534511618e-13,1.885631102553546274e-05,2.577843571660001203e+02,2.186598049594843178e+05
3.613626945945135273e-06,1.660512386379405565e-13,3.850972424956766721e-05,2.197018443284100897e+02,-6.726369928247373537e+03
2.340810914636112044e-07,2.231415831694550675e-13,3.225234038532213065e-05,2.010655281552717497e+02,-2.084354748211822880e+03
1.085929821642724282e-06,3.994810977677725614e-14,7.720853046918834433e-06,2.958136463846349216e+02,1.244630681220971310e+05
4.508270012025071069e-06,7.296951612032411566e-13,4.520704256639298581e-05,3.637827761726040876e+02,8.403662064449058380e+04
3.766795974745344618e-06,4.780505357713873747e-13,1.079616769780346845e-05,2.286005963144268662e+02,3.270296852765397634e+06
2.581405785163548180e-07,1.869293731736717523e-14,6.022820704212855880e-06,3.446315023324178810e+02,4.639291709571430692e+04
3.109720732963319523e-05,2.118844710863100084e-14,2.762996982450586879e-05,3.060488601109273077e+02,1.969277725606030435e+05
3.724392509704648179e-05,6.217084735361680318e-14,1.501796178933140188e-05,2.070691941398893903e+02,4.028343683160958462e+05
3.758315871368077737e-05,1.024106417403523814e-14,8.391613008145599046e-06,2.264547456659785496e+02,6.516421230003435630e+04
8.244803880190744113e-06,1.493735488837802754e-13,2.055237701807784508e-05,2.142433570600032340e+02,-1.157124962038624217e+05
1.943412170021572864e-05,8.144425764558983447e-13,3.199194111695776718e-05,2.453091261937138938e+02,3.108279433983235504e+05
2.346659130856731826e-05,1.192817748137932897e-14,1.563939630936600779e-05,3.322734987548353160e+02,1.946815033338435751e+05
3.110852386003557551e-06,3.662028571210450933e-13,1.952852426441720123e-05,3.857945776308202994e+02,4.042106390246797819e+05
3.127272382252616971e-07,6.767522942925244897e-13,1.395970578088788169e-05,3.203957070494267896e+02,1.353254341499627044e+05
1.494975646929104979e-06,3.392803305084167619e-13,4.968339857568218235e-05,3.431668387577494173e+02,8.598467254410341411e+03
1.112587016106944498e-05,3.113537910479208755e-13,7.097094088066342941e-06,2.727534624136022785e+02,2.260668076513133571e+07
1.663486840529992698e-05,3.329317758510883646e-13,8.994305476790119503e-06,2.193530884372106300e+02,1.081352096074505709e+07
2.159525010691273825e-07,6.907519380306093703e-13,1.834454194946971608e-05,3.657328410548875013e+02,5.744096274404313590e+04
2.233850147793408098e-07,9.700592650791644847e-13,1.449616448982491485e-05,2.603228340547182142e+02,3.888250991360828630e+04
1.014711826102494922e-06,1.261178719869100094e-13,2.906118685313731776e-05,2.693793748013203526e+02,3.933169625085512962e+03
8.886189186800998836e-05,3.143044252175040860e-13,1.357848438389354976e-05,3.509420882493011504e+02,3.577420602272350807e+05
2.633358440656777564e-07,3.426160525303048517e-14,2.960463481079422227e-05,3.662652657074562512e+02,8.287896276183271311e+02
1.352670784489468987e-07,1.994106601219101986e-13,1.545190474018327597e-05,2.806061456330699571e+02,7.315284872562417149e+03
4.045395343054996362e-07,9.090283947190300683e-13,6.375831490839436434e-06,3.186365687504988955e+02,3.996322552233605646e+06
1.723592959594113779e-05,4.094545618739778535e-14,3.254953554768497110e-05,3.903470552793323236e+02,5.908359764028940117e+04
6.710005789270865738e-05,1.303474988798443107e-14,7.127770249549241299e-06,3.143863629418303844e+02,2.602001429944817210e+04
1.270231436873407946e-07,4.330809472461292935e-13,5.654760705005808657e-06,2.697615880658716492e+02,2.655200564291860210e+05
1.692734938460268290e-07,2.717396343611287731e-13,3.138649705280290931e-05,3.993616306032822081e+02,4.104327562817323269e+03
1.847139582855188473e-05,6.997265455591986540e-14,1.405613177747063644e-05,2.627481288849978114e+02,1.843230034289731178e+06
2.015632235691529515e-06,2.076254352344744421e-13,1.628018094857805459e-05,3.024118086193184922e+02,1.398158515258976258e+05
2.782369124951821350e-07,3.195123298302898071e-14,5.872358770556018719e-06,3.684941206505970968e+02,1.059467947903805325e+05
2.834598118879385294e-05,4.158037189674588298e-14,1.024006606034815058e-05,2.393553286633902530e+02,4.651103442822900251e+05
2.253096455247727574e-07,1.922620820520099119e-13,2.252708062205596693e-05,2.454263953582995441e+02,5.793417222047064570e+02
2.367381759013426731e-06,3.440228242721973679e-14,2.675931447210165470e-05,3.561113542677206283e+02,9.603889020925882505e+03
4.871255173681361745e-07,1.664388996510252191e-14,7.945824456806178007e-06,3.806948237290902739e+02,4.134242455452597642e+04
3.633707825728509349e-05,3.714133392449245525e-14,1.906650338993423225e-05,2.656307584490004388e+02,2.528180674284914567e+05
2.143989052725936695e-06,2.791295796894209359e-14,2.531384570351195019e-05,3.138656638592810850e+02,6.015843440580104470e+03
6.743046203601885666e-05,3.319651002876325415e-14,9.270041158964644937e-06,2.021314559647028375e+02,6.561917649514140794e+04
1.050611196103568864e-05,1.504131258996210015e-14,1.084285035652503157e-05,2.900885687794419141e+02,4.242681003698031418e+05
2.555184262621786230e-07,5.731062343456327060e-14,1.327278382756425533e-05,2.579384150544530030e+02,3.011924022292380869e+03
2.779519599259609535e-06,2.645366366886338947e-13,3.183894021741323930e-05,3.761349073670700704e+02,5.714064736650175473e+04
3.187349138608749823e-05,7.720535324036683013e-14,6.507541047190160045e-06,3.944141914093854098e+02,6.830283912905636244e+05
2.628815670539978759e-07,2.577109436100902643e-13,5.401842549566565698e-06,2.277694581003907786e+02,-8.666184599181753583e+03
2.230796091230542589e-05,3.248527307725034135e-14,3.844263709981062682e-05,2.007494437009032708e+02,-1.897645537324859106e+04
9.921898354953579942e-05,4.974906154821978348e-13,5.953911360107238175e-06,2.670350254191563977e+02,4.541987805941738770e+05
6.342438121369252096e-07,3.486678856223982674e-13,2.908548309228420719e-05,3.947938089708275697e+02,2.436670559121976112e+04
3.537354527591839401e-07,4.340930746355682531e-13,7.685314990733669747e-06,3.358973628233950421e+02,6.920598699699875433e+05
8.786132360412496686e-06,5.821265855585811656e-13,2.177198367130456916e-05,2.544546027387097524e+02,3.933986958146571415e+05
2.084053060058490973e-07,1.865401915340992256e-14,3.427445029229014682e-05,3.655438341608177666e+02,2.292649711797501197e+02
2.371142518596858036e-05,3.334962105193606310e-13,5.224360257581146390e-06,2.371943616829543373e+02,5.331215098024128005e+06
3.464235436996316275e-07,5.217736765755937875e-13,2.581398907008629492e-05,2.567996234035295515e+02,4.754545928224886666e+03
5.186507099846287390e-06,7.465950871543550645e-14,8.821407284823523228e-06,2.884808279173206529e+02,9.459740466133037116e+05
1.210960575304956591e-07,8.642057765100462484e-14,2.509013699801922371e-05,3.186998878203372669e+02,1.131203283170406849e+03
3.796103157167932410e-07,4.069651884907994826e-13,5.862563510922233778e-06,3.406522570149259082e+02,1.818659950621706899e+06
1.223168594739574913e-05,1.094696461263981480e-14,1.804775263765344214e-05,2.498577759622806980e+02,7.096502407758238405e+03
6.717543622044805192e-06,6.369506969682991225e-14,1.107610917165080003e-05,2.553862885563756322e+02,2.049591665565693402e+05
2.653977951959256320e-07,3.775225531536976243e-13,3.339914213638393766e-05,2.533993194081070612e+02,9.831949248137439099e+02
3.718755541742256090e-07,6.872735509238009660e-14,2.562014110613164371e-05,3.536324667795644814e+02,3.376509461510275287e+03
1.596331414174248162e-05,1.858560609978772877e-14,8.590910700034545017e-06,3.362953491379172988e+02,6.555128755208849907e+05
9.920223656528419723e-05,7.639207902266832953e-14,7.794588745994895278e-06,3.351735724956623130e+02,6.976795937611436239e+04
6.175255062962956205e-07,6.520582267753675509e-14,8.496320357359392182e-06,3.720893664338402687e+02,1.615166599597021414e+05
2.394203846036502866e-05,5.369611926645839890e-13,3.796284526447252412e-05,3.221214436840524513e+02,4.763884652789956890e+05
1.476663076680034238e-07,3.541332219056108258e-14,4.266024120174388901e-05,2.770068150943873775e+02,6.221258571266895387e+01
2.596103716717803188e-06,2.852072191823092318e-14,5.739136944069901398e-06,2.460152764438086592e+02,1.822312972424217733e+05
5.928277297584314936e-05,5.125382056719211682e-14,4.536576510903610795e-05,3.494697179846792210e+02,1.310749929404276772e+05
6.203788985505108581e-06,4.400760576553093548e-13,1.404923051778151976e-05,2.681685379834644323e+02,1.865791869754253654e+06
1.117630660721275390e-06,1.648077518332079277e-13,3.095982189697638699e-05,2.636760947116534908e+02,3.855066909005879097e+03
1.439472637199284761e-05,1.463056845391003524e-13,1.548665073864293371e-05,3.234916521046040430e+02,1.702944539419563022e+06
5.115667842551607359e-06,2.474922530791909626e-13,1.495685115088251763e-05,2.356561739174674415e+02,5.437311125355400145e+04
3.271858018230397972e-06,1.434247822588891985e-14,4.869242955669494304e-05,2.776812588571669949e+02,3.818636897562952299e+02
2.739600823902525585e-05,1.265158100571159879e-13,6.933712159397034787e-06,3.993595652003181726e+02,1.515028639286245918e+06
2.184299736927617595e-05,2.362942120424402697e-14,3.465064629907100533e-05,2.903742451237868636e+02,1.665595506912931160e+04
2.112817455843547217e-06,8.565343058347694925e-14,4.935600672574667511e-05,2.131506015785325872e+02,-1.311528902576417295e+03
1.016072106797391621e-05,1.460825448622521602e-14,2.222636860831522752e-05,2.178738150934971429e+02,-1.007954644590436874e+04
5.830810199988647094e-06,1.565051252201881125e-13,2.547730408240446605e-05,3.194035368901969036e+02,9.646163003219896927e+04
1.031410778967251393e-06,7.724530240266086859e-13,9.854963649479539490e-06,3.833984238889509015e+02,2.386930759596917778e+06
3.468501980170052874e-07,3.615093473273351332e-14,4.663343386762638839e-05,2.066093617667178819e+02,-1.381524119423076229e+02
4.571548750560331990e-06,2.010344172932649385e-14,7.740385344370287891e-06,2.973729567430095244e+02,3.024755872954316437e+05
9.354564649860851826e-07,8.767811561244162591e-13,5.929443069111615852e-06,3.260314461613767776e+02,1.950659400780037791e+07
1.954624878628317231e-05,2.271530008708450219e-13,8.852726204900485533e-06,3.752777552265067698e+02,5.343702264076665975e+06
3.417745375906976906e-05,6.337355370966998049e-13,3.676551606996295908e-05,3.112360827241506058e+02,1.000230340963369701e+06
9.537432976683395209e-06,5.484033239513262074e-14,1.413213791607059223e-05,2.513291921619937739e+02,7.955278529168065870e+04
6.095734110639919201e-07,3.539712986641037131e-13,8.355264163045867670e-06,2.863081143438080289e+02,4.644445300748941372e+05
2.898140617203583626e-06,1.238480886488785734e-13,2.196706093532850774e-05,3.693513114241037556e+02,8.243114539583234000e+04
6.417058539404189290e-05,2.371375804264310370e-13,8.840651214994555771e-06,3.878300023480823597e+02,5.175818045008972404e+05
1.959494373993767707e-06,1.335922636519036536e-14,1.526727067936884343e-05,3.389426635508139611e+02,1.491948532571335818e+04
7.387428333845599090e-07,3.538908338815312885e-14,7.943150365881355437e-06,3.260780932249779767e+02,9.555086560664101853e+04
2.387540297596203506e-05,1.095113426396756108e-13,9.980616134435325883e-06,2.336241987511252773e+02,1.726665855383273447e+06
7.550602034574115605e-05,2.281824039311259447e-13,7.868801405493260173e-06,2.471266888087562563e+02,3.597241607191333314e+05
5.389771802422359042e-06,1.823842840001313170e-14,2.073019286519663532e-05,3.718848529141533845e+02,2.760393313888827470e+04
6.844694063643850962e-06,1.441073001759903850e-14,8.353841823220237197e-06,2.454626524901250093e+02,7.788707033498608507e+04
5.529784312941174551e-06,3.392848756544464980e-14,4.959395117353086654e-05,3.964322865501495130e+02,4.211803950559795339e+03
6.671201176749055587e-06,3.190563275098309245e-13,3.913108912674060345e-05,3.268490992886841013e+02,6.585791705566621386e+04
2.109843979767810041e-05,5.643839565144369051e-13,1.481927225656496746e-05,3.252834788621240705e+02,1.139526937897209264e+07
1.891955094690115647e-06,1.358152442784801175e-14,3.233455759184279395e-05,3.523922031506061785e+02,1.677728285453499211e+03
3.427470580997697462e-06,3.683932400508714367e-13,1.684397371764555373e-05,3.465796654667614121e+02,5.795392768009020947e+05
2.297768297469906222e-07,9.432895248478606300e-14,2.916381566471972162e-05,3.606883946828986609e+02,2.021468505160949690e+03
3.452434830295369815e-06,9.851649850869322644e-13,4.420096343847439575e-05,3.209649087435283832e+02,6.885869023763838049e+04
3.672269718143785058e-05,7.689241068518265453e-14,2.174915156701641913e-05,3.620780597970833696e+02,5.124658764247166109e+05
1.797215077841929869e-07,8.599817711676086100e-14,4.278590425775283468e-05,2.418029169547708932e+02,1.017211961298255574e+01
5.279106703307719209e-05,3.099630217029833655e-14,7.424412160528586333e-06,3.611458859255778293e+02,9.996307885748734407e+04
2.601889402892580677e-07,3.985463552028253873e-14,3.003457382370157536e-05,3.855663317763571172e+02,9.990383059114528805e+02
2.302582235139703920e-06,8.735569934706319125e-13,1.178522247475468798e-05,3.598263565256681886e+02,3.675468983384491876e+06
5.397427592483135223e-06,1.445890009907696796e-14,2.395478115034406329e-05,3.438223530512338471e+02,1.203311679181281579e+04
8.677563997818026780e-05,8.814750885907975684e-13,1.189550141121916724e-05,3.916681114934196444e+02,1.052119357061099261e+06
1.096492993837415119e-05,2.512877336707624253e-13,7.369882751324990609e-06,2.299826718541115440e+02,1.878495615543797985e+07
6.088272645418593083e-06,6.636692798073218894e-14,4.164380187129098699e-05,3.582794966727535098e+02,1.285193428182474236e+04
8.305292553744897193e-06,3.091913370842449916e-13,6.492940692674531227e-06,3.234125289404933596e+02,4.028729100363400578e+07
1.227325463596893767e-06,1.071632521790372734e-13,3.402596035645287016e-05,2.330086536435956077e+02,-6.927811164377280875e+02
8.077174366740154745e-05,1.859000590975398905e-14,5.898998915428501431e-06,2.808885998369687513e+02,2.561009735786059173e+04
6.867745824773902356e-05,3.544005574955140580e-14,4.949810595629920132e-05,2.533042154983246803e+02,6.753308473689855600e+04
6.903590131755227650e-07,2.088364186932755991e-13,1.410933968457730051e-05,2.480994707080223520e+02,1.180440256601622968e+04
1.476647643302283511e-07,1.715896261618020694e-13,1.722970767187538140e-05,3.752754476898480220e+02,1.234587190792576075e+04
4.490857360865667645e-07,3.108244536239710855e-14,3.551873295566561068e-05,2.782509632855324071e+02,2.960778291193400946e+02
1.424875314096660203e-07,7.701430083678281461e-13,1.530306384735718946e-05,3.814121338882129066e+02,7.850402289819046564e+04
3.818602290351347364e-05,6.098153521641474892e-13,6.619779038830731063e-06,3.702989548073341552e+02,3.758721208827406168e+06
1.173824947410681870e-06,1.036820364099296943e-13,1.758557095686965203e-05,3.325703757638074194e+02,4.313070590261438338e+04
4.895887649217839832e-05,8.542751568582766357e-13,4.221872014168138255e-05,3.471822231222744222e+02,3.203210718662788626e+06
3.198411848825755842e-06,1.248225518616648970e-14,1.587541073926595285e-05,2.750809677719908564e+02,8.906041375877022801e+03
1.517656617297513873e-07,1.642825791700998408e-14,5.795097506765461832e-06,3.525486880862254679e+02,2.828290960897751211e+04
4.222573468995075930e-05,3.206799650306290105e-14,1.658787570645715617e-05,3.480846921627136794e+02,1.616471368398541526e+05
4.633157270729511428e-07,1.059814756183554295e-14,2.006368098997398988e-05,2.515517517785250163e+02,1.930514899603210779e+02
1.465527852454206776e-05,8.817723186057934130e-13,3.256789680792337549e-05,3.167910659746704596e+02,7.105612974380229134e+05
1.266337614932784256e-07,3.251946239379507268e-13,2.032010550387773092e-05,3.828309945207526539e+02,1.266031185534158612e+04
1.168767600802730853e-07,2.017278758342965417e-13,4.294441119019035727e-05,3.335983432074147004e+02,5.774662966572209370e+02
1.060736826978615951e-06,1.696477509008748147e-13,7.777040070983137714e-06,3.362153084903569606e+02,7.959992073261463083e+05
4.346471448590232457e-06,3.828469281847633683e-14,2.811825391761775067e-05,3.609309921612447170e+02,1.746325171296598273e+04
2.890296160210896012e-05,1.489034181437690086e-13,3.808371083273033174e-05,3.122216441592057095e+02,1.467333862159801356e+05
7.369180842149628647e-05,3.468755639013649326e-14,8.388042164473716777e-06,3.667687079780283170e+02,5.740978177621813666e+04
1.416581911860688541e-07,5.722436632754623232e-13,3.416750369343015889e-05,2.285481615197828376e+02,-7.040112541626576785e+02
3.755834150514136083e-07,1.491794381956535232e-14,2.232229125888378230e-05,3.237683012305778902e+02,9.011324645414464385e+02
6.462844024267443678e-06,9.408798728679549000e-14,4.113101486460369845e-05,2.440930258835857103e+02,1.021705084848908882e+03
3.443419602708332670e-06,1.557404833991965063e-13,1.075800172240511241e-05,3.365505132279615736e+02,9.335837919306431431e+05
2.383338257145492185e-06,7.978012829862622293e-13,6.657548613431078201e-06,3.939613142001550727e+02,3.827719267996225506e+07
4.048849611113091183e-05,2.316210348592441907e-13,3.152826782226631787e-05,3.382807732213664167e+02,1.269887722545386525e+06
2.555340271622850249e-05,1.032355570171718379e-14,2.467969161841540622e-05,3.763760011549561000e+02,1.420961937652620545e+05
2.280287066371885041e-06,3.095381134310959673e-13,1.069319496879531557e-05,2.360145472521758165e+02,2.596463644960754318e+05
4.542356741793108403e-07,1.272781107387531051e-13,3.107183072451999737e-05,3.577294888189394442e+02,4.385311288777852496e+03
1.229773744764823009e-07,1.278696801858684999e-13,5.523606877407775426e-06,2.152851332874312789e+02,-7.213052444075499079e+04
1.112578230399593893e-06,3.646426580738911372e-14,4.138716262052137361e-05,3.449070614916229829e+02,1.203663679038501414e+03
2.156995085964953863e-05,3.774562722484311220e-14,2.040079613534950405e-05,2.014044207086095355e+02,7.291534809495445807e+05
1.748813261896960799e-07,1.886812773856260589e-13,2.252877960944089952e-05,2.891869266671287164e+02,3.393504431965766798e+03
2.286773880778184221e-05,3.445000667804215041e-13,4.219723899701766795e-05,2.918385076963297138e+02,1.415209692318908055e+05
3.685661318142898482e-07,7.216133912672393857e-14,3.944464975382476322e-05,2.434242196465087034e+02,4.214766787240330359e+01
5.160074377715932216e-05,9.096130508850819601e-14,3.449528815605330687e-05,3.720759367609174433e+02,3.070402973267516354e+05
2.342352706066415353e-07,2.085761184220563216e-13,3.677382849386886193e-05,2.901737753467787115e+02,1.174442738867713160e+03
9.225192723258589591e-07,5.479752520721846352e-14,2.882261989302257685e-05,3.625981547836987602e+02,4.936685999757222817e+03
9.041426178507152762e-07,1.001337299604880357e-13,1.133540540805496149e-05,3.289726140784779886e+02,1.166109681976088614e+05
9.838894067763663597e-05,3.840177253582306232e-14,1.370932852310921769e-05,2.477296432240052582e+02,3.565408699451188295e+04
1.195728835990491672e-06,1.469685235664557583e-14,2.061937111021753491e-05,2.556352668580771592e+02,8.485284362189131571e+02
1.705403806371568208e-05,1.764765817603696597e-14,4.255658061911507387e-05,3.573925559259732267e+02,9.295074339073369629e+03
1.078547910043969343e-06,7.056670548964572402e-13,2.873174668388169328e-05,2.955494576230765915e+02,4.174562212582203938e+04
2.383135929863861685e-06,3.805915121431617474e-13,6.182667300347047689e-06,2.844229738578362117e+02,1.976380697281485051e+07
8.402425524856536719e-06,3.554138404722662222e-13,2.014826133219932696e-05,3.636769046160152925e+02,9.307374458171937149e+05
3.409733005410046448e-06,7.420905185145643422e-13,2.088065544318312353e-05,3.127420106368375627e+02,4.673890587707247469e+05
4.748032485026062887e-07,2.532740560845700967e-13,5.577768728343882084e-06,2.536679566452121435e+02,6.913430616598110646e+05
3.167896363104929197e-07,1.322132951450410222e-14,5.395806180813066973e-06,3.221592393416000846e+02,4.707262415509428683e+04
6.777755576914713267e-05,7.255865170818474676e-13,1.615089711777076975e-05,3.772476997421884448e+02,1.419606621332630981e+06
6.391154579995147232e-06,5.458835355441526611e-13,8.935758648791008478e-06,3.756763159069269022e+02,3.105006821453678608e+07
2.281803502879506188e-06,6.628855586182223096e-13,2.417881744756456179e-05,3.540027074915412868e+02,2.395449685430737445e+05
1.918358891525672228e-06,5.701982457652040552e-13,3.643922502846228917e-05,3.235706254410488896e+02,4.040997234750784264e+04
5.380002968909126644e-05,8.562585300414744727e-13,2.471032198509777640e-05,3.640767809408118296e+02,2.658829561015913729e+06
5.084732995016489126e-07,1.293810500103738368e-13,1.378697880309324537e-05,3.461218307999526473e+02,5.324340490026793850e+04
4.613069806747217723e-07,2.731367915799416287e-14,6.143232879601224251e-06,3.743269743259706956e+02,1.351364184762522345e+05
1.354815460406509810e-05,5.983323017591623945e-13,4.714920647840444804e-05,3.873874223365973535e+02,2.086758120666497271e+05
1.167365472764626531e-06,4.488771961801903349e-14,6.966301248970882701e-06,3.048802551230227209e+02,2.331604042382024054e+05
5.290069715331009372e-06,3.724337312950313031e-13,2.040834527796260185e-05,2.303456321291077415e+02,-4.323827259255747776e+04
4.789856695445643528e-07,2.321445517658058994e-14,2.884813189259139083e-05,3.084920741097550945e+02,7.109965123839058379e+02
6.076206078158775579e-05,4.045479332199579374e-13,1.414627172071328506e-05,2.647146299421256685e+02,9.848171784282290610e+05
2.987146475573891803e-05,7.930211430136216866e-14,1.866940874170675474e-05,2.238892148234943704e+02,7.987711063780919649e+05
2.884584761702181391e-05,2.260065015128969445e-13,5.186176614801614698e-06,2.559620581730530375e+02,2.441208880151675083e+06
1.338277214472747083e-07,9.633268683639638410e-13,8.619190160083434738e-06,2.243983737710634045e+02,-7.983107703120633960e+04
1.155168273458902409e-07,6.167474591549115636e-14,1.556568403546781598e-05,2.097692465473678283e+02,-1.882199158366834581e+03
1.634264588263039773e-07,1.501194010051496548e-13,2.368031900221452993e-05,2.621279412126275474e+02,1.078303629635425068e+03
1.078037811881708078e-06,7.854475777518819345e-13,1.127812163380791409e-05,3.389147796021611043e+02,1.314696420771434903e+06
9.441353807775160058e-07,1.052770988394322400e-13,4.155677604613890376e-05,3.006294629101233227e+02,1.931389436042273019e+03
3.573570102847226727e-05,2.282008855685421901e-13,2.941318323366921568e-05,3.514581913372342115e+02,1.606065790286252974e+06
3.362980389679028092e-05,1.373117259311495099e-13,1.272740857932376076e-05,3.159746705716046904e+02,1.091213109071175801e+06
3.194251483644052191e-05,4.856405967179102958e-14,1.031896530939595662e-05,2.543249544490197707e+02,4.277868122113083955e+05
2.812409508010468623e-06,2.495211278936071551e-13,5.377865527691946079e-06,2.848219720760064320e+02,2.578941015026181936e+07
4.751012579446433707e-06,3.937577690820145709e-13,2.251084435824829742e-05,3.883064181182707557e+02,4.406908590602642507e+05
2.038073357535374625e-06,5.978985160039696455e-13,8.865434479343945449e-06,3.580442111473950035e+02,6.094008053906311281e+06
1.282809078155898877e-06,5.160561786940953534e-13,4.186615744152659445e-05,3.649947315355376531e+02,2.136543263918227240e+04
1.797801991081518597e-07,1.055616715358827952e-13,1.525370423054691356e-05,3.042012477865218329e+02,7.802561264753111573e+03
2.538233007274931318e-05,5.393813798863387360e-14,1.144008015845283501e-05,3.215143806045700785e+02,7.524603037463001674e+05
5.499730699408091708e-06,1.260400157179200851e-13,6.716890766703140448e-06,3.097138407928447918e+02,1.172212951718907803e+07
4.327878602318042856e-06,4.257668791518327526e-14,4.233618800657398210e-05,2.906256640457489766e+02,2.933710243647090920e+03
3.860265663946587033e-06,1.022030998308578907e-13,1.485180635094741757e-05,2.102616732081855844e+02,-1.154286099365578848e+05
3.046491787095479071e-07,2.418846346464144730e-13,2.279510818296727172e-05,3.279545814026954531e+02,1.153625205754996932e+04
3.064338457132098018e-05,3.431567319363624586e-13,1.285487707171391737e-05,3.702179212249700981e+02,3.284503117016131058e+06
1.066684590406748625e-05,2.900823277712766309e-13,1.419326953736555745e-05,2.898951682734907536e+02,3.000631232088164426e+06
2.183821147541295884e-06,7.661927298110710095e-13,5.606319904239896883e-06,2.208521183119907505e+02,6.064168140473384410e+07
1.158587478815743031e-06,3.322273991204623258e-14,4.767752332152219567e-05,3.536101451076119133e+02,7.890414583893057170e+02
1.642341033449286408e-07,3.470231388566025723e-13,8.667362079687560778e-06,3.908737077568157474e+02,2.338774225365168531e+05
3.876515769875026361e-05,5.321724161767875533e-13,4.393687522845047221e-05,3.687635928779531014e+02,7.369754319791663438e+05
7.425435845899350354e-06,2.430942747386666477e-14,2.381797390764938709e-05,2.146660643231695929e+02,-1.121162863245489643e+04
1.972859272027551456e-05,2.529954316721247354e-14,3.337508744203271832e-05,2.950546501543086038e+02,1.913827604852603326e+04
3.869452073558090260e-05,1.052747168701801824e-13,2.650985375789188074e-05,3.955277313373816810e+02,6.319398701132729184e+05
1.133006100336736989e-06,2.109399704301594594e-14,1.840330283957583446e-05,2.754495510272159322e+02,3.415713895425346436e+03
1.653266201940819840e-06,6.527214587422165289e-13,5.369296189754146503e-06,2.429682952776260834e+02,4.157096990035933256e+07
5.572371391045603540e-05,5.941142721433851940e-13,1.623452055037861733e-05,3.491808758829596968e+02,1.719651710350281792e+06
2.108533367276619606e-07,1.044139630135098486e-13,1.473916624027988911e-05,2.885758103073930556e+02,8.002613350740928581e+03
2.202039850718450992e-06,2.288346748204596749e-14,6.443098532761813339e-06,3.042474554393579069e+02,2.910091054812109796e+05
8.541031384579048208e-06,2.547385484950887993e-14,1.638850728368689897e-05,3.353998734053005251e+02,1.052194626749685704e+05
2.625052180852137417e-07,1.962351753560986753e-13,1.445131499473375330e-05,3.588187566574208063e+02,3.908240520673139690e+04
1.017388976169303699e-06,8.493325697151345331e-13,3.143335978332138287e-05,2.293145748388853917e+02,-8.923425108419549360e+03
6.195851290755247568e-07,1.153592630306696060e-14,7.781326511625990031e-06,3.437658476072906524e+02,3.172088007783089415e+04
6.928456078540544015e-05,1.653484718582019061e-13,1.142946730997798626e-05,3.787936534055955917e+02,3.095835439348176587e+05
1.007978783366365106e-07,6.807471011651880420e-13,1.676878906134575577e-05,3.444231291006851166e+02,3.050520905040351136e+04
4.009674139590365993e-07,4.034896054414240902e-13,2.310733346782187204e-05,3.952441623370316961e+02,3.561220316643593833e+04
8.942995394241918486e-05,8.977820241858950613e-14,2.655295370922930223e-05,3.754223359394925978e+02,1.008917162198667647e+05
7.556019651768031432e-07,3.772236254187715493e-13,1.246584604668711026e-05,3.038210421834702402e+02,2.166240777281238115e+05
4.097595638434882608e-07,5.026077360016641630e-14,2.300550010693529248e-05,2.819527794432071346e+02,1.740193212048603073e+03
2.853489040838768539e-05,2.326744909043369586e-13,3.036433762423684234e-05,3.684367481353257858e+02,7.529340125989615917e+05
2.131012301300116366e-05,3.398434836367784349e-14,4.176195471959508372e-05,3.441565048245635694e+02,2.243049874543893384e+04
1.493265961420898338e-06,6.820758801733318425e-13,6.754922104052108661e-06,2.720796092096753682e+02,1.527716628891542926e+07
2.042941815648097222e-06,3.216036108286107673e-13,2.925551813834530233e-05,3.976262028661615204e+02,7.202619824226648780e+04
9.482795983302257366e-07,1.996169207385737723e-13,2.053297276882216498e-05,3.591653869782497281e+02,5.019558587087251362e+04
3.142236132447854814e-05,1.214738214704383483e-13,6.302908308591412274e-06,3.202933060114460773e+02,1.105746761539712548e+06
3.028077352743790507e-07,1.607386349905956212e-13,2.647569906258013438e-05,2.484341876871253874e+02,6.156315851325848598e+02
3.532783385673495011e-06,3.671733391239661217e-13,6.379756319869223452e-06,2.387320879942056422e+02,2.972866500137898326e+07
1.031329467124045470e-06,6.910735411123958063e-13,7.285977973497822257e-06,3.991280531464032038e+02,6.850386935917714611e+06
1.343326139839043014e-07,4.864099289986673181e-13,3.324459826678951137e-05,2.884015472486297540e+02,2.063444802865056772e+03
4.760515986999488969e-05,5.736874112400237617e-13,1.558482289445110232e-05,2.383028894207655526e+02,2.275191111611563712e+06
1.209581574358280644e-06,3.039516979255933819e-14,2.019359895611986459e-05,3.307030194910961427e+02,8.475388777973104879e+03
3.794619096904424383e-06,4.721131228332183399e-13,2.562727814680082261e-05,3.481307515568723261e+02,2.307667225425546931e+05
9.896253866201691415e-07,8.925446753746122717e-13,2.666051280041872461e-05,2.460292834024164677e+02,8.062516857195674675e+03
3.429325054115883393e-07,2.412043073325817108e-14,1.900122786085401517e-05,3.063395632132189803e+02,1.805378573202634925e+03
3.484513254898680633e-06,5.484163708277632180e-13,4.196193852446716756e-05,3.499378521965945765e+02,5.630170436533523753e+04
2.497062592804991764e-06,1.506201870755881383e-13,4.653032102020220485e-05,3.761882199783191254e+02,9.352381819643240306e+03
1.671678166386793418e-05,7.715937748360483043e-14,3.503476939442763487e-05,2.120211657501598950e+02,-2.915234928535562358e+04
2.435558004347004562e-05,2.229518313374917639e-13,1.304320082408026265e-05,3.101608270201215305e+02,3.378039381397274323e+06
8.517360988952553256e-06,8.978810392962882326e-13,2.926853012568988560e-05,3.282538966305536405e+02,6.016288025609228062e+05
1.734209521811154298e-07,4.220620433200191224e-14,3.297196571061223957e-05,3.971255853582148347e+02,5.585644075685800090e+02
5.597875408034373611e-07,7.299420739980002670e-14,4.294185977553437861e-05,2.422040399870211900e+02,3.246681214147884020e+01
3.425551478371693972e-07,2.917990778593356806e-14,9.645368577399464818e-06,2.632602043314120124e+02,6.808837059632272940e+03
1.429446597727936537e-07,1.017126149661874579e-13,4.116685012036945713e-05,3.337052121252405641e+02,4.045846875041874000e+02
1.455990566474285418e-05,5.870076578259014223e-14,1.463332138138534630e-05,2.983537902814339873e+02,1.349749978106717346e+06
9.811904086868735863e-07,1.819705566481014002e-14,2.096349737617738640e-05,2.589445015518559217e+02,9.809270472406180943e+02
3.552551899633617687e-06,1.880940714510192088e-13,7.398004575512290943e-06,2.469591092250719271e+02,4.986171438904915936e+06
2.976765771276441966e-06,5.135218679941379521e-13,2.620306482129250851e-05,2.665711590315722219e+02,5.955816412791881885e+04
2.004848333883397498e-06,1.734530525276543313e-13,1.567029419509300415e-05,2.792296316574728507e+02,8.902739257446880220e+04
6.099156491655824722e-05,2.732531702114687379e-14,1.900502696331610658e-05,2.904190761310488824e+02,6.602011467792528856e+04
4.083061059419026575e-06,1.215226353811131251e-14,1.234272272189721896e-05,2.940262907762534610e+02,3.464199571837703115e+04
2.597084720360682016e-07,1.534214649208170381e-14,1.558867877472699124e-05,2.231088278733323023e+02,-5.505906241098532519e+02
1.871452153811443767e-07,5.833570177946108817e-13,2.563845984121043914e-05,2.006606878313814377e+02,-8.779634412191588126e+03
2.773555554980087352e-06,2.405377476960462558e-14,1.334887736083162143e-05,3.903913974646232532e+02,7.567579509309493005e+04
2.172116847576166999e-07,6.546610605408607529e-14,3.473233732151621118e-05,3.736501410442789393e+02,8.392943603799697030e+02
6.429513789606611922e-06,5.341547881334582230e-13,3.304629043930289265e-05,2.988504909880471132e+02,1.318275332161572878e+05
3.254099348732878813e-06,4.205022853890198254e-14,1.349410891457745375e-05,3.258046934430034298e+02,1.032916178716331488e+05
3.446513278448853310e-05,4.699432280925243362e-13,4.461274477831637041e-05,2.040434990830601407e+02,-2.346838042022344307e+05
8.874232388046734887e-06,6.153722349759148168e-14,1.742123634039795753e-05,3.970268583622766414e+02,3.049268573523747036e+05
5.310202315607720166e-05,3.940064965749517833e-14,5.115778555116449699e-06,3.068297933598169038e+02,1.255832926448130311e+05
9.542312392651632771e-06,3.017602620917293109e-14,6.281697094826019940e-06,2.384776641254356946e+02,2.978553506551117171e+06
2.883323904787782959e-05,4.658923956779039724e-13,2.644173921102154647e-05,3.416550167662047102e+02,5.036738170154417865e+06
4.826453416776190367e-06,1.085329111075454693e-14,3.438269933473179731e-05,2.985892915025949605e+02,1.758657221119577343e+03
2.694821226607734850e-06,2.002528524330639841e-13,5.562967521983967851e-06,2.415345739225727471e+02,1.526051062220773473e+07
2.579506796460095716e-05,8.164937714294537274e-13,1.100605620201444838e-05,2.072938183719417111e+02,1.102884775013049878e+07
3.868848709777759903e-05,1.249871275651628475e-14,5.275591850903580676e-06,3.485039717020364378e+02,7.505029634349203843e+04
4.290214204770530080e-06,6.098054594530959753e-13,4.267818358835206766e-05,2.920026109805713190e+02,4.160031769846883981e+04
4.847857462711959499e-05,1.225280301401649043e-13,3.770283683476455532e-05,3.399605529891605897e+02,4.685828456861865125e+05
3.820133433768366994e-06,2.881855709405318939e-14,1.963977771195052314e-05,3.724603749251089653e+02,3.613877137238309660e+04
1.360769118660526536e-05,1.946780232661672793e-14,7.555385281188122611e-06,2.431627209876122038e+02,9.449278659097843338e+05
7.816476624174050818e-07,9.405945351791123770e-14,1.688484623018312163e-05,3.301711932196402586e+02,2.885842935357664101e+04
2.854387595970629771e-05,2.928006253314007255e-13,4.776905491364060678e-05,2.281005764212216889e+02,-2.939238476318796165e+04
1.544957853482519286e-07,6.140991109257124696e-14,2.120503423281423999e-05,2.144701448402389587e+02,-8.189032579534775778e+02
8.957057054196078424e-06,3.479866241767607107e-14,7.947639299555492128e-06,2.257476827964249537e+02,3.898364900528243743e+06
3.479672862553422627e-05,5.426642852877718757e-13,1.577774905304141028e-05,3.966265165709452276e+02,4.028144357021100819e+06
3.231785160684685082e-07,8.761267393604682226e-14,1.571917961508443272e-05,3.944333906967872281e+02,1.973571947215270484e+04
3.016681616392792971e-07,1.381944576220274401e-13,7.055440531307408579e-06,2.498545103563058944e+02,3.493076658508814580e+04
1.002338484249415145e-07,3.807923968431003142e-14,1.120180819292601635e-05,2.573727110630467791e+02,1.267274372075927658e+03
1.436359554096091814e-06,8.465268217642605006e-13,2.156421162279067069e-05,2.856483989041141172e+02,1.359688655064007035e+05
9.891966011782295448e-07,2.119366089967578973e-13,5.730175479478452795e-06,3.859517909278923185e+02,3.452631884722709190e+06
5.072628918217752787e-05,1.050775205800890154e-13,2.415322855765664406e-05,2.222829579384894316e+02,3.670238178241892601e+05
5.214945222937415184e-05,4.586203671136484991e-14,1.237820597057254999e-05,3.018163533703209964e+02,1.515669299661478435e+05
9.715175852505110132e-06,2.261289135980089004e-13,6.870552802097240669e-06,2.933009239394946803e+02,2.153304174779301882e+07
7.730297832640569612e-06,5.859432242509633874e-13,2.316029058180031275e-05,3.487401515253366142e+02,8.416726264676717110e+05
4.350330861118208061e-05,9.313742993458103559e-13,2.992802674723493914e-05,3.415716885599716193e+02,4.423135987013868988e+06
9.491144009300897804e-06,3.280869751346899737e-13,1.385757655697204927e-05,3.458558848819955074e+02,3.914489375141921453e+06
2.730841377151679493e-07,2.451526258183305991e-13,1.785784265955101547e-05,2.891309907482852282e+02,1.381322067361758309e+04
3.753251859393586553e-07,2.252599703953143901e-13,9.791703116072270193e-06,2.085733530429032214e+02,-9.194279216608691786e+04
9.347446596067674234e-07,1.302582344574474395e-14,1.195834080182121498e-05,3.132883789293570089e+02,1.153690743197333541e+04
3.153670841578507639e-05,8.688253997661398393e-13,2.202168040206943156e-05,2.146761503198079026e+02,7.851459626278552227e+06
4.630228360708512768e-05,3.755545629531918392e-13,7.112994117071611621e-06,2.378309190724621089e+02,1.574413626198110403e+06
1.657887858112851005e-05,3.462833156042034028e-14,3.648530868335943901e-05,3.418360828216303844e+02,2.585502004995499374e+04
2.220922520792608607e-05,3.798419336216387882e-14,3.132727375851529397e-05,3.135308835488162913e+02,5.122282383502488665e+04
1.920757956935845674e-07,1.336175062035962122e-13,5.911241826743958505e-06,2.832110445756136414e+02,1.331163837164449214e+05
6.753795518799469163e-06,2.099903105700233149e-14,5.681616488165816482e-06,3.500359844333750061e+02,4.137652931636621244e+06
5.900290935928587727e-06,4.309833442387827192e-13,5.652922306973397490e-06,2.285490511279719215e+02,1.112664550712941587e+08
7.286582358297710687e-07,5.582707537384183623e-14,5.237027931748820956e-06,3.323876601103352186e+02,5.622755860881188419e+05
9.468910150499969182e-05,1.223650990956895904e-14,5.887326440345966935e-06,2.377103425343297829e+02,1.226614780016896657e+04
1.109219518942061575e-07,7.599752053875383909e-14,2.163044447267924080e-05,2.314126173325490186e+02,-2.136991598943550343e+02
9.890578887457861516e-07,1.123690804527830555e-14,3.885021930351462052e-05,3.702284860568571503e+02,4.610159788704697803e+02
2.152010089681095006e-05,1.661768940433608653e-14,1.156071924168737140e-05,3.349014086108405195e+02,3.225021761114213732e+05
9.304983781361704657e-07,1.629010079867720967e-14,2.745105745669539573e-05,3.774673619416369661e+02,1.845607423635093710e+03
1.712848215364859996e-07,5.911416836499610534e-13,1.035653542649740680e-05,3.527153996710651995e+02,2.018145784200879280e+05
9.008546489871744914e-06,3.137308691964459099e-13,6.943246543909549728e-06,2.275447969047363586e+02,3.474548856662511081e+07
1.812070023859865473e-06,2.448670593227530185e-14,1.095727842945462090e-05,3.602171448361044099e+02,7.848127665288042044e+04
6.705992185414915452e-07,2.594305782682404965e-13,3.424998412683979770e-05,3.835861922158147763e+02,1.120756672120342591e+04
2.300785839539353620e-07,8.431211892674138785e-13,7.297080554102493061e-06,3.335055655400389014e+02,1.044956249213924748e+06
6.889724416978152213e-05,9.119153080911373173e-14,2.432584332843462080e-05,2.520955791953661276e+02,1.726638509381359909e+05
1.212401907928040661e-05,2.620771308599199095e-13,1.084614469658048835e-05,3.204750125457919125e+02,1.602457505759067833e+07
6.331232087806063316e-05,2.901785277960874521e-13,1.013051019352084972e-05,2.615530463977138993e+02,6.506379985165281687e+05
6.400268589549777567e-05,2.527557440409671339e-13,1.197302849316251798e-05,3.805041393662132236e+02,5.545685706710285740e+05
6.077047117131703600e-07,1.274067733037380240e-14,1.670829886244337863e-05,3.773322603247541451e+02,4.178465736298467164e+03
1.737574515918426529e-07,8.443207338589212897e-13,1.283158973572090956e-05,2.337520005927147224e+02,-1.221002803074489930e+04
5.366868398076213981e-05,5.869964298524624342e-14,2.556915370785089607e-05,3.642277520716975800e+02,1.831657152419271588e+05
7.873693429607184010e-06,8.518976138077115551e-14,1.564881492465594097e-05,2.731822104744732087e+02,1.658835739940856001e+05
7.370630542746411401e-07,1.036619468112027052e-14,2.707064182379209804e-05,3.314078905645409918e+02,7.346035990727712033e+02
1.304341969787858843e-06,3.397595737060528160e-14,1.053523427594661213e-05,3.460644094649201179e+02,8.070744745748059358e+04
2.929915312996680119e-06,5.058111544457473305e-13,1.682435119938956731e-05,2.909856791382227357e+02,4.097209743806676706e+05
6.859655348829823741e-06,5.489546546227302127e-13,2.908947952820085456e-05,3.421850901774390081e+02,3.233333383414414711e+05
1.638133691432039703e-07,8.506308354532756530e-14,1.683021988312685636e-05,2.404809154482784095e+02,4.045644667716942422e+01
5.014454631330445635e-07,6.483899599171466171e-13,1.365749870687799398e-05,3.791011445211647128e+02,3.248027428448961582e+05
2.483676963397888550e-07,1.182143072667220726e-13,3.695503337739080457e-05,2.094448280460840408e+02,-5.867758340050393144e+02
4.291668671958091304e-05,8.089644936420894699e-13,2.060095427499133912e-05,2.146739058684462975e+02,3.947550612013895065e+06
2.497528556022425674e-06,3.122555163876901335e-14,2.377034893143545690e-05,3.581955301038582888e+02,1.329050110956339631e+04
1.796154846074131384e-05,4.004431050151787802e-14,2.189576773864549430e-05,2.520026009952717345e+02,2.804936944752544514e+04
1.357653048097257845e-05,3.315243693645943067e-14,2.005591455781392400e-05,2.961911577811504799e+02,8.347208970395255892e+04
3.753247608644128031e-07,2.786701392359677982e-14,2.336759389189030158e-05,3.484686523549016783e+02,1.764156639074982877e+03
5.528542440627950723e-06,2.733016022362081877e-13,7.502459628737109500e-06,2.306280891745138604e+02,2.085301125333969668e+07
2.524027075133227543e-07,1.266206341566625697e-13,3.477092721177116926e-05,3.396609052355145195e+02,1.542208701831817734e+03
5.732154377379258508e-07,1.410883535336174696e-13,4.905390691268846098e-05,3.173202866779631677e+02,1.154274230297971826e+03
1.554562262014394327e-05,3.551756042526578889e-14,1.755087802274622085e-05,3.441012214797810884e+02,2.705649677940476686e+05
8.468984057268619786e-07,4.624544652481034807e-13,2.618705054874309707e-05,2.776244398063482777e+02,2.045227383452369759e+04
1.488322728903954317e-05,2.182537918961542776e-13,1.462622518852722224e-05,3.658539432122929611e+02,8.855604001965450123e+06
4.982070744967642692e-07,3.546841623242471434e-14,1.166144490895857927e-05,3.589386113310289375e+02,2.554197092613875429e+04
3.328422090836834137e-05,2.484660415267990912e-14,2.035859269225093727e-05,2.404959181888615092e+02,2.015769491031564248e+05
1.111532375771864711e-05,1.098721695320899470e-14,8.850313094412233205e-06,3.618862787395025862e+02,7.992710530344492290e+05
2.027784152523070703e-05,6.674874535685740992e-14,2.365829725659467761e-05,2.773699190668629626e+02,1.187817988519580977e+05
4.087878202159576544e-05,4.476959955068267698e-13,3.917688871711383586e-05,3.993065764400848252e+02,2.407897151589869056e+06
4.631665201138471600e-06,1.431049275832995370e-14,3.163728890183596198e-05,2.632532114349182848e+02,1.286465356682077527e+03
5.933610026139093590e-07,3.988158026907612776e-14,1.657556883327837577e-05,2.554824998656178821e+02,2.178111542413302232e+03
2.492179514296658100e-06,5.969042250263962972e-13,1.618457347570906868e-05,2.273933270905920097e+02,-4.970558959198073717e+04
1.185333760570146818e-07,6.252715893837309045e-13,3.729919026482829625e-05,2.108610335027098301e+02,-1.364567994001578654e+03
2.168942059607477520e-06,4.280480947971689040e-14,2.791419939056594509e-05,3.434566933305005705e+02,8.905267875554034617e+03
1.598208820268075151e-06,3.953982409577130103e-13,4.961747623468717295e-05,2.663086835675187558e+02,3.534613303758738766e+03
1.393875216524244145e-07,3.176139252001479114e-13,1.478224038044005569e-05,3.677644663664111704e+02,3.292138280903182022e+04
1.947658864756825811e-07,9.055392844008135358e-13,6.832833181869914714e-06,3.682882011296428004e+02,1.409316004259354435e+06
8.427187039199853682e-06,7.439178470489030298e-14,3.507573560631532756e-05,2.112477298319802799e+02,-1.389877200694885323e+04
1.460971686639880836e-07,5.930249069015228332e-14,1.172543536039826213e-05,2.442029619585840123e+02,6.397820441706708152e+02
1.485787466681073873e-06,2.280126007102838752e-14,4.712360363695314227e-05,2.622099073483619236e+02,1.896420215260889108e+02
8.548956575777960943e-07,4.372331959829411680e-13,6.690119491570534488e-06,3.083915109808735906e+02,3.170732619392341934e+06
1.069793773712314978e-07,3.735588184625616668e-14,1.135158182786279212e-05,2.568552163880918329e+02,1.239551912279078806e+03
1.671739969995433443e-07,3.996914790761710498e-13,2.061197890280620605e-05,2.007656741854135873e+02,-1.030794490475726707e+04
3.027651727879600931e-05,8.989530515514538179e-14,2.724664607118288043e-05,2.877608593775372583e+02,8.814055809894180857e+05
1.630390710230544645e-05,1.605412018903911358e-13,1.411577979922017405e-05,3.510958328439377283e+02,5.428173794960402884e+06
6.335200396681529364e-07,7.296567283063192347e-13,4.852802856474418459e-05,3.753756740289596792e+02,1.008570501471089847e+04
1.406163574071990412e-05,1.241614496339506948e-13,4.105014729104934721e-05,3.283027599597187987e+02,4.859791320515424741e+04
2.624313742450139772e-07,1.907082440267883182e-13,1.194752680315937972e-05,3.863990296830900775e+02,7.689221469111430633e+04
1.540664422621181005e-05,1.384129528669733179e-13,1.796226426679005275e-05,3.903488542408435364e+02,1.237192679715532344e+06
2.328422196779330781e-07,1.056094142080608100e-13,7.061741244667704832e-06,3.355144778275767976e+02,1.376935615506115428e+05
6.002232125952397347e-06,1.292565012093178058e-13,5.183478907205712371e-06,3.054737994480582870e+02,3.224611810769827291e+07
9.842410021166609160e-05,9.483477440809860714e-14,2.976237567408765723e-05,3.848989318814792568e+02,8.798635516342033225e+04
6.620442559422367299e-05,8.922560881499028573e-14,2.326880076543176828e-05,3.880956173128105320e+02,1.829641888295680401e+05
1.749335788227219646e-07,2.669170272668621516e-13,2.266406503595512186e-05,2.549147672347937146e+02,1.622547272273826820e+03
6.055092220061583529e-06,1.540995486448874731e-14,1.401417232570469234e-05,3.756168017397606604e+02,8.938439147467752628e+04
2.680967150774655136e-06,1.405003964497639323e-14,2.618162495479772956e-05,2.360457008267844969e+02,-2.438337786725683145e+02
1.426607424173795081e-07,1.497641000976298588e-13,4.638107360993622971e-05,2.200369916640950407e+02,-1.343162401749284527e+02
1.297735449699049634e-05,2.093315860245295679e-13,9.895652552583489458e-06,2.166506536234674343e+02,1.117154002409687452e+07
3.289595258544494986e-06,1.292856561048237583e-13,2.267940434151690402e-05,2.751380151888566274e+02,3.245037478191527771e+04
7.568790620284234320e-06,1.178196733638126771e-13,2.752278372904059733e-05,3.667515997320939505e+02,1.045602508780499047e+05
2.556541974241665920e-07,8.072287844408626302e-14,1.455425875819372515e-05,3.594703296391251115e+02,1.538254191400310083e+04
3.795483579767066005e-07,4.328383213250512160e-14,2.200309317779340179e-05,2.017425600157320673e+02,-2.022105144907751765e+03
1.379417367397619668e-05,5.002576002331247390e-13,7.134046090248104332e-06,3.598855614985340594e+02,2.362941307998200506e+07
6.016951493325207735e-05,9.123044976656557529e-13,1.474074086095945852e-05,3.757886886542149796e+02,2.264839410275986418e+06
1.169380622343397096e-06,7.902357403112691730e-13,2.515502226531072505e-05,2.309070021343035535e+02,-1.543754970107918780e+04
8.950953469871610307e-05,7.215794972963413919e-14,1.138591730009686011e-05,3.849452507894945938e+02,8.094615124022214150e+04
4.541182412631247676e-07,1.907957852930931852e-14,2.668229596391211660e-05,2.114763771267581092e+02,-4.253590887447895739e+02
3.665096098286994770e-07,5.743551275345514237e-14,3.126154834730991217e-05,3.167404879653411740e+02,1.154198902553237986e+03
1.531981731885398093e-05,6.118562597706066419e-14,1.358057580859206625e-05,3.429311339410055552e+02,2.343110945280033629e+06
5.917996805229781487e-07,9.388864376505903048e-13,3.083187610391912453e-05,3.705852786091659823e+02,4.619332398821198149e+04
7.293156474436608239e-05,2.227299568379826391e-14,3.486860348582305347e-05,3.554378746072968056e+02,3.763554317457910656e+04
1.385199451863282278e-07,1.989583265895463531e-13,3.780411596659040820e-05,2.341917249406898804e+02,-8.746626753629993800e+01
5.059236024421485297e-06,4.699472028781224662e-13,5.937269011215203357e-06,3.727248881442580455e+02,8.833710430012510717e+07
2.554090416487210933e-05,2.937920744088554454e-14,1.437176024905532257e-05,2.194492540141844472e+02,4.047791732385412324e+05
1.672703334261317661e-05,4.091530380676716431e-13,6.183530685618576719e-06,3.314863405428392298e+02,1.314312242927626707e+07
7.571705110420141698e-05,5.876849426951748828e-13,1.216286381758134791e-05,2.438105981466509036e+02,9.213142723781093955e+05
4.857599807504790895e-07,2.277109997915096595e-13,4.159789895684788707e-05,3.928388386529689456e+02,4.133672335541778011e+03
7.053887874125063759e-06,2.194877742450373286e-14,2.393695446911507833e-05,3.332924353236426782e+02,2.241553715998675398e+04
2.457755698015273081e-07,1.562729052437938154e-13,8.202924539566903934e-06,3.464343725396045670e+02,1.480360691930247704e+05
2.732492459011108683e-07,8.709516438062030244e-14,1.433614972593759910e-05,2.866204232273040020e+02,9.084574059422153368e+03
1.660675990128775498e-05,2.585181939939331763e-14,1.022094701834288903e-05,3.821460568840511201e+02,8.425038965830591042e+05
1.219786073120634622e-05,1.473042335601874230e-13,2.975220149878725240e-05,2.351811177716049883e+02,-9.479986481898216880e+03
2.113753843586654206e-05,2.925885058921748157e-14,1.870623035698455906e-05,3.801783578314247052e+02,5.885712698685993673e+05
4.159991966106046002e-05,1.017504598056987102e-14,5.568206964609187539e-06,3.024630562539183529e+02,5.284477035913811415e+04
3.634160441592314513e-07,2.406978280979801459e-13,6.354856235439592825e-06,2.196610187051856258e+02,-1.327961406200540368e+05
1.397868258697769776e-05,1.262734023254754086e-14,4.790477749357099040e-05,2.958330334458166249e+02,2.148566368658856845e+03
2.717769966391844714e-05,4.291641329179337325e-14,1.188361025991628644e-05,2.772972089592768725e+02,5.222141643108624266e+05
5.358964156326671656e-07,2.335366895881031927e-13,2.901431157057686122e-05,3.830888245771155880e+02,1.323302014633867111e+04
2.936910364672148280e-06,4.630405440705072942e-14,1.483078364004765355e-05,2.182056735715285640e+02,-2.895430819200587575e+04
9.110297165264909585e-07,4.759675716179233347e-14,6.680308778170989366e-06,3.339292737039299936e+02,2.864362048782970523e+05
1.971931106762630447e-07,6.120673073782772798e-13,1.681504627709788736e-05,3.043990362093675230e+02,3.714662686715328164e+04
3.809680608456472755e-05,2.098788748038272612e-14,1.421263236397233862e-05,3.494879366568605974e+02,1.299697282494590618e+05
1.805420561603950129e-05,3.711010965877164282e-13,1.782951596305070140e-05,2.967390589941386452e+02,1.023260211913091503e+07
1.077505867148319262e-07,1.709290192941574376e-14,1.774470695592926761e-05,2.603114236933474785e+02,1.778231404601961572e+02
1.591368790379354498e-06,3.569992589272130608e-14,5.715382780601357978e-06,2.172220665869113247e+02,-1.577463637873458210e+05
2.842799178336839741e-05,3.863445306069558434e-14,2.966921039151697613e-05,3.141819525073605632e+02,9.950049889231551788e+04
7.511632136469097924e-05,2.161858162522599213e-14,9.746564391464784864e-06,2.914507948734410547e+02,3.443572196589074156e+04
5.438162128667682114e-07,9.340272026657349356e-13,6.311310897390674536e-06,2.439861620243619313e+02,6.495732195876538754e+06
7.175778176756889080e-05,9.177377114245005930e-14,8.370613897889870651e-06,2.528170235642659236e+02,1.601884452789213974e+05
2.527037506475707687e-06,1.285935612995767765e-13,4.170977205537278849e-05,3.138309421169103643e+02,7.292047593431176210e+03
1.407966189778669838e-07,2.210079626342503249e-14,3.050452220872917848e-05,3.410501352045287149e+02,2.245619557462934210e+02
1.106804707808924524e-07,5.515472397592131961e-14,1.927228519785361915e-05,2.206177290335480734e+02,-5.179987759020671092e+02
1.941377491022781734e-07,4.551830536599729327e-14,4.184480705086034613e-05,2.662244053035743150e+02,8.213707461631688034e+01
4.508156628635591600e-06,1.327454545270447427e-14,3.554872515302782071e-05,2.014771162489531662e+02,-1.769438559187274222e+03
9.551110492933135145e-05,3.248449563205542458e-13,8.497584744628536879e-06,2.101860522380343355e+02,3.200508669223529869e+05
3.104515446462372083e-05,6.305016925358525260e-14,4.467702427432036641e-05,3.811308866741114230e+02,6.433983613024275110e+04
7.912929754010803796e-05,7.655245918127052206e-14,1.043561958767287417e-05,2.828702285512201797e+02,1.098841730605829071e+05
6.182225410915550298e-05,8.854052414647261916e-13,1.206126114506740012e-05,2.722547946587260412e+02,2.082106956501852022e+06
4.862471852459444469e-05,2.003286873530273591e-14,9.601070591398327419e-06,2.207647366788301611e+02,7.615169300461202511e+04
2.753774653333241292e-05,4.675906397332166988e-13,4.214494446307860161e-05,2.783561572721237667e+02,1.928520535902780539e+05
6.981294807020966482e-06,3.628520413352065433e-14,2.823118214982861459e-05,2.253144755875565579e+02,-5.163184555474390436e+03
1.200268703623509088e-05,2.788200043109888145e-14,3.760095657901845579e-05,2.831704042539648754e+02,6.838273621938371434e+03
6.884238812007762397e-05,1.578975813087389613e-14,7.997994856143242898e-06,3.734338529911250362e+02,2.994430522450404897e+04
8.741546823096648356e-06,4.891973131762857226e-13,7.231543458983463716e-06,3.576876216413066345e+02,5.753844293029126525e+07
1.811553427389711636e-07,1.236060998860781779e-14,3.289231093255441229e-05,3.032802130813507802e+02,9.077013154160459862e+01
3.943569982899091151e-06,1.101320677275776023e-14,1.080132605053854490e-05,3.454770724553006289e+02,7.568332401173363905e+04
2.360265284929020761e-05,4.118436553995755116e-13,2.403572845679174372e-05,3.466427834734275280e+02,3.125201504613054916e+06
2.184540711346100240e-07,7.094918846381273608e-13,6.775696884529963432e-06,3.688969456431300955e+02,1.260893218336886261e+06
1.713647666533091249e-07,8.925364586333102025e-14,5.783177051968484592e-06,2.352584918235514806e+02,-1.011525512614291802e+04
3.525277135198387344e-05,5.120074567045390304e-14,2.218591209040823438e-05,3.910888999941975044e+02,3.702886291563310078e+05
1.853211016804550952e-07,2.518125625466931736e-13,4.798881735391779927e-05,3.880996647903705252e+02,1.114043510448764664e+03
2.893724042258244780e-07,2.140458540179267085e-14,4.151628552608393704e-05,2.961214963235178175e+02,1.134178386391123894e+02
3.550317250506689412e-06,1.241511169226951061e-14,2.559384752723532333e-05,2.316504124122644157e+02,-6.589110952664505021e+02
4.968904745043647329e-06,3.458416188435039674e-13,5.430816601528596132e-06,3.710747950823130168e+02,8.638949195598153770e+07
2.279026698811356365e-05,7.456537853950037864e-13,8.979260851463113696e-06,2.173663264365495706e+02,1.290295014809886925e+07
1.494183768607505680e-05,2.041175287909430774e-13,3.354241719317454308e-05,2.143443375869276508e+02,-6.934594623921006860e+04
1.672686967465385194e-07,6.390805796687634509e-13,3.928555403568867232e-05,2.224307550486701075e+02,-9.627958099675365702e+02
4.825866549206562036e-06,7.938930137282030495e-13,3.520255571921981338e-05,2.783886171062399626e+02,8.495892587308227667e+04
1.156212492118703916e-05,4.389539600618542368e-14,1.131860621077065918e-05,2.846946548409159163e+02,2.951170323714910075e+06
9.284732692468750386e-05,1.479894261675040219e-13,1.468143664136978323e-05,3.131693496458743198e+02,1.542916753235608630e+05
2.473819377175192228e-05,7.179582343076151914e-14,3.992646173762750666e-05,3.342577901549733497e+02,6.068840946873933717e+04
5.003312041953341484e-05,2.868808080650574132e-13,1.723239376734411000e-05,2.940812945761333026e+02,1.029999312993527856e+06
9.644422798421275487e-07,1.254028538078467535e-14,1.348143253300873838e-05,3.025456090638964497e+02,7.065801372020326198e+03
3.677747762475775649e-06,4.655441808058056709e-13,1.067510178365004261e-05,3.760265058024654081e+02,4.747016238540585153e+06
1.458284027357265212e-07,3.097230619552684146e-13,2.293705767859176872e-05,2.054878126012323492e+02,-4.345974000756393252e+03
2.514795981565033756e-05,2.119117332065679233e-13,1.768849491954787364e-05,3.892450180662320918e+02,3.011619541349711828e+06
6.017430472898539091e-06,4.141097673349278860e-13,6.816367992810527957e-06,3.399788920951123146e+02,5.992418354256527871e+07
1.239634658720952707e-05,1.869528856953629453e-13,1.076879190390116183e-05,3.151516728734227399e+02,1.093441042541611567e+07
9.834027502728996087e-05,5.444874828956570428e-13,1.520128713064589666e-05,2.502166279904526220e+02,5.060293204610084649e+05
2.821862103795862476e-05,1.245014340344638911e-14,1.268254000913641115e-05,2.646604405288369435e+02,1.405249364747863146e+05
4.739169700372124518e-07,1.006176456510070259e-13,3.926516152773228162e-05,2.683628920538368448e+02,5.755843729286028747e+02
1.838542224188737647e-07,1.666482393394201621e-14,6.322028113125065695e-06,3.489476455902152452e+02,2.618176320865781599e+04
1.042052122682957066e-06,1.731068366108812336e-13,3.004357064094527016e-05,3.327685409901005755e+02,1.282560637035993022e+04
1.070962800726302446e-05,5.753216698123677610e-13,2.054004243821190039e-05,3.288919527192359169e+02,1.714992944873823784e+06
1.312089566746892377e-07,1.598519663684816947e-14,1.274857170265954163e-05,2.657449187501297274e+02,6.780244231231451977e+02
2.524820574907262158e-05,1.031406917330948778e-14,2.239673259788322983e-05,2.904751436060237211e+02,1.454184853569419356e+05
6.264128000432588846e-06,6.355180453854777467e-14,9.329621978808428045e-06,3.414993614146429763e+02,1.244889921956917737e+06
3.099940426972988761e-05,1.488365029251388782e-14,3.524320070354996544e-05,3.367925933471951794e+02,2.581094154778655866e+04
1.058117711928330173e-06,1.971574647551357683e-13,2.744081404064149620e-05,3.703517123459041613e+02,2.457921985277844578e+04
9.364522479619451917e-07,8.356530473511528533e-14,4.503463715055807212e-05,3.969416126325437517e+02,2.342322862934192017e+03
2.258972568811563346e-07,8.204959367671953639e-14,3.311768018323981826e-05,2.531492372002983018e+02,1.832505955358592473e+02
2.958706193630700689e-07,2.434790225878405930e-13,5.681551497435154363e-06,3.715645800769757443e+02,9.900011180652716430e+05
7.470436083924265625e-07,5.376105301725798185e-14,8.931642296008378290e-06,2.830420826030079411e+02,5.957439734180749656e+04
9.569988616992664654e-07,4.992426715366294402e-13,2.279090922807614720e-05,2.136501787942087560e+02,-3.427045046746442677e+04
1.747797899371938648e-06,1.283934561824332654e-13,9.911925871716553723e-06,2.745178908857752731e+02,2.164914583710458246e+05
2.443377379938574737e-06,3.934131850723180222e-14,1.473571918922074213e-05,2.444460450584959403e+02,3.854080286554257327e+03
6.744264445313112805e-05,3.285221148778290756e-14,5.430989609090923977e-06,3.843328726830799269e+02,6.491514726605932083e+04
5.603802943518618255e-05,1.209779349948758264e-14,8.231309656339794628e-06,2.843742352969932199e+02,3.462510311746327352e+04
1.891306795886712504e-07,1.609989905147808211e-14,2.528815717056154795e-05,3.480355585648418355e+02,4.041022341410557601e+02
3.297550728908674054e-07,1.068657398559694100e-14,1.254788945155631739e-05,2.123248505264231483e+02,-1.607683308479028256e+03
4.460751235088257396e-06,4.630187676923859491e-13,3.042173736757661362e-05,2.622551563162061257e+02,4.384742190443515574e+04
6.906642642096300412e-07,9.404741697459453631e-13,1.733831749197692514e-05,2.589363442889293196e+02,6.568484054457947786e+04
1.012069419746220508e-06,3.411804326316003748e-14,3.357898362517335299e-05,3.890834362844735779e+02,2.416596215043713983e+03
9.835848938538691976e-05,8.598709902900797416e-14,5.739575955997680495e-06,2.857246670478054966e+02,7.988407585498086701e+04
7.523553054118263517e-05,1.173302027521345220e-14,4.551556929453882462e-05,3.591498007517274118e+02,1.863006901712655599e+04
1.819663927042323465e-07,4.543939609414565830e-13,6.142624706322975258e-06,3.525183607961592998e+02,8.117112396564802621e+05
9.675632083252927186e-06,5.199043399376538233e-13,1.799954319745041410e-05,3.612720609867475332e+02,2.548030851689411327e+06
7.274340208146791106e-05,1.320264073138946269e-14,5.667739568627484895e-06,3.413316939705011919e+02,2.242457428630213690e+04
3.879354013454727220e-07,4.991930252717576552e-13,4.148037311645804792e-05,3.736416878767392973e+02,6.709742252073666350e+03
5.420355135786581271e-06,3.231547872288480882e-14,5.775746884363291431e-06,2.076326697853477015e+02,3.014642058760502841e+06
2.270099039950062316e-06,6.615210847670004201e-13,6.658742119789940688e-06,3.503187179248616303e+02,2.842382024164962023e+07
3.259446798114202923e-07,2.797018483826069096e-13,1.989348340833222087e-05,3.947523944537548459e+02,3.138845088176288846e+04
2.044737362613733531e-05,4.969475452243697871e-13,3.123165084886148578e-05,2.845172553401185382e+02,4.607160274356066948e+05
3.844751740183375215e-05,9.419360968083939789e-13,1.024323211067530490e-05,3.771821300368475818e+02,5.727109071146509610e+06
3.897723433858421213e-05,1.214280903400877021e-13,5.856996647593189253e-06,3.110069994064633647e+02,7.183692650981826009e+05
3.203784933294705645e-06,1.759131128916645514e-13,1.363207224802078578e-05,3.536348857100218765e+02,5.086116949195534107e+05
7.161411903640045024e-07,1.795356942440653252e-14,2.138309444673773167e-05,2.820159961508587685e+02,1.354979958842121960e+03
1.380247428053298941e-06,2.022988126651261342e-14,2.574064888504212450e-05,2.771474947902668760e+02,1.518425552429752315e+03
1.950108828673188349e-06,1.628066782662149280e-13,2.811012238930110690e-05,2.478347907523369145e+02,3.133125002136996045e+03
4.773963833098459893e-06,8.131484330443731828e-13,1.193551570452184314e-05,2.617903022884722191e+02,8.895238439991032705e+06
1.082242757418776031e-05,2.332389701823711056e-13,9.424121099687489734e-06,3.990995031909460522e+02,1.789791154287020490e+07
3.224272958491136532e-06,3.095152911878022464e-14,3.908658126162699070e-05,2.391928403829361116e+02,-3.906108145479674931e+01
3.570950993776744742e-05,3.402195032451352024e-14,5.749525848881626118e-06,2.518980950100634288e+02,2.397960605819521006e+05
5.553233658593013224e-06,3.321748496358017366e-14,1.612057694268796511e-05,2.109276930334814324e+02,-4.321243387583257572e+04
5.719588131934239228e-05,2.166465751249798658e-14,4.321344638797556864e-05,3.380416298801742983e+02,5.952137201861065114e+04
3.949847212778719675e-05,8.598051070079916304e-14,4.011854609674684084e-05,3.076114859073252887e+02,1.563611022839212383e+05
4.832656015443368723e-07,1.429765549250931656e-14,1.110327801217030394e-05,2.651770921311210714e+02,3.315447710717602604e+03
5.209071020512581920e-07,1.285595046849342091e-14,7.001197021228359320e-06,2.235940403822457938e+02,-9.899487929449252988e+03
5.370782675890670645e-06,1.093151275378279803e-13,8.046865951193576496e-06,2.374591250849000232e+02,2.397911585709101520e+06
1.592614949348190387e-05,1.802984722042137949e-13,2.299819334092448000e-05,2.445780645362654866e+02,6.630449221372947795e+04
6.626901441193089910e-07,1.321403294129594162e-14,1.144856014109233602e-05,3.420112543035949102e+02,1.204616588153035991e+04
5.912049793132600968e-05,2.120011063100839888e-14,4.537982144986636035e-05,3.998741448615641048e+02,5.451456855137604725e+04
1.628368385646675701e-06,1.969785186768797258e-13,6.159334673102504898e-06,2.088363312557457618e+02,2.620959297668921296e+06
1.240037559257082935e-06,9.619333829310041298e-13,2.971528484095715568e-05,3.331414819658828037e+02,8.798073891352540522e+04
2.803436438857938201e-05,6.779127096319451338e-14,2.511107242512510533e-05,2.387760080316007532e+02,7.752521272928316612e+05
2.361422852366113211e-07,5.351642948108190169e-14,7.465210987707880101e-06,3.512731109007752366e+02,6.656076340936221823e+04
9.735014979183476006e-05,4.840945166766639121e-13,9.025929564470317100e-06,2.255325322572807067e+02,4.591002545479068067e+05
6.556997009387802557e-05,4.584517564452005860e-14,7.620269316288622866e-06,2.425077226139104312e+02,9.583723780829014140e+04
4.438081665700848230e-05,4.632590909251965541e-13,3.966398976214586159e-05,2.255892963981339676e+02,2.113897815640181769e+06
2.962114430282582919e-06,3.593200787002748813e-14,1.070641808608576660e-05,2.134552031831561862e+02,-7.457318777365032292e+04
4.500720114034316893e-05,1.756880335199268136e-13,3.760056409911087993e-05,3.339558709039733344e+02,7.795227375572527526e+05
2.199395450774516206e-06,9.430101617551451442e-14,2.372926517520644517e-05,2.838418386189529201e+02,1.662289876740534964e+04
2.684219186943922501e-07,4.818874595423548614e-13,1.597779104648267798e-05,2.802907166047313581e+02,3.155209831083470635e+04
3.925908219783371550e-05,3.289539408499612488e-13,5.318862517368622275e-06,3.385287131954396500e+02,1.918250972749959445e+06
5.556058270650760670e-06,1.339652886554225197e-13,2.681785217171357672e-05,2.398029313489487322e+02,-1.190856101125173154e+02
3.866250823850324473e-07,9.356257610290557765e-14,1.127143212047366149e-05,3.703836742457903028e+02,6.150921202227754111e+04
5.767851910927328404e-07,1.370727834966912497e-14,7.404529746978629802e-06,3.869627764162789276e+02,5.123118792120689614e+04
6.068108583468919008e-06,8.261880651850660366e-14,2.258086180034632340e-05,2.703236505088359536e+02,3.460635328863457835e+04
7.717071642482135842e-07,1.713903570110254367e-14,7.910509877181966443e-06,3.020869498421684511e+02,3.809159469953901134e+04
3.417392551225571299e-07,1.648953261532164765e-14,3.720343129914465585e-05,2.673893230578568136e+02,7.750143227613864383e+01
7.988809267288291171e-07,3.216906007600079286e-14,7.263061631202251366e-06,3.921428088462653818e+02,1.806921092247315100e+05
1.851900912757594029e-07,1.687701506910654604e-13,4.392008141698810055e-05,3.986529353808447809e+02,1.015048305112440175e+03
1.004380619309229377e-05,1.025710388206417866e-14,1.797372756555911915e-05,2.799650841775990671e+02,1.915853644782130505e+04
1.404289964004643457e-05,2.301529996238919704e-13,8.660395196463095845e-06,3.336351700245716074e+02,1.048947310190280341e+07
5.820496737299589971e-07,1.134955306732520830e-13,1.010019453624261391e-05,2.055488861186748011e+02,-7.364353801428986480e+04
2.716688682976566301e-05,1.902981774010363620e-13,1.583862358288372775e-05,3.650281281711466477e+02,2.317423997859187890e+06
5.485647349851221360e-05,3.880080718831972390e-14,2.109739421138266162e-05,3.531414671673206840e+02,1.158872370250890090e+05
5.399032401850643263e-05,6.137027745539476123e-14,1.898121216356814039e-05,2.848199499749349570e+02,1.892242695123958110e+05
9.850323321074143070e-06,1.383478169996528448e-13,4.929166703960752906e-05,3.919757461902611340e+02,3.086777085016494675e+04
2.175652909260116983e-06,2.819227077333964336e-13,1.256581852019067165e-05,3.188595185526329487e+02,5.552434179842349840e+05
1.477765822337169368e-07,1.447562002848642197e-13,1.766420034351495990e-05,3.129643992873896536e+02,6.255995905610360751e+03
8.656681953570139788e-05,1.032614690592301386e-13,1.705739757102148682e-05,3.896017483724927501e+02,1.238471434424069739e+05
2.590567450637414171e-05,2.817537107960696419e-14,5.701743242581349975e-06,3.108135064893758113e+02,3.773379223834899603e+05
5.582893514695215130e-07,2.215678656288159045e-13,2.965125156488269921e-05,3.175887277440464231e+02,8.015457852510591692e+03
2.511560853739758253e-05,1.231654722953580411e-14,1.567751389298304381e-05,3.134801661308557073e+02,1.754899233196965361e+05
1.489691919768308137e-07,1.194164526323849225e-13,3.607750574294324534e-05,2.881533108999644810e+02,4.376865440123198141e+02
9.068267316503477913e-05,1.141471792267786357e-13,1.783609154901292821e-05,3.745050013303113587e+02,1.247576467854349175e+05
2.338562419764399944e-07,1.056191072762661433e-13,4.733932582454214655e-05,3.414713949669289264e+02,4.783271223165982065e+02
2.040405223538007721e-07,9.015670169786582102e-13,1.990566470894109102e-05,3.562272584577393673e+02,5.261884466952750518e+04
3.240051475782644677e-05,4.380603029624110739e-13,5.051086111672754148e-06,2.211589710070793444e+02,3.750426834657456260e+06
1.613340608379487438e-07,2.121707735541844348e-14,5.843846264031537539e-06,3.419970727462612103e+02,3.537772886657311028e+04
9.158835600106176270e-07,2.173451961250697597e-14,4.397263123459376860e-05,3.379551522887621786e+02,4.692183116520421891e+02
4.587503403877614305e-07,6.097199633659857327e-13,1.358508379588482877e-05,3.617013060888925224e+02,2.603073926195718814e+05
5.405397849338291071e-07,9.643968018079932429e-13,4.527976167353228812e-05,2.220819100617299000e+02,-3.132002175340150643e+03
1.295646640221390615e-06,2.418493928510572376e-14,1.150899992522965169e-05,2.761964212320121419e+02,1.870475873700010561e+04
6.257643874310619409e-06,9.170296529555060102e-13,1.804229443431157171e-05,2.436356511184432350e+02,1.421342094007501844e+06
3.763628817734555954e-06,7.650391128386468867e-13,1.707459744165458907e-05,3.589391157967746722e+02,1.443832112447977066e+06
8.916046947659088363e-05,1.882532487368837578e-13,4.079230238091951659e-05,3.291066843961977497e+02,2.128376253453131940e+05
4.935007735648203286e-05,3.053854882013164233e-13,5.898398243830630805e-06,3.346649309395871228e+02,1.126998501293667592e+06
1.617161006133401290e-06,1.158429108001052355e-14,1.720207826442039171e-05,2.572655770240725701e+02,1.712199621353052862e+03
8.106976221380187014e-06,2.104386904408187427e-14,4.603285247958927517e-05,2.864105734567126547e+02,1.977604806552823675e+03
1.929094984921441889e-05,1.067799828873777083e-13,2.805559360905490759e-05,3.092736624155407412e+02,1.659082208609075169e+05
2.095214713232569177e-07,1.280960619186857739e-14,6.967292493463057624e-06,3.685879228828326859e+02,1.914530442176447104e+04
7.243503698948889346e-06,3.887321189324137591e-14,5.659783335218372514e-06,3.965985670278488442e+02,6.658918070740913041e+06
1.521609654463033063e-05,1.047134345508359760e-14,5.273357977577418667e-06,2.578582986057356266e+02,4.064868611631586682e+05
1.188019803564888225e-05,5.251452569445319493e-13,1.577953779804297207e-05,3.803555471038106361e+02,6.709791671440508217e+06
1.242078034333375523e-07,1.208818563124913618e-13,1.502009255450030538e-05,2.817292041990357347e+02,4.537592015805536903e+03
6.867998779769526776e-05,2.226005304118162135e-13,2.530830942297793436e-05,2.178253935032439017e+02,4.241469950570778456e+05
1.006664264131528863e-07,1.456777539598400170e-13,4.847869195272338323e-05,2.470562355336036262e+02,2.541618386255413498e+01
1.936679204293973557e-07,1.311241908216636259e-13,6.199351144135197584e-06,3.474995849839822881e+02,2.287158988651433028e+05
4.521666024432330321e-07,2.296255905560234412e-14,1.287291398863914009e-05,3.199039239847296585e+02,8.408315992495832688e+03
9.235076037003989629e-06,1.001528010771127361e-14,1.128375245451894402e-05,2.932684223228295650e+02,1.011576717496714846e+05
3.204996161626315818e-06,9.676216754179925321e-14,2.251497587089826863e-05,2.710991224723387063e+02,2.170532777833542787e+04
1.140246137285948740e-07,5.426770616212175335e-14,4.077916766470501305e-05,2.839947426652776130e+02,9.772907142075668219e+01
8.472705762760645688e-07,1.110239383089963757e-13,1.318063493949010371e-05,2.928112503862836320e+02,5.135368640197612694e+04
3.939680267778869605e-07,6.378285173257754994e-13,3.515088719064024883e-05,2.517080352853598413e+02,1.860947233328792208e+03
1.167252710142002119e-05,4.949742813340439613e-13,3.783866296060914568e-05,2.362937097079908426e+02,-9.523569404782610945e+03
3.993215882640982484e-05,6.541117478263179359e-14,1.582490491395641987e-05,3.183705607582785433e+02,3.686862896924602101e+05
3.387121249039015989e-05,4.983867980811029722e-13,1.825144788385854288e-05,2.959426095324349717e+02,3.904412200531808194e+06
2.723934520528132929e-07,1.452998686950073040e-13,1.489363252279933994e-05,2.292242246862078900e+02,-3.890628435201022512e+03
1.023037958903955717e-06,7.550595983489284506e-14,5.057117244119365277e-06,3.559484170420502664e+02,1.473104949019291438e+06
2.447566170210582842e-07,2.009008931170430948e-14,1.586157601668025229e-05,2.834905139635705495e+02,1.306989939008740748e+03
3.706243154901244570e-05,9.558342946218593286e-14,3.319407251987237820e-05,3.737405624760365299e+02,6.254108476638147840e+05
4.609839756601344715e-05,1.019925478326556875e-14,4.126155700697562177e-05,2.701531358436227492e+02,4.313674797040093108e+04
1.975169379263434346e-05,8.833393740437485087e-14,1.962362329104100437e-05,3.915265544288455430e+02,2.035023923598173307e+06
1.114757553944889030e-05,3.850968661420279726e-13,4.547262972526005007e-05,3.865460166579402426e+02,1.218675302612543746e+05
3.804468080006125739e-06,4.820161500634527389e-14,8.527619985622937956e-06,2.901735747027198045e+02,4.040621113545059925e+05
5.316274873185631043e-05,8.553791351869674782e-13,3.399804534505036888e-05,2.374010489209820491e+02,2.720159784174468368e+06
1.871604146357667929e-07,1.094405558915362068e-14,3.311216246604502950e-05,2.266435525198268124e+02,-2.298733736474453337e+01
3.369814432617378256e-05,6.774219287768744216e-13,3.836345505947015929e-05,3.111910281810215224e+02,8.809387481837582309e+05
1.767332185963348540e-06,4.662270121462953341e-14,6.651592261499231653e-06,3.366609320699504337e+02,5.819885914592738263e+05
8.130397444737413071e-06,6.892882505121890678e-13,1.046070906071134833e-05,3.785679013054451048e+02,3.204846694802470505e+07
1.108546837405836718e-05,1.172580935858049083e-13,5.882369945083566924e-06,3.501061313524357388e+02,8.576011461815737188e+06
1.828236013668823575e-06,4.400039302182007237e-13,2.646556939094646239e-05,3.853225981778659275e+02,1.133478004571806232e+05
2.796124260764094785e-07,5.810943086180575071e-13,1.945430695870692042e-05,3.565706817326535543e+02,4.988647197350276838e+04
1.141544953115690036e-05,2.521818586298350707e-14,1.399513283721027048e-05,3.179241596149948919e+02,2.168458873270065233e+05
3.309299333501079528e-06,1.951428664490348211e-14,3.890953906857796675e-05,3.099125539215621643e+02,1.713505296123681092e+03
2.250107002822466080e-06,2.879794513539292532e-13,7.707683520903213525e-06,2.180122100561088416e+02,2.984944552877979353e+06
3.910740209216728448e-05,6.392767581501595535e-14,1.136021749919422735e-05,2.404391337827596260e+02,3.756830492795175523e+05
4.994699339345028924e-05,1.100844789472794674e-14,3.108648462169018322e-05,2.020314388020005083e+02,3.966048386084472440e+04
4.396620739774154152e-07,2.222555013799768169e-14,1.080645731262603522e-05,2.389348054580875100e+02,-2.379667437026746484e+02
2.531928566500168218e-06,1.231495094023659557e-13,2.608927051299982159e-05,2.974208789540847420e+02,2.350826512885472039e+04
3.413228266861363615e-07,4.268577732010617641e-14,5.837722405021642421e-06,3.184002382474574802e+02,1.250933818193830666e+05
5.404276024576507915e-06,2.268422308677961809e-13,1.105553615112956960e-05,2.566132851352602984e+02,1.473600233103491366e+06
2.445320434495310478e-06,1.356308813899184248e-14,7.615525992389034213e-06,3.765558119722281276e+02,1.943061949020989996e+05
1.254139639570898569e-05,2.410927998227460269e-14,5.677015709759151738e-06,3.865009871310175527e+02,1.377663236385889584e+06
5.409078171670637285e-05,8.336657833776186571e-14,4.654038800386439435e-05,3.125743616940285392e+02,2.560920398485500773e+05
2.265770426497807248e-06,1.131278850698576994e-13,6.023537321434422209e-06,3.189739204519653981e+02,3.164291346581974067e+06
7.642769124372730209e-05,5.003381601245410629e-13,8.971232574387639941e-06,3.504824672532580507e+02,7.698617891147778137e+05
5.463248324746794237e-07,7.598931210229090948e-14,9.995993828925225675e-06,3.819544913744439896e+02,1.069262104605553468e+05
3.559697041768490535e-05,1.795797369216480504e-14,1.291745848632694621e-05,3.721253119909099496e+02,1.273743186799850955e+05
7.040098727577703453e-06,1.436088840379150772e-14,1.200466343478564312e-05,2.718901159976688859e+02,5.260518521303215675e+04
1.149815241895742957e-06,2.999190836559593685e-14,4.262098180992118671e-05,2.792116074945151354e+02,4.325588142517320875e+02
1.931290941212294782e-07,2.067668721899356120e-13,2.578046942987563796e-05,3.360456807254923888e+02,4.605227038595696285e+03
4.406170247518419333e-06,2.152692370623954825e-14,2.472220095545588710e-05,2.791594329841693707e+02,6.146273463005033591e+03
4.503058022306012366e-05,7.812378152849681458e-13,3.102916962710821459e-05,2.966181791244476926e+02,3.462731274022958241e+06
3.539555260399110361e-06,3.002077031628016234e-14,6.839075521398477245e-06,3.376870101459384728e+02,7.469500754784259479e+05
4.555214051309508766e-07,5.577360378999769036e-13,1.214382110482205818e-05,2.129341531876597458e+02,-1.177290365566688997e+05
1.670504991600284344e-06,6.788337421849038886e-13,7.317444928087665315e-06,2.706853057517653269e+02,1.249755559219162539e+07
8.992580558129679644e-05,5.892478327366707512e-14,1.445683592366893007e-05,2.427514038066052819e+02,6.549074609560822864e+04
1.239286950811061943e-05,9.246431695968730018e-13,1.214314032688907776e-05,2.216325225414475710e+02,5.411043566569317132e+07
4.835664070837675721e-05,2.754595292678922382e-13,5.613596066075619552e-06,2.628755394686505156e+02,1.058756703141753329e+06
1.026283167232018447e-07,4.516905678734507222e-13,2.093708454856163292e-05,3.041408366330547324e+02,7.364382107101969268e+03
1.329139793659753267e-07,1.087775351659194168e-14,1.368880153310840462e-05,3.796975527919366868e+02,1.433785442632391323e+03
5.208188374699753323e-06,1.878363784967300041e-13,4.368998637920887658e-05,2.947950408471898527e+02,1.514049570565538488e+04
8.088358750700334258e-07,1.378892010953222048e-14,7.638250991220990033e-06,2.009563278102506558e+02,-3.368403258369620016e+04
2.796491375120022517e-05,8.182920931429112133e-14,8.548515493866311161e-06,2.551514648865739332e+02,9.404419745362750255e+05
9.443343077363821144e-06,2.697803684274026392e-13,1.147034010274422950e-05,3.542106509388889322e+02,7.458641998164696619e+06
1.724594334653479313e-06,1.048319923786589910e-14,2.597361581116393696e-05,2.909801218951729425e+02,1.251419051246758272e+03
6.222928500549262541e-06,9.669926054035612782e-14,2.693822040344097325e-05,2.290182767903121999e+02,-1.030793493598955683e+04
2.657683305845896785e-05,1.158336931670406100e-13,1.214944624317424677e-05,2.896789509477791285e+02,1.473937488170979777e+06
4.699578838320795484e-06,1.031936729867228634e-14,1.855638875629925694e-05,3.032587050575681928e+02,1.115677394019361236e+04
1.529332038439975043e-07,1.761379069550823791e-14,2.043733154250620493e-05,2.958349728699218417e+02,4.117687981759946751e+02
1.243761823586530039e-06,6.820814360780946817e-13,4.247252112415518353e-05,3.173316365357464406e+02,1.866103300381810914e+04
1.994745529110611093e-06,4.376318533480611708e-13,1.438675160185694337e-05,3.181346642904748592e+02,5.193299326043560868e+05
8.021243962700149365e-07,8.371527246906541713e-14,1.434028357710051548e-05,3.617075652985544139e+02,5.302695016975801991e+04
4.865855019232764509e-06,4.124630527579165271e-13,2.827559139930453099e-05,3.265437799440055642e+02,1.646068236088323756e+05
1.300528954112436295e-05,6.321844731712751416e-14,6.527800065311574418e-06,2.849902571660584272e+02,3.359343336219264194e+06
8.291384480168460837e-06,1.066829185357195124e-14,2.748289190643320227e-05,3.045978979747574726e+02,6.418562959944460090e+03
9.916574523092290665e-07,1.536394522192296519e-14,7.562930397016893315e-06,2.676945414762387259e+02,2.537678167840292735e+04
2.637890039546405275e-05,2.575759566746801631e-14,1.120986121306488763e-05,2.222405066400859539e+02,3.326921578011710080e+05
5.252195273824930879e-06,4.064512524677037931e-14,6.310126751194908314e-06,3.869681812816039042e+02,3.331883178634325974e+06
2.981151053599303065e-06,7.172001611019262851e-14,7.358678021264934279e-06,2.819353775631240069e+02,7.564889079388866667e+05
3.627869539216567546e-07,2.452625424449816667e-14,1.527365334957427230e-05,2.238214829571007272e+02,-1.248131379052681041e+03
7.121421593513466792e-05,1.250496566869643036e-13,4.028393833513340988e-05,2.079211026964204336e+02,2.216152937484182767e+05
2.643663750710985262e-07,1.747482690424045326e-13,5.973673799184638371e-06,2.478755652775654426e+02,6.336305084455618635e+04
9.508815954189588185e-07,9.415520857178063821e-14,1.008401935814388597e-05,2.658578546941324134e+02,5.971565393331939413e+04
8.650658425713145299e-06,3.179303561532567169e-13,1.056305600478731691e-05,3.614805239435542603e+02,1.207652257444793172e+07
1.553458641437471842e-05,3.339027112118873513e-13,4.164800358154630597e-05,3.008285314621726343e+02,1.049315265540794062e+05
