m,r,omega,theta_tilt,F,F_noisy
2.803197311151155446e+00,2.749339183331240832e-01,1.187039195632474176e+01,1.059516448031819769e+00,2.623667652153773133e+02,2.630579335995068959e+02
4.777086633466709031e+00,1.520038163223298211e+00,1.594729254696640064e+00,6.338182304899437902e-01,1.210382516912318529e+01,1.374706145612550223e+01
1.148718257238351859e+00,3.617629612327302180e-01,3.760615661824500577e+00,9.528269542339659059e-01,4.603748756283013499e+00,5.264622908649787547e+00
4.768922512117597101e+00,3.959512971331876074e-01,1.666303861353239313e+01,6.454697936279764070e-01,1.856661670496568604e+03,1.854055356033359885e+03
1.903241534047184658e+00,1.346905027111235720e+00,7.423455893558823959e+00,1.456575787701082092e-01,3.129090729533475042e+02,3.147197846866937425e+02
2.404969020376590549e+00,1.722768412213006028e+00,1.401258115810058769e+01,1.124031352301860132e+00,2.453770829049522945e+03,2.454663578194250931e+03
4.224661672191988515e+00,6.641627012498383387e-01,7.409778308777349665e+00,9.287198984397896373e-01,3.260495392691030929e+02,3.249756327983825486e+02
2.341396113661225797e+00,1.111143985537835110e+00,2.434965140183428467e+00,4.640012529611738934e-01,2.422393914651466673e+01,2.538617535490737254e+01
2.973171594528767780e+00,1.580011492694479269e+00,4.155816932890389559e+00,1.128074639606771123e+00,1.553150454125266720e+02,1.560441902048988254e+02
6.240160095938076523e-01,5.330555934666159068e-01,1.512635612816134678e+00,5.836834950346291295e-01,-1.734375604720688857e+00,-1.146110611409636881e+00
3.890808989036629750e+00,9.421301103006853861e-01,8.310386407706692680e+00,2.113945138822052039e-01,5.569539290730660923e+02,5.570107735556977104e+02
2.921644909486751818e+00,1.267235712012358295e+00,4.726719347534684701e+00,1.614017675905723981e-01,1.839750748057694523e+02,1.850685007789943484e+02
1.983792724245914796e+00,1.617310814375281236e+00,1.595037922183820989e+01,4.647900725897612384e-01,2.505250688943984642e+03,2.503777780769981291e+03
4.047929165427818887e+00,1.232175662772150737e+00,2.015390984219944226e+00,5.123365586287647044e-01,2.506440621354308007e+01,2.473858631755697601e+01
1.864376731812402488e+00,4.630060381956578319e-01,1.458661566479191052e+01,6.378224032039486735e-01,4.350012105463483749e+02,4.340369719209884352e+02
2.540740502662931721e+00,1.694842668863901780e+00,1.375713142644631404e+01,1.788428043439736215e-01,2.491623361808674417e+03,2.492821054233943869e+03
1.103187637612241367e+00,1.659982782322702910e+00,1.033808843741672945e+01,8.630689589219182611e-01,4.128547458470274023e+02,4.129341900619907051e+02
2.314008439012081642e+00,1.501265242657061849e+00,9.968947355469660820e+00,6.817687855758646220e-01,7.333738430867792886e+02,7.327889295848491429e+02
1.415548583042673281e+00,1.519395316790351558e+00,4.440032465395992389e+00,8.291695338894011780e-01,8.918801417022010014e+01,8.762419724550642286e+01
1.680410031988322839e+00,1.020361705104446015e+00,7.256271220454253879e+00,2.564468025242771509e-01,2.095737140045777096e+02,2.090593295233399544e+02
3.876641026835236481e+00,1.370425870711850846e+00,1.577013395105950266e+01,5.625358057869043193e-01,7.802479485796006884e+03,7.802495770157043808e+03
1.761839410937179551e+00,1.997720425852996806e+00,4.675881368803661786e+00,4.610292926704865346e-01,1.669025153160600325e+02,1.663513095054613018e+02
2.683359384942357817e+00,1.954762609643855953e+00,1.286307090720855584e+01,7.229315357687869925e-01,2.700308332031845566e+03,2.702896459660641995e+03
4.913317399105573635e+00,5.356071264515550601e-01,1.518924412137915958e+01,1.012151054116745330e+00,2.110925740659447911e+03,2.112939189290059403e+03
4.827457371487040128e+00,1.347339055319481949e+00,1.867186649877229598e+01,3.959302012990479902e-01,3.839485660870996071e+04,3.838943428375203075e+04
3.761554733480901191e+00,1.761566814217215393e+00,1.922136100674242565e+00,3.210055981826421823e-01,4.174696067398841137e+01,3.796893418205306858e+01
2.935520849963453749e+00,3.082364526895762791e-01,1.126094402826008434e+01,5.636956913196208285e-01,2.828129274122989614e+02,2.824633832281886612e+02
1.746010418204168690e+00,1.234892431036328508e+00,2.811316771251881619e+00,5.436582873577717745e-01,2.974805408673580587e+01,2.890367326358309796e+01
1.222934039488071001e+00,4.078857242573201147e-01,1.784379754454898404e+01,1.159489113072333488e+00,3.749710861037054883e+02,3.753983720987027368e+02
4.864664359472596900e+00,5.304178203552176729e-01,1.911331794612989299e+01,3.374785619585647378e-01,5.415354373903958731e+03,5.415789017766003781e+03
2.822308634965454033e+00,8.465532510483733120e-01,2.061918425688655354e+00,3.148717071639308140e-01,1.384717681082801732e+01,1.808285432093011380e+01
1.021395256118466488e+00,1.202004594185461794e+00,2.885251844153180034e+00,2.900066137125911769e-01,2.035318941619699729e+01,1.812914789081243327e+01
3.305703899918751798e+00,1.174630932494470814e+00,9.695522983453509269e+00,1.165713371005584698e+00,7.946935087097722317e+02,7.939382986955182560e+02
3.995074014540340723e+00,1.107174052583201229e+00,1.572370570072581941e+01,1.037460130118230017e+00,5.334824372738741658e+03,5.338909915953726340e+03
3.258514854738681965e+00,1.923068563433699474e+00,1.270453801391957072e+01,2.312496900615706452e-01,3.706438607102609240e+03,3.707732013095012917e+03
4.627839671559062396e+00,1.116813967298877941e+00,7.302685709379821866e+00,1.182425839461402228e+00,5.582571302369664181e+02,5.595832569817189324e+02
6.781679449889128630e-01,1.519573047524656717e+00,1.233998198843130467e+01,8.514249095175245863e-01,3.408418094616387179e+02,3.398137967182638022e+02
2.878651684670097577e+00,8.017395870602865848e-01,1.616128578497266943e+01,9.676099928579297016e-01,1.786245465008699057e+03,1.782949314666987675e+03
2.567011472984316534e+00,1.539800609374462725e+00,1.850847583083753634e+01,9.103246682835821613e-01,7.856805386796009770e+03,7.857140316284455366e+03
7.805731061744402011e-01,1.546203122109202077e+00,3.628161018197445298e+00,1.017459770209470538e+00,3.039538030076191433e+01,3.061340847640500940e+01
3.385976761127187373e+00,1.405217672932550732e+00,1.701738791231556647e+01,8.585571659218459439e-01,8.586866047174637060e+03,8.584411343066147310e+03
4.336847773162955555e+00,1.557732348197785388e+00,1.331029639353518057e+01,5.828059552438354940e-01,5.799557825336228234e+03,5.798191372012666761e+03
3.168234581469278055e+00,1.230242052590873270e+00,1.118977327520143561e+01,5.313956993370809734e-01,1.170725674297349997e+03,1.170581586937895509e+03
1.670438514817504494e+00,1.740151235460890788e+00,9.374762341489034867e+00,6.350400447859784192e-01,5.286515729065411051e+02,5.267620696604195700e+02
4.279466844641339307e+00,1.698561082543831535e+00,1.070528569660474538e+01,7.406142416026005870e-01,2.590480670396224923e+03,2.590284130460520373e+03
2.792731466846792188e+00,3.735015930184207300e-01,9.715775403389049103e+00,5.542266671959339419e-01,2.359417480960665330e+02,2.361327141510054446e+02
2.798999980099398766e+00,1.007040417241056751e+00,1.374312325200697948e+01,1.331959140754039594e-01,1.394115221479506999e+03,1.394186393953617880e+03
3.888635934659800508e+00,4.172097159179296577e-01,1.832859673040961468e+01,2.701047886946430499e-01,1.949351170137138070e+03,1.948338586820509363e+03
1.165649161032304537e+00,1.910970270725072639e+00,5.500763086883736719e+00,5.982361677496664809e-01,1.508865723823300300e+02,1.520740685259016800e+02
4.188320236036746635e+00,9.828041533022697784e-01,1.039223268717932136e+00,9.765393688130714622e-01,-2.464347948085745088e+01,-2.286114557229279498e+01
3.574791077014657148e+00,5.961409725814100780e-01,1.489402895469115418e+00,5.250215279943722946e-01,-7.381888315591038641e+00,-6.740191706457911103e+00
4.041936236996605203e+00,1.707731375100622451e+00,1.832223590020795356e+01,1.050211601325383048e+00,3.582651123647478380e+04,3.582487477602000581e+04
1.362273165590608626e+00,3.569890872732121578e-01,1.864782129014207257e+01,1.108992637086622546e+00,4.082617742184903022e+02,4.097250787860612036e+02
4.110638725105385305e+00,4.773565075625994525e-01,1.762783101670305186e+01,1.890872192550595021e-01,2.258987808766911257e+03,2.257984928729977128e+03
1.360957667257401305e+00,1.421893886149166342e+00,1.206698932580886208e+01,8.953927495985941620e-01,5.917461827701332595e+02,5.935045040067092259e+02
8.669867781358071568e-01,1.113361981199883832e+00,1.211902600955080977e+01,1.148508711752070477e+00,3.137919027951611497e+02,3.116483279614062667e+02
4.348521384291816005e+00,6.811303992888457781e-01,8.674295240148875763e+00,4.279882547261439907e-01,5.008111252450195252e+02,5.026400596512771131e+02
4.375775732799507267e+00,1.237303584671921808e+00,7.418574127499237392e+00,5.901656016219268830e-01,6.207561331034717114e+02,6.207160061942407765e+02
4.444416933874611786e+00,5.732906128607569984e-01,1.873123437083775045e+01,6.071773321758150432e-01,4.563065314984619363e+03,4.560567817203950653e+03
2.623593737114556124e+00,7.566240996152258091e-01,1.107643579207499940e+01,5.940768790855948112e-01,5.462559663532592822e+02,5.456281674093255560e+02
1.733217748761732180e+00,1.299909105453610492e+00,6.228977765922093290e+00,1.010760757368732055e+00,1.891985115844317420e+02,1.893067161419748174e+02
5.319132287142481763e-01,1.789277878622321127e+00,1.348730127989144023e+01,1.112798025447464312e+00,3.676468631188183167e+02,3.681924457971472293e+02
3.405744030087265450e+00,1.465720890993039260e+00,2.741538149196174778e+00,1.021287597258005109e+00,5.549022909809990267e+01,5.352585284821794431e+01
3.739592225789118540e+00,1.357810011456013877e+00,1.399008235436569336e+01,2.416617453389091341e-01,3.982550278322228678e+03,3.980335532227898511e+03
4.260061474251234159e+00,1.543964846729034779e+00,6.175822015489664807e+00,1.082093618549597069e+00,4.839581213082200293e+02,4.843572903739141680e+02
1.768450223140439537e+00,8.810764051373911609e-01,1.418817285182600330e+01,8.554882693310382757e-01,7.014070395069834376e+02,7.004735402732238754e+02
1.468481752233381066e+00,1.965760508366971804e+00,1.015662743287618852e+01,1.129885049436941680e+00,6.086378805095403095e+02,6.091088917330007462e+02
3.376991210299645552e+00,1.300268324014280941e+00,1.736248757127952658e+01,5.321479327630997957e-01,8.007335370816545037e+03,8.008854409861502063e+03
4.122746749152543799e+00,6.636102959208904917e-01,1.537580626653620897e+01,4.362505088974280021e-01,2.190137336216953827e+03,2.186839761484251994e+03
4.836518927802369028e+00,2.647374461297380410e-01,1.968194930604363435e+01,4.736706928159002405e-01,2.054620402945884962e+03,2.055129179178920367e+03
1.177361736895298661e+00,4.011600535326058647e-01,1.203276963929428867e+01,5.200590402490596897e-01,1.676992812682354668e+02,1.701485752033069332e+02
2.669955746897014315e+00,5.573164729066232281e-01,1.669807774213577645e+01,1.071898866348590440e+00,1.108207486801341474e+03,1.107612433112600456e+03
4.526221379882780838e+00,1.521870750218313750e+00,1.351556205844280001e+01,6.331002526879048187e-01,6.613521328817547328e+03,6.611899699651072297e+03
2.402226081254467793e+00,1.666138096050705952e+00,1.499798755187107879e+01,4.168950414378066460e-01,3.016879850203821661e+03,3.018384337858180970e+03
3.152759279378216206e+00,1.865815121087795569e+00,1.801335986231543984e+01,9.479409363556073886e-01,1.881472996950179004e+04,1.881523686253420601e+04
6.102080487201344550e-01,1.357238423319624410e+00,6.945608078904773386e+00,1.537547752476097207e-01,9.695404462736844664e+01,9.874581076892356180e+01
3.530569492188225134e+00,7.350985819559192613e-01,1.612731101221206131e+01,4.822155204362909009e-01,2.271133815601047900e+03,2.270443384180945486e+03
4.635898788352201372e+00,1.709964360818279516e+00,1.860991985596302456e+01,9.704551268622820803e-01,6.227796713352067309e+04,6.227500349697322963e+04
4.220713983005245140e+00,1.916246305790841875e+00,1.979127445811938912e+01,7.692844048933399348e-01,9.411040384621442354e+04,9.411018382468499476e+04
4.484841200194760624e+00,1.454426912067649846e+00,3.770542927292144686e+00,4.989506577405256049e-01,1.820158747419422411e+02,1.811242184359197722e+02
3.471599212342355134e+00,3.302444719474522672e-01,6.343335454561023212e+00,4.029415283325665786e-01,1.033295050064239149e+02,1.048801526505190651e+02
1.604985202594299221e+00,9.397675582075448730e-01,9.068898592994271368e+00,2.008975431918549881e-01,2.857389660029200513e+02,2.861262316996743493e+02
3.958326495033144710e+00,6.480985336549365261e-01,8.236134241468596073e+00,1.268481215336934864e-01,4.019455664917728086e+02,3.986838680269025872e+02
1.452536341733797309e+00,1.890668921394747848e+00,1.881191358640197819e+01,3.208307160847137518e-01,3.359589192041860770e+03,3.357198865881654456e+03
4.240736755990075046e+00,1.660022104026928513e+00,1.477444997094090828e+00,6.376581624810796489e-01,8.240278332786996174e+00,1.000785640596150650e+01
7.822306515684571693e-01,3.258688018343829373e-01,1.803327167977530721e+01,6.029396590441096215e-01,2.034967226951423811e+02,2.048562527299780811e+02
4.214695160271000773e+00,1.296977474579350087e+00,2.612397682708418767e+00,6.822038275687979381e-01,5.717952607215554650e+01,5.589903934033856814e+01
1.240282699133455901e+00,1.973265649610920214e+00,1.881335559248088529e+01,1.274286097694708741e-01,2.639323418109969680e+03,2.639321320516834930e+03
2.188161484234888210e+00,1.142851028635640365e+00,1.850462384100618962e+01,5.822835004952526816e-01,3.042642575494066477e+03,3.043533722601619047e+03
1.925321749506339275e+00,1.800994419680027159e+00,1.016327856556631559e+01,9.107209193077985265e-01,7.484768563368481864e+02,7.494136650085426936e+02
3.611016658749835795e+00,1.662195218982714051e+00,4.309817346657930592e+00,9.248547049916704399e-01,2.132870833451916042e+02,2.150395677374202990e+02
1.303573451784673765e+00,1.048767317958799739e+00,4.638095588268495106e+00,7.137361283991303651e-01,6.171356409301645840e+01,6.222653534745958126e+01
2.283152729976439144e+00,9.956151135059867485e-01,5.928833763652370692e+00,8.751373356524673186e-01,1.710931968532882479e+02,1.709035401753512531e+02
5.262106779859142547e-01,4.909721379533789065e-01,1.712942948406709576e+01,1.104187259207901339e-01,1.844438192401174206e+02,1.839261231105417380e+02
1.681226207375456694e+00,8.380452262040185563e-01,1.127423462059195636e+01,4.700302059874382765e-01,4.003579257302562837e+02,4.024694113313227604e+02
2.395349664030298698e+00,5.444600161843693442e-01,1.762166757744259726e+01,6.634802514923516803e-01,1.081339643689762852e+03,1.076837935139605861e+03
9.766455651829599738e-01,1.722273650933199729e+00,1.533838768188885737e+01,1.112963839164355262e+00,8.352558829743900333e+02,8.349785723242073345e+02
3.349219757164509925e+00,1.286125888147798380e+00,1.938637373578313117e+01,3.831529012127330436e-01,1.398755846653009576e+04,1.398762446673806335e+04
2.211909214489395481e+00,1.885236088427242773e+00,1.356616178642208048e+01,4.217421901705722398e-01,2.173529964023559387e+03,2.170679266101818939e+03
3.763822721343074829e+00,9.386375915452247476e-01,4.230843137850637703e+00,5.845662091007066685e-01,1.260763653646972529e+02,1.267419925909733394e+02
3.442397049807774501e+00,1.463076777581359345e+00,1.139184083618302168e+01,8.532648434772260870e-01,1.748181495195896787e+03,1.746878933171009976e+03
2.440520369498327735e+00,1.699670334852719344e+00,1.504639311754970166e+01,7.364123167577346640e-01,3.260620062186786527e+03,3.262344951779417897e+03
4.402942275389897020e+00,2.231791046408455603e-01,7.800184190552553076e+00,9.259886033767629199e-01,1.241360959827487704e+02,1.238849118146801231e+02
3.344608028750751583e+00,7.811370983721659389e-01,1.999577190048912456e+01,4.039712030471537263e-01,5.610660239966855443e+03,5.611998546448434354e+03
4.146234584478346363e+00,9.852136251559211466e-01,5.127992510160199302e+00,9.824704476249455087e-01,2.094217769350475464e+02,2.118594641453900067e+02
2.038076257730508267e+00,1.871486199244246862e+00,1.860597763918236680e+01,1.101241171477901348e+00,6.811291587508233533e+03,6.812057446673660706e+03
2.946511803508050420e+00,1.766879942228253064e+00,1.030874203839056413e+01,6.936918661092026372e-01,1.306905544502576731e+03,1.305154102215730973e+03
1.383335983016390269e+00,3.521148369478077633e-01,1.705072144572702797e+01,3.966541640030539773e-01,3.479833213886003023e+02,3.449546841251910223e+02
4.982635355533825638e+00,1.919826410628830970e+00,1.112418867968432501e+01,1.029799364299797571e+00,5.241769384979907954e+03,5.245276153214940678e+03
1.594469589378471941e+00,1.328426856052686844e+00,1.146164663470070799e+01,7.872694307161031135e-01,5.886128575490381536e+02,5.883902731626631066e+02
1.655903602521962448e+00,3.294804333357513881e-01,1.443629653161596949e+01,1.049444258781958350e+00,2.754146513514056664e+02,2.740375214561370285e+02
8.293553257593468953e-01,1.442220047889758661e+00,1.095736280289261444e+01,5.641021263303170885e-01,3.176178926465909740e+02,3.179064068227125972e+02
1.660114035485314554e+00,1.739652734058241723e+00,9.520934231366483758e+00,8.274986460839111047e-01,5.395353918194234666e+02,5.391525691584581637e+02
3.934078396448239534e+00,6.659395097714935208e-01,3.256268513016310706e+00,1.358254018325195378e-01,5.900407135157811922e+01,6.070835588000349503e+01
3.640521068073866218e+00,7.807908030244783415e-01,1.378178866803138014e+01,3.799876421580831165e-01,1.522803088200901811e+03,1.522870944565775972e+03
1.079029455427262363e+00,6.998468419449261901e-01,1.924082487073719605e+01,4.368388563656306900e-01,6.310013562867782184e+02,6.310288554540150017e+02
2.193073256426424145e+00,1.464513315596196907e+00,1.890989164665117528e+01,1.114816447989209314e+00,5.307284733398617391e+03,5.305855573956551780e+03
2.394146275778583188e+00,1.492902507756834085e+00,1.892505873043822673e+00,8.554385156509423105e-01,1.027308930401309617e+01,1.121222550150808317e+01
3.492429108628823275e+00,1.593828615154638584e+00,9.297531035862069970e+00,1.507240030569979017e-01,1.106283973449499626e+03,1.104216240004789597e+03
2.551680333696869862e+00,1.857874036539516105e+00,1.231874624876295066e+01,7.139409968305414633e-01,1.950128631616262965e+03,1.951460410495790939e+03
3.139332470714891521e+00,5.272908474601329942e-01,2.876197163139019963e+00,5.783741452692212626e-01,1.448030316848072019e+01,1.752817819446098468e+01
4.278580716240240278e+00,1.474846277159825858e+00,1.450202597715307817e+01,9.381888233072198657e-01,7.648076021885533009e+03,7.645026649809335140e+03
3.769131246405667213e+00,1.362265380763929556e+00,9.233897063090985569e+00,3.349099263095877133e-01,9.954049095556033535e+02,9.904724510929007693e+02
2.142532685788514968e+00,6.727179481706575537e-01,3.466736996873074794e+00,4.671597436221174293e-01,3.082940026210427931e+01,3.206315777241292153e+01
2.517783392050179092e+00,1.955555266746673571e+00,5.040308309516413843e+00,2.874126670251859750e-01,2.632991489526280020e+02,2.683949445835942811e+02
2.154648063605029584e+00,1.058528405303476694e+00,1.348516948766739887e+00,9.459486138440630354e-01,-8.267452472391498830e+00,-1.026930217013528690e+01
9.938059880301353122e-01,1.907889456245992710e+00,5.372036972747269878e+00,5.907225001266361852e-01,1.236840894501573587e+02,1.211826979325533813e+02
1.414586948393284693e+00,1.949192827586592180e+00,1.430999677707297835e+01,3.385934318306352275e-01,1.320838939451786018e+03,1.322016877319347032e+03
1.777129200248589891e+00,1.820086572509534983e+00,1.037432911975579408e+01,5.763473181907812215e-01,7.292265553676477339e+02,7.275451121875311173e+02
1.913602530210359864e+00,1.027073647964167780e+00,5.441901661241611343e+00,6.313229437008438527e-01,1.274946883924688166e+02,1.264826374245953389e+02
1.908715364689719696e+00,7.035982222655396967e-01,5.802302814712704482e+00,1.077775706485965657e+00,9.373106089572010546e+01,9.303482596235255642e+01
3.095148723138283930e+00,1.254371490839647940e+00,9.993121874557429507e+00,3.679959640591803360e-01,8.667047469474634909e+02,8.677687511200471135e+02
4.872604890288895874e+00,1.009164499314749719e+00,1.493262514170975663e+01,1.748747887601934115e-01,5.636883990333158181e+03,5.636073385610371588e+03
3.985988607156794039e+00,1.042762847320229724e+00,1.958910586776049101e+01,3.728752341897280109e-01,1.502974021104259373e+04,1.503029597672275486e+04
4.060102766777623273e+00,6.393464186634723045e-01,1.047595113436670644e+01,1.618066210956776996e-01,6.804427948136184341e+02,6.800897282958312644e+02
3.916708252428109827e+00,1.716055535724110070e+00,9.422195009496734386e+00,1.464345900612978868e-01,1.482735942833380022e+03,1.481046600626076724e+03
3.186444787356903952e+00,1.515303367827106173e+00,8.203869570192843241e+00,4.774339536657795646e-01,6.810440425231092831e+02,6.804043900076228510e+02
4.629615157269107328e+00,1.757557276183772110e+00,1.660927120258010348e+01,9.097036069114776691e-01,3.192254897240164064e+04,3.192064817307130579e+04
3.603335699511864387e+00,1.156769886653350010e+00,1.194682793479091742e+01,9.423461833544791721e-01,1.583971795971032407e+03,1.583984825942771977e+03
2.751603938315919429e+00,3.667947169539501617e-01,1.840038224984427728e+01,1.068758689902013836e+00,9.566493203010656998e+02,9.544015878459343867e+02
8.468771382524243885e-01,1.752156091146166439e+00,1.141604283969906675e+01,1.020131283465462557e+00,4.074431032934383552e+02,4.052573145548478806e+02
2.698021521884857332e+00,3.246521628955021943e-01,4.779465762136362983e+00,1.088920534252058259e+00,2.535170586785534041e+01,2.826562949846585227e+01
1.457739479031504581e+00,4.781288170640599633e-01,2.997190636594770474e+00,3.147689145974756908e-01,9.895405394907573537e+00,9.789036954296891579e+00
1.097133338960542659e+00,1.899416234044973617e+00,1.122279192193376218e+01,2.980106802248321252e-01,5.454866514566338083e+02,5.453788474056897257e+02
2.777292151382178442e+00,1.210708593667519484e+00,4.622633510903408904e+00,1.218128988770660337e-01,1.621681827122043842e+02,1.631912555520396211e+02
4.032883816686315015e+00,1.414995338659503554e+00,1.427212118604315094e+01,5.486685851174718520e-01,5.603546926237386288e+03,5.602705212232288432e+03
1.827528992624837478e+00,1.677786800938081857e+00,1.587711296011766393e+01,6.186055233600892267e-01,2.241701436009822828e+03,2.241244365274866595e+03
3.959472919591249251e+00,1.396202844233215945e+00,1.577062016602094197e+01,2.900964055643817652e-01,8.598599803062979845e+03,8.599450100533644218e+03
2.865332854230143500e+00,9.991483185579175252e-01,8.718547972596704554e+00,1.172663981731183247e+00,4.569322198779934752e+02,4.574970515624822838e+02
1.170716105168206456e+00,1.177398952302455504e+00,1.146606953254634398e+01,5.221955265775761745e-01,3.948300606423490535e+02,3.925114671884841755e+02
4.842354847908810989e+00,9.172708286100845765e-01,5.306645652460502127e+00,5.219788839769461397e-01,2.573443319588031954e+02,2.590110171521425286e+02
2.307363007498328678e+00,1.238942764947060349e+00,1.085960947654213271e+01,5.323926240666494447e-01,7.338867820863588349e+02,7.327059121997807551e+02
1.828554150482130991e+00,2.039726552779499436e-01,1.652789208590773740e+01,2.840239979704288764e-01,2.714093437337770638e+02,2.692971858331487169e+02
4.311492667851783089e+00,1.114878973172136023e+00,1.314500528177839378e+01,7.520662451034189067e-01,2.920522822041712516e+03,2.918721871901714621e+03
1.060071496319659357e+00,2.428792086723357557e-01,1.367605379156262124e+01,2.295035161545700975e-01,1.231670557253089413e+02,1.223859650365982930e+02
3.801157074831665206e+00,3.974095078831562100e-01,1.916662901022233356e+01,1.142018499502435835e+00,2.033091358331152833e+03,2.036345958840398907e+03
1.345211341544607420e+00,1.723462894293739112e+00,6.448511067573019950e+00,6.199932717449480046e-01,2.136054063414716779e+02,2.112543345316301213e+02
2.266212992056621189e+00,1.386895011149804846e+00,1.334184405842353272e+01,7.544152778334408671e-01,1.384199818560397262e+03,1.384519970345465936e+03
1.543549453079622991e+00,5.279021674915431728e-01,1.780843609747791234e+01,4.950953254308380069e-01,6.126316016072081538e+02,6.083559528910269592e+02
4.285525967115741075e+00,1.544964545453293203e+00,7.311618776029893851e+00,4.692869038941004378e-01,7.390351784854209427e+02,7.390320446191306019e+02
2.255335483729377977e+00,1.056409885258116743e+00,1.958537591919629728e+00,1.183811527088415971e+00,-4.111870296027877458e-01,1.387945805349226402e+00
4.886117657970301842e+00,4.427232967516320783e-01,6.601499970059323097e+00,2.230658370862307616e-01,2.217599037390359342e+02,2.212865770949130138e+02
3.313676679867980646e+00,1.873434251257457550e+00,6.506862624640124437e+00,2.519389105040802934e-01,5.314442506885504827e+02,5.301855408407838013e+02
3.621302756163118364e+00,4.030491772737230249e-01,6.457605048134708703e+00,6.830841162614457174e-01,1.299702255580300800e+02,1.304332476861471548e+02
2.846863049595878881e+00,2.355371444329256159e-01,1.098234169071170641e+01,3.110362110669168123e-01,2.079682045560600727e+02,2.093685080583613853e+02
1.890356895840160201e+00,6.618831112218710455e-01,1.168500361136963406e+01,1.072508818400861458e-01,3.972597718127224198e+02,3.985870869547572397e+02
2.280003894735929126e+00,3.563478324636203398e-01,8.317816608695018488e+00,7.778205916973097711e-01,1.281959037957320788e+02,1.321408515035916480e+02
4.734203844478558132e+00,2.300986254468242731e-01,7.117954127988791235e+00,1.035400927756193190e-01,1.401125131603671150e+02,1.405308481050396665e+02
1.405414403260990097e+00,1.375835377635597823e+00,1.094855761872381450e+01,7.966743390784912782e-01,4.890319058503721976e+02,4.878470856508663474e+02
4.946985055490955574e+00,4.375318501843251107e-01,1.487117618166934285e+01,4.376876819956491138e-01,1.533125802464737262e+03,1.532873844084763959e+03
3.912376379017183048e+00,1.214983719311578225e+00,1.617307830343885922e+00,7.778249758851170093e-01,-1.297519412363357105e-02,-1.579722853632576640e-01
2.119041169216746123e+00,6.366616925079561229e-01,1.668896704227478622e+01,7.348195740540676146e-01,9.335340308456297862e+02,9.337515056125860156e+02
3.386811152775214939e+00,1.893170244381517708e+00,3.516251523555953717e+00,1.119084949075642044e+00,1.440576703616145551e+02,1.439976147351556790e+02
2.214416926818894016e+00,5.885407789306507098e-01,1.822164474833422787e+01,3.699327659427343873e-01,1.166116237863168635e+03,1.166464169740961097e+03
2.216718196879639891e+00,1.137178507414828843e+00,1.036079599087547543e+01,1.116409781690792302e+00,5.743242955529091205e+02,5.709825954316788739e+02
2.767113275875383138e+00,1.522977064348981502e+00,1.172084956751886509e+01,6.872350958890476313e-01,1.435502310009643907e+03,1.437161567921724100e+03
5.752526973591969295e-01,7.600338535330561918e-01,1.963565823540980304e+01,1.000174295204690061e-01,3.727771962710401681e+02,3.716277177331980965e+02
2.721072019745282677e+00,1.697130902095390637e+00,1.804714714021197963e+01,5.384511149485381454e-01,9.979310500423734993e+03,9.976964183030841014e+03
4.872192860510995871e+00,7.651621138365365393e-01,9.456661568746595137e+00,1.635726143831829071e-01,7.902617591537912176e+02,7.915372614730740679e+02
1.784593529535102974e+00,8.981481147933847442e-01,4.843383182046928859e+00,8.656200574847590090e-01,7.658472143737814974e+01,7.921937345215030746e+01
3.866980815844754726e+00,9.746989085499289107e-01,1.231924888429536225e+01,8.858611587948568289e-01,1.555279364662811076e+03,1.556265420961809923e+03
2.492550005317227590e+00,9.540094194772494873e-01,1.763507629899498275e+00,4.308957292582071830e-01,5.896760639611503763e+00,6.219079267302544345e+00
1.441764691780034635e+00,1.294298577938746142e+00,2.274387862025294638e+00,3.627255046660907700e-01,1.642288719601926061e+01,1.455844658527535707e+01
4.572511568681583149e+00,6.072421008796955455e-01,5.299590128198621741e+00,5.780172437926675011e-01,1.615771174956588538e+02,1.673202521712858584e+02
5.757227810609584218e-01,7.925853987973339176e-01,8.937253447824279107e+00,7.693496647092059604e-01,8.727344813736011986e+01,8.903396537868313487e+01
1.865790169697798095e+00,6.121496563715267403e-01,1.418039725012169328e+01,2.439533566112919438e-01,5.342393549795672243e+02,5.319607656388812984e+02
4.995616470457719061e+00,6.985014473304049787e-01,2.879338950190273305e+00,3.673171982860576890e-01,4.841257497504116714e+01,4.685329914256168138e+01
1.679660582854952677e+00,1.573008187095209731e+00,1.724222242349581435e+01,1.024392213437069543e+00,2.331195948268052689e+03,2.331369906765196447e+03
4.320700348366724342e+00,1.332680156879363143e+00,9.545776203816446426e+00,6.461229640481324088e-01,1.269144003928125358e+03,1.266034541664133485e+03
3.225574168950669396e+00,1.933020744363262100e+00,4.684439005463110206e+00,4.211092167243868367e-01,2.767174507139251887e+02,2.770547115279462105e+02
4.127160683872055813e+00,1.910234073128686871e+00,1.742453466887796054e+01,1.297749415471453338e-01,3.742092060230948118e+04,3.742000245919805457e+04
3.336429899495652052e+00,5.691538044341104552e-01,1.412669895395230846e+01,3.800499978555423874e-01,9.884178274869595953e+02,9.908703686875920766e+02
2.132135856760317694e+00,5.779028647300621380e-01,1.733699835969154890e+01,7.983184461513163077e-01,9.362589334615743155e+02,9.381832427888308530e+02
3.923549530625671355e+00,1.833766330206450634e+00,1.933778742769370496e+01,3.197272184790912464e-01,5.587632504178718227e+04,5.587090247091231140e+04
6.191804700678755768e-01,4.501276854652564996e-01,1.657244922677018906e+01,1.180789711217365978e+00,1.827653102073322202e+02,1.828487153793868458e+02
2.510658282805033448e+00,1.570133084593994699e+00,7.517152335544204256e+00,1.013599768979880578e+00,4.507924223158910308e+02,4.475574873168436625e+02
2.173345564415477327e+00,5.451675735025072189e-01,1.974974516629942300e+01,4.489293028059505586e-01,1.313291471990550235e+03,1.315510747989047331e+03
2.646833025368072523e+00,4.574659944494178787e-01,1.530756398407903518e+01,6.845151023187454609e-01,7.095230193992667864e+02,7.098592311375224426e+02
1.074293089232313259e+00,9.906390007164862510e-01,1.656160652578856940e+01,4.983331974448502732e-01,6.336733720688087033e+02,6.347701829731827274e+02
1.501280896758226069e+00,1.431307418920828356e+00,7.931637918889892447e+00,5.038828460475734961e-01,2.968148034686965389e+02,2.946845540110899151e+02
3.029232155448692509e+00,1.719503632302282981e+00,1.233779072930581222e+01,6.612734166709371975e-01,2.356424631199076430e+03,2.360081491675067355e+03
2.244961020451792688e+00,5.746718816881883907e-01,1.282432312772875882e+01,5.215161579199000252e-01,4.926910544196925912e+02,4.967312011539934815e+02
4.062452925156533112e+00,3.794670937363773255e-01,6.266298379011115749e+00,1.192745341825556249e+00,1.147630766525002741e+02,1.126335345672478496e+02
3.223114651748815174e+00,1.626883255892190405e+00,1.010162631788115384e+01,1.933315554059622243e-01,1.276089757954023753e+03,1.276835388197756401e+03
4.375700081541473274e+00,1.011831005195637845e+00,6.160247270188715873e+00,1.098724767867154117e+00,3.315725982684741098e+02,3.302259934116937643e+02
3.795623767965220274e+00,1.297225403163367874e+00,6.471033567942054532e+00,8.658108918484342942e-01,4.116323909137374812e+02,4.115852510400160327e+02
3.208205514913542444e+00,1.251562712611484995e+00,1.343087717167309947e+01,1.106309952534355379e+00,2.162220815004767701e+03,2.159689541046318482e+03
1.794270209881980715e+00,1.569471493621212410e+00,1.378362616562613940e+00,3.820738101613667670e-01,4.881289088231626216e+00,8.615580117392863002e+00
4.022422105667757819e+00,1.981206044064122818e+00,1.540561448584078263e+01,9.374204469487920077e-01,1.785395657432237203e+04,1.785201821530020607e+04
1.630704101769868242e+00,1.366564680440213175e+00,1.021576077294795226e+01,8.836128849167013133e-01,4.888758387319908252e+02,4.882836711019958216e+02
8.384500031648198792e-01,8.573807674974964765e-01,3.387367341246548591e+00,7.056174661705916229e-01,1.373612573337506149e+01,1.473909159559610593e+01
4.832890602994525331e+00,5.148016858471464730e-01,1.017722795055313867e+01,7.888304073914574888e-01,6.064423522822672794e+02,6.051472309254349966e+02
2.930050422934111332e+00,3.851818741209771524e-01,8.133306150328404982e+00,5.854098413716849469e-01,1.736155048048855747e+02,1.731368799454209579e+02
3.982524338974150702e+00,1.444797485028398443e+00,1.760550561926541846e+01,3.673938541932717516e-01,1.751183897320623873e+04,1.751071169351338540e+04
2.881502634336620350e+00,6.591864950803467682e-01,1.378574922505388223e+01,3.429337554710623626e-01,8.933978747761871091e+02,8.931309532665145525e+02
3.252108786673196583e+00,6.996820513948842635e-01,5.267074227394014763e+00,1.805590417113682733e-01,1.452911149111804434e+02,1.429500296409798352e+02
6.525151273242780769e-01,9.980243767069740812e-01,1.839755880351457051e+01,5.814198832488556290e-01,4.687439478858275379e+02,4.678679717346229268e+02
1.340571557092138377e+00,1.149677369002445548e+00,1.744974725406449778e+01,1.151605149455336985e+00,1.096836003477906615e+03,1.096422217628482031e+03
3.536102279456498465e+00,9.490664362828351575e-01,1.132252499363408127e+01,1.161982735802261857e+00,1.022651430927742012e+03,1.021983978920133723e+03
3.067540690786242141e+00,1.920267829526023817e+00,2.444999066896850870e+00,3.083952595789046791e-01,6.872987672804228509e+01,6.884325663782988158e+01
1.213497652940207061e+00,7.365639934629415464e-01,1.360118540406088883e+01,2.968630116712166478e-01,3.763715066334680159e+02,3.757853021947545926e+02
4.784131709267831489e+00,1.283633528921207301e+00,9.037822987375012218e+00,3.670827742840503394e-01,1.205871395356718722e+03,1.207377818173597461e+03
1.194591346463319326e+00,2.292417649859507245e-01,1.291260057811732764e+01,1.943974344008642663e-01,1.174432771754611338e+02,1.167968853238894695e+02
2.796364623824084017e+00,3.147893149887884823e-01,2.866030818841270644e+00,4.057797589062753785e-01,5.712677554844470151e+00,5.439378362252702104e+00
1.148012937586659454e+00,5.581043862825204593e-01,3.184212579576065849e+00,5.910023590569498664e-01,8.668789699511624036e+00,7.339227027519918956e+00
3.728172767478056038e+00,7.064171727267443135e-01,3.847832464179572920e+00,4.671630955629955118e-01,7.495318130535545720e+01,7.390015162512497682e+01
1.743408563428187286e+00,1.039381974784991280e+00,1.142577685138821941e+01,1.567226206428878332e-01,5.194792945766181447e+02,5.169503089949787409e+02
1.103602888048024644e+00,1.233573323472451078e+00,1.470794030590728418e+01,1.122366913688298107e+00,6.230765259535536416e+02,6.241140957953095949e+02
7.069423130173204672e-01,4.986579955827683541e-01,7.598945358374468384e+00,4.277262663370975382e-01,4.820753429960882386e+01,4.592249826430384019e+01
1.286759920539306323e+00,1.241569562805173499e+00,2.772736219205485853e+00,6.349454333183520705e-01,2.030983406252952861e+01,1.881812126615287895e+01
1.363094225256048730e+00,3.472814718141368218e-01,4.132068447054384031e+00,7.642825074749509673e-01,9.944413840492932977e+00,1.066290314451534194e+01
2.916374358073066553e+00,9.060944888175925804e-01,7.063666336673424695e+00,7.042808865909738758e-01,2.839284272657653787e+02,2.847335739976544460e+02
2.529674987771260319e+00,1.636574745811999687e+00,1.377874512108439298e+01,5.120959695941531553e-01,2.343760818674969869e+03,2.342960589172959772e+03
4.807824652640918295e+00,1.054985634383924786e+00,7.425511264777221676e+00,1.564218586997669913e-01,6.072640670787289991e+02,6.032255354577514481e+02
4.793681015899890596e+00,1.398923039181673156e+00,1.450777081205102803e+01,7.605095196053016648e-01,9.211563496155751636e+03,9.212404522730343160e+03
4.084457497107936597e+00,6.024276034294264726e-01,1.810539053266527532e+01,1.163098797465482281e+00,3.518541333159444093e+03,3.519060460077228072e+03
3.522144352913164855e+00,1.473544504814224831e+00,7.015431196185808460e+00,7.936212503648071293e-01,5.135525147003014581e+02,5.107277522693578931e+02
4.302603912057558766e+00,1.971747994923853886e+00,9.157176598708851145e+00,5.500606847048936654e-01,1.890227714791668859e+03,1.891768358957257760e+03
4.724383228159480197e+00,1.371708329287709693e+00,9.188221276626427070e+00,6.396364698671108684e-01,1.339326605524233855e+03,1.337924405923366976e+03
6.017797799915123313e-01,1.964934715907812990e+00,9.088421315284433533e+00,8.442708387230372091e-01,2.228714063950672255e+02,2.206190301627606232e+02
1.031473522178864233e+00,1.700974119634669268e+00,1.271004647266480703e+01,8.127671803353645474e-01,5.869325658558730083e+02,5.871240272778014742e+02
2.121187481076393766e+00,1.582784646025679587e+00,1.671971523983776109e+01,6.161310755715848630e-01,3.313523335957795098e+03,3.313166395094996460e+03
9.211408386916988267e-01,1.062549634000513610e+00,1.190329992067768394e+01,3.066257136954296803e-01,3.136151082714166023e+02,3.140203562733988747e+02
3.197860128739747232e+00,1.233337385019754873e+00,8.505126206786323806e+00,5.155575359116059131e-01,6.045790026796463508e+02,6.013675065629975052e+02
1.671639000566488953e+00,6.448556146044186477e-01,1.208594756216239041e+01,3.297293984878782447e-01,3.645715173030571350e+02,3.681959775356018554e+02
1.689528781095464893e+00,1.774208817776269154e+00,1.821845960255188146e+01,2.350668387831828521e-01,3.605849458538240924e+03,3.604644141309153383e+03
1.797475948915395083e+00,2.241584832483267675e-01,4.985558699277900629e+00,1.181833320810075527e+00,8.144454433845398356e+00,5.065135816852576411e+00
9.397204591297552145e-01,1.635320927097995369e+00,9.115039765838218955e+00,1.111013063085805191e-01,2.879992745416195135e+02,2.892369589187538281e+02
3.834250039571715174e+00,1.892071430233063234e+00,1.438781478917495704e+01,1.011006218147970870e+00,9.541205968176949682e+03,9.540496359916747679e+03
3.428025933198425523e+00,7.973125846715907183e-01,1.035089037829098224e+01,7.660138589759668548e-01,6.571998167331341847e+02,6.578495337046799705e+02
3.229286407885680887e+00,1.639910723018550120e+00,1.522978564007130498e+00,3.248929835020795132e-01,1.632537823774069352e+01,1.564616137649061578e+01
6.532051202499894460e-01,9.727000396301850316e-01,6.850662401558371251e+00,6.910328654901473078e-01,6.954931644859388484e+01,6.942983572763404254e+01
2.432588650874948577e+00,1.742502008043331330e+00,8.367074305340787888e+00,7.951004123745679664e-01,6.063673524621567594e+02,6.068588981496340011e+02
3.583416154549291743e+00,1.332237450619335961e+00,1.090371565035684753e+01,1.063584264681376679e+00,1.422168100356214836e+03,1.420674794588249142e+03
1.203559924566138584e+00,3.003791518780772885e-01,9.055863974101093561e+00,6.494463443805562619e-01,6.903058098308463286e+01,7.038806017480375488e+01
2.235460300958978408e+00,8.761952664202106167e-01,1.426956002188940964e+01,4.979479747309426552e-01,9.496014995818591160e+02,9.486616993837000109e+02
5.892536546147160159e-01,2.346373132516950955e-01,1.282983783947015510e+01,1.136794041265168032e+00,5.314771302560973254e+01,5.140833873726878522e+01
8.683609868475892224e-01,1.548773590123206700e+00,1.390276589508088989e+01,5.066388623619992870e-01,5.420929995321536126e+02,5.422470643757985727e+02
1.474041109995742449e+00,1.767520126839003058e+00,4.513487028851049132e+00,5.718588483688259450e-01,1.155036581490403762e+02,1.163937407060224558e+02
2.365925725135618940e+00,1.992995026861082986e+00,1.861496631631837317e+01,9.339006257900691610e-01,1.167429301122780998e+04,1.167383485254457264e+04
2.584580163293209498e+00,1.147422233727513952e+00,1.235110962657033440e+01,8.049383554039807320e-01,1.062844612696354488e+03,1.061119573122195334e+03
4.480346892281508175e+00,9.043266370696705359e-01,6.265631143681012816e+00,1.099786263745096582e+00,3.162365201534530570e+02,3.174760912860703002e+02
1.924962989783059797e+00,1.144209150029499966e+00,1.813369165522739124e+01,1.805462719188116461e-01,2.206019288421911824e+03,2.202498630837666497e+03
5.965874432473612377e-01,9.982937875753630230e-01,1.311147293992581808e+01,2.962760319901118766e-01,2.388743529787241187e+02,2.368126247066530539e+02
4.218005060470243706e+00,7.276514668599727287e-01,1.914663286449556168e+01,4.383028927470612457e-01,7.036218177935206768e+03,7.036297223716273948e+03
7.783112091810775457e-01,1.838465272295701780e+00,1.012539522073060105e+01,1.068246685704359100e+00,3.183769005590232837e+02,3.156547817624131653e+02
9.184639669800276351e-01,9.095303473066431721e-01,1.432580523345190571e+01,4.728898298026548153e-01,3.798319492485915134e+02,3.798879377770898600e+02
4.834317725328807214e+00,1.812191925469020637e+00,9.390957278970663680e+00,3.548387931156650188e-01,2.228892009467375374e+03,2.228782283231338624e+03
3.890144381577612887e+00,1.219700919449191900e+00,6.845747642876027328e+00,7.317779688200960475e-01,4.517600526752526093e+02,4.535575322529689402e+02
2.020343912506647577e+00,1.724447842189670066e+00,1.433824271256404081e+01,1.378193353347358374e-01,1.967178583994518249e+03,1.965349003290891687e+03
1.094804787286380643e+00,1.398094848860518047e+00,5.764528291042319452e+00,1.167164956750535776e+00,1.118774662946461547e+02,1.106256532473628624e+02
2.240287579273377183e+00,1.044637101668949297e+00,1.062242291796382077e+01,1.290265519318165854e-01,5.818466863941656584e+02,5.825130497635676647e+02
2.026377017510780920e+00,1.489361574300418045e+00,1.104428529729417008e+01,5.860851397350692604e-01,7.933799426090267843e+02,7.884648154286152248e+02
4.434985406491129822e+00,1.505836889968967363e+00,1.103100246980883981e+01,2.402240365045395787e-01,2.571506683273032650e+03,2.577706767870861768e+03
2.384388577913179930e+00,1.764875057448474394e+00,4.820906584271600792e+00,1.156986066096231003e+00,1.962933179010583444e+02,1.948960164401348152e+02
8.692025270702992135e-01,1.029446001710706771e+00,1.767287268093204844e+01,9.067365567931916503e-01,5.954288732430263735e+02,5.939692031375752777e+02
4.670623410613638171e+00,1.153319480605056402e+00,1.245750550165243808e+01,4.895039300451057285e-01,2.936104412747992683e+03,2.937826667769800224e+03
3.300410136718670451e+00,1.575628289298105278e+00,9.438520289572153388e+00,4.956056139710197650e-01,1.043975331372968185e+03,1.043895667690096843e+03
1.025194355514509992e+00,1.126578520025222074e+00,1.538441753466640805e+01,9.437924292993008502e-01,5.809993572932343113e+02,5.774405000558271013e+02
1.009283720208900448e+00,1.316649858632638725e+00,6.289082705686625197e+00,6.751554257006808779e-01,1.205156740568718590e+02,1.217695288170570791e+02
2.596699585239189201e+00,6.238213566872709004e-01,1.346923524481660017e+01,2.612502220205913384e-01,7.031837606410796297e+02,7.048945163090780852e+02
9.144003456010227904e-01,1.956978089075063432e+00,8.152803723284934634e+00,9.365662416386607569e-01,2.620301186069015671e+02,2.611302260599496776e+02
3.342884864912412990e+00,1.344749301591866342e+00,8.984404372738939770e+00,2.619488257931442687e-01,7.932155691923287577e+02,7.926523684757446517e+02
3.273727059927096228e+00,1.370985266140695824e+00,7.796380109400032232e+00,4.841750643159207224e-01,5.679428434642170487e+02,5.689148126587358547e+02
6.443660687816916699e-01,1.541340724309838928e+00,1.115111365662708209e+01,7.505760055822594534e-01,2.769110771070775172e+02,2.750935166072486027e+02
4.133402514685824869e+00,1.617892435319586930e+00,1.459917899469223812e+01,9.002653475924875526e-01,8.860398561171172332e+03,8.861275338299587020e+03
4.040576424227743324e+00,3.726198422722057924e-01,6.262376592744956838e+00,1.403010046121604404e-01,1.426858134989007851e+02,1.430844105197897704e+02
4.618887208768888364e+00,8.661062921282156601e-01,9.452365821155845893e+00,5.939629925806462207e-01,8.223840240160313897e+02,8.210341587844795868e+02
3.516379910323146785e+00,1.277552345863735450e+00,1.206246923573936591e+01,6.053459048851550506e-01,1.811816479685410968e+03,1.809032275937787290e+03
3.617880045508504505e+00,1.989547909245263035e+00,7.311395854644485048e+00,3.063817921002617295e-01,7.997190839904867516e+02,7.992678723289645859e+02
1.236837445039255634e+00,1.129651421015819279e+00,5.657425221617223166e+00,1.317450760597752013e-01,1.061145563539796228e+02,1.043637118374592916e+02
6.074996629046527374e-01,2.045369614608011366e-01,1.951924177252904613e+01,1.056225091185356124e+00,1.165544894689922728e+02,1.185573099203525942e+02
7.950341858828896546e-01,1.946357345089324120e+00,1.294737210066396571e+01,9.007478030563167426e-01,5.320272137365421941e+02,5.323153844735420535e+02
4.840076030721608191e+00,1.190333730144933044e+00,1.601075298486914988e+01,6.947086882489159620e-01,1.126056632959164017e+04,1.126213049863675951e+04
3.405746145018350823e+00,3.170285064978057843e-01,4.244400310714285141e+00,9.396050457299637282e-01,1.991171386620573358e+01,2.018095773689465133e+01
4.761079999220333647e+00,8.208098392148137634e-01,1.155539652459456690e+01,6.527357942270800573e-01,1.415829310632286024e+03,1.416355112866456011e+03
2.072229614924430585e+00,1.925875096926314756e+00,4.661155533978847743e+00,1.068403046632651510e+00,1.766832523770753482e+02,1.751172545426145746e+02
3.898497094976363098e+00,7.962058551629596082e-01,1.115897209434674942e+01,7.782584215479063650e-01,9.251262767414468726e+02,9.264623715945912181e+02
7.942953441275004689e-01,1.200058723002735084e+00,1.079398977717302799e+01,3.974375289896724395e-01,2.556127229325181816e+02,2.591821194811322471e+02
1.247923245168370165e+00,7.885523495456021603e-01,5.329960645542592523e+00,3.296049396547465760e-01,6.386374317981215398e+01,6.324436806877707085e+01
1.747100006923954840e+00,1.302652555089036879e+00,4.844516478015656880e+00,1.038223542333804650e+00,1.108221277732935874e+02,1.096365787178652909e+02
2.976432132653337614e+00,1.075607763553726004e+00,1.855768153577681900e+01,1.036110353054676914e+00,5.482144232061593357e+03,5.481828558657212852e+03
3.008339960409095237e+00,7.922890854341866351e-01,1.720882426602044646e+01,1.124453444626872523e-01,2.402992171229590440e+03,2.402029610662388222e+03
2.745439035381567194e+00,3.713434626520334958e-01,8.670848082998173112e+00,1.030635371079180018e+00,1.723669845168907386e+02,1.709640259195836620e+02
2.410086130844349306e+00,7.093593304230556562e-01,3.625422146421022340e+00,6.647450878727351187e-01,3.792484891695013260e+01,3.820123620488646310e+01
3.090673221525943593e+00,1.317266354342033763e+00,7.019750379596536582e+00,1.044432523875829411e+00,4.050742099347590397e+02,4.044923748686588851e+02
4.849980779245272267e+00,1.126003831350619322e+00,1.117700203365213518e+01,2.879726489057000127e-01,2.031022355902203344e+03,2.033900103089888717e+03
2.561358022187536498e+00,9.988197950878348053e-01,1.029864027753347244e+01,5.394241221404604270e-01,5.923046211880986220e+02,5.923050244740088601e+02
4.268621398092822261e+00,1.229466377613059880e+00,1.362508040168095924e+01,1.016774982439350383e+00,3.933129863256688168e+03,3.933777687211951161e+03
7.514238426434203255e-01,8.750157877264153061e-01,3.946437090644148160e+00,2.364313478932532353e-01,2.233759270290132193e+01,2.424163643890092601e+01
2.235142657535259314e+00,1.134616292672825821e+00,1.284144763425936731e+01,2.508172306304995436e-01,9.696773619414698260e+02,9.690758502364607239e+02
3.022233996390796040e+00,1.231022159283398087e+00,1.361293452714931718e+01,9.780700605158744176e-01,1.991200377715361128e+03,1.994073850795539101e+03
3.291442500447216979e+00,1.486883294672449285e+00,1.257983899815755002e+01,4.196050230155285998e-01,2.348556478921873804e+03,2.347291090496833476e+03
1.625082529694050759e+00,1.934762215733600188e+00,7.506677709435566115e+00,6.848301505035078174e-01,3.688392756126119139e+02,3.672226202088396576e+02
2.296809560689678342e+00,6.050561538536753936e-01,1.902393859383310115e+01,5.952511643015662157e-01,1.448500443194126319e+03,1.447767909156425731e+03
4.761527759310605568e+00,1.956715158210161398e+00,2.876766763535043570e+00,2.852975592241178138e-01,1.527269839406839651e+02,1.524975491567496988e+02
3.419828393053770732e+00,1.973333841791157894e+00,1.538095448617522187e+01,8.738074588407250820e-01,1.105347890468478727e+04,1.105067626828458924e+04
3.132348117855325853e+00,1.652481230548090929e+00,8.814289956841690810e+00,2.452369096112665681e-01,8.728332981317415715e+02,8.727631085634839110e+02
7.938441973392842410e-01,1.487029742229682983e+00,1.783918628151670305e+01,6.761984757737010687e-01,7.922420423259409290e+02,7.889070691450621098e+02
7.347931593941646744e-01,3.230317178548124391e-01,3.737145091175998690e+00,1.582040878692974606e-01,6.615528461843023678e+00,9.399805262934020078e+00
1.451293015244290885e+00,1.604211899371912109e+00,1.843412416393103115e+01,2.313239690918298119e-01,2.349098501791853778e+03,2.348936507889038239e+03
1.120202491318848637e+00,1.300274226472148076e+00,2.726192406087692088e+00,2.215894536256953484e-01,2.203444776152146645e+01,2.075053231212951843e+01
4.926874681729794148e+00,6.494218916211091930e-01,9.009704453132290070e+00,2.060510362779028326e-01,6.063115036259495128e+02,6.044948273893824080e+02
5.123621642119886577e-01,6.359010130843303354e-01,3.136060360482115783e+00,1.180472310913833534e+00,2.695141123198180999e+00,1.926280174781787480e+00
2.146295881312326959e+00,8.004843355707307317e-01,1.852818647254755291e+01,4.109829216455408440e-01,1.718842760258980888e+03,1.718396601322119977e+03
7.629010233071071845e-01,7.781077413172365898e-01,6.834299079175341518e+00,5.459745103793749443e-01,6.480798180574015532e+01,6.271895987451743792e+01
3.380047512429544820e+00,9.188262675681748703e-01,1.169291861118228049e+01,8.779988981977717710e-01,1.017007480696763423e+03,1.015167890509117797e+03
7.093994093368660714e-01,1.155366909718509527e+00,1.891999916561309192e+01,1.189025261378898746e+00,6.137642104553085574e+02,6.133898604451854908e+02
8.078433599377503604e-01,1.622670197749938925e+00,1.104360758438802392e+01,8.052362472800690396e-01,3.461002577271167411e+02,3.450586902315254747e+02
8.597412752365349853e-01,9.161757955613032411e-01,1.323539000047290415e+00,8.626464432106015767e-01,-3.458603280334985985e+00,-1.580177072978343755e+00
1.723033090862957861e+00,2.507076159706009832e-01,1.598837979092131079e+01,3.672392135158724091e-01,2.847878560700249864e+02,2.870635968185160323e+02
3.093611305984927728e+00,1.443258228871284299e+00,1.577638030846475470e+00,4.865483948872095787e-01,9.801972672033523182e+00,9.834015079233301648e+00
4.124518779338841590e+00,2.029718347402122425e-01,7.199187037142564805e+00,7.497147613484504980e-01,8.664906645493762483e+01,8.759626559904667431e+01
1.702362130255673511e+00,1.048471535045332637e+00,5.199474651911032197e+00,8.746427395009030992e-01,1.023673502899399352e+02,9.969697354268969036e+01
1.774269754562598722e+00,1.378762508822549915e+00,5.911760037554854463e+00,5.103525823951994278e-01,1.897850049948306435e+02,1.910598404136958663e+02
4.210169647783716940e+00,1.307053016868415796e+00,6.036959656578900990e+00,1.533986837205127407e-01,4.195013610070151344e+02,4.194401940679886138e+02
3.856767710793451709e+00,1.663537261455520389e+00,1.577268260583980997e+01,1.077316820963928112e+00,1.188395617004352789e+04,1.188492550667543037e+04
1.070666367608005931e+00,1.900228566374341010e+00,9.241885393370390389e+00,4.562932646678415916e-01,3.713809087074193371e+02,3.745816209706066502e+02
4.128570206178606483e+00,7.992888783891654025e-01,6.924019341427058549e+00,1.036408696726680789e+00,3.253786769513658328e+02,3.208169614386770832e+02
4.240629988858765742e+00,1.505550782394889264e+00,6.421363033089790839e+00,8.206487604399503866e-01,5.189859061409077867e+02,5.195078024990145877e+02
1.300216026051976392e+00,1.756768661363117490e+00,1.439931304655350175e+01,3.005005506547199223e-01,1.054247501948693753e+03,1.052049263822357943e+03
3.321265993576491216e+00,1.718186598887263772e+00,1.512031678071364027e+01,6.630775199207935566e-01,6.882458227446153614e+03,6.883642620828962208e+03
1.385346298195570647e+00,1.634871140405213863e+00,1.069880611338329146e+01,2.155020435024035952e-01,5.458531983250329631e+02,5.432265714501760385e+02
1.595717204126371414e+00,1.139068651175793923e+00,1.495815605708114049e+01,1.099056000060609550e+00,9.170862159794539821e+02,9.160954168454460387e+02
2.723025898978888915e+00,1.611538399037670821e+00,1.743709708656804835e+01,4.389047789236351083e-01,7.445370885012304825e+03,7.445776352523825153e+03
2.849990125778638195e+00,6.252188667484621654e-01,1.015762395341727498e+01,1.145436673172910647e+00,4.074879114958010859e+02,4.087149302686718215e+02
2.655650819291842879e+00,1.123728539876766463e+00,5.228245581463340841e+00,9.592813758591548501e-01,1.675338947223086166e+02,1.676834829009817724e+02
2.935134739868939135e+00,1.182431723072145946e+00,1.789203233387308600e+01,1.108961684469992548e+00,5.362377129526807039e+03,5.360791467648831713e+03
1.459241043914536018e+00,4.697844047327539574e-01,1.772138663144110637e+01,3.274056983043537317e-01,5.133836683966206920e+02,5.122766039611898350e+02
4.003611656575603917e+00,1.755218754953404847e+00,1.010582201738873742e+01,4.184938747121393909e-01,1.974764941784329949e+03,1.976533947566828601e+03
1.750317854128737416e+00,9.981734438275877697e-01,5.373406402328469333e+00,1.151384421089248766e-01,1.187538184468594409e+02,1.187428192154863638e+02
4.607074803735995872e+00,9.168148263981408252e-01,4.963765403941529541e+00,7.696356152367469505e-01,2.049844603000876191e+02,2.016168315064055037e+02
2.818198866153153404e+00,1.255087253416098836e+00,7.155927715416633639e+00,2.926131163890763887e-01,3.866095168787877014e+02,3.882968422953271102e+02
1.866578238250631516e+00,1.264266820725141516e+00,1.139836269734330898e+01,9.508927636411377282e-01,6.534353380301005245e+02,6.542678349895275005e+02
1.284727561287350772e+00,8.099267991807101996e-01,1.988335622846252448e+01,1.031686048505648490e+00,9.795586958302171752e+02,9.813055269207210358e+02
2.683417830872135923e+00,1.448547821524952095e+00,1.765919240688142011e+01,8.586608492189343744e-01,6.097931076576301166e+03,6.097257821643547686e+03
2.193337850681085222e+00,7.449701872908125466e-01,6.018065836563094351e+00,1.283710912944674987e-01,1.406125271534493208e+02,1.422688401903025408e+02
3.303922058248697446e+00,1.174291314870977931e+00,3.190608804377318641e+00,8.303612597305934928e-01,6.598720286680750746e+01,6.386507302680415421e+01
2.743068121803274195e+00,2.240316813855223743e-01,9.265714946498704307e+00,2.151195741772316816e-01,1.342858096366796872e+02,1.354258092584105952e+02
6.663186410031354256e-01,3.260225835703758901e-01,1.245712189381789337e+01,2.570945511468374356e-01,8.452351614838914884e+01,8.354275552913303216e+01
4.248926459638401099e+00,3.504671688326423951e-01,1.761877497272575965e+01,1.049791058099735164e+00,1.563292033440809064e+03,1.564640736850649319e+03
7.325327260372820337e-01,1.313718488794039185e+00,4.694469655427752741e+00,4.799708812563903138e-01,4.729932435146278635e+01,4.931061258429556915e+01
4.224178237366446709e+00,1.127592254120893811e+00,3.890796497093872208e+00,1.738241603509150801e-01,1.560790756539858819e+02,1.546070953499688301e+02
4.157373395375492997e+00,8.487718745052927893e-01,1.112189674052644861e+01,8.684883522690336477e-01,1.072748911630088514e+03,1.072646452671091083e+03
4.657924063794028235e+00,8.681301805938113070e-01,5.766563623165773755e+00,1.441235923645787786e-01,2.970138576649254674e+02,2.970917669178374467e+02
3.489804685181897348e+00,1.817728659980643258e+00,1.586158877540628609e+01,7.907965366475525615e-01,1.142715949225872828e+04,1.142953882189440992e+04
1.222806353474077401e+00,1.507734775893469603e+00,1.684318572704745876e+01,1.046928374325235556e+00,1.216415974262830105e+03,1.217837090445569629e+03
2.488682351543169968e+00,6.886266292644582787e-01,1.906941128976198030e+01,8.925431489868673740e-01,1.985599177836776562e+03,1.983160622748755713e+03
2.477446970767117396e+00,8.323925581559115106e-01,1.210504754976424735e+01,4.912856465129565864e-01,6.859356174965560058e+02,6.868508340179731704e+02
3.345498439168616667e+00,1.915321499485905132e+00,1.132942184928528384e+01,6.799210411296696677e-01,2.458346878086354081e+03,2.459837056505112287e+03
2.215118895818195988e+00,8.875877694236964377e-01,4.696541417373373051e+00,1.035577791997581709e+00,8.442540243291468016e+01,8.867301422477017070e+01
3.540551395861032624e+00,1.112883434609300393e+00,5.169798321102694771e+00,1.808544916807483804e-01,2.315736773491011604e+02,2.282153791555927853e+02
1.417583210440269692e+00,1.520847431223638191e+00,1.489638487943235745e+01,8.993409533587251037e-01,1.083327856575409214e+03,1.082255151975541139e+03
2.090078501659514032e+00,6.073343169020757326e-01,6.532465519340567184e+00,6.416725951959714180e-01,1.211405797056575437e+02,1.238073220818322113e+02
2.944910350793095155e+00,1.368603034121750994e+00,1.218857666494852765e+01,6.057504607126158458e-01,1.546486943846024133e+03,1.543776803248810666e+03
2.424429730465020860e+00,6.214653581839746366e-01,4.682261723280007004e+00,7.069689618618723026e-01,6.395990690750485186e+01,6.156098573965540055e+01
1.051365428460500961e+00,1.748408124776630324e+00,8.445660797307390055e+00,6.253858590823415664e-01,2.884351788409999813e+02,2.894693432317606039e+02
4.846226543431269462e+00,9.489319694884676970e-01,1.988705478910992497e+01,1.099454432304404206e-01,2.367740544148085246e+04,2.367944225880261001e+04
3.610829309614121740e+00,1.958138640201473102e+00,9.856571061448423876e+00,2.949164488660713790e-01,1.798839356683111419e+03,1.797501995708360255e+03
4.248657850059616159e+00,3.154014862297432886e-01,5.850832504709900128e+00,1.178787447941651356e+00,7.707506437716280345e+01,7.815531872174692296e+01
2.108573358301159217e+00,1.161358070864564329e+00,1.936352527978694127e+01,2.342202596941899695e-01,3.499642646032436005e+03,3.499876556571296078e+03
4.752031595760892735e+00,1.018328575597789998e+00,1.796917996326588707e+01,9.591636725736173430e-01,1.435400433907900879e+04,1.435704183714704595e+04
4.156011952487791206e+00,7.243853708987959550e-01,1.519535100643823000e+01,7.190712981231219825e-01,2.412808696269371467e+03,2.412805659389954144e+03
4.907778105145486514e+00,4.239498100937150182e-01,1.640478774996297062e+01,5.467889171269857407e-01,2.030762944371223512e+03,2.032743438995159750e+03
1.388274135754124616e+00,3.446320011870301903e-01,2.659325603745661848e+00,1.023569413901733283e+00,-3.978889805149649295e+00,-5.785125523778179790e+00
2.647262644703341827e+00,1.671438209869426039e+00,4.300824953263750139e+00,7.101584622447167927e-01,1.666415364602016780e+02,1.662717787612776306e+02
2.236320473325662306e+00,5.149913091628297579e-01,1.171809334363949295e+00,1.130734507306355940e+00,-1.647753137231919496e+01,-1.667094027984283144e+01
3.262527480213666120e+00,2.579288311980509896e-01,3.871214991409856587e+00,1.884421002637864939e-01,2.403049761990659761e+01,2.630871351487704857e+01
1.625988801505820591e+00,1.206108684270494669e+00,1.666826629003946891e+01,6.494621763756530664e-01,1.356554856020181433e+03,1.357714082099222423e+03
9.521253038780885802e-01,6.005203951122568551e-01,1.190871801427079824e+01,1.736863462625524435e-01,1.979686049015396918e+02,1.964650986389525542e+02
2.644774640730115589e+00,8.655924939784978012e-01,9.254813915611153519e+00,6.676579188814019128e-01,4.275623107810043848e+02,4.289262463083642274e+02
3.377623714338350513e+00,1.658245363117316851e+00,7.789409859746175613e+00,7.552835516962346230e-01,6.986075220913875228e+02,7.001487846442427099e+02
2.228069383210894205e+00,1.282525647983384864e+00,3.116998844364173848e+00,1.093332152435350091e+00,4.395140566969840989e+01,4.372811422505951384e+01
4.943477042223292095e+00,4.684894025167328779e-01,9.574366571133692716e+00,8.054631162144891832e-01,4.907023235238156644e+02,4.901869988937520475e+02
2.326949474670041873e+00,4.316585080846802036e-01,6.052713862063643369e+00,7.105621111131383838e-01,7.663877602264460620e+01,7.625116953179949064e+01
1.849169940970158743e+00,1.274184676946626960e+00,1.681578435527965354e+01,7.574875816539670126e-01,1.845289160947961136e+03,1.841899176135983453e+03
4.162540212947801521e+00,1.716388852087521011e+00,1.518740269724529668e+01,2.841721882596009996e-01,1.284778579847733272e+04,1.284816328449358116e+04
2.600104113647582427e+00,1.051202862536285254e+00,1.553060142606284622e+01,4.471358682141217677e-01,1.927979740710056376e+03,1.928448896568510918e+03
1.729475522146432187e+00,1.413758433967493344e+00,1.901214245315074436e+01,1.196453986349480525e-01,3.020267884092939312e+03,3.018536827045421433e+03
1.789209610122229011e+00,1.625243670118645900e+00,1.944211880984134666e+01,6.695808216212862929e-01,4.604919328691335068e+03,4.606404221191085526e+03
4.762201051599072699e+00,4.900938407089440729e-01,1.276158817802859602e+01,5.624669543138515193e-01,1.031941849269826434e+03,1.029195915398179295e+03
4.827815366719649504e+00,1.380196832941837926e+00,1.069928839710954627e+01,5.339252036571796589e-01,2.329889396714585018e+03,2.328785771071798990e+03
3.408066033093442027e+00,1.958181375989281214e+00,7.248167678799026348e+00,7.772779120547494980e-01,7.071878876965703284e+02,7.062374495585871728e+02
1.754455895036436619e+00,1.435698406436015651e+00,6.557368400791542484e+00,5.624027268173081850e-01,2.377787761676397622e+02,2.417537958316175946e+02
3.701160696735432243e+00,1.471458149929291359e+00,1.155671584133640550e+01,8.715501515105660291e-01,2.094124366677157468e+03,2.090925998550641907e+03
1.475462668712489656e+00,3.975810669485451143e-01,1.078271223410067314e+01,4.332496906006565451e-01,1.674953177906244832e+02,1.686205783010369998e+02
1.949381093362711592e+00,1.237157941931683824e+00,1.653297629105971822e+01,1.675553806808385282e-01,1.838310276079956566e+03,1.840194522635134490e+03
2.937813618662444615e+00,4.643863443686078729e-01,1.633999554733570037e+01,7.479908080970233408e-01,9.786749220224201053e+02,9.794303731504998041e+02
2.305148725240455221e+00,1.479153984684352663e+00,6.836900082650226196e+00,7.013783378101697830e-01,3.327886172908857816e+02,3.351522331795925425e+02
2.079607381855640647e+00,1.060892873563412664e+00,3.613774442732927472e+00,9.734628247900387610e-01,5.001788009327540863e+01,4.801240471902256246e+01
4.883604932689196154e+00,3.031375871236794972e-01,3.752085043909547224e+00,9.518664735333337568e-01,1.070204404291320799e+01,6.141526838288830170e+00
1.265927785158870833e+00,5.942658701881644578e-01,5.159487682759671401e+00,4.290327009058815255e-01,4.347195346922679704e+01,4.500558924716732179e+01
3.262003515272380305e+00,9.022811718774264023e-01,1.422393838591936088e+01,9.359497322013812237e-01,1.693412087526626237e+03,1.691020431197284097e+03
6.734362526773229884e-01,4.607957289192914363e-01,2.448100869560113413e+00,7.984907297818767402e-01,-5.709458563144707011e-01,-1.223745609406340584e+00
9.127163171025699517e-01,7.986697381221683489e-01,1.693627693121969457e+01,1.760032554294352902e-01,4.623376176614353881e+02,4.599799256665858138e+02
1.444982022552760537e+00,1.998668223845272207e+00,1.471750264762684957e+01,1.069156448251702196e+00,1.521159535954911235e+03,1.523264219668810256e+03
4.962587882065091271e+00,5.956195166363535964e-01,1.946269772235790541e+01,7.825727542275623394e-01,7.787387301721627409e+03,7.789117602191362494e+03
3.768910876525100040e+00,1.232915004698729167e+00,7.603203562287633055e+00,1.088587003314668955e+00,5.465291429623583781e+02,5.450890156385444243e+02
4.406171430331395023e+00,2.079643335910320301e-01,1.285755582229845828e+01,6.972927403807495095e-01,4.042977843710299339e+02,4.061047680602492278e+02
7.226770308652243902e-01,1.905971738395735748e+00,9.232619225935810192e+00,4.426536705602907018e-01,2.644067267996467763e+02,2.646492813182862278e+02
3.566473036937027885e+00,1.717738034901137967e+00,3.526036916421185996e+00,1.769877056988975461e-01,1.619459366625503662e+02,1.616671590014308606e+02
2.479714157462026058e+00,3.384681621728042877e-01,1.071986295311288551e+01,3.067544394024901977e-01,2.404832083881400422e+02,2.405980417122247843e+02
2.373889768499072073e+00,4.953396514229144176e-01,1.423683951903196920e+01,1.099698692520590382e-01,5.809275862701539381e+02,5.805220875504539890e+02
3.687146574115872433e+00,1.260037808921363967e+00,6.221395855200872127e+00,8.064785035199780738e-01,3.613692635768607033e+02,3.625992741044826175e+02
1.887435277410112633e+00,4.848032884588920899e-01,1.522804266121102224e+01,1.139420923952988884e+00,4.965236812047963895e+02,4.971443763456825309e+02
2.810605204719611283e+00,7.735434357962438501e-01,1.756640797842731416e+01,8.439868215390873285e-01,2.184453749413406513e+03,2.183754815120538751e+03
1.673261248206723950e+00,1.616345482644424125e+00,1.532273390881996100e+01,1.167619042117173489e+00,1.616634447548050730e+03,1.618646959039681860e+03
2.261318317665838684e+00,1.443150437297985755e+00,6.631251183036440899e+00,5.347233916301693535e-01,3.050954918114598513e+02,3.038725405819321850e+02
2.899967788421385251e+00,1.350929582403573415e+00,1.888927053468417228e+01,1.733959036844996415e-01,9.074749110205957550e+03,9.075322977492092832e+03
1.210464512718184338e+00,2.755877158897412915e-01,9.649636183149278068e+00,8.416268314431607500e-01,7.137222337666358385e+01,7.221653411916821597e+01
1.742842048573415958e+00,5.823993423252881163e-01,1.227233197330688697e+01,1.147675457010169264e+00,3.478213849941462854e+02,3.507789991138193386e+02
2.391826573496931285e+00,4.153303320763258588e-01,1.741778292561046015e+01,8.610954217874469130e-01,7.791719688101907195e+02,7.781610860834928189e+02
2.627365903376699396e+00,1.214388079182203040e+00,6.434425473465417156e+00,4.987824578125895636e-01,2.835204525737357244e+02,2.870066174663565448e+02
4.100017856049582576e+00,1.543760523668495477e+00,6.625602681009946870e+00,8.834584722102547527e-01,5.492833618928541455e+02,5.496356917960989676e+02
3.393275512404197336e+00,1.066875265144240359e+00,1.878548825513940912e+01,5.463934135501866685e-01,8.002015422270940689e+03,8.001627468449635671e+03
3.031205299349527760e+00,1.650785631659111186e+00,1.280618528217870455e+01,3.481912409516962903e-01,2.543863109018712294e+03,2.542518163516835102e+03
4.414403271651784699e+00,3.361118904734190505e-01,1.616654580984504719e+01,3.623717714412281188e-01,1.218844933620722486e+03,1.220017520458831541e+03
1.388069891495436803e+00,4.679810507218067905e-01,1.343759802368943213e+01,7.577353227060613650e-01,2.780640886819667230e+02,2.781619591708515031e+02
9.683736583011572918e-01,3.136086481685001481e-01,3.443940425015746598e+00,1.015053377485705566e+00,2.909182207795368846e-01,-1.916300311076034379e+00
2.271763460154809344e+00,9.324411524899152148e-01,1.449050015552506565e+00,4.090930843858495702e-01,6.895300922331095705e-01,-1.566244260284163303e+00
1.117354800007751781e+00,5.570285322512944504e-01,7.496525076403291798e+00,5.569763948038041201e-01,8.183544298835023767e+01,8.072440457274916525e+01
3.001914671453899341e+00,1.865180832672207911e+00,1.160269625686960815e+01,3.194135943484129880e-01,2.123239168620506916e+03,2.121887156612764556e+03
3.081394994296481560e+00,4.794399084584586301e-01,1.394680662587248854e+01,9.422275016930655722e-01,7.085733199719643380e+02,7.107539247554187796e+02
1.092170973873605844e+00,1.645486191087198069e+00,1.617253815558049723e+01,5.149342169075611375e-01,1.042809793849010475e+03,1.045560870444950751e+03
3.722242976133769865e+00,3.228740755682137364e-01,7.800292712344310431e+00,8.938107634885787967e-01,1.595755976491155934e+02,1.613127168968506169e+02
3.004427675415250576e+00,6.280934244027642777e-01,1.915052004707540334e+01,6.061027036434364357e-01,2.518496950432594986e+03,2.519212688212657213e+03
2.404318974213385030e+00,8.146376603693286089e-01,1.205261651096986775e+01,4.755005782749840426e-01,6.433351700243888445e+02,6.424786936086995865e+02
4.628667979846886382e+00,1.839755055892665414e+00,7.995063862351403650e+00,2.617905526175743347e-01,1.268119854805489467e+03,1.268228821227329945e+03
4.351605324725044355e+00,1.928667272352318607e+00,4.492228052446938236e+00,5.574385782586744886e-01,3.237351431030853064e+02,3.255045571151424042e+02
1.494361236941901261e+00,1.379569074263463646e+00,1.507016247774270923e+01,4.136071696537220177e-01,1.074376754743319452e+03,1.078638699210766163e+03
1.249624294366185495e+00,8.946101612592300967e-01,1.322725600748677088e+01,4.847000844585672708e-01,4.319384813965683065e+02,4.337642798071718744e+02
4.619913817616228435e+00,1.762295680932419284e+00,9.259883508973215882e+00,1.388197287159044224e-01,1.891422812370974953e+03,1.890861988082385551e+03
1.207633498311967646e+00,1.185677742785932853e+00,9.092044524630493285e+00,9.855664465867651769e-01,2.639160350620425106e+02,2.639920852135842892e+02
3.907428468883797024e+00,3.574546588456957164e-01,2.212433172148819960e+00,9.635290731886267945e-01,-1.621039832958194182e+01,-1.717548813188560786e+01
1.906326571154511429e+00,8.375333417492061283e-01,4.196824201514272268e+00,5.696918367037780984e-01,5.645011074906167181e+01,5.488531359716284186e+01
2.125334059846312407e+00,4.407230936291417489e-01,1.699804070193439998e+01,1.707567014295884034e-01,6.826831100926327736e+02,6.823146260881968601e+02
2.991760906854997515e+00,1.649843262836133251e+00,6.992294736913099662e+00,4.800422881246855233e-01,4.909424729277438360e+02,4.913337023121540597e+02
4.666838753405017748e+00,6.058268263076657112e-01,3.105408409988921203e+00,7.878671053470019947e-01,3.042550668065878483e+01,3.409730985401391479e+01
5.092557937907893351e-01,8.208191485814075872e-01,5.615258758625296664e+00,2.530595416858393287e-01,3.087595899179660464e+01,3.098002393170339275e+01
1.230293004810439683e+00,1.360769186298576905e+00,5.475599054722228409e+00,5.584820599977068367e-01,1.132976206814403355e+02,1.160123368313672074e+02
3.740953003969770041e+00,1.208394101165820800e+00,1.616765161235300496e+01,8.893893668506120953e-01,6.200513921218127507e+03,6.204048899380377406e+03
2.275099382410231019e+00,1.589489093498618999e+00,1.418315434909629857e+01,4.038461304675775576e-01,2.055343855211042410e+03,2.055501470951561714e+03
1.795146889535589541e+00,1.555176405433568165e+00,2.248502068166290613e+00,9.304871921770974108e-01,1.718034773740828669e+01,2.039594551264076472e+01
4.833030461573936343e+00,1.870699422993812755e+00,1.645076096637862406e+01,8.413618519999830347e-01,4.060529021447854029e+04,4.060672008528767765e+04
1.688127904959258574e+00,1.155838858269552460e+00,1.837433651365895670e+01,7.428034670522754013e-01,1.848423678223343813e+03,1.847588607633424544e+03
3.713751310407749529e+00,8.842339872251243627e-01,1.921212157382332819e+01,9.563587765090567627e-01,7.661856727788878743e+03,7.662387087838576917e+03
4.839015510916497398e+00,2.977718406887243097e-01,2.448182893544680994e+00,9.220549055012408068e-01,-1.829112726868324756e+01,-1.824537163259338612e+01
3.932447253108969143e+00,4.415977114106498513e-01,1.075317457879739003e+01,7.365509972975367026e-01,4.745907775715496655e+02,4.741260995116597883e+02
3.692363161642302938e+00,5.679240684031687803e-01,1.499474553091190110e+01,1.616711321612346874e-01,1.366551534954712224e+03,1.366153972488722275e+03
3.754430207454605650e+00,3.857423999208188792e-01,5.071258071835995196e+00,5.081813648540397521e-01,7.363290929245867744e+01,7.392132789940465898e+01
4.123517480739256058e+00,2.040234465268720709e-01,1.777236344170623639e+01,1.029011687577262801e+00,8.329878650515435083e+02,8.338562273325079559e+02
1.720461420139653308e+00,9.753555942052298811e-01,4.679800239453179245e+00,2.495539178622024901e-01,8.331189674363082531e+01,8.154213299331337339e+01
3.320090263302911460e+00,4.086473770619490908e-01,1.097566486051809065e+01,3.393719868746201129e-01,3.981267041847402197e+02,3.981079288607478475e+02
4.112986523196051181e+00,7.786691181774563209e-01,1.586375148798122225e+01,6.883533923420888101e-01,3.143675359083648800e+03,3.140630649039758737e+03
4.497033385835745634e+00,7.521937572955856854e-01,1.279473085311905756e+01,9.303091513814297775e-01,1.589577328721913091e+03,1.590098919720473532e+03
4.576253689436261318e+00,9.445566721880596095e-01,1.066465059609231147e+01,3.279387309243631532e-01,1.259013641439933735e+03,1.260260840391496458e+03
4.567533771143732046e+00,1.169284489758031009e+00,1.319091614536132084e+01,9.328051614196595231e-01,3.619593550890332608e+03,3.619921460567052236e+03
9.393520975919271709e-01,7.808021333725703172e-01,1.726374196838029462e+01,8.728952591612202383e-01,4.784240872213507600e+02,4.789957935251882191e+02
2.193827393200466158e+00,6.140357656239290307e-01,1.026826772760173867e+01,3.335150459787340482e-01,3.313358834062364622e+02,3.325157696133558147e+02
2.553764375706886192e+00,1.392300142329629065e+00,1.850846991258392471e+00,4.082806679033966768e-01,1.665214436029286560e+01,1.532194267185886538e+01
4.512584317851123572e+00,3.982198908342013954e-01,1.831045218924194984e+01,2.628071941208109941e-01,2.405537410669318888e+03,2.405059312950669664e+03
2.386641287209385176e+00,8.212198693626604484e-01,7.318586432054768665e+00,1.521143749588554639e-01,2.443630883902959567e+02,2.453849324779275207e+02
1.692104465116087253e+00,4.783715278665975901e-01,5.671581752414898148e+00,1.098834886084647744e+00,4.934168785426310677e+01,5.134545932372139276e+01
5.893644792166624624e-01,2.458877630362616418e-01,1.467430110380989383e+01,6.530076252342060794e-01,7.644385754427094071e+01,7.723370034696144160e+01
1.799394249929744394e+00,1.681261151604642734e+00,1.247109919984166204e+01,1.339764004988933388e-01,1.062764278862504852e+03,1.067869997707215134e+03
4.013258831300425378e+00,1.550813605854616251e+00,9.940093769069886065e+00,7.292066905083983697e-01,1.564816735466655018e+03,1.564634014322285338e+03
5.907692212693321787e-01,1.743674868500653341e+00,1.516577308132796276e+01,4.293059218281466416e-01,4.889639501341409300e+02,4.909632709928505960e+02
1.242472675768194534e+00,1.360862828817720471e+00,9.427006093430536637e+00,9.646414323580454475e-01,3.261759785330038994e+02,3.287094338895040551e+02
1.899357893809539899e+00,1.695312693768003642e+00,9.205971030793374865e+00,8.048375805954708362e-01,5.621354017882565586e+02,5.618678620955730594e+02
2.894049823480342454e+00,9.767851921786363523e-01,4.912500842912497667e+00,6.963808549381732549e-01,1.414238681104981765e+02,1.397828423460926786e+02
2.133694931876661816e+00,1.074182148296792816e+00,1.203973312614004065e+01,6.556758831290119272e-01,7.332913893489517250e+02,7.309261834938973834e+02
4.471878625653946671e+00,1.072190889783181333e+00,8.570208262352252859e+00,7.380228616743778058e-01,7.701993952460143191e+02,7.705239492456726111e+02
1.433649329833389663e+00,3.281294153635276878e-01,5.097638845929674645e+00,9.799172446984633078e-01,1.812407972246104038e+01,2.034466363153869750e+01
3.027354801885606239e+00,1.733301799381641528e+00,1.175606483782664213e+01,6.804926339173011929e-01,2.008852306688518183e+03,2.009395643486229119e+03
4.000178773119648312e+00,1.735430973108463393e+00,3.370839850112084868e+00,8.364459803579429309e-01,1.435279680941023628e+02,1.438736802448418644e+02
4.683237030922938970e+00,1.972267670885603730e+00,1.227160555351789739e+01,7.556524927757299892e-01,7.710810287437735496e+03,7.710051859671710190e+03
4.430661230036189835e+00,1.740605910040303739e+00,1.006343156540248351e+01,1.720985728644836010e-01,2.304712242188523305e+03,2.305834301654110277e+03
1.109844516833062400e+00,1.878410531492846980e+00,1.660454356350733462e+01,1.080901778472180830e+00,1.343102232504351605e+03,1.338830570401464229e+03
4.063100358405152157e+00,1.959555080034471652e+00,7.254481597582063124e+00,7.280198500709769149e-01,8.705281367434890853e+02,8.709928832462385344e+02
3.539058212741050369e+00,9.155745945956568210e-01,1.857678841434453787e+01,2.726807380237278866e-01,6.147096510414522527e+03,6.147152763033628617e+03
2.397216008241516150e+00,3.286842935003263522e-01,1.073198337897228249e+01,6.007300670967221645e-01,2.207354856160621921e+02,2.179948051229387147e+02
6.150519453310840934e-01,1.208180535885636120e+00,8.593154488721545192e+00,4.820165011772021835e-01,1.318217864799236452e+02,1.361729823282113614e+02
1.255916619310938565e+00,1.597330482824035558e+00,1.556934651966498784e+01,4.600320435555770304e-01,1.099988309790086760e+03,1.097213483326977666e+03
3.872573718044260094e+00,1.924893108328698865e+00,1.106972299158791806e+01,1.122186884122725742e-01,3.020843326070493276e+03,3.018688285076797911e+03
8.780214549954861170e-01,6.819997790769622981e-01,1.399152936560828620e+00,1.052693307970313130e+00,-4.968016379545284522e+00,-7.369742594650935175e+00
1.906924662446288554e+00,8.062740640891283839e-01,1.799966691527745510e+01,9.997031237198056308e-01,1.301601917655003945e+03,1.303822653258521314e+03
1.648455972244720069e+00,1.927650727641501804e+00,9.108211519826019398e+00,5.643220122845598041e-01,5.420655120562134925e+02,5.402893423338950925e+02
3.857454036043883150e+00,1.654071408828260648e+00,3.943328067225452038e+00,6.406831526309116898e-01,1.932928825132681823e+02,1.946301953391966038e+02
2.115769231293429087e+00,5.094770792607390408e-01,1.146120239509465755e+01,1.100491887879007091e+00,3.251152007179913426e+02,3.262902210230338369e+02
8.923470844493834875e-01,1.943648143339874901e+00,7.781240828866069492e+00,1.974486802292086118e-01,2.392770137203394540e+02,2.397963545424357221e+02
2.166989458172524863e+00,2.552936947108002119e-01,1.594594069597395247e+01,7.675215348700414886e-01,3.597437880933941869e+02,3.571286302800803583e+02
1.970734445234068044e+00,2.144645515042123418e-01,4.187731613661756391e+00,8.067568756330208979e-01,3.763065650458771394e+00,2.538852894483130562e+00
3.726596152937287965e+00,5.382539319374473052e-01,1.868391402710071958e+01,8.512105536666874084e-01,2.764963004556955639e+03,2.768309234497023681e+03
1.940549990894095966e+00,5.470117026672117744e-01,9.082278303810550568e+00,1.065595155518348269e+00,1.997140584944845614e+02,1.971325496957193195e+02
3.621270420914179500e+00,7.257922698539345241e-01,8.262392008273140576e+00,3.928654870861010284e-01,4.001243401887060145e+02,3.984610302679691358e+02
2.923675040451915397e+00,1.285440684982393389e+00,8.716240392319452468e+00,1.164084320299675346e+00,5.918379899593628579e+02,5.915134969138021006e+02
4.494797729260122665e+00,1.856124111187495984e+00,7.990507456301487288e+00,2.212462482081389847e-01,1.230177938916069706e+03,1.231795919060144342e+03
3.800143278246144618e+00,9.644676322902676624e-01,1.833359528058453947e+01,4.649292496032777500e-01,7.664291816640159595e+03,7.664795095021368979e+03
2.335634341413739268e+00,5.814401201736352220e-01,1.673427785619207953e+01,9.068434011960122554e-01,9.693431724597546690e+02,9.708272607783453623e+02
2.682092831892999296e+00,1.015688402627950460e+00,1.767584823229019264e+01,2.273271813333403446e-01,3.156452758874284427e+03,3.154318170408340393e+03
2.621235919394015124e+00,4.647402288847958807e-01,1.479202358219055746e+01,2.904486596272478072e-01,6.645709283545631934e+02,6.664604815423952004e+02
4.422660788833361778e+00,1.777321616228564771e+00,1.035357323952450770e+01,4.862735774197880501e-01,2.624787651921471479e+03,2.625925709554629066e+03
1.121162772706456590e+00,7.972198189631343190e-01,9.040579344359585434e+00,1.049881522961341407e+00,1.693236211179024053e+02,1.661344920076551261e+02
2.409035055928314684e+00,1.237560927511042186e+00,1.977074933131269319e+01,2.071770647622611927e-01,5.900030005482925844e+03,5.903109837898740807e+03
2.907104258665806462e+00,1.850565362036329597e+00,9.608269043744469329e+00,9.761823310366827267e-01,1.109855761126483458e+03,1.114440556846833942e+03
2.463002745074132527e+00,1.101671909250531156e+00,1.452710234006821821e+01,1.125282142628845072e-01,1.520382817126563850e+03,1.518845662412270485e+03
3.191128105994511799e+00,1.043301342313884383e+00,1.645844345112632112e+01,5.777732059629334671e-01,3.532069617008914065e+03,3.532180922642147380e+03
2.744793929389321097e+00,1.313934456076470969e+00,1.747664917240366123e+01,1.141914922469573490e+00,5.032511486433571918e+03,5.035306331599786972e+03
2.361630841978853201e+00,1.764438962260186372e+00,1.381794449252108237e+01,7.089977165798093672e-01,2.347925049042291448e+03,2.344962568583437132e+03
3.590658376771981075e+00,3.822658804874233818e-01,7.840915872007935050e+00,9.633370373495631078e-01,1.846158180796458339e+02,1.806360974415063367e+02
1.981951095688101461e+00,1.426558711885280051e+00,9.507196572235924847e+00,1.071681995731568637e+00,5.303812175251667895e+02,5.277873292807669259e+02
3.231054561510605883e+00,8.083757194125800183e-01,1.681226917869113890e+01,4.502428282023175354e-01,2.592923388270485702e+03,2.591789254697773686e+03
3.778512563002434543e+00,4.730920567628075779e-01,1.027556047299324860e+01,7.594037631898317153e-01,4.378139943618381835e+02,4.366571099378684266e+02
1.087909861072473117e+00,1.814157422187571367e+00,1.841195560141789755e+01,7.128079506134969989e-01,1.699415414816323846e+03,1.700630109164009127e+03
1.969034456772194019e+00,1.861071199154495037e+00,1.398399364121333921e+00,1.027367805772173348e+00,-1.186034256355216421e+00,-6.489615124290972759e-01
4.751170500193723889e+00,4.494628155007509562e-01,1.758272973628133684e+01,4.800353341380797501e-01,2.702480087854149133e+03,2.699987933324810911e+03
4.847095794031810456e+00,1.061795761164420204e+00,1.273634695286356688e+01,3.510205231150289595e-01,3.019858766368230135e+03,3.020993526308408036e+03
4.965749434110471761e+00,1.990704540028852776e+00,1.660016955519798643e+01,9.494105519784765690e-01,5.559049518786939007e+04,5.559424335055275151e+04
6.913662524972190582e-01,1.473092445297782493e+00,6.917133142946523705e+00,2.317538017252700200e-01,1.169095909052777671e+02,1.193036994634183401e+02
4.219289460103320621e+00,9.293545825842111086e-01,1.380416142582092043e+01,1.254427114560138501e-01,2.550381211028317011e+03,2.552363425923684190e+03
4.708741131473943575e+00,5.090338445236481935e-01,1.566202750296031532e+01,5.417625618122006159e-01,2.047997374211471424e+03,2.048037730068514065e+03
4.558749980248597566e+00,1.974568120371769098e+00,1.907816350762235302e+01,1.176199743119836549e+00,1.036456222603031929e+05,1.036475895230924798e+05
3.717235865662764205e+00,1.297424628071118358e+00,1.994801517873624874e+01,9.017625081658037223e-01,2.312124314961399432e+04,2.311931088397405620e+04
3.540287042995503342e+00,8.983397376560571246e-01,8.941055845658176793e+00,6.829109013034974085e-01,5.504979321092240525e+02,5.519999613832301293e+02
3.738229774197738831e+00,6.500640082947151122e-01,7.968333445817331828e+00,9.880977505487074097e-01,3.313388202992852030e+02,3.311643234603229189e+02
3.086986181661552031e+00,1.892840250693973436e+00,1.856811016630953759e+01,2.601431177731924893e-01,2.197024796671224976e+04,2.197250977810800759e+04
4.047890359294923357e+00,1.373847693002369086e+00,1.996475404259528474e+01,1.192102984816122646e+00,3.520813560276914359e+04,3.520906762387166236e+04
2.758683217102916974e+00,2.154604139479906477e-01,1.708599312331281794e+01,1.041904962078899599e+00,4.689664109663749514e+02,4.667866513949502405e+02
1.516718749510527653e+00,1.345449956851469064e+00,1.755514968517243801e+01,3.677079772377057632e-01,1.653006130439487151e+03,1.653262116346434141e+03
9.245706124017509797e-01,1.590654471675077897e+00,1.729366178147007815e+01,5.450558248172719944e-01,9.559447449797739864e+02,9.583811879193975756e+02
4.587150754860675583e+00,1.103246412918575059e+00,1.144430799745212468e+01,2.672611192803480695e-01,1.943718174758888381e+03,1.941459706988754760e+03
3.896955416313888865e+00,4.290748413785477888e-01,1.403110280692613365e+01,1.169722201597875433e+00,8.649265387574000670e+02,8.638082590010307058e+02
1.297588710921543820e+00,8.718994437735747560e-01,1.429593721777105131e+01,5.494096292039698515e-01,5.081984245660785291e+02,5.066610785493030562e+02
4.201062247955400508e+00,1.062895802646284915e+00,1.515997425113303620e+01,3.361784226491528749e-01,4.699483721228565628e+03,4.696492429347674260e+03
1.851560388158798531e+00,1.173295088931749275e+00,1.158291871084848879e+01,9.232744289389983594e-01,6.238870887941038745e+02,6.258096253446432229e+02
3.360447374488690464e+00,3.777521726133904467e-01,2.332981642110912190e+00,1.084903113484380732e+00,-1.365793410609466818e+01,-1.103593950012261438e+01
2.102687859869143860e+00,8.133876818031375855e-01,1.615000145465140946e+01,4.388924693955801315e-01,1.119059592174603495e+03,1.120659678588717497e+03
1.463733888487893431e+00,1.064283542363956059e+00,1.045658169953031269e+01,7.667275851221967420e-01,3.720389521708509619e+02,3.725240928017254873e+02
1.290239437022651980e+00,6.193943861810169427e-01,1.562212292672668035e+00,9.532939652445211465e-01,-6.105200300707879890e+00,-6.209263069336794949e+00
8.192763983498342339e-01,2.949566919409051802e-01,1.268560198500917835e+01,1.063326093949681583e+00,9.300944340920426612e+01,9.348820401025358251e+01
8.349735037759635770e-01,3.485567768840017733e-01,9.354759843839055122e+00,8.444220623631074618e-01,5.886882281088054469e+01,5.740571097669838707e+01
8.109059482966196608e-01,1.116564054282403351e+00,1.392029091090067539e+01,9.104353089548543609e-01,3.803145252203891005e+02,3.821022164212924395e+02
9.046344498681724300e-01,2.280028993499824963e-01,2.382319050623403545e+00,1.047085095079552497e+00,-5.066094168003451692e+00,-2.975109519926681045e+00
4.253131800500245419e+00,4.360661621814466704e-01,8.167300478077386572e+00,9.122750210913487257e-01,2.733518211443436030e+02,2.752169082123514272e+02
2.830137464823556215e+00,7.344546224690633451e-01,1.825630369134189479e+01,5.492405615068454150e-01,2.369820864358945983e+03,2.368758967923508408e+03
1.078628066597612012e+00,8.875549147104395686e-01,1.161416512317746630e+01,9.170801362934174472e-01,2.917976654712099389e+02,2.919544741551035258e+02
2.862475919972644167e+00,9.890184337394956060e-01,3.147187022221297426e+00,2.574950080420627119e-01,5.707277696137853695e+01,5.674121532341982999e+01
2.941834106993399089e+00,9.380552889947673112e-01,1.705206110101555339e+01,2.884632574351144729e-01,2.889362628686164044e+03,2.892939778262098571e+03
2.734664157248782423e+00,3.289933246919198861e-01,1.805692025565382153e+01,1.958459226485075866e-01,8.211993953915557540e+02,8.215587877954009173e+02
1.429188640776186237e+00,1.825425586399275657e+00,1.904553165833820216e+01,8.618714739500142885e-01,3.202570874886767797e+03,3.198806733098906989e+03
2.454790492510387168e+00,1.731642403037214839e+00,1.830893543606293861e+01,1.175839168808598068e+00,8.548966449185338206e+03,8.549763460486999975e+03
4.418854041062211913e+00,9.195683722999301590e-01,4.511663610007870417e+00,1.000175077461185336e-01,1.853421174818406030e+02,1.891066499799825635e+02
2.226809650032834043e+00,1.806575115183743696e+00,1.605119475323219547e+01,2.947501771378620017e-01,3.942151099412015810e+03,3.943521450844461015e+03
2.767933593104735301e+00,1.770427099258484072e+00,1.653040605501316662e+01,9.612114193366705361e-01,7.239749620203108861e+03,7.241508579623201513e+03
4.686090795837571044e+00,1.787367141710205276e+00,8.114194676934275208e+00,3.056019116356211152e-01,1.297051118892028171e+03,1.297123241425726064e+03
1.547606290749873548e+00,6.515929764826228210e-01,1.039713412396629622e+00,2.567866934454845484e-01,-1.557808634241840684e+00,-5.500587606612207026e+00
3.764784590628073691e+00,1.112277899865970143e+00,5.847546542963686811e+00,7.412497548826397775e-01,2.916191177271913944e+02,2.879986022190855124e+02
2.677286005267581093e+00,1.947224603986240199e+00,1.967833094350953616e+01,5.427659744205131087e-01,2.177058304760804458e+04,2.176809115205857233e+04
4.043155609848387400e+00,1.138709602082390138e+00,2.496686152650494428e+00,2.509574778915021342e-01,5.428713473077035445e+01,5.403347065669090199e+01
2.118530816716031495e+00,1.694460772971684737e+00,1.947277482866162046e+01,3.574785189701475963e-01,7.648770167831360595e+03,7.649390164824343628e+03
2.940613766932719475e+00,1.172537598362423328e+00,4.044001901040702229e+00,1.457713339762983229e-01,1.257851748276345916e+02,1.271640031319136313e+02
2.157286746431697821e+00,1.796232364086677302e+00,1.981658018699276269e+00,1.118102422038189214e+00,1.433966255856415373e+01,1.365874647303470724e+01
4.397671582038327642e+00,1.121722813661588658e+00,5.189335225255550910e+00,4.249060648738632873e-01,2.746245925576916989e+02,2.765384510745138869e+02
4.616680503463642893e+00,1.592431636997427180e+00,3.415897503104750932e+00,1.181459218328835270e+00,1.449659904028766277e+02,1.444064928861173769e+02
3.343195777343413333e+00,4.069307884166565303e-01,5.935722168344521599e+00,9.585282584067862377e-01,9.249878621779214427e+01,9.108980718709806013e+01
4.914591064082692640e+00,1.274244730988898899e+00,5.356337382648191259e+00,9.111480848119399845e-01,3.429914953470977252e+02,3.446947787779875512e+02
3.794250568585318284e+00,2.520591224594347368e-01,4.906768044938811357e+00,1.118368101720230712e-01,5.272652766743775743e+01,5.089763770122941366e+01
4.236907693857038915e+00,1.289129124049386510e+00,1.008549586483906069e+01,5.810404219912118640e-01,1.395371543845022188e+03,1.389913373983380097e+03
4.526242924378663268e+00,1.325366167277117313e+00,1.141825221241953514e+01,7.520081420576357756e-01,2.461764757017331249e+03,2.459644843499435410e+03
1.723575927947541109e+00,1.869626813699783341e+00,2.089011120993001569e+00,4.486928615132697029e-01,2.362960958248879706e+01,2.381792867349459186e+01
4.940050686426991078e+00,4.939466935261881408e-01,1.391800913455089983e+01,4.625797831474578459e-01,1.434039829161127045e+03,1.427879473643027723e+03
2.256863105042666628e+00,1.879310826578441063e+00,3.841002816705049838e+00,4.448935852908720845e-01,1.318478213256827303e+02,1.311335452333255773e+02
2.737456447171332741e+00,1.802247725556384905e+00,1.782189461297259214e+01,1.882204063710081199e-01,1.088644130889169537e+04,1.088577712817416977e+04
1.311456792483485900e+00,1.214535828443763066e+00,2.310453266884107570e+00,4.578825973817387540e-01,1.322880125047365141e+01,1.037588931253509372e+01
4.196654532514882519e+00,3.328745660740384249e-01,1.671916304110356322e+01,1.180143119297347054e+00,1.211882508948671102e+03,1.208917502019475478e+03
2.016039320110357025e+00,1.876807815536056356e+00,1.449136748622199811e+01,1.118824018121466146e+00,2.298695143800817277e+03,2.297770219904618898e+03
3.602050004681754736e+00,1.199193739706822637e+00,1.859206860494873581e+01,4.342667381445141084e-01,1.153367347929072457e+04,1.153257927895145440e+04
1.482600176907406198e+00,6.677020716893461438e-01,2.837655121687494120e+00,8.366604559901418270e-01,7.327884761906283018e+00,9.847721780689557391e+00
2.081133772498082735e+00,1.205207827439335411e+00,2.508173675987063866e+00,9.331810227841976779e-01,1.897429199424894719e+01,1.972401808451454741e+01
2.229100188273080541e+00,1.033261972604907042e+00,1.529861224107263062e+01,2.351265743458642865e-01,1.400474683819264101e+03,1.397312972928252975e+03
1.564807972710708039e+00,3.737340865693061787e-01,1.232410006280833237e+01,9.684318036169425881e-01,2.126796358888597354e+02,2.109703329491862576e+02
6.577854893113483925e-01,1.093912675883963015e+00,7.940711183208332358e+00,8.747826338028011905e-01,1.069948974724854196e+02,1.084051805267294810e+02
3.965940122437520809e+00,2.887709586639814474e-01,2.205622259619586245e+00,5.115066367851517359e-01,-6.608210145515556633e+00,-2.816256607599749717e+00
4.776595983755056452e+00,3.537320093908066787e-01,2.035314654797484746e+00,4.589116800348643777e-01,-5.241834671553421643e+00,-4.468835684064972114e+00
1.518115359003237907e+00,1.602506553738425321e+00,1.036258623147338298e+01,3.685793323636562535e-01,5.486703244204103385e+02,5.492917495097293568e+02
1.231931142368184906e+00,9.944759075199836040e-01,8.435513275142277223e+00,3.530817491055495694e-01,2.045581410820390147e+02,2.082796460103830327e+02
2.064218789100099816e+00,1.941326349683830887e+00,3.813768241318657992e+00,1.002628250868632831e+00,1.150688742358722720e+02,1.150235313478342363e+02
8.724470073337067255e-01,1.568123158177868293e+00,2.211165652341967824e+00,7.582755029985868145e-01,8.927431085572365532e+00,8.309229168902898977e+00
3.423797940934578232e+00,5.234427219626934802e-01,3.183231280139013020e+00,6.165863461873001272e-01,2.260560118373502547e+01,1.977910361915169091e+01
2.158486336398244720e+00,1.245631584740705566e+00,1.138652578295730144e+01,7.386927194868618818e-01,7.587748807008389349e+02,7.577488485363835480e+02
3.031153494200661491e+00,1.697999667503872212e+00,7.667153401962540471e+00,7.098477298986066719e-01,6.153735666381269311e+02,6.197309921233232899e+02
4.576324938642344797e+00,6.406797490516025206e-01,1.826318291945948502e+01,8.970275664989812991e-01,5.310421665006870171e+03,5.307578182221892348e+03
4.377106980022771765e+00,1.065887782998805600e+00,7.065116159294579923e+00,6.848456432634483226e-01,4.798918030601038254e+02,4.799141864737302967e+02
4.647545865711403046e+00,1.928028831969835544e+00,1.840517836822732622e+00,9.135462629767334697e-01,2.966142709567291291e+01,2.684477223976828242e+01
4.707759725471258427e+00,9.110233719612370606e-01,6.099958666864063517e+00,2.596461198665421799e-01,3.435263412860058452e+02,3.437832927821093563e+02
3.154187120389241983e+00,9.038168560239201454e-01,7.135562559427332197e+00,3.173268470454589929e-01,3.205979112971471068e+02,3.223732057040513723e+02
2.760351286383277980e+00,7.562545361641708208e-01,1.344442902396385620e+01,3.548364482665697928e-01,9.173021171773534661e+02,9.168148185377270920e+02
6.692682453668135079e-01,1.612191058024718293e+00,8.760676099435800168e+00,9.067492079840104857e-01,1.914898849745823384e+02,1.929505795151813459e+02
9.609859012103523224e-01,1.131948004741710978e+00,2.576770972835001672e+00,9.341985756033359678e-01,8.651452676228439387e+00,1.009314032724611643e+01
2.857655276935684441e+00,8.685632244009664493e-01,2.683324752620954712e+00,1.167850384944612685e+00,1.463969301648750942e+01,1.553374264870133814e+01
4.352037370750224454e+00,1.862413521215277701e+00,1.078839777229886820e+01,7.452385555868873412e-01,3.227438789227127018e+03,3.230871285225959127e+03
2.446855523202793314e+00,1.885229087468750953e+00,1.631246052161118598e+01,2.757257613099995397e-01,5.720650649762688772e+03,5.722208324870684919e+03
5.167821302887454227e-01,1.468576802369137457e+00,1.348022243930073572e+01,5.274433731050433005e-01,3.052478234484215136e+02,3.046379043161528557e+02
1.455363977878264548e+00,5.297650509314344447e-01,1.169009700022911247e+01,1.765314034357868822e-01,2.555845351312023581e+02,2.542228880342181299e+02
3.919866881988959939e+00,1.285455208726703047e+00,1.170206626975226349e+01,1.979819003051628834e-01,1.998478817150491523e+03,1.996788204455482855e+03
1.212880948384000845e+00,6.564869918415799921e-01,1.514167106902476512e+01,1.156511415645747443e+00,4.091007070454866152e+02,4.100524419207566211e+02
1.398093508199310442e+00,1.530024634383736482e+00,1.792858201335875634e+01,1.232498047669983443e-01,1.858566984254960516e+03,1.857919540626460275e+03
1.784912288915517564e+00,1.281072415481640192e+00,1.687723765876076243e+01,6.157474684066189807e-01,1.774766559334681688e+03,1.780224893412690335e+03
3.241775194526608228e+00,1.562702963618868957e+00,1.824353198378154772e+01,5.085577389607451870e-01,1.426542681395570980e+04,1.426911170916694573e+04
4.263824996468343898e+00,1.263303371512480400e+00,1.575896123437588869e+01,6.816962022852253167e-01,8.361634091482994336e+03,8.361205043483982081e+03
1.485026768425633747e+00,1.461843830059431415e+00,6.338076362033893574e+00,6.597016167059902569e-01,1.938667883043285087e+02,1.932085257960025331e+02
3.197605432016559224e+00,1.943143503669268135e+00,8.745111931019772911e+00,1.521782808116055596e-01,1.055625038315204165e+03,1.059005391421836975e+03
2.884732759160079762e+00,1.086026584563949404e+00,1.532351344507058677e+01,9.847869880613346893e-01,2.314812023542593124e+03,2.311045303979983146e+03
2.501888929142666917e+00,1.869536882241498166e+00,3.181625336566572759e+00,7.489579250559751378e-01,8.974184432711354020e+01,8.883874220850331938e+01
3.111892356451008368e+00,8.504635480207753950e-01,1.726721993112526388e+00,6.687712078224984369e-01,-1.746333154078008043e+00,1.551807479127360612e-01
4.163533356076171366e+00,5.714169073709323143e-01,1.704781717155633558e+01,7.647742423050536420e-01,2.632173851219500648e+03,2.630349656077662530e+03
1.478696255053072228e+00,1.993932721457109203e+00,8.571900413594297774e+00,8.293698123352080120e-01,4.452220219918154953e+02,4.442683620456285212e+02
2.737553678957417969e+00,1.401115198476594825e+00,1.521678153104432774e+01,9.443450351168818369e-01,3.081638795883631246e+03,3.080936513551441749e+03
9.406425251575776247e-01,3.334828091535079753e-01,1.404669230465426644e+01,2.372315505880803754e-01,1.557766976648530886e+02,1.570983146578662115e+02
2.809568997809169577e+00,1.786248091342771405e+00,1.717468148177637488e+01,9.049602268233927216e-01,9.361551974800579046e+03,9.361827028570225593e+03
4.059535357941205902e+00,1.496179132092500863e+00,1.988252045112674438e+01,5.592568174134524561e-01,4.335331576465290709e+04,4.335411993947348674e+04
4.993515007932668226e+00,2.286826001318518764e-01,5.992645248988401896e+00,2.455495416616639559e-01,9.348445213184908198e+01,9.467501958221576785e+01
2.640618743386027312e+00,1.098919396473729382e+00,1.002916498042634252e+01,3.938331590912672597e-01,6.362987560942315213e+02,6.363586325505857531e+02
1.834715303148904963e+00,1.999740444743153711e+00,1.140087035597521492e+01,3.515407572812019321e-01,1.055142149470559616e+03,1.057363281867056912e+03
3.107766118627372620e+00,9.340988325703512007e-01,1.631290701953179223e+01,5.060102516603004474e-01,2.683103201271910621e+03,2.681645283529699554e+03
2.172884246647917905e+00,1.904735894851485645e+00,1.872148523162409361e+01,9.291755452632267653e-01,8.618393886084775659e+03,8.615521643093521561e+03
1.026510751038019809e+00,9.894248489141279634e-01,6.286517441484207325e+00,6.995257074453321566e-01,9.155723307144162959e+01,8.800348946181674137e+01
2.860243574137228961e+00,1.644607170382158756e+00,1.135238324102183860e+01,9.563434579121142809e-01,1.512420919960478159e+03,1.509178900402553154e+03
4.096110609526451896e+00,1.755850074088853630e+00,1.937397364383888387e+01,3.647169494222199937e-01,5.795808317330142017e+04,5.795698214184232347e+04
4.510072793179064732e+00,1.255075376410891286e+00,3.561443572543137481e+00,9.579671028103908803e-01,1.243964763484122358e+02,1.264565701349248741e+02
4.901500344651861241e+00,1.124367397181387673e+00,1.404536494999832641e+01,1.510610335148706018e-01,5.272400411052827621e+03,5.272748744567571521e+03
2.154760802863533442e+00,1.601505141367414398e+00,1.278209757249780054e+01,5.420080251251797598e-01,1.367340065245015467e+03,1.366142972025944800e+03
1.632493299116859253e+00,7.929388034955213715e-01,1.382579318006570546e+01,7.534638104836398620e-01,5.496803365347934687e+02,5.475406253487620916e+02
9.986934809583916106e-01,1.064580575128910800e+00,1.591165017243528901e+01,9.839258652126993132e-01,5.738845302819845529e+02,5.728267589793233583e+02
2.463043627847341543e+00,1.018735087032581754e+00,1.887546467916901349e+01,3.874389446426659278e-01,3.480641941677356044e+03,3.479834608906563062e+03
4.131622221111745041e+00,1.735907236087782080e+00,5.510051598548607821e+00,4.780816589851624165e-01,4.275579273903370563e+02,4.264277286085387004e+02
1.555901544310329676e+00,1.858822014208163509e+00,1.331483073082495139e+01,1.623648979538248049e-01,1.169875835695863316e+03,1.167010747054377816e+03
4.323049241298194900e+00,5.184216374766158486e-01,1.987303907488896826e+01,5.930388006473265028e-01,4.705396098871728100e+03,4.704444483229483922e+03
3.702816580184050022e+00,1.737652487984292504e+00,1.658745654275897152e+01,4.800716150568467011e-01,1.564102818958695934e+04,1.564306246185371674e+04
1.404242692367195788e+00,8.278600811854872621e-01,1.128114916367955090e+01,3.317067846151952049e-01,3.372979525706678032e+02,3.329487346874768718e+02
3.342881926126830106e+00,9.870692320537264308e-01,1.960458921017832168e+01,1.097280125893324243e+00,8.141895379360055813e+03,8.141414162015166767e+03
4.188614822570786878e+00,2.992624914796851998e-01,2.027003397206442514e+00,7.357700337819146341e-01,-1.616241663910422233e+01,-2.040511334876927307e+01
4.697916647544380986e+00,1.517335103652807993e+00,1.561774147054268091e+01,6.031384785008034877e-01,1.587365604360677025e+04,1.587402213882792603e+04
1.229966436634644111e+00,1.206691834319340906e+00,5.489462356365670814e+00,5.368860447863468277e-01,1.011401848356175179e+02,9.964520605380090501e+01
4.199068371451216031e+00,8.410258644310295573e-01,1.634588422885434600e+00,8.157441735259087778e-01,-9.514881132051744572e+00,-1.368625646823707598e+01
3.991320895242762568e+00,9.787170149839368172e-01,1.302541876085660277e+01,7.576070585246003075e-01,1.993077075052701048e+03,1.993278479432567792e+03
1.596747382887141908e+00,1.836697994546640844e+00,1.804458605927301917e+01,8.479161083579770386e-01,3.268017669635407401e+03,3.271652480342512263e+03
1.825616348006644074e+00,5.530344846993935359e-01,3.900412994242305587e+00,1.939366021150687180e-01,3.278190665714078023e+01,3.299968972384510835e+01
4.806878145135135227e+00,1.009823759768212925e+00,8.052978496558198529e+00,8.700276611173930474e-01,6.712385972053988326e+02,6.735621801729635081e+02
2.129072260821602391e+00,1.147758582863883214e+00,1.560737665956638764e+01,1.147085890655329843e+00,1.575626660725145030e+03,1.575483651920807233e+03
1.800392473626994727e+00,1.740175361920868635e+00,1.011546723975543571e+01,7.056520662301423163e-01,6.671558617656137358e+02,6.628406801092895648e+02
3.740050036421226132e+00,1.877049848467680526e+00,1.209883663275319954e+01,8.111836356294942485e-01,3.847666440086907642e+03,3.848647407068155644e+03
1.098077047069788037e+00,6.655614007527835829e-01,1.386083869472563102e+01,8.713420692427324976e-01,3.203968529877362812e+02,3.195602943741118338e+02
2.674261924798526646e+00,3.435161761229907906e-01,9.311102870054192238e+00,1.152871544786493452e+00,1.807046914682300098e+02,1.777805216128842574e+02
2.111599068069265783e+00,5.173613538864221262e-01,1.928135635762436095e+01,1.012596622637223387e+00,1.092948546243978853e+03,1.094518219591825073e+03
2.947938543330598016e+00,3.034892052745762903e-01,1.359405532562353791e+01,2.696212905413141736e-01,4.265368766205704674e+02,4.271105917514781254e+02
3.214625647327275626e+00,8.646962520905832061e-01,8.919869153623896096e+00,2.235429304455882615e-01,4.918212379067281290e+02,4.907704186252917680e+02
3.380483542552148890e+00,6.342320997471537769e-01,1.908862310973261600e+01,8.471668940235879131e-01,3.203902413412310580e+03,3.205638552263114889e+03
2.445795761849614447e+00,2.002850049148344191e-01,2.244934711187906551e+00,9.621043871995924590e-01,-1.416886438518831959e+01,-1.591300832077438443e+01
4.491195839393061107e+00,1.741144277364253146e+00,1.638926445401619247e+01,6.039777443808015400e-01,2.609014442927437995e+04,2.609143129395186043e+04
4.260542415637816660e+00,1.778798750457831312e+00,2.091289963998704149e+00,7.084117140202845775e-01,4.525759420465438154e+01,4.337667326616778496e+01
4.700110034264162628e+00,4.676915847193666709e-01,1.107935847156931830e+00,6.943273438221772009e-01,-2.376609202000021881e+01,-2.269818249658806053e+01
2.506575387304617930e+00,6.618465626924108225e-01,4.963483802202739881e+00,2.777544377252481045e-01,9.174507675075754776e+01,8.954358086165890995e+01
3.785386615134360699e+00,1.965435403884732368e+00,1.640178743265724659e+00,9.633451391958169907e-01,1.271489359072707614e+01,1.569326999676929901e+01
2.438131040538228156e+00,1.600289711696650130e+00,2.604185972307359265e+00,6.909724389361991959e-01,4.400287104179308528e+01,4.451148604182489521e+01
1.754522395387921208e+00,1.154957793693455637e+00,5.296387526365813336e+00,2.076932849052417485e-01,1.312215709665975680e+02,1.340873211985837941e+02
3.433489012027643561e+00,8.013335670038610470e-01,8.157976423209234440e+00,4.538656481991505398e-01,4.024263472258830916e+02,4.007814552708433666e+02
4.756942208797838134e+00,1.196792447065493370e+00,1.727062265846043232e+01,8.337793517143975430e-01,1.675340355909289065e+04,1.675245135434695476e+04
4.119385464073384462e+00,1.559322767829785628e+00,1.799036297626361858e+01,6.668046612136343532e-01,2.677419106024919893e+04,2.677587038984622995e+04
1.783407984674078461e+00,4.058626457731628889e-01,1.473826803363338733e+01,5.753888052285226484e-01,3.788011294224369294e+02,3.733136951258182989e+02
1.526475903626917319e+00,4.111873600201267909e-01,8.876254264790393478e+00,5.391768321842106415e-01,1.181868008536595340e+02,1.160532191443650305e+02
3.972404575347201927e+00,3.277389025315959881e-01,1.227751583427696858e+01,3.344600767944497233e-01,5.052832421148536923e+02,5.073495960194170493e+02
3.673078157465555105e+00,6.542437401961662680e-01,1.587781637621749020e+01,1.964217847035709119e-01,1.961260900689845130e+03,1.962191119337633836e+03
4.386207858146601524e+00,1.830412574644855406e+00,7.451460711840198314e+00,1.095778178473722830e+00,9.398353091111764570e+02,9.417928477960120972e+02
1.158627249315024477e+00,3.087309460008513806e-01,1.566567040939285249e+01,7.398648174706708991e-01,2.163080183937894390e+02,2.156884966196199969e+02
4.377556562688109665e+00,1.227672516030323013e+00,8.522341390295139263e+00,7.037146297411628337e-01,8.576674332390487052e+02,8.587954320022549837e+02
2.446814536964370568e+00,1.599398026683094276e+00,3.307122923012220106e+00,8.446873795012205255e-01,7.922238667820735714e+01,7.776069813777371564e+01
1.730054652766494394e+00,8.858260160287634299e-01,1.050424467593563982e+01,1.032363668619305841e+00,3.704536758502032399e+02,3.677097551149584547e+02
2.044600981216829538e+00,1.877117416152916052e+00,1.911146804497755980e+01,7.532138018652945188e-01,7.922549296748224151e+03,7.919159706800791355e+03
4.970767568057348207e+00,9.501304400259615868e-01,1.439558688832082467e+01,1.179918918651345017e+00,4.403825992188037162e+03,4.402722573045975878e+03
4.802144562588479104e+00,1.692477710306398153e+00,1.350378811185317751e+01,6.992225289161390078e-01,9.664573551597302867e+03,9.663475668752453203e+03
8.768571596605442275e-01,4.580155240999413402e-01,3.836920592004706254e+00,3.009652918752471207e-01,1.132483757507997346e+01,1.006608277988654976e+01
1.918348104726902426e+00,1.480894311364656657e+00,9.453186561376528019e+00,1.582845539281897973e-01,5.390853588262652920e+02,5.319877488842694220e+02
3.738105610954106872e+00,6.272471750429398085e-01,5.794731538349237709e+00,1.151950837202511568e+00,1.555424641149364220e+02,1.515452569148633302e+02
6.589630922373004296e-01,9.777835155603891160e-01,9.016152314923562727e+00,8.071361460521941922e-01,1.247802559719018518e+02,1.237149909935149452e+02
6.616564449672333037e-01,1.215756950399311753e+00,1.383290341782572064e+01,8.264841302178175253e-01,3.370312583634916450e+02,3.376052916186867492e+02
7.020063203982456201e-01,1.150374278235400727e+00,2.401183312035843009e+00,9.217502354075914894e-01,4.904300216102605248e+00,3.746714966008513947e+00
4.408001749660330759e+00,1.929199724255887149e+00,1.479356060819511143e+01,4.462701703520302043e-01,1.726573709625239644e+04,1.726398330185169470e+04
2.001795978474432580e+00,1.624045891498925753e+00,1.624306883966793436e+01,9.176451992650896949e-01,2.742432330110635121e+03,2.737815383444331928e+03
1.934329247471803459e+00,3.692481321176135367e-01,1.100991809383187992e+01,4.017014099865779952e-01,2.132839399226725732e+02,2.173269380006244376e+02
4.070047194725677997e+00,1.478784956879608314e+00,5.894647606907853721e+00,7.334384960855788727e-01,4.109277972623000323e+02,4.087255747033661919e+02
1.933548311644709861e+00,5.223042398254258423e-01,6.131700792577459147e+00,3.719816151284639494e-01,8.706691755761835338e+01,9.043371083301654778e+01
3.822938850178506875e+00,8.583057065741299674e-01,1.598071103330582154e+01,5.728471768883902637e-01,3.275536065269766368e+03,3.278657437103753637e+03
2.162033277814490617e+00,2.407918386592169391e-01,1.155664673153153466e+01,1.081642570792183289e+00,1.658771269645062318e+02,1.664249850963080917e+02
1.838836910206243624e+00,4.155830078858728238e-01,3.026920083673587669e+00,1.089336397276875479e+00,7.973110624869228502e-02,-1.065487703876664138e+00
2.242519314329018520e+00,1.494825723054340472e+00,1.680645951969738761e+01,9.193414215532097478e-01,3.431738756679801554e+03,3.432003187742166119e+03
1.256167591730634747e+00,8.280462331115190366e-01,9.952352144927541389e+00,1.165048560630756791e+00,2.346804442237835815e+02,2.323743602757048734e+02
8.375501583832106745e-01,1.938061319048551612e+00,9.457061300082679978e+00,8.736013473087603787e-01,3.151236010538950723e+02,3.156450613072910301e+02
4.420406509266868511e+00,1.176917898703324861e+00,1.857799558987877475e+01,6.700137197573196035e-01,1.997912313392663418e+04,1.997912903822233420e+04
4.407724308940482061e+00,1.687986502254183563e+00,1.678342551742468824e+00,3.849287314499877377e-01,2.908485491876745144e+01,3.014879145466397503e+01
2.573696042885753599e+00,1.986747601299764021e+00,1.489342852040494236e+01,1.185301810188298943e-01,4.695597808768126924e+03,4.697498682465414277e+03
3.597693015760211388e+00,1.961722875043611092e+00,3.940996760896159135e+00,1.107256648890603268e+00,2.028985148975152697e+02,2.063641918723409674e+02
4.381923273180678535e+00,1.079900398138182283e+00,1.739920816409156856e+01,1.188371471197737783e+00,1.085160467171457094e+04,1.085082804004553691e+04
2.258255191539329854e+00,1.240157841884848011e+00,8.153045900042203087e+00,1.214522395498722762e-01,4.053013498179875569e+02,4.073881266535061059e+02
3.703146477915917334e+00,4.467508684466042768e-01,8.346295314221141126e+00,6.490809075148366025e-01,2.635143718820348226e+02,2.619310327207770115e+02
3.896561390485957510e+00,1.368015931967616616e+00,8.270490136926635927e+00,8.111968742465274218e-01,7.744334445945805783e+02,7.726443146995380857e+02
8.513357451376406537e-01,8.424924953316257348e-01,5.986013545810516590e+00,1.148957086242106573e+00,5.536558114285817567e+01,5.412946827221942669e+01
1.121729327722833514e+00,1.603999969717016638e+00,1.356336675830309346e+01,2.161157392480551054e-01,6.985281142555302267e+02,6.965641829439508683e+02
3.876484921185373800e+00,1.225745771683081298e+00,1.605447135718699059e+01,4.416847301402729853e-01,6.754016446613799417e+03,6.755976975250468968e+03
3.675420218214494827e+00,1.195925255353212480e+00,1.753997087266378330e+01,1.068258271751040711e+00,8.800777371373582355e+03,8.802623853650506135e+03
1.333703668910863227e+00,1.603264878178685793e+00,1.291846688871273763e+01,2.384318123304213499e-01,7.613195778673202767e+02,7.638642013613990684e+02
4.220293653300541514e+00,1.706521623156135758e+00,1.764411414388591126e+01,3.655436807872884941e-01,3.231414896821982984e+04,3.231409836756130244e+04
4.104055269420780583e+00,1.334953985111718477e+00,1.724765626606545865e+01,1.184791923622732446e+00,1.400448359821369377e+04,1.400503236140586887e+04
1.997345878813211018e+00,3.765072349021935660e-01,1.448612312496696397e+01,1.129645406651373474e+00,3.774392409007455171e+02,3.762823869035453868e+02
2.031268995906368779e+00,1.089145605205387168e+00,1.223833632311290032e+01,5.391713320407597321e-01,7.314928009997174740e+02,7.291908785040179737e+02
9.975739700041467151e-01,1.793382201952070432e+00,8.988478198185367418e+00,3.570410416320254354e-01,3.173760414256655622e+02,3.182700777267286867e+02
2.504674201882560070e+00,1.526850314851091905e+00,7.517176421145652654e+00,8.822276854149637693e-01,4.404288458484982698e+02,4.409655920711313684e+02
9.939256703538238424e-01,1.267959476099903560e+00,1.988100206478512177e+01,5.898749054701535321e-01,1.160496995988990875e+03,1.158282969458875414e+03
2.945332138648012688e+00,3.127362277995090478e-01,1.947090831039410830e+00,5.350231080647698256e-01,-7.039861725008931259e+00,-5.869196791715717509e+00
3.310624925919847250e+00,1.953274270488566833e+00,1.696578617209644335e+01,7.254501115669047540e-01,1.712128361993654107e+04,1.711780016525134124e+04
3.118735142189112963e+00,2.484197969470602063e-01,2.373583698562623301e+00,1.000977723491557336e-01,6.730343998116447679e+00,6.372347029867380108e+00
8.224184473323929989e-01,4.506156987174212980e-01,6.441618490713111100e+00,3.724929247364235918e-01,3.523121754724282795e+01,3.397058987301178945e+01
3.297517011492758776e+00,3.228975135012728814e-01,3.243975891540387568e+00,6.322737631748152065e-01,6.944184660858378599e+00,5.885632228412790212e+00
3.884967190198840292e+00,1.316803734169891715e+00,6.124722079342477699e+00,7.579886762539429501e-01,3.830491603345619751e+02,3.808822448241115808e+02
1.138339435115424569e+00,1.068495688001900312e+00,1.117878598243039967e+01,1.015345508795194363e+00,3.345490854916866965e+02,3.364540736746104699e+02
3.177845581398961450e+00,1.882570145238980475e+00,5.639850369761334470e+00,8.791960377987702024e-01,3.701974642183491824e+02,3.713293606424474547e+02
4.185749638574157494e+00,1.322692991286041009e+00,3.367347479709574376e+00,1.168796954070785210e+00,1.029055264493923403e+02,1.052723669830146918e+02
1.371287486208663919e+00,1.214539875882231001e+00,9.740489291636023950e+00,1.025788780126290600e+00,3.423855567690625321e+02,3.426465514663528893e+02
4.610367143584550575e+00,2.408299160930844895e-01,1.200857282310220242e+01,5.252018023918807454e-01,4.216626784455185657e+02,4.190665711371268003e+02
4.873613366363063193e+00,1.916775297634106812e+00,1.838394786722563268e+01,1.189080113215971624e+00,9.304420276569605630e+04,9.304344476266016136e+04
3.702400502779529923e+00,1.015965496604328333e+00,4.349622592842472102e+00,4.808094470622177319e-01,1.469547303744449209e+02,1.445716947636978205e+02
4.424160956110982923e+00,6.785165345991595043e-01,1.404007751003237026e+01,1.055985368807955460e+00,1.837578896404291754e+03,1.838472486734251561e+03
1.723022210912293462e+00,1.099995921839939550e+00,3.587276515480305683e+00,7.233629357173132490e-01,4.543828802020368585e+01,4.783569987830019699e+01
3.492357741663677295e+00,1.902801452128018322e+00,1.574288656534704778e+01,2.345750720712986293e-01,1.224378293091592059e+04,1.224441511169907972e+04
4.667649145060596361e+00,1.560459187442180706e+00,1.993526077814616659e+00,1.160455253108285012e+00,2.127655868941940653e+01,2.005151686170010805e+01
7.012805933563532879e-01,3.870331109243589918e-01,1.142251697840732483e+01,4.377716233528102796e-01,8.734281685417401775e+01,8.657616260920717366e+01
4.193710413450915553e+00,1.195415983929146497e+00,1.641001405987278616e+01,4.382753710119469126e-01,8.796029207719431724e+03,8.796410107724765112e+03
1.566154251763702376e+00,9.652973250614860223e-01,6.409167658928198286e+00,4.668763408788887403e-01,1.428385771214283295e+02,1.399178623343273671e+02
4.105009003683576907e+00,4.838947176828111152e-01,3.178203704057712464e+00,4.325744248917776646e-01,2.963185842488967126e+01,2.990106271140878036e+01
3.390887931106951747e+00,1.401327297919252812e+00,1.164750485066607055e+01,1.087213838034965407e+00,1.721505863013161616e+03,1.721872858768210335e+03
4.106950717871967527e+00,4.896778416110649235e-01,5.995457089176840171e+00,1.011733059187170936e+00,1.430251778152506006e+02,1.419046920639462144e+02
2.304477411291010469e+00,1.465839879698294768e+00,9.915222568282059612e+00,2.368281982279073217e-01,7.127419122225103365e+02,7.118738416884195885e+02
2.525972213806539024e+00,1.293555915697861547e+00,1.841718904941916435e+01,4.565248249669328073e-01,5.139555298797192336e+03,5.139862988083362325e+03
4.659337963279168271e+00,6.186619914271215270e-01,6.225612944918062830e+00,8.700271042369476238e-01,2.294302479699327080e+02,2.277536702754203191e+02
8.205516527564149509e-01,3.202144330372228564e-01,1.692709263384785601e+01,9.837353200302713097e-01,1.834725034088743030e+02,1.817915778208810593e+02
1.202903270611644482e+00,1.302067420080000648e+00,1.176803204973109374e+01,8.131215271300090697e-01,4.608342035586806560e+02,4.623541452874966353e+02
4.877745847300576365e+00,1.285553392146222329e+00,1.957236019348074763e+01,7.251352794968226601e-01,4.769250151207760791e+04,4.769290825351668173e+04
4.609630880048824153e+00,7.744689353347560257e-01,1.116655365212737827e+01,1.053964430662442275e+00,1.121859180085425123e+03,1.125176507287055529e+03
1.160906244225266892e+00,6.637815814582389562e-01,1.138310016765396249e+01,8.313078775673613530e-01,2.332128515154297475e+02,2.311968955175727558e+02
4.880566476553509503e+00,1.543316867665044168e+00,3.161543118191845192e+00,1.474602439349810834e-01,1.577062384842549250e+02,1.541043067869439085e+02
1.694549441834499737e+00,1.206275263358732586e+00,1.524988489306829997e+01,8.335720947637729195e-01,1.118144363108273865e+03,1.119981920876609593e+03
4.514480898211859383e+00,1.011036944959103678e+00,1.895547844294322815e+01,2.514008616590288625e-01,1.663203230936978071e+04,1.663390059820736496e+04
4.571488524111162910e+00,1.012074979564623556e+00,1.035141687364490970e+00,1.096983048400568483e+00,-2.942187004779456672e+01,-3.094623669993101700e+01
6.068560714010149404e-01,1.863158393444067862e+00,1.068028829902944565e+01,3.521792845350403267e-01,2.883974625299899230e+02,2.854117485041969076e+02
5.437023573566499568e-01,2.261006617604076063e-01,2.182841142594198036e+00,9.925346289191647742e-01,-3.166938121493913627e+00,-3.311319303889434185e+00
1.971476875862729239e+00,1.798638368345838900e+00,1.096512535513274766e+00,2.065635485082470690e-01,5.033888358669896590e+00,1.478077580250399592e+00
4.690303148099851605e+00,9.851587925271889645e-01,2.178986048259647923e+00,8.457219382694054488e-01,1.419324002225619097e+01,1.345531072893868796e+01
4.061046597573903405e+00,2.585719241383662714e-01,1.925181687872887082e+01,3.204157028935165075e-01,1.369249853799717130e+03,1.364828029399693605e+03
2.240829403070580650e+00,1.464157675241545942e+00,5.745147245284420556e+00,7.493500560901534824e-01,2.289122734795056147e+02,2.283763819523688881e+02
4.361048662195429415e+00,4.884172656090323694e-01,6.184152454928332432e+00,9.304921883371550795e-01,1.650556116679076979e+02,1.607529111275157447e+02
1.884028236314033933e+00,1.062095223029866808e+00,1.485911774252937789e+01,9.790962147161240692e-01,1.037004242423719006e+03,1.036466563220844364e+03
2.063378311718489400e+00,9.685222334443348569e-01,5.656075229229426959e+00,8.011783349416734534e-01,1.377482708749174094e+02,1.407172933959387819e+02
1.357152448274374201e+00,1.876737160018806749e+00,1.315539067020792530e+01,8.406171665773927160e-01,9.525189717152927642e+02,9.519175812637612353e+02
4.817979969921084127e+00,1.435139757039601394e+00,1.456930315079667793e+01,9.251505100617323230e-01,1.011073854855748687e+04,1.011220902572121668e+04
4.116337849415780070e+00,1.801634779841692069e+00,1.363508548676438537e+01,2.939518284777723478e-01,7.806750897150082892e+03,7.805396743660566244e+03
2.580911624348400046e+00,1.775626215527852381e+00,6.157427835603162869e+00,1.722220262373365673e-01,3.637425306932699414e+02,3.618855646150570919e+02
1.689244567647704365e+00,1.419922312616233473e+00,2.784202081110191962e+00,1.100980718265493596e+00,2.726884277135477319e+01,2.419868602329071194e+01
4.846908202379164088e+00,1.825751442683665848e+00,1.378392054468965711e+01,6.170353596849773581e-01,1.323108995703264736e+04,1.323309457395835489e+04
2.285689845019460265e+00,5.585921084558126415e-01,5.563832698237916929e+00,1.008077063713490151e+00,7.781977725166971993e+01,7.762581779050765363e+01
1.448175040100815769e+00,1.611858314283707738e+00,1.957015697695087653e+01,2.578119752938510256e-01,2.959268732779732090e+03,2.962433369315289838e+03
2.410953716226640342e+00,1.367277331381295813e+00,1.429251093267033390e+01,4.028138394082906304e-01,1.867789626813339055e+03,1.865349989792935503e+03
3.736047696130031515e+00,1.894627279133014763e+00,1.222288430127268377e+01,1.176725530953738108e+00,4.074975456921442856e+03,4.074445272119638048e+03
3.968081595423819330e+00,1.390463435025460548e+00,8.114046926455506181e+00,9.655534784205990206e-01,7.642302895697089298e+02,7.643026631458182010e+02
9.904349846142238567e-01,1.452943751445510578e+00,1.022666851329955051e+01,1.140200705347918175e+00,3.268713119101854545e+02,3.296076553073881996e+02
4.756688453991928967e+00,1.150540624554510005e+00,3.321696236901950705e+00,2.155280258736527732e-01,1.258590697653715722e+02,1.294129390678924096e+02
3.535568386774212257e+00,1.381201455096496833e+00,9.848069623053589794e+00,8.815219619159103681e-01,1.088685620740011245e+03,1.087296434024911377e+03
7.812309292950572193e-01,1.220996549667420661e+00,3.573662969124539401e+00,2.193899421607753419e-01,2.662181964892129571e+01,2.426125182522211787e+01
4.268463969465576824e+00,5.225207706066714586e-01,4.738004857563045569e+00,7.962620344342492551e-01,9.074453499547419710e+01,8.717684403908336321e+01
4.873566816024014869e+00,4.304600890502525701e-01,1.967797440345324489e+01,1.142534603201363019e+00,4.277728154980974068e+03,4.280305601318423214e+03
4.269864390217103178e+00,1.177042941435113121e+00,1.958397594697225852e+00,1.154479313822209141e+00,4.003938568316648627e+00,3.731950106543025392e+00
5.440319568250646665e-01,1.215002765022155540e+00,2.608703591525305843e+00,1.021297066795501030e+00,5.562439661323584694e+00,4.167485833316170840e+00
2.628900086805747272e+00,1.680760075918838137e+00,5.630003451357726618e+00,1.150363128653549616e+00,2.796013791844674188e+02,2.793984991711960220e+02
3.151281982817389249e+00,1.621158114914085457e+00,1.594986111525596684e+01,9.236128524843660870e-01,6.956926031815443821e+03,6.951708214870225675e+03
4.495994121661826881e+00,1.608527863272251501e+00,1.282512040066812453e+01,4.059118315297184365e-01,5.656567965956202897e+03,5.653014699904834742e+03
2.762422184366685851e+00,1.373019416785059788e+00,1.905391317376513527e+01,3.803797223755490675e-01,8.644127049784068731e+03,8.645894654357814943e+03
8.479571692208023315e-01,8.268144707369300406e-01,1.406483821157245728e+01,8.593014697253039680e-01,3.125258900520191219e+02,3.132139551597230707e+02
4.700864772662161961e+00,2.047418594011537474e-01,4.001007054999218937e+00,6.553816528672925523e-01,9.093743579296917900e+00,9.289902565481567009e+00
4.782811090173638036e+00,1.801200500202820409e+00,3.065384167778398616e+00,6.153436155863536428e-01,1.476999522240136571e+02,1.455925784031649926e+02
2.687729967562893840e+00,1.491743923447873987e+00,1.520537234225957057e+01,6.757766835869529753e-01,3.303691754345755726e+03,3.304762444443500044e+03
7.404923141749839566e-01,1.874464101910034985e+00,1.138566397321263324e+01,8.724482182214086112e-01,3.819224570848747362e+02,3.853742677359427375e+02
4.275008056241032861e+00,1.478341677779759777e+00,1.747726315662111674e+01,1.373600996789673956e-01,2.196594930219311573e+04,2.196339476572117928e+04
3.837527043984591213e+00,2.184729279933446955e-01,1.642647247027690582e+01,8.465154360139494072e-01,6.542063056269822710e+02,6.541299793697468203e+02
4.870553359104143887e+00,4.113480567074944139e-01,1.052044957758556976e+01,3.567625856865321854e-01,5.497822765723630027e+02,5.488059091156356999e+02
5.329116254182972856e-01,5.231684490607032556e-01,1.236639065853249875e+01,1.123106009442234710e+00,1.025616487834969917e+02,1.031768724530759869e+02
2.459725022840435926e+00,8.193642465337294123e-01,1.532214238759541480e+01,1.011080650109934531e+00,1.209597759632938050e+03,1.209518909205948376e+03
1.777110793845666503e+00,1.097363026341456216e+00,4.766873340837153528e+00,6.105507673983050498e-01,9.504425614211632478e+01,9.464301623181361833e+01
9.846729305749903904e-01,6.222759184493937834e-01,2.289784434757715648e+00,8.653261528591467133e-01,-2.066474174900827521e-01,-2.078278111004725925e+00
3.808105712028934331e+00,1.994140559221371012e+00,1.334011015971797942e+00,2.308421794678109373e-01,2.027304442869282397e+01,2.013387392031859946e+01
2.035467123696788505e+00,2.515752423490076328e-01,4.755898356773169411e+00,5.803642244459978894e-01,1.720259843989173021e+01,1.586601612098275105e+01
6.753611260452108134e-01,9.792685981324966704e-01,4.890479411348499283e+00,4.823392734934419668e-01,3.493663907016849635e+01,3.453584591196563025e+01
1.101320625768822392e+00,9.088397581072094056e-01,4.359230895886926582e+00,9.991481189669371155e-01,3.611035622137922019e+01,3.587532866669476306e+01
4.127001337524650815e+00,1.558173303931978060e+00,1.107892420203128836e+01,1.117182303107765229e+00,2.386209508787542745e+03,2.387410099826845453e+03
3.226419580952210264e+00,1.010664720689953722e+00,1.608923121845739246e+01,1.031702182864945527e+00,3.104194713260852041e+03,3.102922078597733616e+03
1.467727813281266336e+00,3.789447744554710340e-01,1.077038379869616769e+01,1.350796592581012812e-01,1.628929615694230790e+02,1.621381211625483445e+02
3.632190026007980244e+00,8.150340981971628818e-01,6.373821728549470045e+00,1.549106274108721371e-01,2.724739467628252214e+02,2.745098805663674284e+02
1.086821571707467626e+00,1.425427875245955933e+00,1.685794260772162545e+01,9.005219973399579692e-01,9.727470421261537012e+02,9.722023877349142822e+02
3.529344908758904609e+00,1.751630120559333426e+00,6.598744787901265951e+00,1.151571478468802034e+00,5.243047807345606088e+02,5.236728522935562751e+02
3.447681149402125111e+00,1.807101397577214774e+00,8.037077150362005540e+00,9.508003888347837940e-01,8.407147380607777905e+02,8.423352783555931182e+02
5.248657918966808111e-01,6.755667597895902432e-01,4.566266483802454701e+00,7.974080386785286079e-01,1.396746409210854623e+01,1.440451646192510360e+01
2.801819631869510996e+00,1.802324654872317078e+00,6.092755432775149416e+00,1.013957274983396495e+00,3.696097673641598931e+02,3.696842526119217496e+02
3.768419443697017090e+00,1.861655429444763588e+00,1.453439231983670865e+00,2.109987212323410355e-01,2.402883829921991676e+01,2.436122926955491153e+01
3.913401828304155838e+00,1.027536114346472518e+00,1.490474164097933674e+01,8.350434762053473570e-01,3.487374894976922860e+03,3.484788854365177485e+03
3.675687526521806969e+00,9.706218322536310783e-01,1.703204912890156297e+00,3.391638141392468997e-01,1.050249416896347654e+01,1.131890146694466814e+01
4.482705262419131920e+00,8.887113620298483507e-01,9.305178475253823578e+00,8.537695267782089426e-01,7.745195516343306963e+02,7.770671475687379370e+02
3.902935282125412630e+00,1.400490101131515397e+00,1.167740207614287051e+01,6.676877452608295238e-01,2.221070611092568470e+03,2.222130443981384815e+03
4.648954550123657548e+00,1.963738378194013645e+00,8.334687308765206026e+00,5.773126243196965435e-01,1.563475411420271712e+03,1.560263057298621106e+03
2.366631516119512835e+00,1.471370409030517523e+00,1.707596729650072476e+01,8.828689820714240577e-01,4.010111510277128218e+03,4.010582030872448740e+03
6.537244399931959604e-01,1.121744868382182014e+00,8.483615144206066105e+00,9.906375103324799314e-01,1.244606431147412167e+02,1.225551932778899982e+02
1.314515367532474333e+00,7.313063168728568542e-01,6.546372893709039076e+00,5.879726416918846787e-01,9.433942204087955474e+01,9.379274279015500326e+01
1.795020266237264517e+00,1.894466740545231342e+00,1.808631314513736044e+01,1.744886403088813653e-01,4.518263533360866859e+03,4.518431352801048888e+03
6.880622621149613538e-01,1.305977237366777954e+00,9.468267075980474345e+00,2.966845423368783541e-01,1.910425135593467019e+02,1.885684525139075447e+02
9.867179383522182157e-01,1.737111855924989845e+00,1.884707555208066054e+01,3.079384259494136189e-01,1.476196665104368321e+03,1.478780875984704380e+03
2.834506045098070359e+00,1.191785536157188075e+00,1.383494778703873607e+01,8.758440965366105502e-01,1.800031064406577570e+03,1.799807741089303590e+03
1.636202224093499691e+00,6.854307096545166900e-01,1.209506542368641036e+01,4.221910367298017386e-01,3.755662643886206524e+02,3.770670771685017826e+02
1.784908107031105251e+00,1.639995219195600651e+00,7.115743555922208863e+00,3.725140684166365901e-01,3.190000802396801305e+02,3.201870399569618257e+02
3.836612869828885941e+00,1.953049874223837579e+00,1.008624179832980694e+01,7.860099014207989621e-01,2.130189552249685221e+03,2.132796265592303371e+03
4.346058354411185931e+00,8.515242578242485649e-01,1.588446833118635881e+00,5.425916516895141761e-01,-1.794136680042186072e+00,5.094000685180466448e-01
4.379179137053144544e+00,1.609858163172236400e+00,1.991107523585693784e+01,2.127588736680824377e-01,6.859650788208142330e+04,6.859348156170085713e+04
2.167797188311499923e+00,8.834260645061509098e-01,1.939563897507988344e+01,8.168772117444880188e-01,2.364786561914417234e+03,2.364796183720346107e+03
3.693335329882017515e+00,1.640933134219551448e+00,7.211035867562820556e+00,3.267381068026046220e-01,6.504970809525436835e+02,6.461522699192588561e+02
4.335370848107862329e+00,5.578358353240573386e-01,7.648890350670859206e+00,3.087104016355039504e-01,3.251535983043402211e+02,3.241860443410437824e+02
1.179308930275160261e+00,1.502509104174179599e+00,1.223883370932047931e+01,2.378041337472070194e-01,5.606359132232762477e+02,5.619927585954638971e+02
1.402491503624559988e+00,1.855503608925670900e+00,1.540598404760286400e+01,1.152362015586873012e+00,1.506816257705898352e+03,1.508572851011499552e+03
3.415821318927799499e+00,7.915766184018064866e-01,9.039427891649546964e+00,1.279859329695430814e-01,4.996529981862791487e+02,5.021606501027080753e+02
1.694976619641892501e+00,2.669636397286401230e-01,1.176849477471703942e+01,7.177287936163372351e-01,1.532621464893429675e+02,1.524385911900435815e+02
1.367047192122842425e+00,1.891776271947749333e+00,3.825355093035057941e+00,2.577341487883998417e-01,8.400537485560228390e+01,8.457730301783801963e+01
2.153841022951578754e+00,1.210933375827291769e+00,1.064088421438055487e+00,6.055360605469696234e-01,-5.791083753298042147e+00,-5.663736491634130843e+00
5.719246122750449857e-01,6.326706354236720786e-01,5.243733585620021564e+00,4.368171440916169823e-01,2.174445687437391683e+01,2.421183049792582409e+01
2.472436744073516657e+00,2.752224852114518172e-01,1.059628856623178628e+01,6.113341714316512521e-01,1.867605284991781218e+02,1.898711284805524429e+02
7.127147399465203481e-01,8.203412419237707809e-01,1.311542988929051390e+01,9.679654496766039173e-01,2.331798539755345132e+02,2.323967873781753610e+02
1.601196117797738738e+00,1.222527683534984089e+00,8.239051829121653014e+00,7.551389788131039893e-01,2.912766367466499560e+02,2.987799066811826947e+02
1.478939903876022477e+00,1.127330862612915929e+00,1.339691345963410107e+01,8.518164480685165296e-01,6.445993160874995738e+02,6.445272346191408133e+02
1.982503552453053652e+00,7.672545698851165330e-01,1.946991467508222229e+01,9.632766634519228655e-01,1.664110690109469488e+03,1.663312913242880768e+03
1.064254804172314550e+00,1.307301405277261797e+00,1.157621351921985742e+01,3.694241098192542205e-01,4.042197316308040058e+02,4.053554117042984331e+02
2.620383873910054895e+00,1.589148056241955098e+00,9.678056703614764444e+00,9.852600553018638907e-01,8.330958557875877659e+02,8.345502405577034324e+02
3.595354894961020342e+00,9.282457564796111615e-01,1.062846457952447743e+01,6.612369663224534344e-01,8.718788989074307665e+02,8.729101274169551061e+02
2.025180155768864232e+00,1.505629005985509528e+00,4.025665739473677895e+00,1.114470886768439639e+00,9.621398777054632490e+01,9.485463450352460768e+01
4.672369484535872530e+00,1.890386501273269904e+00,8.576136253286518851e+00,6.722214906319154970e-01,1.633781257304425253e+03,1.636668859247459977e+03
4.368950954997623981e+00,3.774667752040814506e-01,7.865298093603947827e+00,3.126625809413324242e-01,2.443417567812013544e+02,2.443934045089909830e+02
1.877068109448215560e+00,5.794610399579550597e-01,3.153788460758954582e+00,5.093493046777592959e-01,1.593195661180241274e+01,1.895289694516653256e+01
6.750518158496439103e-01,1.346507293176805398e+00,5.950943908782723391e+00,1.122114450558194809e+00,7.230111367175140913e+01,7.503423739477966592e+01
3.956862653461506785e+00,1.505949813887608180e+00,1.381867462229699939e+01,6.598143447093532954e-01,5.200743619585496162e+03,5.198145909126828883e+03
1.580055408072904344e+00,1.778113814386033553e+00,9.720287489453960816e+00,2.882448893244202726e-01,5.538699254583722222e+02,5.518612992045104875e+02
1.994724682604382293e+00,7.701013079825458352e-01,1.541997528128090345e+01,1.196984463126906428e+00,8.587516048687037937e+02,8.567031385930829401e+02
3.107008518560757881e+00,1.676952845441885387e+00,5.466692824097107994e+00,3.164885372998599289e-01,3.218462206084574291e+02,3.223003757296401091e+02
4.994958545992233212e+00,1.968937000385653446e+00,1.733417800471039438e+00,1.206460351747361270e-01,5.782187652986743842e+01,5.788610477486903250e+01
1.848549049753963391e+00,4.534282153246169678e-01,4.751072377991215845e+00,4.865168139434806749e-01,3.727773243687695981e+01,3.777288291594494041e+01
2.608353513157975812e+00,1.892731274270966546e+00,8.068618880127829129e+00,9.964338635980951597e-01,6.501131653592890416e+02,6.484477437405233786e+02
3.323528972883876609e+00,1.773864364483792588e+00,3.053615911704867791e+00,3.719458265718101897e-01,1.103972828840140323e+02,1.112115776158448455e+02
3.575175706205957482e+00,7.487286806236004288e-01,1.314241502071216239e+01,2.538428707177576293e-01,1.221717240151660008e+03,1.224487449371196590e+03
1.454747825524101978e+00,1.306261319659732356e+00,9.907539897913039795e+00,7.869578221874468094e-01,3.990643079771028852e+02,3.963571185478114103e+02
3.178947863760160697e+00,1.308326661958401083e+00,8.871848729302065806e+00,1.908901443693790112e-01,7.094499729002122876e+02,7.090223824129171817e+02
2.948478993079234112e+00,4.214691418722575911e-01,8.060064184446460445e+00,6.910496090278784864e-01,1.846607450588244319e+02,1.851227565678309475e+02
3.463609382634240230e+00,8.733048688012607919e-01,1.781238147470229549e+01,4.911055086746013432e-01,4.363332458364702688e+03,4.363038357207541594e+03
1.017486387649620516e+00,8.106563256263441541e-01,1.494179083543756548e+01,1.582583756333169056e-01,4.122855644009767957e+02,4.118573095114589933e+02
1.068325321715946519e+00,1.604482809433023682e+00,1.540310077993957094e+01,4.330542563677003409e-01,8.753588788875678119e+02,8.788634068566583437e+02
4.889873706871808778e+00,1.933171778489924719e+00,1.542489519262876740e+01,8.347421528417838799e-01,3.057088879426411222e+04,3.057342292927368180e+04
4.195857040454181508e+00,2.905168508941312622e-01,5.980390562449380276e+00,6.247337795250889059e-01,8.641750369255890973e+01,8.808429357921122005e+01
4.224007917929748501e+00,1.695592017407027585e+00,6.790290763493458392e+00,1.100141951138566165e+00,6.538893249643751915e+02,6.523349258375923228e+02
4.703469836454082120e+00,1.278580692347737635e+00,3.561506927500741604e+00,1.786468448802476239e-01,1.614930097137233247e+02,1.659442231536670249e+02
4.822914920080613399e+00,1.529102598006767177e+00,5.891058099204153464e+00,8.698303045268132028e-01,4.929649090070161606e+02,4.936567143324609219e+02
2.270693894449695716e+00,1.484082773391701471e+00,5.568078344525092760e+00,1.131223938810011820e+00,2.153012325205109505e+02,2.141152806348296167e+02
3.893302293065859843e+00,1.604239330844634992e+00,1.438732151402829196e+01,4.923051205045254619e-01,6.925022551718156137e+03,6.924317797155218614e+03
3.387290416499836088e+00,1.530493934501918174e+00,7.112988232016128620e+00,7.026451425168678266e-01,5.297713808600535685e+02,5.287627236217381324e+02
3.019326212576170398e+00,9.348257289153731886e-01,1.207254773847132157e+01,1.133852009405813765e+00,9.678860637897064407e+02,9.720991370776290523e+02
3.557067724946901599e+00,1.860797741767027391e+00,1.270326558805815687e+01,1.332748183864859715e-01,4.213859097204218415e+03,4.214241471155572071e+03
1.937450530060352616e+00,7.014718615283956904e-01,1.571151785566294201e+00,7.274247760400328611e-01,-5.386393752326949169e+00,-5.287754386441458010e+00
4.379804230709188673e+00,1.721369417620131514e+00,1.581760030102472392e+01,8.336277792814897891e-01,1.893991644895528589e+04,1.893558322463664808e+04
2.331600476934101884e+00,1.299448005905110559e+00,1.084642777435086458e+01,8.313934178662005792e-01,7.725095567739157332e+02,7.739571772784702262e+02
1.166804094697032834e+00,3.345791462721205978e-01,4.347429367453573335e+00,4.415535320470433955e-01,1.271781995080197092e+01,1.057482803663159032e+01
5.494138295623701707e-01,1.186705726600208566e+00,1.363194948520544969e+01,1.395668200507339529e-01,2.762410416748308535e+02,2.739551284073380657e+02
3.376351994296446168e+00,4.717488598120780363e-01,8.098534037477218561e+00,8.982122443218834018e-01,2.321724080861675361e+02,2.333715234820955402e+02
1.542342600342164527e+00,1.669096795810889322e+00,1.988190168281074532e+00,9.554758100553626399e-01,9.983727269255995296e+00,8.230910234883056731e+00
4.802295019586875213e+00,1.390524121769449062e+00,1.848168338911962305e+00,7.554663843475807328e-01,1.742606985610429859e+01,1.907173975711614133e+01
1.377520058354486210e+00,1.456732501306152061e+00,1.139913400429549739e+01,7.313830831027323676e-01,5.474891781947396794e+02,5.497069643706366833e+02
1.922807336232469133e+00,1.829875895348131998e+00,1.203127682297900236e+01,8.749126304104557494e-01,1.155838202457632860e+03,1.152233412616651094e+03
4.928592576800422620e+00,1.875809812379235719e+00,1.483450199147801918e+01,1.029261398501364333e-01,2.283389581510966673e+04,2.283359759503992973e+04
2.839345791306928213e+00,1.563793286746883338e+00,4.830388125935447974e+00,1.304885277267422983e-01,2.262351334188122109e+02,2.230614974809898854e+02
4.649110695302002050e+00,1.850503648032849835e+00,1.156184657767561319e+01,5.057211564693837591e-01,4.978056543535397395e+03,4.977906675569767685e+03
4.016469532229010042e+00,1.932817312274218713e+00,1.035085037155661070e+01,8.764081354601610530e-01,2.498027509169882251e+03,2.499825905126894668e+03
1.035345620612592388e+00,1.701062145298642303e+00,7.115108191156545026e+00,2.325046869347042744e-01,2.055757450473105337e+02,2.028220903155000769e+02
1.471925466411927008e+00,3.493366598484713981e-01,1.529754981038040285e+01,7.967694317922708880e-01,2.923808295125589893e+02,2.959591491340368066e+02
2.242299008332402366e+00,6.284092196807917752e-01,1.311151890703809109e+01,8.174504626332415036e-01,5.545254191132225969e+02,5.538761368354638535e+02
4.464303128252417707e+00,1.632708970110621660e+00,1.966318449488760223e+01,2.185104154286613976e-01,6.992863994435443601e+04,6.992624480875435984e+04
2.002947270553542047e+00,7.390259606982267915e-01,6.868426781110847479e+00,1.165476957569422600e+00,1.516802837070530359e+02,1.514016490030913360e+02
2.583869173494458327e+00,1.476535210688659117e+00,1.471690322931837080e+01,2.647571373687914731e-01,2.646211883156855947e+03,2.647765432612305631e+03
2.663444669086958871e+00,8.603897662698418713e-01,1.263961893902817302e+01,7.007243148758919293e-01,8.530202888902406357e+02,8.502344222981846542e+02
1.961398611961339133e+00,1.309511276216128728e+00,3.527142842943869816e+00,1.197087055038706049e+00,5.580417093949260021e+01,5.577563901719601347e+01
4.039183780174464999e+00,1.993414805138501222e+00,5.189784295441082662e+00,4.030126814932923907e-01,4.223288624245144547e+02,4.195492374319688906e+02
7.467202740478156020e-01,1.632549401228951869e+00,1.990636105194674954e+01,4.816571904775061030e-01,1.062455614923794201e+03,1.064830707266843092e+03
1.516595725611931345e+00,8.749090603759861473e-01,1.378976164742569388e+01,9.320463762086490522e-01,5.524821707343505750e+02,5.527579165200158968e+02
4.212883431916647936e+00,3.066157068175039413e-01,7.833370799850019495e+00,9.525876927181728959e-01,1.712035384260624369e+02,1.703181687174356398e+02
3.273537665318892564e+00,1.449322806105766803e+00,3.687932636378238982e+00,3.714077422784903826e-01,1.338354627569185595e+02,1.358704357056807055e+02
2.803211734027235114e+00,1.079106210874630101e+00,5.687877849526857155e+00,9.210025611438507065e-01,2.031925313888853566e+02,2.005793088696896973e+02
2.162785836932923367e+00,1.903821204578714399e+00,1.408184183717396287e+01,5.285275605529738963e-01,2.419250329785118083e+03,2.418426956197906748e+03
1.085628095567869655e+00,1.624761990021795555e+00,6.902517600710948997e+00,8.962287406272908541e-01,1.885936730617505646e+02,1.922487101957667619e+02
2.555529391415140239e+00,1.304154915953528837e+00,9.718648726075496569e+00,7.699623389265572992e-01,6.690259435705045234e+02,6.687398108095763973e+02
4.941925141155666168e+00,1.237144572711128987e+00,1.988745577033852996e+01,7.820485829761517627e-01,4.995638509347525542e+04,4.995906021533696912e+04
3.177898136430282960e+00,1.422114532785571539e+00,1.912852797883713762e+01,8.954921053656608176e-01,1.411084147507985472e+04,1.411119294698049816e+04
3.094607078337163308e+00,1.329128158746541777e+00,1.967993612309590290e+01,2.461368842705252136e-01,1.312605810431859391e+04,1.312461885439522484e+04
4.955533632303579239e+00,6.006396863360818905e-01,5.499559296492426697e+00,8.274662844962277219e-01,1.782565431507049709e+02,1.777241004084768292e+02
4.484315211149276337e+00,1.710868070459823143e+00,4.514073159162067306e+00,6.524146906231255150e-01,2.983273677038746428e+02,2.984412357870074288e+02
4.996396932253062140e+00,7.521749177497476513e-01,6.659142324317485873e+00,6.227892847925982078e-01,3.506614638819709171e+02,3.498014364506851166e+02
4.791350028027319574e+00,5.316152781030560881e-01,7.483027828004430226e+00,9.990834951988257773e-01,3.025976355896278847e+02,3.009082321301074217e+02
3.503735832823691609e+00,8.423376234969028875e-01,9.077644879569065850e+00,3.919738316998065963e-01,5.383384137478321918e+02,5.367336303916379165e+02
1.873904871472052758e+00,1.205461038505136528e+00,1.968633560856072151e+01,4.283708935056022016e-01,3.115310251836907355e+03,3.112301315963380148e+03
3.326644301122203551e+00,9.016395126828240514e-01,1.254239226617547054e+01,1.152111650266097964e+00,1.178993528157496712e+03,1.179171734697374404e+03
2.066944261161980378e+00,3.375607856127217921e-01,4.151135869929607480e+00,2.527492419613326935e-01,2.361047804601987110e+01,2.435463973582955077e+01
4.148462888563608786e+00,1.249102908843644277e+00,1.211091704589653872e+01,2.307516450142068631e-01,2.392579304277109713e+03,2.394033904081207311e+03
1.117852074840896437e+00,1.539722129037021325e+00,1.792549095550725369e+01,7.331548391406002008e-01,1.309601190971990036e+03,1.305946018480528210e+03
2.581458500653387222e+00,1.842874396858039887e+00,4.639912443288819688e+00,5.639502716966369178e-01,2.119822095497578971e+02,2.135499449928167337e+02
4.283492099660988650e+00,2.401112426748170381e-01,4.962875646745787961e+00,9.821946543526836049e-01,2.800075369861083985e+01,2.792254155309382924e+01
2.545304389048421712e+00,7.317427393048476780e-01,9.822555253137899456e+00,6.869338182213304833e-01,3.997237826410240586e+02,3.968225507372895891e+02
3.204580322389463998e+00,5.767541895597552148e-01,1.248857375797611446e+01,1.327557025134339652e-01,7.041226635327898293e+02,7.042743337576860085e+02
9.422732209310735740e-01,1.022226667344642959e+00,1.276014180243651808e+01,8.243997120678629997e-01,3.463825695092406249e+02,3.479677591315667655e+02
1.782972425554002260e+00,4.361810637060575813e-01,1.336851267807463550e+01,1.157968976972693964e+00,3.257909442509035216e+02,3.267917857132685526e+02
4.795183529094726893e+00,9.802193075813636636e-01,1.780254321326224343e+01,6.352984873421493317e-01,1.279157489539704329e+04,1.279298154987230737e+04
3.456227953996212410e+00,1.383805254817930930e+00,1.027815023947682427e+01,3.262683502467891294e-01,1.207465899117008803e+03,1.209312567987221883e+03
2.142226259262280053e+00,5.338151869640674896e-01,5.317759268475393597e+00,7.495421641694958170e-01,6.469142622734008796e+01,6.643934073705997889e+01
2.825965291846211258e+00,1.586618476136140821e+00,5.855642344476354566e+00,1.426073447678565531e-01,3.268944097103760100e+02,3.267795096126778276e+02
3.986908601600678725e+00,3.243661086764738632e-01,4.962487353425632186e+00,4.421496151974212419e-01,6.178495012541340969e+01,5.757648890842431655e+01
4.043616574760887872e+00,1.049958288313851851e+00,1.157000041046160810e+01,5.148129429079038033e-01,1.520596239459487379e+03,1.519033776314641045e+03
4.225855725405780028e+00,1.336189923915547029e+00,1.633812954133112783e+01,9.902426340005811012e-01,1.123082494508188393e+04,1.123149413735864800e+04
1.803392054588964122e+00,1.842242815929176603e+00,1.149863250797875658e+01,7.706160346456041310e-01,9.541457408350077003e+02,9.531639951922587670e+02
1.572376724591408204e+00,8.391405334889472378e-01,1.618288162421233078e+00,3.231419333736508248e-01,2.575507911871714128e+00,3.904272328489593935e+00
3.373288171246670686e+00,3.158733980937061259e-01,1.397836961044731652e+00,2.030827678209136955e-01,-2.204632194123705258e+00,-6.509959841568599970e-01
2.872402913189997076e+00,1.663645136332136731e+00,2.039626757101961729e+00,9.418625111460091626e-01,2.087635271823478078e+01,2.093106394089309674e+01
3.041990381741276561e+00,1.782428395139675548e+00,9.245113844818213522e+00,7.242833366592470457e-01,1.020591602973548106e+03,1.024309977178284271e+03
1.465767131918241928e+00,9.881498506898516165e-01,1.221167751114354871e+01,5.167857765728642860e-01,4.716366884666801980e+02,4.696456225835772216e+02
1.933808576744302954e+00,1.641392699954277834e+00,8.836351364466949576e+00,9.693758932037528364e-01,5.087395571568347350e+02,5.105616738220223851e+02
3.884239312548277478e+00,1.821551526967351009e+00,1.709709308098467062e+01,9.481085398960800159e-01,2.427789695413415029e+04,2.427691178212724481e+04
2.112454657424920779e+00,4.299791025233250519e-01,1.670386305657718395e+01,4.262586322901098512e-01,6.305708145244074103e+02,6.289698818961851430e+02
3.908684977773944524e+00,1.785572035494817023e+00,6.021045980568851874e+00,1.182052543590790705e+00,4.824660333778272729e+02,4.836036639176772951e+02
7.099009827180267074e-01,2.180315116404963893e-01,1.368647801567040112e+01,2.801296896816957704e-01,7.297166669612124679e+01,7.170043915741730700e+01
4.778897808670564018e+00,9.226881047504011946e-01,7.938416922590540992e+00,4.637343825657646024e-01,6.030768927127544430e+02,6.047554706761866328e+02
1.436328674099996316e+00,9.784906532070289931e-01,8.239126069674920672e+00,1.897398153251462494e-01,2.239888449570129296e+02,2.216162575825764804e+02
2.651934348728850921e+00,1.609775445911438618e+00,1.567708114906395345e+01,7.502911197186077352e-01,4.198781270954922547e+03,4.198812438823034427e+03
4.643983639544953412e+00,1.822935288512690377e+00,1.789383309367710506e+00,2.651775111720300337e-01,4.676304622614622275e+01,4.503718638153920040e+01
1.640658571873500060e+00,1.896883651450693486e+00,5.394677546915137789e+00,1.143978588971087618e+00,1.907909105989704699e+02,1.902819544797380331e+02
1.523229226621835242e+00,1.379902287190334143e+00,9.954116845647382306e+00,2.631628823589455823e-01,4.472879433745072788e+02,4.465051206912072530e+02
4.935383176695605556e+00,1.834752956958971115e+00,1.742214021359574261e+01,6.110004932470255445e-01,5.999342173406814982e+04,5.999112579530594667e+04
4.569935752493040404e+00,1.640385410509231923e+00,1.404906037006194808e+01,3.549587310907764692e-01,9.758834725988363061e+03,9.760107285320966184e+03
2.895107887486029874e+00,3.438279953863853100e-01,1.590549945054347170e+01,1.004478033684241600e+00,6.521738774080849907e+02,6.496453903256833655e+02
7.745987527653623861e-01,1.747899517541195102e+00,1.819786163962494641e+01,9.467775838197052263e-01,9.596943818662646208e+02,9.576962027323527309e+02
3.221009186939812086e+00,7.798601105429978642e-01,1.565413475701731372e+01,1.061684448586154433e-01,1.894674385044730343e+03,1.896419887382054867e+03
1.632101844095178667e+00,1.107937538902038055e+00,1.005817889898101924e+01,8.871536332946035053e-01,3.943185349797011554e+02,3.962280156817167267e+02
1.463047141572419996e+00,3.392210745881652501e-01,5.663387833652575587e+00,1.055450564731438723e+00,2.680457394079340006e+01,2.810346449147495917e+01
4.694643665026994483e+00,1.478837922622120438e+00,3.153452600544176754e+00,3.377396579261932597e-01,1.369873007208700528e+02,1.376313819028213743e+02
3.287404589977841685e+00,1.237044931977016482e+00,7.973921144594696031e+00,2.386704045844662281e-01,5.508190963265107030e+02,5.553396413937251737e+02
2.498177862396131488e+00,1.243853974645995120e+00,5.930262522804562231e+00,2.975044955556283011e-01,2.408584538294235244e+02,2.384036430044998838e+02
7.819648636354865623e-01,1.421932230471291803e+00,1.794133256763180384e+01,7.403043388555349269e-01,7.522702875916859284e+02,7.507483112290061626e+02
2.172296293713547044e+00,1.046904829191276809e+00,1.109821156408659526e+01,6.097826982887450953e-01,6.092913018333767923e+02,6.072687469253239669e+02
4.387924173925274118e+00,5.554942422084212517e-01,1.907949918173478210e+01,1.165610049453132291e+00,4.544377728718511207e+03,4.546140646383409148e+03
1.862043271811136602e+00,8.328098629080635806e-01,5.020387753024299293e+00,5.977854514461642399e-01,8.359301511642871674e+01,8.413503501027713583e+01
1.952574228809788481e+00,6.861226062558277716e-01,1.022761216888286917e+01,4.912167268481240079e-01,3.216663724581628117e+02,3.238543443235060977e+02
3.230852300651356757e+00,5.813084269155106565e-01,1.684841663901964637e+01,3.437788208286368663e-01,1.635952052606548477e+03,1.637863577271054737e+03
1.634633053792369672e+00,4.353489632346678739e-01,1.082986009145736084e+01,1.101683191290090624e+00,1.957672933470161922e+02,1.952840434314566096e+02
3.006206432643133031e+00,6.971642926532388707e-01,1.909314917413448143e+01,7.158907641055526350e-01,2.930773568527968564e+03,2.929102775191013734e+03
3.959071402199807022e+00,7.776181271800133299e-01,4.533032600325191730e+00,2.662297217260020665e-01,1.382467806460297481e+02,1.362298807154194833e+02
1.790031994944922378e+00,1.476618184567452419e+00,1.254023839482560376e+01,5.200191317699294213e-01,9.185539321904404915e+02,9.229452796136932875e+02
2.627378918576578570e+00,1.840504911736901228e+00,1.961531653540304276e+01,2.016715550978457616e-01,1.754140487749915701e+04,1.754330852419317307e+04
3.093203014854326582e+00,6.430007334895977422e-01,2.984318441370605868e+00,9.269864805113507966e-01,1.634713992712738673e+01,1.750220394550806091e+01
2.134991261503733195e+00,1.222572600145148902e+00,1.242256140903833384e+01,2.455187023067585961e-01,9.140085516411210165e+02,9.132998907570805613e+02
1.506282685495718976e+00,1.507198700467073271e+00,5.780753181331910184e+00,7.523440881079446196e-01,1.669558038358729846e+02,1.665290074943497416e+02
1.014808401578742414e+00,6.553443055905456838e-01,1.997454480698436541e+01,5.390305500277821071e-01,5.991505176978964755e+02,5.984323334263700644e+02
3.044677064412774303e+00,1.078657602401591920e+00,1.377043615088013873e+00,2.273813824491585089e-01,6.598697342424103773e+00,5.921127685308245070e+00
4.718431480418932900e+00,1.811574814558737145e+00,1.087604588546452256e+00,9.200461010813756335e-01,-1.545834004215675428e+01,-2.029533877935978126e+01
5.844479112835203605e-01,1.544387809349648144e+00,1.219622989516452449e+01,3.277303760045038317e-01,2.997805388201355186e+02,2.996281399868729522e+02
4.395485578415655681e+00,8.808233348239264959e-01,3.854457189724964650e+00,4.802675343932282237e-01,1.127979902901603424e+02,1.120037229566921013e+02
4.831128996093699612e+00,1.007931489524033219e+00,9.760352709100077462e+00,1.101567157709953726e+00,1.112775057235900931e+03,1.113324969882435198e+03
2.940469256678663434e+00,8.958090632436601641e-01,1.884578179466215175e+01,1.091041240362812026e+00,4.048274583377467479e+03,4.048664262503806640e+03
4.855475563015469120e+00,1.013828695168069949e+00,1.279450180568277062e+01,5.712841553335668010e-01,2.850779069665680254e+03,2.852456505652331089e+03
3.671520964328767178e+00,1.658328661518084557e+00,6.749843732046463707e+00,1.086211603548455695e+00,5.447361990233716824e+02,5.446809004625064290e+02
2.953513436132073178e+00,5.611048678555334845e-01,6.863882076727178649e+00,1.008817999343414096e+00,1.667338585614065209e+02,1.682987221459603120e+02
2.586537580527474400e+00,1.230326133252260146e+00,7.991325369515758226e+00,1.144595787023282130e+00,4.192265313975854610e+02,4.140756453546080138e+02
2.598795531201604447e+00,8.718192806381968030e-01,7.758158843486385514e+00,3.044341896179859619e-01,3.067682008132826468e+02,3.045368466441339592e+02
3.568985271833578388e+00,1.405692724100675584e+00,1.528503696651094401e+01,1.033398716277482254e+00,5.709395221732524988e+03,5.712818107326650534e+03
1.555274159491776276e+00,1.225154263040737046e+00,1.087892804004845893e+01,4.707778551025888492e-01,4.838699787868491171e+02,4.814029409914131179e+02
3.719305060266208773e+00,2.276424619802305260e-01,1.791593410316041357e+01,1.165676554618207517e+00,8.215289100364093429e+02,8.209423004983589180e+02
2.709453816623633493e+00,1.615020739510184544e+00,5.424059332043647430e+00,1.211912041935299666e-01,2.778932909125750257e+02,2.792784979827642360e+02
3.535979983421847717e+00,1.231170977357237906e+00,1.594172139353163153e+01,1.270240399191307212e-01,5.265422766659042281e+03,5.263629327456218562e+03
4.733877876855081546e+00,9.667075883750637644e-01,6.244893936171085791e+00,4.384252201016836104e-01,3.731583035942253446e+02,3.745750525846068513e+02
1.550541568064138342e+00,2.911610508134695463e-01,1.080885881120997105e+01,8.006337764999522655e-01,1.262004317318619542e+02,1.233159188398888801e+02
2.314514833074587941e+00,3.074066003082235321e-01,1.285695911306303785e+01,7.360750735267359568e-01,2.892483003900262020e+02,2.853932880225603412e+02
1.738220580388504466e+00,1.755922807287069176e+00,1.035545838351764480e+01,1.071232148973372933e+00,6.782213304315273490e+02,6.755344258289662775e+02
7.370438662270921704e-01,1.261255075353005184e+00,1.082678965794996984e+01,2.433669245252348956e-01,2.520345266539407021e+02,2.486987918259454204e+02
3.299403682322794129e+00,9.841435164033172089e-01,8.638181053201538617e+00,4.445318383637546500e-01,5.240628383198911706e+02,5.239991195703036055e+02
3.328340067533849034e+00,1.779266760006284365e+00,1.425326100879138735e+01,3.082941366254479676e-01,5.591167478958727770e+03,5.590503600292859119e+03
4.997348825635429925e+00,1.005006763473512699e+00,9.892481053591913209e+00,1.019694061459840650e+00,1.212651159408508647e+03,1.213279714591397351e+03
3.204621066821707220e+00,2.411356686702197105e-01,5.088239738293799164e+00,3.041604196140420546e-01,4.009970154094671102e+01,3.799991260077383970e+01
2.282479081739531956e+00,1.407822391847379118e+00,1.972988565493470503e+01,1.173878933852066320e+00,6.641960409418061317e+03,6.647017924160925759e+03
4.555214237024265422e+00,1.137014908535317614e+00,1.727834291771623043e+01,3.689050289853128550e-01,1.312766084290455001e+04,1.312744160124789414e+04
5.692294453749650041e-01,1.344245251598640722e+00,2.418337374934188322e+00,8.738449098854229602e-01,5.706997369477921467e+00,5.587162592070336053e+00
1.862181361596052964e+00,1.141172738521338159e+00,6.684968024996602587e+00,2.002105345323501873e-01,2.180085047484344045e+02,2.188918250203250864e+02
3.883680712464201878e+00,5.598028086289423833e-01,1.300320141572205479e+01,2.283273635335872354e-01,9.601879234331972839e+02,9.596727239258547115e+02
1.226691560847533724e+00,9.277867261891383777e-01,1.164650930685859898e+01,5.703007990738778732e-01,3.454353603629710960e+02,3.441443187950528113e+02
2.125561888307562874e+00,1.575364337280793281e+00,4.685452552423910788e+00,3.944052862778507640e-01,1.602157582024328519e+02,1.603593552891234992e+02
4.320786364511104871e+00,1.197058192231917007e+00,7.374580781178524447e+00,1.128232363443155473e+00,5.702565559020564478e+02,5.720661110622302203e+02
2.051035922053081606e+00,1.394054177651724125e+00,4.901836427582940914e+00,1.146300751974654863e+00,1.408710704489084264e+02,1.421745885530865223e+02
1.593323190204728235e+00,1.635948135788011237e+00,1.982620927011981671e+00,8.288360142286345100e-01,1.096582611732220336e+01,1.282198682506330911e+01
4.507647207263823397e+00,1.596843327683868274e+00,1.834731700500732998e+01,7.139048004775380152e-01,4.300031926930286136e+04,4.299916370790641668e+04
8.483774237357871728e-01,7.160699597915467507e-01,8.623366049113126763e+00,2.164022715860291490e-01,1.110134564145480311e+02,1.094368529910489229e+02
4.355113132763236194e+00,7.739556998512004959e-01,2.232200032029342918e+00,7.806426473928129717e-01,7.338804781293585933e+00,1.132113892729623572e+01
1.919230778288631090e+00,7.617083459474034424e-01,9.715681765619322618e+00,3.496160231401997387e-01,3.167183534857576319e+02,3.162145739553538419e+02
1.435031227195568082e+00,9.074733127997167692e-01,1.023653255629580627e+01,8.060145612899147771e-01,3.057100283857303111e+02,3.066414158776361774e+02
2.695454433769019609e+00,1.519529162609863260e+00,1.543397118146885028e+01,5.929216411379466534e-01,3.657623116200560617e+03,3.659074959878311802e+03
2.675381516386542202e+00,1.766162014439089045e+00,1.096474801976591884e+01,4.928375216664285796e-01,1.363546866100549778e+03,1.366363870804487760e+03
4.841136442655876948e+00,4.155261141599963515e-01,1.378564920061248245e+01,3.247173726551825235e-01,1.107769191586097350e+03,1.105042735119127656e+03
3.886271147930460135e+00,7.367233036415439251e-01,3.732402319602190044e+00,7.880327977907689574e-01,6.607374539473096320e+01,6.508960693625256511e+01
2.570550950972999349e+00,1.410200493604848004e+00,1.255012963688577265e+01,2.552418049575355674e-01,1.435516898369199680e+03,1.434626311759169084e+03
3.017516807199812412e+00,1.164707240924292897e+00,9.935901032445705994e+00,7.670865977722877149e-01,7.572894278708796492e+02,7.566632664957212455e+02
1.932657202087930681e+00,1.613644589938827867e+00,1.613724954809972445e+01,1.146777264071414448e+00,2.472419096958260525e+03,2.467570626727710987e+03
4.922247165504788136e+00,1.265306016034073666e+00,1.949286178983711437e+01,6.430094115795811360e-01,4.586654975749342702e+04,4.586633456530363037e+04
2.236724614030579428e+00,1.810286815469222876e+00,1.207339928704943333e+01,7.591841332444518864e-01,1.430181852067624732e+03,1.424371505533873687e+03
4.485602421408653839e+00,1.572747353107669666e+00,7.775472546955908726e+00,7.404335074150036888e-01,9.177965848855536706e+02,9.183707716813501065e+02
3.452347335589952326e+00,1.008459005823098220e+00,4.423887747357172273e+00,7.057471484157893382e-01,1.355838369461605453e+02,1.366375323767013015e+02
4.622648325964611615e+00,9.938819737462052384e-01,2.031901548784923683e+00,6.410333177507785418e-01,1.469125417280100621e+01,1.586609885294518918e+01
2.095554473062078316e+00,5.684125818203642488e-01,2.169721344622673076e+00,1.065376096089953650e+00,-5.542152718599484551e+00,-7.972316046290373492e+00
2.375133919720630260e+00,1.660021800029480854e+00,6.683461870061732313e+00,6.063344323039052686e-01,3.632091382025598136e+02,3.650992338392715624e+02
2.161971333930897465e+00,1.914609610541607054e+00,1.381423813367648812e+01,7.825042286837486927e-01,2.272337553408595340e+03,2.270589738870296060e+03
4.221692681906237254e+00,1.818412720539032579e+00,1.368867559744926332e+01,4.193721345484312524e-01,8.675819855096615356e+03,8.673346200791587762e+03
4.789052443810863480e+00,1.221676313895263766e+00,4.100289386586130291e+00,9.154053580117800237e-01,1.800938085868294252e+02,1.781141506402692301e+02
4.210561994916419692e+00,1.774801755151482974e+00,3.219972215979443497e+00,7.543444994812148474e-01,1.406675944208620592e+02,1.389535178978735530e+02
2.531395726363217413e+00,2.795967313166271562e-01,1.387247228998236181e+01,8.793496349435687698e-01,3.395078640628285029e+02,3.398348829395174562e+02
4.230935273426267074e+00,7.727406075713461053e-01,2.116406519173351430e+00,5.616239003872287583e-01,1.035028397746144080e+01,1.198230538557131197e+01
3.785838660377958131e+00,3.082771151654485342e-01,1.760676799399850267e+01,1.015430793815751853e+00,1.113033709595413711e+03,1.108813597504471090e+03
2.836099569425848621e+00,1.136999659956591691e+00,1.262195873019604520e+01,2.921616226515444947e-01,1.284736378045392030e+03,1.283637823970067075e+03
1.325727543186230983e+00,3.369612543480640099e-01,9.559671151823648572e+00,5.810239776120936783e-01,9.780529370844770654e+01,9.959323701103237170e+01
1.570419200509123758e+00,1.163022537135297796e+00,1.500202304948367704e+01,1.033555745073237025e-01,9.384149024197099607e+02,9.388072923052380929e+02
3.666939148588290287e+00,4.326619941843968808e-01,5.182871966587423884e+00,1.082254217323318279e+00,7.279263044414196315e+01,7.379617702307587024e+01
1.394327331388997004e+00,1.798515864873695413e+00,1.290450084738557734e+01,5.115960323235339002e-01,8.997542641943166473e+02,8.967449222551497314e+02
3.021556930785807005e+00,1.693757217386557601e+00,1.933240740571249461e+01,7.989749112239804552e-01,1.983236014301842806e+04,1.983425761784470160e+04
4.118849183838175776e+00,8.951389780734180235e-01,3.346185331439484489e+00,1.751447418120174460e-01,8.773625861378471313e+01,8.459837026478837174e+01
3.442541348183725258e+00,1.387536972839904292e+00,9.576645622550541859e+00,8.578602354799973462e-01,9.802859422636802265e+02,9.806660851917384889e+02
3.243900727336097134e+00,1.390040424303925493e+00,8.795934301470481387e+00,9.997386886368505587e-01,7.356140730797977767e+02,7.383365878615737756e+02
1.659800135173004509e+00,1.249365936459309490e+00,1.867251979259891925e+01,9.431830106554980331e-01,2.125884705687883070e+03,2.129643406467576824e+03
1.039711858759247098e+00,1.792942114729359604e+00,1.981205130156239136e+01,1.060599606989832272e-01,1.975213630173871934e+03,1.976236703273964622e+03
6.525943238604565710e-01,1.379493423296768606e+00,1.212319670758114221e+01,3.012118779133172719e-01,2.973466212345504687e+02,2.991085596384670566e+02
7.085304210577229034e-01,9.748119576624116878e-01,5.797061681949979395e+00,9.293711629615779568e-01,5.108717289569512587e+01,4.987450962735161397e+01
1.542931072388924463e+00,8.691846893568344612e-01,1.333100883967607331e+01,7.593262156608698854e-01,5.232436790661305395e+02,5.222807908016586680e+02
3.009572055973722016e+00,5.608458849409589941e-01,2.462684395910549107e+00,1.043298400611866628e+00,-2.481827271727718554e+00,-1.429805289525738488e-01
2.406561175216938686e+00,2.621456930661199558e-01,6.472411281165305397e+00,2.302711771998122436e-01,6.161548585139066603e+01,6.161869861633559253e+01
1.418445188764397402e+00,6.737290368546458019e-01,8.187352574835145447e+00,5.952618342875145574e-01,1.505743547992191793e+02,1.503197271514971760e+02
1.862092124050096720e+00,1.282406731475090433e+00,1.823560921627422360e+01,6.836118614955315476e-01,2.519841595955785579e+03,2.517020479755411543e+03
2.575630808395367843e+00,1.532132654287347684e+00,9.496443081711634093e+00,9.520676461609456354e-01,7.510601456053755101e+02,7.513613275611650124e+02
4.095240034568702114e+00,2.034476265612027435e-01,1.468158285082462200e+01,5.970724165632241842e-01,5.046509867598643950e+02,5.059427135740296535e+02
3.451681170034831325e+00,1.912274259276449007e+00,1.755407165910325062e+01,6.661080283685006931e-01,2.251472953586653966e+04,2.251314119691605811e+04
6.840748887981421555e-01,1.845376944095111327e+00,7.742510084794222536e+00,8.851939161587790705e-01,1.745880395952242452e+02,1.735738799503267842e+02
2.666835482299397153e+00,1.348256146801221966e+00,8.963234026347409511e+00,8.578745016249446076e-01,6.032115717225372009e+02,6.063724849145789904e+02
1.336987133878585476e+00,1.945599673006023211e+00,5.288895674564539462e+00,8.552982272305184042e-01,1.582277380340298123e+02,1.585842703323275487e+02
4.346747904714227673e+00,2.965519804182942254e-01,5.038837717716266873e+00,8.175955070942297898e-01,5.006394303067759211e+01,4.948675573950758633e+01
4.482069051953073924e+00,6.486222501874365776e-01,1.246126315368549520e+01,5.167357604728347598e-01,1.220293639155168421e+03,1.218019673576489822e+03
2.995991200009133770e+00,3.781825942054297118e-01,1.879889503837235765e+01,3.441047053493982433e-01,1.212576031374791910e+03,1.211336873312229727e+03
3.813836191171686707e+00,1.521455248817040307e+00,1.064700121981944214e+01,2.389153024744916642e-01,1.769178658536050079e+03,1.768678666033967147e+03
3.590514511323097846e+00,1.812701085422456559e+00,2.338619866680883952e+00,7.143392550932724516e-01,5.534741022217157536e+01,5.808566592459901301e+01
4.175756905354056414e+00,1.920849081787761703e+00,7.875859358332321314e+00,6.394334195595845483e-01,1.098879791660850969e+03,1.097658802264486440e+03
1.754670849481038797e+00,1.317197969004470837e+00,1.097728751614624798e+01,1.481209990798457443e-01,5.989190585173525960e+02,6.025077300522847281e+02
1.531797413608666947e+00,9.385658463318338196e-01,1.897016246621085500e+01,7.092209605697543662e-01,1.321057551682344410e+03,1.319200176048442700e+03
3.858390750262803426e+00,4.161195733898739313e-01,1.911122809814479950e+01,1.248559888608589408e-01,2.234806329455070227e+03,2.234091155845418143e+03
4.815868667422290805e+00,5.483225463641910880e-01,8.352180740131531778e+00,3.768808616525153310e-01,4.228062074051237005e+02,4.244932947009455120e+02
1.534180202768102852e+00,8.624196395356107381e-01,5.236699885945869326e+00,8.906318301373998825e-01,7.585309413769734022e+01,7.537270427542716789e+01
3.054982925929503157e+00,6.110422059588516142e-01,1.916560554020225382e+01,8.350749490735205338e-01,2.498301703739469303e+03,2.496641179654668122e+03
2.948987806393379429e+00,1.955221117796529295e+00,1.365979687085694394e+01,3.578448582612284712e-01,4.201048370893256106e+03,4.200784684070292315e+03
2.181012005277986887e+00,5.787147512223389523e-01,2.425222305302334291e+00,1.137860686157286860e+00,-2.771877390682672804e+00,-1.874452403824805824e+00
3.876070040309327336e+00,2.698081476026492065e-01,8.378958783838184488e+00,3.798299742902786491e-01,1.785305211866320292e+02,1.750990527569339292e+02
1.092948564541272205e+00,4.814714142617845249e-01,1.028775857648502168e+01,1.214401233552548087e-01,1.394387944076127894e+02,1.389417217161154383e+02
2.172996832226415265e+00,2.554604842720858415e-01,9.289988157458056506e+00,1.117029684262135891e+00,1.063240635348513621e+02,1.061053902859480758e+02
2.439802528665830028e+00,2.516831678193107158e-01,1.692408964750340417e+00,3.087937049117779331e-01,-3.447384547728423954e+00,-4.254880067579756009e+00
4.788499006901069777e+00,4.283457804393626667e-01,4.516331433973769904e+00,1.135321341690950003e+00,5.870674520697075138e+01,6.017745733972873268e+01
3.579367056709498840e+00,1.609070131907429646e+00,7.524198207771489066e+00,1.083520089080795445e+00,6.591893291166326208e+02,6.580522247776008271e+02
3.699314953805078687e+00,1.443157677443839715e+00,2.666544646165019739e+00,1.129615020270733350e+00,5.192016626790433520e+01,5.119113657073166479e+01
4.999060146213900602e+00,3.353192278680932059e-01,9.421518813182199636e+00,4.051691826174259603e-01,3.648273077594018332e+02,3.649025929341269148e+02
1.520504172633316164e+00,1.124684777447044315e+00,7.903725385061777686e+00,2.797644084251793561e-01,2.450443868598943595e+02,2.465020850485252879e+02
3.215869845818860817e+00,1.199427276664263076e+00,1.373771660226543290e+00,4.317252199537666701e-01,2.384944701358025831e+00,1.942619466062605049e+00
9.844776309307337048e-01,1.701823126637071804e+00,1.625839483556947229e+01,9.996284809882451938e-01,9.570683929878231311e+02,9.601015875296266131e+02
1.231235033713784954e+00,1.188168978469006820e+00,6.115166717198088797e+00,1.700219066609809371e-01,1.295344620260905515e+02,1.277190254260430891e+02
3.632575284382211223e+00,1.934183319613541840e+00,1.716188862799938164e+01,8.359393758052453549e-01,2.360050090131648903e+04,2.360307393002115714e+04
4.216925424546584367e+00,1.895722989786657431e+00,3.586650888758824429e+00,1.723923067386627928e-01,2.124783643641895310e+02,2.107627212619682098e+02
3.361089153185308653e+00,1.403266173157765806e+00,7.902472442465494851e+00,4.205924153375608654e-01,6.165624746671533103e+02,6.162363417032015604e+02
3.109023025528580675e+00,1.523161600956930206e+00,1.747632473359321281e+01,3.866237197122406322e-01,9.430293310431115970e+03,9.431021402801850854e+03
4.057838268331334319e+00,1.570792529000737625e+00,6.431345668309002228e+00,5.524238063196845738e-01,5.273526947684651986e+02,5.314623744909846437e+02
4.803068395182755523e+00,1.974724259644996538e+00,7.674914754902167680e+00,1.096938208397578940e+00,1.268440125253768201e+03,1.270231777547074444e+03
4.664849779634825389e+00,1.243395942276920740e+00,8.146278993865880835e+00,4.762577725756095282e-01,8.461902506250119131e+02,8.453785249258979775e+02
4.139496530731928026e+00,4.996455878017422858e-01,1.798590396935885405e+00,9.371652712199420865e-01,-1.806521462710433568e+01,-1.546697639592089324e+01
2.444530570237324341e+00,9.439361339270155860e-01,1.613516064359141522e+00,1.121434908552071397e+00,-8.587433657006076970e+00,-9.014843466793490023e+00
3.948503036013310652e+00,1.252862151010112335e+00,1.705453118594498818e+01,2.427319953710796729e-01,1.020968937403311429e+04,1.020810648232051426e+04
1.552245405434303560e+00,7.325851829226823764e-01,1.998912784581267488e+01,8.619040838840650309e-01,1.158393535497739549e+03,1.159290904881312827e+03
4.568219051705703748e+00,5.952055601873598167e-01,6.184706341787078898e+00,1.076977685189576039e+00,2.083969808654219662e+02,2.085859225614885588e+02
1.758804368718028144e+00,1.511494274235527957e+00,1.886839284305808917e+01,3.234949083022731209e-01,3.403817876562384754e+03,3.405725209296911089e+03
4.911731200335204051e+00,1.872024078006253145e+00,9.404829639554654008e+00,1.741181446618449702e-01,2.435835436323595786e+03,2.434735959595301210e+03
1.857574647330985762e+00,1.315210262931629348e+00,1.575949704208407098e+01,1.164471703005955927e+00,1.570944238284141875e+03,1.571707245279463677e+03
1.688374745390974097e+00,8.942355091411484658e-01,6.405907517957863284e+00,1.136040549443149361e+00,1.347184564783041196e+02,1.359875551439736512e+02
2.013473489172668884e+00,1.951840928951869891e+00,1.150108651303901475e+01,8.336053483261551822e-01,1.178960500693903441e+03,1.179516591813004879e+03
2.683138528124963784e+00,1.474070444025349147e+00,8.222984260328496831e+00,7.218870964334914708e-01,5.514312729799842145e+02,5.513733059158015521e+02
1.400902895617697874e+00,1.958857718363788303e+00,3.101621086249979342e+00,9.842505163807223623e-01,4.861115015259757399e+01,4.721591340441557350e+01
1.686754364140708118e+00,1.893577527098136981e+00,8.575711278598943110e+00,4.302525220545758700e-01,4.859765428849207751e+02,4.877840464676315264e+02
4.479064557728364093e+00,1.031262829495054545e+00,1.438773381179382405e+01,2.943589759087216762e-01,4.062939880758587606e+03,4.063214329759212433e+03
4.690939170731343033e+00,1.258789091218635692e+00,6.073344875543968513e+00,1.040447657389516278e+00,4.220588181032178454e+02,4.230514260482355553e+02
1.199209471755974921e+00,9.168807535730800762e-01,1.265786958885462354e+01,4.157639943601343369e-01,3.917515423313271299e+02,3.910499858496059460e+02
2.486080518917087812e+00,1.127202895368953683e+00,1.547920370219434361e+01,3.828258574213826426e-01,1.951413399725757927e+03,1.951439423107242192e+03
2.389308838438163551e+00,1.312435724101667089e+00,7.322332852098733191e+00,1.177478183378941834e+00,3.468499698816619343e+02,3.447755138982524841e+02
4.227301021790221824e+00,7.339036810011410061e-01,1.519304687950710431e+01,1.650235883697924177e-01,2.562618650849191908e+03,2.562789701439463443e+03
3.471862771615893184e+00,9.685635906943965701e-01,1.246007415258943762e+00,4.451562376756856843e-01,-3.545220964617634252e+00,-2.014800317309012101e+00
2.336187540378948491e+00,1.692594704036519460e+00,1.668408674066765229e+01,6.187127001092549428e-01,4.589241938851670056e+03,4.589427925423829947e+03
4.049131068369243636e+00,1.509747738086930857e+00,1.467647316410159331e+00,4.974086771391773576e-01,9.334741011278577361e+00,1.105352663231506583e+01
3.223179449750876557e+00,4.808318913488680013e-01,2.316645228269810453e+00,3.749511616781310286e-01,7.021159382050531583e+00,7.646980346295875641e+00
1.442124933108529738e+00,4.185319135007478097e-01,9.835948937326927322e+00,2.677648477134486615e-01,1.447727681881804642e+02,1.475004814482190909e+02
4.066826702239829672e+00,1.695252184917188654e+00,8.049636380267147118e+00,1.037445988223024251e+00,9.609536687041866116e+02,9.605735694398809983e+02
2.595368824170297462e+00,8.282572735395647978e-01,1.816279015620676063e+01,8.723607543106053352e-01,2.358338441332513867e+03,2.355061180879407857e+03
4.491277251016853711e+00,1.871924307317746727e+00,1.317197975232948437e+01,4.170715908232084379e-01,8.902269655578151287e+03,8.903134632036322728e+03
3.493529106282621921e+00,7.658592178589642696e-01,1.239464259643781219e+01,7.946594717866318769e-01,1.014744689083086769e+03,1.014414310107331630e+03
1.180157482031944927e+00,3.965253194443341123e-01,4.478306829787698007e+00,3.762878807541130133e-01,1.821653904078261732e+01,1.626795227621729723e+01
3.905040634436220071e+00,1.815903097250630704e+00,6.686065486498548260e+00,7.849248130650526845e-01,6.288253382118042509e+02,6.301278689276497289e+02
3.115425887850260978e+00,9.475708482071119043e-01,1.512961092594524715e+01,2.656326321149796721e-01,2.089099603722669599e+03,2.089628262001178882e+03
2.937107561631944197e+00,1.318690876928649613e+00,4.019974577772400970e+00,6.367831788131401716e-01,1.258867562245998215e+02,1.267774334284690667e+02
2.388818996416182117e+00,7.768823127815600582e-01,1.416532303370366996e+01,7.524934346991741796e-01,8.866016514419903842e+02,8.859368995404170164e+02
3.483006101430530244e+00,1.320251284817922199e+00,9.170534257661998367e+00,6.546283024284629271e-01,8.465468581801869732e+02,8.469409525086824715e+02
7.848040470137334079e-01,1.508769537044585052e+00,4.500244012924874859e+00,1.063314411179841601e+00,5.015909112792036950e+01,5.066776921623122121e+01
2.767251031146878759e+00,1.959878069889899876e+00,1.847566235670446844e+01,2.006741547357691613e-01,1.680816214754171233e+04,1.681171145775479454e+04
4.709780234668556886e+00,2.964665872559705262e-01,4.451986252771581221e+00,6.432715528913569569e-01,3.986826883922706344e+01,3.850034931030969432e+01
1.421902117479016514e+00,1.900019028251685560e+00,4.255375680838756836e+00,1.263669437970342813e-01,1.115314224173055351e+02,1.115104340181907503e+02
1.116560272507776785e+00,1.201582130311724450e+00,1.795465886370990560e+01,1.413865469463757296e-01,9.804840511603936193e+02,9.812117707849329236e+02
2.347341550335432903e+00,4.682033946544246206e-01,1.536049720339952884e+01,6.036646549267919992e-01,6.344176402175515932e+02,6.309680663653607553e+02
2.837796988749719418e+00,1.939930606980376782e+00,1.643612698933067406e+01,4.005664561436146354e-01,9.187724388110165819e+03,9.184518451375310178e+03
2.194366255585986636e+00,1.606794080338527220e+00,3.430786049286745243e+00,1.069567357671943469e-01,9.236067217369142668e+01,9.669230891534704142e+01
2.677734633046015666e+00,5.602900650111848346e-01,3.923292707311003547e+00,9.545735054652253471e-01,3.318534411249148519e+01,2.965110620516814777e+01
3.536006572889824451e+00,1.455820279626200309e+00,5.469878729532461570e+00,1.145303812937863652e+00,2.988522336378140380e+02,3.000020919271245816e+02
4.067503558490093596e+00,1.776357357164929596e+00,1.373467951527907793e+01,1.140741687717613972e+00,7.596194970349335563e+03,7.594498519537206448e+03
7.321616909814114837e-01,9.094059170264365832e-01,1.171759180991088556e+01,7.838636268525608353e-01,2.138412979152509479e+02,2.123149777097486890e+02
2.217704963375478400e+00,2.945441406836480369e-01,1.097074087931323305e+01,6.082746135347393279e-01,1.925650069581998878e+02,1.885999571496552107e+02
3.286539122044769279e+00,2.618996900807076256e-01,6.272176056138672351e+00,7.381106847091065681e-01,6.447789445590734658e+01,6.267641731125664961e+01
5.941204721007211642e-01,2.571532898369183751e-01,6.731774435257129596e+00,1.814284882030269830e-01,1.617944487073958726e+01,1.774820210174695134e+01
4.771382386124587427e+00,1.946267918845821621e+00,4.907014066650606132e+00,2.584136748758859015e-01,4.359814713730976905e+02,4.332039856912646769e+02
3.383694394980143905e+00,1.131359223833924066e+00,1.914583960140694785e+01,9.297138313557794520e-01,9.983692123163671567e+03,9.984882976924354807e+03
2.682516534625174032e+00,2.496117008220714584e-01,7.066315225925804633e+00,8.972769336413563002e-01,6.540655260480147604e+01,6.603314810349864672e+01
2.517414358546357978e+00,2.771108818008109487e-01,9.647201768457881244e+00,2.337080773734471761e-01,1.643185271625768848e+02,1.683551317612816831e+02
1.162659568729252024e+00,1.334941163303954959e+00,1.167493958342433524e+00,1.046246711366626947e+00,-5.384305752153995428e+00,-6.333372918669425644e+00
7.981475138839542183e-01,1.595140935431212492e+00,1.214734226168712716e+01,9.869940822395832924e-01,3.984945342878158954e+02,4.010213623662215241e+02
3.564350183219608059e+00,1.781719340375208738e+00,1.890640028875028245e+00,7.900997094883833727e-01,2.464842106147439438e+01,2.642615896995727454e+01
4.657937627700608374e+00,4.242681717427028709e-01,1.685397516438941068e+01,9.221199649924605168e-01,2.025013583422183046e+03,2.024440246587546426e+03
4.065658258450954854e+00,1.080137671990194947e+00,1.121111020421145810e+01,8.250793374782076084e-01,1.433019960030259199e+03,1.429694048052386961e+03
5.965445071469795968e-01,6.862321336247632075e-01,4.294779766538732169e+00,2.835958602467889555e-01,1.627300283199245712e+01,1.929188359116547247e+01
6.753581687483949381e-01,1.831650226575423090e+00,2.570023324123569708e+00,5.155822284024053070e-01,1.506649025728866853e+01,1.233771244560158564e+01
2.806963241408845899e+00,1.810861348832164763e+00,1.341162609363369995e+01,7.298220202126715073e-01,3.045869903438423535e+03,3.044923071533177790e+03
3.079688565266995859e+00,4.925010688633971734e-01,1.302875096878841710e+01,5.173702584084493017e-01,6.263246757734154926e+02,6.280910288534158781e+02
3.228558817409781234e+00,1.990266017179370017e+00,1.576941085248715124e+00,8.751635032459481600e-01,1.012622845272175809e+01,1.235813959030832976e+01
4.442111714497898767e+00,1.150104659575252875e+00,7.123983758909655961e+00,2.853638093649482621e-01,5.482559425972658573e+02,5.465650492049499007e+02
4.540396046574628031e+00,1.804149778938259896e+00,8.588712078494658897e+00,5.540530524875042495e-01,1.476420715411160927e+03,1.476356712039364538e+03
4.951824939017670069e+00,4.491757263963106483e-01,7.364311314639603978e+00,6.717656422358389001e-01,2.661994410221410021e+02,2.656822841380023306e+02
2.001363266676284169e+00,6.893814477228525917e-01,7.131707574881470890e+00,1.028593620496111471e+00,1.546169320713428306e+02,1.569800492225075459e+02
2.608447434824671785e+00,4.362379881722315278e-01,1.187038805538229713e+00,1.355122605783872780e-01,-5.328387845578252957e-02,4.955982869906054411e+00
4.971331908222655471e+00,9.166703598044114720e-01,1.352395138867560576e+01,1.158040879597896644e-01,3.189577733300674481e+03,3.185917959649634668e+03
3.651632578229233594e+00,1.317485970195652278e+00,1.674729903570653988e+01,3.264672018671964659e-01,8.386767324324240690e+03,8.388600170144209187e+03
7.584571176020367123e-01,8.060897568659568524e-01,1.858713895694754203e+00,7.999812704487300197e-01,-7.227599347136006713e-01,-6.439110688527049930e+00
4.592982167322686493e+00,6.806264213283934605e-01,1.472704037226499985e+01,5.378850130808826568e-01,2.367598045025457395e+03,2.367626177769786864e+03
3.275027315103258729e+00,1.616013667164012624e+00,1.034753661644025158e+01,9.062629120979712738e-01,1.369071457371084307e+03,1.366853888323185856e+03
1.371705132953863648e+00,1.576767388431366879e+00,1.472958911820412986e+01,3.065177430102908329e-01,1.056988106792932513e+03,1.060971744373152660e+03
2.064780746260333810e+00,1.405030406162188106e+00,1.805154070654399590e+01,7.233558039017812247e-01,3.481950856013647353e+03,3.482283593070249481e+03
3.099466814488756050e+00,1.361321752344422764e+00,1.672108616566478290e+01,8.876553416328455404e-01,5.862796827848999783e+03,5.861323284353088638e+03
3.437448998518322529e+00,1.951045109343614747e+00,1.527054613225373991e+01,1.380093434284214715e-01,1.052077944271608976e+04,1.051978081700667281e+04
2.348278139216187554e+00,1.922711127067622261e+00,9.348218181232194723e+00,4.677220674315141213e-01,8.359578492422451745e+02,8.348072577381607289e+02
3.849615931757880638e+00,1.399782157695265816e+00,7.954452614024414281e+00,1.563175008860538395e-01,7.333141318396890256e+02,7.336907550568143961e+02
2.897719365762039700e+00,8.282736959942456068e-01,1.455761865918202247e+01,1.125419086383826039e+00,1.345148066583342825e+03,1.344831769642583367e+03
4.886410127851459784e+00,1.027765729141310702e+00,1.537643040229435343e+01,1.083592686330622362e-01,6.804967969415744847e+03,6.806279740563707492e+03
4.340732283722243068e+00,1.411470548161350536e+00,5.672719197778962830e+00,1.037171547683828132e+00,3.776196276942142731e+02,3.807001498580636394e+02
1.175434444828111546e+00,1.667914868405109718e+00,8.599677820019786978e+00,1.877762047193530237e-01,3.200006287121352671e+02,3.214034528059502236e+02
9.638946113545876493e-01,8.812091737780445300e-01,1.518351793379737558e+01,3.962542962300489302e-01,4.309089074945519542e+02,4.284569013991437600e+02
4.340883168646993084e+00,1.474542549002723302e+00,1.144871479911315149e+01,1.635615444676499219e-01,2.751614362010375771e+03,2.748366748397403626e+03
3.234788026059777444e+00,1.495497205156584242e+00,1.398440982715521130e+01,6.954528494343833467e-01,3.454282254219564948e+03,3.452771415168253498e+03
4.893006049071924934e+00,1.157156338997993972e+00,1.913412249424141898e+00,7.750258839063129956e-01,1.182012924420065403e+01,1.392655977282012003e+01
2.461256507581786046e+00,1.301751328665524010e+00,2.630754428675795342e+00,4.647122184582340720e-01,3.902650467435715598e+01,3.835640836702646084e+01
1.306842679969999477e+00,1.907621744406513109e+00,1.780267687043490099e+01,5.733204301532182079e-01,2.245311019334548746e+03,2.243975873696395411e+03
6.664475586887311787e-01,6.371013872970888725e-01,7.655325173294826868e+00,4.754937917173097661e-01,5.927299913025309763e+01,5.954956424586486463e+01
3.958631247696386524e+00,1.753838480586713544e+00,2.415210181535070166e+00,7.656878737358705500e-01,6.227954365566793626e+01,5.944849175648510453e+01
8.758306821511706586e-01,1.590303872701084975e+00,2.368363593111674437e+00,1.044522256882760153e-01,1.650539560826507568e+01,1.422674016492649329e+01
3.397564187073413677e+00,4.379151850328211193e-01,1.153484135452850978e+01,9.283726681580068973e-01,4.662936385785500306e+02,4.673142894289690048e+02
3.035946050768208337e+00,6.573943182731067925e-01,4.108139900994078886e+00,1.857222498898063734e-01,7.425877286675002154e+01,7.365246588093357616e+01
3.828057441808680572e+00,6.412942912849353139e-01,4.973204489038428378e+00,5.564215028385062212e-01,1.253180775243052096e+02,1.244116050401241722e+02
4.747510683509036156e+00,1.132222490815136373e+00,1.115444386899198648e+01,4.277839218581773739e-01,1.952805953503098635e+03,1.953441223553731561e+03
1.564346706728749758e+00,8.236776190309491597e-01,2.911509049381015402e+00,1.196325302458066453e+00,1.061157178788117861e+01,9.441829381519561082e+00
2.671718417131774714e+00,1.190257002965994237e+00,4.329203335543953202e+00,5.983889019397763409e-01,1.232071281088823866e+02,1.218345460157570415e+02
3.882029309282569507e+00,1.199974864429845134e+00,1.424698426505242388e+01,7.527172341477257334e-01,3.720622652662833389e+03,3.719703032337766217e+03
1.410611758663018023e+00,1.983343569867799694e+00,1.316936317271744095e+00,9.734180075787541853e-01,-1.089256867532871098e+00,1.159843106903271082e-01
9.140523057177090127e-01,1.101132266296257267e+00,1.224264882314476743e+01,2.599839638698722144e-01,3.377013878049059485e+02,3.378210276763483648e+02
1.121103439730922746e+00,1.832656540681594670e+00,1.708440522986137466e+01,9.777721692001580811e-01,1.434488894693921111e+03,1.432099699524568450e+03
4.692595936001521473e+00,1.911137650332391580e+00,1.385318039505030629e+00,1.419022008345495189e-01,3.024955631048716498e+01,2.964344248142874960e+01
4.052413413568403122e+00,1.744630494025489309e+00,7.343360513374979526e+00,1.130922182023001987e-01,8.093874972324470036e+02,8.106839450853495919e+02
1.401848828369786082e+00,1.650150964118128227e+00,5.689160549327548999e+00,5.755431936809990434e-01,1.668497708043707917e+02,1.705912746906845427e+02
5.715037842619495878e-01,1.610354945085868072e+00,8.570317380907006566e+00,1.700535261798227504e-01,1.621004976254520784e+02,1.598157896412081698e+02
3.370185552528379702e+00,9.038264260291202223e-01,2.021813972909463075e+00,1.157576217070626745e+00,-2.816839855231334511e+00,-2.139769267134288722e+00
1.948580960408457852e+00,1.565437650770397759e+00,3.297929744196081092e+00,5.254791234083284746e-01,6.621755468756856544e+01,6.570005813393784422e+01
1.525795761796457040e+00,1.700780823023364752e+00,1.519152106043581618e+01,7.311701833744024270e-01,1.465278126677835871e+03,1.466929165551460301e+03
1.398000367822135992e+00,1.005781816591626132e+00,6.111088693634092905e+00,2.541804616160808772e-01,1.234871677772591880e+02,1.243862777318913260e+02
2.625014136111842866e+00,1.466237760661288858e+00,1.896394754595542409e+01,6.140428092783849490e-01,8.502852969628977007e+03,8.505797323444458016e+03
2.040131542956708621e+00,6.222740218537694545e-01,1.545762045438126897e+01,1.840376748619915181e-01,7.269379743077387275e+02,7.279768761122879823e+02
4.730977813502615703e+00,4.520030115147886107e-01,7.302548869590171243e+00,7.599723096117833032e-01,2.484885380708255411e+02,2.473983114463677282e+02
3.046493648277214028e+00,1.929543853305751400e+00,6.615634262530970311e+00,2.637279548321817546e-01,5.203264916885191269e+02,5.192493053321605885e+02
4.550567651140460690e+00,1.204796105419740915e+00,1.637268331182643877e+01,2.700745212251143279e-01,1.105089003257672630e+04,1.105170113279616089e+04
4.660873993690545447e+00,1.681749484696163366e+00,2.548927838638789023e+00,2.095975436028094663e-01,1.022270682689966463e+02,1.030169546478458216e+02
4.550596205246825399e+00,1.913046287483350261e+00,9.316161319981761224e+00,6.387901104124847906e-01,2.105884778593762803e+03,2.110680653128933500e+03
2.742554707379299295e+00,1.445934268459138083e+00,1.318668428925258951e+01,3.273522223509345297e-01,1.926031482160425639e+03,1.929384147599756716e+03
3.124803041113577873e+00,1.581965003438705386e+00,1.681863587538744298e+01,7.134692480135853554e-01,8.479115691801493085e+03,8.476768535096742198e+03
2.904165057756643797e+00,6.521794320307383597e-01,1.799158967778764051e+01,6.274232741625797027e-01,1.980172776195941879e+03,1.980873225787488991e+03
5.911856633179793930e-01,1.510356031024411738e+00,8.923223294067602396e+00,7.751940437752908863e-01,1.672112125974828132e+02,1.645492348747456219e+02
4.758845259605253730e+00,1.783467273267129283e+00,1.815737338790398780e+01,1.095427689954511674e+00,6.471173398864293267e+04,6.470842263485149306e+04
1.179906588962602143e+00,6.243382204185479178e-01,1.617916195815319824e+01,1.656412703119612140e-01,4.419682170603684312e+02,4.434553090632538783e+02
2.990551597636160519e+00,4.209692923639188900e-01,1.868294994334650028e+01,8.773294451387115833e-01,1.331829580338092001e+03,1.332933075404182318e+03
3.571915355549771132e+00,1.597725494314785166e+00,1.345411489831639607e+01,9.673447108598478561e-01,4.081894843727562602e+03,4.079817708138888520e+03
4.038377509229386320e+00,2.366181697386894045e-01,1.165742366621089232e+01,2.035659628982799396e-01,3.468170119000637897e+02,3.501043853762608364e+02
2.940004308248803877e+00,4.363204952317422114e-01,1.552524327590635522e+00,2.156824175849969549e-01,5.073758921534796684e-01,-1.447763966847108286e+00
3.375998955635628906e+00,8.309011189846438050e-01,9.488490412294254384e+00,1.421380587511251736e-01,5.704556959261201428e+02,5.681202391638267954e+02
4.221992117746699691e+00,5.627956919377390399e-01,1.481096152482106199e+01,1.057053652142542211e+00,1.582441535472378519e+03,1.583746771915218687e+03
3.395877605868269367e+00,1.912611181541992833e+00,1.535708134641717670e+01,9.977546243224689748e-01,1.000356211679450826e+04,1.000400399388593905e+04
3.500788169923235493e+00,1.161656669405164211e+00,1.541289555926064203e+01,1.578600090312027304e-01,3.956713152073245965e+03,3.956392136071308414e+03
4.343234252226997327e+00,7.047652314150831820e-01,1.657306203719809545e+01,5.009532470780516666e-01,3.598369728264922287e+03,3.598235596599120527e+03
8.303525011198971129e-01,2.394304539098848217e-01,1.130970898014392745e+01,2.748463097946501899e-01,6.345532119931556991e+01,6.390292278183262198e+01
2.833344728641210786e+00,1.192577241759647411e+00,1.804287112157187067e+01,4.750001302940575210e-01,5.227112245397252991e+03,5.226833085425755598e+03
6.194841069255885291e-01,1.171452161187891194e+00,1.451408995466013074e+01,4.459459975848405477e-01,3.366891489139828195e+02,3.363441391774207432e+02
1.181237771044082674e+00,8.345623211522836815e-01,1.596029779993573960e+01,1.854822270934223249e-01,5.568202731530960818e+02,5.530283597757631924e+02
6.282788639763189353e-01,1.129302608467891877e+00,1.455084057025200472e+01,4.844330415586436400e-01,3.318578041783328558e+02,3.291738814463135441e+02
4.398086734330495240e+00,1.132799030784950034e+00,9.310718725442052701e+00,9.183681987560214921e-01,9.889681238175593307e+02,9.901900229582048496e+02
1.983821981012325875e+00,5.617201469183394913e-01,1.535273064972942336e+01,5.376456044074890972e-01,6.211983681276924472e+02,6.197897663467990697e+02
2.845090433058468538e+00,1.799672528992954490e+00,1.075635515070263182e+01,2.350176216942967133e-01,1.452673958527332843e+03,1.453764345045556183e+03
4.042660720950907560e+00,9.960555084090667588e-01,1.471936798562700055e+01,1.095866189240895405e+00,3.352510632625503149e+03,3.354981560423994324e+03
3.600035711374032221e+00,8.751110567893092274e-01,1.800562088093929347e+01,1.131326151676459446e+00,5.024186706187022537e+03,5.023476804534126131e+03
4.668415522230235482e+00,4.998199626817285135e-01,1.177234977775131064e+01,5.628100871682721884e-01,8.231323549118740175e+02,8.236982944745601571e+02
2.704116599253461928e+00,6.265741672781786065e-01,8.716434738392536019e+00,2.999870830397183274e-01,2.995195577184119315e+02,3.036725106119693010e+02
3.660970167654773455e+00,1.361078098319015162e+00,1.146558255085900413e+01,7.875022557696662595e-01,1.785699864982299232e+03,1.787089736266926366e+03
4.404896010009519358e+00,7.320835859220022890e-01,4.552746177790622184e+00,3.147805371143426179e-01,1.435042490407840319e+02,1.471879967022867106e+02
9.823866036734671958e-01,5.628789450399678262e-01,1.175403791210885984e+01,1.007498771098280788e+00,1.811764951810044124e+02,1.842433092888325632e+02
2.614348214936248027e+00,1.125848307492576028e+00,9.768877424144614352e+00,5.955940785907188895e-01,6.039650483678062756e+02,6.054717690668485375e+02
8.959741628202502195e-01,1.542483659695703446e+00,6.197136010181906407e+00,8.685839609484536927e-01,1.207150050009143882e+02,1.204912174780669005e+02
3.006339629604142694e+00,6.477595399331209647e-01,1.925249505433973773e+00,8.549466721123122337e-01,-6.385624607358813876e+00,-8.069611673829914622e+00
1.910090058951412040e+00,8.079110884261060388e-01,4.340626837730981791e+00,2.666453598819772397e-01,6.411689094942545353e+01,6.189349497038072201e+01
4.282242229183919946e+00,2.003154659136907045e-01,1.256283918879250283e+00,1.022450202214295389e+00,-3.292910297650743701e+01,-3.195644510714489783e+01
2.607713912762788411e+00,1.067666205797245471e+00,1.031629954621394063e+01,4.937520465739960729e-01,6.472155118532696179e+02,6.481518786066192206e+02
1.233028853094830346e+00,1.793039521733861275e+00,1.380290507442524728e+01,2.338253443926142372e-01,9.097347820301313277e+02,9.093855376140659246e+02
4.430206108161655720e+00,1.832237850533699586e+00,9.077105118998922251e+00,5.610097791396126965e-01,1.731035700583146308e+03,1.732732633345319528e+03
2.416394735098501112e+00,1.632415385527743013e+00,7.239931463578824555e+00,5.142263058882292626e-01,4.263231592525645510e+02,4.251140850238782605e+02
5.887005898435060391e-01,5.711190468079330174e-01,8.007782148500016461e+00,1.050191850218642198e-01,5.353048579152260800e+01,5.575092392774498506e+01
1.709099863641543315e+00,8.010302575986454343e-01,1.642033913436371151e+01,1.820571586840352696e-01,8.735350707336904179e+02,8.736150848632626094e+02
2.223947398145006638e+00,3.483294921234195707e-01,1.170753089941937830e+01,1.165940110687944786e+00,2.511495560044465378e+02,2.510769028528854108e+02
6.180994433067004135e-01,1.191053472717100936e+00,1.241640399970251529e+01,4.219655283998875461e-01,2.601472653521678922e+02,2.601467187582089764e+02
1.130501908361894792e+00,1.398440698482314337e+00,3.833123219378986590e+00,5.919643465822523876e-01,4.802778562616283864e+01,4.783060307259378874e+01
1.834289909543196151e+00,6.084082489872537636e-01,3.544728052206345570e+00,3.494886483896428864e-01,2.654052213989324827e+01,3.151705071655069190e+01
2.019124828212851774e+00,1.842804905094260759e+00,1.284386115081771429e+01,6.169552015580337390e-01,1.512637858286849450e+03,1.509414818628554258e+03
2.469107589897418187e+00,1.208376501188805907e+00,2.328105976766996044e+00,1.731385106190414525e-01,3.182673641451216184e+01,3.218118150207575923e+01
1.839280164830959796e+00,6.588772091443910739e-01,1.882915281072660818e+01,4.987506466549076478e-01,1.110174746248364727e+03,1.112662958627042826e+03
1.943007085712317394e+00,7.741807612744244782e-01,5.258370859592850444e+00,4.342737876358950810e-01,9.237467215891800265e+01,9.380969826406304435e+01
2.579354486710949246e+00,1.414333280501965939e+00,3.876158558799855491e+00,1.167102095059566524e+00,1.022406513407059805e+02,1.016364873972914467e+02
2.083697358396293886e+00,8.800325546755236594e-01,1.912313317885316444e+00,1.121209828784885731e+00,-3.700895343557010442e+00,-2.206532951233373119e-01
3.874036764949885026e+00,5.036962433556266827e-01,1.915055663826139210e+01,2.078897812999413452e-01,3.005440846585101099e+03,3.003303860869569689e+03
4.014818667121090812e+00,1.048549191488396426e+00,1.210093605190085597e+01,5.253933444170084677e-01,1.733780038349143979e+03,1.731167446089707482e+03
5.794968373117554972e-01,5.805079619937474344e-01,1.748283533356357822e+01,8.940743016228566153e-01,2.395186523769588121e+02,2.406547935028236225e+02
1.229414953607692818e+00,1.428927234236026411e+00,1.311815392449355855e+00,8.953504918532531054e-01,-2.961216299520371020e+00,-5.870155901986422897e+00
9.581861475179357379e-01,9.643984958176585742e-01,1.561804182924407947e+01,6.495960321523022163e-01,4.867124187828501363e+02,4.819565192769168789e+02
2.087909152963585591e+00,6.753568962580048796e-01,1.260956837063867475e+01,1.298926910937201196e-01,5.179209899851243790e+02,5.196867632605803919e+02
2.103172490155356122e+00,4.759076040441436728e-01,1.170870859448479351e+01,5.316103715221103254e-01,3.253485702427970523e+02,3.268712708680379251e+02
3.871818929507011564e+00,4.147551983777284512e-01,2.232196733183068105e+00,4.623119319223802925e-01,9.185431452427499366e-01,2.383116871129650427e+00
3.782840565534471455e+00,4.454349363775742532e-01,1.902819157715846998e+01,5.178232321086597700e-01,2.316723479549388685e+03,2.315748537260020385e+03
4.470866296526265771e+00,8.669921070227593063e-01,2.403294020252678909e+00,7.103469234867395565e-01,2.151495300323943027e+01,2.188084525861811613e+01
3.573491091390362140e+00,8.978676998362835615e-01,2.905515016007941043e+00,1.103817824461850172e-01,5.776644347781348898e+01,5.583579032132858799e+01
3.179903631354028981e+00,1.603161586512384496e+00,1.285070206582381402e+01,1.844409801378125713e-01,2.696281377749703097e+03,2.699750080162928498e+03
4.974499406705403359e+00,8.077687179053620881e-01,1.753541921248301705e+01,1.017186206233289258e+00,8.487315442102928500e+03,8.488897490605937492e+03
3.388850217809158849e+00,2.481538574551909737e-01,9.495388244969124258e+00,1.021766629256622316e+00,1.730929628719472646e+02,1.745774750166877141e+02
2.252622911929925920e+00,7.177262303785711950e-01,4.690492189355559560e+00,1.118884482210428244e+00,6.533798609567543281e+01,6.143801661386216040e+01
1.871452152747229203e+00,3.222107364360710102e-01,3.986624519099544628e+00,7.409780220096279235e-01,1.034079817692057723e+01,1.195540226490034463e+01
6.608810115099346127e-01,8.011246597899699395e-01,1.556629051224652471e+01,5.635269222283374457e-01,2.918890508946532236e+02,2.948769949386159510e+02
4.748622719458706065e+00,1.100077184431055954e+00,3.414886123543914298e+00,7.530763798301547407e-01,1.056888050985937468e+02,1.081213292698884914e+02
3.886878215234457201e+00,6.977332640719586809e-01,9.325071243171880297e+00,3.657646886408794096e-01,5.353129265121231128e+02,5.368911871837161698e+02
2.196835133173313359e+00,3.687323376717848156e-01,9.937256832905600135e+00,1.216938586934112609e-01,2.017468646788040587e+02,2.017449503407447366e+02
4.437618839774476243e+00,1.266846901471365694e+00,3.193005778755573676e+00,7.536917057460656988e-01,9.871991597110681482e+01,9.803625027659673208e+01
3.933155886160365267e+00,1.658913896019942325e+00,5.096276119804777238e+00,6.736438772547753695e-01,3.301199744752181005e+02,3.313232578464558742e+02
2.593280149073111218e+00,1.652462856903590183e+00,1.090590833126818993e+01,8.691603206762296141e-01,1.174616452334902078e+03,1.175381991046496751e+03
4.801025051659586929e+00,9.032974440753602785e-01,8.049279042462035960e+00,1.175863922054382060e+00,5.905656378144753944e+02,5.910383868752470562e+02
4.515797862932337203e+00,1.014511163419481665e+00,6.692786099489787865e+00,3.253537600389193041e-01,4.345764228562118774e+02,4.339579733626338225e+02
2.507208001915159912e+00,1.699277153456336675e+00,1.013121117771597568e+01,5.868224689557361984e-01,9.599712093571170044e+02,9.633337224129678589e+02
2.421544709830905973e+00,1.234735778074576240e+00,1.757105925476243868e+01,4.599354338397803055e-01,3.474385900024324656e+03,3.472050213439932577e+03
1.182631325129662514e+00,7.348571973551791814e-01,5.084289526111331448e+00,9.379134647487374910e-01,4.498944360554484945e+01,4.494417869392068354e+01
9.608320769794448379e-01,1.748510018887286632e+00,1.301949305690262548e+01,7.790418566971410996e-01,5.882986679479740815e+02,5.871383062023954835e+02
2.107447636246751799e+00,1.949910081562781450e+00,6.757193158359667606e+00,7.457282439834792553e-01,3.813723256638564862e+02,3.834364117600381974e+02
1.465683450194399606e+00,1.663160038811742236e+00,1.569329281986039160e+00,5.487087384155383551e-01,5.449220419277107652e+00,8.310183433865669045e+00
8.087219391166023952e-01,1.360858251988801060e+00,1.003144586639483293e+01,4.302473945874705219e-01,2.536164171650065384e+02,2.561045948466270943e+02
3.809658840609053243e+00,1.836075426104021524e+00,1.468083507334437243e+01,4.513112745891566524e-01,9.770284742278459817e+03,9.771795556641976873e+03
4.825290320253828646e+00,1.806361947166731152e+00,1.958258170619928151e+01,4.436183688616289755e-01,1.174018201526096527e+05,1.173990149486566952e+05
3.593247715139196163e+00,9.216070279967796264e-01,1.961375514508732820e+01,7.118805167143955615e-01,8.553132837900962841e+03,8.557295303316055652e+03
4.583446151326452167e+00,1.804718113131194901e+00,1.093498788362231089e+01,8.062620834624202315e-01,3.589308378742363857e+03,3.590341770921513216e+03
4.416651235826019928e+00,1.453791171117668535e+00,1.049160661202619238e+01,3.808719804433737810e-01,2.011952941659631961e+03,2.011736015169638222e+03
3.407244661265108387e+00,7.699365698996052387e-01,1.898677785798994933e+01,7.092999589623444345e-01,4.460287015066999629e+03,4.460330016259229524e+03
2.851758101861137540e+00,1.615351895742489274e+00,1.942735122982277796e+00,5.942953752133169898e-01,2.239843409232498672e+01,2.171939582502178467e+01
2.110556266105192869e+00,6.995362197000603022e-01,6.414184395771037828e+00,7.683429445297890181e-01,1.337213952841486275e+02,1.345691564295962621e+02
2.727392790075326978e+00,3.192872204869182662e-01,5.834659215176402292e+00,3.603013389006644029e-01,6.471415476840741121e+01,6.533449038462862291e+01
1.945633781756744396e+00,4.629445735215564350e-01,2.282492014858319873e+00,3.735670727867617114e-01,3.488989866137232276e+00,2.768789774803827264e+00
1.274300047931030244e+00,2.861710928415664434e-01,7.529268923507617117e+00,1.136613114350938369e+00,4.116366792062639490e+01,3.602388504707543859e+01
2.728971523122326381e+00,3.198092992386927791e-01,5.390127689791817112e+00,1.077158433141242933e+00,3.925050103140647906e+01,3.918025836131053552e+01
3.475208787325999360e+00,5.411228164200887480e-01,1.032790569065954323e+01,7.342655985045243305e-01,4.598681735401465858e+02,4.608218454526256096e+02
3.133918040242657632e+00,4.061827298154051524e-01,1.314070362723775531e+01,3.736656247847155443e-01,5.474120980438810875e+02,5.484644337336657145e+02
3.820202568672446564e+00,1.017462056443893648e+00,1.685393826092025904e+01,1.021995538687867411e+00,5.661253211544287296e+03,5.660946281542735960e+03
2.011866185070172897e+00,4.741423807269729562e-01,1.920014781265320991e+01,3.725080064880194053e-01,9.249231868457998189e+02,9.258298163847266551e+02
5.004321825199805618e-01,1.579440323301432025e+00,1.584086259282002196e+01,1.067106212823222711e+00,4.135430269780797516e+02,4.155996648589537017e+02
1.456967856693168750e+00,1.356838571586008957e+00,1.560352395017277694e+01,9.509938785654460380e-01,1.110111139898473766e+03,1.109170639333346116e+03
1.803629186470137258e+00,6.619983060127707652e-01,7.688548407700326770e+00,1.136193817165602749e+00,1.573745910531073378e+02,1.603071491439445992e+02
2.988971901546759291e+00,1.875556733545934662e+00,1.438577747488602654e+01,4.358430289431396432e-01,5.036645876310122731e+03,5.032735559706480672e+03
2.252531819064168772e+00,3.665943064775569749e-01,5.598555324369761443e+00,6.742594284321328235e-01,5.029914830833315165e+01,4.777705124089501254e+01
3.459523461092395280e+00,6.403661136064515702e-01,1.967024284655953181e+01,2.363430549366383748e-01,3.915643716200132985e+03,3.913833426299382154e+03
1.507743133619298348e+00,8.638124127019997101e-01,1.500652473528299247e+01,1.230660506939183496e-01,6.596445458516506051e+02,6.547556124326995359e+02
2.606077780830960755e+00,1.816734072846688308e+00,9.842692661442693947e+00,1.039294104067087998e+00,1.002614119071032974e+03,1.000614593828967372e+03
5.101076504294301817e-01,1.208744780444756195e+00,1.770712413976024191e+00,7.392406290792993273e-01,8.333199086360287833e-01,3.330063859908792168e+00
3.588351790203871516e+00,1.441409680264917892e+00,8.239138012421467039e+00,6.913540717534975011e-01,7.401828863582261420e+02,7.426659444887312702e+02
4.394114442910282747e+00,1.399621169976176471e+00,1.565274378716473258e+01,9.793862722297913548e-01,1.098156066123509481e+04,1.098175537816054748e+04
4.363959294360196139e+00,1.788150843304878279e+00,1.792353148813763397e+01,1.602455418348409655e-01,4.502167932927552465e+04,4.502512133320899738e+04
4.436075295880855585e+00,7.019970603981950941e-01,3.481260512159923159e+00,1.290307372608550385e-01,8.199565096311718548e+01,8.247463140300956752e+01
1.382593954736461406e+00,1.608679422278111337e+00,5.890506362427526454e+00,5.149070949333474090e-01,1.732280392977899908e+02,1.722324153845574699e+02
4.916395798835189623e+00,2.814392988768096848e-01,5.220728089196077448e+00,3.830111789143577639e-01,7.631527519520948033e+01,7.679853673397511216e+01
2.981165249920621818e+00,6.038113839054891629e-01,1.607476404811460924e+01,1.150410639692815540e+00,1.283515336713208626e+03,1.283241043492480912e+03
1.335109057172972902e+00,9.405875042317999313e-01,9.752428409935593123e+00,4.278049339385542327e-01,2.739893352370122557e+02,2.754612021580122700e+02
9.097432810471234310e-01,8.032070830703832431e-01,1.708527111524674424e+01,3.864293639614704290e-01,4.690847936837726593e+02,4.660786924042658370e+02
8.193905471703455401e-01,3.439185197423215712e-01,1.516490409910777437e+01,4.027149151704187968e-01,1.610177103187551211e+02,1.630165402054175843e+02
3.366353011954200003e+00,1.878007865685710431e+00,1.195701002443109573e+01,4.365862145332878308e-01,2.963558502548159140e+03,2.962639449085781962e+03
3.328645754957912928e+00,1.496930687034067509e+00,1.204326293537789816e+01,5.960870516606386893e-01,2.068184085542849061e+03,2.069894731575869628e+03
4.040410168870710805e+00,9.612136849433705610e-01,8.669802555445563996e+00,9.848109962127020722e-01,6.239219764550716718e+02,6.208398960513789007e+02
3.463766950712028780e+00,7.385392371293042491e-01,1.721256502805736233e+01,8.690084492971351660e-01,2.821074795589367568e+03,2.820236278278463033e+03
2.837316228810196073e+00,3.582844392857089666e-01,1.232294680212013382e+01,6.461958567158810895e-01,3.762090925242445110e+02,3.763652189649449156e+02
1.232697406123922867e+00,1.690836051330704581e+00,1.243698705921643111e+01,7.266166696103478762e-01,6.728619651775186412e+02,6.746648704354209940e+02
3.805132311705862413e+00,6.734554827913674657e-01,3.809385763239293343e+00,5.469840844809726876e-01,6.783237236535691750e+01,6.539731022701320740e+01
5.182735062886676403e-01,1.902799198601327513e+00,1.287696770341683816e+01,6.040106040015218447e-01,3.513356859299742609e+02,3.546705744417917572e+02
3.471375346801563566e+00,6.994547678183735684e-01,1.930240081458412504e+01,9.208780866336483406e-01,4.215091695658652498e+03,4.216057022608659281e+03
1.243897882858093551e+00,1.974543025654643014e+00,2.045168033293353282e+00,5.071626955207576559e-01,1.666105832314708479e+01,1.560950748634087049e+01
1.214656252223504040e+00,1.692734038367431859e+00,1.091122662865045712e+01,1.090027218681515420e+00,5.068664882324679866e+02,5.093010923008441750e+02
4.577413920449077800e+00,1.474145105127544930e+00,5.842462479176951717e+00,1.075397965599631078e+00,4.393300471921361350e+02,4.395354692381814061e+02
4.672709594287544732e+00,1.970939996816938544e+00,1.478691396482730269e+01,7.687469292874140603e-01,2.158228439198855267e+04,2.158460098594997544e+04
3.741284364694098308e+00,1.064745877579263533e+00,1.057967842941270753e+01,1.129380031307304799e+00,1.047754288417524549e+03,1.052400584035018028e+03
1.528759737283037712e+00,8.305083285727254960e-01,6.923908450007351334e+00,3.830734275063601979e-01,1.427773667457817908e+02,1.443144235010989576e+02
2.612193675883301758e+00,3.695705870108657032e-01,1.417159473014837801e+01,7.107554842251138094e-01,4.772862142160420831e+02,4.762328552889019875e+02
2.057892174832987475e+00,1.754689605164256205e+00,1.268641290127912313e+01,8.020085742721223543e-01,1.403007866441606666e+03,1.402156451570824402e+03
1.029220466403075518e+00,4.235247407377588647e-01,5.693843832778044067e+00,7.639057384167364795e-01,2.774402915048352725e+01,2.890913784324045821e+01
1.565672646469998153e+00,3.395880527811926397e-01,1.639288281010936288e+01,1.114005757579672018e+00,3.460271691698055747e+02,3.466029800039930819e+02
7.608599247793101927e-01,1.246157612728274744e+00,1.254585450911080358e+01,5.744117531943808697e-01,3.298964174548316919e+02,3.282303575277256869e+02
4.875345226028058754e+00,3.253049682594469916e-01,7.804755698806001618e+00,8.478975572263269811e-01,2.121951169561866095e+02,2.108588979249346380e+02
1.563328324248600021e+00,4.699329244325559096e-01,1.245517574397684335e+01,8.783612126259101593e-01,2.687246695903173759e+02,2.700562336488817436e+02
2.242086364985224733e+00,7.436095267997195890e-01,1.274269363861050408e+01,1.076853101751527486e+00,6.075888228273222467e+02,6.122822195690448552e+02
1.609758673157769548e+00,6.850737745432411430e-01,6.561969465392820666e+00,8.493531868345464142e-01,1.050401037026709190e+02,9.977936894005503632e+01
3.430652431541062697e+00,3.838530755126099980e-01,1.364615008176577682e+01,1.048463280249009033e+00,6.123583541140467332e+02,6.138061863896921295e+02
3.031381958524455467e+00,1.089362424186099521e+00,4.388018672818410515e+00,5.720257343520527282e-01,1.310882505974592220e+02,1.306661562314158687e+02
3.945496077943722035e+00,8.497642127074582774e-01,2.622974033046260978e+00,2.541804750904892440e-01,4.231012115365063408e+01,4.386885058113100655e+01
5.513764211897297374e-01,9.662987196416235047e-01,1.421176652255392980e+01,1.185540492505336996e+00,2.457920048164152433e+02,2.475274475725457819e+02
1.421039080462622062e+00,1.371469404381336021e+00,1.096713013484250254e+01,1.110840039203326635e+00,4.919638134599720161e+02,4.920694896300491337e+02
3.194319778203333904e+00,6.431343004630800664e-01,1.664569359661282988e+01,2.985859748429687266e-01,1.762781445268238031e+03,1.760749498174193604e+03
3.094551185666098991e+00,1.735949711938798989e+00,6.049036538519747097e+00,2.631622463160067094e-01,4.025913934274003623e+02,3.997972896403943537e+02
4.209973503914387294e+00,3.781581313517508036e-01,1.239189282036610074e+01,5.969681343247612570e-01,6.213653364178292122e+02,6.176169790406428319e+02
8.624608905891113508e-01,8.897039360138394581e-01,1.499849206518620548e+01,4.162464224523045875e-01,3.823611445668412898e+02,3.848058357673111232e+02
2.170186218945906020e+00,1.443585408663086378e+00,9.161439821975442044e+00,6.279030956372015915e-01,5.497750893650785429e+02,5.493556846335645787e+02
2.316902627309000984e+00,1.318454193632670579e+00,1.854341663649958605e+01,4.220303223002418447e-01,4.498992447023544628e+03,4.497911897088827573e+03
2.808621148003289214e+00,1.477059066716311708e+00,7.889380395927321210e+00,4.770649730078245776e-01,5.353628967533584273e+02,5.348074579317055850e+02
2.081431486530287867e+00,1.903620426420415734e+00,1.671757338769010914e+01,1.688055541804307780e-01,4.483741049961180579e+03,4.481062114524387653e+03
3.806014061512575264e+00,9.294355339096433966e-01,1.966077899660805528e+01,1.172110219819877397e+00,1.031528008652621975e+04,1.031588931568526277e+04
9.694070124945336486e-01,9.859451053775540874e-01,1.237302982557673481e+01,1.001780496387973507e+00,3.249935262451491553e+02,3.276309292372367281e+02
7.728194694797220210e-01,1.916434731496725385e+00,9.675992880694652243e+00,9.302259072149873242e-01,3.030209798866249571e+02,3.052979011481668863e+02
1.910736345624659549e+00,6.212551929688061580e-01,5.846839278906490911e+00,7.091998710887256197e-01,8.727964117932836530e+01,8.414804303687292020e+01
9.021576126020903752e-01,3.741635767251095812e-01,1.015730170205550742e+01,8.348058758077174790e-01,8.245432858496536710e+01,8.518135235258327498e+01
2.265850898353459542e+00,1.461375430258129882e+00,1.125019890280931634e+01,5.805065984074456731e-01,9.298841717531790891e+02,9.283556979637264703e+02
3.102936963242735935e+00,1.712590406137795229e+00,1.034514507899558566e+01,6.225027080265855828e-01,1.369084434132521437e+03,1.365258529602035878e+03
8.788533511387194297e-01,6.602307931144080211e-01,1.916687789149199617e+01,1.024434340042120528e+00,4.720849303875378951e+02,4.696259859167166724e+02
2.569081501737336293e+00,3.052197618144454339e-01,2.833912674673138454e+00,1.152782363400339127e+00,-8.640478084663122615e+00,-1.057350630715323092e+01
2.998929372925786208e+00,1.417330478042316377e+00,1.090579361549157866e+01,7.871890606975542326e-01,1.192125506082161110e+03,1.192111610401481130e+03
3.040426787942763109e+00,1.787130167565065930e+00,8.891523284984529596e+00,9.903333705707972889e-01,9.195302084801926412e+02,9.174662575342201762e+02
6.359122012293874082e-01,1.763143245554769534e+00,4.176099403942672872e+00,3.158692563360942507e-01,4.410337865124360235e+01,4.108288772968374758e+01
3.979554312299526941e+00,4.181472684501260084e-01,1.530616943120902995e+01,8.831727858552049781e-01,1.116093643952084221e+03,1.115564655881821636e+03
3.748974854345298979e+00,8.622286934547351844e-01,4.153306141679044217e+00,3.600069610153847632e-01,1.169789499660681145e+02,1.208267578516552589e+02
1.836550303136595730e+00,1.156792810884806011e+00,1.165635607394472029e+00,1.192688892447532067e+00,-1.061533870212006647e+01,-1.202004046689726735e+01
2.621054437041399954e+00,3.363401896960759307e-01,8.035060860441076258e+00,2.657888936427950100e-01,1.392800569764053193e+02,1.402085640073048012e+02
3.826318457519338523e+00,7.417143203640548244e-01,1.583261696826868103e+01,5.456960541979323231e-01,2.500909765613072977e+03,2.501069659275532103e+03
4.253336288591344605e+00,8.491945191724115105e-01,2.858027666368075259e+00,8.928548113888731264e-01,3.456099003075176768e+01,3.987712545914091322e+01
1.614723880765749797e+00,6.346053564497160515e-01,1.986476056822235847e+01,7.269006137152547176e-01,1.022080394668294275e+03,1.018283878348975350e+03
3.968744433677783512e+00,1.068045279782166013e+00,1.035471691042960884e+01,9.449666901657221008e-01,1.077264624818991251e+03,1.079455388113421122e+03
2.408892663066113826e+00,1.161503306987161643e+00,1.927586268758565424e+01,1.043725752939687057e+00,4.603837294460844532e+03,4.601274524469244170e+03
4.789222196166671885e+00,1.325568826130310685e+00,9.325179713308152429e+00,1.170990771650741724e+00,1.352399335421144769e+03,1.351214504913104520e+03
4.452644727573865424e+00,1.693023941657590292e+00,1.173061416308858185e+01,9.097294184952307017e-01,4.050853200748962990e+03,4.050659837442176013e+03
2.110961853986329295e+00,7.536676039404319738e-01,1.985949275227809618e+00,1.138051093051408724e+00,-4.987793614724164826e+00,1.384378788871916122e+00
2.119246314001118847e+00,1.204306119501290073e+00,1.174153459306861436e+01,7.808337445763148255e-01,7.698408641780200696e+02,7.683148535574533753e+02
2.686261376295058234e+00,4.689188239368602962e-01,8.098129467765188494e+00,9.097060929621532122e-01,1.852797869672361060e+02,1.815020187407394303e+02
4.822901585027149274e+00,1.250414404956035286e+00,1.151474939548764098e+01,5.455204280932596239e-01,2.620383246353200320e+03,2.622977973553882748e+03
1.147912435390708197e+00,4.284356216393285788e-01,9.947314124694303317e+00,1.762403811743935012e-01,1.218331821740418093e+02,1.201547099573815984e+02
2.970055699305769181e+00,1.458744698670202622e+00,3.122083629393295645e+00,7.772099513330809062e-01,7.502051311744753548e+01,7.453461241006614557e+01
3.414698394995105080e+00,5.702370581684577111e-01,5.438261607149949661e+00,1.071236185201187574e-01,1.361710475568619927e+02,1.361229639109734819e+02
3.740247834910663371e+00,9.953785652700204434e-01,9.415214459565380167e+00,1.153333042843972089e+00,7.182500070196929300e+02,7.184439845908547113e+02
8.020168283210662441e-01,1.831092246907911392e+00,6.290130063007127958e+00,7.768931378104225738e-01,1.331711556143667678e+02,1.328308783576529777e+02
3.196918929334556569e+00,5.510262296438628304e-01,1.470213021256572006e+01,1.199187402759261944e+00,9.850305312299121852e+02,9.855660441018602569e+02
2.526984654965958921e+00,4.266319660738218111e-01,7.644848601366438956e+00,9.437896863824998261e-01,1.387577677927038167e+02,1.395324869971753117e+02
2.027376016414462967e+00,1.518979500489656020e+00,5.870251950053949841e+00,3.917865915462905857e-01,2.321692407592312861e+02,2.338770863956671633e+02
4.867410854280762145e+00,1.263243818968912136e+00,6.916074291600243562e+00,7.107258360227118876e-01,5.998597993105382784e+02,5.990053330387389678e+02
9.771310482379043094e-01,1.778491082158910830e+00,1.965360474657421719e+01,4.008898579185283806e-01,1.708795378840184867e+03,1.707297918553475029e+03
3.689113021122074176e+00,4.729342490823024714e-01,3.281118356728611740e+00,7.891547208875879793e-01,1.800504083610238482e+01,1.587794027876827663e+01
1.419622080396215180e+00,1.930717607672362890e+00,8.442399439079103729e+00,1.042898914393679988e+00,4.036652292000165971e+02,4.048506470003549680e+02
4.766460302631284840e+00,1.337155505692494861e+00,1.717000718933561743e+01,6.946429530722728618e-01,2.136190718513861066e+04,2.136181458884821768e+04
2.751415515919119592e+00,1.896663317008060456e+00,1.416147179667502920e+00,4.212596132844882435e-01,1.137915085410349114e+01,1.248555999695915730e+01
2.540244160966339315e+00,5.381801201524920586e-01,5.115357405693426784e+00,6.117769154069623294e-01,7.272742393481939871e+01,7.380381641845113450e+01
1.618257560053427024e+00,1.750918144723073722e+00,1.791909926340290227e+01,7.165721100215983741e-01,3.003661242145154119e+03,3.007032996011863361e+03
2.902007265511294065e+00,1.347468020625877561e+00,1.003607417510167821e+01,8.641295937825570483e-01,8.631709450149141958e+02,8.635859552060483111e+02
4.389480302184470162e+00,1.225938451956875230e+00,1.459949109700515102e+01,1.104565078186415805e+00,5.737116213290544692e+03,5.738620955923925067e+03
8.243297654518725315e-01,1.822799843585476642e+00,1.844870124345979789e+01,4.519106059783182250e-01,1.136902664151793033e+03,1.134497484499203438e+03
3.462019257891569612e+00,1.805619936665704417e+00,1.713433530635228053e+01,7.254491835382697040e-01,1.704070318234704973e+04,1.703854257899467120e+04
1.159494741325334255e+00,1.880154134101026608e+00,1.554704310152277458e+01,4.185971997618976870e-01,1.197050683116226992e+03,1.196427207624618177e+03
1.512817132949807686e+00,1.849715148952012500e+00,6.044136083703028461e+00,1.393328472329870282e-01,2.292762648283952274e+02,2.268428294767663260e+02
4.342336239349707583e+00,9.598893453443444468e-01,1.887757115611828596e+01,9.918123486098652242e-01,1.281136975085004451e+04,1.281274893728562711e+04
8.252220336346154372e-01,1.224181300929673144e+00,1.557896925580094027e+01,8.350184763970011081e-01,5.159740099605928663e+02,5.133079043840442637e+02
3.792518974408094490e+00,1.806987598787959559e+00,4.524245150181693376e+00,8.486319154714707658e-01,2.675221169183587335e+02,2.676588829558301654e+02
7.603390569046066805e-01,4.876565073775457893e-01,1.504742558781143558e+01,1.322548745069357934e-01,2.053776909616724140e+02,2.004614997186732239e+02
2.792944742093365740e+00,2.640252075818670940e-01,8.570341214518817807e+00,1.376987613261638210e-01,1.378935060385347242e+02,1.356839465917240375e+02
3.305785943755056078e+00,5.095045069518280290e-01,5.210478877905393880e+00,6.925263483114060259e-01,9.077594709065753875e+01,9.009787641811963965e+01
1.161493414980090844e+00,1.067584924664271906e+00,9.128448133112758711e+00,4.969795643618274417e-01,2.380813080186179604e+02,2.375632286448875163e+02
4.109493170955540009e+00,6.305019938096353416e-01,1.184301460278256890e+01,1.153641820487950609e+00,8.907144560784649912e+02,8.871311645917323858e+02
1.494548509915158752e+00,1.189197165142644064e+00,1.259185739371681212e+00,7.214293302276398867e-01,-3.682167356246392131e+00,-3.464829198061463611e+00
2.640571186087449895e+00,7.188524076199362955e-01,1.752656990964735684e+01,3.249419596570043423e-01,1.757802618068900756e+03,1.759752346126307430e+03
1.581265450819108409e+00,6.345088030637853205e-01,1.557033167089879022e+01,3.731532706725758652e-01,5.598190690147180248e+02,5.611155498251932841e+02
3.936136650848309770e+00,6.610661673341982070e-01,4.124988023330771192e+00,6.730979791237337029e-01,8.048561860143983893e+01,7.916845247256402729e+01
1.630135939086799102e+00,5.764480148041053464e-01,5.428811700552853559e+00,1.578786271665509056e-01,6.515553801901101849e+01,6.398094434267394348e+01
1.679821693370249003e+00,1.985342638649638003e+00,1.271416856965263520e+01,2.711078193616540677e-01,1.242278687131286915e+03,1.239906086567887996e+03
5.547954955730768356e-01,8.656221187915924542e-01,6.395992524289675352e+00,8.537451523000464393e-01,4.431646429022140410e+01,4.557604027944532277e+01
4.549269191794094169e+00,7.715352209349530810e-01,1.290324593986132484e+01,4.343682230298773206e-01,1.741910425531530109e+03,1.744793743207033913e+03
6.511863324060167546e-01,2.869561047238227691e-01,1.760084696513054681e+01,7.884217914973985497e-01,1.423211055909184211e+02,1.412691946399173730e+02
1.915639014409082685e+00,9.902781306151737795e-01,1.456468075752587232e+01,1.399705078793702373e-01,9.426791358181469604e+02,9.392834996842514101e+02
3.411532229929507221e+00,1.545124701163472114e+00,7.649426495499072942e+00,8.060756049529013145e-01,6.295145920460317939e+02,6.299146005312416037e+02
1.994385802164887256e+00,5.690863809104872439e-01,1.565356212801089519e+01,2.344886593340304581e-01,6.669055576086092287e+02,6.683210964568222607e+02
3.187427449510884525e+00,1.907228682788546292e+00,9.553102650370707494e+00,7.302425884902361553e-01,1.292883825790008359e+03,1.287439578090558143e+03
2.140541929018827005e+00,1.502949493869528474e+00,9.259368620863778432e+00,9.158377968582598339e-01,5.713449539000998811e+02,5.716216659793642521e+02
4.459780053914224496e+00,1.638790372122798544e+00,1.932923150133535106e+00,6.392847484366022126e-01,3.344183347345440183e+01,3.777060743281608524e+01
1.215406473315404634e+00,1.238988637432248519e+00,1.479203044727824867e+01,5.798689672812820106e-01,7.084778877044888077e+02,7.101191829233481485e+02
5.828469403221256950e-01,1.692692561069496504e+00,1.458776692659668228e+01,1.041504982566071380e+00,4.364112484399956884e+02,4.375121660418406009e+02
9.486500164908027166e-01,5.284242894050177330e-01,6.287551956182754864e+00,8.846054719383361631e-01,4.186865734200637235e+01,4.267289989665650296e+01
2.857964166612559698e+00,1.090955794866212303e+00,1.596055542059454346e+01,5.075096783771124720e-01,2.682072866259723014e+03,2.684196663902312139e+03
3.165209148288992136e+00,2.552783658016212209e-01,1.989708350275660109e+01,4.929566921209233010e-01,1.007819640753822569e+03,1.005937306246208664e+03
4.252562682684887463e+00,1.200667126092290538e+00,1.826748303149891939e+01,3.264045621101020478e-01,1.689189138734964581e+04,1.689020071174477198e+04
4.795915918544089607e+00,8.161154877840670618e-01,1.890823659889223762e+01,4.064044542290026207e-01,1.189701287036477333e+04,1.189782800898256210e+04
2.305869911937112882e+00,1.209831343519190083e+00,1.624711678981124408e+01,7.087640736477247572e-01,2.241036372653823491e+03,2.239665713964842780e+03
4.206628285061134065e+00,1.783448081746008107e+00,5.609618162264861319e+00,1.017535710731133358e+00,4.461259888046738524e+02,4.466433936451034583e+02
2.323263860822035731e+00,9.391680675406415268e-01,1.796011142505313529e+01,2.640755327851336265e-01,2.234374737783899491e+03,2.230549612816638728e+03
2.167956607761045262e+00,1.189963254760075806e+00,1.781353484444682067e+01,9.395577771060875660e-01,2.740066903856414683e+03,2.741582813183843882e+03
1.097124296266444032e+00,1.944105301613311854e+00,7.661737808569298203e+00,7.454224880623047111e-01,2.734011784830253191e+02,2.750951213074249608e+02
4.408940225809362623e+00,1.271787136174639565e+00,1.544550530117451714e+01,2.152475406317084783e-01,8.357003080442254941e+03,8.357090436246449826e+03
2.012482687168656081e+00,1.691733055201765756e+00,2.378594650886859618e+00,2.446335096309366075e-01,3.807569646948397946e+01,3.840454235178017228e+01
3.410109955008576055e+00,1.446027834539930446e+00,4.035391688815721523e+00,2.593588208305638299e-01,1.711727481536405548e+02,1.744140503250470431e+02
2.827244655055289435e+00,5.770739716988584345e-01,5.420633374734402210e+00,5.235617558852982967e-01,1.028496954046573677e+02,1.006835061488933576e+02
4.985768862192117901e+00,1.841864891410197158e+00,9.899761341501164935e+00,7.491838054272561553e-01,2.941645488810184361e+03,2.939819175497613742e+03
1.650352920009684254e+00,8.422871919788745831e-01,5.863895271446753377e+00,8.257235180751952841e-01,1.040567185116410940e+02,1.018691059238101815e+02
2.981743905197032252e+00,1.748942857050199029e+00,4.901446334340358035e+00,4.507815498593913395e-01,2.580547556276077330e+02,2.572052952850966676e+02
4.053345157046660319e+00,9.965176053339062090e-01,1.122220535245073592e+00,3.904013736357525577e-01,-4.357564101885241570e+00,-6.379863943901983525e+00
1.359864498415663592e+00,6.154677000916298768e-01,2.591785043358749707e+00,1.131648603623959692e+00,5.930740899419957302e-01,6.671710443198747287e-01
4.204282105173458461e+00,1.349089050052107330e+00,7.925903550027458166e+00,4.856493482669181905e-01,7.616580825879507302e+02,7.603566089759525539e+02
3.011763795449994952e+00,5.868858657217163044e-01,1.046188663732154822e+01,7.179696316988620763e-01,4.399877923567098605e+02,4.370894941173991128e+02
9.658358122372880938e-01,1.490767317827146332e+00,4.961121714315261499e+00,3.578698502154024075e-01,8.114533806412680406e+01,7.804498259177732677e+01
4.856255453381686849e+00,2.688898816875658349e-01,3.885162790846609759e+00,2.692811901402254460e-01,3.461476652401140797e+01,3.703808073777427268e+01
2.353332047722553888e+00,1.299894933637998129e+00,3.829221039342527000e+00,2.261908971752423503e-01,9.837447099394262295e+01,9.823671335803553006e+01
2.639327822460801443e+00,1.488713510897587300e+00,1.307444990698639664e+01,5.235978957540976531e-01,1.825595289006751045e+03,1.825140613358081964e+03
4.030080274221505832e+00,5.813909550430043094e-01,1.678188162669598427e+01,8.004413352338602961e-01,2.384128679504711727e+03,2.384181818675517661e+03
4.840867814977059425e+00,3.115688662209768478e-01,1.815760280176724351e+01,1.183191397055436189e+00,1.876353536886228994e+03,1.876188812654540698e+03
1.604923368153280627e+00,1.319136516529706649e+00,1.286832589657655923e+01,9.075806005614114325e-01,7.555795847392088262e+02,7.570918106103734999e+02
1.112744697450474440e+00,1.875758861414834389e+00,8.820530983819303117e+00,8.707932672154506948e-01,3.458415648049307265e+02,3.469660828613211834e+02
3.851289028853696728e+00,1.881553081149695439e+00,7.767273127935174770e+00,2.568065786733572109e-01,9.439038476062939935e+02,9.427244321135862037e+02
3.546668785519884182e+00,6.066727904462030363e-01,8.535168476611920241e+00,7.623256196791465822e-01,3.471515225585200710e+02,3.455044684440935043e+02
2.509342444394165206e+00,1.948893290710970838e+00,8.385510340933160833e+00,5.461030151853520920e-01,7.087284315245721018e+02,7.065549899474499398e+02
3.414231046803260394e+00,5.249467877768223545e-01,1.463078256124990340e+01,3.471389397093855855e-01,1.029050883472905298e+03,1.026548620880482076e+03
4.748674912877757670e+00,1.121411505397081676e+00,1.689266914079659188e+01,3.641449277834627463e-01,1.259277436816495356e+04,1.259557865944509467e+04
4.288599402754863732e+00,4.920813141328701512e-01,1.554131409303340483e+01,1.040433323760888706e+00,1.602983232159841464e+03,1.601150153690512525e+03
3.056988709996418141e+00,1.611837306156219007e+00,4.306100622914467380e+00,4.017069290872837817e-01,1.911144499679508044e+02,1.870763583808675037e+02
4.588820459842890109e+00,1.864907119340835528e+00,8.744780402304872524e+00,2.596607962737610409e-01,1.675417734991227007e+03,1.673730766067511922e+03
4.608101623198341379e+00,7.851676495605743877e-01,1.269452372795293194e+01,5.093112449854764190e-01,1.722878495583095173e+03,1.721301772194471823e+03
3.970200303243580642e+00,1.922769190063337907e+00,4.704003056436503627e+00,7.045673413063174850e-01,3.222658227590294473e+02,3.229255259873490331e+02
1.033524300064409651e+00,1.394322499898859702e+00,1.056224017151571326e+00,6.380869278976235570e-01,-2.648179052384599608e+00,-4.420144223955358775e+00
3.027690143079395657e+00,1.540629881522256328e+00,8.813407994591287320e+00,2.679391154474096703e-01,7.780162746694152247e+02,7.790857808034885466e+02
3.232700998730426267e+00,1.609876162568399494e+00,5.933661458877230288e+00,5.011485567906958094e-01,3.711376235766877016e+02,3.719146775258907951e+02
4.457006542708205288e+00,1.915588158303958899e+00,1.885639185589111833e+01,9.533448345625374909e-01,8.147880555367933994e+04,8.148133921271540748e+04
2.823034547445158804e+00,1.397421502459211817e+00,1.010562136634062469e+01,5.967348511978640691e-01,8.890799445568748069e+02,8.934139307150218201e+02
3.256653991021790873e+00,1.412357979935035424e+00,3.202079228716248505e+00,8.538573269749647476e-01,8.243212251852192196e+01,8.812993076878377963e+01
3.718237521640168630e+00,6.702146607962207181e-01,1.730033303405782164e+01,1.198074482683040287e+00,2.841843187078388837e+03,2.844544856364154384e+03
8.774208215682834933e-01,1.850566053599394634e+00,3.201142701652713196e+00,1.347559315009395908e-01,3.695605511952987854e+01,3.463665447697662358e+01
7.535432467551335112e-01,1.581704467452063056e+00,5.956938446032265411e+00,1.489595676625617982e-01,1.009428986101478642e+02,1.001344998241447968e+02
6.367902189146972258e-01,1.896961787238220731e+00,9.931863354597433968e+00,1.071204261639427280e+00,2.656440284168185144e+02,2.661393207028411325e+02
9.807595854266654145e-01,1.342495999545227914e+00,5.029781747833956373e+00,7.516234884194495924e-01,7.311304037009637113e+01,7.724929537808900193e+01
1.649678658209308812e+00,6.167170117724691814e-01,1.030647271084092509e+01,1.013297867578881517e+00,2.481284094224621413e+02,2.494816500876565044e+02
7.177405595969448271e-01,1.352198643900460961e+00,1.341436134894891907e+01,6.447528336759439371e-01,3.767656425246622121e+02,3.791723873338677890e+02
3.184008544841725019e+00,1.197621046571585079e+00,2.687936409629105849e+00,4.567362204210041465e-01,4.822505410295053707e+01,4.787715033972693135e+01
3.075301329273631978e+00,5.232752755575542647e-01,2.960968624050809517e+00,8.158124676352385141e-01,1.039955903084236155e+01,1.158012802346369519e+01
2.548811567346986440e+00,7.543468582324923677e-01,1.678342081308656475e+01,4.318699802652092856e-01,1.531027191841891863e+03,1.532463576353832423e+03
5.402720913899462518e-01,1.950700750355011337e+00,1.818446926347237635e+01,1.155959754917376126e+00,7.027661197692608539e+02,7.018535027783347005e+02
2.836322425207197462e+00,1.974315078430901815e+00,6.703774379519023441e+00,5.070745380658383539e-01,5.033084577661855405e+02,5.048631136934942560e+02
1.068658804338108892e+00,1.165384656513505979e+00,1.589296581616231485e+01,3.984027871162115764e-01,6.763742960825927639e+02,6.785159172700452928e+02
5.229755579666930387e-01,8.810203562707747960e-01,1.039720201100865715e+00,2.919523913405546178e-01,-4.274637064586334079e-01,-7.441951759702651881e-01
4.083023256729918948e+00,1.495552933516657967e+00,4.878375431166832144e+00,1.566617550480962628e-01,3.034667454079307163e+02,3.055030384761683422e+02
4.597938551538057084e+00,2.651846193057710854e-01,1.812013094773100619e+01,5.650453924428510133e-01,1.410938672938437094e+03,1.414234582359077422e+03
8.254404383465852035e-01,1.878038991776824318e+00,1.137888224525996250e+01,3.383917627753017521e-01,4.244188088310106650e+02,4.245514087079642991e+02
3.465491673114607707e+00,9.918862668519334846e-01,8.050189864166700460e+00,1.116427624686737730e+00,4.623239609964202259e+02,4.623246053519736734e+02
7.397910230626032480e-01,3.429494866413756449e-01,1.401492479516482348e+01,4.874837584143120184e-01,1.234627933044506563e+02,1.228435587143977727e+02
3.119849401831986668e+00,9.299979383690719636e-01,1.567912011995494836e+01,3.712800891335975573e-01,2.313843640672185302e+03,2.312605021758133262e+03
3.307602338247634943e+00,1.556306849197280240e+00,1.347545156879349904e+01,4.852565211026980130e-01,3.335681654441623323e+03,3.335993956734914718e+03
3.140384088494091230e+00,2.372806089768907389e-01,1.375453203389180423e+01,1.040943782494067271e+00,3.584330318752834046e+02,3.576093781716290891e+02
4.956350482346156383e+00,1.792008947403941566e+00,1.535647262818244840e+01,9.344683806905896839e-01,2.548997758509558844e+04,2.548935362377878846e+04
3.261431090530978683e+00,8.586771280990173061e-01,7.298881156607684773e+00,1.177776434263136940e+00,3.109027133366262206e+02,3.093557307883055500e+02
1.247600585028786568e+00,1.064975805054430236e+00,7.847846566795605661e+00,8.059493474539612956e-01,1.870445245544776753e+02,1.839724283545623962e+02
4.697649098406522228e+00,7.779581861036148904e-01,1.028047122840451078e+00,5.448644215088876974e-01,-1.572591573581718727e+01,-1.760040391926979808e+01
1.845550992709714899e+00,1.268932451366317382e+00,1.860994481706098824e+01,3.548379736681035457e-01,2.635920099675374331e+03,2.636578094535288528e+03
2.927417119625496333e+00,8.319774897974616668e-01,4.435774210697543296e+00,9.753801148042183788e-01,8.937101552856296394e+01,8.700473878070931733e+01
2.446304818411030535e+00,7.854863022177307474e-01,1.131556436168846780e+01,5.822896566125684847e-01,5.501158991646418599e+02,5.488199513775006153e+02
4.130324876436000991e+00,1.155407163020036876e+00,1.806250563934993636e+01,5.712541539379120126e-01,1.325295896021326735e+04,1.325624328046716801e+04
8.780137188014152105e-01,9.231441727405496067e-01,6.117792974531623074e+00,6.516242469722984820e-01,6.908659458756763172e+01,7.133962611652201247e+01
2.154258395130068671e+00,1.775770918267502330e+00,2.755002465336767514e+00,8.951969837936313290e-01,4.874200494649598170e+01,4.735517284176672348e+01
2.492219944772419371e+00,8.118443279026119619e-01,1.959740791060261955e+01,4.798198750882856078e-01,2.842482227063304890e+03,2.843688985916855472e+03
3.188362226466385785e+00,4.195941768786347059e-01,1.680741060490752403e+01,6.530779389964478376e-01,1.067867549300088285e+03,1.066566977411074049e+03
4.585585621275969359e+00,1.431942451093049407e+00,1.308068226076868790e+01,4.925369336681756360e-01,5.156868630297233722e+03,5.160123808630428357e+03
1.856741615900221465e+00,1.578122854388139151e+00,1.553186565242613604e+01,1.134649515662651265e+00,1.940139058824938502e+03,1.938967671434263366e+03
2.054915093581666241e+00,1.884292810515821426e+00,1.277253274789135418e+01,4.522218586181627753e-01,1.577799041991406057e+03,1.577962475392127772e+03
3.524027573665306168e+00,8.814408370987050212e-01,7.049201199323269051e+00,9.723904377120334841e-01,3.211258525995258424e+02,3.238954698320252987e+02
1.440308379396192384e+00,1.010073932106045680e+00,1.228671261211827392e+01,4.711381141387238625e-01,4.789481648189922112e+02,4.772924113000196371e+02
2.794471369823853912e+00,1.518302870618075451e+00,1.843944555689884268e+01,8.623144287139705710e-01,9.352162083813404024e+03,9.354771152228680876e+03
1.938744810083624426e+00,9.782766865810526014e-01,3.412331724382775544e+00,4.408281448437697536e-01,4.296911903232083318e+01,4.133421635317795761e+01
3.306875446985628297e+00,1.995199874542381124e+00,8.340422872911954499e+00,5.711842503604248611e-01,9.916795864788035715e+02,9.921559779685443345e+02
3.112562254648340687e+00,1.061914961568651838e+00,1.992206695145595674e+01,1.044759803525123099e+00,8.578265472381110158e+03,8.577674242995419263e+03
3.586598127488657362e+00,5.139165925072906038e-01,1.959349696422498255e+01,2.651664403392818836e-01,2.901446156964975671e+03,2.901269146891768742e+03
2.433633249866312909e+00,1.621714927748942214e+00,2.597312487139211701e+00,1.916621693518301417e-01,5.502812509884712000e+01,5.534830569890484497e+01
1.551408739496760614e+00,3.939289650483949190e-01,3.377769444143937427e+00,9.066113573618124200e-01,4.200254807871246499e+00,4.051566023754238799e+00
5.657788693802510149e-01,8.266711489270954782e-01,1.325077034040428181e+01,2.775768208522735314e-01,1.964302855750441665e+02,1.943956187567969494e+02
3.207192952591329416e+00,5.062724772336936185e-01,5.029783529054862257e+00,2.308194760812027624e-01,9.269825975051404043e+01,9.443141939733111201e+01
1.511666150295346345e+00,1.596432767909924610e+00,4.732027189783609700e+00,4.297000540430364612e-01,1.200793237721378546e+02,1.215204024300354035e+02
5.217182414688372738e-01,1.694349474222166752e+00,1.659769681467430757e+01,4.355609986582639204e-01,4.990015190814776815e+02,5.015811921299439859e+02
2.187629345283490956e+00,1.564831638996077912e+00,1.691599893519615350e+01,1.136125412929819944e+00,3.630820804890939144e+03,3.633590701204597735e+03
1.733592997254636892e+00,9.721143856691278895e-01,6.099311079219409848e+00,1.028125877367955132e+00,1.359160571984012336e+02,1.332281215458508257e+02
3.572312260044403942e+00,1.584428928474943543e+00,1.995977752171820185e+01,3.579610058690106955e-01,3.423841117923672573e+04,3.424098220180982025e+04
1.840076779825794429e+00,1.827112117648564737e+00,1.328442159149058099e+01,8.046356886237268080e-01,1.434757142694668801e+03,1.437352612042229794e+03
2.154469395992902214e+00,7.852618271495097613e-01,8.889900171715243715e+00,2.771892952367196461e-01,3.069791968226605832e+02,3.059147104355453735e+02
3.757607203653062555e+00,8.171733124011497651e-01,1.711579618304275030e+01,1.100596712591387139e+00,3.877852370053337381e+03,3.879927179265077484e+03
3.533694812672213637e+00,1.728308700258171626e+00,5.990412571696533739e+00,9.016713797920391515e-01,4.258009882829558137e+02,4.287374506261467104e+02
1.223290653802856509e+00,1.734709553501759816e+00,1.919331329889944016e+01,2.865751835156868932e-01,2.243946736340484222e+03,2.242869065333473372e+03
3.140651954864016826e+00,7.991275249504468103e-01,1.752685946838890629e+01,2.326830728779729907e-01,2.839990391116572027e+03,2.837232872418125226e+03
4.697753824165048719e+00,1.287889730744508965e+00,1.979791539349489327e+01,4.763264859508582472e-01,4.566284030337781587e+04,4.566212123032539239e+04
4.592083683460814747e+00,1.302640650955890100e+00,1.457735792448402279e+01,1.158473903294431118e+00,7.221350637983599881e+03,7.226936052112424477e+03
4.322221719522716832e+00,2.348247792845000737e-01,6.479602218518659917e+00,7.879646344282369430e-01,8.006545665490983765e+01,8.053797756051042711e+01
1.769061058145817045e+00,1.281130535423512296e+00,1.643478939060412358e+01,3.824451530648504960e-01,1.609044614064744792e+03,1.606616195161255746e+03
4.818151137769854486e+00,1.802599986733708359e+00,6.463269298061813828e+00,1.057919669067634905e+00,7.173282356426792603e+02,7.168223410978653192e+02
1.398422741007099290e+00,1.651937204011313831e+00,9.031647045737122070e+00,3.417151772971691592e-01,4.020136202004537154e+02,4.000255157712604159e+02
2.308460598888030013e+00,1.656193981310410068e+00,1.411736598378394625e+01,3.424519521501812047e-01,2.210303272105240012e+03,2.209504710913606687e+03
1.013603712689717495e+00,1.827601177575686853e+00,2.577471052773826710e+00,9.307019795048556698e-01,1.964361584031237484e+01,1.983390407742604467e+01
3.045251002048938282e+00,1.316829392420684419e+00,1.822638293000470000e+01,1.052463502230412074e+00,8.071314205195541945e+03,8.066191011185657771e+03
3.751935077603421931e+00,1.639946632051339837e+00,1.902697864255025095e+01,1.174712862137332836e+00,3.230250481488789592e+04,3.230322561645085443e+04
3.594353345400043587e+00,1.931241209156810079e+00,1.883348392308087327e+01,1.412821320435871941e-01,4.067249342888461251e+04,4.067532276815867226e+04
5.323441052125629236e-01,1.693136396660250398e+00,1.728899191459945683e+01,1.054158010831970582e+00,5.462746993426833342e+02,5.458799617319903064e+02
4.921109130164720291e+00,1.250104899040843653e+00,1.154230810335059587e+01,9.711488297111334766e-01,2.734191936169298060e+03,2.733426546323488310e+03
1.895044113141953090e+00,8.908542437783368850e-01,5.507106339702058762e+00,1.001194876252040844e+00,1.074311582986324538e+02,1.096183391904621232e+02
3.836233662289761259e+00,1.228323594499463933e+00,2.134530481837279670e+00,1.148330037560623351e+00,1.309377763119492499e+01,1.056050037907597705e+01
4.669711858971862917e+00,1.695439207144000315e+00,2.072537958612220343e+00,1.211517241120787236e-01,6.871178512360810942e+01,6.622000476139096747e+01
4.010751127235371527e+00,1.930187129519182143e+00,9.874118097303959729e+00,5.140105350178575394e-01,2.106112053367678982e+03,2.103330981242285816e+03
2.854581993684687014e+00,4.041540385911763789e-01,1.242939749936787663e+01,4.772311418935669680e-01,4.336894891443693041e+02,4.333747332306380144e+02
2.923964022374397231e+00,1.390490928618979716e+00,1.897972136959861889e+00,8.193878936423949488e-01,1.108988420631769145e+01,1.187793816155209292e+01
1.146979483767200936e+00,1.120915422829307229e+00,1.407127051192169276e+01,7.705742944479864187e-01,5.437672836211111189e+02,5.435861377329913466e+02
2.219328303798263846e+00,6.886862595604535953e-01,1.434644047358358598e+01,1.120551717531915292e+00,7.312483384961470847e+02,7.323478909427432200e+02
4.201258890876744090e+00,5.845550303498998623e-01,1.334711746137289090e+01,5.901742130848550705e-01,1.198355489133111178e+03,1.200016983533036182e+03
3.565325742894851047e+00,1.689546636854909023e+00,9.061843527870358628e+00,6.666490945140980395e-01,1.120463581166605081e+03,1.121456751701148050e+03
3.485855021453868829e+00,5.602512526018472716e-01,1.034948989571303279e+01,1.017139245517150403e+00,4.723308976220250770e+02,4.707135900089425604e+02
3.566436932442687890e+00,1.838241807061992583e+00,1.824075089603895705e+01,3.945102410952429084e-01,2.847168143621056515e+04,2.847114526083229430e+04
2.072938032616189918e+00,1.388820173385990175e+00,7.231529995180189907e+00,2.781309797895376024e-01,3.271828683059314926e+02,3.296793626963523707e+02
4.910913681732476554e+00,4.746581041457074712e-01,9.380290634200225242e+00,1.009033288309459930e+00,4.644479009402712677e+02,4.623545277538240157e+02
2.013342245844855327e+00,1.579422008313970061e+00,1.546400448662342875e+01,1.454593592269246005e-01,2.221865372195615237e+03,2.221358524786643557e+03
1.342086660987537039e+00,1.127931526374489124e+00,6.990961911679333340e+00,5.568193850269880230e-01,1.699642048314488534e+02,1.691296572041191837e+02
3.509231634969705471e+00,1.191958265465932421e+00,5.826285436860681344e+00,8.382678283823395970e-01,2.872582097091109290e+02,2.868980323911889627e+02
1.261364053885977832e+00,1.712335549040618021e+00,1.690486429398260526e+01,2.873251497503419571e-01,1.526627747173653916e+03,1.524476410190190109e+03
4.888729078596241173e+00,1.969887423105694202e+00,5.328102853438423381e+00,1.005287939473699987e+00,5.067667901370483605e+02,5.040681231318737332e+02
3.089847785439721939e+00,8.813282290365811456e-01,1.263880189730964787e+01,2.312532847485976872e-01,1.077331063570048173e+03,1.082442991529547044e+03
1.040637822535569912e+00,1.473778068947875886e+00,1.847907244964391182e+01,3.900690082721190999e-01,1.219825795278969963e+03,1.221717597449145387e+03
6.062833050041731564e-01,3.840199467482429130e-01,4.288241153639878789e+00,1.092697167294069738e+00,4.883483195549578326e+00,3.458248725594830209e+00
3.205427943980950545e+00,1.135548960730754509e+00,1.961878874558051677e+01,2.834210875857968714e-01,9.930036560679207469e+03,9.929918630726324409e+03
6.896728163335323902e-01,1.152495142010446560e+00,1.805751273992263961e+01,5.536383460708452775e-01,5.439616838648190651e+02,5.453151008954056351e+02
7.359931751139160427e-01,3.173024970643567588e-01,1.156065561221801552e+01,9.138767472929594238e-01,7.428203085911114556e+01,7.359470890134777221e+01
2.355992735851851094e+00,9.787985289995542182e-01,1.488680779151180467e+01,6.544161847386419373e-01,1.303561666776784932e+03,1.304794713908691392e+03
2.517300596840691629e+00,1.545898665499325864e+00,1.387157856998081584e+01,1.097507230225144959e+00,2.167992932696897242e+03,2.166762363310277124e+03
4.230331752002014944e+00,2.747366995830023417e-01,1.264311400761711335e+00,2.005501754451947116e-01,-4.299491219647538109e+00,-5.016549519287021752e+00
1.082278225739982780e+00,7.548143208578885766e-01,1.019374080716177389e+01,1.494129365008584898e-01,2.050208870716405727e+02,2.048513495599577823e+02
4.407495803073107510e+00,1.405159889028719800e+00,1.925187618665036382e+01,9.975793411953034484e-01,3.889983114187497267e+04,3.889891615085345984e+04
2.322509551437417219e+00,3.921391074987504721e-01,9.410830508941451455e+00,1.858823282717153580e-01,2.007020372851490322e+02,1.957963923039006886e+02
4.338411241119426442e+00,1.577617485744142067e+00,7.063870751808562609e+00,2.368293988446201481e-01,7.146597860737791734e+02,7.147020902418388459e+02
1.181056679325566794e+00,1.070042208158072050e+00,1.356069720696929615e+01,1.213046901112683901e-01,5.058638857107969216e+02,5.063871297422535349e+02
7.163135004958803842e-01,1.916958932190879317e+00,7.064091391306147827e+00,3.264163344843521997e-01,1.608343089155572443e+02,1.617867018525471678e+02
2.461216943905149002e+00,1.397941802925491306e+00,1.460588821968828910e+01,3.255831948335444759e-01,2.156898659229973418e+03,2.154910689213376827e+03
1.470438466985524828e+00,1.160677654085311872e+00,5.962485953206694056e+00,1.181078643662033523e+00,1.316258025052450193e+02,1.323142972364371133e+02
2.652137330227199996e+00,1.811733406538768909e+00,6.576900075296970627e+00,5.745609495321118976e-01,4.199060207903667674e+02,4.203374219641472109e+02
4.190884156583373432e+00,1.200138885608726724e+00,9.215936302133018287e+00,7.895138775068921699e-01,9.686268866935029109e+02,9.650892509506896886e+02
4.484429511606918162e+00,7.289836175228507908e-01,1.811019105363953230e+01,4.458255463357476689e-01,6.229357125382721279e+03,6.224953254771802676e+03
8.906667180539709072e-01,1.275398610562269219e+00,4.967973785678412746e+00,5.737303658295050957e-01,6.243272517856313186e+01,6.338566634783502707e+01
1.656904387943251455e+00,5.997485403136487703e-01,1.562399325720920196e+01,9.547717569887513855e-01,5.560759155634220861e+02,5.541675448910842761e+02
1.871873908981780410e+00,9.836135848612472810e-01,1.413370471672320328e+01,1.048427750464820729e+00,8.310847624473906308e+02,8.330891751030769683e+02
1.284654059238000245e+00,9.273528089362101934e-01,9.840483867466492285e+00,1.003978627372977162e+00,2.603877090074282137e+02,2.646684516000899521e+02
2.601627926179766792e+00,1.984394659595282162e+00,1.301758298578026896e+01,8.995628692433829121e-01,2.727993802636730834e+03,2.726828348824798923e+03
7.411375071570649453e-01,1.163116647793007497e+00,2.611218961796984317e+00,4.810278633581616115e-01,9.854820920905199344e+00,8.476031408083917640e+00
1.387754868271766195e+00,7.171852975334569447e-01,1.304209153351045813e+01,6.749026100588314536e-01,3.819525178239890693e+02,3.819291255738205564e+02
7.930777684419592077e-01,6.089758598642653897e-01,1.819884691365257989e+00,5.157995856288657421e-01,-3.484848298292277935e-01,1.001008523941517847e+00
2.556196142891559386e+00,1.657987845075997280e+00,7.669395638739574750e+00,8.462067972562081763e-01,5.048530882480169453e+02,5.025814898207973442e+02
4.729945580775991587e+00,1.351739417290402034e+00,1.617211262757705370e+01,1.055198619481566347e+00,1.500825929616033500e+04,1.501075023948555281e+04
1.189099173048342450e+00,2.317682238613455459e-01,1.629562175453446571e+01,2.212033874769307462e-01,1.892942342483434572e+02,1.912766774035692947e+02
4.492138164565387726e+00,9.891750267133319063e-01,1.331229811913882521e+01,1.781550930852899839e-01,2.761755169969950657e+03,2.763077382926634073e+03
1.920940000867050301e+00,3.372646125769517278e-01,1.682820848600212571e+01,4.047969383363422269e-01,4.609940490725965105e+02,4.599143671121491934e+02
3.862087794082444070e+00,1.572812323264834111e+00,1.352377517100187809e+01,1.099218843895835906e+00,4.832701079722940449e+03,4.834533683914628455e+03
4.291820451747460297e+00,1.897220957216719128e+00,1.403409389779328897e+01,3.258483973661270294e-01,1.141496108408186774e+04,1.141667550980192937e+04
3.222689844970144879e+00,1.699684054741935624e+00,1.162018335444653871e+01,1.094502097144682162e+00,2.079775416172757559e+03,2.077373474376187460e+03
3.736650585844677686e+00,6.135191246813490595e-01,1.448792448380169873e+01,2.294844419760864729e-01,1.374040675423334278e+03,1.378221044022018077e+03
3.344544930779394853e+00,5.284120109437213664e-01,3.682718947896854278e+00,1.178669188275505153e+00,2.607470450385068261e+01,2.547364983838807717e+01
4.687629967321348623e+00,1.667509475878730552e+00,1.466249295129863661e+01,1.893458733283184814e-01,1.377629849299740090e+04,1.377703686494583235e+04
4.004318280985970091e+00,1.968496129034392084e+00,4.143150680459460666e+00,1.042771052245740515e+00,2.486838564397479558e+02,2.476355455664691760e+02
2.391179644355506895e+00,2.822286473836022602e-01,6.205593276127028268e+00,6.586068431240381660e-01,5.112120953627577080e+01,5.189100307934813117e+01
1.809272833475155551e+00,2.534699135211335164e-01,4.690047957778327614e+00,1.102882115135474406e+00,8.596583466998607648e+00,1.091674830218289749e+01
1.205755972968539425e+00,1.618479741783935388e+00,1.359281310636262496e+01,1.053870582511798215e+00,7.599047107169619721e+02,7.582899734009828308e+02
2.804602089664024689e+00,1.340436980986217552e+00,1.004389040342558559e+01,4.409022515666530806e-01,8.343150882414809075e+02,8.310042365062225826e+02
1.531115910158004301e+00,1.991868225899227074e+00,3.383162074939357833e+00,7.994422383390188402e-01,6.895605779180863237e+01,6.805608681853856012e+01
1.556857441488652460e+00,1.263447002143214926e+00,1.723873635749225031e+01,6.770538894568457478e-01,1.491279903872015666e+03,1.488667811846160475e+03
4.469217863592233719e+00,1.107363871905028496e+00,1.199632825023459581e+01,1.101620621889212615e+00,2.175204072767066464e+03,2.173686927312583975e+03
3.648857015166784734e+00,1.254349713744498773e+00,1.000177091973746357e+01,2.990030059168953258e-01,1.074370829756666581e+03,1.074117863746205558e+03
2.927590817505475673e+00,1.614741223823769278e+00,3.037423171758986573e+00,6.910943779682399146e-01,7.976250338732290857e+01,7.963418858201637818e+01
4.294097025071654805e+00,1.813955507354321428e+00,4.283405045413446466e+00,1.459821678592812533e-01,2.920767467850791945e+02,2.946582047111296561e+02
2.864212296866596841e+00,1.797955537370908630e+00,4.017539485062716409e+00,6.543988174006111214e-01,1.673426685534973331e+02,1.653130718512001067e+02
2.274932079067391477e+00,1.369116804538295984e+00,4.651830307128191677e+00,6.175954785007896630e-01,1.426641809408225470e+02,1.433695977478776626e+02
3.584781999106314565e+00,6.962213342129349725e-01,1.437161181898173545e+01,3.216479023022079664e-01,1.466135904445410688e+03,1.465120769539638331e+03
3.239546157986568531e+00,4.255645272574286597e-01,6.904234313592497507e+00,3.891029731969517513e-01,1.525239026441306862e+02,1.552540167144865961e+02
1.438285315848778945e+00,1.356278875320620747e+00,7.780404857731575419e+00,1.054756872332234918e+00,2.579008839269127975e+02,2.629562809182477849e+02
1.933615091566496247e+00,1.340348515814080654e+00,1.293501286482003820e+01,9.761481256304119780e-01,9.759383357974975297e+02,9.765452152691678975e+02
3.024445685509223658e+00,5.095597683474019091e-01,1.426001726694288685e+01,1.123995901712138368e+00,7.760428832470279303e+02,7.793912653499280623e+02
1.483886207528728240e+00,1.013310461612858759e+00,5.760671490640008052e+00,2.070599021800305639e-01,1.172113705687227423e+02,1.161509593858446721e+02
4.625973151521099780e+00,1.385925475318379618e+00,6.251513448734391964e+00,3.446471876984030791e-01,5.104169436267722517e+02,5.072181306091880515e+02
6.993631427821760393e-01,1.107707826776182181e+00,7.817926282008808236e+00,7.314416993388591637e-01,1.119821319522240799e+02,1.094413349202250743e+02
4.443628308363340551e+00,1.375830366770220525e+00,1.033913712260267292e+00,5.907734264615590591e-01,-1.049478066213722016e+01,-1.365296053707093371e+01
4.909612525503610492e+00,1.238397630091288004e+00,3.538375544981206211e+00,7.866444470858061644e-01,1.353241063731840939e+02,1.334146077289826167e+02
3.268581124524561066e+00,2.750421377128455802e-01,1.034728097353233878e+01,5.721863796115278511e-01,2.364336355177107976e+02,2.359531981092843296e+02
1.453525777751073722e+00,1.501960112022983518e+00,8.165861090640760267e+00,3.476993482431275373e-01,3.192147929324571578e+02,3.215149998229129551e+02
4.143895104748116509e+00,7.920259252448891285e-01,2.919665777054133216e+00,8.666772978206827016e-01,3.283346104771546692e+01,3.423317927230785074e+01
2.486003874373411637e+00,1.181700590100776882e+00,1.632273394446522374e+01,6.165529091392468741e-01,2.532778158103402802e+03,2.533705685785241712e+03
3.706018836726637122e+00,1.274797991204278391e+00,2.089896057898592119e+00,9.310334857432429612e-01,1.631991182043738320e+01,1.547243968076975662e+01
1.951993575286306903e+00,3.995027230449926803e-01,1.077310518674596018e+01,5.416590335059490169e-01,2.190611639521528673e+02,2.176173393117102250e+02
1.496531614541765531e+00,1.528434974464854212e+00,1.316096012555137484e+01,1.003046691691902081e+00,8.556199287240665399e+02,8.556864580353588963e+02
4.794071792917363517e+00,1.149913868924542504e+00,5.864179933908909348e+00,3.043894962249866776e-01,3.929967123433716552e+02,3.932720458039815981e+02
8.408622229381048641e-01,5.481877042457146132e-01,1.740644801194532576e+01,2.795385282023795659e-01,3.251728513319104650e+02,3.256852737506447966e+02
7.614005640795173946e-01,6.004930378272551605e-01,1.892019947678834768e+01,6.712756394640181368e-01,3.695386906400637486e+02,3.702817868884206405e+02
4.022514075129427269e+00,1.288480714773396540e+00,2.619458113330206839e+00,6.981008366535766951e-01,5.410595183955597065e+01,5.387072393527743230e+01
3.989765809402075369e+00,1.693289318712435598e+00,1.744259520360180282e+00,3.620147102426083396e-01,3.071387757822277820e+01,2.686456498715837071e+01
1.901642317795255943e+00,1.710825085924368105e+00,1.940700583196515172e+00,1.060035116247747045e+00,1.056922616594823694e+01,8.338748103740170947e+00
2.183266399213448228e+00,1.050259061469461130e+00,1.469301595538501637e+01,8.446595284496081213e-01,1.221067618727945501e+03,1.219416390053600935e+03
3.595670817227933913e+00,6.891103060155658877e-01,3.421126468009064947e+00,4.920943204428342987e-01,5.069363584347058804e+01,5.408710125406729219e+01
3.199078109408065806e+00,9.398955348829449719e-01,4.712596634528831707e+00,3.470979039561699064e-01,1.452765272752210990e+02,1.444219823316752240e+02
3.418152744712984248e+00,1.217297654634755144e+00,6.343740986436348095e+00,5.581966795004715820e-01,3.470369415441413139e+02,3.483870098035902174e+02
2.458996265479168386e+00,1.577880617723824708e+00,1.509474454299353141e+01,9.726875916512190967e-01,2.944601827406886059e+03,2.947530304360035643e+03
4.911094775403912926e+00,2.534183928938461006e-01,1.757919082193686222e+01,1.872306818763936342e-01,1.367782645203203401e+03,1.368449372505207748e+03
1.165945786270976114e+00,1.191325633543963258e+00,5.824479528347177748e+00,1.117043243797561924e+00,1.032366282865766607e+02,1.024510451572875382e+02
3.342823304999912537e+00,1.396646352236777577e+00,2.917509991295905714e+00,7.412649921779816964e-01,6.727153833981216735e+01,6.668509632303970136e+01
1.427505705538707481e+00,3.143349981129455184e-01,1.126404179808717032e+01,7.602048182414257171e-01,1.375740362661549057e+02,1.355292508943803682e+02
2.006864646795163853e+00,1.947803463212069763e+00,7.357929916547067961e+00,1.117205060432881147e+00,4.256123906722669972e+02,4.262254684606189130e+02
1.838858170022829253e+00,1.925506798471827707e+00,1.108763438894715847e+01,1.077347397756016067e-01,9.493156120841263146e+02,9.515717516812206895e+02
4.213099825913715790e+00,1.786010852384714909e+00,1.610679507978020553e+01,3.979414613814983293e-01,2.061429101456129138e+04,2.061543063738416458e+04
3.109732580480427888e+00,1.881301756763355648e+00,1.532396920207576763e+01,1.082065509583524543e+00,7.565048298343993338e+03,7.566590932678917852e+03
1.988569011053216151e+00,4.777609718238854941e-01,1.082410454606747763e+01,8.021852785414794740e-01,2.609314365578024422e+02,2.623667984605426113e+02
2.910124831005938439e+00,1.846585102610954099e+00,1.842459829411993866e+01,1.053733660453383125e+00,1.653401108826527343e+04,1.653801913439752389e+04
2.575575875257174019e+00,7.771601071796121474e-01,3.535419875186723182e+00,6.141208364680070808e-01,4.366775075616970980e+01,4.240012454834170086e+01
2.948620043985362482e+00,8.624808155710439461e-01,1.333485743677658419e+01,4.516265084778019467e-01,1.134706233356710982e+03,1.135021281061725404e+03
1.568936330960797543e+00,3.026185036928448757e-01,1.170008441860995063e+01,8.637260606125639617e-01,1.568624723483605408e+02,1.582734244229137914e+02
2.183281288849258317e+00,1.841207331713653028e+00,7.687280096886935254e+00,4.092595584112196372e-01,4.878896571267576974e+02,4.903841897588941947e+02
2.562880009920633029e+00,1.402058383000103658e+00,9.638740783614482055e+00,9.755772034777621116e-01,7.051471244628446584e+02,7.002918395970356187e+02
8.743754084848640584e-01,1.866314705962901055e+00,1.610223338966633122e+01,6.055415311516840760e-01,8.966645117395704574e+02,8.956198285385373765e+02
5.645477863212193803e-01,1.994076445833990796e+00,4.994334516460487094e+00,1.246450243897899435e-01,6.639903633881417022e+01,6.598204899593652328e+01
3.171360808964795108e+00,1.509783335507040691e+00,1.231904449433072735e+01,9.256676412191606751e-01,2.075372221836670178e+03,2.073313381205697624e+03
1.431814921053266243e+00,1.293779799396546748e+00,4.784754867949859047e+00,6.708489935060037990e-01,9.170553937100359576e+01,9.339980802861609277e+01
4.109817019232738566e+00,1.260880443228330039e+00,9.599536190809958569e+00,9.016064762760692686e-01,1.115466439661654476e+03,1.115904418694216247e+03
6.127657606302276960e-01,4.967035585046996049e-01,4.322380662936931905e+00,1.240384206724885197e-01,1.275998241788908416e+01,1.196708315260737443e+01
1.504415858960218788e+00,1.033380396043690475e+00,4.186162175482474268e+00,8.872235598556922342e-01,5.284427321496183083e+01,4.957603222364244289e+01
3.334405415610573797e+00,1.250512667618470353e+00,6.750757629054474407e+00,1.477592718653900628e-01,4.057426942672194627e+02,4.030951496192261629e+02
1.093988806155963278e+00,9.840261143526758403e-01,1.759052835355866407e+01,2.024192857680424673e-01,7.360340120238569170e+02,7.340633426019516037e+02
2.393189530689124211e+00,1.775313434149325076e+00,1.689823404121970896e+01,1.167098999761655209e+00,5.658425408689476171e+03,5.659335032754220265e+03
1.842236887293406955e+00,1.034231816705829088e+00,1.771766225444147480e+01,8.452764807923984769e-01,1.624191787303931960e+03,1.621753265495746518e+03
1.708388490313723640e+00,2.939305288052628251e-01,1.346223735375707342e+01,8.843993324879414475e-01,2.228967543566098470e+02,2.187578986315443501e+02
1.557094451736417362e+00,5.880070693862531339e-01,1.411868741634680191e+01,4.253401799882318146e-01,4.218460962673387940e+02,4.189410612300378602e+02
4.891740377048258814e+00,1.191411645281962084e+00,1.666041667948332972e+01,1.243290351683060818e-01,1.460360859550125679e+04,1.460242467104294701e+04
1.938493947077027713e+00,1.528618057031717381e+00,3.996274103150681878e+00,1.017380718770412695e+00,9.312389821855225591e+01,9.647044939186946522e+01
1.030438910892151450e+00,1.820694991935841944e+00,2.725838792238238550e+00,9.881746759803714530e-01,2.300434264777698701e+01,2.800820358569583846e+01
4.618565583006175146e+00,9.594719966330442773e-01,1.025993037822935072e+01,1.109658387547293845e+00,1.136727372061774076e+03,1.135764614320326473e+03
1.212577236100942812e+00,1.433998328218801577e+00,2.600059013852682455e+00,2.713048349112424096e-01,2.323251676471725702e+01,2.512023351852063158e+01
3.815143127246878318e+00,4.032338407123847723e-01,1.346032742242390334e+01,3.388051167433350774e-01,7.282596679022333319e+02,7.310620898719663501e+02
3.464706565157658957e+00,9.388081419773552927e-01,2.366879139272440202e+00,4.294656486786303518e-01,2.655089965326232360e+01,2.911998363827160574e+01
3.729448862226437900e+00,8.127056355966502110e-01,8.691045603861946134e+00,8.380747730191085987e-01,4.929642994275426986e+02,4.927307280714106241e+02
3.980096120175967478e+00,1.992103694661676805e+00,1.961519418521790570e+01,2.345557184824238750e-01,8.091420867064291087e+04,8.091160451204137644e+04
1.311363563896664530e+00,4.653008359513275960e-01,4.350863398408749916e+00,4.557295818930855447e-01,2.190811712575202819e+01,2.093150840815399860e+01
6.678652212318858528e-01,1.319632657008426690e+00,1.497775678234600782e+01,7.575875508107471346e-01,4.192661666084062517e+02,4.155422018683592000e+02
2.438298574531358121e+00,1.514000371617064022e+00,1.019955854156617470e+01,2.597338267229351016e-01,8.382149269196277146e+02,8.386921982936370341e+02
2.501960301156251454e+00,2.171095835887147385e-01,1.591679769319999238e+01,6.671948708524039207e-01,3.639319497729233035e+02,3.654869377590621298e+02
1.564778471949832328e+00,1.109308241922049243e+00,1.216166045780756377e+01,1.175502046008621404e+00,5.476239367707047450e+02,5.438379558284233326e+02
4.145060532416477983e+00,1.744323047608179911e+00,1.330086914702442158e+01,2.350940797234826185e-01,6.549792585244797010e+03,6.549688946797004974e+03
9.905999563585616841e-01,7.251592408515670218e-01,1.319452319745617608e+01,4.016842523574922774e-01,2.901729703970421497e+02,2.907576817681289754e+02
2.738794623947704121e+00,1.343705404720136221e+00,2.561463666913805337e+00,4.599522365602956020e-01,4.217060366054894871e+01,4.466924543715946072e+01
2.878093177673104908e+00,1.271181308514967467e+00,7.860934443543607486e+00,1.121518400984756525e+00,4.621834188816495725e+02,4.649406651139769338e+02
5.421242024804353576e-01,1.904342302956485211e+00,1.983410530729846499e+01,7.404808028193867742e-01,8.336451110649397833e+02,8.352476589474542834e+02
4.149074944937016340e+00,1.754046490644088241e+00,1.997483184950541713e+01,9.787639797018437005e-01,7.395461542419460602e+04,7.395324195606047579e+04
2.111807655655225879e+00,6.438649129161866380e-01,1.839710138464632294e+01,1.001966300330223714e+00,1.231894997801132831e+03,1.231158302478200085e+03
2.561197792990363098e+00,6.851541573024755305e-01,1.104007268586050827e+01,6.248063275200149702e-01,4.824890672756376944e+02,4.848976526605660524e+02
1.223718795558819128e+00,1.470856989535431758e+00,1.905366814925000796e+01,6.487151270697656402e-01,1.708356567313166579e+03,1.707144754220621962e+03
2.295978519138888174e+00,1.935651656681109500e+00,1.249916434811123978e+01,5.292109682295866868e-01,1.825474100291942250e+03,1.825389604466614173e+03
2.536379125876961904e+00,5.186178349604202431e-01,1.015824573712101220e+01,1.025379990000452102e+00,3.086074368669661681e+02,3.117290579397271131e+02
3.210381103592623298e+00,1.906083143575625138e+00,1.454904733455019183e+01,9.429331510636203006e-01,6.504736477901976286e+03,6.504992240979618146e+03
6.596331194910290963e-01,1.670264879881807385e+00,1.192431395685377282e+01,7.836674262111225087e-01,3.397742581234917907e+02,3.370252274839780284e+02
2.423467270631427528e+00,6.950312350826699515e-01,1.709065602908169978e+01,1.192924356453565649e+00,1.336019702448483713e+03,1.335428522973360714e+03
2.700545183554029727e+00,1.185723912160616011e+00,1.134807508241053497e+01,2.139119347764446566e-01,9.491494432570823392e+02,9.504280871866725420e+02
4.786352847762372242e+00,8.366973646406872245e-01,1.019595702787381875e+00,1.825171719142809068e-01,2.511875753026240332e-01,-1.294742682658880928e-01
3.180720663771553713e+00,5.836962004896659728e-01,1.463215916775074454e+00,3.085708154471881182e-01,-9.222447256900823120e-01,1.400379424491404734e+00
3.585699223051922679e+00,1.009440723804064355e+00,5.932543985536259612e+00,1.452420056430014372e-01,2.820951205539560647e+02,2.846591396709841320e+02
2.480842766584608672e+00,5.494952294543428151e-01,7.084538018563795170e+00,2.170483772296377123e-01,1.637632488677444371e+02,1.624616129805384332e+02
2.722028033046644868e+00,5.560513503304898020e-01,1.193640854600493739e+01,2.922574312928840623e-01,5.090377999804409228e+02,5.080304825710368846e+02
4.921459360638130498e+00,1.194183150305944352e+00,1.870231571609522803e+01,3.048386974228226576e-01,3.017539394867681040e+04,3.017518533548529376e+04
2.367872870681332120e+00,1.436408504169995437e+00,1.032054433152325501e+01,1.433454440412015030e-01,7.907782273882611435e+02,7.883746994597524917e+02
4.971846591240641544e+00,4.103621834148861169e-01,7.866949879111438726e+00,5.863382008741316875e-01,2.873363407391092323e+02,2.880919773657664678e+02
3.242568272440713439e+00,1.334961381602087105e+00,4.800948872688029390e+00,4.504235269356829940e-01,2.094546291909223896e+02,2.090941749444294544e+02
4.623653547574707368e+00,1.899700487376882130e+00,4.877702229641406539e+00,1.094724154407323846e+00,3.811518060343412344e+02,3.827222130413615560e+02
3.095799267787334941e+00,1.676524980519185526e+00,1.777905456795939898e+01,1.177090830614291095e+00,1.275576775441855716e+04,1.275456754756802729e+04
4.197664678306150421e+00,1.615525317335054556e+00,1.487293826771488980e+01,2.097403874597279227e-01,1.018889656156618730e+04,1.018713702820709477e+04
4.199971119234275463e+00,5.845951313934201199e-01,1.437118123766146205e+01,9.973310154839889474e-01,1.493614866236017861e+03,1.497290433232995838e+03
2.235769205792577541e+00,3.308146993569128780e-01,1.659111594699215786e+01,7.415849501943884148e-01,5.143830936716308315e+02,5.126244414112502454e+02
1.981563350638404941e+00,8.458110777013576609e-01,1.966421590003765729e+01,3.151788863592819290e-01,1.981300817841974094e+03,1.980129572380227728e+03
4.728139307736765495e+00,9.992678636156118177e-01,3.684355065164124809e+00,7.992800104766516478e-01,1.127032652052393473e+02,1.112382900103800552e+02
1.981930517053742014e+00,6.002605028521785790e-01,1.681874757119530983e+01,4.711219744314327773e-01,8.234391084631903368e+02,8.228298609820054708e+02
4.025509402642974521e+00,5.435095523832259579e-01,6.465542998111142303e+00,3.224272386894304621e-01,2.092818138303922524e+02,2.074497212829920443e+02
1.298388506178112412e+00,5.924022818143483970e-01,1.642788097920466228e+01,5.813106473304067157e-01,4.745040917774313129e+02,4.744141193341214944e+02
2.701023799845429174e+00,5.174573561579551839e-01,3.983066089599486492e+00,1.118980941873658708e+00,2.876121401837801272e+01,2.735146131019498483e+01
2.200399555200205803e+00,2.499917093373262567e-01,1.465744903144974387e+01,2.169582299903465294e-01,3.096575231587645476e+02,3.088237729324359861e+02
1.741815322286804246e+00,2.902959365302156258e-01,3.207063609281008532e+00,1.027537431939101076e+00,-2.609949307882319935e+00,-1.884313328747260208e+00
1.571352340646879675e+00,3.554008636737374105e-01,1.665182217980163859e+00,4.773438182818738884e-01,-3.720191086678773296e+00,-2.317029441089862196e+00
4.843260716550664924e+00,1.328855439950185513e+00,5.417147188611529884e+00,3.074879888989147658e-01,3.836652058271316719e+02,3.845991453175550987e+02
3.509767346641229135e+00,3.575900710074727540e-01,1.093091120536792005e+01,3.178625418667612168e-01,3.720767729778700641e+02,3.706046400473035192e+02
2.592582777394376592e+00,4.117377352744022168e-01,1.059315093790759477e+01,1.731588486197064292e-01,2.955684814937145006e+02,2.963628102972194824e+02
3.077803607953857323e+00,8.803015213553240237e-01,9.384370167747935199e+00,6.629481010256879081e-01,5.193694272647696835e+02,5.191285014795375901e+02
4.304766531132186103e+00,1.270680752985037243e+00,8.710196572987332075e+00,7.695523946581419583e-01,9.214703812669501986e+02,9.212577306874973146e+02
3.545735834916410756e+00,1.646504840370885958e+00,1.977110714959603044e+01,7.380912211132576450e-01,3.479829791204806679e+04,3.479485317361118359e+04
1.077775394846423263e+00,1.523469196254678026e+00,1.724382704077862272e+01,4.650518225437479947e-01,1.105515271188132374e+03,1.106857905616368498e+03
1.448905727229555573e+00,1.088199113687042807e+00,1.680193321755879055e+01,9.511100292391416744e-01,1.035466798354550065e+03,1.035187587574709823e+03
4.510994750140289611e+00,4.575916886364287950e-01,5.660362350835352885e+00,2.291415056768380254e-01,1.522630882391173373e+02,1.556756231311736656e+02
3.009572959106495915e+00,4.809469821089042418e-01,1.067224991688128677e+00,7.275924700222610175e-01,-1.613890226353408153e+01,-1.485869842421352160e+01
3.157134307175784915e+00,1.966620857587287219e+00,1.780935085431771370e+01,7.461407624446941833e-01,2.014556418857164317e+04,2.014333115384363919e+04
1.233464126807365169e+00,7.482196922785921966e-01,8.859719179072781614e+00,7.006347579907453715e-01,1.700027173025919183e+02,1.672583301645007055e+02
1.116566945673514333e+00,9.180991446219710639e-01,1.795478740297766507e+01,5.340077864145391651e-01,7.331514933613959784e+02,7.354534502618762417e+02
1.475131754854788424e+00,1.653942218376698303e+00,7.092879035064520998e+00,7.569037349605959308e-01,2.660155069044592437e+02,2.642657644278667703e+02
1.964511516346062248e+00,5.469021600720292975e-01,1.950940182285782853e+01,4.171304958563707421e-01,1.092359706110941488e+03,1.093728688525854068e+03
3.015080202402298237e+00,2.783973194866100065e-01,1.805388976624939446e+01,4.356722245505803004e-01,7.857284145447467836e+02,7.851268727773775709e+02
2.175960566128184226e+00,1.364689285504527394e+00,1.143118568568307580e+01,2.913846881713463288e-01,8.594835441702406342e+02,8.636912136394115578e+02
3.548858425941227690e+00,1.907186822649359126e+00,6.584693490468090715e+00,7.522683359834225758e-01,5.782454435683100655e+02,5.784058304319470381e+02
2.440838761781273902e+00,1.906652484839011397e+00,6.596038760519483013e+00,6.591433282741749888e-01,4.081510289791589230e+02,4.111825753749967021e+02
2.814476084423351843e+00,1.411160163799154210e+00,3.146896880378529993e+00,1.171428689124339950e+00,6.376199229656626954e+01,6.643028663871395167e+01
4.783493806346895916e+00,7.382688581110712356e-01,1.218614837168304454e+01,1.198283878036158434e+00,1.457178720918880344e+03,1.456256608443312416e+03
6.900414363603386558e-01,5.453056593153509102e-01,1.937465097650201784e+01,7.357109959294059198e-01,3.232144499467232208e+02,3.225623466879732746e+02
3.365777297057824580e+00,1.613659760099134699e+00,1.259448199443976257e+01,5.897967547744351613e-01,2.803411163380326343e+03,2.806390187483143563e+03
3.812914510216969699e+00,9.818539917717350463e-01,6.546280496180814978e+00,6.649791425814401968e-01,3.341446213274871297e+02,3.341587776824603679e+02
1.310531404283604040e+00,1.235813487471069783e+00,1.742123720278702947e+01,1.622544812308472084e-01,1.163183639294444902e+03,1.161462280862743228e+03
4.372277070277389655e+00,1.996273258205863321e+00,8.989709640611753372e+00,5.864792668726708236e-01,1.856564646409915440e+03,1.858991961115219283e+03
1.052787651354188503e+00,7.759423525877711114e-01,4.680502540382943444e+00,5.895739467826224267e-01,3.715639133787733783e+01,4.232608434879485770e+01
4.139492866913825786e+00,1.680739301517590434e+00,1.213065576321939254e+01,2.529919448307347829e-01,3.966581154371645425e+03,3.966534155596471919e+03
1.367197433647715510e+00,8.812359780295475620e-01,1.259652812361841256e+01,1.138124667935294765e+00,4.178011537227596364e+02,4.206379786316016407e+02
2.418450952830248024e+00,9.306298595995341483e-01,6.035749106031433442e+00,1.127931252955000296e+00,1.721796915590724666e+02,1.718999817117653777e+02
2.279921600366397350e+00,1.793225055174073157e+00,9.505077297594263896e+00,8.080461584938614106e-01,7.744081219888377063e+02,7.771704250746163325e+02
3.075485103920518881e+00,5.515546434008405940e-01,1.535822822646804653e+01,8.363936253513098995e-01,1.061411308949779141e+03,1.060988370623422497e+03
3.355784337959408781e+00,1.841172797406616990e+00,9.083449886252703109e+00,1.195158094976374707e+00,1.143229786525537975e+03,1.145957045752634713e+03
6.820677965708336066e-01,9.438967565327303078e-01,1.281056791843034581e+01,1.123595367382417831e-01,2.477242828984705056e+02,2.488800112855308271e+02
4.166682744410207917e+00,1.694787980981542042e+00,6.741729792497566542e+00,1.089594734700907175e+00,6.333098891886529600e+02,6.330161780582479878e+02
2.868850317024375318e+00,1.459772453182795804e+00,1.640204459933883641e+01,5.589125729324653236e-01,5.115900352772728183e+03,5.116452094799278711e+03
4.633211471193095399e+00,1.625380166937145932e+00,4.041049747538006720e+00,1.090962120528563006e-01,2.563098604209793621e+02,2.553084294378098491e+02
1.260388127012167736e+00,7.583329776527889532e-01,4.425648465615521054e+00,4.105033841560528085e-01,3.969309170356355310e+01,3.752791241182756465e+01
2.499423450426816018e+00,8.600655843810682821e-01,1.752135350451778351e+01,5.932908062856131481e-01,2.044707983604004994e+03,2.042686705858552159e+03
4.799643079970248749e+00,1.669157879646448128e+00,1.309222915274706622e+01,5.610866357399322268e-01,7.959987690707837828e+03,7.959970469513234093e+03
3.356055246473074405e+00,7.199410096719518481e-01,2.239315448981664236e+00,2.345543923393904606e-01,1.931840239208515086e+01,1.730378401924657439e+01
2.782119983880749992e+00,1.598590528934010324e+00,1.656998551002088504e+01,2.975675394971006860e-01,5.997826571516867261e+03,5.998813499222687824e+03
2.616255877411341579e+00,1.861879923899408373e+00,1.172578782059311742e+01,6.607460210380425858e-01,1.734126533726363277e+03,1.735301035298049555e+03
4.617885787328977365e+00,1.522989779060564652e+00,1.409571284093383170e+01,2.043282621660232334e-01,8.661965143791927403e+03,8.663022638269647359e+03
5.347524972031185708e-01,1.669190171563891045e+00,1.767298958069580905e+01,9.621403739319701609e-01,5.650808869490415418e+02,5.642069974478422409e+02
4.957405396378868900e+00,9.075699241217936031e-01,1.451955671229923617e+01,6.987297601420257021e-01,4.196817894303230787e+03,4.197054597646317234e+03
2.618936127089587007e+00,1.500638790647460752e+00,9.448215437370892644e+00,7.818877985568152278e-01,7.430022916846864973e+02,7.430774084531394692e+02
4.197880916323159184e+00,3.146935827014966658e-01,1.878715751342609153e+01,8.282305685056863265e-01,1.671778051185756567e+03,1.674552759363725727e+03
2.675061141006390475e+00,1.191050402541970143e+00,1.441214590918553640e+01,1.056569112116934939e+00,1.867534547952604953e+03,1.866050825869120217e+03
4.221203279543342290e+00,1.700580765801942951e+00,1.174316783701494593e+01,1.339463475467950471e-01,3.684088914646666581e+03,3.683451583577923429e+03
9.429725611680264130e-01,1.281969263340949849e+00,1.916924680287082694e+01,9.997060460775115676e-01,9.905073547327344841e+02,9.901734847405584787e+02
2.415563292090802783e+00,6.717743889708415184e-01,1.742626313869315169e+01,4.113441546840929108e-01,1.364939823205614402e+03,1.364788777606875328e+03
3.965468997313584154e+00,1.294503602702234746e+00,5.478121651207227494e+00,4.509599246526794225e-01,3.156671856768599582e+02,3.143038438834175281e+02
4.983680675959600848e+00,3.564025527751385480e-01,1.878152265653439734e+00,1.177910832040719447e-01,8.030141616571791374e+00,6.908975915991990568e+00
2.809316742724316196e+00,2.378504695220212406e-01,9.918257704048723866e+00,9.729915514807019328e-01,1.520255024043586332e+02,1.541957371138217638e+02
8.344638380766683516e-01,8.081316709747281557e-01,5.819389306183454735e+00,5.959975416577929508e-01,5.128064425292193818e+01,5.014211331969369212e+01
3.863922275612710511e+00,2.331702955026786206e-01,5.969893424105043422e+00,1.192935102666075942e+00,4.655595698611502087e+01,4.853041712690105669e+01
3.417236845535298606e+00,1.333045480344406286e+00,1.476642796868717511e+01,1.663604737491256591e-01,3.999172082482029509e+03,4.003383860493761404e+03
1.173474109353086936e+00,1.376548754843782918e+00,5.613825422141841770e+00,8.507702746816183659e-01,1.129343682811455096e+02,1.156328662602398936e+02
1.443298647772612631e+00,1.040155050338507525e+00,8.511302841008527409e+00,1.636347959277238973e-01,2.525180162587448081e+02,2.490421268974430973e+02
2.758587532286293609e+00,6.497384666150030075e-01,3.285947802994630962e+00,1.044247747205359955e+00,2.141896682146638042e+01,2.310830913813834186e+01
1.247926522850079323e+00,4.430097135867457903e-01,6.349769765008764999e+00,1.417813180559455710e-01,5.371081616145214355e+01,5.480998159388534674e+01
4.624323672211864356e+00,1.180714368903996947e+00,1.120725178510959275e+01,7.874830260896589218e-01,2.002552117499887117e+03,2.003783368191968520e+03
4.958466400937680874e+00,1.906126522049103267e+00,1.467218865774293590e+01,1.060805984112941580e+00,2.262486550216800970e+04,2.262175340067855723e+04
3.885789965285041170e+00,1.639156885278123088e+00,1.018664666853314849e+01,3.714977264917294075e-01,1.749181365196057868e+03,1.750841803255167406e+03
4.297965230130481373e+00,7.027696952125783714e-01,7.778150393681047881e+00,5.883757773521375301e-01,3.980817241008846281e+02,3.960434826587410271e+02
1.990488299548556217e+00,6.883693272944346742e-01,1.999097038095414192e+01,1.090613010772688796e+00,1.579757025540568975e+03,1.582486139635725294e+03
9.800619547718508739e-01,1.324367786782953527e+00,6.140336982402658350e+00,3.255140720542581412e-01,1.149907902491927132e+02,1.172736516650233654e+02
3.780583770776551944e+00,1.643311704683194874e+00,1.324617699903753731e+01,1.164289012479008179e+00,4.557926003603096433e+03,4.563163205500527511e+03
4.072888022773605954e+00,5.868776467304372968e-01,1.323671199248987662e+01,3.731496693269283904e-01,1.130376959428135478e+03,1.129738488853081890e+03
3.626510606066031706e+00,1.712704651747412932e+00,1.006567593304712815e+01,1.101974286120166902e+00,1.584242541536393219e+03,1.581324987416459408e+03
1.296731480717561169e+00,1.786653053838489713e+00,5.330122273757141649e+00,3.221067558909535000e-01,1.495571239708222322e+02,1.517856921890995352e+02
6.201077518908256758e-01,1.543440585418624833e+00,1.732620451250245663e+00,1.185645218578616378e+00,6.024013228988382984e-01,2.480655322723068323e+00
2.995505871060934133e+00,3.088333088747785560e-01,8.169336515572535262e+00,7.928637263398264912e-01,1.386343890015610896e+02,1.379971683574547114e+02
1.174643133662408800e+00,1.898458421567200016e+00,8.305719741086775798e+00,4.320824458788681266e-01,3.322149124667982960e+02,3.350647143327913682e+02
1.826119319355891557e+00,3.085162600259144794e-01,1.930760977773167042e+01,6.713214841304588898e-01,5.402475268987320760e+02,5.417529539822772904e+02
2.643825310648817428e+00,1.564321915935730889e+00,7.112213590857120238e+00,1.303787802373787552e-01,4.400001143594354858e+02,4.375496117872833679e+02
1.629069706026353259e+00,2.466298472131981390e-01,1.972018590619473599e+01,1.111467781423490342e+00,4.017574907088537657e+02,4.011796882413258345e+02
4.697685439577262478e+00,1.413507277114219418e+00,1.417922353369981003e+01,2.577038878358570706e-01,7.939554607017645139e+03,7.938787207732865681e+03
1.946341570572834634e+00,3.876883737663127105e-01,8.161833760451038700e+00,8.282296535286285399e-01,1.139189994692505934e+02,1.138240726315898002e+02
3.024321264103547957e+00,1.852479605983392563e+00,6.142502906330365775e+00,9.941256427247259220e-01,4.125803484829640411e+02,4.130887021747021777e+02
4.878449444000933610e+00,3.401469623119534047e-01,4.908508056772472372e+00,5.040200831810948134e-01,7.545422480115354347e+01,7.418625577761675061e+01
3.519017227827166305e+00,1.171632813035780485e+00,5.574758794059111011e+00,3.984317651261705118e-01,2.712813077795860863e+02,2.710096698228958871e+02
2.235939714826086000e+00,1.502231588141009322e+00,1.757664982055185376e+01,7.425574762826513409e-01,4.174955000774375549e+03,4.176257689394089539e+03
3.888699633900836616e+00,1.913999441407876034e+00,1.503595314738669764e+01,8.975481953690657155e-01,1.296157860140468074e+04,1.296155382686447228e+04
1.370944059344289423e+00,1.199658725935507153e+00,1.306677405415763538e+01,7.058295532238477721e-01,5.999567102154139775e+02,5.995382437411276442e+02
9.678975874826183379e-01,3.641271500638466607e-01,7.847004628283856142e+00,3.138903931602104458e-01,5.198362861164886084e+01,5.149610151754702514e+01
6.745059483236421904e-01,7.909516301411563255e-01,1.375704495252238502e+01,4.486626551789663075e-01,2.367349914642515216e+02,2.366560198509098996e+02
3.505139445397646991e+00,1.729837758801899605e+00,1.841625566979025663e+01,3.997877694569107465e-01,2.448478653319800287e+04,2.448107629081148480e+04
3.460946353602993408e+00,5.354069056190957632e-01,1.256787123367519854e+00,1.196800723079489703e+00,-2.534170518981898468e+01,-2.489962326212920019e+01
3.519316169598762478e+00,6.419523981421211278e-01,1.289222571000347273e+01,4.362551604322720822e-01,9.462462502622988723e+02,9.443098588384750656e+02
3.530284454336605648e+00,1.072122225760149927e+00,3.463934576166303625e+00,1.066782292390561881e+00,7.371683919729780143e+01,7.405005632422516726e+01
3.122498598649027901e+00,8.911614684806756781e-01,1.942635308517465376e+01,1.084683681723774828e+00,5.310496992027165106e+03,5.307673137339943423e+03
4.737900790912284776e+00,1.681403058998149458e+00,1.091568606107035322e+01,3.811310682531239280e-01,3.378599699505575700e+03,3.380565152345557635e+03
2.569270765301282733e+00,1.923150979460932497e+00,1.792761571493786477e+01,1.181864758817359196e+00,1.096396070073626106e+04,1.096455553440113727e+04
1.054963541275606875e+00,1.281123030333662038e+00,5.852173738301845063e+00,1.154419920987365122e+00,1.020273045280540316e+02,9.944542647547956449e+01
1.624974158363504895e+00,1.279818801081198609e+00,1.358883603963287356e+01,9.822760266514939387e-01,8.428708128155623172e+02,8.434662587033149066e+02
2.337661156550516317e+00,1.067324143264274827e+00,1.717985855624161218e+01,8.718984281891234422e-01,2.322001258870885522e+03,2.320602755951114887e+03
3.255441470211059674e+00,4.506433716464877115e-01,1.092653126543239761e+00,4.209554263597422574e-01,-9.338009394757198933e+00,-5.613745226272580879e+00
2.109813294849772536e+00,1.491260120884596585e+00,8.573555280360748654e+00,4.333239201833386511e-01,4.850804991431504618e+02,4.861843126120331249e+02
2.460694584943077245e+00,3.790064953555516425e-01,1.006145979468132623e+01,9.429300380650076363e-01,2.203814938247644193e+02,2.189099530460697167e+02
1.821125293291719238e+00,7.438950214256772053e-01,3.776596521127960848e+00,1.066400893686992202e+00,2.967821851602903394e+01,3.025119693777832097e+01
3.774800483671057805e+00,5.940463545711038851e-01,2.583233391903756448e+00,1.114292328401210730e+00,6.160149683867714998e-01,6.745762928721065199e-01
4.303103697638523073e+00,1.293539340130794857e+00,1.889841918543978139e+01,1.040447912003176212e+00,2.585983751023146033e+04,2.586235876410706624e+04
2.024526258789453692e+00,1.947278144233157926e+00,1.885410779694604955e+01,8.727282121246386914e-01,7.807852605866667545e+03,7.808692926492724837e+03
4.101576426786138541e+00,1.534546672755061625e+00,1.032091134163857937e+01,4.236359662753317323e-01,1.814949808850152294e+03,1.816105010349114764e+03
1.386881421161404226e+00,1.948273012994015563e+00,2.242762156195028833e+00,6.509228957218879952e-01,2.186338202079439696e+01,1.975509175640652515e+01
4.887172288681355781e+00,6.595055276665470201e-01,1.812122040315434646e+01,1.133707235373888400e+00,6.349712196650689293e+03,6.351427361933629072e+03
2.102687871156806221e+00,1.742821889074686492e+00,5.164609107860596460e+00,1.128238682694304940e+00,2.006434772410002552e+02,2.049631976510146956e+02
3.476325165062370104e+00,1.139297573737161784e+00,2.419925520022705889e+00,3.451465976976934025e-01,4.023998437644930704e+01,4.164676988529463841e+01
3.209947653924101196e+00,1.185302001503803160e+00,4.548532300226258762e+00,1.162117636107533825e+00,1.509454888050879902e+02,1.509995631302363108e+02
8.696904034292982644e-01,5.171432032903221510e-01,4.326313492259563631e+00,1.142180793688631901e+00,1.226963618468758810e+01,1.273108627167627738e+01
3.136253416108564451e+00,1.849527123039110377e+00,3.981415818225563008e+00,5.844544053262002992e-01,1.845434721701467424e+02,1.827714413738137864e+02
7.098110257513484678e-01,3.765948520173900693e-01,8.432953215281132842e+00,1.099918863410623393e+00,4.192993576763048225e+01,4.243664119074441743e+01
2.685110350406047619e+00,3.493956955876965642e-01,7.950143993844460688e+00,1.124311167415998680e+00,1.279567624997123971e+02,1.258947385140156143e+02
2.917347342824125001e+00,6.569313068580939774e-01,5.914407818866426858e+00,8.520756709952583829e-01,1.405931733149610068e+02,1.408167290515619641e+02
4.783989249833053847e+00,1.294776626736582115e+00,3.686786975414257483e+00,1.145670889986715624e+00,1.436042926817267471e+02,1.429636677795355411e+02
1.319601854245932460e+00,1.346699742760093521e+00,8.117710151103608496e+00,7.535439471779360465e-01,2.599509610272277769e+02,2.584252298080154446e+02
7.186758583892518537e-01,1.825968379463259073e+00,5.894470524447291027e+00,3.556502298369657034e-01,1.070014738460315584e+02,1.082988121304828155e+02
3.321463319577475204e+00,2.950672054635882779e-01,9.289513014632227339e+00,4.553306023881236175e-01,2.063350056143804636e+02,2.034923182007156299e+02
1.894809120736367092e+00,6.703519447213501792e-01,1.554085121146432158e+01,9.800513980210793230e-01,7.129888434037648040e+02,7.130452765212564827e+02
2.976245103137447945e+00,7.227249717542352236e-01,1.041146313648347110e+01,7.374851414966306917e-01,5.201623545304951222e+02,5.176493597057344687e+02
1.649776237349253938e+00,6.721017497434425003e-01,1.408867235651037397e+01,8.946791625073365894e-01,4.951633475097711425e+02,4.989619027243547862e+02
3.606596044151823666e+00,1.051587888428149542e+00,1.706995443668939316e+01,5.929142719814790574e-01,5.596738393774403448e+03,5.600827051431826476e+03
1.066193837102245690e+00,1.815211651469100129e+00,7.529589380554176259e+00,1.191185748776493414e+00,2.407304967249035315e+02,2.425621467582411981e+02
2.803491164235869082e+00,1.638058102748164435e+00,1.506715452711323877e+01,2.378601684399002381e-01,4.134197673812036555e+03,4.138131154333922495e+03
3.971939376289263191e+00,1.394875195783491506e+00,5.431104526876217697e+00,4.907000637721102843e-01,3.303089296579452139e+02,3.316338991110224583e+02
4.515112642384642605e+00,1.079079945477300351e+00,4.027096080598356664e+00,1.020590402707610006e-01,1.740501016907725500e+02,1.752731922367904929e+02
1.975333889127247167e+00,1.664424672101000757e+00,5.692729253599059014e+00,7.624006070816321534e-01,2.258704969402445499e+02,2.251574531055617001e+02
2.969155927908731396e+00,1.168371133538632645e+00,1.986881510761952185e+01,5.307322012710886661e-01,9.188976181834606905e+03,9.187322368866723991e+03
4.789105182883140799e+00,3.988091770275284942e-01,1.987147760730001167e+01,6.557593902822592691e-01,3.794888637690787618e+03,3.795281081867421108e+03
1.123004744759577012e+00,4.275914253358445438e-01,1.145196373937193179e+01,9.741803940042819132e-01,1.504213913708891823e+02,1.494867551320592156e+02
4.235963862421746384e+00,1.635946379687418295e+00,1.523936434944181073e+01,3.826977032288905178e-01,1.228427314829564239e+04,1.228353324430720386e+04
3.797327798344558136e+00,1.271896229417586843e+00,8.787015781128218350e+00,1.098105739235279099e+00,8.009841103550405705e+02,8.025778722902244908e+02
4.847150879682195601e+00,4.992750082212302765e-01,1.144456498259846278e+01,4.110416102691013540e-01,8.080025285479093782e+02,8.078823865302077820e+02
2.698463701481311983e+00,1.531830631151156030e+00,1.179742634510311028e+00,7.485456946895920893e-01,-5.806680877522664375e+00,-8.793918164636552959e+00
2.548709562452999400e+00,9.326185151786172689e-01,1.282816524738353436e+01,4.118726616732850676e-01,9.197582525859234011e+02,9.194586247674039896e+02
2.954007484412059181e+00,2.050107537122446699e-01,3.729499897142399156e+00,2.608537763002723997e-01,1.246547440895621861e+01,1.107113998120449239e+01
2.125362801761135678e+00,1.064097292293296970e+00,9.616422554394855382e+00,1.339395136883700932e-01,4.598982316530180015e+02,4.594406683795937170e+02
7.624086174873041521e-01,5.309730655719628878e-01,1.099633364372156485e+01,2.376989367932975106e-01,1.215793777167551184e+02,1.195148435394233530e+02
3.058669866996829079e+00,1.387068673376456562e+00,1.467227648804631102e+01,4.737318409901930538e-01,3.289595889844451449e+03,3.292126791929315914e+03
2.254339050331531702e+00,7.498277986593957500e-01,1.017751829151230147e+01,1.602674431566011304e-01,4.007522756079115993e+02,4.046882461953966299e+02
2.773947574005742212e+00,4.681745521246115094e-01,7.926425507018809213e+00,9.882666133213809934e-01,1.807572464556953378e+02,1.786637948564196847e+02
3.647981365955015765e+00,3.509415624545543788e-01,1.816797340468543354e+01,1.542073004916391932e-01,1.370685927720853215e+03,1.372112570177770522e+03
2.272181781155356184e+00,1.705454082435372776e+00,1.046005214515357018e+01,6.880731704703091367e-01,9.221514595987387111e+02,9.234765140673098358e+02
1.229533908539524045e+00,1.044841174845933418e+00,1.250646930156701231e+01,4.873109065350474944e-01,4.380864967240002557e+02,4.360662994083147055e+02
4.238419576208189099e+00,1.133326929335536803e+00,1.686195826597504777e+01,1.127379540455547779e+00,9.290944831463266382e+03,9.291275434467543164e+03
4.748935485389618627e+00,1.716127717555943066e+00,1.095190498769125931e+01,1.108105143587658770e+00,3.545531177069472506e+03,3.548481423505680141e+03
1.556529451914678397e+00,1.220918161037956029e+00,1.699563102190542185e+00,1.982309514284815721e-01,8.900682778109217708e+00,1.072183578449061336e+01
3.248706648505978123e+00,6.802284689416259189e-01,1.499402479729930349e+01,8.942725689174503279e-01,1.376394482811894022e+03,1.379759152456781749e+03
2.198101786823690063e+00,1.298774566067107283e+00,1.364444074368566717e+01,7.480532619240278791e-01,1.299308554762579661e+03,1.297092602098594170e+03
3.658475623326243209e+00,5.887452221900305593e-01,3.135023686419650790e+00,8.441075719276687206e-01,2.204617028098877540e+01,2.067635461313166445e+01
7.460286468354511147e-01,1.289169572682569376e+00,2.516266045237268489e+00,3.953067724778166481e-01,1.082598758194833266e+01,1.153040403345341680e+01
4.637315543295968290e+00,2.115687072711558980e-01,1.611264798228680206e+01,2.798587017339458916e-01,7.981436540487185312e+02,7.989723536698191992e+02
4.345737567206409580e+00,1.841800863805951316e+00,1.182266343405149378e+01,2.270213077423219872e-01,4.691193760461009333e+03,4.691360683373573011e+03
1.124186553520912346e+00,2.370397417184710864e-01,1.634034759102353007e+01,8.955305850574013515e-01,1.772186350889423920e+02,1.765609945860946937e+02
3.384755766404888622e+00,1.060171791463221380e+00,1.670735155762502089e+01,8.114532126201585704e-01,4.419855020593129666e+03,4.419148320461346884e+03
1.987710757910931658e+00,7.081676599515132065e-01,6.622263056438479012e+00,7.601605360505255815e-01,1.372880744600690832e+02,1.361850838820421927e+02
1.445129478198798889e+00,1.183244929545888002e+00,1.819548974073405390e+01,3.732140346420362853e-01,1.439015529742422586e+03,1.440028108049448520e+03
4.313692457702067884e+00,1.016816157563791956e+00,1.095022338588221800e+01,1.065184300456589739e+00,1.343615949073548109e+03,1.338205314175015246e+03
3.888496582899663156e+00,1.959560651952406252e+00,6.891286773902366214e+00,2.324685416217567302e-01,7.449680951348852886e+02,7.482747681743742305e+02
3.097297542319876751e+00,1.965484759340382803e+00,1.887527999933602629e+01,7.906251851333218061e-01,2.699938941880254788e+04,2.699843932143056736e+04
3.291951899395304970e+00,1.513788805125014791e+00,1.832246699934594325e+00,8.632638885154911845e-01,1.194285269166244490e+01,9.185666788308374464e+00
4.413740628377493813e+00,3.087780107756819548e-01,1.450034423150977148e+01,1.167605129954921162e-01,8.260968568955129285e+02,8.272876841128387468e+02
2.036246052897687342e+00,9.350686762690409992e-01,1.781026185642772486e+00,7.099123763308186064e-01,1.477289791456968260e-01,-2.562714493046878150e+00
2.718502956354146516e+00,1.983309102823077152e+00,1.797850383311997646e+01,2.429871539267196012e-01,1.405138495108711322e+04,1.405225541334229638e+04
1.532202787782701803e+00,1.926532064846361525e+00,8.112685180813411279e+00,7.706627167961870306e-01,4.025080102824259143e+02,4.018007882320156341e+02
2.538960949356774854e+00,1.051186820793680754e+00,1.070473803789525835e+00,9.504258517100570014e-01,-1.379705246806855712e+01,-1.252136621712905296e+01
1.269150661213771070e+00,1.954881063533285168e+00,1.138593363723848917e+01,7.445414925945137430e-01,6.640358821716220064e+02,6.657068544591070349e+02
2.055236516174689498e+00,1.571447795761182320e+00,6.279204410553802518e+00,9.323654353104974257e-01,2.665400321645253712e+02,2.692196454969678143e+02
3.394408709844922267e+00,1.030720271037063096e+00,8.351248442695919039e+00,1.148013078170667667e+00,5.079517397005055273e+02,5.070491428442273900e+02
1.745090506338760727e+00,1.146515684089616238e+00,1.087628992218508728e+01,8.787721863227027086e-01,5.045439727067209787e+02,5.040478284348682791e+02
3.437879814656809252e+00,1.606108319639935278e+00,1.122710517413558406e+01,5.392218196450642154e-01,1.909187671853767597e+03,1.909247398864322349e+03
4.087068065098874214e+00,7.262185061582238088e-01,9.272133280907965514e+00,5.869152222179749856e-01,5.711264814669356156e+02,5.683795995820349845e+02
3.333121148964925506e+00,1.202804954938148985e+00,1.383344832873064156e+01,1.110572942375685601e+00,2.431126345593135738e+03,2.432393599420489409e+03
2.611789428649324840e+00,1.643028786553605292e+00,2.546616147746356695e+00,9.188021788078821750e-01,4.176633650536341236e+01,4.210375316350962294e+01
2.258307929807613856e+00,3.084794539551033443e-01,6.563836989323198701e+00,2.752060749815231078e-01,6.986271831764214824e+01,6.726007329869320017e+01
8.256663013696802222e-01,1.515316239596063097e+00,1.256111245964570688e+00,7.292985731418951678e-01,-1.197173866148070864e+00,1.301148275017026013e+00
3.948059505971582173e+00,9.143099852538387751e-01,1.897046522717856121e+01,5.316641272293048948e-01,9.068246743140713079e+03,9.071055076409504181e+03
4.799550114532438627e+00,6.619786656474878628e-01,6.782252973149613950e+00,2.839290143657401400e-01,3.267339261131692183e+02,3.241753746417114144e+02
1.585529174459678003e+00,1.693450328903877367e+00,9.380392570402868557e+00,2.614376582117693415e-01,4.963619988870239013e+02,4.975810590539954887e+02
3.633434303327119697e+00,9.617849377254967802e-01,7.020724634193298286e+00,7.999792102108258529e-01,3.584027751831973774e+02,3.609781120165893071e+02
3.212449028429990250e+00,2.307970595132676495e-01,1.188172174108747470e+01,7.213017415739808591e-01,2.626374431926722650e+02,2.643904266455319316e+02
4.157338087095174828e+00,1.970184498804956608e+00,3.631108661433636531e+00,7.929438334925568155e-01,2.001806549906887653e+02,1.982906707374971802e+02
3.573505889966846816e+00,1.741814353643421631e+00,1.673396328430422386e+01,1.084685994664146946e+00,1.491763831102113727e+04,1.491491452681944247e+04
1.382337799442647785e+00,1.080345972859768855e+00,8.892261663283871798e+00,9.365670454716393811e-01,2.633198629841980392e+02,2.631585224702245114e+02
1.107129983973219156e+00,1.202433006854126907e+00,1.753909522313373515e+01,1.077202277225361549e+00,9.076574475619934219e+02,9.067336554841596126e+02
2.015653343611742088e+00,1.817779402143555822e+00,2.793497437270119121e+00,5.187449960627499301e-01,5.451975899753365695e+01,5.457117111434090617e+01
1.337577572606960530e+00,1.831542887442504597e+00,1.946239351349570512e+01,9.406352780700377725e-01,3.068657435454692859e+03,3.068517878511312119e+03
3.210693093602077219e+00,3.386824507161694253e-01,1.096439026548036111e+01,1.132317832125744550e+00,3.072360808024633911e+02,3.083560927977559913e+02
8.953948635217316987e-01,1.829113338956505741e+00,5.950221780445802189e+00,4.259279861588382010e-01,1.341370828147699967e+02,1.330799461397877792e+02
3.538771616747023341e+00,9.338007762289439739e-01,1.471137262745950203e+01,1.202461339305162802e-01,2.337208160932054398e+03,2.336947481859738673e+03
4.034029632014853206e+00,1.445676752875856730e+00,1.982976831617216362e+01,2.271267805148107777e-01,3.813347380997770233e+04,3.813947193710670399e+04
6.860614429681333171e-01,1.001959961860170445e+00,1.252060061234398702e+01,2.462901539665762196e-01,2.508769380793634127e+02,2.506780752332843463e+02
4.492460974397690876e+00,1.433928329604869489e+00,6.029979870131054298e+00,5.314901273390852943e-01,4.668768182229558761e+02,4.684093652045530689e+02
4.191380579807487905e+00,9.492535814261864324e-01,1.551287178380546905e+01,1.116733559923613228e+00,4.185423007052492721e+03,4.186058127486428930e+03
6.920305762120471105e-01,1.392004156681303284e+00,1.967283132632150355e+01,5.654364010146831765e-01,7.852207889955849396e+02,7.857137651655461923e+02
2.964253968926963800e+00,1.413602997663232719e+00,1.635614657906939584e+01,2.735490452400104466e-01,5.126782590397642707e+03,5.125014320387049338e+03
6.246444103623475241e-01,1.379087355981953422e+00,9.553907563623363686e+00,1.033413128170026285e+00,1.832725929008502703e+02,1.843811686009182438e+02
2.645821957325265927e+00,1.080038760059968794e+00,1.384859455820235752e+01,1.448258409004056224e-01,1.430616149138276114e+03,1.430566364891446028e+03
8.648179548136052386e-01,4.783494796084523659e-01,1.637976547252807435e+01,2.752105946784234591e-01,2.658897465782268910e+02,2.675770907133115202e+02
3.091438482410756361e+00,4.436240021730908367e-01,5.348534985680380771e+00,1.014456002094470621e+00,7.069281751882975584e+01,7.484664517439919962e+01
8.469126702977458621e-01,5.247628750476588388e-01,1.249308639344847194e+01,7.955173912902357980e-01,1.668570633817028011e+02,1.672767945966105572e+02
9.013156865304906562e-01,1.141897301912881968e+00,5.295738650336845765e+00,1.901404254109539949e-01,6.797492269804421028e+01,6.954752962273686023e+01
4.868444800450388854e+00,1.010450225782746791e+00,1.580664793439148852e+01,4.659668026242461680e-01,7.473295799034509400e+03,7.471297849661063992e+03
4.138894286477830420e+00,3.464204885777084630e-01,1.179076701272219907e+01,4.381747834746372305e-01,5.039737321628266500e+02,5.042559027562734286e+02
3.526905457862476112e+00,1.809078899372647653e+00,5.154025518871834244e+00,7.594486556994346493e-01,3.293945106190434444e+02,3.325452758209527246e+02
4.043090378316700040e+00,1.118394355212802616e+00,1.569057242409087038e+01,2.309973603715118340e-01,5.569670786429890541e+03,5.569598229863573579e+03
1.462130872853935726e+00,1.025396305208286396e+00,1.314875216446737305e+01,2.900315985373147498e-01,5.662320249768692975e+02,5.650047932939120301e+02
9.658844925180956054e-01,2.583226489320099017e-01,7.246120736977002430e+00,1.014927439457856018e+00,2.497812801452201015e+01,2.543733665776109376e+01
1.949368122599358877e+00,1.861162577362533099e+00,1.232346541747487834e+01,6.847772847861856027e-01,1.288408945091784972e+03,1.288085575876156781e+03
3.924432035771533656e+00,3.699631943877345064e-01,1.880414223877241398e+01,1.757482244618184253e-01,1.854956220857603967e+03,1.854520691124503855e+03
3.899424259833161877e+00,4.328336099270254644e-01,9.209678952505743865e+00,2.792894352592658058e-01,3.444084791032291832e+02,3.437085059221512324e+02
3.729196379813111140e+00,1.399651426771543861e+00,1.019203560416549514e+01,3.170094299752836964e-01,1.333025723606595875e+03,1.337044055344858180e+03
2.376445149575385773e+00,7.112355796091069937e-01,1.770553845190994480e+01,1.051483714198682362e+00,1.490834456895714538e+03,1.489137220515987110e+03
2.789106428392095882e+00,1.231961400122966843e+00,1.413320321076323260e+01,2.175403776461921901e-01,1.989881276603257902e+03,1.989099994116551898e+03
3.830007207069332953e+00,1.356878115516829464e+00,5.838253516436981982e+00,9.425609567503291375e-01,3.476794727545419619e+02,3.465829920257507410e+02
3.143856415455826170e+00,7.359922244355772136e-01,6.868236871972745128e+00,2.456587927001113447e-01,2.500196987077665653e+02,2.525439217079362777e+02
1.495890818072372230e+00,7.296447091096598392e-01,4.784243061267085650e+00,3.505070001550860681e-01,5.502195993439963217e+01,5.450801166502619566e+01
2.615553572517296921e+00,1.629006425225333343e+00,3.726241746989264580e+00,4.087359364392753047e-01,1.237968714819768081e+02,1.264491233814649433e+02
4.706793634497572931e+00,6.823989658242843870e-01,1.918030791860985573e+01,5.100435118703309234e-01,8.295947004799130809e+03,8.296323444813197057e+03
4.824818310548313782e+00,1.931813668662009542e+00,1.120844526071057246e+01,4.916540887356789513e-01,5.118721811445268941e+03,5.118718320468609818e+03
8.485613920159282841e-01,1.481403848158060255e+00,1.697662021936059773e+01,1.040117143632917296e+00,7.611965912331639856e+02,7.583181660179844812e+02
1.038564391583683300e+00,1.351464899462853975e+00,1.107806068102649988e+01,7.417516673327273491e-01,3.725870079915072779e+02,3.750526707750340165e+02
7.610663019977048638e-01,1.739644901051512926e+00,1.105073557079356839e+01,7.674694698418399463e-01,3.490075463447442985e+02,3.501322146782053437e+02
2.773951236628589001e+00,1.589078931455077504e+00,4.932320910518694035e+00,8.367078182707864409e-01,2.171864156407096402e+02,2.180390918880860056e+02
4.541694052329745546e+00,4.178418638445561273e-01,1.384378188719272096e+01,3.234262387849713427e-01,1.028598534730812844e+03,1.028406182007101506e+03
2.817178640040666870e+00,1.250461858234419799e+00,2.418445699702613805e+00,5.602786529308499963e-01,3.130624914349075638e+01,3.051531175536112883e+01
1.997013737435472169e+00,9.616082068228171131e-01,6.662177317054041481e+00,1.057183418501758121e+00,1.849743717351410623e+02,1.824805963010355185e+02
4.464989575011527378e+00,1.248764890517130022e+00,1.358808661822746267e+01,6.520165156075773405e-01,4.433636129444759717e+03,4.435569989803667340e+03
1.586540848083976440e+00,1.324961256917209340e+00,6.753526853114902195e+00,8.023538267136010038e-01,2.114229439220791846e+02,2.120031833940488184e+02
2.972861930451876411e+00,1.108403652068915113e+00,1.385429591395111260e+01,1.075992112503804332e+00,1.765244757776423285e+03,1.764568873408388072e+03
4.484626301712133056e+00,3.769742520586580881e-01,1.625511755726961738e+01,4.873776010522273827e-01,1.449539777413563115e+03,1.448321420970798044e+03
4.422092251796710727e+00,1.403427906663107683e+00,1.862595480062628184e+01,2.592870489803458245e-01,3.173504891777553712e+04,3.173532338506399537e+04
1.094796121772733999e+00,1.301255596351377886e+00,1.603778468445507244e+01,9.404641848357029321e-01,7.883762347314248018e+02,7.882369115508399773e+02
1.872838186737680655e+00,7.023519535984763529e-01,2.927769016798057677e+00,3.645879928054840402e-01,1.918176199170775220e+01,2.250998180605818533e+01
2.334985507557054252e+00,3.429135232498424779e-01,1.143348038735044803e+01,1.128043549787832944e+00,2.473626046941031973e+02,2.489529704617704340e+02
3.976378050958743415e+00,1.856864281257027738e+00,5.543949690657276719e+00,8.369625876195463388e-01,4.329703158032195347e+02,4.318208608666521400e+02
3.590081247701021105e+00,1.448722672475470041e+00,5.353484396838720016e+00,7.101926691706413886e-01,2.974788860482693167e+02,2.953104966472198498e+02
2.915286540820634542e+00,1.149765391730674713e+00,1.849246977285465121e+01,7.237811865978530657e-01,5.857194833639157878e+03,5.856765919189489978e+03
2.195864571943541677e+00,1.125160239598234524e+00,1.668369039707169321e+01,3.327391835680684196e-01,2.028307213124857526e+03,2.026527121879350716e+03
1.791098178175444255e+00,4.844572279080694432e-01,2.555010527286179389e+00,1.040856986312803656e+00,-2.397264983085097612e+00,-2.201780846951883142e+00
3.121126148565341651e+00,5.378496635520286784e-01,1.582925109198204439e+01,6.834313348305948166e-01,1.152753024562803603e+03,1.153605137818050480e+03
4.117180460510784457e+00,1.635067310259926909e+00,6.681680346524238701e+00,3.117947208439866280e-01,6.138884402103599314e+02,6.152057113204442658e+02
2.080764772107792204e+00,2.751573053032349003e-01,1.002990783815446463e+01,4.119854018215639568e-01,1.424898468530332707e+02,1.433680341290967704e+02
1.778776614966646630e+00,8.632657796555434082e-01,1.325891607569734809e+01,4.416870813781464955e-01,6.016127394219827238e+02,6.012790000022864660e+02
5.441066120215374280e-01,1.921476398200121061e+00,3.762316792887285377e+00,9.280191824385106703e-01,3.021727905312499729e+01,3.146666735840295814e+01
9.967130010656736205e-01,5.587639706359752712e-01,9.240411701558555180e+00,3.949024809860072205e-01,1.159278241816406450e+02,1.141993277026314928e+02
1.090629633787854935e+00,4.839941389543622186e-01,9.837152706766920218e+00,4.402473507431770017e-01,1.246582955644702508e+02,1.245526476076649658e+02
2.444923678526079058e+00,5.909589855717742868e-01,1.483505935630148720e+01,6.352934744927668520e-01,7.713453293649301941e+02,7.730225622599402868e+02
3.991255295580554474e+00,5.781670701245740229e-01,1.197094388508926421e+01,1.093438320297912547e+00,8.043709124464685374e+02,8.050003228269634974e+02
2.319735879063389739e+00,1.367445474881825440e+00,2.478504953066028804e+00,9.329316202436702676e-01,2.530156243784033165e+01,2.281371226827848275e+01
1.157192329495558170e+00,6.409262118671088526e-01,2.016494728408834813e+00,1.439205035633055740e-01,5.002856694341635269e+00,2.748221867681209130e+00
1.255646164595372039e+00,1.052468368001230781e+00,2.479106825805973635e+00,5.130140711194326464e-01,1.214698567427891618e+01,8.973664146956732424e+00
4.787982089312368572e+00,1.782107265062704338e+00,5.774147850731777609e+00,7.406593996160099058e-01,5.474582294154597548e+02,5.511243477975469887e+02
3.290829038514775373e+00,4.125949682119273154e-01,1.802799541125122218e+01,6.335310292552226441e-01,1.359183299884338567e+03,1.356142880849252379e+03
1.834153441987236954e+00,5.365933957571709101e-01,1.253948273508852473e+01,1.097481430638278965e+00,3.549352772683002968e+02,3.547192132029770164e+02
4.300097312649143078e+00,5.369258027646995890e-01,9.745922956416029237e+00,1.161586079387884940e+00,4.922168856172264668e+02,4.959513772438359638e+02
4.763500238926054564e+00,1.177312536772683549e+00,1.567774475385838784e+01,2.648877101130586165e-01,9.390740923565288540e+03,9.392957551237228472e+03
2.960169669557689343e+00,1.047673165186040700e+00,1.889350142396823529e+01,1.054914971719396188e+00,5.599733667942168722e+03,5.602431294019970665e+03
2.538694754417693655e+00,5.755556319442478586e-01,1.741706484830450208e+01,2.438339031675672564e-01,1.224119358287563045e+03,1.223185453650490217e+03
2.239524258238723586e+00,1.285033934398313704e+00,2.340887476512934828e+00,4.660133684993893466e-01,2.524627632758411622e+01,2.678918680141502406e+01
2.187899249285134573e+00,1.258753107834699181e+00,1.044817088166371732e+01,9.505573322183547003e-01,6.383502574621504664e+02,6.445066239566274362e+02
4.388600567200933611e+00,4.706165956397759809e-01,8.718257484745596031e+00,2.460833440078000756e-01,3.734883663950134292e+02,3.734815099599316000e+02
3.704526089872790973e+00,1.040501214302555599e+00,1.468283444715943276e+01,1.712265722372329213e-01,3.007208143701975132e+03,3.008101756925455902e+03
4.602284329572204236e+00,1.226607929050971935e+00,1.500557458776674657e+01,2.314097684354809448e-01,7.446662641219892066e+03,7.446099449167009880e+03
6.488877284077494423e-01,1.265786421279261997e+00,1.930324602154980695e+01,1.087607236847344394e+00,6.345759310024384376e+02,6.346175157083442855e+02
1.092695337095906716e+00,6.877708836560467720e-01,7.130465765570308534e+00,1.059492729804333067e+00,8.556823807103295110e+01,8.638428899640071279e+01
2.861329525744719326e+00,7.577178222866909341e-01,1.413842230017532486e+01,3.597234047675214041e-01,1.103645596420558377e+03,1.106488347707463390e+03
3.141470359355814423e+00,4.697474948645371517e-01,1.671066372252089849e+01,1.182616806065119652e+00,1.157971126484879278e+03,1.156240177008629189e+03
2.435979847069062121e+00,8.249197720564072078e-01,1.828275195965463595e+01,1.873988627141553454e-01,2.146748711341740545e+03,2.143961934855150048e+03
2.829074967364662907e+00,3.492247956089968852e-01,7.725422949878857359e+00,1.007731257840716044e+00,1.272073217791199369e+02,1.273295147584838674e+02
4.556027470043678029e+00,7.576610148733886607e-01,6.862125277314998328e+00,4.429852641399398827e-01,3.518713391213569253e+02,3.523533986388883363e+02
3.032922590339082181e+00,5.019556086934030548e-01,1.484811913735034850e+01,1.004206143323849831e+00,8.533443972374841451e+02,8.562388449127703325e+02
1.679318143146303344e+00,1.513440323664474008e+00,1.751161433668759315e+01,2.329435433844631032e-01,2.329793903657858209e+03,2.331301437772512600e+03
2.749287253404400388e+00,6.193582674134072708e-01,6.478981800698459637e+00,1.805794763052007423e-01,1.692814176928260395e+02,1.681052036036248012e+02
1.839583184952892303e+00,3.702542837951849908e-01,8.441331155308260392e+00,6.161144196300335496e-01,1.135799336198794833e+02,1.147862493171635805e+02
3.337251817246097207e+00,9.468696405426619833e-01,1.759530775208722986e+01,1.042842848735555217e+00,4.384782496499215995e+03,4.387087781178896876e+03
3.143167364108004236e+00,7.367655725654520538e-01,8.947813981710753595e+00,4.779084322279870678e-01,4.132257134018846045e+02,4.138712372166231717e+02
3.686126928404974024e+00,3.241458112950391102e-01,5.367534997457431345e+00,3.913986559658900743e-01,7.181432432555858725e+01,7.120780920408604686e+01
4.883135013653880918e+00,1.513133598532088619e+00,1.426369428357117997e+01,6.919028275465168853e-01,1.054511589886530055e+04,1.054654229798684537e+04
2.743887037126367723e+00,1.945664477917832702e+00,8.903675144196370184e+00,5.415824102140731622e-01,9.038772182889850910e+02,9.032402429215702568e+02
6.691392471414154830e-01,9.703519259330473101e-01,2.447974745084683601e+00,1.137880319052531619e-01,7.949758474671958730e+00,4.287699706362507968e+00
2.727162583071946589e+00,5.226289395103014268e-01,1.434833380330376329e+00,5.365455256288316210e-01,-7.364797443957876055e+00,-4.631238578955197305e+00
2.785651974300803690e+00,7.845597677200084608e-01,1.617891313811856691e+01,9.142320179001044433e-01,1.647167834269966988e+03,1.644659125227458389e+03
4.058345985782089826e+00,1.831709434594840591e+00,1.286199379352927785e+01,1.585043759391429607e-01,5.853458260535053341e+03,5.852858431317434224e+03
4.674600382936560550e+00,1.824922630240295218e+00,8.801412947249918517e+00,1.174714763490819269e+00,1.678708141915465148e+03,1.678144477750108081e+03
1.225524667881239926e+00,1.651344581496261732e+00,1.156781940603478986e+01,5.761220293635173073e-01,5.648900781180072954e+02,5.642867162149415208e+02
4.486613620861795937e+00,6.796131169471095745e-01,1.569114164809096401e+01,1.020907366287753915e+00,2.873349553974475839e+03,2.872845946964180712e+03
1.276944728422785724e+00,1.374017473328039474e+00,1.204473952971775752e+01,1.190108875934624111e+00,5.335025336425608202e+02,5.306865920900474975e+02
3.156078176065297392e+00,1.132076479492439391e+00,1.825681557813205913e+01,9.678581770169073506e-01,6.485635950489222523e+03,6.486750705260272298e+03
5.210069289744948540e-01,6.003645868315479195e-01,3.171524035074738013e+00,7.471161322851243014e-01,3.745080301145282231e+00,3.861729740725263316e+00
4.302461654160214088e+00,1.571364162679662169e+00,1.932717086702842479e+01,6.438495274552696879e-01,4.968042311826778314e+04,4.968056220414680865e+04
2.354770393790859728e+00,1.410834203077677707e+00,7.922055167262970876e+00,2.066971923513583054e-01,4.434159872793513273e+02,4.456190039351694168e+02
1.475201897708983356e+00,1.938941961357097954e+00,1.409014740343763172e+01,1.061999275137740506e+00,1.326331712402456560e+03,1.328589091493857495e+03
4.757734929626516340e+00,2.654986736851857043e-01,1.271676840545383236e+01,7.185660084105098822e-01,5.417839826709698627e+02,5.445190316546369331e+02
8.862136904833480822e-01,1.984692791482667529e+00,2.841180735918440892e+00,8.981603346485208528e-01,2.534541476358778311e+01,2.910308389028267584e+01
2.083800057776642678e+00,1.458376004979599072e+00,1.056374249668346899e+01,7.542931190087320825e-01,7.211543716312813785e+02,7.221169194765751627e+02
2.597943495831056104e+00,5.417248014534649103e-01,9.236763932445391845e+00,1.348427947318227293e-01,2.886165393795718046e+02,2.855961068362317974e+02
1.688724690439652898e+00,1.659183974638351877e+00,3.980532773611128672e+00,2.817893503291674095e-01,9.801699018535214236e+01,9.849844930109085794e+01
2.109759360480120360e+00,1.705698801054559732e+00,2.963225581201697878e+00,2.356143826459890789e-01,6.658393676004808981e+01,6.666556307066062459e+01
4.297752752835998891e+00,8.943364978914412067e-01,1.188627431452481531e+01,6.973959462921091035e-01,1.470621606279057687e+03,1.470815337527095835e+03
1.385084143839170334e+00,1.660626977302821494e+00,7.180939227294294014e+00,5.900866855665000132e-01,2.604428896324789093e+02,2.592979175076897604e+02
3.005709979206984350e+00,1.147907164731593932e+00,1.080616274127113741e+01,1.149471116636028967e+00,9.065715147592894709e+02,9.048495663577178902e+02
1.455728075437251023e+00,1.749531405646516991e+00,1.305899878783565526e+01,4.323573306340044997e-01,9.480754835471891511e+02,9.497241361954486365e+02
3.286963180767667136e+00,1.837388045843801887e+00,1.466744793197508834e+01,4.528377113012584942e-01,6.653107505859588855e+03,6.655103212845880989e+03
1.626835503830602381e+00,4.890859088044686720e-01,5.161729377705094102e+00,2.927849826509661968e-01,4.705412234984071773e+01,4.487434724891321736e+01
1.919230748450422741e+00,9.885225535671340324e-01,1.011935421683742931e+01,7.424786370287095316e-01,4.216209583912286689e+02,4.227559644685896387e+02
2.870556825199288564e+00,1.897875441773878791e+00,4.518482412220931721e+00,2.396097023921774927e-01,2.347531085531723534e+02,2.344709274366818192e+02
1.633077755571521461e+00,7.305921368108079239e-01,1.625534347437344707e+01,2.572452634078109535e-01,7.324231839304266032e+02,7.317033700291634659e+02
3.783352731191921947e+00,4.730344204975089895e-01,1.921584680586294169e+01,2.643467131075225574e-01,2.636652560005800296e+03,2.638076751598255669e+03
1.510655109160863097e+00,1.768587225138142260e+00,1.878158474775808529e+01,4.661251993659314419e-01,3.212111683909323347e+03,3.212064463560138392e+03
4.267953724185360009e+00,2.069357145178084001e-01,8.879633091432541647e+00,1.035475086918271392e+00,1.523298607033876237e+02,1.512760696631329722e+02
3.653611947714618946e+00,1.811300122809308855e+00,2.081094797307254218e+00,1.137881520251405432e+00,3.025513279457934956e+01,3.042045474120392257e+01
1.081518958877786263e+00,5.198112727024870594e-01,1.364874683008945055e+01,6.302287368177880156e-01,2.489667147230754267e+02,2.450260132524877861e+02
2.840698554637987261e+00,9.415110376433779571e-01,9.407123020504551292e+00,3.574145247783603319e-01,5.194079129781927122e+02,5.182743531707269540e+02
7.978986973308346276e-01,1.754817483335872286e+00,1.581751090223127765e+00,9.562946912893526275e-01,1.163510679743377185e+00,3.334570183076633887e-01
1.274695125110166583e+00,2.136316396857025901e-01,9.868702134218974464e+00,1.847818136336351613e-01,6.671509534454101242e+01,6.396634735705600860e+01
1.908014721335671959e+00,1.617841413827977526e+00,1.643731403011489789e+01,5.327446229240612174e-01,2.604038328305083724e+03,2.604437635963552111e+03
3.685336023331353239e+00,3.713358534929148691e-01,3.585043372801016925e+00,9.169670334230216602e-01,1.275675884715226616e+01,1.333732003069972549e+01
3.282264184618074232e+00,1.352845015065860412e+00,1.955951115990149702e+01,2.190011129192901418e-01,1.567201106076730321e+04,1.567084632615544797e+04
2.894145405991830788e+00,8.768726393169232747e-01,1.381521832129800664e+01,1.844316405683314453e-01,1.253171690587036437e+03,1.252868206607027787e+03
1.320636426572891153e+00,9.718047091991737219e-01,6.452457812947365312e+00,8.512678923223637728e-01,1.200096510766250617e+02,1.213906347057814372e+02
1.838597551386579543e+00,1.757392275028803574e+00,3.414005416749665400e+00,3.425638330025491118e-01,7.996000762794560046e+01,8.211236128802478618e+01
3.589522590314375705e+00,1.326140823334325924e+00,1.891734299286877086e+00,8.652110987411493204e-01,1.046444396109514940e+01,8.975235837917809434e+00
2.707637060818305574e+00,5.423036081599754699e-01,1.460392371839092007e+01,4.930009249165648866e-01,7.755045903672125860e+02,7.762117430486056264e+02
1.951881013405408316e+00,5.074951678128127863e-01,5.208160494084192571e+00,8.357075470191464017e-01,5.137190039865966185e+01,5.347343257391439408e+01
8.105372238919855699e-01,9.131729383815325729e-01,1.065145252897258743e+01,9.499613639799311393e-01,1.963518800133787749e+02,1.963166727673815046e+02
7.071725231323093830e-01,9.709657456199061176e-01,3.798706030555106139e+00,4.954892677717183114e-01,1.988061526408331048e+01,1.836042009443261946e+01
4.659776802851496313e+00,7.702827468596142868e-01,1.867312174045892448e+01,5.953564797973061040e-01,9.026008677046174853e+03,9.024496063906113704e+03
2.372172837814606527e+00,1.085766545544704975e+00,1.691115438969839513e+00,8.234170931871622745e-01,-1.071223673072875471e+00,-1.696975803494842783e+00
4.516892824730239120e+00,7.620573592885793168e-01,8.491960227857004995e+00,8.078165959664727058e-01,5.384444681192780990e+02,5.363951249235569776e+02
1.592313891168235296e+00,3.784303050675043023e-01,7.681963768974133799e+00,7.149259958180421703e-01,8.003271807467828580e+01,8.407285221429039268e+01
3.156302056354775676e+00,1.598013676767032099e+00,2.759522229173342112e+00,6.050309065719469137e-01,6.826987995234844675e+01,6.714269143874086865e+01
1.649716311230222443e+00,1.334116803858498956e+00,1.324175482013550997e+01,5.243182623906342821e-01,8.490635445594413113e+02,8.498309831750182184e+02
4.470966145028322458e+00,1.790974434099706913e+00,1.821975457559003786e+01,3.174231564910548475e-01,5.446708275805439189e+04,5.446745869511982164e+04
1.506844466394213322e+00,1.321212083548395588e+00,5.474645258973860784e+00,1.091831600780505340e+00,1.280844081004821930e+02,1.293664030680677115e+02
2.955896704706786338e+00,3.767755389829836599e-01,2.064838248847268964e+00,8.231769740106458233e-01,-1.074887432384132424e+01,-1.151310963800883691e+01
4.848838252101796975e+00,7.549056645775973351e-01,3.841109700887084699e+00,4.734513734613832181e-01,1.037527634329605064e+02,1.011598025891308907e+02
3.785294753974092874e+00,4.196766053644506722e-01,7.165938726415657989e+00,1.060979518182869841e+00,1.716006295790190279e+02,1.748800648600031877e+02
2.995316136704524901e+00,1.522758708726678289e+00,1.597313870475497666e+01,5.496360213396441763e-01,5.441639710791150719e+03,5.441484672186589705e+03
2.139013397204603706e+00,3.376087232610910371e-01,1.283425342947801617e+01,1.031162767096142296e+00,2.858676070265210569e+02,2.861016033142594210e+02
2.884970819594215641e+00,9.210304638020672119e-01,1.330722528075558841e+01,2.925865626253351115e-01,1.186125110483735170e+03,1.186525830944845211e+03
5.178407084909558700e-01,3.677678230394185732e-01,1.946717939794305963e+01,8.407861823223496955e-01,1.741370691944625833e+02,1.766604281108264729e+02
1.088152690866557748e+00,1.510034304415533102e+00,1.859522123662877391e+01,1.184557429899919384e-01,1.370125718734745988e+03,1.371663854482124862e+03
1.755945963529448761e+00,5.842712302631364318e-01,1.601249716552839075e+01,1.016120742152813339e+00,6.104090243465175263e+02,6.127571529736741240e+02
7.107729758559739874e-01,1.146480140700566475e+00,1.043669471467498511e+01,1.048881689990358357e+00,2.057097967056392918e+02,2.073554624024783095e+02
1.572049116052822271e+00,6.725990438114418657e-01,8.166139878076000613e+00,1.189058791391176761e+00,1.592970866575637956e+02,1.596047800585545815e+02
2.394930285152955030e+00,8.201980426732706775e-01,3.432063236910262383e+00,1.185743607341632755e+00,3.188926141469850251e+01,3.239979900257782930e+01
4.361743571221042615e+00,1.134208627802676617e+00,3.561397735512703555e+00,3.710707806996926816e-01,1.264415453587504317e+02,1.249580150708409150e+02
4.635685978684438879e+00,1.137423029154415843e+00,6.817487628993282200e+00,4.391047687364821872e-01,5.090288468278370146e+02,5.051545335295374457e+02
5.929108465742938261e-01,2.656610293446466375e-01,9.028911990438919233e+00,1.589504325642251414e-01,3.170140959815304171e+01,3.122587333291918199e+01
2.569541792850142947e+00,1.135485460148680792e+00,1.921572188184980323e+00,7.024862915171654620e-01,7.334935099260276203e+00,5.192271444188538254e+00
3.575710073783258114e+00,7.732542566586446675e-01,1.048884240722110395e+00,1.142292605429478414e+00,-2.546339400432541566e+01,-2.028611493924260145e+01
3.885544299449381178e+00,6.015915750424873920e-01,1.354569669821436406e+01,9.909589448303983694e-01,1.142877780276303383e+03,1.145998623646989017e+03
1.216899519317108380e+00,2.708110298283215034e-01,1.009899114526367292e+01,1.116289517871919212e+00,7.631412704386706025e+01,7.865849838535716287e+01
5.325647004204498991e-01,1.258092313651878014e+00,1.073420089033619718e+01,1.920637713500356059e-01,1.847444671828452556e+02,1.836461040552175064e+02
1.622213814046750135e+00,8.734455291513043562e-01,1.656236411234577233e+01,4.363311965655740643e-01,9.116580081643591029e+02,9.157786427004804182e+02
1.913900457313016057e+00,1.190368246301042099e+00,1.788223915413323084e+01,9.947323776459982003e-01,2.192322379281229587e+03,2.188917112844172152e+03
1.342232903438578706e+00,6.136259207955443440e-01,1.238526257995007995e+01,9.570994307220758168e-01,2.909827110601087270e+02,2.885689315731012243e+02
1.492161927375342367e+00,5.159851592520434682e-01,1.789978635914298843e+00,5.714808837127568486e-01,-2.536426508758196530e+00,-4.095072513955344995e+00
3.479001569224783985e+00,2.644452584495622927e-01,2.504667449257411693e+00,2.421338198749627135e-01,4.848119824924451038e+00,2.935213896044897020e+00
1.497780050909985228e+00,6.905844148018198680e-01,8.471293459726185304e+00,1.574258154538089594e-01,1.800179138215312378e+02,1.802860575809219768e+02
1.349810743882773556e+00,5.874484228446341660e-01,1.473817432707250319e+01,1.083600202435950566e+00,3.914962113654648874e+02,3.918870256308054536e+02
1.718797801442843109e+00,1.149303093934722630e+00,6.130047129479848422e+00,7.757780742227886606e-01,1.637949944422936710e+02,1.676180873699715050e+02
2.549290484593373041e+00,3.277532583614124473e-01,1.597741313676375619e+01,1.173494317448839697e+00,5.382358377328500865e+02,5.402337162461557227e+02
1.391825285597322992e+00,1.875504252360414403e+00,1.040816879207040557e+01,3.692875256299472664e-01,5.870982536152986313e+02,5.895431448299681279e+02
2.730281550257445122e+00,1.876690106077544717e+00,1.403124385209315328e+01,6.107212782181661304e-01,3.690779032885828201e+03,3.691619089449127387e+03
4.716360439971998275e+00,1.489729935737132971e+00,1.389944523973441814e+00,5.141842645640736231e-01,6.310203591438101611e+00,6.018885916030668248e+00
4.197930218832675919e+00,1.814734752259580697e+00,1.778332719174332510e+01,3.933114776698298787e-01,3.926943909025081666e+04,3.926806944586526515e+04
3.881121222691279904e+00,1.687838751913047552e+00,1.260225544276626586e+01,1.393335591820037411e-01,4.103036004199261697e+03,4.100020891896805551e+03
4.741208970720895977e+00,1.105537247277338153e+00,1.174802757571226053e+01,2.066586206813225135e-01,2.270675731608695060e+03,2.268939448018529674e+03
4.647511115385182023e+00,1.386212834671407323e+00,1.682269070717222093e+01,9.159022449589715453e-01,1.911806997906714605e+04,1.911731142441806151e+04
2.988670787819677432e+00,6.546572386185804948e-01,4.135144734289793789e+00,2.697705259999475524e-01,7.147477882276989192e+01,7.300358354407126171e+01
3.612765984666819197e+00,1.516715976045124536e+00,6.770290181295477439e+00,9.160372939513867774e-01,4.984342043791576202e+02,4.950644722379400378e+02
2.087054268611258312e+00,1.024456948203788187e+00,1.084956596933439421e+01,1.813795291940544507e-01,5.538125694506418313e+02,5.510831436128919449e+02
2.922467790052766023e+00,1.370596482930453774e+00,1.345801670218961910e+00,8.949470441129194764e-01,-6.849858121433922697e+00,-6.407728593740838363e+00
4.642947364676724753e+00,5.980443102710452097e-01,8.674929289999356641e+00,6.308816491339915844e-01,4.678572632716275166e+02,4.657624946102523040e+02
2.784289412551355536e+00,1.879231997578167279e+00,1.793850438436579253e+01,3.549629096102492332e-01,1.304844336445971021e+04,1.304911726888904195e+04
2.395701111477159362e+00,9.333426992054745241e-01,1.508709257611899268e+01,2.683461743094379126e-01,1.318387604811087613e+03,1.317567255575996342e+03
3.461640402841787090e+00,1.887318777644272583e+00,1.230274559872109030e+01,2.419203979766227086e-01,3.556369636062285281e+03,3.554869065282128304e+03
2.592810548235446877e+00,7.605509581226350679e-01,1.687402269186638648e+01,9.660151122484360586e-01,1.609054601105027132e+03,1.606391461771633658e+03
9.278381801434076870e-01,1.349366035940780195e+00,1.436851152535523823e+01,2.159620601114951854e-01,5.466818551464730263e+02,5.464968995216789835e+02
2.205231156085769584e+00,1.696672274975659311e+00,1.312584078314704605e+01,4.992672769156796253e-01,1.659575474511533685e+03,1.658120992357785781e+03
1.111338370342419335e+00,9.591240609778719506e-01,1.143753941359543447e+01,1.113772987099258094e+00,3.105527587371665277e+02,3.093296892020679252e+02
4.615806565609641865e+00,1.521102585994903666e+00,2.929201967878833468e+00,2.542719482110666340e-01,1.216068333946990379e+02,1.203350264685207520e+02
3.833970324270540075e+00,4.865236385818337839e-01,1.033321256307326230e+01,8.032662691681183853e-01,4.606762298855534254e+02,4.610515872823013410e+02
2.476897230115246096e+00,1.514762409249843955e+00,1.765509740780431969e+01,4.485996103665069734e-01,5.497727443153945387e+03,5.498025902446735017e+03
8.184960393426197189e-01,1.540878541268705826e+00,1.422717442128881693e+01,3.173703511850592962e-01,5.333611054316778564e+02,5.299352630324012807e+02
1.008625938901119179e+00,6.325419579758504440e-01,8.338345522517132125e+00,1.188591813643993467e+00,1.018711195358173995e+02,1.015501398823250554e+02
1.680870209502202339e+00,7.095678624656809319e-01,1.715875907990764304e+01,1.087505937201103556e+00,8.276694535899171115e+02,8.284669192790692023e+02
2.859285616557796228e+00,1.409085674490351048e+00,1.142044272084695500e+01,3.110871368973507356e-01,1.272531409393420745e+03,1.274610332949763233e+03
9.777931031056400490e-01,1.038894060798229546e+00,1.189159674181716309e+00,1.103992312398756059e+00,-5.513883536124279949e+00,-3.947329622998380749e+00
2.132975818681961844e+00,1.103541226375926110e+00,1.923614268492061186e+01,4.450432877421590661e-01,3.188116216202967280e+03,3.188535303813081100e+03
1.314891245871186998e+00,1.578070114589602335e+00,9.664100086401402834e+00,1.047880479491818617e+00,4.073770725821574388e+02,4.050921735044601633e+02
9.683126969410139617e-01,4.674959397459447219e-01,1.681226081982590870e+01,4.913267125670945923e-01,3.030149963801744661e+02,3.014751168169203197e+02
1.043220213589155509e+00,9.853801959429229207e-01,1.830082332025182978e+01,2.443123837467061910e-01,7.618422384804041485e+02,7.636713361898362109e+02
1.042597886186481304e+00,8.340586460555436954e-01,3.595853173668109637e+00,1.122740013219745592e+00,1.696500667062981194e+01,1.556067429014150605e+01
4.241453059230716249e+00,1.596332037767302037e+00,1.582595907247145739e+01,4.318410621689526829e-01,1.440318787137070285e+04,1.440524040059915933e+04
1.310467354584229360e+00,1.408974251274545564e+00,1.282070472415698248e+01,1.068688739005171140e+00,6.383087643459834908e+02,6.408566993514050409e+02
1.001507791639216327e+00,2.251299815287306494e-01,1.774816098403228892e+01,1.188743102712362498e+00,1.762475771605087402e+02,1.741232251845486303e+02
4.238725351351233073e+00,1.208816526461410357e+00,7.089447223337982606e+00,9.532777313003378827e-01,5.195891154574495658e+02,5.204703447791864619e+02
4.824549619716370863e+00,6.838518177692433087e-01,3.564850724664864412e+00,5.384991810536189361e-01,7.322233955121288318e+01,7.299819325411982618e+01
3.804025140515755243e+00,7.418369132515081343e-01,1.482165863962427821e+01,2.117425190968711401e-01,1.954939024747995063e+03,1.958994432041077744e+03
8.283307444803160724e-01,2.815727813191384321e-01,1.625317022439283665e+00,5.903492621293767728e-01,-3.187536129438386823e+00,-1.511444211755409439e+00
1.108524134704878650e+00,9.650292960057551550e-01,1.434257969036106850e+01,9.934304985149723377e-01,4.750443731110423187e+02,4.740234543176441662e+02
1.154857075537213618e+00,9.943691534953271738e-01,1.698673095077187867e+01,5.728135049245642874e-01,7.287461636863671401e+02,7.295607806164002795e+02
9.401824789295406548e-01,3.612487069612327906e-01,5.469552865712193679e+00,7.498143839830839763e-01,1.857185441458315012e+01,1.673648693930418574e+01
2.662453924157855756e+00,1.676344536402584406e+00,5.151300844059480077e+00,5.504762508543888933e-01,2.460290959706970852e+02,2.457261309237889577e+02
7.516300136237983320e-01,1.142427879527285084e+00,3.195690223179545875e+00,1.124901528015228164e-01,1.929992851633304340e+01,1.970990735157252516e+01
4.077130187311203358e+00,1.431118126251252232e+00,1.647166558723477436e+01,4.788282704690457470e-01,1.247441264639500514e+04,1.247471138903598330e+04
2.348334990168860603e+00,6.660232180326913776e-01,7.257653048286613284e+00,8.551098150523276376e-01,1.827136598664358189e+02,1.833291969250452667e+02
1.378735412709619856e+00,1.589965759071118256e+00,3.827810058126575044e+00,1.791321789178089707e-01,7.217705576814674373e+01,7.036317511001703906e+01
9.186180067329552390e-01,3.010800393562040322e-01,1.244558991674051285e+01,3.521985342455651313e-01,1.072352262313927440e+02,1.035286667048085576e+02
3.061158927281226738e+00,7.227966700860997129e-01,1.182525525173542924e+00,9.473034230793703214e-01,-1.779364179801792289e+01,-1.851947137062157012e+01
4.001370118868461390e+00,6.275779761042270533e-01,7.434580997408899883e+00,7.244450481283725152e-01,3.015074114308929438e+02,2.997226970738786918e+02
3.122408830690955650e+00,1.286086921041114550e+00,3.615552016558729598e+00,1.106228003146921823e+00,9.236623835185146447e+01,9.096587008236761562e+01
1.569291555579843234e+00,1.152691764275602937e+00,1.371048603665659549e+01,3.133453368797107785e-01,7.481809766805779418e+02,7.524556487206751854e+02
4.113062691820320360e+00,9.714264393492766381e-01,1.617821690909062937e+01,4.651616837696193052e-01,5.096120885013076986e+03,5.098446660984937807e+03
2.815064480589942075e+00,1.475384731883164546e+00,4.387764418140442046e+00,1.004888137862964159e+00,1.573502156590177776e+02,1.570013133422754379e+02
3.133727838314699810e+00,1.475269207086476131e+00,3.660751057224020499e+00,7.884412361136902136e-01,1.181034345962409446e+02,1.152365636574978112e+02
4.584792366692239440e+00,1.601501272812107413e+00,1.527723241867723480e+01,8.671738627802662025e-01,1.481668934260128844e+04,1.481409295102964461e+04
3.538861970243812660e+00,1.789854457559729495e+00,1.770945079989157733e+01,2.232596427263306427e-01,2.167398140165302175e+04,2.167470379380363374e+04
1.024966098378541579e+00,1.887313514759609401e+00,1.641053892821971516e+01,1.121663288261735891e+00,1.167598966479885348e+03,1.169737664112290759e+03
3.625141172307778881e+00,2.439672105201002306e-01,7.761172267872906261e+00,6.314626565873370234e-01,1.186688954870263615e+02,1.180918656244346323e+02
1.806772844149323376e+00,1.678859485036153121e+00,3.424741953521277971e+00,9.451989521994828003e-01,6.707808898658537089e+01,6.734828832344730642e+01
4.055041145693655480e+00,1.817488322655503863e+00,1.456999870326357360e+00,7.646200312992612602e-01,6.024903846662445162e+00,6.534515311006266813e+00
3.030791952049222360e+00,8.234426279469551080e-01,1.719257905321867064e+00,1.177897532339019060e+00,-1.139985946236989989e+01,-9.267473079736307184e+00
2.933079761257363138e+00,1.439954690900156820e+00,4.417196528419500723e+00,4.739428545307826646e-01,1.727825610070494804e+02,1.690216183074021501e+02
1.136092395135786637e+00,7.062966658405687159e-01,3.896291522471531099e+00,1.751263628999500388e-01,2.669607517152098808e+01,2.700797973987717882e+01
6.220494253605726165e-01,3.377446304195892424e-01,1.271493760915958404e+01,6.416412197102631110e-01,8.299788546301337533e+01,8.380894734235201327e+01
4.886675108841017412e+00,9.827113058184169248e-01,1.958194470978702917e+00,7.197607365254750089e-01,8.878060737061263197e+00,1.077824493190896149e+01
6.366108408871186120e-01,2.285977025878949687e-01,1.637172697739055138e+01,7.302120935959820480e-01,9.606327161084570321e+01,9.685554759692205096e+01
7.331312591306442528e-01,4.419135938451949075e-01,1.289889500261088884e+01,1.368449179708396690e-01,1.350035429788493389e+02,1.328021491933393747e+02
2.563333694213900227e+00,1.854016812307871520e+00,1.847297993946147798e+01,1.906911218345700432e-01,1.181147602950278997e+04,1.181031492235332007e+04
4.718241716328774871e+00,1.829228052671913352e+00,1.772739336974550994e+01,1.383747440698019360e-01,5.752731789904466132e+04,5.752426953385786328e+04
2.936479303407622865e+00,1.544460512113046136e+00,1.043291194839966884e+01,6.273606937554703222e-01,1.139866439581876421e+03,1.140252844534552651e+03
4.965057379461465636e+00,3.089879321245555532e-01,1.121597882086368969e+01,6.653261445363157778e-01,4.869123486139588977e+02,4.872970686827002282e+02
3.721734211760970190e+00,6.935638387111607850e-01,1.861746744903951267e+01,8.467875188019727828e-01,4.134505637768298584e+03,4.135529301007423783e+03
4.193011650340626062e+00,1.757728579937402724e+00,4.018928540173693165e+00,3.963353325770641034e-01,2.373016557992639548e+02,2.353619118254654836e+02
4.186893155405750022e+00,1.346499526555775317e+00,7.184389721254605732e+00,1.064986048221391757e+00,5.852413653518509591e+02,5.829609039869762910e+02
4.743528227106156514e+00,1.821040153666432682e+00,1.302371715842034927e+00,7.674312958495510539e-01,-1.078030091575030269e+00,1.973167022115462022e+00
4.860169188378742788e+00,1.423814653281219700e+00,1.874531485112709461e+01,1.809497880902404821e-01,4.661575798620058049e+04,4.661612235040192172e+04
1.974422543593912893e+00,2.074640382266118299e-01,7.419091856323849044e+00,1.193489195809984693e+00,3.998288688168136673e+01,4.347489372462310087e+01
3.687556416651465163e+00,1.219170568244293706e+00,7.055720072187200209e+00,1.042283197340069911e+00,4.501431319262009652e+02,4.510220202232673614e+02
2.787820974458283363e+00,1.266620470465596560e+00,1.905136985579947506e+01,8.000432013024696420e-01,7.421605113935026566e+03,7.418681699625249166e+03
4.904430642050160216e+00,1.535192061323928270e+00,1.509227504007523368e+00,2.632192761184929397e-01,2.435526234327392814e+01,2.596609590850309957e+01
3.160846761686385342e+00,9.983478492132735749e-01,6.373551680029171607e+00,9.358227985684880457e-01,2.658845508738144190e+02,2.683548115340702225e+02
2.300135722307719011e+00,1.353477746240369761e+00,1.752479171743572550e+01,1.642166207886872065e-01,3.630885039171422250e+03,3.629983592299572138e+03
6.518999994011159815e-01,1.329373956398249845e+00,9.547310132920477699e+00,7.597377032268306518e-01,1.851007501032129312e+02,1.812514328041249883e+02
3.780264029258361802e+00,6.889599252042792887e-01,1.794833944277501203e+01,1.494314667874843405e-01,3.621764923193162304e+03,3.623095405943490277e+03
5.570022805505651098e-01,1.555350471239189236e+00,3.192468161179146779e+00,4.440921460614483118e-01,1.789989013575476662e+01,1.761918499197151533e+01
3.418418815497167973e+00,6.210194733937406397e-01,2.562228077730196674e+00,7.911235402564343877e-01,7.627081102986531747e+00,8.182267113020085247e+00
1.692444382027750827e+00,7.904937024909870491e-01,2.003318778098080344e+00,1.844723886854807982e-01,8.761755467210621262e+00,3.388731608133624285e+00
3.540147405247980661e+00,3.133667296101577682e-01,4.030907134357007315e+00,8.936818776461762370e-01,1.611140830312300665e+01,1.702565842851882394e+01
4.963189472558305226e+00,1.959712120446921224e+00,4.234801012477118931e+00,8.956738025110869694e-01,3.144718048140841802e+02,3.089707732004874288e+02
2.068233160188822417e+00,1.826577990980692512e+00,1.740007410465063131e+01,1.530975606009059853e-01,4.884289489759459684e+03,4.882554677089448887e+03
3.007307195207602035e+00,6.469765471573967197e-01,9.037498915097117447e+00,3.601894227255814096e-01,3.636130599203699489e+02,3.653848627482299776e+02
3.003490219242486603e+00,1.802414603028746454e+00,1.970903579430379438e+01,5.149445848353851884e-01,2.563832006884809743e+04,2.563467111454224505e+04
1.232933847543184580e+00,1.306524998601684029e+00,1.118708498072652979e+01,4.717201894198529422e-01,4.333585413921404665e+02,4.296309359778678072e+02
3.820585826762108894e+00,1.313438609155826775e+00,6.528549934621539208e+00,9.535243285515146994e-01,4.247227656438238341e+02,4.238232076571190987e+02
3.663798768706061360e+00,1.927176317440010500e+00,1.287858709393780643e+01,9.413372596170140882e-01,5.103048315165422537e+03,5.106341635322759430e+03
3.971273894656142112e+00,8.103789169246553570e-01,1.383907147753539313e+01,1.851755667953222662e-01,1.882815150664388511e+03,1.886046455210561362e+03
1.493663642035741423e+00,1.195571642192985617e+00,1.588409135435196973e+01,1.011467077902105327e+00,1.037002778766219990e+03,1.035786213716754219e+03
8.048052704378561018e-01,1.967281925581940261e+00,8.388951880343672229e+00,2.023130992383511406e-01,2.530276671886411748e+02,2.550267126440908214e+02
2.271768453193343973e+00,1.246670132387038166e+00,1.718384952058165283e+01,3.053209881834424433e-01,2.831382325829288675e+03,2.832540158092777801e+03
1.027562932750597291e+00,6.539851506183635976e-01,1.064064340460538816e+01,7.653962555237753262e-01,1.805840176350755542e+02,1.811059809402431426e+02
1.745434381247113143e+00,1.430257390645081284e+00,2.946207680199276702e+00,1.106086927402992304e+00,3.392731795136179329e+01,3.463609443821130895e+01
5.763633914249545187e-01,1.892747903261916553e+00,1.768759010208698967e+01,1.048140803624859174e+00,6.908620759988197051e+02,6.894098583421633748e+02
2.310120148742371260e+00,1.140142222080395840e+00,8.653947814811518313e+00,2.348435065453444992e-01,4.289207770226519187e+02,4.305208651409175786e+02
2.123048654972325977e+00,1.325973822537773961e+00,1.339270145625386199e+01,1.109644877857729472e+00,1.198385504896762086e+03,1.200505441181470133e+03
1.968037512572985648e+00,7.431473249149822546e-01,1.663748663991142962e+01,1.024940650152565524e+00,9.900886465106245851e+02,9.954884685749003665e+02
2.235019182476663424e+00,9.506921389127434008e-01,1.123706425571077894e+01,1.986151079093145255e-01,5.967823961348378816e+02,5.986127883590190777e+02
6.811100399589651300e-01,1.515091457666915664e+00,1.163267670229398121e+01,8.431255410929739957e-01,3.079893454034846627e+02,3.030799059352389122e+02
2.457390868675966900e+00,1.537799329625685107e+00,1.783463403611748888e+01,4.260829143283632048e-01,5.838351098424644078e+03,5.835936894830027995e+03
3.441715770084190940e+00,1.210329865923441606e+00,1.228298633730906175e+01,9.798470589716824497e-01,1.711641517997713891e+03,1.712301727338320916e+03
1.958946947630862079e+00,1.105193416490962033e+00,1.103278083530256382e+01,6.954577714647789399e-01,5.668423710909866031e+02,5.669725093327713239e+02
3.049974250781504193e+00,1.411367272591493416e+00,3.294831462071614592e+00,1.070582583256326936e+00,7.964707927856912306e+01,7.591826030179487361e+01
4.109624203114727869e+00,1.342572388457501820e+00,6.504444963868380114e+00,7.100032426481927006e-01,4.675326181596534525e+02,4.672446848767905863e+02
2.862961691489810612e+00,9.771230282437846082e-01,1.854827731547237235e+01,3.853058428589970497e-01,4.171465589227151213e+03,4.170740157322330560e+03
4.670879003122229811e+00,2.436340149591891824e-01,4.910861698505506467e+00,8.188495467723849730e-01,3.476095182469725842e+01,3.465239440690225337e+01
3.968368849064027870e+00,7.443384388345979374e-01,1.611205566680068912e+01,6.006782098776751733e-01,2.893694841517074110e+03,2.893440310431596117e+03
3.008104891470617659e+00,1.649792458723180921e+00,2.410687291445295255e+00,3.203652285600978589e-01,5.472310274020273368e+01,5.655453192592453604e+01
8.766957059021884824e-01,1.494049558616651341e+00,7.822752118172321190e+00,7.093840707678676916e-01,1.847917045066765809e+02,1.877107122544058768e+02
2.609177453641051692e+00,6.684514360223674512e-01,1.516015094212980330e+01,2.880723547892212189e-01,1.021170270090416238e+03,1.022527545489835120e+03
6.550755613098843133e-01,5.890754100984361141e-01,6.950283939073440997e+00,5.028350680564128705e-01,4.330764954004688150e+01,4.107705599750659786e+01
4.800453068843715698e+00,1.894035090414389222e+00,1.479444864577039098e+01,8.010945385999934665e-01,2.123296861162400455e+04,2.123123225769909914e+04
7.076985413267965486e-01,1.378366322071116867e+00,1.193180439189501563e+01,5.020320629824409631e-01,3.091365718450821305e+02,3.078026819370326734e+02
1.436190234660943865e+00,6.710504002853466821e-01,1.922713772025819878e+01,6.375355634291187679e-01,8.519976748523648666e+02,8.518757847889104369e+02
1.322998421736164332e+00,2.053064630148896397e-01,1.048924329089836149e+01,6.809855862971977425e-01,7.005414410765021671e+01,6.919171434318604952e+01
4.375647746207743438e+00,8.360245920236903938e-01,1.320185051707687851e+00,1.076779137058933467e+00,-2.413519665587504548e+01,-2.484400674783871921e+01
4.584520929301354464e+00,1.298958025511555148e+00,2.326992000927588844e+00,5.291764682424324739e-01,4.869164836852073108e+01,4.683792463069632106e+01
3.767225354849534469e+00,1.776238704286393411e+00,1.210239292247596588e+01,1.161601409403896001e+00,3.529182956548893344e+03,3.531072799102899808e+03
4.340461774703227249e+00,8.152897432456112092e-01,9.450241118432238352e+00,5.981339727308602194e-01,7.157927577543810003e+02,7.174871211119724421e+02
1.671962838528293860e+00,1.286208859051396036e+00,1.640691512360060855e+01,4.301463096935310704e-01,1.471146030242692632e+03,1.473046833383463309e+03
4.529207839991450157e+00,1.837272884079241386e+00,1.497596644928553822e+01,9.404494340902157523e-01,1.779226274894559901e+04,1.779209402538172435e+04
9.551360160182416070e-01,1.829500578696833912e+00,1.641789952248944218e+01,5.933995020168497669e-01,1.027683042106234097e+03,1.028584798989208821e+03
1.892272041660491011e+00,1.735188831585744218e+00,1.234728972345605413e+01,4.152622001887659176e-01,1.143950615267300009e+03,1.142120606177785021e+03
4.366492869992574022e+00,1.357734046210893775e+00,1.687255482063349632e+01,2.743667910518079456e-01,1.539816226429541712e+04,1.539613091863755835e+04
3.608992046436844348e+00,1.284564942706130752e+00,1.043678561342649402e+01,2.395219624885165377e-01,1.226754922574969214e+03,1.225659742687853168e+03
4.700526736088406210e+00,1.488438090490197929e+00,5.986521079159807357e+00,9.807701766896439466e-01,4.823098059656707051e+02,4.834721746621966076e+02
4.319101266365436231e+00,9.370541864852324210e-01,7.986732358459896375e+00,2.648567504515388915e-01,5.649068850649921387e+02,5.646020670096020240e+02
1.449940771281239105e+00,1.549555354733243462e+00,1.381023574891284245e+00,5.393489831982607452e-01,1.862546831219620724e+00,-4.283706214851670246e-01
2.383080771652680063e+00,2.428401994611608661e-01,9.017876382416924130e+00,7.111101130990095109e-01,1.083393749031724269e+02,1.085193261273786760e+02
4.950095085002594431e+00,1.880237084038113293e+00,1.234546645786149810e+01,9.327443779877669927e-01,8.251586985943245963e+03,8.252426691322787519e+03
3.663447185282756813e+00,1.490941220062303341e+00,1.690976611264321861e+01,9.540403331042967006e-01,1.175305157461669114e+04,1.175337223176918451e+04
4.072575031015967184e+00,2.209601793319551089e-01,5.907876363492444050e+00,1.189156413025841630e+00,4.303815963664344224e+01,4.170007948172310108e+01
8.727580317698946377e-01,1.477185242355467221e+00,7.543254117572209871e+00,2.664441208223894964e-01,1.729560128186500094e+02,1.730801790912297236e+02
4.791881290441773800e+00,1.242629229982444183e+00,8.609253000120425270e+00,3.685865052112967666e-01,1.015871544806703469e+03,1.015023755000872825e+03
2.977003482777394350e+00,1.309204359094197301e+00,3.439129447101135106e+00,2.528552388365319370e-01,9.778952724193962354e+01,9.713394600462987682e+01
1.191197887842265546e+00,1.368974545428279121e+00,1.532274541873790596e+01,2.068458502230986484e-01,8.345164796485736360e+02,8.343330936805684814e+02
3.081525438836064446e+00,4.232259872364430020e-01,8.356854904998048283e+00,1.728039281584927145e-01,2.233744375066630710e+02,2.248771807033835728e+02
4.619243753095213734e+00,2.723082372663184758e-01,1.838973750464919021e+01,3.087968330513195525e-01,1.551849589453947829e+03,1.555496167146950484e+03
2.950171699299882100e+00,5.801723697325114060e-01,3.442591085513142524e+00,2.657845955508296165e-01,3.966341500932311703e+01,4.277690332201911616e+01
4.969045752107530411e+00,3.457705367808778796e-01,1.196565841655048956e+01,5.743775415743608281e-01,6.396333173923258073e+02,6.408868038705359140e+02
4.673892863218238602e+00,5.893767900997781695e-01,2.622506624070552128e+00,7.370567014912364767e-01,1.214670421868788353e+01,1.134353595051380381e+01
2.737273210284031144e+00,1.503691123844851596e+00,1.820234758124998109e+01,5.137984675835233217e-01,8.099358553390602538e+03,8.098738499580418647e+03
4.851873363363207403e+00,8.006197649588857601e-01,1.913194399559092984e+00,1.411237548357985039e-01,2.453367138561770844e+01,2.399963554799699850e+01
3.952991473125280208e+00,1.233391557991322607e+00,1.498056737876417621e+01,1.122600624453439444e+00,5.107168436596745778e+03,5.109470518227531102e+03
1.646405697350460162e+00,6.621100184080397355e-01,1.198206284420550771e+00,1.624871299343345066e-01,7.083894457567296854e-01,-4.822249282485876698e+00
9.432059477052876506e-01,1.762693428089362246e+00,9.125679580395880564e+00,2.556277099395999342e-01,3.069942082656843922e+02,3.075098117807603444e+02
6.225461098960904938e-01,3.255773952909287727e-01,4.997685880927907220e+00,3.289424147680716226e-01,1.025306303189164581e+01,6.268084172219458239e+00
2.846526926023356996e+00,1.192261412284553623e+00,4.737249623646251351e+00,3.461683795619936443e-01,1.657026521228927436e+02,1.656949117632084096e+02
3.897324282802628659e+00,1.177917098852817590e+00,1.291674900530211723e+01,3.516551975434970556e-01,2.463059738513134562e+03,2.465708828460037694e+03
1.088428402623783597e+00,1.606672379597687383e+00,1.108610865048066962e+01,1.125360863233034747e+00,4.495168280740865612e+02,4.476949460541461008e+02
1.408636566809240875e+00,1.784260364754117312e+00,1.180785009302825550e+01,4.260870153047318087e-01,7.376719921816295482e+02,7.331062566613657054e+02
4.882215710789907348e+00,1.535711280739731954e+00,1.413453881027547254e+01,1.084751027390810085e+00,1.036225616799980162e+04,1.036485040937562553e+04
4.131522420103479476e+00,4.036068710572590645e-01,6.401758914591882288e+00,3.329194108451529188e-01,1.574543480882461495e+02,1.604659928842695820e+02
1.954695088731639219e+00,1.576975742173697848e+00,9.679723398766242326e+00,6.564832017176571721e-01,6.022495726286276749e+02,6.032467267437658620e+02
4.741998295200538394e+00,1.058398248074832848e+00,9.256097211892416965e+00,1.120257704187795911e+00,9.889879853991558321e+02,9.914985219860084271e+02
2.648206697363309381e+00,6.666134882551930652e-01,1.559598362416406125e+01,2.218349914024874137e-01,1.125498989393627426e+03,1.123894009833174323e+03
1.642702568543950026e+00,1.571408314440128073e+00,8.608517929221072507e+00,6.124338914139310086e-01,4.034982791771593611e+02,4.058435091607509548e+02
2.052537484454421524e+00,1.638446715217231731e+00,3.755713790804697361e+00,5.466173918371540763e-01,9.824837722374957139e+01,1.016496256233209721e+02
1.724769580456922302e+00,1.075599682194342765e+00,6.984662394451210510e+00,3.931033424060774717e-01,2.068113637184355866e+02,2.080917215801511588e+02
3.627964365545565339e+00,1.704551272124953831e+00,1.190792219508609939e+01,7.222442936872859320e-01,2.857482816778815959e+03,2.858044945148710667e+03
2.182379273381413132e+00,1.681262368367437254e+00,1.687543216448592176e+01,1.046094880019022177e+00,4.083940856607736805e+03,4.086507433285440129e+03
3.100152411448673817e+00,1.590082996460314257e+00,2.475180020343645371e+00,8.426156485343813118e-01,4.448445769783108972e+01,4.674835279335193405e+01
3.291647310183012820e+00,1.427242369931006838e+00,8.573327889346428421e+00,1.166562593502130873e+00,7.207638687379746898e+02,7.192662139601480931e+02
2.770296655477293424e+00,1.227207668695616816e+00,1.359684179053090691e+00,3.142327904719296461e-01,5.042321521829124187e+00,7.762374819105641421e+00
2.537104345566572938e+00,1.108085059892533142e+00,5.462485813449585947e+00,3.854504918812778902e-01,1.853367857552151179e+02,1.868260251216456140e+02
2.085244439794299964e+00,1.047475960802010553e+00,6.185583293725807508e+00,5.947330362450909957e-01,1.851631758567425834e+02,1.854805654398675756e+02
1.551272180654551081e+00,8.912554024887393567e-01,1.748391095161140996e+01,7.898702736403041547e-01,1.005647335402761655e+03,1.008254773187800311e+03
9.245929861381880777e-01,7.503516675204466857e-01,7.087522184166474837e+00,3.036804956921400622e-01,8.374924483747977888e+01,8.560014982993044441e+01
3.646512233937751812e+00,5.307582644146997541e-01,1.358807635790136636e+01,6.152378807101704927e-01,9.241057583263708466e+02,9.255976273567451926e+02
5.716113463161640595e-01,3.899806902481740556e-01,5.877770852013523672e+00,1.081618699096891900e+00,1.395970994226775552e+01,1.294401354676594806e+01
3.800388400062228555e+00,4.187507405449605868e-01,1.267951221742322865e+01,5.087778105847013954e-01,6.442258476640183744e+02,6.458927969039522168e+02
3.893134256989937647e+00,1.828890862090234437e+00,2.771138270916571500e+00,1.590731791677173490e-01,1.143169280076460126e+02,1.120998991830420124e+02
4.127199635184174653e+00,1.830698723109469572e+00,4.741825298911798825e+00,9.108313837046174699e-01,3.183556033436064467e+02,3.181027050980634954e+02
3.387393961435436474e+00,1.062359503708414366e+00,1.113654371024099277e+01,1.152691360123550890e+00,1.051570167003543247e+03,1.048183644449572057e+03
4.785599183762235143e+00,1.859128306804046948e+00,1.763808185417601493e+01,9.739308208519379395e-01,6.091353495388403826e+04,6.091012617008482630e+04
2.220987035143106247e+00,1.679326314357229233e+00,1.761115545784232594e+01,8.706449672546103802e-01,5.148039620661545086e+03,5.148925732868193336e+03
2.564736760553150585e+00,1.046299401180800670e+00,1.822111600741215653e+01,2.330178738099595581e-01,3.428967969413906758e+03,3.428803956014788582e+03
1.800502554605684757e+00,1.897964175566839495e+00,3.134491339869373672e+00,2.722995581781042507e-01,7.141224499362115807e+01,7.158175379611228095e+01
5.461212857325438153e-01,7.978152560781246461e-01,4.408820558925246047e+00,9.671713197848680332e-01,1.572848837098248609e+01,1.691238832448005169e+01
2.470238190986416171e+00,1.260103520190185122e+00,1.582204192959046907e+00,6.793750349621566764e-01,1.610227970729499525e+00,2.310195346324419585e+00
2.745452097963638316e+00,1.931862660609013682e+00,3.983337607853294049e+00,8.976904110719711172e-01,1.650016926430486137e+02,1.632289239400443250e+02
2.587549101904660809e+00,6.199139685392394128e-01,1.096041090109585525e+01,2.813252291433718799e-01,4.467274027746810248e+02,4.468742663402023254e+02
6.635310130318635702e-01,1.701100006424181688e+00,1.329213504827613468e+00,1.109579443061617710e+00,-1.572090020134274457e+00,-1.706230435985774063e+00
1.219968793912390215e+00,8.694178394226004247e-01,9.085741720100848795e+00,8.855275227743815147e-01,2.018573781194284038e+02,2.008174373018265442e+02
1.729179234082964367e+00,8.641407484072314293e-01,1.418757242708475808e+01,1.382485293360381784e-01,6.809544081619894769e+02,6.807053112824683012e+02
2.342271493123220250e+00,1.708299699817438233e+00,4.446738822017236359e+00,5.494078847285557288e-01,1.665988259393676856e+02,1.658679938911751037e+02
1.423878458920100787e+00,7.543649983732068076e-01,2.740346880456377754e+00,1.142332548401362891e+00,5.564969962486483013e+00,4.266752287202065119e+00
2.138730341350003172e+00,9.166284385983001215e-01,1.674585372640270631e+00,1.858574668688597331e-01,8.044961033823216923e+00,7.376439896829181997e+00
1.792879412392917260e+00,1.000788046176448454e+00,1.785337210249851481e+01,4.327972286057777396e-01,1.529192411022684155e+03,1.529662375567876552e+03
9.877764352344503562e-01,6.902508110250528128e-01,1.948440988701782928e+01,9.175734251170424294e-01,5.760990743956430151e+02,5.802255250673538285e+02
4.443303392050554024e+00,2.301254431698901148e-01,1.034329508486450067e+01,8.504647888805729750e-01,2.650936859981858333e+02,2.634597211021886096e+02
3.235270558782824324e+00,1.964313842204465477e+00,1.169463613128323765e+01,7.859265587692917387e-01,2.707687153785267128e+03,2.708730988504124980e+03
4.925227424905923357e+00,2.217844570025368500e-01,1.089832586142733106e+01,4.940984835057611324e-01,3.369455313541573673e+02,3.340228738468063057e+02
3.215099296696518838e+00,1.038423610813181019e+00,3.809910566369690166e+00,6.148381793638676429e-01,9.378429070891945685e+01,9.696434035392388751e+01
3.268285016149746092e+00,1.240427761885232627e+00,5.340698891275362570e+00,3.266703180587651745e-01,2.478623804485430924e+02,2.471956297918695498e+02
2.137517909459994758e+00,1.112093589576226060e+00,1.489906566694027390e+01,6.422735096026385149e-01,1.326321211916990706e+03,1.326598963233928316e+03
4.122548155526285285e+00,9.524783900225552991e-01,1.283342537707007658e+01,8.644680872594259213e-01,1.922717867775558034e+03,1.925272706140464152e+03
2.581601508255335187e+00,2.545514429821890134e-01,1.184196716572402153e+01,4.989333186527924457e-01,2.325641209552171631e+02,2.345394752410974490e+02
4.205055912601528334e+00,1.380113510234406871e+00,1.616757096227823354e+01,2.041755120440714166e-01,1.128245934567756376e+04,1.127947562691638450e+04
2.602345461455498388e+00,3.075005829941076518e-01,1.002794901039964159e+01,4.899234324375344451e-01,1.970860350618450525e+02,1.981964208015988333e+02
3.826244397263163233e+00,8.222337817361695667e-01,1.170043628368666599e+00,4.361574279185637115e-01,-6.710001603907299383e+00,-7.164786158057715681e+00
3.481205931570583445e+00,3.571518553970132182e-01,1.177996223039763635e+01,3.076572359945081714e-01,4.321361255237961245e+02,4.333743726208867884e+02
2.284814170276761480e+00,1.036508499009835438e+00,7.610272254309411011e+00,1.086447471694423683e+00,2.924197412451950413e+02,2.927245100205987001e+02
9.098074190000191575e-01,1.944029109278553102e+00,1.162132620749046197e+01,1.133327469056787384e+00,4.918807443858855208e+02,4.933528229324582526e+02
1.547109120288017170e+00,6.034679828215077091e-01,7.212160171068798142e+00,7.913193822242273745e-01,1.099248420194560651e+02,1.105087532964770674e+02
2.482504263916220921e+00,1.089638932280948325e+00,4.290165987433420369e+00,4.739753158565499502e-01,1.051711991477813228e+02,1.048914904845298821e+02
2.636809255000454488e+00,1.114070868153381078e+00,7.422136821815629837e+00,1.154145387544599499e+00,3.364395999080188631e+02,3.387935578857703263e+02
1.467168799101204346e+00,1.964334820381501867e+00,1.467879039657211671e+00,8.806116987503962434e-01,2.236272213045175317e+00,-8.518209466521073914e-01
1.675035950709836463e+00,1.672694328884708259e+00,2.797238241705060524e+00,5.017025484340166264e-01,4.159229014072313646e+01,4.072616998390355292e+01
1.958300016523879972e+00,1.169804686783458170e+00,1.826476690222292731e+01,3.658909800276651803e-01,2.416461775451350604e+03,2.414550577428636188e+03
2.964518998396576066e+00,1.042072126657539899e+00,1.516694615083399711e+01,2.342239931636217187e-01,2.218699650923188983e+03,2.218411907838214574e+03
9.023497654484473607e-01,1.950128495864172917e+00,1.726796969712742680e+01,1.037706144502684058e+00,1.169158394583736026e+03,1.168298509122944097e+03
2.331114573653142230e+00,1.994102117515419215e+00,4.677850845269380997e+00,1.091623416531680268e+00,2.036543094724518994e+02,2.033582134817444569e+02
3.568650388356316761e+00,1.777848313873689801e+00,9.611174357280640734e+00,8.039129920158759601e-01,1.414560896775165929e+03,1.413580020378460404e+03
4.263792565743322882e+00,1.634161233835024429e+00,4.882295386256933156e+00,8.709161267536161821e-01,3.145680157227182576e+02,3.136288197083127329e+02
2.822065145258979335e+00,1.687908306033255368e+00,7.927712692533498640e+00,2.148468027739675601e-01,6.234014992185930168e+02,6.201133959987243998e+02
4.774907309780866527e+00,1.969478644142220514e+00,1.727585825649611451e+01,3.831747571707054822e-01,6.172451364426330110e+04,6.172443830526436795e+04
3.809758459707517364e+00,1.621226764209792393e+00,5.151153871348659763e+00,1.747281266398331701e-01,3.382634603725227862e+02,3.388800701915700415e+02
4.054588367447607311e+00,3.356037686491356586e-01,1.362699461166501314e+00,6.902747238138238206e-01,-1.989101244113699707e+01,-2.108371808058782904e+01
1.108113679788816253e+00,3.035277157859654906e-01,1.534512721432467686e+01,6.069960397761403614e-01,1.964787409139727856e+02,1.951648657905907100e+02
2.774509765471543155e+00,1.825570272920529646e+00,7.642082079663357064e+00,6.527111456244807375e-01,5.994763265798729890e+02,5.981871736413867211e+02
6.598214029119754409e-01,1.732729223735028246e+00,2.366642436369658320e+00,7.181504596385688277e-01,1.000270605838555227e+01,1.336078786541605190e+01
3.508726776656417190e+00,1.247358449147500714e+00,1.342498107089979342e+01,1.777939467157926556e-01,2.560605065176934659e+03,2.560981100782036719e+03
1.963100466227825969e+00,1.700655658780078960e+00,1.442543531735260665e+01,7.277111882561940748e-01,1.863313000322791595e+03,1.864088479602886764e+03
4.459112674589023939e+00,1.896239730817900204e+00,8.448557272811193286e+00,9.439107744868066030e-01,1.447599189873591740e+03,1.446998378436448093e+03
1.088556538525568662e+00,1.188937641051652117e+00,8.332002629424525963e+00,1.321503272045628508e-01,2.117544395928933341e+02,2.107545494393725392e+02
8.349284839936584879e-01,1.674232781365934564e+00,3.313572224622110873e+00,1.025482041059829763e+00,2.830840881861864489e+01,2.655124973904613483e+01
2.279624848512715296e+00,1.071264142680495857e+00,1.426159500248447465e+01,4.005869223076503616e-01,1.231127747446056901e+03,1.234212003027329956e+03
1.212059763451543315e+00,8.661509945473162553e-01,1.106095002420622464e+01,2.807297452226031886e-01,2.962898122456958845e+02,2.928889518005125296e+02
2.974743995633143179e+00,9.122574450418912129e-01,6.639217651798269060e+00,4.357309427172375571e-01,2.633055681088638948e+02,2.639055086710606020e+02
2.451126375601797136e+00,6.211320554543440231e-01,1.366636502052906721e+01,8.854423208590899153e-01,6.642821881967805666e+02,6.642341050595242677e+02
6.049430379202538344e-01,4.356615778409186346e-01,1.983066365359513128e+01,6.852064459630021753e-01,2.452406768839498170e+02,2.447294322919690330e+02
1.595425935943005191e+00,1.921156035010701091e+00,1.665362507443411744e+01,1.099620898203119035e+00,2.573550423180371581e+03,2.570417608124142134e+03
1.188261740522747356e+00,5.622605862726054449e-01,4.475459138161749451e+00,2.183167650305800067e-01,2.947343011158441328e+01,2.700337925013318241e+01
1.303509642065438179e+00,1.802754167489730497e+00,1.189081627516363593e+00,1.132098985514103928e+00,-4.525082733845353644e+00,-2.561753288790307170e+00
4.939144278875557958e+00,5.375617391959970348e-01,1.045989632039490136e+00,1.198882309430637644e-01,3.361856530461451165e-01,-1.051280318371295541e+00
3.111201455666494198e+00,4.957216124920827416e-01,1.175807395362805785e+01,7.995057040968926998e-01,4.993990448999563228e+02,5.011572405590947028e+02
4.003919243901301606e+00,9.541417837119903211e-01,9.267359816570824194e+00,2.512056827308695173e-01,7.419373785435232094e+02,7.432768359344148621e+02
2.233968654163428269e+00,1.621738798222837064e+00,6.001262705820967547e+00,1.227127780954570674e-01,2.845637479242844847e+02,2.857225152965078792e+02
1.313992264749157979e+00,5.985896117155258267e-01,7.185659062355230553e+00,5.574231799910663865e-01,9.438972173234513718e+01,9.591270470964117578e+01
2.010490082033637549e+00,3.009624794191089747e-01,1.377262976849535647e+01,1.168460598192288202e+00,2.787738289884367759e+02,2.763532958236391437e+02
3.631198749364532574e+00,1.876098217476182217e+00,1.686597425398777972e+01,1.147767069143782459e+00,1.965207341842652386e+04,1.965112529899686706e+04
2.357396847181777666e+00,1.919369935313026465e+00,7.885646203150985301e+00,6.950211979496911940e-01,5.694380549314128075e+02,5.707952565110722389e+02
5.458300854378468348e-01,9.530266090942065560e-01,3.717405712593028877e+00,3.938059746539041006e-01,1.471471590305949917e+01,1.218999134179147958e+01
2.999752195094785634e+00,1.068263831645412054e+00,1.327798759075888135e+01,6.949327524729693728e-01,1.492159315890048674e+03,1.495488516444045445e+03
2.802310444236661979e+00,1.471445191370647443e+00,5.470331183413992271e+00,7.721653561024477419e-01,2.529397072399631270e+02,2.518204303984139187e+02
3.566251663410524131e+00,1.529583343359856906e+00,1.300472462038649901e+01,7.765178055639974097e-01,3.258998387310623002e+03,3.258869764635484898e+03
6.256379806739138516e-01,1.361564608720029934e+00,1.671758436587077057e+01,2.376761587311984059e-01,4.972932870993207644e+02,4.952430351835633360e+02
4.498959499147580310e+00,1.353267812281389704e+00,1.946076075948729667e+01,9.335743821282819210e-01,4.038219833201428992e+04,4.038292994959777570e+04
2.577990929249301288e+00,1.158083224158369617e+00,1.600759239165158476e+01,3.692758744758820599e-01,2.448529175385421695e+03,2.447061561389396502e+03
2.124395723828823357e+00,7.383954866892903368e-01,2.254325650035422512e+00,3.984235033427155903e-01,9.646489458225230962e+00,9.161484773551775262e+00
1.800536578561679146e+00,5.970684928109311063e-01,1.577221190762363889e+01,6.543106258244435480e-01,6.241634456465116045e+02,6.218859990742389527e+02
4.324000513792455536e+00,1.619709638263248097e+00,1.294949825742435934e+01,6.232791474803364151e-01,5.463864215621864787e+03,5.466247729073772462e+03
1.692599898837368055e+00,1.305764107555640097e+00,1.624952043301425775e+01,8.900210039892604286e-01,1.479562246628596313e+03,1.476296993048197010e+03
1.850273037990141312e+00,1.436979482327949587e+00,6.914785845163033073e+00,6.399981224032147420e-01,2.746692183603171316e+02,2.755714567011236795e+02
4.507473289629546187e+00,6.664212756251651770e-01,5.527651249410373779e+00,1.094236688582522321e+00,1.774001420697125582e+02,1.778742823805458784e+02
2.614086229380278681e+00,1.980871162300003929e+00,1.719023901495703299e+01,4.951459001199538523e-01,9.815470498938297169e+03,9.816346097218553041e+03
7.168497475432318300e-01,1.330689118833281226e+00,1.897979532371493150e+01,2.317127447181680788e-01,7.233068108374143321e+02,7.212655061954300209e+02
1.047775951603761246e+00,2.015382465530007050e-01,1.972511746471385408e+01,3.344144508030862384e-01,2.137966537411049330e+02,2.158641353004662449e+02
3.892008593781945081e+00,1.322141174792128560e+00,1.701629963171226834e+01,1.343625901295758818e-01,1.095048161286492359e+04,1.095241038714022943e+04
1.965427109497531521e+00,5.258013716887141031e-01,9.232149821995310646e+00,4.257347657339856095e-01,2.102630883839457283e+02,2.105822512854659578e+02
1.870273870143731587e+00,7.773675501976753388e-01,1.116799161485830894e+01,8.675885279707271636e-01,4.019420357830448438e+02,4.025673592794420870e+02
1.828629653237612729e+00,9.347861342144236918e-01,1.320745631500223105e+01,9.710890011572491654e-01,6.564535282196602566e+02,6.561388097379372084e+02
4.877243960247642285e+00,2.728182123260318170e-01,1.869124320541003215e+01,6.128195456712949296e-01,1.794426255543404523e+03,1.795712356458977411e+03
2.686012183936345998e+00,2.715343426684254657e-01,3.465037799451031297e+00,7.695924353526253370e-01,2.166934855510679547e+00,5.245365623345847883e-01
4.531457082131083780e+00,1.044795354021864631e+00,1.903494839733018651e+01,3.351998829564711291e-01,1.865977119420332383e+04,1.866088090674559862e+04
4.075346553846606490e+00,1.500249554289857512e+00,8.682634617877130978e+00,9.806945000379916344e-01,1.025526662906889214e+03,1.026339315801373914e+03
4.044800560874961093e+00,1.132061282850165496e+00,1.624741861493617279e+01,6.626974117797395092e-01,6.766326136036287608e+03,6.763506079174484512e+03
3.996693078669874222e+00,5.256889448123684971e-01,4.222568046882560822e+00,7.899351602497830527e-01,6.159280928839368130e+01,5.634470832989126166e+01
1.876823050974082419e+00,2.888472295398201162e-01,2.183005056998410520e+00,5.866021055293945130e-01,-4.453306552516934858e+00,-4.687766413441911695e+00
4.209976415708768016e+00,1.298701685829447561e+00,1.040897164057399316e+01,4.514035506667988251e-01,1.543253724262124706e+03,1.542930604161022529e+03
2.710090432216122114e+00,1.290436600534650369e+00,6.108047064867717424e+00,4.497274106851815167e-01,2.789009114355773136e+02,2.813370132152758174e+02
1.284379268480819070e+00,5.098691212357415736e-01,1.772290786492728643e+01,9.550972238910394596e-01,4.754324285111056270e+02,4.755476221237198615e+02
1.636786227846499298e+00,1.177497280556290438e+00,1.313098737724676290e+01,8.854417539552021932e-01,7.206513115964537519e+02,7.196557163656884768e+02
2.882081017256184374e+00,1.517831423156444925e+00,1.051401418397355059e+01,2.650308338309149692e-01,1.120832497648518711e+03,1.118112900788778688e+03
2.666842792149900276e+00,1.972025368522907662e+00,4.662048890030030535e+00,3.416305708946436037e-01,2.390728391644946100e+02,2.388963117998825396e+02
4.940529755658417344e+00,1.767861793807153470e+00,2.939524280689592928e+00,7.008210037922550928e-01,1.321335383044765308e+02,1.309658625413169091e+02
3.287574085877759789e+00,3.848625537669903007e-01,1.528641810431642334e+01,5.204233380309227774e-01,7.873818110279411258e+02,7.851763716751423772e+02
3.297136964076082144e+00,3.202022429275893645e-01,1.515785090960149795e+01,5.016027410851483515e-01,6.458263153922163156e+02,6.455854820209018499e+02
7.362173213960525597e-01,7.226064907794320646e-01,9.100497178398162745e+00,1.629096980375496773e-01,1.090121423903399034e+02,1.111261168553082683e+02
8.040786443280365514e-01,1.659023793581372974e+00,6.010040285103661617e+00,3.910695981208004435e-01,1.127416248964979104e+02,1.129271500359482587e+02
1.859847391862941013e+00,1.834723980939566568e+00,8.316859626545193507e+00,7.773749073292754996e-01,4.827229494341005420e+02,4.806248241263018599e+02
2.515194486128820905e+00,1.921711029385752445e+00,1.287860377061054074e+01,1.165631586914019691e+00,2.331944173657197098e+03,2.332598719641773641e+03
4.681424822721939272e+00,5.775220418417652546e-01,7.529601338968747726e+00,5.494755550274249556e-01,3.393092030634769003e+02,3.371130676632408836e+02
7.338772247783988956e-01,1.154575183846120456e+00,6.952265770116650145e+00,8.514218402827488097e-01,9.507124897285123666e+01,9.191589372749997722e+01
3.754401959606308736e+00,5.715346470270623591e-01,1.021854470382537450e+01,1.188727392619641776e+00,5.031781495242376536e+02,5.041666582981017655e+02
3.296061874324124563e+00,1.007386896577055380e+00,6.812349001035293838e+00,9.332711969003222308e-01,3.188543422607465345e+02,3.177536403556351274e+02
1.598607514149453568e+00,1.565156382190580953e+00,1.072365468724161053e+00,2.857404688825709860e-01,1.648321183171120641e+00,3.875463058761425827e+00
4.627977119909769677e+00,1.730321236351395120e+00,5.899901612058063627e+00,8.422099520168947473e-01,5.361945200277866661e+02,5.368165651402871390e+02
2.213950601284913056e+00,9.977625109728622821e-01,6.425983698892591356e+00,3.517334291817520997e-01,2.066113268726522563e+02,2.049984863840337255e+02
4.262493638709624832e+00,1.238002270636367141e+00,1.962498337202104892e+01,1.386573679291570327e-01,2.846143301531679026e+04,2.846187162588888896e+04
1.731255670499658450e+00,1.272356658563853937e+00,5.063106986948151089e+00,9.292449424306370442e-01,1.194706361222842048e+02,1.220616661105626974e+02
3.050337133034207060e+00,1.906015481710131576e+00,4.175847393085597048e+00,9.421291123860454642e-01,1.964782713210842644e+02,1.961008441617990457e+02
3.998608894985759665e+00,7.186739170083320527e-01,5.146392605055000402e+00,9.198102598429995780e-01,1.486273865730368300e+02,1.465051251306966549e+02
4.386337262296667205e+00,1.534090695497900558e+00,2.512441155680894767e+00,4.789491053440810830e-01,7.405257330792426274e+01,7.272965784225118568e+01
2.110406275649321817e+00,1.473505312034424586e+00,1.565912349536789705e+01,9.314729136550142785e-01,2.259209108028808259e+03,2.257582986032175086e+03
1.450606748172273974e+00,1.067408323298491224e+00,1.496195480175150649e+01,8.600690746656662888e-01,7.635185551792517344e+02,7.611565793496993138e+02
3.444694297359310209e+00,4.043639954456825780e-01,2.519087059189677014e+00,5.686414139071308549e-01,1.764749179001642077e+00,-8.202201966107507403e-01
3.381665513138374379e+00,1.536452170871458023e+00,1.564842677725215125e+01,6.918420948787019631e-01,6.747060762967570554e+03,6.747905522267159540e+03
7.119759896673794053e-01,1.799046925452352896e+00,1.483920975096003403e+01,5.071620295565379966e-01,5.788438418110575867e+02,5.810627535310887879e+02
3.208318162038875876e+00,1.286293378931419706e+00,2.580750466475731475e+00,2.662111194502305711e-01,5.328731762837503538e+01,5.256355053056217486e+01
4.740423584248008027e+00,9.111390630487679054e-01,3.927980108099916379e+00,6.591121585656473103e-01,1.243207880717628626e+02,1.258939526162022560e+02
1.609108361918166530e+00,1.849960967929115796e+00,2.857373543413611827e+00,1.169888717533385636e+00,4.037635935488419392e+01,4.219275317446154361e+01
3.322648335449341683e+00,7.494284385840530582e-01,1.234201709522489132e+01,1.721584502489776347e-01,9.333178666809210426e+02,9.366857886662202191e+02
4.624937828231954207e+00,1.975646345991283859e+00,7.949542400579395540e+00,7.849089830047019101e-01,1.344240587701815002e+03,1.343867891517026010e+03
2.232628095591087103e+00,1.806280786428664520e+00,1.223020327734699997e+01,2.656924812809769998e-01,1.487286141888193470e+03,1.486587309143543735e+03
4.184995370795254743e+00,9.513663953185405031e-01,6.062067455729182264e+00,2.927985807289433806e-01,3.152784380255662882e+02,3.161209302426045724e+02
4.533826855966829328e+00,2.077423751763155801e-01,9.936343457853832106e+00,1.031545131002024940e+00,2.172051006905528823e+02,2.174002543253390627e+02
7.179351604318522373e-01,1.154646180666623279e+00,8.726766452827389386e+00,1.193859929448417345e+00,1.474760252702739933e+02,1.480800994108550697e+02
1.819018858057173782e+00,2.272214613423032548e-01,3.623427140464551055e+00,1.090186658529138236e-01,1.077610837411378952e+01,1.336922528612025118e+01
1.596365380893983055e+00,1.091865600474010600e+00,1.321087538023830277e+00,1.941468705213783008e-01,3.468365878660808477e+00,2.609823957344800771e+00
4.589033769597094192e+00,1.362593640230623127e+00,6.280224240757677379e+00,2.952617712013008155e-01,5.055383185934015273e+02,5.059713947884871459e+02
3.202196210057557835e+00,1.735521759240457706e+00,1.449257973199443406e+01,6.476022842944730851e-01,5.239112763362893929e+03,5.237150284734446359e+03
1.055674366661372598e+00,2.137155374845747802e-01,1.999075367907673240e+01,1.215329141936462853e-01,2.357712140224685413e+02,2.354523407022261949e+02
2.217157529245789238e+00,8.296747799659494049e-01,1.264952400131301946e+00,5.529229423964230339e-01,-5.148187407209114497e+00,-6.494805816444950253e+00
1.723898365512085862e+00,8.728543425918553478e-01,1.014643277833038404e+01,7.207098827183567868e-01,3.444420924113742331e+02,3.429270075048751778e+02
4.975641364991646221e+00,1.262563234136235391e+00,1.310574574846292073e+01,3.308173686873266961e-01,4.935541863554492920e+03,4.935102434137766977e+03
4.460959360983639321e+00,7.114525554833897036e-01,1.737722402851128933e+01,6.991359524522889890e-01,4.801542193732828309e+03,4.800649087224857794e+03
4.328902617759927907e+00,1.487233841025486614e+00,6.666029212091777900e+00,8.173787017266250787e-01,5.694699467318288271e+02,5.702130993491451818e+02
9.916564302955059862e-01,1.300401946062153424e+00,8.293702970896061899e+00,2.790842673043258948e-01,2.073997456755066082e+02,2.090074167340680731e+02
2.216659494323312884e+00,9.743469122489021306e-01,1.206210087473447778e+01,1.228195379370356083e-01,7.079839419866100343e+02,7.049992170875900683e+02
2.485095292059896543e+00,1.033743272890924381e+00,3.527072490130251925e+00,1.148575345773463763e-01,7.112679440188799163e+01,7.313351152140766942e+01
1.952400716087699273e+00,2.275462305833544363e-01,9.486429798540976677e+00,9.241046544184419176e-01,8.974990765429049588e+01,8.529719354359444594e+01
4.487516333705419136e+00,5.430717350015211720e-01,1.189291288899096699e+01,3.237363118838685327e-01,8.860372583083102427e+02,8.865321632123667541e+02
2.548793542564393722e+00,1.964358453817626859e+00,1.381523829724343511e+00,4.839321606909692264e-01,8.804222424114371393e+00,1.022481037853057018e+01
3.940768818293295617e+00,7.831304535164789193e-01,1.343616019343200207e+01,1.012680496734428059e+00,1.583566569079550163e+03,1.582265143029053661e+03
3.121135354568606690e+00,8.184729963564016941e-01,2.264556761010432240e+00,5.287939812213406920e-01,1.372922782678476139e+01,1.327102849032293719e+01
2.311768799007980935e+00,1.117523246469382503e+00,4.345620308698640244e+00,1.075169657624377439e+00,9.419461315745368779e+01,9.263106917900215365e+01
8.987688540322767983e-01,1.469000859030267669e+00,1.991805452927126652e+01,1.172634644800659931e+00,1.207432207796912053e+03,1.209221709702509543e+03
4.353660955532763666e+00,1.904494741200410957e+00,1.859640622003342258e+01,2.911434875768828534e-01,6.754172710419740179e+04,6.753538276901400241e+04
2.663056139966553548e+00,4.293036959463044089e-01,4.674896449494825745e+00,1.096138706983402544e+00,3.730729151777435959e+01,3.536487964546839180e+01
8.275695106561566927e-01,1.255730758199412600e+00,1.028743979723338242e+01,2.982335372255422445e-01,2.536877189903600538e+02,2.498137337373538571e+02
2.650033371728515608e+00,8.078426025948342026e-01,1.414561797559136025e+01,5.302082237380090213e-01,1.064564951963443946e+03,1.064941745174712423e+03
7.025365710570813382e-01,3.611338182885917569e-01,1.160521342333533568e+01,4.282297374010078927e-01,8.438428609601906771e+01,8.698272320678520941e+01
1.932599135876509999e+00,8.285717536690588858e-01,5.971509994351959172e+00,7.257986517499823709e-01,1.254084062630896312e+02,1.277915608058712849e+02
4.539352655637139300e+00,1.375401714058563041e+00,6.456824471631139595e+00,1.039411289745763911e+00,5.096977760298742623e+02,5.110340780850511919e+02
2.047582460065089816e+00,5.347611419944180433e-01,1.448074880273984810e+01,1.058682148921940902e+00,5.333543813965338813e+02,5.338508341649226168e+02
1.995932261610756209e+00,1.265927675691225218e+00,6.200835711581779819e+00,1.167004486482783765e+00,2.060586855622970006e+02,2.045265621627434314e+02
1.867714703189660153e+00,1.841796717967051356e+00,3.625219300802776878e+00,9.649031391151876580e-01,8.821407017915561255e+01,9.065089601576360678e+01
3.064495544932275273e+00,8.575991621674454723e-01,1.213645436965832403e+01,8.302766670678631833e-01,9.137498276322803576e+02,9.149964558895146638e+02
2.745481511160857480e+00,1.462618087712195925e+00,1.025611135388263939e+01,2.501904483167126103e-01,9.459220131007405143e+02,9.442334015873992712e+02
2.216059545139533515e+00,1.596683056210938423e+00,8.519842525550149759e+00,1.148909292850953001e+00,5.236321930314243218e+02,5.210730636820165955e+02
4.334572521442101589e+00,1.085930416404396359e+00,1.639297432373620467e+01,4.335756723118645573e-01,7.764270207388815834e+03,7.763012855560576099e+03
2.607122878456965331e+00,1.924722594670388309e+00,4.958525407730537182e+00,1.579784855761191542e-01,2.627353796970171516e+02,2.648990057086422780e+02
4.268824406303775021e+00,6.094322442953621355e-01,1.564270020637400194e+01,2.078996197063142648e-01,2.209229131496316768e+03,2.211730852159970709e+03
2.316200491684345941e+00,1.584763128959634226e+00,1.650079145973525385e+01,3.288748527167555391e-01,3.793195484052344909e+03,3.796427075079651331e+03
2.081307949822320147e+00,1.987798674265057297e+00,4.328761807617581781e+00,1.056437112832863345e+00,1.565329002029087633e+02,1.549820551794429377e+02
1.293130375529449649e+00,6.260800121957150743e-01,4.685216095948661064e+00,1.079619882008608700e+00,3.152228253494872590e+01,3.080256953718891921e+01
8.041784534765914483e-01,1.354205235854236244e+00,1.509388574885078604e+01,1.170136676370425954e+00,5.172220505895718361e+02,5.199874588426249602e+02
3.072696106135393013e+00,1.131275117911034300e+00,1.378641857204381704e+00,3.446850224833974408e-01,3.961723127008244028e+00,4.401833436892163220e+00
2.103359620456761725e+00,8.883217300009620399e-01,4.897935453100612513e+00,6.101676503625015346e-01,9.512074725447742196e+01,9.664918964747508312e+01
1.157485811525112318e+00,1.115015909199327693e+00,5.815233687907094051e+00,7.372478317906794310e-01,9.784977317115919959e+01,9.520787857965660805e+01
2.869947495511443236e+00,1.002752237475322605e+00,1.123209461276201004e+01,5.507270485300176377e-01,8.251715322857594401e+02,8.244327482708080197e+02
3.730153724380417479e+00,1.421635880878669322e+00,1.614803975469335295e+00,3.417542823132972418e-01,1.763036134123336041e+01,1.759878337641669077e+01
3.334030870777637823e+00,1.895531781806105931e+00,6.161267493709592813e+00,8.258244650281940658e-01,4.673110061027431925e+02,4.666031737615352313e+02
5.861851702475211479e-01,8.967786829003077109e-01,6.687355703019281172e+00,3.030524620374345224e-01,5.637200636453894731e+01,5.554454502524888682e+01
2.166220569410786112e+00,2.064512216337292816e-01,9.253252543438181377e+00,1.600176623819726807e-01,9.769109137383571806e+01,9.442641129115170884e+01
3.522947389205420166e+00,1.708177084092546760e+00,1.759796369071090538e+01,3.949932538453532205e-01,1.831886241475934366e+04,1.832212462309944021e+04
2.281658884331107640e+00,1.427250552125641114e+00,9.830324099763338097e+00,7.869504303934166112e-01,6.632335652387706659e+02,6.635315358353235524e+02
2.477566098193396904e+00,9.315934846300306660e-01,1.047996986994138169e+01,2.012243718712092289e-01,5.637052631323085734e+02,5.607986515500787164e+02
4.051048319946811027e+00,2.706526857619614423e-01,1.868286513488533629e+01,8.703192087453791581e-01,1.287954563686044139e+03,1.290116070890507444e+03
1.195057941098584653e+00,1.873786981377723926e+00,1.887963985255393240e+01,9.007487537324281313e-01,2.284236360416098250e+03,2.284381228402392026e+03
1.268975593825807380e+00,1.302461285494624255e+00,1.952321530825228280e+01,1.072638101457803028e+00,1.650302542144215295e+03,1.651750186260268720e+03
3.953750030639415325e+00,1.158658934940771656e+00,1.185428715889008444e+01,5.120792593384483338e-01,1.814695069146669994e+03,1.814326744855733978e+03
4.640249723903736800e+00,1.536567635182554348e+00,3.678277107493677534e+00,1.135037118524704125e+00,1.681436890707121563e+02,1.665977583795473436e+02
1.239169026415702701e+00,1.210045449986594690e+00,5.443158383964218139e+00,5.116846287915093328e-01,1.005727315349498383e+02,9.907803138912932184e+01
7.622021335051126778e-01,1.882933173305520347e+00,5.373209517684873759e+00,8.289191689600909907e-01,9.340613491902718124e+01,9.411819750055849454e+01
4.175780217538592964e+00,1.690649648990335097e+00,1.896349599050888202e+01,1.312958019101788387e-01,4.843019844024135091e+04,4.843177482347837940e+04
3.051800632213635289e+00,5.306182176594487210e-01,1.733064189361456897e+01,7.908280297595924324e-01,1.441967543266425992e+03,1.442975790233630732e+03
1.598140678569077267e+00,3.966294778556203049e-01,6.517117957475802470e+00,2.995393509058431047e-01,6.275413117659820017e+01,6.407574459343197759e+01
7.106344572520939540e-01,1.789884254107117822e+00,1.343133277817303828e+01,1.114708382750139393e+00,4.741575950543736440e+02,4.765974267708569982e+02
2.976826452573674509e+00,1.863774480677914847e+00,6.566165708936521739e+00,8.627879209804106830e-01,4.712782178587400495e+02,4.718894745565025346e+02
1.188972276011109219e+00,1.194203640538282984e+00,4.886889849864903823e+00,1.109663204995191998e+00,7.052001267302634346e+01,7.256823953733652388e+01
4.551250120350029960e+00,8.604392967840959194e-01,1.148721688667720464e+01,1.184499351090495756e+00,1.362540718340496824e+03,1.364799670578202949e+03
4.573873549023220519e+00,1.556173126705382215e+00,1.875338538017614809e+01,5.917238944742294615e-01,4.856167809773274348e+04,4.856231134480520268e+04
3.810177429663100135e+00,1.530271283894642620e+00,1.880147913581553709e+01,4.418093359800614461e-01,2.632437050045292926e+04,2.632427049143274053e+04
4.925805860841265371e+00,1.784420075674231443e+00,1.452961145419853217e+01,3.059598237849017743e-01,1.777051549677897492e+04,1.776970171371747711e+04
1.874578622754517143e+00,1.922651460032984261e+00,1.524881978864189946e+01,5.632809916306066311e-01,2.523054155479855581e+03,2.520707090593268276e+03
1.032909166693023018e+00,1.458865256105514208e+00,5.974965001072568782e+00,1.042647783083544111e+00,1.200283227345711055e+02,1.169759779182921875e+02
3.394421908428988388e+00,1.134845201967343842e+00,8.289885600981747871e+00,9.386228831024737707e-01,5.515956824297543335e+02,5.542868783114182634e+02
1.599485774778468539e+00,8.933100321856710657e-01,1.110158149030591446e+01,7.167128938976794483e-01,3.888823167719842786e+02,3.889242396325829532e+02
3.629605686591129032e+00,1.413570502123248751e+00,1.215212107893166404e+01,3.444893104847512322e-01,2.291610182464260106e+03,2.290583826401694296e+03
8.296321184387985825e-01,1.037148120626419256e+00,8.228517298443652095e+00,4.620364277977994094e-01,1.391570864992921770e+02,1.423856889718021250e+02
2.040882447204690475e+00,4.355799113040054182e-01,6.903719440991189948e+00,6.122501789517570403e-01,9.489261422126898537e+01,9.691131796474813598e+01
3.459349295137494007e+00,1.909489997358383206e+00,5.462259003208684405e+00,1.156345649080447791e+00,3.739484153335498604e+02,3.741465197148717152e+02
4.716190197097027692e+00,2.043046561148027240e-01,1.422926296744513763e+01,1.153849024148818209e-01,5.783898129528818117e+02,5.804827406492810269e+02
8.852954272634987465e-01,1.962147099180150400e+00,8.696116479945249722e+00,2.541981822328717167e-01,2.919577017614300303e+02,2.916620181243574734e+02
2.533062758394975411e+00,1.940258291400104973e+00,1.792551170504071933e+01,8.766383804126091084e-01,1.076188468084154010e+04,1.076269192467484027e+04
4.757764806260204260e+00,1.298652139371450520e+00,4.588774607853540743e+00,1.179754338107154243e+00,2.379702574659251297e+02,2.417045300715780343e+02
7.420006065683366625e-01,1.037447087957820591e+00,3.212008671738655341e+00,2.827662809493184382e-01,1.621191718466980092e+01,1.842501114266680062e+01
2.549481321931271083e+00,4.516708481949297527e-01,1.678360452832919947e+01,2.989552662684791251e-01,8.509355305139912389e+02,8.504868558394573483e+02
3.865136751052844488e+00,1.708970571761170065e+00,4.756148065487739274e+00,1.054784723892509879e+00,2.815320342092097121e+02,2.830211052836374392e+02
2.658910353749905475e+00,1.643166922163938226e+00,1.156673055461534005e+01,2.123723522738526770e-01,1.446934941149906308e+03,1.449403427885696146e+03
4.336532357744767197e+00,2.967318649934622687e-01,1.865181760224083618e+01,8.093663817436737018e-01,1.603706536568053934e+03,1.603580062090699357e+03
2.313713543050273103e+00,1.508540470127148758e+00,1.183974626107030304e+01,8.451687719634125573e-01,1.127291567701170379e+03,1.126568969549330859e+03
1.877234305102571721e+00,2.901694911270556454e-01,1.701215728509919201e+00,3.682394545905902650e-01,-3.200342214340619051e+00,6.685209659599204990e-01
6.144939180755256691e-01,1.113304062557707974e+00,1.651665668392611863e+01,7.787512403626587476e-01,3.992822578488673457e+02,3.988136650637658249e+02
2.715402372406223730e+00,8.300859553839774474e-01,1.616484531685865988e+01,9.351977902990221692e-01,1.698267069455076580e+03,1.695757603963621932e+03
4.910953237557704298e+00,8.417839908614281885e-01,7.728973307635986778e+00,2.287709380007694471e-01,5.460278134827657368e+02,5.464520661538982722e+02
4.611063596420882149e+00,1.509653169168617026e+00,1.922784843429694845e+01,1.783065016648919809e-01,5.421136157704344805e+04,5.421608692662410613e+04
5.034570572373441300e-01,6.612056135730556283e-01,1.043823320000776711e+01,9.943439524477497571e-01,8.705178727680146267e+01,8.847186819691229687e+01
6.434563858058721664e-01,3.877403142009265835e-01,6.521457760371959900e+00,6.942172834642204027e-01,2.229422962627413085e+01,2.438226430003118850e+01
7.636728306567912572e-01,2.603487755941691906e-01,1.169394647027318612e+01,8.172867749481109723e-01,6.455925587625605999e+01,6.040822028291542978e+01
4.365992229719520168e+00,1.604023880856947804e+00,1.736090222812517236e+00,7.848275517897476128e-01,1.551419316883484711e+01,1.460684019204543560e+01
2.139281830245480798e+00,1.517460463024710382e+00,5.478934751656593605e+00,6.979311667072841674e-01,2.073508565602859903e+02,2.099745397840310659e+02
1.742502505243648914e+00,6.823151972486944938e-01,1.326340549597886742e+01,5.635319722259167774e-01,4.736382666781490229e+02,4.730528415179333592e+02
3.842601539090926721e+00,8.392079371881624450e-01,8.125758770222340388e+00,1.078650299096492127e+00,4.472794571577833835e+02,4.501430865603415441e+02
2.020953263175987225e+00,1.398355840595455479e+00,7.551655419837608463e+00,1.076254998996089673e+00,3.368136691006016008e+02,3.380049217062496041e+02
2.223464152639423208e+00,3.104691613137560702e-01,2.960512516622620716e+00,1.070912492700173829e-01,1.152933923288010831e+01,1.256717197678112363e+01
3.639321315107770793e+00,1.673786983636733838e+00,1.161826154346765527e+01,1.030354886111691570e+00,2.531146355447356200e+03,2.534757556635682249e+03
4.517163285157186792e+00,1.190092577907335691e+00,1.917959771348860798e+01,2.774481028251848391e-01,2.674616899542654210e+04,2.674541611249217749e+04
1.299038295645516872e+00,9.940049303248679191e-01,9.384113963903502054e+00,8.812818532265097593e-01,2.566170237981983746e+02,2.559385580747176334e+02
1.415726958470259422e+00,2.086362305646711768e-01,1.533555909660119809e+01,9.237380894512244867e-01,1.738501006422538921e+02,1.743248719405449378e+02
1.395665966688641513e+00,1.799155559701755003e+00,1.933410986859942948e+00,6.683160678898968365e-01,1.206900504667587803e+01,1.277146394864434065e+01
4.749472369470504773e+00,3.862299644861300063e-01,1.326591033895299354e+01,6.240386537172843973e-01,8.820767208971017226e+02,8.789479321901418416e+02
3.017948976485196333e+00,1.658485678417906062e+00,1.501267731699321573e+01,1.097539834691436678e+00,4.901543148258820111e+03,4.904269659834468257e+03
4.192999976630701120e+00,1.495590310102182796e+00,5.825435790096175737e+00,1.417770804346412394e-01,4.380606632420764299e+02,4.387863244326649124e+02
1.352497432130880473e+00,1.457264316011056104e+00,1.810542712192763304e+01,7.785967012298625756e-01,1.685933187459718283e+03,1.685870637968745086e+03
4.387054615307663497e+00,9.130085460733228242e-01,9.686221338202095410e+00,5.601742043948619854e-01,8.702509744546996444e+02,8.717636702928532486e+02
1.842577588030397617e+00,1.060358196548869758e+00,1.924000062836611491e+01,1.194462955134504512e+00,2.232104928403014128e+03,2.231583779602362483e+03
3.290423586263001354e+00,1.514349826416526490e+00,1.523378404545751685e+01,1.006241083547638748e+00,5.369583513020673308e+03,5.372270686339579697e+03
1.474482827448244660e+00,1.647695084485979455e+00,1.553941872257544254e+01,1.077508940665356407e+00,1.423580854119206379e+03,1.423983690744337537e+03
2.807758790262807391e+00,4.376496210578954549e-01,1.263737751440741164e+01,8.074516460008402952e-01,4.669323087726713766e+02,4.686482136744438094e+02
3.890302085222759221e+00,1.816664427536779813e+00,1.700503049428165525e+01,8.591034391654149838e-01,2.344489214775005530e+04,2.344339304577283110e+04
1.294393243902103752e+00,1.050969912026368913e+00,1.557880593419883297e+01,9.126454926472510332e-01,7.209566633569988880e+02,7.206735505230224135e+02
4.838630383339951990e+00,1.314304276279592898e+00,1.199272747240292247e+01,4.563537663215196938e-01,3.377830321222965267e+03,3.378845415559548655e+03
4.320262701081349022e+00,1.456573310984702774e+00,1.719174158582254108e+01,4.028662645082828897e-01,1.977472323601507742e+04,1.977310179801024060e+04
3.665352835061567394e+00,1.192271249065945726e+00,1.279260065787508616e+01,1.174755797972044435e+00,2.143216912345328637e+03,2.142164625015745514e+03
3.891828095739806148e+00,7.264003344675686868e-01,1.939353222757715045e+00,7.104862993719084363e-01,-1.505271077390919032e+00,-1.344854717598589433e+00
1.778692706693132397e+00,1.238285592991101858e+00,1.198432343719436588e+01,6.148014638169068125e-01,6.820908477791419955e+02,6.845790139295927474e+02
9.169699655556294848e-01,9.837541109696426034e-01,9.434277814901633974e+00,5.910925462170091294e-01,1.890364814862525122e+02,1.908201877551124426e+02
1.964175417329922846e+00,9.773151022767541107e-01,1.106897916289120509e+01,5.905584417997541413e-01,5.124187982797042196e+02,5.144871482993206655e+02
1.096502591566181017e+00,1.300574166194380599e+00,1.004869074037195276e+01,9.391495073860602893e-01,3.159576692185845559e+02,3.168233725103129359e+02
2.005028653504626668e+00,1.826262701986334447e+00,1.073580975629384859e+01,1.098436766614394822e+00,9.050641819568982100e+02,9.071253561696461247e+02
3.953015972903397568e+00,4.928172116317385831e-01,1.300565579854927378e+01,2.299170438930691618e-01,8.596763504864734387e+02,8.630137538643255084e+02
1.271052986864949830e+00,3.601868737049905844e-01,7.773162408911025167e+00,1.005226856024624693e+00,5.967396813615179951e+01,6.026524992395530234e+01
8.336407585352820782e-01,9.659955375499265084e-01,1.666796044750126171e+01,6.007321261332916329e-01,4.811635201105860347e+02,4.822879544668945186e+02
4.134807769266728883e+00,1.005736581706495825e+00,2.961981322364931390e+00,1.103502636631981337e+00,4.656315109219414694e+01,4.798330316982639232e+01
4.696380529821978733e+00,1.503254946763212807e+00,2.304353554431866957e+00,2.723615612504799999e-01,7.012456895463236606e+01,6.637252102880385962e+01
2.346551548460106940e+00,9.217933623745493410e-01,1.232646307752125558e+01,4.974547975353375007e-01,7.435349001158598412e+02,7.435852344059627512e+02
1.468527308001861265e+00,1.105715287581202633e+00,4.347668131929410151e+00,1.079978941464478259e+00,5.986897475353432441e+01,6.095230482781808234e+01
4.482951397809449290e+00,9.517004820432253265e-01,1.239076629080114778e+01,5.869543641979751980e-01,1.976154095279174271e+03,1.977907667139194245e+03
7.561616538233133511e-01,3.007289844381720312e-01,1.546507454856468300e+01,1.107710439964892268e+00,1.321726447658742245e+02,1.317745783600015272e+02
2.061367167826455571e+00,1.084916769953928828e+00,1.376118658641692427e+01,2.420861155768060935e-01,9.909631829881647036e+02,9.931557034466818550e+02
4.123705988343198570e+00,1.867963699989381610e+00,1.283390123893022583e+01,2.998788064995192570e-01,6.263136031299174647e+03,6.262096233076262251e+03
3.791102454570399516e+00,1.049113115094618243e+00,1.748462969863117422e+01,1.090763554460988161e+00,7.097259999304321354e+03,7.097145509459258392e+03
3.928664989615193281e+00,1.486008208250648277e+00,1.667662177132223178e+01,1.083355203970543412e+00,1.313604854806907133e+04,1.313964994888657748e+04
2.663688500750273747e+00,7.926259511996975871e-01,8.627786858684324045e+00,6.222053966820577653e-01,3.472248350866582314e+02,3.447572382486937386e+02
3.667324537446235766e+00,2.065362309875671265e-01,1.860165253576295186e+01,4.403733288265652135e-01,8.284542928322985063e+02,8.285254119458164723e+02
1.868573316822563557e+00,1.902328477057580347e+00,3.028212475710861717e+00,3.031641157101795381e-01,6.825376179787591013e+01,6.818311642357750202e+01
4.394485507986589212e+00,1.473046831736646967e+00,9.029772073096836493e+00,2.538987541157294858e-01,1.268371836406745388e+03,1.268411456439844414e+03
4.045716686525976158e+00,4.442335014097625878e-01,4.684376673901066823e+00,5.057924726356373135e-01,7.645836566630401876e+01,7.560764026758674561e+01
4.739585093718987174e+00,1.939250772688222657e+00,8.085429174498994342e+00,2.743836350822449477e-01,1.452395751442984874e+03,1.453906635439871707e+03
3.945005578476587615e+00,1.754701738238675590e+00,1.530830034340586643e+01,8.345106424992577709e-01,1.215142863601421959e+04,1.214949702530592367e+04
3.777564871193816121e+00,5.015030755176339561e-01,1.739536819710558291e+01,1.064647551744470011e+00,1.947598223077595321e+03,1.945160755519753138e+03
1.352682901547623828e+00,1.362799329924488267e+00,2.826077146845197063e+00,4.527875524363776938e-01,2.755660547179852671e+01,2.871599021672787089e+01
3.061705802738766469e+00,1.595517705861575042e+00,1.497717228463001327e+01,8.827237325658667810e-01,4.650615751625473422e+03,4.648427410432910619e+03
8.409820774309538782e-01,8.599117667647708796e-01,5.525751857229521669e+00,9.830259632773484801e-01,4.687741634435435856e+01,4.781700605695470330e+01
4.626848887031662194e+00,9.400414899652478340e-01,1.317652893519326973e+01,6.682849305993092681e-01,2.573895268724358175e+03,2.574124776554713208e+03
4.091194968054045589e+00,1.872780197249560796e+00,1.737157695458233952e+00,3.651360607543183701e-01,3.571990266126429248e+01,3.453205197146428418e+01
2.906323016231589840e+00,1.324149320509605765e+00,1.140167042150208587e+01,1.151479298750750280e+00,1.183805946226838387e+03,1.183295660675830959e+03
4.247830613358027918e+00,1.681989877969023661e+00,4.963019622520199903e+00,3.431905701034342338e-01,3.507446499416903407e+02,3.507218787075898945e+02
4.409732644412494018e+00,1.919754019745052442e+00,1.877494203665822425e+01,9.276261233551655883e-01,7.680568664104584605e+04,7.680675470539683010e+04
2.109385412079528344e+00,1.606471335977779580e+00,8.800149671311896071e+00,1.153649629745351124e+00,5.365258948247403623e+02,5.354287482298842633e+02
3.528457181503359852e+00,1.233128464879064357e+00,5.101789550141825558e+00,9.673288048505189751e-01,2.237978426168199917e+02,2.235398032634635967e+02
1.092591583676950417e+00,9.763223885784906297e-01,1.313102742572596071e+01,3.610226609368616391e-01,4.059179435930251998e+02,4.032122575810572016e+02
7.226107120996257960e-01,1.718057768921492423e+00,1.494745180280615315e+01,4.287947350977685534e-01,5.714249174641987565e+02,5.710287079060027509e+02
3.980621231266395554e+00,6.452398157579029014e-01,1.617225676340902396e+01,8.764934739489733673e-01,2.360367128914750538e+03,2.356680492865641099e+03
1.480750206483286258e+00,2.168631490732541023e-01,9.980815279406369811e+00,9.554812091513895655e-01,7.183034451731779768e+01,7.188061713453332402e+01
2.323258281656660706e+00,1.807863505670945337e+00,1.419642082876442402e+01,9.848860923255963185e-01,2.612935602185415064e+03,2.612162203319216587e+03
2.702860030769439259e+00,2.613867819439558704e-01,1.815747989741509016e+01,8.841632479680994194e-01,6.404526541793487695e+02,6.447670388252569182e+02
4.750384013043232656e+00,1.946873253572753093e+00,9.821348878778458413e+00,4.354453834381136756e-01,2.862452979063430575e+03,2.865147434679216531e+03
4.000975292019052887e+00,3.255655490219268033e-01,1.958947661568290144e+01,4.255540157323925987e-01,1.870214399538919679e+03,1.870036530331382892e+03
2.969550411381121968e+00,2.132971692052248180e-01,1.966939066116079360e+01,1.415036298296153128e-01,7.516227493972087359e+02,7.536352714538467126e+02
4.139447445234790024e+00,5.102467470510481107e-01,8.271917940897925092e+00,1.548662623201390587e-01,3.435275546695847879e+02,3.442074948972960442e+02
1.621002325784468345e+00,1.667525135977405037e+00,2.013104998467266427e+00,7.538297488637167865e-01,1.318501258504266715e+01,1.099993779775987335e+01
8.865181532259045483e-01,1.573849152817002217e+00,4.136670202967748011e+00,9.971044290518925601e-01,4.881987203636958839e+01,4.407851904179621272e+01
1.647374700646282886e+00,3.468445613452424414e-01,7.632314051846670999e+00,4.883619268403007752e-01,7.710419270643245682e+01,7.941915266059987744e+01
3.180744714925349381e+00,1.536049902896538644e+00,1.882192537861293857e+01,1.028886231697696552e+00,1.550025420215158920e+04,1.550112767000691201e+04
2.012811184627779859e+00,6.245867016880038980e-01,1.276624816818710784e+01,8.272237742468541155e-01,4.652043031093072614e+02,4.613876070887553738e+02
4.947709945421967959e+00,1.664573962234529025e+00,1.991235623876700700e+01,1.273664602733801388e-01,1.142112143096465734e+05,1.142125747900139977e+05
2.985236268486084921e+00,5.293906143700960465e-01,4.509011764513549458e+00,1.049215064352971183e+00,5.185900273798591797e+01,5.376894756853970847e+01
3.057317177918402074e+00,7.623643159637036870e-01,5.029079883533425388e+00,4.560651781612338196e-01,1.271476993023144644e+02,1.258630452138984879e+02
3.838636205444662775e+00,3.120345300310244374e-01,4.057134925627876143e+00,1.013190152664319887e+00,1.538246970903271915e+01,1.703989235825736515e+01
2.817622575034831822e+00,1.913017615538278537e+00,4.770875968213657892e+00,2.971694262388152596e-01,2.562815091370957816e+02,2.529194672152862609e+02
1.281933189961479647e+00,3.443076838417153951e-01,8.521412513834366820e+00,4.857099139414229327e-01,7.602385101997083439e+01,7.565987277267116440e+01
1.406308512330901817e+00,1.448795531596460462e+00,1.389634191486488390e+01,8.332175493498935603e-01,8.540044044904705061e+02,8.541463588250051089e+02
2.541781312407984661e+00,1.583041685317395864e+00,7.666153128515114545e+00,6.248294099363275178e-01,4.848585884107678794e+02,4.864917180166067965e+02
1.638186591660837577e+00,9.847331614258676424e-01,1.945779385186919797e+01,1.032493098454764668e+00,1.693219507328281679e+03,1.694083840963129205e+03
1.432035563158464697e+00,1.515577866244017136e+00,1.566133023437302541e+01,8.472320923945173554e-01,1.254108856728215869e+03,1.254619671237374178e+03
2.155076923212890794e+00,1.491208332240979262e+00,1.780784783253906411e+01,1.083775285606528804e+00,4.013838977610726033e+03,4.015014615897802742e+03
4.109922214016576980e+00,1.488040493871408243e+00,2.922391171973664825e+00,1.184352871924743367e+00,7.891498752560913488e+01,7.767099251974576646e+01
4.392188380105013223e+00,8.315726518301809200e-01,6.263693725403411072e+00,3.869734170885519298e-01,3.088911282756644141e+02,3.119087878116749835e+02
1.685126271807009468e+00,9.663255950556057794e-01,3.396551033110496665e+00,9.272929243285522594e-01,3.023525480486695471e+01,2.961537823444534823e+01
1.389400654817303238e+00,5.530229908004817840e-01,1.681623794183642673e+01,3.893209383539996127e-01,5.046731717470425451e+02,5.063199084891230655e+02
6.618413737492364612e-01,6.954043096333175633e-01,1.619274967606516924e+01,6.316388329206620300e-01,2.773767171304020849e+02,2.774274171916461000e+02
5.417288722943767176e-01,6.993185451454562163e-01,1.093138445906918044e+01,8.194842940339127635e-01,1.093758966510563511e+02,1.089410151848254884e+02
2.150356587213611004e+00,5.023622024257552443e-01,1.648749720619180437e+01,9.568248839163379094e-01,7.178571160096480526e+02,7.190841366505067072e+02
1.371309878415056138e+00,1.480790652551588371e+00,5.905987547986857322e+00,8.986229830682109787e-01,1.560489249727351933e+02,1.569966548177294783e+02
2.766327505623872085e+00,1.040454394284745954e+00,1.683270604465198872e+01,1.111990453284297908e+00,2.856030357145741618e+03,2.858770643524832849e+03
1.091389123394024718e+00,1.927530234161668243e+00,2.327114524162540832e+00,4.886000661522280630e-01,2.029918319142858962e+01,2.250101188895714799e+01
3.320415404359015721e+00,1.100104416382743366e+00,7.603787583848847120e+00,2.959053624761394108e-01,4.523514142305447763e+02,4.512709235385487432e+02
3.007910748853761085e+00,1.627622240816471777e+00,1.071510315190901963e+01,1.136401847229534079e+00,1.348782313937568006e+03,1.349838331081351498e+03
4.612610728550381012e+00,1.447884309932977898e+00,1.745383863439900551e+01,7.636342764608995415e-01,2.609475051007837465e+04,2.609500897911654465e+04
4.148120441860633889e+00,8.517519217059423831e-01,7.979496122445148387e+00,1.009301795237469435e+00,4.718437922908037763e+02,4.703071608842188880e+02
1.047265522334599241e+00,8.617214767269405495e-01,1.479153858072790584e+01,6.070360021043271770e-01,4.341263036201564773e+02,4.319799990787822708e+02
2.961446084314470095e+00,2.431274787375218016e-01,8.103932490203675343e+00,1.028058389000705786e+00,9.893712981841377996e+01,9.949964496324908225e+01
2.151547657000989489e+00,1.295665648854569918e+00,1.032924720911148597e+01,8.174129909325663634e-01,6.307913212006834556e+02,6.297745299382314670e+02
6.850780137403656989e-01,9.502190537613337540e-01,7.277950291557379714e+00,1.298019233971604292e-01,8.448797447730599686e+01,8.176756438458231457e+01
2.975558379879869264e+00,4.767507831483760450e-01,1.272538997599815680e+01,1.026817479682500256e+00,5.430281893276741130e+02,5.428903980492146957e+02
4.890563195734605628e+00,3.152966275134022056e-01,1.064402336729846965e+00,8.713934893788497504e-01,-3.298807070178320089e+01,-3.249525744552980200e+01
1.153550810370099100e+00,1.897095556692921292e+00,1.179694192393077401e+01,5.070356894744495468e-01,6.305102629382864734e+02,6.307591886099780822e+02
5.223793787933610488e-01,3.691655814303588246e-01,8.062452524616746885e+00,8.081254163206397223e-01,2.785735439841448979e+01,2.549789239987285683e+01
1.392606676204521055e+00,5.122522848685434615e-01,1.676603359563354445e+01,7.729013467073105881e-01,4.653760462252301977e+02,4.642652332372131241e+02
2.433833741911669790e+00,1.982685565577683828e+00,8.183658206966573090e+00,9.919387170509510465e-01,6.532276139183290979e+02,6.560115903467450380e+02
1.689059471857789152e+00,1.934373483674100003e+00,1.804545299598158081e+01,3.443444033875541210e-01,4.061443252981723617e+03,4.059950445466629844e+03
3.619821531169979067e+00,1.874881815953183484e+00,1.898445743035019717e+01,1.064712240033074186e+00,4.044117024642525939e+04,4.044056210442112933e+04
1.702680660128079060e+00,9.759579978752694895e-01,6.795563209446780384e+00,7.476736939839515594e-01,1.721296052554163225e+02,1.767821601916637348e+02
4.382137228596004519e+00,7.090219994114639324e-01,1.149665974100896015e+01,5.364636454031608270e-01,1.039244967132088277e+03,1.039984235941152292e+03
1.077196705714963176e+00,6.324970241947143190e-01,1.730528270873427088e+00,6.578686762822512080e-01,-2.024703323977121716e+00,-2.987266850961682429e+00
1.199305776739211460e+00,1.975074952843031140e+00,8.172887755539640864e+00,1.160724397809274472e-01,3.432350179356310491e+02,3.393868824565013824e+02
4.862197851927827053e+00,1.231317517006017104e+00,1.545561196074140931e+01,1.080607388838147997e+00,1.012365811982248852e+04,1.012431293858012214e+04
8.298115250913885577e-01,7.784183697277071712e-01,1.765490911925947159e+01,4.428414321549095645e-01,4.430364071877605738e+02,4.402945557005201067e+02
3.897499208195541964e+00,1.493383825612015769e+00,1.809821564164502661e+01,7.630916671004024376e-01,2.099610584807749183e+04,2.099608900140359037e+04
8.769549264145247713e-01,1.575296802335418800e+00,9.085566838037232529e+00,6.091932117850000772e-01,2.571750288548005301e+02,2.554738975282570266e+02
1.214330587711637266e+00,3.603252176941598717e-01,1.708876137421483365e+00,1.284952527439200409e-01,1.247218164825090181e+00,-2.069263482283019151e+00
3.311192466119261546e+00,1.287855823673994538e+00,8.308768614133406061e+00,5.011797239928446057e-01,6.215934032822137851e+02,6.249259791338315608e+02
4.211763898954795415e+00,1.981363694704695089e+00,1.438083892345617265e+01,6.680626864362054773e-01,1.373011591213672182e+04,1.372992918020509387e+04
3.275761710982730168e+00,1.105540261155737447e+00,7.134477198325963165e+00,2.178790557945108342e-01,3.977059737125923675e+02,3.995677294754899549e+02
4.983408915664000460e+00,2.766198121191101311e-01,1.583057139342036201e+01,5.974911704918287603e-01,1.097936359781351030e+03,1.099436112080624980e+03
4.938192784848999928e+00,1.510843373707869475e+00,1.157658081061150313e+01,7.378292663745915636e-01,3.884887642483188301e+03,3.883447414287662014e+03
1.173571367232016271e+00,1.267469178476412273e+00,1.091959758678651582e+01,1.057764668860338153e+00,3.812597576486542721e+02,3.814564265114984778e+02
2.598638469962395448e+00,6.310905301055175221e-01,3.984898277003458666e+00,1.069057681745218868e+00,3.923109179585012640e+01,3.853476508222230024e+01
2.612189928147551132e+00,5.847107579961334789e-01,1.631397533103466202e+01,1.172071767609313753e+00,1.060461441739189013e+03,1.062405864100045846e+03
1.339888724887132954e+00,9.361201154399640956e-01,6.860023118813873388e+00,1.035989597398625950e+00,1.322141887611822142e+02,1.330901124043331549e+02
3.464258023780546925e+00,6.314758991270597033e-01,1.503345646340196851e+01,3.704782652924091257e-01,1.412659490164423232e+03,1.411964478498501421e+03
4.414653303949185315e+00,1.659826408161182210e+00,1.205731280663945348e+01,7.703621589987472706e-01,4.327004817362063477e+03,4.330334535699389562e+03
3.826916118794048138e+00,2.173643666855927525e-01,1.111108551922537124e+01,8.274479783613571948e-01,2.535307430926200141e+02,2.545800715236071881e+02
4.050104252884883849e+00,7.999086664645598255e-01,1.622826157112669421e+01,4.038279102882532667e-01,3.512250416184610913e+03,3.513185161417276504e+03
1.674029018245957401e+00,9.174853823181301493e-01,1.080403632164419392e+01,6.133686468302455008e-01,3.957370312100683805e+02,3.941819381854694484e+02
3.046539649302396846e+00,1.267444665860361530e+00,5.587112684471652102e+00,3.148500231918276993e-01,2.595199306692247774e+02,2.603444342073931921e+02
1.297364093657982886e+00,1.809844697964044125e+00,1.263880658265304469e+01,1.560051340787073360e-01,7.969255678494266704e+02,7.940056705787889086e+02
3.934587508694435520e+00,1.565259761325480392e+00,1.782551472497855372e+01,2.279029909887753114e-01,2.219267175754321943e+04,2.219360461619053240e+04
4.686600569211297973e+00,2.999212671783765827e-01,1.566478427092404324e+01,6.202775118276754318e-01,1.059339401688569751e+03,1.057477246187268292e+03
2.741034193179425760e+00,1.668122976900890286e+00,1.002958636120909963e+00,6.360950230578201747e-01,-6.292476181751174735e+00,-5.917932459141804991e+00
2.831006217280668480e+00,1.336610181638110184e+00,1.249879045865195160e+00,4.620609640964238318e-01,2.014659598413004460e-01,-3.460233416880920121e-01
3.823854985558185593e+00,1.876986402244327223e+00,1.760612611087594459e+01,1.092340757780993155e+00,2.994879099747439250e+04,2.994925461919792724e+04
4.521578968365392193e+00,1.160504166020635886e+00,1.034504359980662791e+01,6.773706832195235394e-01,1.448945757236650934e+03,1.449666760475903402e+03
9.141517294585621567e-01,5.083837286715480186e-01,1.738581404704390820e+01,1.066389922971197501e+00,3.243365009348329977e+02,3.242260107532295024e+02
3.890988463476644288e+00,5.926435187158748397e-01,1.606918147983937928e+01,4.345999897520039790e-01,1.967984663474824174e+03,1.967876139101295394e+03
4.529645026211186476e+00,1.900572712178590917e+00,1.888693684044422838e+01,9.073141224658077819e-01,8.512436489400944265e+04,8.512139129024348222e+04
1.438057990408533993e+00,2.879989533831881499e-01,1.683995965200335831e+01,3.354622238348807794e-01,2.971199408234836028e+02,2.933241069919976098e+02
1.827870940160641000e+00,4.349373872492617865e-01,1.627909004160783013e+01,9.968291954863792714e-01,5.026280121699637107e+02,5.051511902973726365e+02
2.617667399553942342e+00,1.530756629460014118e+00,1.815671971602972334e+01,1.393078088051489805e-01,7.409844018450555268e+03,7.410991985837783432e+03
3.177701330129840684e+00,1.965952241848722970e+00,1.573385656075426731e+01,9.118021208427813384e-01,1.014719591075094286e+04,1.014423761193078644e+04
2.560686194180901598e+00,2.060387344015589539e-01,6.651551336215465682e+00,5.000582000542476147e-01,4.766099408594337206e+01,5.147940184503281102e+01
3.079648156381580293e+00,1.317504814319759632e+00,1.580314334240204133e+01,3.026229249483970429e-01,4.182188084984710258e+03,4.180759293493247242e+03
2.246839247433745967e+00,1.670822436502911845e+00,2.524345423323203441e+00,3.179606617676474234e-01,4.654773969404524792e+01,4.756966482313897160e+01
2.397896725723515310e+00,1.261369351357565671e+00,1.439540083043998742e+01,2.632161054054099059e-01,1.694417076146136878e+03,1.695267537966112741e+03
1.897927021245125134e+00,1.152529768991725323e+00,1.525306629889034760e+01,4.456653882083646545e-01,1.248967677750189978e+03,1.249184789784678514e+03
3.442378390959732748e+00,1.548270577738981357e+00,7.535261841646883063e+00,7.807680579317926028e-01,6.161405075452526034e+02,6.173574473664706375e+02
4.720279280881520378e+00,6.350819015929949352e-01,5.120179058843636000e+00,7.145868487211247677e-01,1.560367903754648751e+02,1.532889491684915413e+02
4.935835259381349260e+00,7.937687538689908173e-01,1.861253457963900360e+01,4.866162882659779143e-01,1.109697215378160035e+04,1.109689987253458094e+04
2.220257000980384809e+00,1.653917430127361365e+00,6.450298938154774397e+00,1.156673984736571015e+00,3.114735393482898189e+02,3.109654299436563178e+02
7.015268955895016534e-01,1.015319681863769086e+00,1.192722098998424407e+00,9.328364602991214838e-01,-3.376064052412895311e+00,-3.200937607648581817e+00
3.355043199670114884e+00,6.327371734132456460e-01,1.234040468597922935e+00,1.163165833169506724e+00,-2.331136945471150668e+01,-2.385972351879487974e+01
4.790819977463717017e+00,1.600893947563252429e+00,1.559312023809254377e+01,1.121622413073647406e+00,1.898154658548949374e+04,1.898026245895864849e+04
4.787799239340602142e+00,2.453093551717284992e-01,7.261927060831530945e+00,6.971618030311367287e-01,1.322665057902870558e+02,1.308041754635543157e+02
3.589874203843296030e+00,9.406296575152059969e-01,4.215247251173007470e+00,1.118509744461488431e+00,1.075920282428498496e+02,1.093613794305890394e+02
2.185571221298582056e+00,6.433775723302419536e-01,5.504662141869303582e+00,9.576458033923336277e-01,8.619952907626424121e+01,8.450352587156447726e+01
8.744904313894235059e-01,1.621923929993604352e+00,1.619300240309887684e+01,1.113791899164288113e+00,7.788887212645259979e+02,7.796136418730405921e+02
2.578586138088598378e+00,9.781879873753487331e-01,1.322625018795872265e+01,9.787547209834484008e-01,1.056208336024333221e+03,1.056908099168619628e+03
3.447564412981722448e+00,1.532056800041213140e+00,7.741051041273237843e+00,2.660664517399912166e-01,6.641218212696489900e+02,6.639260222909368849e+02
3.751810291725555135e+00,1.116175643573106058e+00,1.743946930956114372e+01,1.155647380527759616e+00,7.766166253596932620e+03,7.767012994108520616e+03
3.477578654244197764e+00,9.824802899152793589e-01,1.684804361102215609e+01,3.893792211994052677e-01,4.252641608768360129e+03,4.253725783908743324e+03
4.040214187824465064e+00,1.816977239301515112e+00,8.846592127949227446e+00,5.839519514935017641e-01,1.369063984809454041e+03,1.367999674103481311e+03
1.007048302844411491e+00,7.523712379674158957e-01,1.407859576385777967e+00,1.051753651938714951e+00,-5.355531404746814772e+00,-4.683200673819255755e+00
2.829695664875364169e+00,1.486617204295643591e+00,1.607981389769969383e+01,4.924599814180067314e-01,4.686382315443154766e+03,4.690193421827932980e+03
2.532483274374552007e+00,1.286174299760328488e+00,1.849777591358596140e+01,2.751928225069241729e-01,5.223781281669003874e+03,5.221639463155718659e+03
2.755156313419168779e+00,1.232246854477944575e+00,1.725609054422803368e+01,3.436416468222279752e-01,4.250666588213913201e+03,4.250061770342704222e+03
2.596817668235070986e+00,8.753424479154821025e-01,6.414353268123914376e+00,1.070956759036759909e+00,1.978925790296285641e+02,1.963587197721553821e+02
3.221053340572413770e+00,6.688404635376903329e-01,1.681418179956732928e+01,1.178727971725045176e+00,1.933861495466368751e+03,1.937831518107538386e+03
9.797325590289396313e-01,7.016273344966406089e-01,1.316121465175751659e+01,4.065452569336016619e-01,2.778938858340387696e+02,2.750883108785056947e+02
5.479135463975417508e-01,2.421471301814189792e-01,1.270411072541974207e+01,3.673206507842644575e-01,5.288786427248716393e+01,5.290203155624388387e+01
2.465084264099746125e+00,1.671963709106277340e+00,4.375110498648053792e+00,4.358382109270736438e-01,1.676817368875326224e+02,1.695400154893920899e+02
3.148570099036220871e+00,4.181330500654577564e-01,1.068050819476596836e+01,7.880035703803803804e-01,3.523228374623769241e+02,3.505864384223400521e+02
2.408811484937856573e+00,1.609114858777750179e+00,8.642696295292102704e+00,6.219836815453962942e-01,5.991303701178856045e+02,5.988583455647172968e+02
2.816278548695532624e+00,1.974082811149110661e+00,1.549303211301881333e+01,2.745035004440659621e-01,6.920207482433049336e+03,6.918783544713451192e+03
2.303997612314122811e+00,2.282947987884443031e-01,5.438362864203914349e+00,1.193316211633201895e+00,1.759263707275685817e+01,1.491177814303017968e+01
4.157396030865298187e+00,8.546528961097714649e-01,9.838618516936247005e+00,1.431154139575041284e-01,8.053355350632969021e+02,8.051934521146948782e+02
4.145721742732488835e+00,5.024221636275135738e-01,1.629518413682841071e+01,6.543690398414694354e-01,1.839179162169600886e+03,1.840165552309981194e+03
1.179771705158382922e+00,9.239374313441541808e-01,1.928826690076285288e+01,5.958925266439356605e-01,9.386552138575625577e+02,9.378583811898109843e+02
3.307072173715759345e+00,7.243832129550236143e-01,1.316521999720059100e+01,6.922191330719472679e-01,1.045079015055262516e+03,1.045405252130541157e+03
2.854547091399340264e+00,4.798121712980061848e-01,3.401018648334968031e+00,1.039251870695485636e+00,1.279587831911089069e+01,1.416047368313276245e+01
7.520962078170776444e-01,3.997091637802063779e-01,1.672261392376491074e+01,7.063136812650954166e-01,2.033296411085508169e+02,2.057144161951389094e+02
8.963329354234093049e-01,5.063451279384117987e-01,1.610402128868129523e+01,6.121760111614741318e-01,2.774245591223466363e+02,2.749554373899113671e+02
4.163447843484148869e+00,1.572585733685694542e+00,1.429443269814795769e+01,1.274782220867537452e-01,7.630583670600696678e+03,7.631806178958772762e+03
3.721629335585273424e+00,1.558497895225594121e+00,1.522682467471574874e+00,3.749846063459633116e-01,1.557717375972340434e+01,1.433466759934590584e+01
1.210190255120424219e+00,1.846748686796190642e+00,1.887469188923183694e+01,5.967601166033474902e-01,2.284524427396234842e+03,2.280756248352721741e+03
3.140605071389201974e+00,2.145140571836074150e-01,1.881638893413998659e+01,2.853761547032123147e-01,7.209270421509228299e+02,7.193710788907457072e+02
4.521135577378481152e+00,1.322291175457453782e+00,4.611869875056385126e+00,3.567063882660255203e-01,2.599406602589116346e+02,2.612205015290695087e+02
2.854416547848649177e+00,1.079428139069358084e+00,1.825972903769661571e+01,9.565316259937718391e-01,4.630944264061963622e+03,4.631556782617887620e+03
3.205643559856020453e+00,7.602587023883751183e-01,9.039940979751118988e+00,7.286732577795195231e-01,4.358065795021507824e+02,4.336134127748629226e+02
3.546417116352404530e+00,1.514080026381121380e+00,2.437362832353841213e+00,1.428827605407682888e-01,6.585380938841885268e+01,6.906221418499377762e+01
2.882661547888591080e+00,1.159409884581397820e+00,5.437340734115402086e+00,7.077707550013133675e-01,2.070346699521749656e+02,2.078385754242555947e+02
4.456876275454035863e+00,5.797691639660009777e-01,1.322064259909591577e+01,4.084952157803711792e-01,1.267272613974940214e+03,1.267134324953527312e+03
1.648845717057346283e+00,1.257013054891988224e+00,1.941828651721271015e+01,5.410270107841254061e-01,2.451313195074901614e+03,2.450229276528843457e+03
1.515533505448148022e+00,1.465355246623597507e+00,1.929234845578363533e+01,1.124788527329736887e+00,2.600392365745539337e+03,2.601225342296541385e+03
9.539086483339564992e-01,1.914123074024960847e+00,1.000627140102363732e+01,2.006811741407075744e-01,3.914848562876412643e+02,3.907093415159072833e+02
2.499828260389672430e+00,8.901322136998917056e-01,7.584890907394923332e+00,1.046172858475861833e+00,2.749131496185644892e+02,2.771778912945628122e+02
1.969783972231168523e+00,1.300412580838861576e+00,1.362787918977934609e+01,9.261370718860552076e-01,1.108269342947656924e+03,1.108894558444168297e+03
2.749147691911618008e+00,1.615993313323855318e+00,5.889561907091997561e+00,1.198781029624121919e+00,3.063184543760116867e+02,3.075457272668620590e+02
1.285934797140921404e+00,1.666124704016602953e+00,8.008675859693042298e+00,8.785951807031480154e-01,2.968750465088415922e+02,2.962634633826140202e+02
2.662765335543320511e+00,6.818295081962197912e-01,1.212640815700153496e+01,9.543855675118428916e-01,6.067912765720493553e+02,6.038413080306547727e+02
2.732461454094726516e+00,5.369490541379123849e-01,1.489380167538070054e+01,3.766414863294631488e-01,8.185755234088794623e+02,8.196275007328624724e+02
1.875496184334867422e+00,3.421057240199497085e-01,1.179847414528372340e+01,1.103324714111494798e+00,2.124736860517328978e+02,2.104593201021492064e+02
4.119384293226364235e+00,1.171684906010178828e+00,1.198704536816865396e+00,1.071238484457268436e+00,-2.071600851703662372e+01,-2.092840071808628721e+01
2.773953492662159626e+00,1.603272618968890395e+00,1.233512268827679925e+01,7.438044669609101822e-01,1.815592579701770319e+03,1.815564241686310879e+03
3.175739430858118606e+00,5.856319683288475630e-01,1.931012338144289586e+01,7.559403420732511147e-01,2.604998446322465043e+03,2.603440296428052989e+03
4.785082655031406063e+00,2.620715534740256092e-01,1.582402787247197740e+00,2.816353874303988425e-01,-6.231480015679693452e+00,-4.458223603850370864e+00
4.446297093809741696e+00,6.251701784607182066e-01,8.950222455310992586e+00,7.032851945111573411e-01,4.971280901938807233e+02,4.942791194020231273e+02
3.402378980701181277e+00,8.342787285857262702e-01,1.341384995681059511e+00,1.163250451572305000e+00,-1.969759648377625183e+01,-1.672447749810538653e+01
5.238662114065065767e-01,1.188195240177338352e+00,8.538345581156583819e+00,2.572313721314771207e-01,1.108132942764847826e+02,1.096353109533222181e+02
3.399315458970324944e+00,2.894061727354319546e-01,5.177271127040854459e+00,1.202889838040076126e-01,6.133570155616955333e+01,6.325631218091694308e+01
1.872153893123340573e+00,1.595053262505515157e+00,2.549440725478737235e+00,7.632278446620784917e-01,3.078545797533977080e+01,3.336230115080257974e+01
1.611564477025910325e+00,5.192297338136804274e-01,1.551558890390479561e+01,6.363833225456192455e-01,4.697782030405015803e+02,4.680594906812133331e+02
3.223664644090653120e+00,1.988182396657705020e+00,1.637019812354664428e+00,2.825415752779734113e-01,2.826849234142896705e+01,2.680207718185847554e+01
1.292542893375641322e+00,3.001236059224569042e-01,1.619421094149579332e+01,6.132390136365324373e-01,2.526955469194327009e+02,2.545681215939637809e+02
3.811739337839966435e+00,1.646797333151728937e+00,1.404352455653895682e+01,9.464309880334716985e-01,6.146964183486332331e+03,6.147335907817252519e+03
3.993577781313863984e+00,1.767222717507477059e+00,1.747452282715344296e+01,1.159479414541787268e+00,2.799111239425286112e+04,2.799127646309317424e+04
1.120247822564391704e+00,2.215959933526359393e-01,1.778566092811205035e+00,8.684599859481835216e-01,-6.671540450817816215e+00,-1.031540271397764563e+01
1.183848591308733544e+00,6.145595407760945372e-01,6.022912343460855134e+00,9.466214068449941843e-01,5.559074376481120083e+01,5.231966144817162245e+01
4.663782850612109065e+00,1.486305821489710688e+00,1.088084928687237252e+01,5.301356721449642651e-01,2.617521191122994423e+03,2.618590744070924302e+03
6.374543946455316634e-01,1.992466343652802729e+00,1.010723853605628975e+01,6.492767544393563961e-01,2.877267575230591774e+02,2.905832267076670519e+02
4.091534161021963989e+00,1.298536687749301421e+00,1.423344703859672933e+00,8.731058802310069922e-01,-7.649407574876354587e+00,-9.060942782081337299e+00
3.861118216090602573e+00,1.795596016607220902e+00,1.002873435318489292e+01,1.147771521051476729e+00,1.852903937558906591e+03,1.851181979701942055e+03
3.664795514725325720e+00,1.423515967403723215e+00,7.508136646817277438e+00,4.782632488667725168e-01,6.096519613467735326e+02,6.100683701557949234e+02
6.521107539340420534e-01,1.141497058050921609e+00,1.799737994413257525e+01,1.564750439663587789e-01,5.087876745485216929e+02,5.097114393829406822e+02
4.738227726525803263e+00,1.495755482141972736e+00,5.983768139811561859e+00,3.699472694920786786e-01,5.097061814257211836e+02,5.108254553289742717e+02
1.424607801273590102e+00,1.419971070231500487e+00,1.943467437950216148e+00,1.175902716578334894e+00,3.852209753557657379e+00,2.976249358012168944e+00
4.427635084448433567e+00,6.661482272751731992e-01,4.347127695832507577e+00,7.268861478874635296e-01,1.027350263304437306e+02,9.886517533586746254e+01
2.753328340449398226e+00,8.393121810333028510e-01,6.746128365125796833e+00,2.858933405554671126e-01,2.390526864478758853e+02,2.419532473458547202e+02
1.965406673073796462e+00,1.772506127430589995e+00,6.071210277542405720e+00,7.374877546881850598e-01,2.697483614216204728e+02,2.687607493258854561e+02
1.286753761210847502e+00,6.595057008655881292e-01,1.176460872533551161e+01,6.880379152176023805e-01,2.728058713743370163e+02,2.753048041312104601e+02
5.516452095337034400e-01,5.907651868116418070e-01,6.043529577708492972e+00,1.037013562776150755e+00,2.460666430841294527e+01,2.064899244317740568e+01
1.554307937138014406e+00,1.178375870238214107e+00,3.956955659531678826e+00,6.926706322391784632e-01,5.740038920081445895e+01,5.813854518312408715e+01
1.023169203685609263e+00,1.667352856520647464e+00,4.273815798383164832e+00,1.094748183401191399e+00,6.431211543141579057e+01,6.331830827703159770e+01
5.299534402306722569e-01,8.807262002888049945e-01,3.705999078990950046e+00,2.408615709168809849e-01,1.370904219565791315e+01,1.155174568127703161e+01
3.491606290926270617e+00,5.641769774747265043e-01,1.876965908409900763e+01,1.071887650860878338e+00,2.650999275945068803e+03,2.652928872507016422e+03
4.897264000322259392e+00,1.970988918144997326e+00,1.504990057573136752e+01,3.628912743446236489e-01,2.774343490820000807e+04,2.774600154287767145e+04
2.814868638035813220e+00,7.617574802896922570e-01,1.680861747365189274e+01,9.288810637644092649e-01,1.830872033188803698e+03,1.829707273165355673e+03
4.191881695374421568e+00,5.034545440153777029e-01,2.074616959847557673e+00,2.244828737955337494e-01,1.096849178350403697e+01,1.225406526735355861e+01
4.866744277748865422e+00,1.200653767039515207e+00,9.312129229642607697e+00,6.868786680109756349e-01,1.228001909975781928e+03,1.225866858798536896e+03
8.633598594341338472e-01,7.314677790273285130e-01,1.184213963583139417e+01,2.578233499474987811e-01,2.124838264366129579e+02,2.112554206779395827e+02
2.414443642306814297e+00,4.648547001337277051e-01,1.004156226897634596e+01,8.418685855128725803e-01,2.626228897185385449e+02,2.621356573870198758e+02
2.398047847467164484e+00,1.447508658516734048e+00,2.491249319209245527e+00,7.813114783609917957e-01,3.159406614283376058e+01,3.090404742692322060e+01
1.619459437214604502e+00,1.639409262718179772e+00,6.021032437734442411e+00,7.780741265976219845e-01,2.087764823074589344e+02,2.100450329788730528e+02
3.729039570525663816e+00,1.741430694461240769e+00,1.096264459873675534e+01,7.421653881371870209e-01,2.282416764527461055e+03,2.280020109640200189e+03
2.991887519739739432e+00,7.730788679355784510e-01,1.467565934000907291e+01,1.279740285642011477e-01,1.350494459660259054e+03,1.352417615929968633e+03
1.255660132746696966e+00,3.948114576379782026e-01,8.471525747881633706e+00,2.864609892698111726e-01,8.705309762509921256e+01,8.897277473762902389e+01
4.756022143789291334e+00,1.817524414274263700e+00,1.198998167828277950e+01,1.532217123534315162e-01,6.027604058122563401e+03,6.027171804560258352e+03
1.036776043232389810e+00,1.574161980714012143e+00,1.485949027334426198e+01,4.527728714335770288e-01,7.626982656752634284e+02,7.603470426546839462e+02
7.235737261780574858e-01,1.091180071872456692e+00,1.844440693042828272e+01,7.071829884087864615e-01,5.658823173430400857e+02,5.611614192331974209e+02
3.901254856055810905e+00,2.843187229168961938e-01,1.475794293696520221e+01,4.775343737563534363e-01,6.659572498224457604e+02,6.658321201983411584e+02
2.423164213736034966e+00,6.736596749737706613e-01,7.363300482210907383e+00,2.295453994884341931e-01,2.086657191845544332e+02,2.072440961442690650e+02
3.436695228788979595e+00,1.687693055417749610e+00,3.868112251829676218e+00,1.027975526708256648e+00,1.623202187946901631e+02,1.625235461167388280e+02
6.319761248369198947e-01,1.050024193497765435e+00,5.996618317127752285e+00,1.124549661060626260e+00,5.277583435521745514e+01,5.068124396724333280e+01
8.600807984551983587e-01,2.397721273919987128e-01,1.307617117186974376e+01,9.593678340913103231e-01,8.447969063224057606e+01,8.448498149461153162e+01
1.780212660328257313e+00,1.075768933646875647e+00,3.185735312565325827e+00,3.110715607417348094e-01,3.927129353008299972e+01,3.914917570615169495e+01
1.974720097747808767e+00,6.827418463720481556e-01,1.853978734717527743e+01,1.064615712152433114e+00,1.221717613007177988e+03,1.221739931716681212e+03
2.875156289896927397e+00,9.854750439393700212e-01,3.461798181970593635e+00,1.768807882017450206e-01,7.341288586254188431e+01,7.397944104699246282e+01
1.931614558117421332e+00,7.719972113954332027e-01,5.585449320463926171e+00,2.588434748721786804e-01,1.078241042118741575e+02,1.084029924447211926e+02
1.542107822963272090e+00,4.588578568321752260e-01,4.670380485016454308e+00,1.027523477323894818e+00,2.425192756924111848e+01,2.617575309273130557e+01
4.780302254346597834e+00,5.690203356358396469e-01,6.103105836260100503e+00,4.910991208564788879e-01,2.202511879385641862e+02,2.186986958628065736e+02
1.097139976852540721e+00,9.153123693521096893e-01,1.004203533511528867e+01,9.452302098238275496e-01,2.322312923568008500e+02,2.336593530120146056e+02
2.761375054813019148e+00,9.131543978543321671e-01,1.953834127789624731e+01,2.913380474979703760e-01,4.292119956911815279e+03,4.292438945491416234e+03
1.506505842092633163e+00,1.676625184000526403e+00,1.724251231542198681e+01,9.759428885918427499e-01,2.114098079728822086e+03,2.113271391927999503e+03
4.153364007951587666e+00,1.207294157961302350e+00,9.446184741344310964e+00,4.723247209217638076e-01,1.040829894684465444e+03,1.038858219904402631e+03
3.286028277899287087e+00,1.272048435609018258e+00,8.562704849918608474e+00,7.027880897660825354e-01,6.462009831707707690e+02,6.490920975528616736e+02
3.292231015605976197e+00,1.406329878017244184e+00,1.371713365700400367e+01,8.796610451946951237e-01,2.971415126682876689e+03,2.971891702814043128e+03
2.459483039024748408e+00,7.942043621431655875e-01,1.303308455932823939e+01,6.997739781386803637e-01,7.666534837260880977e+02,7.656337276446436135e+02
2.562306865067553119e+00,1.046308417234270260e+00,1.542842826957209823e+01,3.823939262545191786e-01,1.827711741591591590e+03,1.827859331383335984e+03
4.964833272708903067e+00,7.717930377853479129e-01,8.027180427434128518e+00,1.142360591361952338e+00,5.206113492931101518e+02,5.206248608593231211e+02
2.411724814635521241e+00,9.183426819812865460e-01,4.351296928527625951e+00,2.074058440016423588e-01,9.403914485104679954e+01,9.300824024197845574e+01
3.458602435795782082e+00,9.872325180791492460e-01,1.860395908012429800e+01,1.020893396246278728e+00,6.786359488963676085e+03,6.783634096886147745e+03
8.967712028809922131e-01,7.488058242576800527e-01,1.255879106316011740e+00,8.159546630839294989e-01,-4.150610353853924295e+00,-3.842756247461998065e+00
2.860625371513456194e+00,1.252412737761415595e+00,1.283973874952130778e+00,2.377209222796799193e-01,5.978303145528227169e+00,5.661000737084775913e+00
3.901197007310080789e+00,1.634744676750750747e+00,9.063393357228720859e+00,1.009909749406800117e+00,1.209910415537505514e+03,1.209357751186935502e+03
2.609821883714386281e+00,8.237246635303878683e-01,1.055554192667815805e+01,4.723484004333236008e-01,5.332199542931044789e+02,5.351742106001547654e+02
3.772925880036587465e+00,3.702251793614829145e-01,2.290764370227029723e+00,2.963971930543883859e-01,5.588448251747862194e+00,2.997642584419638823e+00
3.489173022804054280e+00,5.143615158706199564e-01,1.219325415640470922e+01,8.976256350648452731e-01,6.372377984421825659e+02,6.353562266811404697e+02
9.945043579160032232e-01,1.786025290179766412e+00,6.013838979395507600e+00,4.384057711966085069e-01,1.477105419254347396e+02,1.480348118618294393e+02
2.647092873649405931e+00,1.812804121260602086e+00,5.857415822947809048e+00,8.142453111369976071e-01,3.302316921084402566e+02,3.318870387553214982e+02
6.404063706524470989e-01,1.037706420201240709e+00,1.214951134099209717e+01,5.344069228787806658e-01,2.286849867073379983e+02,2.299012647104903522e+02
9.092431015761106572e-01,4.175411850812907888e-01,1.574154234479215830e+01,5.674595493784039268e-01,2.276371822053467042e+02,2.290829035909740128e+02
3.529521407697145285e+00,1.614863361847841183e+00,8.059480841904402837e+00,5.497255798158756646e-01,7.801763200733400936e+02,7.758337714687443167e+02
1.489407031215830957e+00,1.288628384087941336e+00,1.553400647492859221e+01,1.129728625281630761e+00,1.062201222869213780e+03,1.063190319679051754e+03
7.278795463606455574e-01,1.452267536124556280e+00,1.476425607738464763e+01,2.216025158523248217e-01,4.846079215362939294e+02,4.854404305752802316e+02
2.607798766211559371e+00,1.284249130584238507e+00,1.575796748652994905e+00,1.047627687873904367e+00,-4.191634341539593578e+00,-2.832586571229685823e+00
3.641956120361231619e+00,1.034586414075594485e+00,2.360077437683475665e+00,5.028093829119433256e-01,2.959933548180232421e+01,2.824833811663389938e+01
1.760856877241768759e+00,1.516094012225962739e+00,1.361246168129103395e+01,1.596154683374318983e-01,1.149907657481380966e+03,1.150924704535215142e+03
1.357702498605046770e+00,1.982232965835417193e+00,1.299045808363976651e+00,1.197608791856836552e+00,-2.718918151129510186e+00,-7.272354714337778692e-01
1.538589412153418046e+00,1.963205532831447941e+00,2.429921671094578350e+00,6.234838486595192242e-01,3.093950999303213223e+01,3.412384095343256263e+01
6.039002033150699944e-01,4.249752419610848264e-01,6.346963401872836918e+00,2.413809970886234280e-01,2.415596030227162672e+01,2.466823437580513456e+01
6.878276261898880195e-01,2.632798819131595969e-01,7.490296538466933995e+00,2.009887662241091055e-01,2.420776984314329638e+01,2.159156204090892928e+01
2.580943076309315742e+00,4.864515434520261250e-01,1.732988975286221134e+01,2.018824068283014417e-01,1.022536219478239332e+03,1.022657596615419493e+03
1.469290933439312496e+00,5.882301452680958054e-01,1.595207673219714906e+01,9.440608482934867984e-01,5.016629356437676961e+02,5.029505081536088937e+02
2.425909734185453637e+00,1.888830565555233987e+00,1.002319201602913346e+01,3.330954626437179766e-01,1.016238756401842011e+03,1.017267428347968007e+03
4.609658509364480850e+00,8.581537941024461880e-01,4.416293496023214971e+00,9.395497789607180072e-01,1.414136652754179408e+02,1.452120942336718485e+02
4.119072497026805557e+00,1.253691336299768366e+00,1.897515545976728557e+00,7.103117201048116947e-01,1.434136843712178511e+01,1.395993153765485140e+01
4.220273077246293525e+00,1.934943936513458196e+00,1.452178007465652421e+01,3.548442308154904357e-01,1.379637892332946103e+04,1.379438257715356667e+04
4.680606274034454728e+00,1.238123624241874943e+00,7.347839404396064644e+00,5.231574718353632081e-01,6.563228774132816170e+02,6.550816579892247091e+02
3.501396301891867235e+00,8.026291390674835657e-01,3.069206711872634052e+00,7.072601095512478508e-01,3.836766938705029872e+01,3.968219101583069630e+01
2.469670432616373645e+00,1.670159648877661107e+00,1.713420097106168427e+01,1.043445384944062138e+00,5.758399056070957158e+03,5.756832015257866260e+03
8.300112117024696090e-01,9.296554974159825235e-01,1.970709857474736282e+01,6.853166575336601118e-01,6.471457881015380735e+02,6.451037469810680705e+02
3.747678688345514875e+00,4.749435696190283940e-01,1.199358368737834368e+01,4.967409794957639013e-01,6.271377849681994121e+02,6.255025169665980229e+02
1.000305699379412161e+00,1.519910549046927128e+00,1.589736440158366015e+00,1.184162779936452914e+00,-7.909403697518757603e-01,1.615730621700631531e+00
1.865239915449683927e+00,1.525881371441898393e+00,6.696453737952135832e+00,2.643590180535742018e-01,2.803341169096751173e+02,2.808222890176855344e+02
1.762738785998540614e+00,9.569101365971599549e-01,7.189756249047301928e+00,4.951667049950985167e-01,1.992172992655134180e+02,1.985711016363849524e+02
4.720341130802708562e+00,1.144481852346885153e+00,1.401610240316664857e+01,9.629467585591735546e-01,4.913157605962005618e+03,4.914855029445654509e+03
4.399787791491787559e+00,1.485613886778520687e+00,1.623922790736415678e+01,2.127148055774050750e-01,1.564832347926810507e+04,1.564970079195370454e+04
1.645669410500595120e+00,1.653845854025195905e+00,3.189662907145461634e+00,1.039301960793048707e+00,4.929295855118065361e+01,4.738665408905659149e+01
2.186397635576841303e+00,7.944818402999243023e-01,1.725527569708312114e+01,1.143108802471065610e+00,1.387169527942668992e+03,1.388831977989259030e+03
2.648068236758139626e+00,1.892955524261686229e+00,8.559698499304424502e+00,6.388671938381055293e-01,7.635145248570473768e+02,7.640165528049629984e+02
7.147302361270847504e-01,1.826881674518911591e+00,1.416376293159952171e+00,1.023872810999295169e+00,-3.768326128886747561e-01,-4.430220504429211559e+00
5.865373120637953352e-01,1.517310244650349249e+00,7.666043772673360124e+00,3.831293094251307929e-01,1.253590100396237688e+02,1.230364576182559233e+02
3.060945024202496256e+00,6.721326543248730134e-01,3.401905347994192308e+00,2.913617081147078514e-01,4.667975349484220970e+01,4.721761312909312380e+01
2.751067157350252756e+00,3.382061927482139518e-01,9.506991556577355951e+00,9.977657087840215988e-01,1.937183947055393105e+02,1.947019258384807188e+02
3.332586464549710747e+00,8.880811771854937309e-01,6.043935366173847967e+00,1.174485509066943267e+00,2.197835150202881778e+02,2.192397076709718817e+02
4.452870480053960023e+00,1.459274830132782919e+00,1.356683204869209725e+01,7.018839778210735902e-01,5.932266760796230301e+03,5.930318286642333078e+03
1.122487449896186762e+00,3.545742780387838300e-01,1.086988196007495588e+01,2.347351554267648743e-01,1.180946349929834724e+02,1.186100185319449167e+02
4.531913424254408795e+00,1.599481158818531368e+00,1.690109033840090547e+01,1.588245048919856017e-01,2.612010826382310916e+04,2.611651788849536388e+04
1.443232548350447342e+00,1.178009623364791647e+00,6.977682793180344234e+00,4.254102886870118061e-01,1.901363278057938828e+02,1.912627211025443614e+02
4.652055428872820642e+00,1.481268935857770641e+00,9.585292347048659067e+00,9.989790429714888731e-01,1.643936605972889083e+03,1.643665746761030960e+03
1.213704541683659599e+00,1.227896791572881341e+00,3.553164960172572329e+00,4.694034326005304125e-01,3.826171648784450952e+01,3.823612690097301225e+01
2.297674141147447724e+00,7.820485751441905720e-01,1.866934706696615365e+01,3.237297699907181747e-01,1.923777961081377953e+03,1.922519756452111096e+03
3.813985600895486439e+00,1.698522638379495575e+00,1.265197541909565793e+01,9.662431542591118916e-01,4.039603133404712935e+03,4.041272483191222818e+03
1.400917816912871317e+00,5.292963957912849571e-01,3.895141594286649855e+00,5.113891074022755001e-01,1.977963796928509765e+01,1.520601165883105743e+01
1.027275193219499450e+00,4.937310952187413671e-01,1.425104834727789793e+01,1.047159563276951255e+00,2.429285819126829438e+02,2.412461510550736818e+02
1.709301090483938301e+00,1.781213581836467830e+00,2.859277685075237940e+00,1.047208500498447492e+00,4.171661013436703058e+01,4.289360238698695582e+01
2.013949514527648255e+00,1.563161629579932432e+00,2.563323697431664883e+00,4.975854742089896865e-01,3.691793611612265380e+01,3.556219032770589905e+01
4.486656109805375436e+00,1.810787899519781696e+00,3.602155631348303633e+00,8.258242053666305926e-01,1.924274529946513042e+02,1.953526214374156780e+02
1.628332963664139488e+00,1.484961213420748827e+00,1.170301905081568172e+00,7.788766235257943427e-01,-4.197949385703295455e+00,-3.320411325434096117e+00
3.568426872911776293e+00,2.718672590087882202e-01,6.996017760627318616e+00,5.779385844548087237e-01,1.033092293458290669e+02,1.018395875137491799e+02
4.256875712238713305e+00,1.306383009266912865e+00,1.968429700468352905e+01,9.728541145996890682e-01,3.315114470470092056e+04,3.315337857179888670e+04
5.600776810396466132e-01,4.019570970559321887e-01,4.195620154108860689e+00,7.320628659458486842e-01,5.708104469325709474e+00,5.573972227051507744e+00
1.731932753996187735e+00,7.871931106696747893e-01,1.813583830963825250e+01,1.186682259030787723e+00,1.119249001821160164e+03,1.120450775833247690e+03
4.562269954067758704e+00,4.646834332151683622e-01,9.495395700243243198e+00,1.151100766695306143e+00,4.299647334090087725e+02,4.288018381456013230e+02
3.117689498901103473e+00,1.395783392977206328e+00,1.818809599099326846e+01,2.208180425309995698e-01,9.685134445795769352e+03,9.684006061427246095e+03
1.261907117544309731e+00,1.608089438883665734e+00,6.472301901633724874e+00,7.929287074270511271e-01,1.892236990556725686e+02,1.906881126872097241e+02
2.719267407541866799e+00,6.621688438362036688e-01,1.768864621390975955e+01,8.366666611476661908e-01,1.695290760079658867e+03,1.695554031053676908e+03
2.300943981171472252e+00,6.232633513104774980e-01,1.137038334020258112e+00,8.878447146970904758e-01,-1.357016663584402316e+01,-1.499745135062860690e+01
4.259398969633089393e+00,8.656252055068922591e-01,5.743222104053758770e+00,1.726865527399611688e-01,2.699548731865512536e+02,2.682871559419850769e+02
4.066744245718429518e+00,1.387060006380977928e+00,1.574820433619883886e+01,2.636707930744398576e-01,9.031808612350308977e+03,9.033164318653103692e+03
1.958800732416414059e+00,1.526291761995576035e+00,2.534174839539780955e+00,1.612958381751401216e-01,3.990529924098352410e+01,4.345842457071919540e+01
4.923791134172216033e+00,6.119930993681569342e-01,7.250255825994260661e+00,5.854626144641056351e-01,3.449325301495784970e+02,3.433538465022905939e+02
7.150481905184773446e-01,4.172241709121518594e-01,7.013808370408708193e+00,1.022913128208918776e+00,3.068507670705850643e+01,3.210826585879829054e+01
4.593432891515619509e+00,7.332742506214406930e-01,6.935458248473084453e+00,8.553892089806957033e-01,3.373594669523719176e+02,3.316979319788433713e+02
9.377016477096514757e-01,7.660135756656629713e-01,1.811973016630629374e+01,1.109261218626704792e+00,5.153586133059955046e+02,5.127035572275273125e+02
2.994237133720199395e+00,1.949423293702539306e+00,1.177253456343069615e+01,7.646371618566137895e-01,2.372632115532439457e+03,2.374054228366511779e+03
2.385059591360479736e+00,1.351864798488200181e+00,1.843333072630372715e+00,3.754158878578869318e-01,1.534087742706826774e+01,1.856763343054808857e+01
4.205394181933112208e+00,7.384451152035558241e-01,1.420420594105361367e+00,2.134366231708202388e-01,4.718983958460011507e+00,4.932488023022711054e+00
2.662277725364507575e+00,1.735923552133010528e+00,6.852522484425240812e+00,5.862251809746839015e-01,4.398245267121459392e+02,4.409935451101786157e+02
1.766353662110700551e+00,1.512892597371033876e+00,6.299762370842405979e+00,1.708142712924145545e-01,2.382423078198474400e+02,2.388473399062666829e+02
3.707667286412674734e+00,1.427999948703932320e+00,1.589310870145561871e+01,1.071404847886282097e+00,7.892673119368998414e+03,7.894759337318573671e+03
2.219076047387344097e+00,1.396019051730234217e+00,1.366243461411735538e+01,1.369813240988936309e-01,1.463854708910741238e+03,1.461808807575943092e+03
2.413297073148632066e+00,1.344708059436952485e+00,6.606597930965516952e+00,1.105876747271126836e+00,2.925928992368704371e+02,2.939450553393580208e+02
4.173124361363484525e+00,3.564790636682502178e-01,2.372014249389794660e+00,7.778503039584185874e-01,-9.901734447065091871e+00,-1.066258464112305404e+01
2.102923208312200476e+00,1.039981852732323020e+00,1.232628634674038537e+01,7.120505382172880315e-01,7.357192324768481058e+02,7.351468321444331195e+02
2.885219702331025982e+00,8.426337648350010756e-01,1.734967384612887287e+01,8.203838877749384251e-01,2.495620465092478753e+03,2.495708845543051211e+03
4.139343784657611991e+00,3.480835477809549050e-01,4.002119614280759130e+00,8.358682148641090048e-01,2.516386760378428988e+01,2.485629517281401490e+01
4.220194878351517076e+00,1.443184375827740507e+00,6.189921842476524105e+00,2.996412829875056971e-01,4.762187314937343672e+02,4.748001576820859668e+02
3.576371664985483534e+00,1.977963966665680751e+00,9.007387201446972469e+00,1.591605014629011161e-01,1.364213933953440119e+03,1.363808246514882057e+03
3.694222942581935509e+00,1.556799608599491958e+00,1.107390808803206994e+01,3.814543380870540901e-01,1.971852560748359792e+03,1.970083135496494378e+03
9.283378144754190764e-01,1.372584159011568827e+00,1.978086579599493433e+01,3.251779994463492862e-01,1.146476438140986829e+03,1.149502001871791663e+03
2.953536721198591675e+00,1.692688019478682859e+00,1.913005643540272160e+01,1.302306922689301094e-01,1.739837063382328415e+04,1.739985323073619293e+04
3.190863315416641033e+00,4.198551974074267168e-01,1.575351329434849390e+01,2.046997614561484324e-01,9.054374122087915566e+02,9.047214575460487822e+02
1.134969867527223286e+00,9.764253222973455770e-01,1.344289875203431528e+01,1.057884510471286843e+00,4.336568473530695655e+02,4.368998252085138461e+02
4.497524048740787705e+00,3.408496340031076932e-01,1.902212960166319800e+00,6.441474066514544239e-01,-1.427125141815013443e+01,-1.162919962134596119e+01
3.540552450532611584e+00,5.717087192400148732e-01,1.567137346986855029e+01,9.172566322332955657e-01,1.456921566549062391e+03,1.457987567750019252e+03
9.641623721278649306e-01,6.274931341150356001e-01,1.711524165012371057e+01,4.190111181058834289e-01,4.021546185003044229e+02,4.012013362932195264e+02
1.047785753231839978e+00,2.608101555750443334e-01,1.029519541228859403e+01,1.066619637406710286e+00,6.587448666657881802e+01,6.648720040928931496e+01
9.660463121119131635e-01,7.329036508668809180e-01,1.406884569402781615e+01,6.201361485133772833e-01,3.194545988295760139e+02,3.206885955570096485e+02
1.151689063636652355e+00,2.250587198577734815e-01,4.875128507716698145e+00,8.978175098686941302e-01,6.082516447787124747e+00,8.932120522992734735e+00
3.153848692039340040e+00,6.921192119426033962e-01,1.868083938329004434e+00,8.007634669396410665e-01,-5.508579387183482723e+00,-5.760345462211221346e+00
9.389579065542277281e-01,1.511730556398853009e+00,2.147449780610361181e+00,9.785924297287647011e-01,6.819892842964612178e+00,5.805245066024917300e+00
2.339509202757493966e+00,1.871974449401700324e+00,1.904836255134932443e+01,7.788295356314325346e-01,1.109450296635559971e+04,1.109913732530995549e+04
1.798975869981023878e+00,1.868397005710112468e+00,1.823576480483867712e+01,8.465935560724414666e-01,4.576317905925877312e+03,4.579164420381091077e+03
3.441012341776300776e+00,1.167400945936750700e+00,1.607650500680235695e+01,4.489158652122755555e-01,4.626920294886223928e+03,4.627643175017979956e+03
3.705503705128515346e+00,1.726750327342107871e+00,3.893156124894653125e+00,4.930110034669603625e-01,1.938507583061377773e+02,1.921377345212001444e+02
3.372620494931587665e+00,1.009341233998212184e+00,5.315063769271082705e+00,1.145426107176003017e+00,1.905522154958534031e+02,1.916202394564632812e+02
3.179339766801858147e+00,1.204625526661945445e+00,5.363957794643972932e+00,1.513803573429866045e-01,2.430572123099057649e+02,2.453720427563124247e+02
3.002900275089642967e+00,1.892169497294478697e+00,2.420498073258976035e+00,6.928228746624960355e-01,5.484068036002556568e+01,5.643784792958498997e+01
3.954183029397495108e+00,5.601804262837726256e-01,1.759576472294721583e+01,5.257698135836149644e-01,2.618007739175358893e+03,2.619741712903952703e+03
2.755745429751669917e+00,4.097567116070959248e-01,6.863741454700396538e+00,7.294053187492122170e-01,1.157843020203206095e+02,1.159751957414052015e+02
1.463430364225701386e+00,1.091470802548436092e+00,8.665565908541307039e+00,3.039319595455374223e-01,2.734581987654284490e+02,2.758117688259262650e+02
9.923484070415279357e-01,1.690766908320835649e+00,1.316987922372921993e+01,2.220624637903292065e-01,6.074141914224328502e+02,6.063262517740190560e+02
3.200216990136162121e+00,1.045311456349690582e+00,1.551003159102892104e+00,5.999288478812928593e-01,-3.479650284442996622e-01,-1.113323902900358542e+00
4.122589186024295138e+00,3.222443909745154600e-01,8.167116760691083499e+00,1.197772512050041538e+00,1.906035754519011505e+02,1.897185867049364845e+02
3.729441101731567620e+00,5.074128600350735763e-01,2.732789429036906359e+00,9.780412656139850780e-01,1.848283844992689495e+00,6.756026399495640433e-01
3.685090189517862935e+00,1.125785082261430814e+00,9.760282185381393916e+00,1.009191954915705125e+00,8.842549841312850276e+02,8.882120901001006814e+02
3.997334511158576298e+00,5.072205536390501646e-01,1.515653768366154530e+01,9.893108914660526665e-01,1.368638727848928738e+03,1.365390157054322344e+03
8.629402974365785184e-01,2.795741746933151362e-01,1.822121429564537465e+01,7.888442419090859747e-01,1.979536296700177331e+02,1.985215465637373313e+02
4.328354375207619675e+00,8.672873889185048757e-01,1.318077717202410426e+01,4.729987166401824483e-01,2.023314712901522853e+03,2.021464676537209243e+03
6.407132566757046677e-01,5.667581562863283073e-01,4.015576431201981933e+00,5.652316463225559584e-01,1.042652510796263243e+01,8.064025359916733748e+00
3.018030101393971876e+00,1.960177348454592350e+00,4.038579529108927701e+00,6.543740566914341139e-01,1.923266857354769286e+02,1.926217043911789233e+02
2.369646833894305527e+00,9.386920774786298161e-01,2.754476769001994896e+00,5.942712262456394390e-01,2.522147559578293041e+01,2.221685552336187186e+01
1.092950203693502598e+00,9.287603837867310919e-01,4.856887640534123918e+00,8.880628230300992021e-01,4.917472223970727185e+01,4.908773844154406873e+01
3.079054590204768349e+00,7.052965670687201261e-01,9.938198111345583285e+00,4.056093166601304478e-01,4.852171495457396304e+02,4.898491208637558998e+02
1.017447649185422520e+00,3.649793565442418508e-01,1.599805760834720836e+01,2.950011490621761157e-01,2.346891187217496508e+02,2.345583394298677717e+02
7.275930818747685658e-01,1.548465586551100337e+00,1.294379095094532239e+01,6.661374051258409645e-01,4.017511796541717786e+02,4.027454702131119575e+02
3.698884770319021076e+00,1.122347103189071715e+00,8.863947345305245307e+00,1.344649201122109228e-01,7.225134265334320389e+02,7.209181059985322690e+02
4.511905306368444002e+00,1.990627931973922626e+00,4.357633882464650554e+00,1.182867921446133508e+00,3.056851454235442134e+02,3.067257594970657806e+02
2.482458683133988764e+00,1.902770728870127659e+00,1.842223207187848999e+01,1.008981604853301128e+00,1.129559985912175944e+04,1.129272998736436421e+04
4.129079510542844389e+00,6.672507852167033349e-01,7.248149523564816121e+00,1.897900257346278319e-01,3.304939799911293790e+02,3.309533285673870182e+02
4.792668323431779953e+00,1.967715911415814922e+00,5.434605221749201576e+00,6.384075727448248472e-01,5.307361050870439385e+02,5.305617439096464523e+02
3.787579070394587966e+00,1.580131781302714700e+00,7.503273262231017426e+00,8.766762548421236367e-01,6.881885061720012118e+02,6.925616384309732894e+02
2.397561728224770761e+00,1.918636430602174148e+00,1.963122128916306508e+01,8.134283698686246566e-01,1.493020089271284451e+04,1.493009495611846432e+04
4.745315493079558244e+00,5.453923939052639502e-01,3.902001805271564816e+00,4.396267189118068242e-01,7.335370882377469570e+01,7.269509542464503227e+01
1.612686630692885537e+00,1.918984771007509194e+00,1.314429362879410590e+01,5.335760470540913403e-01,1.228717123189069753e+03,1.227662904837297901e+03
1.573514631729244551e+00,4.252303620361164160e-01,4.249406982299770874e+00,1.103112387973641972e+00,1.503583746330677329e+01,1.270936607714224920e+01
3.514488454163400721e+00,5.863798383096026079e-01,8.141052574710393230e+00,2.072962514374858678e-01,3.190995067900975073e+02,3.206745892849057213e+02
4.213563763586183342e+00,2.945331083665557736e-01,4.396574504852626575e+00,1.685124934962847765e-01,5.141000549710978618e+01,5.433326967465967527e+01
1.674295676077992789e+00,1.824228712320119961e+00,2.544964050409003420e+00,8.491568107604631210e-01,3.194299981607423078e+01,3.124849666290264949e+01
1.911551959422063351e+00,1.151808630051520232e+00,1.772019706892183777e+01,5.354266459379176668e-01,2.021499208019467005e+03,2.022951287042373224e+03
6.250342455261024277e-01,5.472681847564953017e-01,8.577741672216745883e+00,1.003197333639606725e+00,5.826451890804182909e+01,5.760048429052226027e+01
9.269301870634043539e-01,1.494570819483310720e+00,6.672570047619860389e+00,6.657990257356977137e-01,1.422275389938772605e+02,1.430646337004777706e+02
1.983782538317234279e+00,6.928159350258417115e-01,1.902891046498545791e+01,9.822957212922432957e-01,1.355711710035554916e+03,1.356660411854689301e+03
9.264077385489348782e-01,5.953727976741547412e-01,1.313415864940978750e+01,1.047209938565599296e+00,2.233927138200597824e+02,2.205826662556958979e+02
6.002531750007885636e-01,2.516610344337026350e-01,2.371871126225792104e+00,4.717092629202617182e-01,-7.797102963901902939e-01,-2.280586427767961943e+00
3.967566598073179573e+00,1.293849078350291393e+00,4.299852747499082639e+00,8.348296931112366703e-01,1.823518635493321085e+02,1.842446941371191826e+02
4.475115243020269418e+00,1.481651055278579765e+00,8.705385239497747563e+00,2.179585739251793941e-01,1.182164187179177361e+03,1.178405509373978930e+03
1.114397752524411089e+00,7.896486416740013947e-01,1.314224542438130783e+01,2.529240951363071477e-01,3.468091489211988687e+02,3.468527354889847629e+02
2.043385986016821754e+00,2.132995461533795378e-01,9.804162307060030557e+00,4.360032544572155500e-01,1.023024260579975078e+02,1.016466319997626897e+02
5.714518532979759868e-01,8.031482390832116458e-01,1.093248734735537298e+01,7.539612622904964256e-01,1.322056461806256493e+02,1.303856344590960816e+02
2.392575535651989771e+00,1.184448649228517336e+00,1.273011602105408890e+01,2.927888535050129359e-01,1.088030487978845940e+03,1.088155723005624623e+03
1.037514290277831153e+00,1.558009073566038794e+00,8.353890366109425258e+00,7.539541607118004363e-01,2.520962122886639918e+02,2.527340360724031996e+02
3.056389347913389898e+00,1.629828378109033693e+00,8.177767601025239586e+00,8.373145545774322018e-01,6.865025167565624997e+02,6.875998898095481309e+02
3.548234958637739744e+00,1.475511257280909483e+00,3.680565997963402225e+00,6.915567872706235297e-01,1.365378651455127965e+02,1.313231885519378750e+02
3.722713971004877553e+00,4.967933112850190791e-01,9.780900903046804373e+00,7.453521102569853340e-01,4.054983667961502078e+02,4.088657780648639459e+02
9.693804932870286883e-01,1.031066885298909552e+00,1.851684433743111313e+01,1.169861471230251970e+00,7.445595827846203747e+02,7.436310689543308854e+02
4.096387391234152631e+00,1.073393477430313325e+00,1.270384116124940910e+01,1.098409898345555913e-01,2.212845855062966621e+03,2.214944006735061066e+03
4.272495465031870943e+00,1.520692970198799676e+00,7.721587263256621370e+00,7.967665004709020282e-01,8.163617475435855795e+02,8.161400528705576107e+02
1.720366996836687257e+00,1.305255530603749436e+00,4.191376573257984184e+00,1.193185266573388637e+00,7.661780135153999538e+01,7.547879499634201750e+01
4.880963988365659922e+00,1.072486587124203750e+00,1.787207701641992585e+01,5.748136409944543113e-01,1.702771638337020340e+04,1.702760700539718891e+04
2.018817162754354744e+00,1.195934919342427127e+00,1.180184598694842002e+01,4.570780267942062824e-01,7.364522522035036900e+02,7.427943453881955520e+02
1.658987337526031558e+00,2.522836737357321835e-01,5.883187351736861359e+00,8.722590145331186040e-01,2.358818779332130333e+01,2.672855515357933243e+01
1.212471020031073987e+00,9.639864175642618438e-01,1.157655810179835498e+01,1.476343936102518795e-01,3.539448860784370936e+02,3.532695632356414421e+02
4.830065476462646501e+00,1.618419012536402413e+00,1.901131708721919011e+01,7.811955530889169719e-01,7.091291826076630969e+04,7.091338740841350227e+04
4.930281021604930203e+00,1.475805327893181529e+00,1.891567221677078336e+01,7.234786031803139839e-01,5.711297434159692784e+04,5.711522953641630011e+04
4.025127923308879474e+00,5.508644388648317181e-01,1.139506283831162570e+01,2.053529828502533849e-01,7.087906720829171263e+02,7.099645923460408312e+02
1.850716014312777657e+00,5.276046266395240103e-01,1.136752796563630952e+01,1.605831632971861656e-01,3.036706248270981519e+02,3.038529099227446295e+02
1.338426031070148792e+00,1.590689911841254967e+00,1.171119205342643532e+01,4.709548608897745625e-01,6.127339413649106064e+02,6.123720780207502230e+02
4.172430325134151019e+00,1.043213566488680577e+00,1.036620551442418758e+01,8.487711065616183603e-01,1.128678264141597992e+03,1.126541929620757401e+03
4.188139924497110478e+00,7.055627818756573522e-01,1.986695916749209800e+01,6.556310753250116363e-01,7.846917163035828708e+03,7.848429147818869751e+03
3.612680926131403236e+00,9.619878907907979393e-01,9.215321050967698824e+00,7.857376931034818490e-01,6.407633733884699723e+02,6.429764965564027079e+02
5.635788736055846737e-01,1.499493599780927777e+00,1.943147638070568206e+01,1.053839586809756090e+00,6.510805750368126610e+02,6.555480940630923214e+02
9.039662371700859511e-01,1.459252545325356865e+00,3.154031358223484016e+00,4.075623003203818762e-01,2.654333307395317121e+01,2.546302080300723247e+01
3.070870651065726875e+00,1.388773123273202792e+00,1.570582595245456048e+01,3.120665407393996560e-01,4.462402278418716378e+03,4.463712344854558978e+03
6.777290353623155461e-01,1.753837693584393120e+00,6.739145204848490778e+00,1.047009513255220181e+00,1.243586591540491781e+02,1.243036890450993184e+02
4.180662589061784118e+00,1.432005044173957353e+00,1.862380542990746690e+01,1.723425029366382200e-01,2.798169374893639178e+04,2.798421368203494785e+04
4.899938176916799115e+00,1.797899197614492239e+00,1.552004578114440214e+01,3.969141283170350976e-01,2.650617562030225963e+04,2.650598741831105872e+04
4.899104128492995258e+00,1.434114556312386046e+00,1.754004889780491183e+01,2.809940067203678393e-01,3.175711682636649493e+04,3.175583091595162477e+04
4.233407662082817602e+00,2.627169002440662982e-01,7.125273888876668238e+00,1.515759719464516153e-01,1.403827423409297239e+02,1.370137017934355583e+02
6.738240745283159416e-01,1.063210740138408994e+00,1.777394635004600598e+00,4.050514849721261745e-01,2.318699207560977804e+00,3.755698674791723590e+00
1.010487312640847790e+00,1.602257969426418738e+00,1.488788764150237576e+01,2.883071662314355965e-01,7.589420357496012457e+02,7.592711072741809630e+02
4.905047882366679879e+00,1.686509760887554998e+00,7.450308111822689483e+00,1.140201249294375607e+00,9.836582132282178463e+02,9.859126000130053171e+02
2.939646873131442462e+00,5.649579921915517389e-01,1.347033749130897284e+01,5.876943372085701167e-01,7.318215499888844988e+02,7.307288900105371567e+02
1.004825569513688954e+00,2.738803590087671158e-01,3.856456592368517899e+00,8.140681768433707388e-01,2.458918032912027929e+00,7.651356269526749188e+00
5.215941332127871366e-01,1.491356966719364241e+00,7.616964051238343636e+00,5.430448050303745555e-01,1.080028815296429343e+02,1.065952475727159765e+02
1.018701525483779236e+00,1.453403286016022866e+00,1.114024505919801733e+01,2.275966202176267494e-01,3.981104424936680743e+02,3.991442156985381189e+02
4.453688341316357935e+00,3.467136612873937818e-01,1.420058587653783633e+01,4.946083394606926031e-01,8.738378945509855384e+02,8.746754364075873127e+02
1.847024986561221604e+00,1.780672441109625304e+00,1.421706783383348238e+01,5.827295573687050201e-01,1.719287530073598646e+03,1.721502275438744164e+03
3.856681026888041597e+00,9.080003987356399797e-01,4.993537911111443961e+00,6.574510369288875111e-01,1.785519879769643410e+02,1.782292441915044208e+02
4.718148515304782187e+00,1.239265650755769554e+00,1.149440812927772093e+01,1.095972751917718480e+00,2.443922867104481156e+03,2.442096982029494484e+03
2.097048841531520047e+00,4.416596582122951364e-01,3.211041386041761481e+00,1.175016185234786237e+00,3.095194155060273289e+00,1.126589863516848311e+00
4.691103986243382984e+00,1.394669935654123227e+00,2.727940399609883215e+00,1.029802328074750362e+00,6.863354927266345840e+01,7.026783392957179331e+01
4.470012782101378868e+00,1.449775837822258051e+00,1.415173808597354643e+01,2.259564709914154423e-01,7.304901326148942644e+03,7.305116245877278743e+03
1.047280017711530897e+00,1.017209296918307970e+00,1.050112359850111332e+01,3.249967636362822709e-01,2.708189886414444345e+02,2.715113665220400208e+02
1.075243676752722699e+00,1.146290672145964473e+00,1.447150703449820952e+01,2.879891702284226307e-01,5.539113624386824313e+02,5.522859323471992639e+02
4.555529934699048766e+00,1.268797680137779160e+00,1.246239234549859987e+01,1.010517823897117751e+00,3.268521510083223347e+03,3.268803904990602859e+03
4.270829750231564859e+00,1.424836882672580352e+00,7.819345921913990693e+00,9.970162761302989729e-01,7.794499737546959750e+02,7.798881518349533053e+02
4.209901325966974639e+00,1.018760267966388966e+00,8.556996231207239845e+00,5.254163029721410361e-01,6.854314162285393195e+02,6.866647472615069319e+02
3.500849542675581016e+00,4.952619797165238036e-01,2.354538287975015187e+00,1.144157564194316024e+00,-9.706414594979586141e+00,-1.262964259357161012e+01
4.811171043762444199e+00,1.469014320900404957e+00,1.559179384717891992e+01,3.698010014863100103e-01,1.559654055139850607e+04,1.559500615659939831e+04
2.398049524659612963e+00,1.385061527851244811e+00,5.554275661194692404e+00,1.766346640219097486e-01,2.277435474128285477e+02,2.312019536306785596e+02
4.184244015061802102e+00,1.055245054326746201e+00,1.089891753489364312e+01,1.741127274642941258e-01,1.355339071446740945e+03,1.354553168803445033e+03
3.984687887215651703e+00,4.863289228875604664e-01,1.068083413147740934e+01,1.101431285813721850e+00,5.103774615587339554e+02,5.102096096406222046e+02
2.463121483182137972e+00,4.196669409735502843e-01,2.591344134173926061e+00,9.225749539069829641e-01,-3.570127813651748028e+00,-4.366896555225929788e+00
1.813638875139470086e+00,1.159575777208197600e+00,9.254136370330105166e+00,1.482222108078385392e-01,3.966743761275129145e+02,3.936809348149208745e+02
1.017036872005707249e+00,5.558966908057039191e-01,1.807084113692127758e+01,2.856685650194271675e-01,4.248692980433273192e+02,4.227178577412324785e+02
4.788050605931725379e+00,2.612746722349988393e-01,1.851894792825665093e+01,3.940775928378894566e-01,1.603491145994703857e+03,1.604232553007103434e+03
4.186340910574862129e+00,7.606666604808656196e-01,5.975807386123677567e+00,5.272332954281336859e-01,2.431833474908042376e+02,2.418391809663329468e+02
3.843958921074957402e+00,9.611209747225755162e-01,8.451927139482943829e+00,6.126175459145417612e-01,5.672558131533575079e+02,5.713100831791682594e+02
1.631640486476564567e+00,1.645905696730335821e+00,1.247036664654179816e+01,8.240651129097855687e-01,9.069574974086251586e+02,9.039611318552230159e+02
4.190492284128199074e+00,9.943600548157010000e-01,9.141698632147019055e+00,1.125991966952166967e+00,7.633467778897404514e+02,7.594620720101696634e+02
1.383050251665453256e+00,6.285926625139375279e-01,1.290656873267340110e+01,7.655117922755455551e-01,3.321793454175242459e+02,3.313954106234796200e+02
3.358816348453100176e+00,6.224505282652791349e-01,3.834467783020668818e+00,1.841740301755502018e-01,6.634325030902607523e+01,6.392414969198132724e+01
1.229597256572946495e+00,6.580115620107989116e-01,1.023359455904905069e+01,5.420093548025071151e-01,2.014372705511729862e+02,2.041985965559095462e+02
2.537180940278685348e+00,1.611098255732538176e+00,7.637036863529863773e+00,1.894273204123542165e-01,4.978791826507563201e+02,4.970267360589051577e+02
3.249810643424410284e+00,1.873664351226277835e+00,1.072446678710332790e+01,1.746319608013729430e-01,1.877734119856277403e+03,1.878766829800220194e+03
3.736192009232711442e+00,1.256266827128938557e+00,1.123604554730941274e+01,2.775284167176637062e-01,1.562543631597962303e+03,1.559706530326129950e+03
4.628444163508719456e+00,1.107366701177120660e+00,1.349355070205441720e+01,3.552617415806436085e-01,3.747897055080467908e+03,3.749218456752830207e+03
4.810252520609156868e+00,6.042054628571903452e-01,1.183406457728869121e+01,4.210018308979045498e-01,1.075410571816450556e+03,1.076677737901684168e+03
3.922455935869634036e+00,1.693751947641104927e+00,1.372263862924335420e+01,7.275602416481466994e-01,6.249621051207775963e+03,6.252087802252397523e+03
7.023530975079943506e-01,1.232962354124052862e+00,6.800279529452609495e+00,4.781454055688204585e-01,9.490127229678562060e+01,9.532745592622640629e+01
2.241722599177847997e+00,3.823580387165070316e-01,1.581835341993115840e+01,1.023822746668060085e-01,5.420977597121577674e+02,5.431168363516483168e+02
3.768604347713524927e+00,1.258989402714510097e+00,7.129620731963818514e+00,5.619991030681099620e-01,4.968191916490517883e+02,4.971381479952616473e+02
4.407148337805894656e+00,9.354906993915228508e-01,5.232573009650595353e+00,7.892120129918268612e-01,2.248920977937926295e+02,2.267253365468374398e+02
6.006893589819835011e-01,1.034625425375004015e+00,7.304950833383122344e+00,4.608099352489960499e-01,7.944317881083216548e+01,7.860165487694827391e+01
2.297717534829016195e+00,8.284790827786390199e-01,4.057635057502643861e+00,1.684037013291265483e-01,7.005917362028317541e+01,7.113159074693312789e+01
4.708789387398998549e+00,5.300362686950093050e-01,1.080093794997776158e+01,7.589460353178443253e-01,7.021576409822407641e+02,7.010018928193190959e+02
4.674277589279432377e+00,1.469616396190742469e+00,2.518938091726451667e+00,3.824936527654623220e-01,7.921287132997485969e+01,8.060798753653807580e+01
4.478652831709866611e+00,1.975029409094692934e+00,1.618720399394262444e+01,1.090677318092511561e+00,3.319693207045923918e+04,3.319635949880482076e+04
1.189095819698856360e+00,2.573250475650347702e-01,1.426537358409535905e+01,1.199157569470761464e+00,1.513448667708405537e+02,1.500265480979083463e+02
1.949077589865603199e+00,1.304940960766979297e+00,4.209361357493675015e+00,6.039141422742387855e-01,9.422973920892053457e+01,9.285338910131032719e+01
4.675861937822246794e+00,1.014422648692222761e+00,3.617236610038803590e+00,3.070631189619664192e-01,1.272724126936376194e+02,1.301949322209008528e+02
4.639360099228971634e+00,1.320054776737174640e+00,1.587255780301606123e+01,1.594095731305803509e-01,1.210129848620826670e+04,1.209816258967677277e+04
4.836653086585689820e+00,1.438695310099762814e+00,1.778036581289752061e+00,3.147419719265313609e-01,3.311440589657038203e+01,3.012880687299485061e+01
3.649732165718251764e+00,2.146438011958387015e-01,6.567385046416954530e+00,2.188946268353519908e-01,7.944641413878758840e+01,8.070022214037645369e+01
3.695485051127946896e+00,1.722744541492290615e+00,1.623030255287188695e+01,4.777372174145715356e-01,1.345017872863460616e+04,1.344816630755175174e+04
1.635069637506132656e+00,5.496145298382243416e-01,2.074962249371167911e+00,9.114909118311934622e-01,-4.132057783213421764e+00,-5.084958998304282218e+00
3.696416020757249399e+00,1.672610864007055387e+00,1.890843378768239802e+01,4.924207007013068349e-01,3.120334881195101116e+04,3.120234117871901981e+04
1.684350237232417280e+00,1.807786479909489374e+00,1.461781721178725846e+01,1.134595291639992620e+00,1.647647537925862025e+03,1.652186178927178389e+03
4.289146669228145470e+00,1.793705045418680033e+00,4.492450490387716044e+00,4.509854504692426547e-01,3.039217997158484650e+02,3.025551938157028644e+02
3.222062265551926430e+00,1.434613983163729012e+00,4.916201366324360222e+00,2.992976836965427490e-01,2.375040013065055859e+02,2.360393040873771895e+02
1.775775561391164992e+00,1.459545986789182237e+00,3.478793746013009169e+00,5.186221171348808223e-01,6.355599058874061313e+01,6.275734443869954049e+01
1.168482403024749150e+00,1.992133510187464429e+00,1.605837510979923977e+01,3.638051770675020391e-01,1.427871049193633553e+03,1.428314888440128470e+03
1.059662024099095268e+00,2.516893152620719443e-01,1.840167140674833135e+01,2.465307954621346054e-01,2.308557000927223442e+02,2.318384264097323921e+02
1.188918750306768413e+00,1.718600524094925364e+00,1.935525575645871754e+01,1.086616870935052104e+00,2.156526552913426713e+03,2.153566510416936580e+03
4.622655787384305270e+00,1.313501520219815921e+00,4.658924582924965918e+00,1.164770930665084636e+00,2.429949349554865989e+02,2.438719941968733167e+02
2.159409586970809869e+00,1.910525814292293845e+00,1.728465729444064181e+01,1.015785120114919948e+00,5.724606518903465258e+03,5.728498910628371959e+03
3.051317960758679337e+00,1.848046378531060796e+00,1.171440564136872986e+01,1.396113523381415089e-01,2.233181241695863719e+03,2.229593212696789124e+03
1.161583968374499509e+00,3.630412192805261284e-01,2.154739988104947379e+00,3.919395413580516463e-01,-1.896373425054553863e-02,1.120370825504576562e+00
4.535200890964200759e+00,1.277774938695141360e+00,5.267968327161701048e+00,1.697561672599325888e-01,3.368380570504965590e+02,3.383648407052711491e+02
4.964009492534598778e+00,9.979601013229475459e-01,3.745236554687066732e+00,2.433455537527340340e-01,1.458961361398320378e+02,1.461937630625583608e+02
2.816370623820512620e+00,6.976539899797160604e-01,1.481209004484852798e+01,1.000228169516860499e-01,1.124188788176500111e+03,1.123785690367587449e+03
4.774948520166029553e+00,5.132901371497566867e-01,1.528876769538361557e+01,9.737169181388890538e-01,1.933961882269791886e+03,1.929240184784682924e+03
4.865511481315667908e+00,3.593601408882277637e-01,1.736145233273973787e+01,1.490654707003995494e-01,1.981853296489628065e+03,1.984241905743750976e+03
3.540448259245350116e+00,3.886413412516931398e-01,3.729380982993436788e+00,6.986538688514569717e-01,2.294336490126896777e+01,2.228336442095127623e+01
1.143196396760664202e+00,1.052007843306580037e+00,1.674805026139919306e+01,4.601271956935415464e-01,7.394867136200880395e+02,7.390631364523692355e+02
3.470562312252375214e+00,6.133481206496038673e-01,1.242567994347585447e+01,4.241172399673331928e-01,8.055498481859513049e+02,8.079935715453733565e+02
1.320933962414887031e+00,5.360809723391273263e-01,5.271912974911688643e+00,7.457184951055869648e-01,3.917812332187942559e+01,3.448603260430051165e+01
4.528449500794007321e+00,1.558974476056166791e+00,9.533270169427961349e+00,2.127702208081831969e-01,1.689576259171353513e+03,1.689428634281286122e+03
4.512387806600163920e+00,2.640070170477127331e-01,1.386656670661579049e+00,8.407298194002691405e-01,-2.803825396311750495e+01,-2.685736560976321385e+01
1.312459209535145721e+00,1.893291651650786722e+00,1.932072905918853678e+01,3.765758579224297575e-01,3.045046851169672209e+03,3.046475742809921030e+03
2.091754230122388591e+00,6.983373846907601212e-01,9.882714645241655660e+00,9.490648142543239851e-01,3.190773521755354523e+02,3.202847548821191594e+02
3.575863179083815346e+00,2.256952818238275593e-01,7.584327815429489306e+00,6.982976047408597786e-01,9.926779748950727367e+01,1.033363939912014189e+02
1.580382469692838576e+00,5.082280955608659001e-01,1.152301457426172959e+01,2.064101061582375163e-01,2.589266672886786864e+02,2.594841833940174638e+02
4.292118444536233923e+00,1.223767361720510261e+00,1.792080880661538345e+01,7.123876506655593133e-01,1.621937491782415236e+04,1.622140282679274424e+04
2.783533939786792644e+00,1.604007160171836865e+00,1.446276607992149899e+01,2.171894098870964518e-01,3.297472256976893277e+03,3.299008607119671979e+03
3.412212422396117439e+00,1.039661990488901067e+00,4.817699687110296836e+00,6.937035828299461526e-01,1.679692099445472309e+02,1.649999149821386197e+02
2.547596987157092485e+00,1.498706254915440628e+00,6.673577424757850096e+00,9.325075932104781584e-01,3.468229914343427254e+02,3.452805217477956035e+02
4.136844156595070210e+00,1.882575158549466554e+00,4.024782988403937445e+00,9.789447074272361604e-01,2.319522436732025312e+02,2.361133697104085343e+02
4.061462710505916895e+00,1.224867789762305925e+00,1.044432740237242641e+01,1.127036820583699805e+00,1.348823865680116796e+03,1.348275885084222182e+03
4.119070445080189380e+00,1.441238262966604733e+00,1.746085440404170797e+01,3.168978902993463409e-01,1.832621974554026019e+04,1.832608336646574389e+04
2.143243723531425893e+00,1.129693389939237180e+00,2.357990550279059683e+00,8.631937625302490424e-01,1.405249112121795640e+01,1.141554443375031269e+01
2.109561853225861761e+00,2.024876817687407682e-01,1.949223495166245357e+01,4.425884093994632007e-01,4.496518803641895374e+02,4.489633474112204681e+02
1.591907262842061188e+00,1.622514787477768783e+00,1.695342035975710715e+01,1.635015958493730159e-01,2.100687666565499967e+03,2.098059012135074681e+03
4.547843865577222644e+00,1.032428282171486966e+00,5.263616478498583717e+00,3.329294552296139242e-01,2.742035826592631906e+02,2.729836317511869197e+02
1.028732324113635244e+00,4.188503528467832915e-01,7.694444152544067883e+00,1.060930068753054512e+00,5.558259160483775929e+01,5.668798888999086927e+01
2.098953375960861401e+00,1.577239713424310796e+00,1.226743482221906589e+01,1.038839542986228909e-01,1.160139561263715450e+03,1.158475593800172192e+03
6.534349397125445158e-01,3.637393012848399998e-01,4.533124434195605623e+00,1.192553739525757495e+00,5.715702475908074121e+00,4.484559826987607245e+00
3.451246774552247931e+00,1.245213479016235913e+00,1.585081818926066077e+01,9.115032064959107672e-01,4.926949545531871991e+03,4.929623877164107398e+03
4.818670582169461980e+00,1.371119021083969880e+00,1.164498753401534437e+01,3.447653067807971983e-01,3.197384732482309573e+03,3.198323940428111655e+03
2.910823103520959076e+00,1.151538766226732902e+00,1.425432312029627724e+01,1.100636171276603736e+00,1.981392303025448882e+03,1.982422902151491598e+03
6.568544744132867041e-01,2.285666510897200465e-01,1.979779468076554849e+01,3.208866725044282053e-01,1.487820106930120403e+02,1.507695496637558392e+02
2.087034170230068320e+00,1.879809144712248470e+00,8.245205394840581903e+00,1.012320121696027808e+00,5.388289379859588735e+02,5.377251256059779507e+02
3.477728180316549178e+00,5.330612278196422693e-01,9.799007465063532152e+00,3.362784226778108287e-01,4.171825313375191513e+02,4.164001598583105306e+02
1.226603854683421257e+00,1.231279965930360376e+00,9.436529205847687507e+00,5.673874236250264769e-01,2.998318531137573473e+02,2.957131887017426948e+02
2.838704780956042839e+00,1.728658102362489402e+00,1.427496560530643599e+01,3.504107835285474870e-01,3.716961219390184397e+03,3.718426635464483297e+03
2.019451047770105756e+00,8.208281364977465522e-01,1.378452535978688331e+01,7.654928292883959040e-01,7.146959423031017877e+02,7.142801299916601465e+02
7.024832586448445104e-01,1.018887380695285838e+00,4.016565799865811748e+00,4.213723112048082253e-01,2.435340283178008747e+01,2.434326529562221708e+01
4.024579582829349356e+00,1.329383888179082929e+00,1.868223962778126435e+01,4.629792035550267526e-01,2.100802850093931920e+04,2.100584694769411362e+04
1.804888622882475868e+00,1.431826649810633123e+00,1.224877323478462543e+01,6.581139186740532221e-01,8.458304908220741254e+02,8.470686864828583111e+02
1.315821762798997652e+00,8.862400105248273707e-01,1.292985557504483651e+01,4.508455017694097400e-01,4.316376999954592861e+02,4.328892887401352141e+02
3.458426321414508564e+00,1.510933002626919430e+00,1.944658985156029374e+01,3.808459429305200983e-01,2.326083962015736324e+04,2.326120129458542579e+04
2.480290066257802017e+00,8.555694573466356978e-01,6.206330832481531168e+00,1.096674047889707737e-01,1.914732739815079583e+02,1.882937276258110728e+02
1.960271684509305334e+00,7.791728525332841659e-01,3.782103071676709671e+00,5.049177340977412110e-01,4.191501801915875092e+01,4.022870298425042535e+01
9.626935236327855971e-01,1.340661858077615509e+00,1.220672283185967721e+01,1.496751682073302891e-01,4.167162630833639696e+02,4.166460240878669765e+02
4.944626319450686758e+00,5.486590217907956202e-01,1.876584060307112622e+01,9.428950809892271412e-01,5.466632778862555824e+03,5.464957329989750178e+03
3.170242269928055467e+00,1.519832754320607826e+00,2.961988892184233002e+00,1.060859431659499030e+00,6.784310735757023281e+01,6.861404445693382570e+01
2.494835744415120793e+00,3.061069576880349752e-01,2.595031144141294099e+00,1.007465613267824800e+00,-9.053499458030994873e+00,-7.042598436965894493e+00
3.140909235983829983e+00,2.160479865556625967e-01,1.435857755967264460e+01,1.556012507989837090e-01,3.843659068122771032e+02,3.828541201447538356e+02
2.539916619014192189e+00,4.908152207396173083e-01,1.271604870856184633e+01,6.001988293675054598e-01,4.763212320932732950e+02,4.759577870677583178e+02
4.051705104257838030e+00,1.398623135469892587e+00,8.868760893303013759e+00,7.269964419737775518e-01,9.993867904349726814e+02,9.980155094755067466e+02
4.397569104315285138e+00,1.152553300446212958e+00,1.524996714469485504e+01,9.699781449309211601e-01,6.301760539725025410e+03,6.303822288362853214e+03
1.859563930108586005e+00,9.100262750996299665e-01,1.976072935555875887e+01,4.771902078510915635e-01,1.996552545949376963e+03,1.998345651795046251e+03
4.687827360075768723e+00,4.109127106318042344e-01,2.675274158271652603e+00,9.272256398026536006e-01,-5.356878518748841245e+00,-3.366847533271233317e-02
1.828543947534598590e+00,1.897785907305503006e+00,1.285117367743686145e+01,9.405547761715206123e-01,1.354561752070777402e+03,1.354575986558124441e+03
3.362560409463257294e+00,5.946232345300461741e-01,9.766919200705958204e+00,9.619209439813289908e-01,4.250736867710105571e+02,4.232056531778309250e+02
4.744269563862708594e+00,1.035792049201036180e+00,7.558613885464163573e+00,4.761462283333744994e-01,5.979972352043380397e+02,5.988164797837391689e+02
3.639074970320562930e+00,5.792094771390670083e-01,3.366616398667757082e+00,1.794305580448339599e-01,4.919424943184158394e+01,4.872946571150412609e+01
7.420101700695087565e-01,1.035915374203755457e+00,1.736696015144532979e+00,3.311050552282396309e-01,2.668412118669278410e+00,3.050874698482800351e+00
3.297879176341925511e+00,8.626446268190826050e-01,1.362195740212057515e+01,1.113834194688116064e+00,1.410878103572959162e+03,1.413366183832231854e+03
4.352427870847341396e+00,8.209225177195449419e-01,9.224962049026505184e+00,9.566836427806449938e-01,6.714304135004459795e+02,6.708612701518861741e+02
7.366172812006797077e-01,1.027740625948677433e+00,8.631535849360101764e+00,4.048157927575198878e-01,1.358393764969404742e+02,1.372859626284723902e+02
1.403430643849770343e+00,4.000370450617171114e-01,1.640879234518030927e+01,8.995636980868090271e-01,3.601690008061939352e+02,3.559370062790329143e+02
2.345465722750428306e+00,5.780838909203281917e-01,1.635974178056172512e+00,5.488587489081570014e-01,-4.134688543572108799e+00,-2.016278624790745599e+00
2.252964696798072985e+00,3.923618060371420468e-01,1.400278188496695275e+00,1.019106549973883613e+00,-1.509130998168880566e+01,-1.481979113517307667e+01
4.913320467470486896e+00,5.550408984992214467e-01,1.247219370432595120e+01,8.682118779356379212e-01,1.153373769330516097e+03,1.152898741852079183e+03
8.862776107194567654e-01,1.130636993397892809e+00,6.382255620137708974e+00,2.164412236426542235e-01,9.769808806766127418e+01,9.670218173340721535e+01
1.296470726512338301e+00,7.217460452141080118e-01,9.338785988693469875e+00,7.711820033165126542e-01,1.905846476148370243e+02,1.934233208482088457e+02
3.349444737367873515e+00,1.951032543602819080e+00,1.107524128118921247e+01,6.322559147799865498e-01,2.336831486377374858e+03,2.335825055559170778e+03
1.005013061915745576e+00,5.151273852213231752e-01,1.504232480734952659e+01,5.861701737467807094e-01,2.767869833471356742e+02,2.793306224960930990e+02
3.279218595281433668e+00,1.214867549771829980e+00,1.100577267807130255e+01,2.918291913474078125e-01,1.162121364628988886e+03,1.161116068700512869e+03
3.339542499246598961e+00,1.875404783748613413e+00,1.732192599867649818e+01,1.137314867296095100e+00,1.793216659175194945e+04,1.793226888134510591e+04
2.984806602189597591e+00,1.398012695825323615e+00,3.438111322481636201e+00,5.876612307156293680e-01,9.581727816649858198e+01,9.653931934185499131e+01
2.398698744699689911e+00,5.850592885726350056e-01,9.864885396294349462e+00,3.575749168445757631e-01,3.194162850918364143e+02,3.234784701368255355e+02
2.609902925892405356e+00,1.990562066232313576e+00,1.185625318346965784e+01,1.094300553554191424e+00,1.967772472695915440e+03,1.968285627136660423e+03
2.166372816563578940e+00,4.717113811155456138e-01,1.494136846891948167e+01,6.954304102010734345e-01,5.458651986460772605e+02,5.463546016119706792e+02
2.243682670469943297e+00,1.172273128887902693e+00,1.584631041982732391e+01,3.255727748179371162e-01,1.874025799857782204e+03,1.873909484371049757e+03
2.065905429978271535e+00,1.809259917306572873e+00,2.911176479627223479e+00,7.068465861893951097e-01,5.827580245080926602e+01,5.769187883593728827e+01
1.876635402295459887e+00,1.137627319458047959e+00,1.069660495122040622e+01,9.598208466632693892e-01,5.197208786381045229e+02,5.185282685900708657e+02
1.276042800863818938e+00,1.925159128582265566e+00,1.913679204875405659e+01,1.165726532026706952e+00,2.846231453387410511e+03,2.849869501415222658e+03
3.030077844570882917e+00,1.611782743136485507e+00,7.969300879442315910e+00,1.039702811772124758e+00,6.306083954583524473e+02,6.335704502158985179e+02
3.229102864838850007e+00,1.331560407793993761e+00,2.511091815871068000e+00,8.843237934993413152e-01,3.607901684765130312e+01,3.472744920358354648e+01
2.952662632634135864e+00,1.269920997607612900e+00,8.771936396721915941e+00,4.218246294502162597e-01,6.141144818017786520e+02,6.144605024646315314e+02
2.786243732557078356e+00,1.722054028890841693e+00,4.234562051677410288e+00,7.473197126638202459e-01,1.729827597932938943e+02,1.706544429555500813e+02
4.149079615430359524e+00,6.919013307302090965e-01,1.456695708300210157e+01,1.166648144584624180e+00,1.917394072243973824e+03,1.919302730087764076e+03
4.608431513934475809e+00,7.146299284637991356e-01,1.941467043368937340e+01,1.004654994052287753e+00,9.200450216926034045e+03,9.201851493286201730e+03
7.807734061225912736e-01,5.629386786655131703e-01,1.735866949905343404e+01,5.009716399985346680e-01,3.068655304071896808e+02,3.071187281383237178e+02
2.324113625946520933e+00,1.577248472973681093e+00,1.439634443859189084e+01,3.994364910072711883e-01,2.222542827557160308e+03,2.220957115566442553e+03
2.616054194332509741e+00,4.584083672443933777e-01,1.989491659425251413e+01,6.815179004458865597e-01,1.458125330316670897e+03,1.459686316660606508e+03
9.454528653549723050e-01,1.894071260172399240e+00,6.820944467922549492e+00,8.573790798436802252e-01,1.875791090081120274e+02,1.888428675081414951e+02
1.998240205367851408e+00,1.666205307467413022e+00,1.333739884430842260e+01,1.150307045845026410e+00,1.450787823685195917e+03,1.450459398166271967e+03
2.379829921552507166e+00,6.260032598850203689e-01,1.139764920462616615e+01,1.457220395959552550e-01,4.513267029437432711e+02,4.528316840350434518e+02
6.824394822989305887e-01,9.926542375068816426e-01,1.248899455400230707e+01,3.915671693264005659e-01,2.456501193936095717e+02,2.429923997564977469e+02
2.446694077305767046e+00,1.571351623826752197e+00,9.552889407993374604e+00,8.462383515018799818e-01,7.391289683061957021e+02,7.379618771057801041e+02
9.589002907033696843e-01,4.857449786735298924e-01,1.893228928659859633e+01,8.498453737101905325e-01,3.856211022511193960e+02,3.837485500053267629e+02
2.325637706131980842e+00,6.486361931581303697e-01,3.712797548249590296e+00,6.904133617658430033e-01,3.424048959039114237e+01,3.449798775179617394e+01
1.395481933583327061e+00,9.384748795994790616e-01,1.496163490311358224e+01,4.339488186156910121e-01,6.469235968643636170e+02,6.502886480946376651e+02
9.578418661844503301e-01,1.734973720348125026e+00,1.153941214879106525e+01,7.798714132119998199e-01,4.622806791650124865e+02,4.624065926190818345e+02
7.886539653396971161e-01,6.925670444150801019e-01,9.323249611046779961e+00,5.947457848137975844e-01,1.144003477010432448e+02,1.167030331168119943e+02
2.816111747179915525e+00,1.519793069296301979e+00,5.769464566223218682e+00,6.597908594377281943e-01,2.927883265064667739e+02,2.927532506094280507e+02
5.132464083321472970e-01,1.575316904066441426e+00,9.002635817583449551e+00,4.497100133593060489e-01,1.564678485030785566e+02,1.556825654418578608e+02
2.287541504297051276e+00,1.571643792224278080e+00,6.487757890582189546e+00,4.546231996935067299e-01,3.196961765403218010e+02,3.217486501736429432e+02
7.715311460963585333e-01,2.791521415524565453e-01,1.892133513443437565e+01,4.197867019185956838e-01,1.925198785801151473e+02,1.936305326518879610e+02
3.598385387429086091e+00,1.082070572999189295e+00,6.157985781270008729e+00,4.366134566447258392e-01,3.125525204327939832e+02,3.154151023581137565e+02
3.421664565487958054e+00,7.718310390926077513e-01,1.010510839822813800e+01,1.237507850385567154e-01,6.201502999622700827e+02,6.221221621170609524e+02
1.190713889562826866e+00,6.904120666083397584e-01,1.843852147564285460e+01,1.282779237630899405e-01,6.381960153335055566e+02,6.365936628151259811e+02
2.137008413199732892e+00,1.663035905598575948e+00,8.804195022370935320e+00,4.027441205305644090e-01,5.730938463294144185e+02,5.680202852038839865e+02
3.757433339472283418e+00,1.253434114046708237e+00,1.177018960621918531e+01,6.331022606821572474e-01,1.814625901124532220e+03,1.814921265188053894e+03
1.076143800643879045e+00,5.803882543745590983e-01,1.874847459466087685e+01,1.077284335860239750e+00,4.966037734043031833e+02,4.942706785339292423e+02
4.157704242034505171e+00,1.491853481241676604e+00,1.596601886880235455e+01,4.140785328943344945e-01,1.219430414840181038e+04,1.219150453577284316e+04
3.476683684363239379e+00,1.497981536298703675e+00,1.923860632434556095e+01,1.514105901728989845e-01,2.167067704806253096e+04,2.166773347211793225e+04
4.736021214579180239e+00,1.883597813000859933e+00,1.477776139978693060e+01,1.088221225308858342e+00,1.996671117593589588e+04,1.996544619227166186e+04
3.208321841708220212e+00,1.969831095933531229e+00,1.674429375758193572e+01,1.167412902567751098e+00,1.478421160723073990e+04,1.478382850614048766e+04
7.006561291684947346e-01,1.099319701202227550e+00,1.457719343024912817e+01,3.294233310661606184e-01,3.599088184940090400e+02,3.599355629311938856e+02
2.341060002147524077e+00,1.826334419149454380e+00,7.787387029891236878e+00,1.125304383802828490e+00,5.198760730679454127e+02,5.239807970046028913e+02
3.598753054139518515e+00,1.669409074516741587e+00,1.739525848907469197e+01,1.067738957761744656e+00,1.720267101769816873e+04,1.720026136060016870e+04
2.611246077667870313e+00,1.630638696769762142e+00,9.150018258406699800e+00,4.745291186319563481e-01,7.553304203572529332e+02,7.553238125083701107e+02
2.172868718129533416e+00,4.310176232927920292e-01,9.667022859587936168e+00,6.282840447887512170e-01,2.077209109120764765e+02,2.052466225464564218e+02
1.627666186992960284e+00,1.107018059147304667e+00,1.457991446735210062e+01,5.541043018301736733e-01,8.613665858860879325e+02,8.593894362710824453e+02
3.604495816896193361e+00,1.197932540412553593e+00,1.599660379912989505e+01,1.184673556863476307e+00,5.281154791585120620e+03,5.281300991999678445e+03
1.200146558100078309e+00,1.649382786694558067e+00,1.064845168298744582e+01,5.011383993865792252e-01,4.719807269582291838e+02,4.728301486201802959e+02
3.935939545325900735e+00,8.066303539379469090e-01,6.440405780481568421e+00,9.806621558812940176e-01,2.703448942374559465e+02,2.677858515462056062e+02
1.764398670176286821e+00,7.154670526061477354e-01,1.940635202117321612e+01,3.822414892929075769e-01,1.257292945705337843e+03,1.259592320274257418e+03
3.098624122360553290e+00,5.773814792502999227e-01,7.265757119116136309e+00,7.504873005920970064e-01,2.088093821525087606e+02,2.069601302241350993e+02
4.647989368108051522e+00,1.432515689708870443e+00,5.871775199066003204e+00,5.957551570408229358e-01,4.530567262567933540e+02,4.549839433119299201e+02
3.169242080280671559e+00,1.188340813606090451e+00,1.955317441911801524e+01,3.110434439119345029e-01,1.046143428706508712e+04,1.046134014828269392e+04
4.410317648667634316e+00,1.642613348086655600e+00,1.082149652872198331e+01,7.919394671417596676e-01,2.704530399866159314e+03,2.706352412539162287e+03
9.021906216166480919e-01,3.159071389578967382e-01,1.163868316730607644e+00,2.364665165831896787e-01,-1.254339652596097032e+00,-1.115215414346790723e-01
2.796404536836320176e+00,1.911192459120636844e+00,2.808568611598925902e+00,5.016322548311236140e-01,8.078633131443987736e+01,8.022248126154450176e+01
3.444609641095311314e+00,1.254168078472446046e+00,9.653131072764891130e+00,5.581905976970655825e-01,9.011643961241975376e+02,9.021294129445485623e+02
1.230542695860494140e+00,4.697439287397169316e-01,1.404452013617515327e+01,1.436870466790134970e-01,2.771261675924564543e+02,2.744494248686437459e+02
3.632672552376226438e+00,1.900698420382280984e+00,1.117751614682452477e+01,7.014176597476761144e-01,2.693122019175251353e+03,2.690529726732368090e+03
3.466491011229435149e+00,1.953193824011817625e+00,4.158515087962412871e+00,1.039806269188173093e+00,2.204821856686774311e+02,2.197776961301528331e+02
2.565106973313750149e+00,1.451594035828907225e+00,1.203192643671648732e+01,7.005541175027211187e-01,1.302761164939687660e+03,1.305513575997506678e+03
4.073951971486803103e+00,3.193473658792202463e-01,4.093546578239717348e+00,3.159062605680161284e-01,4.000247463229101186e+01,3.851560446302947582e+01
5.143979183002074240e-01,1.638208604825566850e+00,1.841824367512957039e+01,6.202363330317809398e-01,5.794760261892984090e+02,5.782855278389303066e+02
4.677982318460697009e+00,1.630420809583561725e+00,1.041065417706273522e+01,1.561164393863155309e-01,2.602855057846489217e+03,2.606191359105925130e+03
9.093593020633284896e-01,9.382207768832870887e-01,1.788122868860571302e+01,9.681624782218226644e-01,5.863344459713771357e+02,5.864272756163439908e+02
3.966165769278492181e+00,1.357954474923861010e+00,1.812291315317103368e+01,4.811922021833948682e-01,1.764920242327965752e+04,1.764920990372353845e+04
1.203132295434646393e+00,6.487959065108337420e-01,1.274656447066751142e+01,9.553568060233391668e-01,2.913519276997553789e+02,2.892577137830038509e+02
5.530294865648412994e-01,1.273823789260173811e+00,9.027920830707818922e+00,9.553721517554090159e-01,1.361758170132055454e+02,1.363027585417066803e+02
3.187801058720348024e+00,1.923334678583242585e+00,5.700223210365315651e+00,8.556114444211966319e-01,3.870503416397159526e+02,3.882425563071547003e+02
2.971393388735970476e+00,1.287748329305499650e+00,6.876112915848631602e+00,5.523512717576830600e-01,3.770466573815822358e+02,3.769401662277508080e+02
3.847880901895257999e+00,1.430061746691569047e+00,1.466638185554413809e+01,1.029890723251239315e+00,5.812826697569049429e+03,5.814360813208027139e+03
4.376932524094466537e+00,4.234774085756569661e-01,1.187289013816925376e+01,2.541817645055305386e-01,6.682239033659677716e+02,6.688866108221842524e+02
2.597248931598405974e+00,1.463154297741633636e+00,2.116892838685321632e+00,1.164202872154238566e+00,1.417183437508281152e+01,1.627731038267910435e+01
2.863930631211962563e+00,9.530918416358711287e-01,4.363300429164913119e+00,2.300797419358643070e-01,1.153405208094238930e+02,1.169986686110231773e+02
3.146230020159284546e+00,1.464950880357429819e+00,1.891582503845304331e+01,1.156029191597496730e+00,1.379352960526428978e+04,1.379326766673135353e+04
2.000962612086349957e+00,1.060161241516081265e+00,1.635905661346185269e+01,1.093447575659158399e+00,1.487880737639688959e+03,1.489624636314719965e+03
4.104511965273767160e+00,1.725218075495531966e+00,1.700354492815863594e+01,7.777628858832879022e-01,2.420798871494082050e+04,2.421160351693710254e+04
3.932802278151454889e+00,1.899692306722247981e+00,4.274142169457650908e+00,1.824926711425610970e-01,2.790966808485866295e+02,2.797090175097291649e+02
1.214485596066108508e+00,1.052555272714565282e+00,4.866615452688008325e+00,2.869819116143166871e-01,6.910167201316889418e+01,6.666509816183665293e+01
3.607523393827300140e+00,1.699867678886579636e+00,7.015578828923120014e+00,6.666393341788726667e-01,6.073551951874421775e+02,6.077417274238440541e+02
1.465200120413169715e+00,9.890300693784030983e-01,1.515133362268095141e+01,3.128031898533542021e-01,7.420213178170752144e+02,7.416268887443012545e+02
1.778666557316047614e+00,1.865943067512052300e+00,1.348700264803927418e+01,1.052809008480477315e+00,1.463922465547872207e+03,1.469108724472187987e+03
3.084246584293946825e+00,6.113085953140202644e-01,5.976563445502101501e+00,2.577537959008250334e-01,1.557816709725323108e+02,1.572936615370949198e+02
2.480720354991299281e+00,3.602192902262738583e-01,1.732939678770259206e+01,4.829266805438910959e-01,7.059524872377480733e+02,7.037399239889414275e+02
3.100527675709543907e+00,1.801606895405531095e+00,8.986009140138481399e+00,7.670223559431788019e-01,9.818577319339249243e+02,9.814805036036756292e+02
1.563792111589140665e+00,1.023176096410106428e+00,1.948625335245726831e+01,8.767828065027228890e-01,1.660759298015019340e+03,1.663680591437559997e+03
3.913225980836104068e+00,1.043008896291820031e+00,4.850717389125750678e+00,7.155030582378348880e-01,1.928438893820964495e+02,1.905167126056866209e+02
1.001722775902556428e+00,1.324381616576061127e+00,1.333826832738418133e+01,3.384921893633084378e-01,5.018357348481160898e+02,5.008464516934111543e+02
5.347437607352334421e-01,2.099611099339860343e-01,8.066172570582846646e+00,3.232754310066114911e-01,1.675654880710472838e+01,1.675159181097245309e+01
1.427061337880123348e+00,1.519531393010923770e+00,1.568421609930628513e+01,1.147855976032882364e+00,1.254813403708551505e+03,1.254507479030294462e+03
2.762605298580204760e+00,1.849006494841247683e+00,1.319508028234306707e+01,1.127405011423732173e+00,2.862652293643616304e+03,2.861455061170410318e+03
4.328099999816657828e+00,1.864921155331348501e+00,5.853408364808448283e+00,5.307068453180080470e-01,5.401582879651384701e+02,5.404075243570106295e+02
2.029291083879843693e+00,1.601989769651269935e+00,1.576002378350882083e+01,9.915474748596663224e-01,2.454862712070470479e+03,2.452025981352276631e+03
8.937278044880947458e-01,4.508095677558225933e-01,1.270873772401384372e+01,9.175261137082034724e-01,1.566668884023879968e+02,1.554925253360223110e+02
4.939500947865133718e+00,5.367497621317464107e-01,1.024472596552146797e+01,6.111494558883907580e-01,6.657885335267226310e+02,6.645724512499770071e+02
3.571038278989329573e+00,1.798220995557601842e+00,1.607402055179983913e+00,1.172184614411035053e+00,3.537436583894354669e+00,2.914315531096920431e+00
1.773839428261073659e+00,1.723921305374213730e+00,3.141005965778971287e+00,1.119013259408346617e+00,5.299766623474872063e+01,5.237682984545702425e+01
1.525262112422542948e+00,4.461167135298946262e-01,1.900442270188012017e+01,1.076030086185296053e+00,5.908169740248197286e+02,5.907861915602056797e+02
1.175156066686955381e+00,1.020044021176592430e+00,1.350986835010418652e+01,3.096255140028055797e-01,4.770578421549961377e+02,4.763343752400357403e+02
1.002003197694554482e+00,7.546601741085920967e-01,4.382444890940183413e+00,1.203716549565737037e-01,3.338716523759300969e+01,3.252215394454363206e+01
3.735369821216405484e+00,8.171317682266752147e-01,7.126925260655996297e+00,6.045686824307913154e-01,3.327345485870242783e+02,3.334250067960003321e+02
1.020686299258487750e+00,1.577074564033188020e+00,4.100226101954044466e+00,8.205816716481557638e-01,5.614837566023837212e+01,5.791468741434049861e+01
3.558220839406187608e+00,3.302549317393932427e-01,5.934491753229912625e+00,2.269109738971960832e-01,9.614438913459655112e+01,9.803334786751109675e+01
2.309576215646694575e+00,1.954411334370363074e+00,1.272960147853181212e+01,8.052582053759398395e-01,1.981954545358655878e+03,1.979614125031706408e+03
3.323651778997657846e+00,9.872225058909591677e-01,1.055780003946612844e+01,1.046282114912657768e+00,8.225721286189304919e+02,8.230292977341030110e+02
2.155119955323233860e+00,9.756168262898798904e-01,1.836418475640165582e+01,5.433730341759684945e-01,2.226964294805129157e+03,2.228419924011822332e+03
1.026668295136605735e+00,1.385997337986018207e+00,3.442271185781475396e+00,3.609457620783140808e-01,3.540981072322647094e+01,3.483745529103175187e+01
5.016955079470235557e-01,1.909816238608294192e+00,1.529708942300339025e+01,9.622199063164731392e-01,4.595419973207044677e+02,4.604367429709741373e+02
4.253583565410892220e+00,1.071773839337192280e+00,1.386376130281379737e+01,1.196902320790406371e+00,3.292313223529321931e+03,3.291833180727788204e+03
4.220234566819692112e+00,1.502430600895300561e+00,1.986183738427809686e+01,1.226141839419319229e-01,4.946974358057430800e+04,4.947045608351912961e+04
1.085745018434766562e+00,1.394507876599278662e+00,9.354381223602313611e+00,8.138278524445309303e-01,2.927845838067270279e+02,2.896973691081364564e+02
1.738573942961024299e+00,1.824504274961179062e+00,1.085552350963640222e+01,8.504748469593225169e-01,7.866674401626237341e+02,7.875474513565035295e+02
2.549336299401784522e+00,1.644461046948758387e+00,7.481510425029627598e+00,9.903839750213432325e-01,4.727519859321765807e+02,4.717447806347226447e+02
4.715732958909947037e+00,1.168395349062152144e+00,1.547478908219768634e+01,7.672373527512124092e-01,8.369818007493071491e+03,8.368303823320004085e+03
2.151957427294798997e+00,1.335024977736337437e+00,1.982470119942892239e+01,1.183191790378819858e-01,5.292556943680139739e+03,5.291913909587469789e+03
3.011404333610902651e+00,1.570667800489952137e+00,1.372585370689676409e+01,4.218322722376477429e-01,3.017782036757976130e+03,3.019709282859269479e+03
5.364968962616893933e-01,1.953030341312265827e+00,2.153258484661598526e+00,4.990930675752415224e-01,8.207879367318586361e+00,1.004846326759772523e+01
7.669579358288618476e-01,1.308564247902508360e+00,1.570089304809180675e+01,8.283296502302021080e-01,5.173486193145557763e+02,5.177995193062412227e+02
3.821014019856160182e+00,2.979866235583480405e-01,1.926350726926676415e+01,5.278495127218580940e-01,1.457867248475514316e+03,1.459548667588816443e+03
2.808031864829216850e+00,5.413515823835162166e-01,9.200395044820155022e+00,3.144171183711237938e-01,3.033286106762384975e+02,3.024674641067591665e+02
7.953656733173308790e-01,4.166715946343623189e-01,3.950392201501109923e+00,4.259614998179017675e-01,8.949887179283958716e+00,6.412722025380867663e+00
3.752782148008179774e+00,1.777931356140372898e+00,1.655261740347755506e+01,1.489420166298965342e-01,1.700286585833313075e+04,1.699908659101114608e+04
1.414113990105790641e+00,1.851084640703198669e+00,1.681081815424938242e+01,5.212481212125860131e-01,2.020123679017466202e+03,2.020011907197716710e+03
4.558418426343034291e+00,6.797716807483109580e-01,1.909732455742089385e+01,7.966664755781180940e-01,7.384264914150529876e+03,7.383921899015670533e+03
4.946183186621959216e+00,4.265438704733754971e-01,1.096018530677691594e+01,5.716555012306079320e-01,6.286825674288063510e+02,6.287041604770394088e+02
4.773177020839452389e+00,1.814288858606363908e+00,7.598166906605325011e+00,6.850335751266494189e-01,1.108360408601872678e+03,1.108444329555719605e+03
1.319987795126158270e+00,1.218524019162407379e+00,1.642608953802335137e+01,1.024398716042616675e+00,9.810701847825832829e+02,9.834549967887598996e+02
3.165259039259236573e+00,1.854661654126132486e+00,1.365088849742737942e+01,4.015609084173943355e-01,4.429905776342015088e+03,4.428013545587561566e+03
4.449304344628472130e+00,1.233281765239919725e+00,8.132199136806210760e+00,4.279499803548559855e-01,7.909081182032639390e+02,7.893078798011739536e+02
3.314631605435701456e+00,1.347563840594999895e+00,6.212444059609049773e+00,4.696615662709520134e-01,3.566247741963925932e+02,3.604049411701540180e+02
8.041508418021461324e-01,1.389212565847441683e+00,5.637253709523931455e+00,7.100236127884720361e-01,8.058503474950279610e+01,8.206933647626976835e+01
1.674214273641536854e+00,1.911240549941624067e+00,4.863773180440457367e+00,1.111695777080917491e+00,1.581383785927186238e+02,1.574813365262623961e+02
3.518893036478969005e+00,9.454895555653219930e-01,1.239955993538994772e+00,1.015726518027954661e+00,-1.842894780706809854e+01,-2.255936442926308061e+01
2.209507165195677914e+00,1.167664269260699106e+00,6.693571477168374528e+00,1.021127259915097563e+00,2.456725615996128909e+02,2.439161685073611636e+02
1.235532145439461438e+00,9.692958571169449922e-01,3.452374368829916662e+00,2.096073027212358997e-01,3.054871951345184300e+01,2.977202234184274587e+01
3.044881599493409752e+00,8.754941147047394789e-01,1.596430908077547350e+01,9.517943203668994823e-01,2.144915641080511705e+03,2.144689578230699226e+03
4.340105252221954757e+00,1.418655669754819160e+00,8.410395212430287870e+00,4.506041328175474092e-01,9.731776002102586745e+02,9.734979074675748052e+02
3.561877478249698026e+00,4.550721671698917392e-01,7.604453241531436092e+00,6.382833731601205152e-01,2.117979960266068247e+02,2.112829404586067596e+02
1.688026333034419624e+00,1.511110661532977018e+00,1.586629502880133735e+01,1.173687461266786691e+00,1.666696587084121120e+03,1.668928253962050803e+03
1.367006092549859497e+00,4.411283010158250084e-01,7.876404189762594044e+00,4.638463718338108333e-01,8.858830227405317714e+01,8.615293341162160345e+01
9.972556666559087013e-01,1.242273444090427725e+00,6.307299653590726862e+00,1.151113110471703394e+00,1.103248156430883853e+02,1.096935869087035940e+02
1.736676636981000499e+00,1.293091721787350101e+00,1.884182334646152768e+01,5.003841638023555083e-01,2.529922322681746664e+03,2.528499201596110652e+03
3.161131473471086473e+00,1.111549597180236937e+00,1.258839045630447551e+01,7.546640376639933701e-01,1.444830491994366866e+03,1.446311962732471557e+03
4.598674529343440120e+00,2.785907281449629957e-01,4.711922423969848950e+00,9.054581938303852828e-01,3.458820609449355743e+01,3.487480125568698242e+01
1.709000132360306345e+00,7.507505626423329748e-01,3.679392958894869281e+00,9.022083609631594836e-01,2.746050157279228188e+01,2.896996269380359124e+01
3.861626468011662983e+00,4.650824959070240516e-01,9.906915241831839580e+00,1.169126161319312240e+00,3.982087769723859765e+02,3.982950384095664162e+02
4.773303343052718084e+00,6.442546817747791810e-01,1.147150669374376264e+00,9.179838453812855237e-01,-2.858454461233911559e+01,-2.114926369790921967e+01
2.147872088414781722e+00,5.839425401051057118e-01,1.110207205243878015e+01,2.463012063911020622e-01,3.632450407057158941e+02,3.646179886272610702e+02
3.983398374515554341e+00,6.452818960743951227e-01,1.862974378173054291e+01,1.125068938801911056e+00,4.253530092532295384e+03,4.251956472429069436e+03
4.965619706723511939e+00,1.696497301850487194e+00,4.628673674622342915e+00,8.261606937635963543e-01,3.339372922209020089e+02,3.338579277591816208e+02
1.596772574910512610e+00,7.065842298190418980e-01,1.513046694373445256e+01,7.785194218190709670e-01,5.829303834572617689e+02,5.820598007782192553e+02
2.965088705386257129e+00,1.733551806821972407e+00,4.582422888874382316e+00,7.817952360914977028e-01,2.156919890220870002e+02,2.171401191689999735e+02
4.438467357025182913e+00,4.165267681446107595e-01,1.558350456995294486e+01,9.340022840561092998e-01,1.389977506292633279e+03,1.391852583183559318e+03
1.121651915062856553e+00,4.723977938581497837e-01,1.679476451035428752e+01,9.694221039654163929e-01,3.481856355568434651e+02,3.488873657736482983e+02
8.411598680928291660e-01,1.476262181913353455e+00,1.910282288537117523e+01,8.093699003724819097e-01,9.940511587919984322e+02,9.936303665649688810e+02
3.372470007705246964e+00,5.098013665235987535e-01,1.548123582059378123e+01,2.069094466457399584e-01,1.152597830999525058e+03,1.151203647479007032e+03
3.172951186482925401e+00,1.649726276286491267e+00,1.208601871175175013e+01,9.387666049782243949e-01,2.223654922910278856e+03,2.226807401361243592e+03
4.579602341743742144e+00,3.167930404139953082e-01,3.931923902686303762e+00,1.161132739307396244e+00,1.256140899106280528e+01,1.474282023343299386e+01
3.462194949304498337e+00,1.884016237524824167e+00,5.588982318581054543e+00,8.250295526595884388e-01,3.936674935552185275e+02,3.877591000986627137e+02
4.581371610308662135e+00,7.977847867894201084e-01,9.688572708492356966e+00,2.373678130787089113e-01,8.090662565135360182e+02,8.091536281781493471e+02
2.849551135335623542e+00,1.384031748402953621e+00,1.087973835593226113e+01,1.151891362306348032e+00,1.067403496485375172e+03,1.065679364667996651e+03
3.317921573203183261e+00,8.062664813707962619e-01,8.083515317786055476e+00,7.844404483447648957e-01,3.758024931013085279e+02,3.750074327198093442e+02
4.204836379701005100e+00,1.248716322560570857e+00,1.211836793891311714e+01,7.371268941947016762e-01,2.439624825890427019e+03,2.442969755668976632e+03
2.356306819465820546e+00,1.534655446574974880e+00,1.615913652475539664e+01,1.054302708074184247e+00,3.387460714946250846e+03,3.385154782647298362e+03
2.326764169258422665e+00,4.186063318238994468e-01,9.675045221883292967e+00,6.032532424553113115e-01,2.167739696997215901e+02,2.146552184413550606e+02
3.646329498430078253e+00,1.609989924436073583e+00,1.596141689763799576e+01,7.017951059356538623e-01,1.008825169836112946e+04,1.009312509275007505e+04
7.719202944476875050e-01,1.071625411153927843e+00,8.840004537975289622e+00,7.507660048198856462e-01,1.526713033422115018e+02,1.516888443085382221e+02
2.579059557553875504e+00,9.866688696243195444e-01,1.484106468737277851e+01,1.053011882906479180e+00,1.492729506523228793e+03,1.492229750000479498e+03
1.171836877641007524e+00,1.763576034330643694e+00,1.883647492007416346e+01,3.842505053787983460e-01,1.995711383475809725e+03,1.997973665289832979e+03
2.595566771674319373e+00,1.869508397396855148e+00,1.955158503626994460e+01,6.585197033836296399e-01,1.724636588300728545e+04,1.724532516506417960e+04
5.606015861365504227e-01,5.015798474885806435e-01,1.240738650036230695e+01,1.189535683231097263e+00,1.039320587256489148e+02,1.039858426024119211e+02
7.295827866961080987e-01,1.504097527625332997e+00,6.985120755935151138e+00,6.120131727179658476e-01,1.255871815632886239e+02,1.260633595449116058e+02
2.913747772923360735e+00,1.949838371673124460e+00,1.136895429764531507e+00,1.062577875545942296e+00,-9.420079406030072988e+00,-6.615562372056098539e+00
1.874265076976890709e+00,5.528814584581867031e-01,6.901236839767790343e+00,1.145370082165710901e+00,1.059326174969411340e+02,1.026903473354028193e+02
3.674925807178202941e+00,1.845806694118720559e+00,1.133084531432924003e+01,1.090417487515318529e+00,2.754051913483303906e+03,2.752375725623561266e+03
3.016789197025802949e+00,1.679067476826578753e+00,1.319769588585026376e+01,9.615250098760568243e-01,2.894021391990536813e+03,2.893757752995090414e+03
2.686807928536267376e+00,1.827532548772011989e+00,1.151477920213497086e+01,5.963662682350880928e-01,1.664766741053100532e+03,1.666582728837601962e+03
4.362665644995427527e+00,1.382336016496840791e+00,4.123282123731705440e+00,1.109778246040993732e+00,1.863368544329270549e+02,1.850486827525312208e+02
7.220948755501601646e-01,4.667946373910522029e-01,9.912450791032746622e+00,4.413466555673600800e-01,8.100369189984731122e+01,8.192642160001429374e+01
4.711234581016298328e+00,9.316756368590328741e-01,7.544424700079311208e+00,9.218450605595275293e-01,5.185934159362170703e+02,5.175650402990813745e+02
8.803699414702224058e-01,1.019214079432859688e+00,1.957060618303231081e+01,4.730935332568756424e-01,7.489355508828848542e+02,7.481455725946235589e+02
7.169209472149417062e-01,1.090668195196286661e+00,5.578358575097753125e+00,1.101892576300807169e+00,5.283678268298780267e+01,5.538492331341772967e+01
4.827953429130634078e+00,2.430148034593424822e-01,1.865872254687694820e+01,1.094414233820786286e+00,1.505711391297790442e+03,1.505239619127171864e+03
1.229776198015073874e+00,3.045292669823921328e-01,1.895752878407979125e+01,2.877939018116000280e-01,3.370223496621750883e+02,3.429455518606280293e+02
2.579043302162390638e+00,1.865520733766581118e+00,1.263198959683834310e+01,4.039636637045870282e-01,2.186039170348450170e+03,2.186757719626924882e+03
2.140038108548053764e+00,2.287894233038231528e-01,6.750097187183404124e+00,9.493484415210540206e-01,3.973613094759561193e+01,4.198783060621665442e+01
1.708801750391947927e+00,4.979946784875531329e-01,1.281840087224156477e+01,4.900942870708252519e-01,3.310113151672219374e+02,3.324953954677130241e+02
2.805943844796994213e+00,1.675328356680599873e+00,1.818633114736581646e+01,3.255397928532937080e-01,1.099177212316172881e+04,1.098866013396883500e+04
4.465714975470996606e+00,1.617465767258859044e+00,1.524034359282920015e+01,3.987521276228327416e-01,1.389074762563964214e+04,1.388766718582496287e+04
2.409420927820280056e+00,9.735114695978381860e-01,1.444364099762817588e+01,7.202748454231290287e-01,1.224796403264682112e+03,1.225770754642518114e+03
3.333745800658385772e+00,2.750219922110540005e-01,4.494949573995450365e+00,1.017175282778785439e+00,1.723134623302513546e+01,1.501975471086612046e+01
4.799271117633836070e+00,8.826980584912567096e-01,1.982128810585776435e+01,1.184113025073054049e+00,1.883243115293580559e+04,1.883133577806001995e+04
2.523669111450682845e+00,1.256197193569862591e+00,1.063640435567747744e+01,3.517406904118945965e-01,7.906800084641704416e+02,7.900069702217184613e+02
1.964067127377764566e+00,3.425507370241644978e-01,7.426651057822670765e+00,1.083404930872815974e+00,7.743354029447944242e+01,7.559964271197810604e+01
2.675703830067214462e+00,1.645760364956106114e+00,6.734045503723641524e+00,1.705598507695448296e-01,4.172968110194924520e+02,4.196633466718629393e+02
4.085821394841927301e+00,1.309669323915700234e+00,1.540640241897251528e+01,3.423332923907226322e-01,7.204481203626475690e+03,7.206039305411421992e+03
3.598249660829001773e+00,1.544852317800291530e+00,5.066988922050482458e+00,3.688941868453268214e-01,2.930129485498964641e+02,2.933625054532311651e+02
4.833387674432919390e+00,1.955564733729274307e+00,5.794739920602999916e+00,9.816290673698938596e-01,6.040172380129772591e+02,6.051396735330291676e+02
2.021524735527431282e+00,9.333163208206836092e-01,1.633470541444149404e+01,3.027249863303402289e-01,1.289618028740362661e+03,1.287804376922269057e+03
4.712839801925577277e+00,1.287795050247048545e+00,9.151384199220176541e+00,1.019466402851528120e+00,1.205828412514115598e+03,1.207577258151374281e+03
2.212997517210166354e+00,1.618622330746044113e+00,1.138005944586637774e+01,1.239318513872287308e-01,1.052597131432384231e+03,1.050895861181161536e+03
5.661938055088620025e-01,4.419923896495157045e-01,1.249203136876106335e+01,1.116101024441646716e+00,9.381620370056290881e+01,9.693813282130047071e+01
3.399778312676891012e+00,1.829385453864032174e+00,1.348034704271131901e+01,5.370510980158375025e-01,4.787828664897013368e+03,4.786492909179886738e+03
4.721281812722048166e+00,1.359112231834765261e+00,7.954029852042522108e+00,5.475482366873957174e-01,8.877513901677361901e+02,8.866417686602831054e+02
1.573342100836497170e+00,1.360062957570925990e+00,3.845526674069886131e+00,3.506792265990265056e-01,6.834571706228173582e+01,7.067514321311385572e+01
4.545843958356236669e+00,7.814837557009293167e-01,1.466584607033683163e+01,1.089922967812582799e+00,2.809653822039970692e+03,2.810952333020509286e+03
4.283940686718294089e+00,3.871571806967886165e-01,1.143008204159742469e+01,2.984952507055278481e-01,5.462743354606924413e+02,5.443646302215182686e+02
1.935752771728227462e+00,8.184682004068450922e-01,1.926893614260068688e+01,5.418180981946286723e-01,1.691653104398295227e+03,1.692860697950372241e+03
4.027110606661490344e+00,1.184680175221037635e+00,1.670714893322813310e+01,9.379965597147363887e-01,8.499742868268047459e+03,8.499741624670468809e+03
1.963907496912639106e+00,1.679241172460986142e+00,2.013714091744009060e+00,5.115099528720825628e-01,1.994285590014787601e+01,1.997958325542010982e+01
3.319807000282155141e+00,1.358448499187160374e+00,3.128309339444112602e+00,1.871254258518958713e-01,9.365581209233236848e+01,9.489596129118483248e+01
2.749644401862890941e+00,6.180532564683377528e-01,1.768051202382923393e+01,3.033330502669862039e-01,1.586248875528489407e+03,1.587484532561672722e+03
1.431718515857194118e+00,5.065405782535584711e-01,1.858833273300139410e+01,6.222851918174902019e-01,5.931124334800797442e+02,5.951535774431683876e+02
2.434418049533539463e+00,6.101056511509933555e-01,1.457859738940083361e+01,3.836832237492546760e-01,7.646814941636991989e+02,7.656505526852843104e+02
2.303799138734874852e+00,1.220392874531120109e+00,1.480275759507030209e+01,7.444112817148418326e-01,1.649401026428998648e+03,1.650059298537920085e+03
8.572373939852322433e-01,4.690166561550478952e-01,1.963162647947736517e+01,2.621869883395314682e-01,3.629601814156937394e+02,3.627629956455904789e+02
4.455319081718014829e+00,9.883266509341794848e-01,5.476687549169078295e+00,8.813703443120383119e-01,2.609837496298501947e+02,2.639825920374527755e+02
1.830735760898217324e+00,1.682043244109811875e+00,1.275008748775605216e+00,7.936900139985848535e-01,-2.140242901592229963e+00,-3.693207130771519076e+00
1.950137333093544534e+00,5.183834008984675723e-01,3.018833285593115257e+00,1.108130603598147079e+00,4.011101686588846249e+00,7.841276270601362341e+00
4.791885898504019359e+00,9.670841437692934139e-01,4.369977299268581028e+00,9.022621938516341977e-01,1.638626310463757250e+02,1.682352207233720947e+02
2.288965191101695495e+00,8.156786192737210950e-01,1.979479126016129342e+01,9.760889918232215079e-01,2.506297727254621350e+03,2.510643567937923763e+03
2.280454122573468911e+00,1.662711842354810621e+00,1.732156194206823940e+01,2.599295779756163327e-01,4.982841620444924956e+03,4.982574800331021834e+03
4.286192454090584469e+00,9.711239113198486539e-01,3.204992439885299138e+00,2.826487205563956717e-01,8.576043625340960830e+01,8.998056195203440666e+01
2.054619394526260745e+00,7.503721431582888179e-01,6.557501961556035930e+00,1.031170146501968476e+00,1.436294696179828065e+02,1.459381697161557838e+02
4.788776812410938000e+00,4.870691838342198210e-01,1.854554184095198366e+01,6.738540277208951990e-01,3.895961046102041564e+03,3.898118486573505379e+03
2.642252636736529769e+00,1.592885470104942192e+00,2.855863759714706518e+00,1.441325265018191248e-01,7.349187912863621364e+01,8.009331419288545817e+01
2.202690663196078535e+00,1.096532842284999365e+00,1.958286853922427539e+01,9.231092574423810371e-01,3.632525991365670961e+03,3.632937088533723909e+03
1.933981211263926081e+00,8.518978406094639411e-01,1.668879185664633624e+01,9.289948806929972935e-01,1.141815641045604934e+03,1.142977939236225666e+03
1.896203664327828831e+00,1.574534126779806753e+00,1.620935305041271146e+00,5.112781168410067689e-01,7.859209159331353334e+00,5.361446917481279328e+00
4.886898420727572301e+00,1.861669755942789939e+00,7.988996067995577377e+00,2.421486621612427281e-01,1.390282236043834018e+03,1.385855912216251909e+03
2.694175204530376622e+00,1.894800807159322753e+00,1.595589694221538934e+01,8.940002127428620105e-01,6.556460432933919947e+03,6.557057527607962584e+03
8.022889503907864039e-01,3.056248621197696913e-01,7.564124124078009714e+00,4.732639453707470079e-01,3.178048714680084430e+01,3.266018162461684682e+01
8.504799289745967883e-01,1.690092771204877220e+00,1.841391885263080752e+01,1.063799145128484724e+00,1.074184086985130762e+03,1.075616794549976021e+03
4.005727294780046854e+00,1.148551614544143007e+00,1.991421565893655199e+01,3.730435011981836357e-01,2.126342129328172450e+04,2.126405128402422997e+04
4.544477823012597284e+00,1.021985107238293278e+00,5.165926201867758749e+00,1.021071380160729625e-01,2.716411622970781536e+02,2.676783631700387218e+02
4.819222579472669743e+00,1.470312408716763608e+00,1.008076137604957800e+01,1.187989175224710481e+00,2.045122354826565015e+03,2.045893809603200225e+03
8.248723311714158957e-01,1.583419701591179729e+00,3.043516004146597620e+00,8.936033677385476492e-01,2.130277998564612219e+01,2.357021223521038777e+01
1.634984315288599444e+00,1.602563844705726659e+00,1.608635990272103022e+00,9.347416824182995798e-01,1.752761723432961105e+00,4.919776282273826240e+00
4.232017971502264331e+00,1.135811189996835946e+00,1.774854020343137861e+01,9.748457452695579173e-01,1.234586000937918288e+04,1.234398238515683624e+04
4.204238309939078988e+00,1.003671893635887047e+00,1.987119507918463057e+01,8.412719959731457253e-01,1.747555744375610811e+04,1.747379234043803808e+04
4.208696845088547356e+00,4.153662130432060895e-01,1.085817000414185962e+01,5.840506510505042437e-01,4.982495322526491464e+02,4.968776949945415140e+02
1.274526017057381999e+00,1.195766530598851407e+00,8.670484275790158790e+00,6.136415857923415151e-01,2.583480763450662039e+02,2.570847404631699646e+02
3.934192801186834565e+00,9.393384735878673730e-01,1.848900083878100986e+01,2.201593039371533278e-01,8.310004338735874626e+03,8.306775626420960180e+03
3.829978574031442484e+00,1.563302348091129890e+00,1.130538077437109301e+01,1.195924617419907632e+00,2.252245324395632451e+03,2.250887808960092116e+03
4.568722612417519535e+00,8.275875609454166337e-01,9.643419410863286245e+00,7.708561045629199748e-01,8.072731067837975161e+02,8.104529990581094125e+02
2.506197780197320313e+00,1.703607818983873035e+00,9.004675777173577700e+00,7.734643234866537265e-01,7.212657244051366661e+02,7.191538486274426987e+02
3.420401163184801252e+00,1.980667721766409262e+00,1.971308984373964845e+00,7.586472967335222695e-01,3.436616520607130099e+01,3.063040423391946021e+01
1.406064041721791780e+00,9.395166544771336170e-01,1.634035000430910323e+00,9.749840759646708488e-01,-3.777504272070365321e+00,-4.326677294382244909e+00
3.849690273878280777e+00,1.004231417653387304e+00,7.187695688885774814e+00,5.679587941403588802e-01,4.197490962317936010e+02,4.187388334844757196e+02
5.753282523280143224e-01,9.515497008411597513e-01,1.290141626696565424e+01,5.027074979626938722e-01,2.142532314392392436e+02,2.156148252577818596e+02
4.357970776527274381e+00,4.400208838371429954e-01,1.839609060975304544e+01,6.591391094171333842e-01,2.628504346618735781e+03,2.627017294692272117e+03
3.530339484725876442e+00,1.760065590096690835e+00,1.799483047265476188e+01,2.876227920999946397e-01,2.271409182384226006e+04,2.271372820562927882e+04
1.912827206360006249e+00,4.997212386724491084e-01,1.000215444162678935e+00,1.013051245979774473e+00,-1.389571987343407677e+01,-1.557922833696926368e+01
1.399410400372550489e+00,9.890028840213855865e-01,1.424060296415975202e+01,1.161897792721816369e+00,6.074013459563866490e+02,6.054499248121009032e+02
2.623544816932553037e+00,8.031600631129856005e-01,4.616629768681816515e+00,3.795143218895932202e-01,9.719783963946017025e+01,9.793466128009559668e+01
3.836725358887475235e+00,1.507491315707768953e+00,1.628394724021777762e+01,6.317363503933737245e-01,1.113336216911430347e+04,1.113360262912685175e+04
4.674846897380827926e+00,9.982707282743625843e-01,1.509967804281390968e+01,4.126104241605452749e-01,5.258190126414402584e+03,5.258077013364758386e+03
4.837317785184703567e+00,5.640514466754239509e-01,5.102853947472873131e+00,1.736800424843531476e-01,1.620705471806766127e+02,1.631018406761009487e+02
2.932482110452411028e+00,6.655882319203958453e-01,1.323401304231720310e+01,9.591337054540697293e-01,8.185506181027310504e+02,8.168902340681227088e+02
1.839465486302765740e+00,9.129485630325258061e-01,1.470268252040023427e+01,1.767651684535455348e-01,8.397370234875590995e+02,8.397694060454002738e+02
1.060352233102388908e+00,8.371114354510562627e-01,3.316547318089459573e+00,1.559876986710784230e-01,2.091378320859063678e+01,2.131635475433174776e+01
3.775896229377920132e+00,1.033261444504994353e+00,1.884585499076002080e+01,9.582070605002470653e-01,1.011616667547235556e+04,1.011852711803545571e+04
3.180840209648329697e+00,2.921285842549244949e-01,4.322700975036966042e+00,5.391199356819214028e-01,2.591189789538537980e+01,2.211318420960678566e+01
1.486606234220831713e+00,1.947011868947163382e+00,1.283050213696824748e+01,7.037376970252833264e-01,1.049344269883420793e+03,1.048630160181321116e+03
2.908719672031780057e+00,2.561438861455990201e-01,7.977794684687569138e+00,1.943375222831055793e-01,1.180936380348457533e+02,1.189831366520333376e+02
2.269143902324640472e+00,1.250262283917084938e+00,5.199497501379367392e+00,8.814094879945324479e-01,1.606325723408915565e+02,1.594652478563107536e+02
4.073546532548105503e+00,1.659147204260839059e+00,5.564519987191793859e+00,1.033472385296591245e+00,3.976155307671543824e+02,3.977877579501860055e+02
8.785350614762909016e-01,1.234849155509347485e+00,9.332413958970889212e+00,3.858203572774295820e-01,2.202559914815439299e+02,2.216197431004555085e+02
1.361390382147020794e+00,1.376995876566778021e+00,1.004172003776429101e+01,1.496149515719626677e-01,4.107273467685703281e+02,4.116771291727334869e+02
1.310673857451753133e+00,4.525376575782784072e-01,1.244466285041893272e+01,3.659991201422047036e-01,2.242131151702935767e+02,2.207458753959218996e+02
2.661090280599751168e+00,1.285852713688853122e+00,1.621151549794662117e+01,6.392467407237594212e-01,3.250384853049395133e+03,3.247956444393156289e+03
1.979986812636452376e+00,1.876637183499275441e+00,9.099073534422972287e+00,5.989832831269787938e-01,6.337240732523164297e+02,6.280563614608331591e+02
3.166632098472355494e+00,1.783555882653416580e+00,1.534529150467818859e+01,3.984111333681819023e-01,7.124402460165049888e+03,7.125699015784218318e+03
2.686136690350242162e+00,1.029412881739254271e+00,3.577272574277270412e+00,7.510661370973198414e-01,6.388419877698878935e+01,6.429508698193693306e+01
2.038774093870396875e+00,1.791546600533387990e+00,1.899997663569644502e+01,7.558335753602831719e-01,6.898550790448606676e+03,6.901236753732233410e+03
3.582523114133103093e+00,2.270817193588492433e-01,1.909734222248675195e+01,6.460724735812615194e-01,9.448692753501436528e+02,9.449611033988257986e+02
3.078137600668340745e+00,1.668748748096644086e+00,3.022471785036276337e+00,1.077289243831450749e+00,7.853935318189147097e+01,7.623453350558659736e+01
1.063116496092924468e+00,9.424134652929840872e-01,1.464198385079859932e+01,8.870442762938008929e-01,4.651893928640165541e+02,4.673267145368678257e+02
2.195281989753572915e+00,1.615561407130581939e+00,1.679647620184117329e+01,3.544168298840091325e-01,3.774751890959314551e+03,3.772093464033979672e+03
3.223010593035399385e+00,1.835286271257951407e+00,3.165723487966793037e+00,4.885052044543906069e-01,1.168350884532813438e+02,1.168165355356151736e+02
3.299824087464796829e+00,1.290959691718388536e+00,8.738763826517686795e+00,7.947148124155644089e-01,6.882086727356661413e+02,6.877803511414617788e+02
2.568180174050982867e+00,1.440110395362200979e+00,1.810408929918499155e+01,7.478216506284907084e-01,6.109083210378614240e+03,6.110627927433269178e+03
1.339357179139738285e+00,4.446879857124946822e-01,1.117098265399751078e+01,3.210439937186798098e-01,1.831310905740274961e+02,1.849439560459116194e+02
4.233392163212172932e+00,1.591578993640055950e+00,1.504527123738840366e+01,8.711058781065172951e-01,1.070546408262181831e+04,1.070460152534777444e+04
2.872746691437995104e+00,2.154399584031019277e-01,1.674500821047414334e+01,3.265686809498000720e-01,4.840882745726945018e+02,4.826058555448875609e+02
3.379762191211779676e+00,1.241599205664259076e+00,3.600751260623354710e+00,1.087194309661313252e+00,9.458388729797985661e+01,9.447153642443247179e+01
4.394151632110591343e+00,1.066680369439040321e+00,3.306612241124995855e+00,8.168685967542334003e-01,8.492108956119727736e+01,8.374887353291305203e+01
7.066394685300447787e-01,1.034830356571509125e+00,1.895896377543100542e+01,5.014126901770438183e-01,5.564721196202362989e+02,5.583672579829905089e+02
1.041568220913393628e+00,8.029549503936437294e-01,1.921351605542977836e+01,8.526325906820365619e-01,6.865331908481665550e+02,6.872794361470816966e+02
3.787400467477096022e+00,1.032789437027727519e+00,1.126047413045275647e+01,9.582207097535395679e-01,1.230652759657036313e+03,1.233439544096952432e+03
9.601421139570327501e-01,9.557817566624764449e-01,1.941617831307965147e+01,5.805477153126686884e-01,7.630395960397418094e+02,7.682662304833113467e+02
5.238391983113998007e-01,1.236847415109724402e+00,3.966965775618787049e+00,1.646062995037160803e-01,2.309553935200808183e+01,2.134688911055321725e+01
4.899506217741836700e+00,8.183668678165298971e-01,5.367675618606384980e+00,1.110791755035038575e+00,2.206554367974456454e+02,2.194366150382082594e+02
7.105777200563372364e-01,1.342432355862267501e+00,4.833885470147576413e+00,1.128760388712527485e+00,4.703736236436901663e+01,4.798755179115278935e+01
4.373128627465064255e+00,9.395215895758104452e-01,1.906347310270673612e+00,8.376112431879818576e-01,8.958196721918696426e-01,1.692301859555112031e+00
4.912255438980337452e+00,1.443759771713054807e+00,1.079512985176576478e+01,6.937923226603920357e-01,2.668555088397321924e+03,2.667849987746839361e+03
2.255986032029384081e+00,1.600690208351750465e+00,1.374803318230843630e+01,7.671925375302858230e-01,1.836441636002730547e+03,1.832985409780092141e+03
3.293826076952222515e+00,7.926295091891180089e-01,7.721591817940586466e+00,4.010463716422366653e-01,3.449316220909036019e+02,3.500284364832794495e+02
1.011149902324561145e+00,8.323177305932529801e-01,8.146301231962500111e+00,2.871467151036646293e-01,1.350123828934477501e+02,1.351713085498866178e+02
4.985406628538254559e+00,1.974477550457238495e+00,1.091381319668907679e+01,5.983831892966937627e-01,5.094160281151303934e+03,5.091801924081909419e+03
4.526139582678010420e+00,1.516858447736177506e+00,1.902613808315196309e+01,7.613305885927089678e-01,4.815146386422221258e+04,4.814662980368236458e+04
1.814280533108835636e+00,1.552779684959577189e+00,1.781569420551933192e+01,6.869754716771929726e-01,3.006068697170092491e+03,3.008874642392296664e+03
8.346288840761661998e-01,1.052034270096943169e+00,8.285243990207158404e+00,9.091310303831473538e-01,1.410179610895073381e+02,1.416704895148117771e+02
3.991430900657111369e+00,1.885438095394476044e+00,4.363789791285595854e+00,1.714412815141532764e-01,2.924554866491415055e+02,2.924524459474853302e+02
4.997820691914672153e+00,9.152334118762541770e-01,7.631229664893622200e+00,2.178928499598768997e-01,5.852262830132573299e+02,5.831271118010462260e+02
1.164167856668486767e+00,9.699286477604236456e-01,1.155741560157093062e+00,9.919249239452215816e-01,-6.359345674446936769e+00,-6.578842807901930101e+00
4.523256997725085604e+00,1.321238676345515062e+00,1.837601114413784931e+00,9.903469391896710938e-01,6.927841749241064662e+00,6.133294587449620749e+00
4.378582064197262369e+00,1.123180736105940047e+00,9.243352576355713168e+00,5.993568308794071653e-01,9.645142712062374812e+02,9.594782778851815692e+02
1.450154521202172697e+00,1.569574854433645861e+00,1.056608103538609278e+01,1.087569558186858520e+00,5.273622657165004739e+02,5.327333902753638313e+02
1.324388999074761930e+00,1.222657302066260332e+00,9.285005601551690191e+00,1.087746387424922689e+00,3.051326465185213692e+02,3.060048575095844399e+02
1.403790680249767053e+00,1.447603947397882562e+00,1.090467329668320318e+01,4.442240149583204234e-01,5.113258166890577741e+02,5.106229459770522112e+02
1.763244402040751169e+00,1.747596900706185563e+00,1.668801997077928689e+01,7.285894772793046759e-01,2.688686652160834456e+03,2.686727589973493195e+03
2.393542997292719576e+00,1.418438613426984407e+00,3.818675790626440580e+00,6.389807323125424876e-01,9.969640100472571476e+01,9.846461868846017751e+01
1.434246807471110108e+00,7.492208855309898663e-01,1.556548280427800801e+00,5.438131628744774515e-01,-1.661261317469968191e+00,3.205402439851372520e+00
1.943923063332276824e+00,1.471508916918500054e+00,1.629801046703806122e+01,3.784992034735843447e-01,2.248986442946098123e+03,2.249767094817704219e+03
3.080512427799729114e+00,1.072176845346047624e+00,5.695107418697300972e+00,9.596335306264383025e-01,2.195178071103216837e+02,2.168149269746420202e+02
3.186434365112071454e+00,2.210121669699798286e-01,1.898932324979839947e+01,8.804926519914320071e-01,7.603051117569305006e+02,7.620835152460889503e+02
4.996915232500609427e+00,1.782281612771235091e+00,6.728931917327144241e+00,3.717418980642800408e-01,8.438117289550323221e+02,8.447990572590331340e+02
1.186481748955664717e+00,2.996349487655219912e-01,1.102425625453316549e+01,7.328706808438139042e-01,1.039564616493872791e+02,1.050017481604349712e+02
4.535677095021096505e+00,1.612920261072366079e+00,1.672194936446190638e+01,7.654174096548964634e-01,2.502743307333722623e+04,2.502715103981145512e+04
1.590379658970606291e+00,3.732624352079111363e-01,1.273366178715775021e+01,5.830238302815895501e-01,2.349136854062738848e+02,2.345555170002158434e+02
1.429318321389059676e+00,2.691669893260725810e-01,7.490968540011315291e+00,5.903819404688493977e-01,4.715207369579927388e+01,4.756695197511115225e+01
4.487053847529645978e+00,1.153459892472322945e+00,3.922100297981386596e+00,2.232309900906350730e-01,1.691679119942024840e+02,1.687267482867548267e+02
3.074022330256332314e+00,7.764626090207780162e-01,1.232733465533516437e+01,7.293530164989280307e-01,8.594074450206142046e+02,8.565446497999618032e+02
3.636215318281398989e+00,1.472637639697955914e+00,6.536856196896239091e+00,1.009998177262948493e+00,4.507875671193442599e+02,4.487497697246188864e+02
4.538857899131834017e+00,7.459406961105627953e-01,1.155463191318123073e+01,4.590909075100509940e-01,1.178213713634387204e+03,1.178211893676928639e+03
3.942409846261723416e+00,3.429991615261832050e-01,1.536789352549346255e+01,1.011744827085548248e+00,8.925212847187102625e+02,8.892748636051725271e+02
3.895008457850433814e+00,1.416870711411722494e+00,1.745308597212874346e+01,1.898969743491201734e-01,1.488051009233664445e+04,1.488021819752041301e+04
2.018350048780902295e+00,1.119330725326241893e+00,7.805425444367626753e+00,2.094197909627662224e-01,3.081580071909442040e+02,3.074958737847928774e+02
1.930503642881023829e+00,8.371936764531058284e-01,7.664283069402002546e+00,3.601916660227004741e-01,2.197762938018229306e+02,2.212342674976901264e+02
2.755281413575917604e+00,1.434981981367735582e+00,3.814154183334624193e+00,2.843033939359629336e-01,1.235165509240114119e+02,1.238216118343109002e+02
2.245708978098043485e+00,1.378622849621403690e+00,3.014213582678943126e+00,9.498369390571567150e-01,4.600743635426756128e+01,4.538502014022422060e+01
1.361079441580942628e+00,4.831351792517917798e-01,3.883518828793705246e+00,1.111248675991037604e+00,1.139921968951553488e+01,1.078063086286192096e+01
3.787893829895875975e+00,1.372802037693011012e+00,1.107705276276522532e+01,3.774060808151012969e-01,1.718765856205923455e+03,1.719615388629385279e+03
3.983795807067742167e+00,4.444538180809549655e-01,8.313586031408330967e+00,7.260057955064063151e-01,2.767272133414415975e+02,2.785986271608350080e+02
4.612711195999869673e+00,7.026167080818688238e-01,1.198254910426393316e+01,6.632848582567708595e-01,1.242111078403825786e+03,1.239924412197068023e+03
3.434980215547679627e+00,1.007169384742986784e+00,6.565273891476166135e+00,9.441713055221192530e-01,3.065035826293091077e+02,3.033892371747701873e+02
2.810252694179066424e+00,4.275083925478926350e-01,3.482670058341888808e+00,1.416776410132623565e-01,3.017843156062277643e+01,2.865197370776045815e+01
2.115094275468965002e+00,2.137783293990489775e-01,8.410075737164248721e+00,7.469035479016301604e-01,6.940848561503818814e+01,6.472552859969317751e+01
2.311409496761724913e+00,1.097978354568991843e+00,1.958876663713867927e+01,4.189182759438984105e-01,4.065364369931818601e+03,4.063756889220391713e+03
4.202388743955427941e+00,1.581734952332128019e+00,5.947007527562298002e+00,3.927383245547895196e-01,4.706668840624682844e+02,4.723251878255239831e+02
3.799968765334360121e+00,1.137463006301632218e+00,5.176121316705748931e+00,7.650089403900296459e-01,2.328317162929255062e+02,2.347889450919443846e+02
9.621383963188736566e-01,5.911506653889535556e-01,1.715019028648873700e+01,1.344885431956633626e-01,3.853652496423909497e+02,3.884437958132598965e+02
3.167575116383123390e+00,1.920254965923159141e+00,1.714664632025662883e+01,9.213690622733728963e-01,1.535265424357734082e+04,1.535276657021830397e+04
4.521585451491968222e+00,2.710048586624311251e-01,1.534849508698090581e+01,9.331659804087163446e-01,8.416348004121537087e+02,8.419275932409101415e+02
4.300241920355430736e+00,1.342493961709848582e+00,4.051635337138555393e+00,6.551626419480273134e-01,1.835492698681307786e+02,1.823340458730236264e+02
2.205255366997466382e+00,1.003095017592693594e+00,1.583336027652842937e+01,4.789683356531317937e-01,1.466387578486873053e+03,1.465310936616295294e+03
4.208260508541376232e+00,1.037752539837371479e+00,1.233505770361138154e+01,5.881836800630765305e-01,1.973349020568324477e+03,1.973908108727674289e+03
4.297984266095512318e+00,1.894340811139708425e+00,1.185785192311998060e+01,5.320831003022333805e-01,4.886621536458522314e+03,4.888437890214843719e+03
3.288783404537205524e+00,1.381097526372464301e+00,1.865494519203775425e+01,7.299112965448872892e-01,1.259632652517754468e+04,1.259716936014508792e+04
4.445755398344097387e+00,9.435769753824572170e-01,1.739649680250183650e+01,4.478366446289164804e-01,8.406480298456417586e+03,8.402363310960294257e+03
1.156613748025838273e+00,1.499753050371910090e+00,1.899936176595482529e+00,1.183277713290928457e+00,3.195326596567361399e+00,4.170499351680030387e+00
4.716758328376289278e+00,7.633222044442911081e-01,5.597542694122269680e+00,8.616386681267463876e-01,2.251667657060079932e+02,2.251478693613794633e+02
4.313881575263193824e+00,9.372853174580813018e-01,1.712424258596947979e+01,1.069360005932482149e+00,7.040129567033550302e+03,7.038908710002388943e+03
2.318348179330737224e+00,4.567175260120213132e-01,9.538087468656831547e+00,6.614583152979689462e-01,2.264531024977745233e+02,2.267105964433121699e+02
4.096986307819436846e+00,1.437600968165482884e+00,4.514643369202625323e+00,2.815329052377070207e-01,2.491908688615287133e+02,2.509760052889807582e+02
2.763829951016964159e+00,1.486042062712443101e+00,4.114618129091770271e+00,8.827634217900257596e-01,1.368257438617471848e+02,1.370812469839921164e+02
4.059797947163283460e+00,5.960706958636589059e-01,1.830283242931343679e+01,3.089999374312950575e-01,3.599431173607497840e+03,3.597938745459853635e+03
1.964627249456405433e+00,2.775597089217802238e-01,4.973444184372834087e+00,1.282130279816129925e-01,3.046925787370601668e+01,3.720360922554336724e+01
3.452275283859343347e+00,1.632372330098324387e+00,5.259268076396749869e+00,6.653919676946055128e-01,3.097590317180081456e+02,3.084510032693165726e+02
8.143200409828295072e-01,6.483956624895892418e-01,6.067289330057156427e+00,7.282324670904846142e-01,4.253111442980870294e+01,4.343454882617609769e+01
4.914224008270185351e+00,9.068562682305292277e-01,9.514779374166487003e+00,5.191073414054344637e-01,9.553509358409744436e+02,9.578598436883863769e+02
3.713954619430018589e+00,1.952665369444539945e+00,9.705854069075883217e+00,1.073542740283371266e+00,1.762056701849095134e+03,1.760282751491560703e+03
4.576891856079805976e+00,3.088752048659732519e-01,1.007227091027557364e+01,1.014663699961984245e+00,3.371992381270482610e+02,3.382736737098874187e+02
3.461025882453534930e+00,2.295555305688762315e-01,1.123884348141237233e+01,8.275914508491857280e-01,2.468490799272359482e+02,2.450998707093153541e+02
3.561131270998455278e+00,7.948854131161626757e-01,1.623137870100186575e+01,1.469544443918638643e-01,2.677303093968989288e+03,2.676730475583970019e+03
4.553477985554884810e+00,1.144584199237592470e+00,3.378270179210088209e+00,2.415794517096296334e-01,1.234886953156820937e+02,1.219201418911663097e+02
4.982368433347010850e+00,1.017875448731245358e+00,9.737691830369191948e+00,1.147135251250657184e+00,1.167655749018366805e+03,1.171171564792033905e+03
2.174034154064154123e+00,2.159752762519224767e-01,1.878055066602667011e+01,1.154965587670533589e+00,4.428076059740184860e+02,4.399926715811996587e+02
1.832663292821832268e+00,1.884672861841981684e+00,1.356180682721863029e+01,8.309288839909660940e-01,1.582343661541872962e+03,1.583347060488569923e+03
3.882845278435687053e+00,6.066024690094541372e-01,1.062178145565230736e+01,7.722514859392861641e-01,6.142279547365719736e+02,6.142624909118254664e+02
2.667783138654000741e+00,7.841804737266797609e-01,8.951591526176374103e+00,5.930998264790454666e-01,3.711220349087778914e+02,3.670833935801016423e+02
4.997765291533487364e+00,4.317788556193142835e-01,3.984075013362772033e+00,4.853604069461150416e-01,5.891352975781857992e+01,6.237345883670863600e+01
3.030263670046507762e+00,5.721620829282245690e-01,3.803695126014043026e+00,7.500511453140703555e-01,3.886469486684174512e+01,3.767756715032658121e+01
9.878488810505534623e-01,1.836539959926355214e+00,1.700928139217631241e+01,9.704104736575337453e-01,1.182159695791723834e+03,1.181592521606152786e+03
6.978242275032454645e-01,2.202030852978370534e-01,1.408173903340539113e+01,8.806116793082799932e-01,7.339156601976795002e+01,7.378978775768625553e+01
3.875530943794607275e+00,4.466522350806335639e-01,1.560975769387919243e+01,8.405281900381217364e-01,1.229233926230867837e+03,1.227364288816493172e+03
2.056683921231713619e+00,1.232671532055390706e+00,1.712792786678729229e+01,4.442076340538444468e-01,2.267309983841712437e+03,2.265705738919737996e+03
1.746183238373548274e+00,1.941170953392907572e+00,1.288446155828015804e+01,9.824455014677134779e-01,1.313981519044916013e+03,1.313866382692155184e+03
3.540816947343860654e+00,1.233016673817761921e+00,9.321562606757138880e+00,7.992388921930456691e-01,8.317031303829392073e+02,8.298879537990299013e+02
1.585932316362220984e+00,3.124388457292710530e-01,7.637603432997415176e+00,7.945872292846957174e-01,6.258256302820639405e+01,6.273997233226583603e+01
2.183265269646213369e+00,4.889809328311288672e-01,1.805401244867503507e+01,1.085008055720683595e+00,8.961000084748659447e+02,8.986151253876066676e+02
2.205799775376500627e+00,6.536797779754116577e-01,6.592591135946860526e+00,1.063140457960200180e+00,1.344285041058171828e+02,1.323408784551600661e+02
4.009027586885799188e+00,5.732079326518656481e-01,1.554633090260060158e+01,8.810715465745196928e-01,1.753266659543305195e+03,1.750030670359652731e+03
3.738875641458858201e+00,8.726631918769358620e-01,1.939064207957245500e+01,2.004392334387133656e-01,7.985876225238612278e+03,7.985567572457821370e+03
4.643052408217506866e+00,4.534905834688434667e-01,8.638446592072964947e+00,2.321695292250724740e-01,3.757682179795610864e+02,3.765358516639137179e+02
1.756569868042131999e+00,1.865232509156236063e+00,1.278745330393673463e+01,2.367944421691523804e-01,1.243528731941588376e+03,1.244837958089103495e+03
4.982483062636990923e+00,1.861794556531451539e+00,1.186026168542841752e+01,6.262147451314165059e-01,6.712761155704904922e+03,6.710508121563834720e+03
2.938990153133932193e+00,3.164898852202003288e-01,1.287682716235787161e+01,1.900120531024217518e-01,3.953763043258867356e+02,3.905837929507529225e+02
2.131262268923644232e+00,6.507626966792772194e-01,4.923232336791171448e+00,1.085179860014183983e+00,6.264904013552533257e+01,6.437819133680545747e+01
4.735032402769191684e+00,1.838554233706723773e+00,1.782232444095201274e+01,4.773212868362575190e-01,6.112734455294748477e+04,6.112873771554255654e+04
1.297216700387048949e+00,1.316956774621186765e+00,1.509787501265744680e+01,5.080972456596171138e-01,8.540934154076539926e+02,8.570981636188848825e+02
4.824083973543830339e+00,4.890474587236506299e-01,2.075319913611538336e+00,8.170614005425259618e-01,-1.194974287298444260e+01,-1.393792156253146608e+01
5.986678146706354564e-01,9.072363852967315623e-01,1.993736842120949859e+01,8.097278328023860272e-01,4.593702851825090647e+02,4.604616371033378073e+02
1.218268566087034488e+00,1.998634921962971100e+00,3.163844657733391408e+00,7.076538926272119001e-01,4.783476668331299209e+01,4.982101745189063280e+01
2.934606298678172021e+00,1.446466671633653389e+00,1.141793106989592310e+01,7.338601164385120112e-01,1.354437006829872189e+03,1.350690255552655799e+03
1.717538341358429754e+00,1.794690991918012513e+00,1.268548943958940889e+01,4.008690799266961813e-01,1.123495652323293825e+03,1.125579141316271489e+03
3.781390916842306993e+00,7.270462352569115883e-01,1.408043801181912524e+00,1.370446915148388345e-01,6.626757134608208588e+00,9.463311363455746417e+00
3.165000655066598334e+00,1.441530343268751846e+00,3.341694855120694641e+00,3.514007646351015035e-01,1.044791707251657300e+02,1.056040054426338912e+02
1.626364526595363014e+00,1.647647961297203034e+00,1.743107873897363547e+01,1.187082146281269734e+00,2.459669315678676867e+03,2.460710845519756276e+03
2.528127103257780117e+00,1.169237732046245926e+00,6.202530385065744944e+00,6.772774865163463387e-01,2.431546226076047219e+02,2.446037876117584062e+02
5.685752710623666051e-01,2.145076077378893498e-01,1.632166983122628778e+01,9.838143603001877624e-01,7.867938245875933490e+01,7.811106987797909085e+01
4.576388866261779320e+00,1.910647443676594115e+00,1.920170044344518701e+01,1.437677412420187151e-01,1.001254318332189723e+05,1.001224927710361226e+05
7.298471779205168986e-01,5.520767169984410749e-01,4.172193222302846394e+00,6.601168552878960982e-01,1.221228907397884100e+01,1.030689921650897922e+01
1.934486023505521457e+00,7.435721305720786045e-01,2.425666167793970374e+00,8.270027020289193453e-01,4.991446353940506953e+00,4.588369135494125395e+00
4.579220507721624145e+00,6.532630889616081182e-01,8.497110068390330895e+00,1.040056402034504446e+00,4.660474637810177683e+02,4.642949719905180928e+02
2.831072159241903918e+00,1.987147786252601245e+00,7.345392325147937385e+00,7.350672923402233883e-01,6.078939598905567436e+02,6.099112123250357627e+02
2.952657400933408116e+00,8.880655621368118702e-01,6.483464720593345554e+00,1.104570557680730480e-01,2.526623178604422719e+02,2.517949961751480714e+02
3.422875482593056073e+00,4.997990425034034567e-01,1.337483526756797492e+00,3.218463664652402856e-01,-4.070130016126313421e+00,-4.342623996031723443e+00
3.647506840263071926e+00,1.816909343085484574e+00,1.443257030683188091e+01,9.020498397131946344e-01,7.776649325208167284e+03,7.773043933684288277e+03
1.951771800361140174e+00,1.511979580108856913e+00,6.503148720409100747e+00,9.299894229841848547e-01,2.636866523118445684e+02,2.644372717449001584e+02
1.032660446310547986e+00,1.912234338581776383e+00,2.050136897965647798e+00,1.046854608578044354e+00,9.487491354344989247e+00,8.025377662696792314e+00
3.289147212798237074e+00,1.660445772958628829e+00,4.682012031846596756e+00,6.421435450800468958e-01,2.401443914681926799e+02,2.431320579485108340e+02
2.615422664130550690e+00,9.308665088601624227e-01,1.610465891550303041e+01,7.685136205191458458e-01,1.847480047549644496e+03,1.843972324853645205e+03
3.250198800080109862e+00,6.046603650096646909e-01,1.079900886676572291e+01,2.011067853683724538e-01,5.385276877293247253e+02,5.391329481274901809e+02
4.804470299413146961e+00,8.091586968563930782e-01,4.760625549924221822e+00,5.688772599435204524e-01,1.779845865579694646e+02,1.771234485277034594e+02
3.063416197440751887e+00,5.948097852258149576e-01,1.698240066858416952e+01,1.123714600007275743e+00,1.565840923457176359e+03,1.565066092781974476e+03
1.384433405145513829e+00,1.351038427703987077e+00,1.873325116254627432e+01,7.451115132940860919e-01,1.759006810930226493e+03,1.762379699044086692e+03
2.016472141992901257e+00,3.401142345181247806e-01,3.166143832389499480e+00,1.117429958118689060e+00,-1.907986726370685560e+00,-2.867521910611259273e-02
4.454466471036107045e+00,1.428620673014299403e+00,1.359431342277696686e+01,3.618641490181706555e-01,5.755728754687109358e+03,5.753972289132295373e+03
1.674403939487648429e+00,1.870625942812521592e+00,1.293076688046674150e+01,1.119544224955064449e+00,1.192867534004263007e+03,1.195622329483519025e+03
1.872482284218973447e+00,6.952334444155703341e-01,1.242560834994560537e+01,6.323020885342816033e-01,4.533698932991742367e+02,4.520144577942332376e+02
4.744296722248926734e+00,1.894162678730885618e+00,1.578920713356830241e+01,3.457926759623583535e-01,3.053027875388883331e+04,3.053183092985921758e+04
2.655852614223895181e+00,3.955991555007241089e-01,1.140778160868728852e+00,1.239389428532628734e-01,-3.243467726425988129e-01,-3.856361707660005855e+00
3.580967966681371184e+00,1.485088638005395367e+00,1.891639919362089373e+01,5.413039418505556366e-01,2.093077806786741712e+04,2.093008439013909447e+04
4.700600835834103819e+00,1.597119599006596280e+00,1.527703615756573763e+00,1.078881539235788667e+00,-2.924806140327348203e+00,-3.552871005790447789e+00
4.358316731131796296e+00,2.930519622872757579e-01,1.219746468500723502e+01,1.001898595489183252e+00,4.773537616728360149e+02,4.766471617286721880e+02
5.993382469368930821e-01,1.904552065981101938e+00,1.424666831256564947e+01,1.067749234086010635e+00,4.756876171051837332e+02,4.724508236857961947e+02
2.754985790641337751e+00,1.293334237567220546e+00,4.557521255938998372e+00,7.156384006812629428e-01,1.518084089956638536e+02,1.479578981740959023e+02
3.577937207785667706e+00,1.497506282692740776e+00,3.002116991420706427e+00,1.089384998578595276e+00,7.703974825786173142e+01,7.696031652851101512e+01
1.120632042937686146e+00,1.831803519491363996e+00,1.561853909991515899e+01,3.513048669395018031e-01,1.121137870292140178e+03,1.122310090752685937e+03
1.303485741558479738e+00,1.412561304949292440e+00,5.421123378577315854e+00,6.242904808608582545e-01,1.209376288387949501e+02,1.209609688693552982e+02
3.988689937628418392e+00,6.380624225698526830e-01,5.581265266100125189e+00,4.834467208937315297e-01,1.712566512551722440e+02,1.705281733326444851e+02
3.821583324745595700e+00,7.694781236485614961e-01,1.700857262929235958e+01,4.931855895199220852e-01,3.541396271127165164e+03,3.538330172711651812e+03
4.921814380308605408e+00,1.683693028164100935e+00,7.305629233825776225e+00,9.189525439726365930e-01,9.400183522218430880e+02,9.394340741438974192e+02
7.552615485701301701e-01,1.902984413907740313e+00,1.877604035240462821e+01,2.533514008263844097e-01,1.114681553307085323e+03,1.113520920805948435e+03
7.272123455721192231e-01,1.251424765451227827e+00,4.324689856382095243e+00,1.392791137548179681e-01,3.932701536856157531e+01,3.784131806955718247e+01
4.950930774017967551e+00,3.869458374773917519e-01,1.715119617416386077e+00,4.971677719349120173e-01,-1.085457090099531641e+01,-1.054180215337601467e+01
3.672026532026788193e+00,1.992573694153780828e+00,2.722737189532412394e+00,1.149900438733803432e+00,8.626748747980954590e+01,8.657118652510743573e+01
9.393706231983751653e-01,7.613579417519289461e-01,2.992357049330572671e+00,3.108194489960203200e-01,1.179675199426809939e+01,1.255875379675232395e+01
3.480156300252637891e+00,1.427029093678494176e+00,4.482449467562205747e+00,4.576071840289792636e-01,2.060700289829574672e+02,2.055136450401084574e+02
3.409947473884038960e+00,1.030189200591070886e+00,1.413096997538353161e+00,6.288630182401516722e-01,-4.619171161612939613e+00,-6.331475242039078744e+00
3.587571710234482403e+00,1.657684636577390735e+00,8.072637000123409123e+00,1.009863669666790198e+00,8.095448980870675086e+02,8.091064046588260226e+02
4.233146773151815978e+00,2.137734929025173203e-01,6.976899636407267735e+00,3.017237081562947898e-01,1.029780612641871755e+02,1.023119860369583449e+02
3.787473546979196470e+00,1.500804943577404682e+00,1.000491454917777290e+01,9.564752899137506370e-01,1.392898258897742380e+03,1.389565430047871814e+03
2.984357853657767734e+00,1.899637768620556111e+00,1.632090561781862448e+01,1.154226835016260333e+00,9.637894067526027357e+03,9.637150906042803399e+03
2.191914643313332967e+00,1.198913422962527564e+00,1.066139731248338229e+01,1.151548482511296045e+00,6.353326713503479368e+02,6.319595162860733808e+02
1.391805951962162169e+00,1.120309035213991944e+00,1.984783528855976087e+01,4.108297865072437771e-01,1.651224025048745261e+03,1.647225565339208060e+03
4.928927761156450593e+00,7.632242626330472124e-01,1.731093490244779076e+01,5.344163068829506091e-01,6.904797836758424637e+03,6.903101520700761284e+03
2.512544326428821417e+00,9.671849345398009223e-01,1.000677233615257578e+01,5.791020474981617427e-01,5.292618037344403774e+02,5.279256519970401769e+02
1.720701248086994095e+00,8.379624526412015051e-01,3.318762820976230099e+00,3.230959694590864739e-01,3.132886017475029306e+01,3.267444016613317359e+01
3.428916212555545240e+00,8.724156493005887913e-01,1.626912693474779559e+01,2.800065877656207070e-01,2.901252722265327066e+03,2.900584196720831187e+03
3.537408635141912061e+00,1.258652327800516391e+00,1.909029953737787721e+01,8.677856991640987561e-01,1.423471812664827121e+04,1.423572910161125765e+04
3.176339774734289190e+00,1.228464855315653637e+00,1.452951308195593683e+01,6.322382569849053224e-01,2.776173587985609174e+03,2.779013387117424372e+03
4.449902607820018119e+00,8.602123067666738176e-01,1.172866160098407740e+01,5.444420766177460180e-01,1.421650414751248036e+03,1.421841503242150338e+03
3.232396400503754652e+00,1.123903235778002774e+00,3.392776361718891742e+00,9.852572831498142003e-01,6.931244275063856719e+01,7.002332563273664334e+01
2.218506088028516565e+00,1.708812691436199849e+00,2.727324607153339464e+00,8.169393208787409932e-01,4.746870229527999641e+01,4.603519957315586453e+01
9.190016152614407519e-01,8.564248325129582007e-01,3.589234669933839328e+00,9.537932608423475012e-01,1.624345440233048521e+01,1.783743169578267640e+01
1.043092117705096911e+00,1.789694224348929330e+00,4.756904329913250962e+00,8.810288057331989720e-01,9.171500560822670423e+01,9.178194766890524647e+01
2.722033602982048883e+00,2.941797708815542811e-01,1.315186341747400611e+01,6.782157432396416219e-01,3.458403589846600426e+02,3.459210439038209870e+02
1.674914258056282801e+00,1.123757691774495582e+00,1.683365240909036231e+01,6.775545592392336891e-01,1.334151565818328891e+03,1.331844198884031357e+03
1.146538144938326287e+00,1.094484084582721284e+00,1.700444552942831811e+00,6.635321588348273014e-01,9.467400731580779549e-01,-9.768184619735797991e-01
4.239108192288006727e+00,7.328206629597890931e-01,1.192121636789121730e+01,8.543814929941155878e-01,1.131353078213855952e+03,1.129955144328690039e+03
2.544200544127078523e+00,1.395334162259561639e+00,5.672636001539682837e+00,1.071297728281208617e+00,2.338592367651463064e+02,2.340162640180110145e+02
3.778235122783993205e+00,7.228247655152826301e-01,1.912451597593967634e+01,5.724801298967711061e-01,5.242960027673345394e+03,5.245091384911229397e+03
4.331235639552311945e+00,9.586349874290522877e-01,1.062529739295083964e+01,1.073902766719978974e+00,1.147955272971358227e+03,1.144873200429536155e+03
7.432632722225248623e-01,1.924745188745345725e+00,2.541992266401471134e+00,8.740781446924101861e-01,1.512789014185148773e+01,1.434414003878522692e+01
4.803197231005764678e+00,1.208550766956872247e+00,1.045983833370700111e+01,1.090927637157749874e+00,1.735130580074573800e+03,1.734458445655029209e+03
2.993360566754957652e+00,5.200392874373668262e-01,1.257764187261528477e+01,3.368456392371380614e-01,5.937041592207807525e+02,5.982078734353854088e+02
1.984338116369251726e+00,8.317137019031215495e-01,8.639816589250660428e+00,1.105134014103393847e+00,2.714763234033410981e+02,2.710223090987926184e+02
2.687038979075381473e+00,3.677177101816641036e-01,1.685479372223678851e+01,2.281926842080213846e-01,7.504551824773689077e+02,7.493260650649980334e+02
1.505109084075474613e+00,1.276996887778237166e+00,1.459376438717633029e+01,5.974930771145546826e-01,9.136667437229476718e+02,9.151027191648250891e+02
1.995147584716123967e+00,3.026997719560120537e-01,1.452658994943306325e+01,8.555890877836331843e-01,3.143010448208256093e+02,3.120255549933938255e+02
3.243170641975479995e+00,1.465760809055642655e+00,1.075134530470558403e+01,1.476369124973154479e-01,1.352936565068071786e+03,1.353963272945421750e+03
1.370488043743498530e+00,1.601878489317783538e+00,1.944670962970175410e+01,8.668624772298515468e-01,2.556773360158265859e+03,2.553365218506367910e+03
2.526619910158713012e+00,6.372269024489123357e-01,2.452177675552673630e+00,4.167203383967388319e-01,1.169775280602240741e+01,1.568848063175450669e+01
1.775623669762169232e+00,1.369991433055663066e+00,1.462196175483537353e+01,3.501300557043939277e-01,1.247993079414974090e+03,1.247844453554754409e+03
4.007737349462846765e+00,1.802876184440190599e+00,9.711090155357755549e+00,6.332042577939983596e-01,1.792195772113175735e+03,1.791281493537922188e+03
1.580143436703514759e+00,7.372753187153162635e-01,1.157195122186482905e+01,1.045203658992134743e+00,3.489420364530390088e+02,3.462539564261077771e+02
3.782511770719325206e+00,1.665372048795461302e+00,1.782645923761408469e+01,1.474956946594425666e-01,2.302058244094857946e+04,2.302022102498659660e+04
5.595772276602388740e-01,1.271364754637659411e+00,7.188679927843952377e+00,3.390513464401572752e-01,8.867224265180601606e+01,8.877960155494555750e+01
2.473321582700115151e+00,1.588957957505154894e+00,1.135881147664986823e+00,9.946208312025791587e-01,-9.603516922007786505e+00,-1.112388127029650242e+01
2.630744491736982660e+00,4.075197203174678595e-01,4.106039680110662893e+00,8.187537635504323896e-01,2.428606016584218352e+01,2.661289691547977654e+01
2.327760257194571025e+00,4.925395828771190199e-01,1.560154574725967791e+01,8.372202429436031990e-01,6.803312008903885726e+02,6.796156774529260929e+02
2.835062196792621059e+00,2.875080659064108701e-01,1.569411310291368622e+01,5.077488647367438546e-01,5.286299386275326242e+02,5.287599672159054762e+02
4.303535409506983100e+00,1.730098256484234653e+00,2.319936170110677320e+00,1.138516259947897513e+00,4.965040464590970970e+01,5.016291615950645166e+01
2.853255936832188588e+00,1.556591865505823069e+00,5.552186608778739263e+00,1.135821277248076910e+00,2.723430656238525671e+02,2.750087270233972276e+02
4.177156342468654415e+00,1.948073420223347618e+00,1.415137653069877111e+01,5.635121101956860334e-01,1.178678302838391392e+04,1.178596366872002727e+04
3.783500753316333842e+00,6.570054785782195594e-01,8.751131259101171622e+00,9.242332644535549147e-01,4.148264869472274086e+02,4.149130980690680417e+02
1.382441186167036262e+00,1.180055706118340764e+00,1.131243365833313952e+01,1.030143952429052101e+00,4.453602307503127804e+02,4.458954949208678613e+02
1.842513696919160449e+00,1.292821932363909188e+00,6.773701037768877775e+00,3.792796252687895553e-01,2.438093861410669092e+02,2.449852778822414336e+02
1.209674724552022518e+00,1.213787336250816251e+00,1.712028170557911366e+01,4.503727526158647354e-01,9.731506683676007015e+02,9.694294421665787240e+02
4.004631567828943695e+00,1.757063560459519724e+00,1.749335038490260530e+01,3.106027317130847787e-01,2.802620222907303469e+04,2.802845468852242993e+04
9.333791314624475532e-01,1.531065104444436109e+00,3.306978737238817523e+00,1.065956477046485357e-01,3.497976881414573569e+01,3.468849531309612644e+01
4.353963659708565359e+00,2.652585183312785588e-01,1.920162816412258522e+01,3.913180744536177702e-01,1.568707280004377481e+03,1.567216698526668779e+03
2.997233826772079279e+00,1.061032190856743274e+00,1.293945579938350576e+01,4.910092593371875314e-01,1.370127736464636428e+03,1.370022130431904316e+03
2.438766308561391760e+00,1.387220876597299979e+00,1.372931960789391681e+01,7.166625541982946102e-01,1.697150578649724139e+03,1.693261973104484468e+03
3.032898766494928733e+00,7.779919739958398583e-01,1.119735519644411958e+01,3.709326395902039497e-01,6.797551729944116232e+02,6.781769656673308191e+02
2.919927390926061683e+00,1.506071907042820346e+00,1.589518990300125623e+01,1.141229387531893957e+00,4.889162941459409012e+03,4.889497322308578077e+03
3.288108380688170129e+00,1.672054091011471622e+00,4.461673384616599236e+00,5.501076524336987461e-01,2.217315961291219821e+02,2.244103130066201004e+02
2.941409037250147129e+00,3.544277822919231768e-01,2.261791178173210959e+00,8.206018966122859970e-01,-9.198386750594991668e+00,-9.402136490229608512e+00
1.877109124613463687e+00,9.138010399014073748e-01,6.953134431238128244e+00,3.065227184552120621e-01,1.924036687077083343e+02,1.931581797417464088e+02
4.543769243331022167e+00,1.446285177478008999e+00,1.044537898913263874e+01,8.340662650294812241e-01,2.048966004019406682e+03,2.048340803777384735e+03
3.275668200404601382e+00,1.175241514662543452e+00,1.735138655168373178e+00,1.035956768377944481e+00,-2.421384439142695300e+00,-7.331496618915227526e-01
4.979484169763149559e+00,1.612933175751404269e+00,1.861291367603588398e+01,9.882703421838937574e-01,6.750610601933805447e+04,6.750527209889092774e+04
1.087549107879745680e+00,6.872239942362325937e-01,1.283676991468198736e+01,7.283048920306730567e-01,2.843468207809899013e+02,2.852342703419599275e+02
4.736253559267798785e+00,2.256581008963531032e-01,1.627588436640785119e+01,3.394405621376644921e-01,8.996481367119974948e+02,8.989447540858503771e+02
3.316040635035196082e+00,1.589337189997721556e+00,1.613435816963872327e+01,4.292834655216386519e-01,8.068590073560195378e+03,8.066621117854857403e+03
3.555126135096005946e+00,9.170453677368652912e-01,1.595223148153937665e+01,1.485287468127398092e-01,3.136054077207149476e+03,3.134034683691953887e+03
4.735462719384700314e+00,1.900806144979059642e+00,8.155884742200649740e+00,4.356229983124565441e-01,1.443284188638071555e+03,1.441962019250851199e+03
7.810870624129803153e-01,2.258180052493666268e-01,1.648879753996833131e+01,1.248974161943633976e-01,1.231706101772880828e+02,1.254607834019253829e+02
1.350632426611416026e+00,9.615746839177794492e-01,1.979908057920513187e+01,9.046899886914390176e-01,1.274938163891809154e+03,1.281295148428231414e+03
3.068028190665415877e+00,1.055169903075550142e+00,1.356241468146895102e+01,6.662141748323998636e-01,1.627635172330772548e+03,1.627203999209776839e+03
1.840398018244302270e+00,9.256027208020947139e-01,1.105994060913782207e+01,7.955903306752086790e-01,4.540932866941767543e+02,4.525894952069783699e+02
5.739794983397701333e-01,5.851801179958768806e-01,7.369611628604611830e+00,7.365353049340576108e-01,4.179309994424881580e+01,4.283141494722137566e+01
1.810619651936966612e+00,8.099393156915704051e-01,1.208472392086016534e+01,9.663697414723655399e-01,4.710892040503130147e+02,4.720421948960500913e+02
3.607801214197249973e+00,3.812715890235848226e-01,1.259723832353554052e+01,8.564822839068204630e-01,5.366923842418000277e+02,5.356074035237840008e+02
3.571136395930574636e+00,8.472307181030402923e-01,7.707184868019939294e+00,6.719573215552048229e-01,3.846440158796734750e+02,3.884653703733536645e+02
6.095629309890762126e-01,8.077698656011234046e-01,6.072373681342187801e+00,9.032154105365154395e-01,3.989319444671689752e+01,4.162576768208217004e+01
1.955197470960143402e+00,1.453575002863581211e+00,1.598571955767302200e+01,1.080608102294094985e+00,2.073224771267673987e+03,2.075095691818184605e+03
4.356903312787551386e+00,4.188971579115616239e-01,9.533268047247370092e+00,9.122880241001620760e-01,3.799956309729781765e+02,3.801103581555432811e+02
3.437363347101055400e+00,1.842851206306753031e+00,2.423327282476734013e+00,7.455369368993380874e-01,5.924004726386268516e+01,5.948871965726496569e+01
3.286312102050998440e+00,5.666291447364311118e-01,1.276918396868925853e+01,1.683672979046196283e-01,7.508325518705096329e+02,7.527707306451650311e+02
4.881979586619769940e+00,8.784967303069439737e-01,1.087419422693857030e+01,1.336239631865032140e-01,1.351941863260052742e+03,1.349145300098311054e+03
1.979045410902281477e+00,1.807583677151503254e+00,9.422335557504382564e+00,4.472894932510868005e-01,6.608364076363179720e+02,6.592158095136650218e+02
8.745728125272489439e-01,1.952499720542921091e+00,2.364414084140306738e+00,1.018867049392717106e-01,2.037709869723133238e+01,2.054803466533701695e+01
3.290124137456404085e+00,1.948174086442749919e+00,1.623734160705411966e+01,7.810742353321689091e-01,1.300048634747692086e+04,1.299755003334514731e+04
3.380600913683851960e+00,1.529440540223935274e+00,1.016862441997899680e+01,7.666726221210009573e-01,1.272024087276145565e+03,1.275309500140394221e+03
2.966409182746682305e+00,1.585851681940784408e+00,3.381681557558836371e+00,1.125675411840405093e+00,9.501555479349653410e+01,9.376532810463613998e+01
4.794807172769445458e+00,8.918082112636762648e-01,1.137973742622858886e+01,3.037474441002089298e-01,1.533309204174368915e+03,1.532447506678955051e+03
3.562189484569762588e+00,1.559845686144646137e+00,1.247215346559813831e+01,1.104703764213915917e+00,2.837444383431331062e+03,2.838091861841360696e+03
8.051088822826042435e-01,3.981026265700632893e-01,1.008876967492050625e+01,4.393205321556783449e-01,7.980225999110032831e+01,8.281975767777571207e+01
3.414378480062679966e+00,1.319459105684296141e+00,1.854043583998735301e+01,5.659395800488247197e-01,1.216840595386087625e+04,1.216831960339104626e+04
7.991925107301149911e-01,5.804699549575575990e-01,4.968578711363072387e+00,3.361369073459011814e-01,2.506266129566655110e+01,2.352574616310511146e+01
3.066944773974402239e+00,9.406289774215037536e-01,8.297366791895180782e+00,7.711888263407854494e-01,4.229924556332576913e+02,4.211241533693699353e+02
2.761996669155149853e+00,4.049506931244849506e-01,1.034787632636636978e+01,1.095375550425349509e+00,2.764855753107548821e+02,2.769507885470039810e+02
5.129928464023614243e-01,2.478317502820760743e-01,5.445203197302925346e+00,5.268291131624531776e-01,6.650316392737076754e+00,5.490175538024587354e+00
1.384329048501505177e+00,4.799068102824801119e-01,5.634272575791471560e+00,3.906661549306861270e-01,4.666213542539894377e+01,5.141171412769095639e+01
2.383447776184948630e+00,9.937877516441195880e-01,8.023986721030091473e+00,6.561073229509495341e-01,3.311457480298992095e+02,3.336640740423546276e+02
1.937158502639554580e+00,1.573372868621681242e+00,3.330814826872591006e+00,8.493851567138428482e-01,6.304535698674627753e+01,5.670735598114816867e+01
1.098147744003168835e+00,6.264997270800360951e-01,1.156369004041599169e+01,1.482173824016501940e-01,2.229158077759010155e+02,2.210562622783832580e+02
3.275752241981266355e+00,4.101005717452868016e-01,4.558097230602582428e+00,3.831492229499949831e-01,5.557322568246279104e+01,5.627971720154188517e+01
4.744574229777727581e+00,3.268976621501792912e-01,1.630962686015201513e+01,2.688836401595368630e-01,1.363559596832910074e+03,1.368189240577058854e+03
6.759692793261546928e-01,1.016563354829363774e+00,1.697285272644674237e+01,5.537336370673923147e-01,4.251234561639114418e+02,4.210846515095383324e+02
3.967889420111985643e+00,9.225654179929241305e-01,1.527722411477276498e+00,1.013960381329340743e+00,-1.458909306029723219e+01,-1.547501425454955815e+01
2.088525600803412985e+00,1.105481422558461047e+00,4.503059706354079594e+00,6.163878378027590754e-01,9.827501792742344833e+01,1.006853799555209008e+02
1.722186249115838841e+00,1.201062341919533427e+00,1.152082376414488607e+01,4.559937051247539008e-01,5.903796416238658367e+02,5.889926249189644523e+02
4.072157745569677800e+00,7.086456981386175524e-01,6.594160109475745379e+00,9.543738850452279099e-01,2.600911503859188656e+02,2.602339487117138788e+02
4.692611902829366244e+00,6.568209952796717488e-01,5.401940022821122511e+00,1.565022587511676333e-01,2.051294620863731666e+02,2.041284849575396265e+02
4.917210966109074377e+00,1.956965012538001369e+00,1.452724221398622007e+01,5.993619820250115637e-01,2.222633513930948902e+04,2.222767825862225072e+04
4.699168041985721800e+00,2.623394421412097999e-01,3.433421569944250962e+00,3.964456391946843405e-01,1.645260316107735576e+01,1.425415588958820479e+01
1.060585787294638038e+00,1.349006818632656035e+00,9.434791351154052208e+00,2.738111983874889077e-01,2.878788694371881434e+02,2.879248202849058202e+02
5.508225863971472069e-01,5.478083255223944459e-01,7.255640394317557806e+00,1.170379458323096200e+00,3.468244696388311610e+01,3.177219711618109343e+01
3.864021217747160453e+00,1.505617508756462053e+00,2.721669462300556841e+00,1.028230616355989335e+00,6.351288137195482619e+01,6.546707955168891147e+01
3.938256046049239512e+00,9.437737828100192239e-01,7.937470474050432934e+00,1.077253765630399540e+00,4.865130415479743533e+02,4.877236007695726698e+02
1.170505034986849990e+00,1.612083274941151778e+00,2.572175762173185554e+00,6.911556810385853789e-01,2.070265119234385054e+01,2.062979240663088021e+01
3.077156671196739524e+00,1.941932515755791622e+00,2.666574820506522947e+00,9.468743400697077206e-01,6.970766014719234249e+01,6.978163028835274417e+01
3.398419102815559256e+00,8.783446716624236927e-01,5.101514133913667592e+00,7.974157966517647633e-01,1.577725246384091804e+02,1.578272699501783620e+02
2.221013342751519293e+00,9.405258217269714116e-01,8.649377124680167839e+00,7.800337493926572385e-01,3.402939554417798718e+02,3.395552847962601959e+02
1.260848148444495997e+00,1.792510402523014079e+00,9.074208609799212510e+00,3.963956404987956095e-01,3.956508707277625945e+02,3.959648904463741133e+02
2.029549844991731966e+00,1.562817061403066310e+00,1.328026826596317633e+01,1.127542712880054809e+00,1.348180002047083008e+03,1.348913746936693997e+03
1.767273930181754382e+00,1.940369877014997524e+00,1.431928063464589673e+00,7.815238544527346454e-01,2.864253414788739072e+00,2.726649708401847949e+00
5.345560446017566525e-01,9.778851584441170530e-01,1.509616907831359001e+01,6.781610623434369822e-01,2.701946344106760307e+02,2.690055368296521010e+02
1.740705016878183020e+00,1.753124595929588914e+00,5.802640134618288315e+00,1.159050290787875248e+00,2.161849423295392967e+02,2.153718267076508539e+02
1.618861641018948028e+00,1.958978922815308499e+00,1.157428757722133739e+01,6.819645055787966204e-01,9.104182807315867194e+02,9.095012389625666174e+02
3.540371683297454108e+00,1.248120897289557885e+00,1.078935632868678418e+01,7.162863118646694005e-01,1.252270103889459278e+03,1.253178449851145388e+03
3.368176236461729367e+00,4.111459024753837954e-01,1.941008949117382443e+01,5.845333737485427505e-01,1.800210190003707339e+03,1.800519182059014156e+03
3.540311600021008864e+00,6.747462587065252704e-01,1.891735719153149020e+01,1.405783965700792559e-01,3.802599646073404074e+03,3.806545610730556291e+03
1.818415727639284940e+00,1.090364588599965101e+00,1.991790602202166482e+01,8.313717614910717257e-01,2.594101740984838216e+03,2.593755265541048630e+03
3.175582020604726718e+00,1.008941886610689176e+00,5.353369257284493088e+00,8.649927061093729552e-01,1.880479959794753313e+02,1.881988771015550981e+02
1.041975469638285690e+00,1.099648480647753779e+00,1.753150212292210597e+01,4.425321730468894099e-01,7.696326179339750979e+02,7.683741510024049148e+02
3.940397360543852034e+00,1.418605624870274307e+00,5.517316862626437057e+00,5.196601678283367942e-01,3.424465895430664091e+02,3.426489862217752034e+02
4.729742705325668872e+00,6.922165671915589957e-01,6.378376913443597473e+00,2.923637470785208636e-01,2.956514494278591201e+02,2.947621041456886246e+02
3.942886737005831588e+00,1.084966646656325251e+00,5.511528818659064299e+00,6.894080207219286383e-01,2.644868977703373503e+02,2.627686093512368757e+02
3.791172061168100349e+00,2.156700858325644177e-01,1.913703529423375826e+01,4.763723202096017406e-01,9.846973838202229672e+02,9.850204970521397172e+02
3.072969299306794522e+00,1.511798114259536474e+00,3.177189756898150641e+00,1.153333657560775549e+00,7.819826584488296817e+01,8.138083611972848530e+01
3.931421228990987782e+00,1.253316992483295422e+00,1.272178803885626763e+01,1.192439558944275335e+00,2.586310099213208559e+03,2.584579336412319208e+03
2.588627116001150252e+00,5.576336752683292985e-01,1.722223707298166762e+00,1.136756663894645664e-01,6.431923671673887455e+00,5.129199909845494787e+00
1.659087961459056348e+00,1.686518046267171833e+00,5.336722654280789513e+00,2.040365139900355840e-01,1.800241971494456550e+02,1.799448810044622462e+02
4.003951398850325027e+00,1.184035143169424709e+00,1.551214993960292787e+01,9.083868187348075329e-01,5.743249538186287282e+03,5.743756291492170021e+03
2.826526866540570726e+00,1.315276774725681275e+00,1.813448607014322533e+01,5.534336337495128211e-01,6.487536073437402592e+03,6.490136122578343020e+03
4.663229444968373549e+00,6.750901590773685790e-01,1.097706496072857973e+01,3.387685962981372700e-01,9.512921319195863816e+02,9.499952033736966541e+02
3.140181873215611930e+00,1.332522845498707031e+00,1.428640333228518600e+01,5.819936914036705211e-01,2.907843051142751392e+03,2.907561446302435343e+03
2.902975398502596338e+00,4.234334822617079053e-01,2.366109879367234381e+00,1.157422390556219982e+00,-1.064612257434932552e+01,-1.224315396799470790e+01
6.746180144960260971e-01,8.669208343402607930e-01,1.759187358119822875e+01,3.785175423557871621e-01,3.960446311297957891e+02,3.942842863538684242e+02
1.495132404327986109e+00,6.535271269380910075e-01,3.440489522575281178e+00,9.281739921205380828e-01,1.511554326109630608e+01,1.415654997937186188e+01
3.733976294839698173e+00,1.931009792060239150e+00,5.813707496626525639e+00,4.060315659071810357e-01,4.806831280713130354e+02,4.784352455482038522e+02
2.474964413445310818e+00,1.784804339062098677e+00,7.225686823767539124e+00,5.392558459753685751e-01,4.693497243162481141e+02,4.702232548995476691e+02
4.665675414261125198e+00,1.429904701550587465e+00,6.839297768667414346e+00,8.820029333328707200e-01,6.269171665983064941e+02,6.289975243381772998e+02
3.268340866150002633e+00,5.275827060210043218e-01,1.200892388460333926e+01,7.994281304082972994e-01,5.864485966379781985e+02,5.853878736919575658e+02
1.687620951309857453e+00,4.805036183024817276e-01,3.108109379152653506e+00,5.453368031361172097e-01,9.421094958423614329e+00,7.984378672761131668e+00
1.602920696228454567e+00,7.560477022154716842e-01,1.666581085803633400e+00,1.405189391762153850e-01,5.091463166702099308e+00,7.703474571684159500e+00
1.811890066083513551e+00,5.759691050300065340e-01,1.824729388061690116e+01,2.452503564005730774e-01,8.663185595138177177e+02,8.658513858698950116e+02
1.476958715575486636e+00,5.976888797343762327e-01,1.584469214125325998e+01,2.379975498144581980e-01,5.129850011392536544e+02,5.159158218183505369e+02
2.892255911190822371e+00,1.148323799520471589e+00,9.551296613530807278e+00,1.497617801309766294e-01,6.647260599132321204e+02,6.588943655597436191e+02
8.807306518362536529e-01,1.289313323399939870e+00,1.359202766451787836e+00,3.404721395978774212e-01,1.596516119098570163e+00,1.220807692513566689e+00
3.102841273371209407e+00,1.198017705447580239e+00,1.644781178645127540e+01,1.416709606698884905e-01,4.262545056067049700e+03,4.260463459514446185e+03
2.430356683119154315e+00,1.677893383809391459e+00,1.886276299553013303e+01,1.131490087302925662e+00,9.080222577170716249e+03,9.079107687464609626e+03
4.454754418120734805e+00,8.789485929324736269e-01,5.110928652766428826e+00,8.300700412805648298e-01,2.017051278531687331e+02,2.032694263423479697e+02
4.508360958777935856e+00,2.784754841591129404e-01,1.651306662961270888e+01,3.220118655786217143e-01,1.090139536861654506e+03,1.092252987151761090e+03
1.837185775717018910e+00,5.884134291497323810e-01,1.904275612390789618e+01,7.237507142905977853e-01,1.002900167334744651e+03,1.002502369677757997e+03
1.358603004880608811e+00,6.851384067581777204e-01,1.904321786835250663e+01,9.483806132093128838e-01,7.891822270114906814e+02,7.910040480288231493e+02
2.398924739972792874e+00,3.219197232314145452e-01,5.609400342662299366e+00,6.866941477028254415e-01,4.544491363197695222e+01,4.315264846521683495e+01
2.778476786259813203e+00,2.969480840882064432e-01,1.256370324018530482e+01,7.254101440710509774e-01,3.221522761198497165e+02,3.226427127425421872e+02
3.699402463597971202e+00,3.079391258269763565e-01,1.727856191066214819e+01,6.315060459142984861e-01,1.024344119274825516e+03,1.023982226605689561e+03
4.868262863229846360e+00,3.990805982787462014e-01,4.035846609921956762e+00,9.404805994368536926e-01,3.725892565397611378e+01,3.380428417921005035e+01
4.527412559120560509e+00,1.104938528619455518e+00,2.663836559401895787e+00,3.474080919581177818e-01,6.448667551022134603e+01,6.623798972799163209e+01
2.286048957101165957e+00,9.850894884819012542e-01,4.411063456269364025e+00,6.777031117944177785e-01,8.920050093312107720e+01,8.780332646075125069e+01
2.970861863399691938e+00,1.760458114767915694e+00,1.860232135712622181e+01,4.746440815668794277e-01,1.653481095499955700e+04,1.653562390970140405e+04
3.115128553310086534e+00,1.533365973944730065e+00,9.350256877441831094e+00,1.112720067893629539e+00,9.049123700635543628e+02,9.033296828189738790e+02
4.455984171507430425e+00,8.401332333586515322e-01,7.241123347105892449e+00,1.288766014395972548e-01,4.352500729346867274e+02,4.355492847474862970e+02
9.750143992257410686e-01,3.941914641365947825e-01,6.425346686030291465e+00,8.834046690286591064e-01,3.207729597538439492e+01,3.325375430605162563e+01
4.170789762780076515e+00,1.228813538496700275e+00,9.756619335346320199e+00,1.861413979525848306e-01,1.180072026788191124e+03,1.180016887755910375e+03
1.681619450404409299e+00,1.931603966045829068e+00,1.731317724255638169e+01,5.528882892735552668e-01,3.365684154001041861e+03,3.364680786709804124e+03
9.837504834550521160e-01,8.607662832244280526e-01,1.994760127414042294e+00,8.627322232434428972e-01,7.379732520025239495e-02,1.236463159894301889e+00
4.910711841053172932e+00,1.935849866013280129e+00,1.040543519167210640e+01,9.193524570269387963e-01,3.822781047629710883e+03,3.823157906233763697e+03
2.062842662634649216e+00,1.017812321542439946e+00,1.500659430210614254e+01,1.042375882671791931e+00,1.147995350629066706e+03,1.147109883435556185e+03
3.865305487250926486e+00,6.619767120780698511e-01,7.793150007789790834e+00,8.624203872128382020e-01,3.345385927335767065e+02,3.345822801251368332e+02
2.135396705802998785e+00,1.324166527029200013e+00,1.024354842620194717e+01,6.051460202288247991e-01,6.310322967026561400e+02,6.308265241514784520e+02
1.808049274270634665e+00,1.714256270517990233e+00,1.168437083820903055e+01,4.177127757259335716e-01,9.238842191520127471e+02,9.231618767655946840e+02
2.944944793483580181e+00,3.828553994156113083e-01,1.204627105528355102e+01,5.256491490135211109e-01,3.984043234486118195e+02,4.001676949953672988e+02
1.548260190231888656e+00,1.843883973722756142e+00,7.113732283497906650e+00,9.395564894721346594e-01,3.044920365298560228e+02,3.079298253100926672e+02
1.599908674066751413e+00,9.093568146884738468e-01,8.297828570127286696e+00,6.881485831492786254e-01,2.278287743608341032e+02,2.267696817575481987e+02
7.288794334083865678e-01,9.098427751721174239e-01,1.513240098204822814e+01,6.626289236580014119e-01,3.375906664207391259e+02,3.373178042118572648e+02
3.715761020423903993e+00,1.451648838437003208e+00,9.036993164633258857e+00,3.981392545067657940e-01,9.905921430798591700e+02,9.886773745719599447e+02
4.646100661427701617e+00,1.680142306692301135e+00,9.677667119362334702e+00,1.831751741810756506e-01,2.067108166265956697e+03,2.064411821969932134e+03
5.222261172470755719e-01,4.000840584116851506e-01,8.422689641891349055e+00,4.389794932225522528e-01,3.521728139964015014e+01,3.745149565754297072e+01
1.797544876812961157e+00,9.757015410706757486e-01,8.823678788789690586e+00,3.437147664423160220e-01,3.081392867535361688e+02,3.067643614007843098e+02
4.414136405827211895e+00,1.524085992198961126e+00,7.637913810764189293e+00,1.618611745320017448e-01,8.518229618718218035e+02,8.524693997659115894e+02
3.204324988855372869e+00,1.014468561697939863e+00,5.782859769684227658e+00,1.716835268907286605e-01,2.431048554564591768e+02,2.403632733195344429e+02
1.078575641057738732e+00,1.955817350887609773e+00,2.286753529830206411e+00,1.829199826696011888e-01,2.255565035522722184e+01,2.124637457169566090e+01
1.581779071276130377e+00,1.361734778717122119e+00,3.323636027108106461e+00,1.126303185169619914e+00,4.070452839171272785e+01,4.161869404723304200e+01
1.433514209148673668e+00,4.597425461510008526e-01,1.325171481179579125e+01,3.760799014610209934e-01,2.793132156455839663e+02,2.802302787069123156e+02
6.523141154926717089e-01,3.930977038586493943e-01,1.342016861688533291e+00,1.344516481522870510e-01,1.281421521644274253e-01,5.643317903075352193e-01
1.078681465934117067e+00,9.724906970488711444e-01,1.775047105317639762e+01,5.666691040103017940e-01,7.266339762534630609e+02,7.274182535375557563e+02
1.071906144327991584e+00,1.223531859893374207e+00,1.239706263642748496e+01,4.344060892158774223e-01,4.348944387668923923e+02,4.352966057293072026e+02
2.767089392157579653e+00,1.005481310431788788e+00,1.618468262180219952e+01,1.005082538477219400e-01,2.347878201878906111e+03,2.349851390441908279e+03
3.957112625115523752e+00,1.721821690677311167e+00,5.150376618460094313e+00,5.544735276120470457e-01,3.541401914668371091e+02,3.575044228245370164e+02
2.835980915533732105e+00,1.302036164353197467e+00,1.457003875975361495e+01,3.380347213512300275e-01,2.483953232041400042e+03,2.485048178439581079e+03
3.453078186956049844e+00,1.876082625543315174e+00,2.803085931723944491e+00,1.541140864584587822e-01,1.073699848587640702e+02,1.071142559974942543e+02
4.476711150190680222e+00,1.863098141283466624e+00,1.896252668873007252e+01,9.265768551983912804e-01,7.952646281709222239e+04,7.952437563298747409e+04
4.013710551829364093e+00,1.164231097562735462e+00,1.703617000179538366e+01,1.118224155655545893e+00,8.993185049452718886e+03,8.992180251433499507e+03
9.489169524975433756e-01,9.074512702855082047e-01,7.340492304251545086e+00,5.089152968956960343e-01,1.098099948952799991e+02,1.091295686919786050e+02
6.208337063861002481e-01,5.253167537420443400e-01,1.332134570894398351e+01,4.807454268674533626e-01,1.416160095721666892e+02,1.444620212742626961e+02
4.684323497800098046e+00,1.464408369319664338e+00,1.632357462679672722e+01,1.098406647442780271e+00,1.871199828946847992e+04,1.870887022009639622e+04
1.673505262051568021e+00,1.331987088300940814e+00,1.067444483569553348e+01,3.668513582276677898e-01,5.415389723730169180e+02,5.399123515086805583e+02
4.384616393218404795e+00,1.153061240291036738e+00,5.418624491830500212e+00,1.507044100873063674e-01,3.172042416482252065e+02,3.151089138405610584e+02
1.285224845570020591e+00,1.845656655100540222e+00,1.174856496116819926e+01,1.199493586205746087e+00,6.764067275463522719e+02,6.781027990048272613e+02
4.456986107940592134e+00,9.245606997596444998e-01,5.294124008274581072e+00,5.937074605047225617e-01,2.369186069979148499e+02,2.354910292758553396e+02
2.481432547919183662e+00,1.101974659800658785e+00,1.279192486384981287e+01,1.191667150394012831e+00,1.049591786580088410e+03,1.045882762268210399e+03
6.301066780267781109e-01,1.130137061549841615e+00,1.715663273108560816e+01,9.122955981989780971e-01,4.427336201313434003e+02,4.385847745798822075e+02
4.950642797912922610e+00,7.696809960212709356e-01,6.525794683030125221e+00,8.624493415270884089e-01,3.315785493966513968e+02,3.321502614110488025e+02
1.025921833856077159e+00,9.970320545396493817e-01,1.449232968144718114e+01,9.461575021549919473e-01,4.627565520845015499e+02,4.594439455704231818e+02
6.063881392564787198e-01,9.931478187180100559e-01,3.386490928060890582e+00,5.763582479624537180e-01,1.271031701232081090e+01,1.485869280710471330e+01
4.103880922589501878e+00,1.194372771446388315e+00,1.197421261031811568e+00,9.389235882492368290e-01,-1.753714876888648178e+01,-1.546541682573056420e+01
1.967524685178988042e+00,9.988651948053948182e-01,1.005896269176156110e+01,9.367364715452606294e-01,4.280819240806350763e+02,4.257576690229919336e+02
6.426181400617712036e-01,8.170987021239914938e-01,1.884104217407503512e+01,4.137529452616788284e-01,4.068300090322882170e+02,4.060911917685033359e+02
5.546235535815131623e-01,5.554839825197912528e-01,1.872529095442067515e+01,4.931278512118908441e-01,2.521836654500320947e+02,2.521630514460584891e+02
2.331902941667350682e+00,1.742845187885559755e+00,3.721568555175643667e+00,6.595152382457966089e-01,1.136996706765168312e+02,1.106464251350546277e+02
9.741913435393207976e-01,1.128580952143000360e+00,4.907461163742201649e+00,6.076773938223212213e-01,5.801607780967762551e+01,5.547757281897150961e+01
2.084762262552213308e+00,1.744343867272115878e+00,9.262561026451015422e+00,5.474602541657319632e-01,6.481227118385652375e+02,6.467816565368688089e+02
3.589258886394807391e+00,1.908591077969278738e+00,1.568305748044362780e+01,1.112958351278109381e+00,1.301087786571865036e+04,1.301072636165653967e+04
4.779360353988169052e+00,7.284691716893825220e-01,1.710429515376794996e+01,1.893968555305793888e-01,5.512105986941121955e+03,5.512574103581396230e+03
1.820684682390617315e+00,1.279843841360581935e+00,1.770015996607859421e+01,4.032235244020756504e-01,2.163129450399073903e+03,2.159291666007377898e+03
3.089963926598228827e+00,1.905260237694427428e+00,4.183026216465580482e+00,8.439527857683646328e-01,2.011743835637076074e+02,2.015690287635075322e+02
3.668384939562377767e+00,5.667654590968470574e-01,6.932012450396444869e+00,7.989114304428481805e-01,2.158279262722109308e+02,2.155109994321031763e+02
4.074417496845397224e+00,6.740856169027268363e-01,1.780133270408144597e+01,4.512705375701110411e-01,3.958724168052324330e+03,3.958106042252328734e+03
2.721298993155667922e+00,1.219852761194066604e+00,4.968051460470949365e+00,1.135934666694764950e+00,1.639527456527397078e+02,1.629417410415788936e+02
4.060215233083977360e+00,3.720848400786884724e-01,9.301782425432159940e+00,7.888671843498590297e-01,3.029608937281980161e+02,3.049257441665249075e+02
2.577896780446180092e+00,3.715434273070250537e-01,8.901437069096516552e+00,2.858321067796791293e-01,1.865312964605047910e+02,1.895641092808820645e+02
3.844440244361266856e+00,4.093989523561742394e-01,1.708026017544589337e+01,7.401525284072840716e-01,1.454301307762170836e+03,1.453294085910208651e+03
3.355111147669417537e+00,1.894755831888046638e+00,1.727086572167025125e+01,8.759177234627443243e-01,1.833242687005807966e+04,1.833199334220570017e+04
2.590666533639287117e+00,1.861092841476917892e+00,8.480332538837465961e+00,1.004134880227051552e+00,7.102249651529626817e+02,7.069572297041404454e+02
4.416694816471678386e+00,1.941020820136685865e+00,4.487097956767201801e+00,9.993524556698505368e-01,3.154784974025446331e+02,3.145791193108316293e+02
1.906690177858509916e+00,9.398178116796647164e-01,9.370595357590525865e+00,1.110608695797125206e-01,3.564322622251056600e+02,3.577133669121356547e+02
2.116922089587172984e+00,4.493680829921765096e-01,1.429551053712300046e+01,1.087457627743483979e+00,4.579586044082136596e+02,4.576634780223525922e+02
2.672369039055415119e+00,1.404503222499154047e+00,1.880404579473013627e+01,5.402222451595894981e-01,7.764350415681856248e+03,7.764972448228238136e+03
7.755126620639986035e-01,8.737772419851099759e-01,1.838730194156405773e+01,6.839559341450702767e-01,4.936748429563149898e+02,4.933666694492842453e+02
3.162439495806277368e+00,1.010503456074663520e+00,1.556200516227238850e+01,2.215534363203022217e-01,2.630309047431511317e+03,2.630421569578949402e+03
6.089199331052373987e-01,4.373725521458871057e-01,7.535811097158742200e+00,8.016629468196256880e-01,3.364219553857653011e+01,3.489500050055548996e+01
4.398509029151131955e+00,4.315633556460923836e-01,6.448234561345906890e+00,1.396862498587816692e-01,1.896910173837012223e+02,1.911467344996983400e+02
2.068219799129040304e+00,4.903094905063715148e-01,1.579355369592315839e+01,1.703383676146731363e-01,6.175959247371663423e+02,6.136336449292841735e+02
4.496844673344649657e+00,1.784731599672104707e+00,9.788708362024157950e+00,8.220024025676758717e-01,2.203224386075968596e+03,2.202730305819308796e+03
1.172213439192348217e+00,1.527780693554170233e+00,8.105401168408848278e+00,9.171745032757336880e-01,2.595424567539001828e+02,2.536696431274719714e+02
3.723117318336604864e+00,1.422312495325253945e+00,1.827975452774152387e+01,6.022964944275194243e-01,1.722787402930621101e+04,1.722785249927649420e+04
3.134810729217355707e+00,1.014081237665849233e+00,1.553142807838558603e+01,6.936247969765750865e-01,2.568070107673528582e+03,2.566934526550538521e+03
3.050624746028623768e+00,1.586133628968614540e+00,1.877757601557808087e+01,4.640687383268639055e-01,1.464376011935849237e+04,1.464253417877799075e+04
4.579451859488105292e+00,8.181004294342029137e-01,1.318072569463037969e+00,1.534461596673644401e-01,7.044213095562474436e+00,1.012567302560869820e+01
8.904091498145840777e-01,4.243927056477891924e-01,1.453935163148558729e+01,2.381011470064674507e-01,1.971005644355705044e+02,1.977835575164567956e+02
4.629842360744623520e+00,9.210520709163014796e-01,1.659571912481550271e+01,2.848371705275489774e-01,6.964362292924843132e+03,6.966595089009605545e+03
1.762236158625924087e+00,1.459534321769560883e+00,1.672038823323951817e+01,1.088531145166469205e-01,2.043193956580335907e+03,2.044422090242264630e+03
1.642212296640235714e+00,1.435999411431799100e+00,9.151698865624291912e+00,6.508381476535571863e-01,4.182790509650342301e+02,4.216280093505819764e+02
3.581106715382225580e+00,1.973206386258708145e+00,1.368128561725034054e+01,1.121123311664156796e+00,6.772519451455094895e+03,6.772011252234126914e+03
2.359348975720674702e+00,1.314899324187876362e+00,2.026242338241487140e+00,1.119392048334431067e+00,7.204443062719228408e+00,6.682250904172309269e+00
1.103430053002473210e+00,3.464910914644372952e-01,5.157333456895740298e+00,4.901993122430633454e-01,1.965470387538930908e+01,1.945826614838291846e+01
3.011154591886906040e+00,9.768492999484934547e-01,1.002572362990047239e+01,1.159697664791008220e+00,6.390527940660720105e+02,6.439373986623039627e+02
4.441852678897816986e+00,1.735928640308512128e+00,8.025723607347655886e+00,5.533674798434843334e-01,1.115894593906862610e+03,1.115013299765098736e+03
5.397870499983064008e-01,1.771985317721147757e+00,1.540932081661878117e+00,7.458534403881736941e-01,1.296996849823193187e+00,1.342321002473561897e+00
2.310953544050878605e+00,1.879992526649359785e+00,8.385034335388528604e+00,1.137762495387737660e+00,6.176177679388033539e+02,6.203597807736774712e+02
1.306199110858021317e+00,4.412297381450207556e-01,2.293305285801953808e+00,8.286127310582056538e-01,-2.691604285370063465e+00,-8.509028987939779576e-01
3.688858408535086397e+00,1.433361302352244682e+00,1.052096180978370121e+01,7.741153623307320819e-01,1.473581889967174675e+03,1.472586099385594480e+03
4.041964223505395637e+00,1.262020504116529107e+00,8.112767153784144369e+00,8.517642607586523029e-01,7.071761556643975837e+02,7.106609708659588023e+02
1.137211685743680478e+00,6.959836386866440350e-01,1.858410378847725042e+01,2.174411092099821086e-01,6.199795781940217694e+02,6.209385315416535605e+02
4.300257723953219369e+00,5.031152532071584416e-01,1.311972481639903876e+01,4.114052861939458960e-01,1.000495328903161862e+03,1.003387873991204515e+03
1.905253298724067346e+00,4.639650107488588748e-01,7.468682600258567561e+00,6.775990116815877595e-01,1.122833542516099783e+02,1.134937805100469603e+02
3.874401410982291072e+00,1.113883024906213048e+00,1.384253518799664029e+01,7.069315973281327103e-01,2.894048776196995732e+03,2.895604061763900518e+03
1.079599217362850583e+00,1.649905653409448725e+00,1.003552881760578686e+01,1.051659574327683117e-01,3.884992492774640596e+02,3.870142216303456166e+02
2.630315260452565251e+00,1.796599733391363252e+00,7.708810106577960397e+00,1.246756398265086996e-01,5.821849516195659362e+02,5.850214879737466163e+02
3.421575685828022184e+00,1.809516919003797186e+00,2.527928819226434420e+00,1.065789062059401493e+00,5.817212700854292962e+01,5.677018979191021231e+01
2.727529940306429257e+00,1.822359021012130320e+00,1.251436544057783173e+01,1.194307488909296611e+00,2.238901193674882506e+03,2.239054946515626852e+03
3.601722504236820832e+00,6.078126405370667396e-01,1.946708767459228895e+01,4.338549778186834294e-01,3.734772849041715745e+03,3.736947328135690896e+03
3.988783355373405115e+00,1.633537358842315212e+00,1.246966736142758947e+01,5.398764277272808387e-01,3.901000234717800595e+03,3.900321429654787153e+03
4.677752442067935945e+00,1.996498477501716717e+00,1.961845655076411177e+00,8.444248643529171927e-01,4.363146027115506342e+01,4.387025717843872030e+01
3.420786110183724471e+00,8.264007493763649848e-01,5.038909773045702423e+00,4.929083041636177498e-01,1.529483568795930069e+02,1.529649397961082684e+02
1.291775758487466508e+00,1.070347684423604839e+00,7.399369207280512839e+00,1.152360656542688488e+00,1.700797006276181946e+02,1.703931766575613267e+02
3.956507181234605763e+00,6.405703570507069733e-01,1.684319293277952312e+01,7.144534632995820367e-01,2.705134536109988858e+03,2.706315178403260688e+03
2.406844972944006678e+00,9.279688867913589156e-01,1.974323954411016047e+01,4.848498945414850825e-01,3.406249262096207076e+03,3.403253040157174837e+03
3.643667002543105049e+00,1.332225824878469078e+00,9.926485069059145516e+00,3.672940621960096852e-01,1.125059113324989539e+03,1.124010806041868364e+03
3.601401034148948632e+00,3.572450007324111110e-01,1.251141454768376171e+01,8.045636402525411235e-01,4.969979593330917282e+02,5.011288624361708344e+02
4.492810501369556064e+00,1.819805121575852169e+00,4.787402901463570615e+00,6.750972606079495009e-01,3.548022768929064341e+02,3.508949329070653107e+02
3.151717170980315341e+00,1.093521132658861417e+00,1.134633390470426662e+01,6.391327098327940215e-01,1.048154117941280219e+03,1.046880281789645096e+03
1.532633541745499706e+00,2.246015860152570376e-01,1.220610063052166971e+01,1.998294338668541448e-01,1.325418158358244511e+02,1.341387361230308670e+02
2.328114983693656548e+00,5.969951086193783230e-01,8.089588071326735630e+00,1.099746407734738529e+00,2.019153422666938127e+02,1.982332951485962553e+02
3.292788171822879750e+00,1.844277144256643020e+00,1.776351248180918319e+01,8.748058705607617558e-01,1.914867342081465176e+04,1.914694987492512882e+04
3.068648081676568662e+00,1.708048792890159984e+00,2.749034933613805798e+00,7.109533649624446561e-01,6.875313412638693933e+01,6.714601650835767543e+01
1.371322032394170609e+00,1.890305138658938011e+00,1.024098270204146210e+01,2.861902389293979887e-01,5.651838168179787090e+02,5.683183926249403157e+02
4.208144975431470591e+00,1.117116075958350940e+00,1.685189264472912640e+01,4.387066282421211438e-01,8.821624728200518803e+03,8.819887326713018410e+03
3.107559971539567645e+00,1.482762257783480919e+00,4.553122316625522359e+00,4.123051854818585715e-01,2.006404250843805244e+02,2.019045339235893266e+02
3.095606206960828999e+00,5.745429523564782315e-01,1.459021706431776977e+00,4.248782274199073283e-01,-4.368910119953618221e+00,-5.628656364411940061e+00
1.422942106045724575e+00,8.284777602642754424e-01,1.268697754191389926e+01,3.451486640838936637e-01,4.247429018948442945e+02,4.247638045237843016e+02
2.712299885973214586e+00,1.300835438375929964e+00,1.696235418900788261e+01,8.096972926273791060e-01,4.194804942179204772e+03,4.192539159599086815e+03
1.709134044287628384e+00,1.850576480475386809e+00,1.039398234116213793e+01,1.139594785749710404e+00,7.073514536201842020e+02,7.044090397463321551e+02
2.008929501719684652e+00,7.697174151254586594e-01,1.590534245185894946e+01,9.905593060012581885e-01,9.399996884513884652e+02,9.390627531489953981e+02
2.038494643104080239e+00,3.598594031429837026e-01,4.094694107315390852e+00,7.009200755202437128e-01,1.638887443477283412e+01,1.363652268125384381e+01
3.225627623571365898e+00,7.061458502747006705e-01,6.810206184430247944e+00,1.637472200686534984e-01,2.452230924338076647e+02,2.448701963027843647e+02
2.177543136641903132e+00,3.636641913344377253e-01,3.320272510168255753e+00,1.161466593991544727e+00,6.819602202584800210e-01,9.185152604267124987e-01
4.549577072135816636e+00,1.446756120529550271e+00,1.539212908960281823e+01,6.905608418276851790e-01,1.190402719457730200e+04,1.190484475347529042e+04
3.878419594420665639e+00,3.100102828892045692e-01,8.791766475489065868e+00,8.509949931713685078e-01,2.123745080997335890e+02,2.154287415600759346e+02
4.912728214412409145e+00,1.180225515393822588e+00,1.771111374176736142e+00,5.610720584307276049e-01,1.396975332344138643e+01,1.680636541194115097e+01
3.252380003961309107e+00,1.047773706845514630e+00,1.170631896824836460e+01,3.551555138891425711e-01,1.141890453692330766e+03,1.139682084994408797e+03
2.436450424503326495e+00,1.598578632411349787e+00,9.176765172189840669e+00,7.194658021824406058e-01,6.852016012752576444e+02,6.837016676399290418e+02
2.267910899833155192e+00,7.289893029280096748e-01,1.278768761713814683e+01,3.712962390097539478e-01,6.199380308775425874e+02,6.233164237960460241e+02
6.659477434998468670e-01,9.734343795369275743e-01,1.746904212590875360e+01,1.126374878781475131e+00,4.229934652115771314e+02,4.228828562006071934e+02
3.668984374129475867e+00,1.395079797983032277e+00,2.310956827080269615e+00,8.994678536304379080e-01,3.240995956886425233e+01,3.163691080146108447e+01
1.920888163949653116e+00,1.685609528941697466e+00,1.786110188962505063e+01,2.614319147013441924e-01,3.978852844596816794e+03,3.980993321246476626e+03
6.020710258675791016e-01,6.395217262321665208e-01,9.483514239902266496e+00,5.290930135260717426e-01,8.416833824444972834e+01,8.291727403067284285e+01
4.606747404059953865e+00,1.932071056258905628e+00,1.546196828811116575e+01,1.338962906920838358e-01,2.578169548690841111e+04,2.578356091899892272e+04
1.563691385128126221e+00,1.045966878264529942e+00,6.738440505412114589e+00,7.360269474175707982e-01,1.671803736908582323e+02,1.665747296828261597e+02
9.205956558230234954e-01,1.530573894823152203e+00,1.166913820488624332e+01,8.142316965529100559e-01,4.078896572880798885e+02,4.104772992193807681e+02
3.822062414672178221e+00,1.097066528405321373e+00,1.638948077044032203e+01,1.577490713224585506e-01,5.773347865748600270e+03,5.773055270463108172e+03
3.971539103215070199e+00,7.725647788735736654e-01,1.380186242773939398e+01,8.795770634080095629e-01,1.725097764583359321e+03,1.726735519069430211e+03
3.971283737178900264e+00,1.217371607994690352e+00,1.314917094294546196e+01,1.512483661820170910e-01,2.891829848627774027e+03,2.893945902891627156e+03
3.271762019381753817e+00,1.327090459868764727e+00,7.544977832833336784e+00,3.999347708418521385e-01,5.160593589085237909e+02,5.192891549029709495e+02
6.179208513268791281e-01,1.936642916478755305e+00,9.852192260959183656e+00,2.265209487196100935e-01,2.636537678641384446e+02,2.620589424783150889e+02
2.905018478747999122e+00,1.077262082922028297e+00,1.367515815477407060e+01,9.224103236017539009e-01,1.568687559171970406e+03,1.567918524404500886e+03
4.823132618796758919e+00,1.721868352669952973e+00,1.754096097576719515e+01,7.616494587071505062e-01,4.895799268984427181e+04,4.895515694680642628e+04
2.548445879946883430e+00,1.982219190417500609e+00,3.084461765292381585e+00,7.080632610828396789e-01,9.130526314038235114e+01,8.785764660642706758e+01
1.834628579833984086e+00,1.623786998438564666e+00,7.811608807553300338e+00,1.787416718793483905e-01,3.886709016567418757e+02,3.876749310652660370e+02
3.008159406953403447e+00,7.900264961342484682e-01,4.554841747590917755e+00,8.700759984687066462e-01,9.423748207244094033e+01,9.455492265988323197e+01
3.345394744274518217e+00,9.013996872308165376e-01,1.851573169289878962e+01,1.305729230782314287e-01,5.119731498889225804e+03,5.122236133965567205e+03
1.839113439096059288e+00,1.782999677772545422e+00,1.736939170411550393e+01,2.095760450330361735e-01,3.567730031611590675e+03,3.566896179415000461e+03
3.987042503890403822e+00,2.447967361694587118e-01,4.552296143560390362e+00,1.042582908349452886e+00,1.574081550112927275e+01,1.956079694374018274e+01
4.286832416306726401e+00,1.017636358813041486e+00,1.369520883261966304e+01,5.851036165446010795e-01,2.930759239496796454e+03,2.931121424341533839e+03
6.091436433198298417e-01,1.850749199216831231e+00,4.181206865630405112e+00,7.286695167950394403e-01,4.242438254728080693e+01,4.418426509891445164e+01
9.520141560168332573e-01,2.717459419686696909e-01,4.790947642904417769e+00,1.116717345701116804e+00,5.928766490730779104e+00,5.414036591913987451e+00
2.752605214458970995e+00,1.336219497957428892e+00,5.807315604090114824e+00,3.911641513497283729e-01,2.657855997891718403e+02,2.632670782050162188e+02
7.652308491196805340e-01,1.076757834865851082e+00,1.308033397339494996e+01,2.338299848093827460e-01,3.176316491593078126e+02,3.207961876234571719e+02
1.381426271975936038e+00,9.759470572790061027e-01,1.242373485991512094e+00,1.052519418642674065e+00,-7.339476018184878825e+00,-7.924056528676294953e+00
4.426613916820764771e+00,1.544055157867514350e+00,1.650347916474459709e+01,2.052251374783354287e-01,1.925190537918462724e+04,1.925412522087028628e+04
4.993525584384353344e+00,1.653109758367816484e+00,7.823984135132933559e+00,1.150142247534039486e+00,1.128815203392623971e+03,1.128070835382495034e+03
4.290983840173399955e+00,1.398834302086662040e+00,2.829378949462615367e+00,4.366832608557990048e-01,8.928482443260536172e+01,9.045290602569845362e+01
1.240179441024160889e+00,3.462635313545235904e-01,1.722833905434473323e+01,6.219839866330376665e-01,3.109754373237274194e+02,3.106505088967148254e+02
4.117500664997948867e+00,1.705633378652676502e+00,1.255986997470418842e+01,5.953968776908465932e-01,4.687707795866823290e+03,4.687007734797170087e+03
3.118861351900570344e+00,1.700858226680985519e+00,2.888192078941791863e+00,9.663561326843266297e-01,7.370911655434497334e+01,7.340332860441310459e+01
4.976789155443187340e+00,1.099202444263511547e+00,3.424177992047483521e+00,9.385115234484632252e-01,1.050644592657471463e+02,1.064206196058102307e+02
1.771033489707914521e+00,1.701387875510234293e+00,1.637232458144958258e+01,9.543910394973480482e-01,2.413353777283519776e+03,2.410928279768160337e+03
4.554743720223793702e+00,5.534257006010572244e-01,1.664759251144264596e+01,5.222710871877395133e-01,2.737859162730085700e+03,2.735901464042285170e+03
5.726496288409324009e-01,9.948797176835710854e-01,1.561026640777896013e+01,1.228388151006044593e-01,3.118999071079254577e+02,3.138563537937712340e+02
1.498917839491614057e+00,1.089268068471836770e+00,2.898643003052078448e+00,1.742119950624065328e-01,2.864878894372165519e+01,2.716762577839401871e+01
4.569470265467025172e+00,8.844079985367785390e-01,4.611111762259733737e+00,9.972352996827908989e-01,1.596195614287710498e+02,1.599737191479904652e+02
2.794544198886035780e+00,1.490312738234883527e+00,2.885211277189392742e+00,1.025394580306548509e+00,5.468301956996496926e+01,5.197122145434673968e+01
1.437938455752730604e+00,1.945859030773297027e+00,6.689374129028394123e+00,5.657349193276859367e-01,2.705451084618023287e+02,2.700971161435385852e+02
3.649686810685816241e+00,4.655756822491490254e-01,1.284752474301946457e+01,1.063709593805802101e+00,6.887288664773159326e+02,6.909095411904529556e+02
1.932769020450472830e+00,1.070143677747059652e+00,5.078745303566800651e+00,2.635217076350568899e-01,1.215799088593879560e+02,1.217300015387944541e+02
3.151233928406308671e+00,1.305829878554081169e+00,2.423807952029509938e+00,9.895976008435847238e-01,2.807440508254450862e+01,2.847132178326713969e+01
2.370390510970554310e+00,3.131939409281871423e-01,1.563488363933148229e+01,1.045512326213085874e+00,4.531805517917157431e+02,4.523725245590377426e+02
8.619904528996491511e-01,1.710433696411845395e+00,1.056315794861363599e+01,6.892211310839556626e-01,3.547937734215485079e+02,3.549687399483030958e+02
7.877535833733690929e-01,4.021840362131167135e-01,1.688534604876197776e+01,6.972966906209274729e-01,2.179600222005558976e+02,2.143698958929939806e+02
4.610389746570333180e+00,4.278631952972379304e-01,1.574895952233229757e+01,9.359890980935596794e-01,1.584815426138842213e+03,1.581518771140339823e+03
4.408677495720775497e+00,4.081336420250557540e-01,1.144111230499346821e+00,2.057757438467919253e-01,-3.838166727352938512e+00,-3.047715101876664168e+00
2.561255277625797078e+00,5.739017841593543334e-01,1.843810529549906363e+01,3.521729684458547727e-01,1.469033160307703611e+03,1.465467957359038564e+03
1.580986036255878080e+00,1.817059405672060146e+00,1.218095726921793620e+01,5.362523357407723568e-01,9.229291867451476037e+02,9.255103600169071569e+02
1.099271634341605131e+00,7.425862761974504345e-01,1.674873150625072782e+01,9.441920598403452658e-01,5.053464365218508760e+02,5.070092138429089346e+02
4.809134221753095240e+00,9.160562442633732871e-01,5.599587405718398969e+00,1.163492837837189597e+00,2.657337069218892225e+02,2.632905074936539336e+02
2.931719695223394595e+00,1.110758942951649342e+00,2.605465947476169219e+00,5.894955261717764738e-01,3.373093504869657266e+01,2.932628636792919252e+01
5.346814046975366663e-01,1.715163746438639558e+00,1.694108972076871567e+01,1.792918894700322174e-01,5.378698493157949088e+02,5.329844461393104211e+02
3.315286202605401300e+00,1.905410090343340634e+00,2.349449152986818667e+00,1.141654704412810251e+00,4.729196911065846365e+01,4.786931460721143594e+01
3.909046165810170947e+00,8.881718964024400975e-01,6.805171037328803685e+00,5.337649268197416363e-01,3.423788197375716891e+02,3.421473205805286284e+02
1.867793104138790294e+00,7.397482597037070562e-01,8.152250219910182949e+00,5.744368504769956640e-01,2.116285729166269789e+02,2.142814842250642471e+02
4.909849507444625338e+00,5.202972397206875321e-01,6.021413482826565300e+00,3.392499811213941507e-01,2.078490363313590024e+02,2.087485020654666812e+02
7.653941184531560804e-01,6.044593237882498471e-01,1.752257126059744508e+01,8.783413048923383037e-01,3.233246383112737590e+02,3.263984676269773217e+02
1.002757542446571559e+00,1.349857292998257741e+00,1.281380617236259667e+01,4.513224779273559140e-01,4.728150497008977595e+02,4.745235288426300713e+02
3.217243115986097024e+00,9.232881472613616580e-01,3.339756585941780820e+00,9.597556826827933207e-01,5.046084141056640959e+01,4.852241687513657808e+01
2.581204571879977205e+00,1.696772012787616690e+00,1.833397059672696372e+01,2.524848925304074010e-01,9.420951623261449640e+03,9.420533786245156080e+03
2.163171408975606447e+00,9.652975959947724949e-01,1.428225022784499565e+01,7.451367486671490736e-01,1.010960261447998619e+03,1.009221234262873281e+03
3.633651077351194747e+00,1.828074288274280645e+00,2.543318196035807333e+00,1.051573044213574448e+00,6.391072389149469757e+01,6.322947624219037976e+01
4.680100172099318279e+00,1.347587566942300530e+00,6.412126300722821526e+00,2.329724754891387972e-01,5.361219961546186141e+02,5.350381174597830523e+02
4.371711883200068982e+00,1.403315615326029109e+00,1.093905440756215697e+01,9.915652467742678278e-01,2.150502097019080338e+03,2.149984114032665275e+03
3.769758198060817023e+00,8.404363185620671306e-01,1.536251842485692087e+01,9.450350989346463226e-01,2.614882188869532001e+03,2.617545552256573956e+03
1.801984454384089496e+00,1.700861316602847451e+00,5.887651053952071223e+00,2.913292026399184609e-01,2.341927031426594681e+02,2.330322572061306516e+02
1.866089425357582599e+00,1.683644203461069244e+00,1.784528759554917698e+01,1.520388645185507537e-01,3.715819328406996192e+03,3.713372117061871450e+03
1.301669067632288623e+00,1.987009877176655115e+00,7.944127189914812703e+00,7.293367654416987866e-01,3.449789919439929236e+02,3.436582769726514925e+02
4.440603026013564048e+00,1.903785193409511578e+00,1.817388249773638620e+01,3.370025249337180728e-01,6.185328569192318537e+04,6.185227351476750482e+04
3.545696020372112844e+00,1.313430020686356059e+00,2.429907894597137741e+00,5.618161318088191747e-01,4.271660511276457584e+01,4.149480192750486651e+01
3.091024352768743100e+00,1.430013045161699914e+00,1.505058636047521325e+01,6.182287825739219977e-01,3.952938561801085143e+03,3.952544609411301280e+03
8.157526370273177063e-01,3.542679448601543379e-01,5.854111672770736519e+00,2.769013098538225526e-01,2.218632499975054273e+01,2.127086737718095577e+01
4.318216451731173855e+00,5.878048644489113350e-01,8.690587556312655337e+00,1.104601505245139448e+00,4.164537777907097507e+02,4.186291966788726882e+02
1.151840748754127564e+00,1.777187818762621552e+00,1.298638699271180919e+01,8.388808984932724089e-01,7.197074930324071147e+02,7.214833516295738036e+02
2.792953081250503455e+00,1.643696509694903884e+00,9.450749937236038178e+00,8.999538048340540719e-01,8.816464443191216560e+02,8.800723205826841422e+02
4.709795356520828591e+00,1.621217311708104125e+00,1.115038273471324359e+01,8.033912366383124670e-01,3.400513605956126412e+03,3.402437899888356696e+03
2.108546483977241870e+00,3.754469433669320733e-01,1.453401158457168663e+01,1.130871929751597893e+00,4.010466615320765982e+02,4.038053636783545812e+02
2.559418902008063768e+00,1.152475799198739548e+00,4.782432843710121340e+00,8.997730461340507357e-01,1.371546052905861188e+02,1.371233955439373915e+02
4.751163563698241887e+00,1.940367323334209582e+00,1.967557808401350883e+01,4.778368696010226735e-01,1.407247277886582015e+05,1.407230015705956903e+05
1.838041658220714414e+00,1.775240448980136554e+00,1.627710229233829509e+01,1.133213508339605963e-01,2.729781127783987813e+03,2.730617555644254480e+03
2.535206699999119184e+00,1.993551411212796554e+00,1.820109037227136994e+01,1.131009335255351189e+00,1.250021279145861263e+04,1.250002024400767732e+04
2.215689949609803922e+00,1.356727235358633044e+00,4.565729396700211495e+00,3.900997501625157460e-01,1.368083633073644023e+02,1.374509948810469950e+02
2.332295700633518098e+00,1.527865577019405174e+00,1.121666530978797738e+01,1.123418317721543574e-01,1.016545974573076364e+03,1.014392924680303508e+03
2.440357566273982926e+00,4.194569043716793733e-01,1.152281378020202496e+01,9.751125990040442337e-01,3.183756600817546314e+02,3.225430315005954753e+02
4.959163309924434770e+00,9.337261420067122231e-01,9.186132538829633987e+00,3.515520363242101709e-01,9.167436698853591679e+02,9.163241853383823354e+02
4.124422033055559211e+00,1.615025490524855334e+00,1.138564651206860923e+01,1.196864641312000321e+00,2.803741700035389385e+03,2.804779187939167969e+03
6.836104809917142866e-01,6.518170854736684561e-01,1.462217434921217318e+01,1.197708872190335061e+00,2.224406281155601732e+02,2.212288184072986041e+02
3.241276644640099569e+00,9.662679313020707816e-01,1.460447743260851361e+01,7.775574565781281366e-01,2.023136110884059917e+03,2.023429816695937461e+03
5.528962052118351345e-01,3.512288919327745673e-01,6.458834966800999666e+00,3.314681213990992026e-01,1.830066022574774109e+01,1.369826781318595366e+01
8.523894375175633531e-01,9.732717976196221255e-01,1.690935274480628525e+00,2.409952925740940222e-01,3.145722099851921527e+00,5.293302150942627016e-01
3.124306790248641441e+00,6.682165061079839985e-01,5.297673625977212808e+00,2.551493682632314242e-01,1.331547874620947880e+02,1.281990498324758505e+02
3.292658826410619355e+00,1.409975453119694189e+00,1.200257371070277301e+00,5.114520697946308703e-01,-1.603652298865216430e+00,3.667200419856002647e-01
1.267417571295114342e+00,1.861199481391924149e+00,4.197294269362716435e+00,8.616309872905647538e-01,8.728292684800683787e+01,8.450109330277724951e+01
2.314532230871029217e+00,1.583426686950958562e+00,2.568354255612429249e+00,8.123040416710394229e-01,3.763399676377378000e+01,3.451510162943398541e+01
2.122294306342563441e+00,1.118755038895211662e+00,1.634420545673242486e+01,4.163905122283151350e-01,1.767608825415144793e+03,1.769867037569839113e+03
3.667331245743614243e+00,1.344010017519850830e+00,1.400734749395439849e+01,5.197490531632196209e-01,3.757708722669188774e+03,3.756731435661663909e+03
2.389353367109819271e+00,1.088607917654730084e+00,2.863737248756193843e+00,5.766869745099691968e-01,3.565115781938503403e+01,3.532591470940019462e+01
2.230557083269495422e+00,1.009583420055335301e+00,5.748528721174600342e+00,1.185597553737618881e+00,1.554052357641334652e+02,1.575653539038812596e+02
4.214724298996111784e+00,1.882641024836809063e+00,3.012149069554301395e+00,5.958374411530295012e-01,1.335212770596211271e+02,1.345175148589676724e+02
3.508398101738422703e+00,1.128821232071380187e+00,1.086567056849799151e+01,7.696758137300429015e-01,1.114843710006792207e+03,1.115486901136639972e+03
9.983583356759464511e-01,9.848125960588807182e-01,1.655127517595153819e+01,2.282588278532645676e-01,5.839768849588407420e+02,5.853068897670335673e+02
2.929548067340669970e+00,2.864053264628902418e-01,2.617728602671758331e+00,1.033598943434162809e+00,-1.164886442910524522e+01,-1.552496629969983744e+01
1.511025848072205635e+00,6.257285262559003636e-01,4.945816127141325680e+00,1.990614580762863350e-01,5.298167117550535465e+01,5.559293201641284554e+01
1.714492269198247598e+00,1.719577130495811623e+00,1.710427271203825228e+01,1.538217291433023881e-01,2.731870041282238617e+03,2.734554705302090497e+03
3.257981238570513138e+00,3.179093913024269580e-01,2.268787539634132155e+00,8.321014154040047295e-01,-1.170842233791036513e+01,-7.981856273426126691e+00
4.393312777362954336e+00,5.670640802764466137e-01,1.746581556085716613e+01,2.394304699518630675e-01,3.223205009873251129e+03,3.219040917439109762e+03
2.114707760277771076e+00,1.773323503522813205e+00,1.320835371500596445e+01,1.820997197330955220e-01,1.690049682993088027e+03,1.688379488361234280e+03
2.847835799164933679e+00,1.795588419632887733e+00,7.183670055619892025e+00,1.522495437725235323e-01,5.435334691304065018e+02,5.424406783662783482e+02
8.514455119503193670e-01,1.026644196043929202e+00,3.975782274930093507e+00,8.023441373175845825e-01,2.648017070590695710e+01,2.992908283253038348e+01
3.983585147071486254e+00,1.401206084375984595e+00,1.235328591068908821e+01,1.757849464346719626e-01,2.873135272563589297e+03,2.874305070261475521e+03
1.280309852397821579e+00,5.895403273996313587e-01,6.716102373480728360e+00,4.160739417439580645e-01,7.952886314935818746e+01,8.311875141328407324e+01
2.293296007594307628e+00,1.183913660892293551e+00,8.145158030531000293e+00,7.308163853613337535e-01,3.821597202745909954e+02,3.831058046228563398e+02
1.734894882578430941e+00,1.054142491391389047e+00,1.527048499287764116e+01,7.759682222167028076e-01,9.914283675765747148e+02,9.901902869083048699e+02
2.837136440915088098e+00,1.481759188960229956e+00,8.347710006701010599e+00,8.273686411291253373e-01,6.040585730877471633e+02,6.015051514967526600e+02
1.848067081589368499e+00,1.633694623970574522e+00,1.996915499624556745e+01,5.491226617981935787e-01,5.694943430466000791e+03,5.693848779650809774e+03
2.607395687278104557e+00,5.756058642554824356e-01,1.979845896639676894e+01,2.026796687833154198e-01,1.932852081441025803e+03,1.935699857841704443e+03
2.484478898312115547e+00,1.906114908756257664e+00,1.946612026916489313e+01,2.478821223051861089e-01,1.552632178047711750e+04,1.552466628497809143e+04
3.258966142209754224e+00,1.613552253010607673e+00,1.054506128198524628e+00,1.963443102083297365e-01,6.088712995871570222e+00,2.576561056919175474e+00
3.600213325137882947e+00,9.101290814158600195e-01,9.676018284434920957e+00,1.042068794109551222e+00,6.711977199872648043e+02,6.718117573471876085e+02
2.892161100671780893e+00,1.975708450718971276e+00,1.338723417239773639e+01,8.825741539224833954e-01,3.754561672364786773e+03,3.757358059127111574e+03
3.841706981006183685e+00,9.010903989885357124e-01,9.599585937796863533e+00,2.533105776506802131e-01,7.254915223498921932e+02,7.304183305162766828e+02
4.539201552982085275e+00,1.479383643878455334e+00,3.159799054387281370e+00,1.032314699611729392e+00,1.100026860628074843e+02,1.125590677905679087e+02
2.560193097928054939e+00,4.736090603387962950e-01,1.547137450743786324e+01,2.355276895712568042e-01,7.333883887610757029e+02,7.353832711207726334e+02
6.475098324373553815e-01,1.982979789228006995e+00,4.081215643829565032e+00,8.678008258615022008e-01,4.533474341894357451e+01,4.181304216932651485e+01
3.951045272614782444e+00,1.949426771019158178e+00,6.964597459524168421e+00,5.247711820705733832e-01,7.630442339998407988e+02,7.623420977708459532e+02
2.565566733273604072e+00,1.979993431469464271e+00,7.339065548252295734e+00,1.274925092798379900e-01,5.612044103027772053e+02,5.605008207919687493e+02
4.021570856200007427e+00,1.605323037451292345e+00,7.063933263070036439e+00,3.989530277016967164e-01,6.631129462238502583e+02,6.634376935774591857e+02
4.341019878179944058e+00,3.278327311610814143e-01,1.868403218504763075e+01,8.762729027941732474e-01,1.832101089798255089e+03,1.830289249232383554e+03
8.458978374362702279e-01,7.435951677559837769e-01,1.065701774187274431e+01,6.310865968336644150e-01,1.707966542693482097e+02,1.724341951923887564e+02
2.291653597853316349e+00,2.445891331309012484e-01,1.193906213543464645e+01,9.637826193732456082e-01,1.938997507675497047e+02,1.964581406890008282e+02
3.832576200552288093e+00,1.118523078743860699e+00,1.854491206703689610e+00,8.924053779227145711e-01,2.977799093359724480e+00,3.245198224044661295e+00
2.532621909495411661e+00,1.314296451892837725e+00,1.811063280778786222e+01,6.721856943313507804e-01,4.927574270818480727e+03,4.927038400277513574e+03
2.531124929128716339e+00,1.960422015631264170e+00,1.977339564492958246e+01,2.538759125014445894e-01,1.926472200593596790e+04,1.926514694557938128e+04
2.653464265035824443e+00,7.138344644771936753e-01,9.477601594295155252e+00,2.036913348229563714e-01,3.900382462903532996e+02,3.908427169527015508e+02
4.947996663600200407e+00,1.275438220202271156e+00,1.045855161251608223e+01,4.978379607251675054e-01,1.992475291937931615e+03,1.994106288516405357e+03
1.579771549736566527e+00,1.984284939189765229e+00,6.604966303092201230e+00,2.992268234230300306e-01,2.950512745885087043e+02,2.933668510660872357e+02
1.234318346917685938e+00,1.408807584465063600e+00,1.400908218080328815e+01,7.934087931307814978e-01,7.258527122967311698e+02,7.287882005659342894e+02
3.953016560075435670e+00,1.719077004019528232e+00,2.949422011336871208e+00,3.690132742361059703e-01,1.165007425135396772e+02,1.166078357495492384e+02
4.277441235011844256e+00,1.914196301717379756e+00,1.076153074458954961e+01,8.716098585055913617e-01,3.233722279301402068e+03,3.233409280661621779e+03
7.053382086708872567e-01,2.680947405472725587e-01,1.378432262634367333e+01,3.736176784265757833e-01,8.981247847061065670e+01,9.123107272067173312e+01
3.259908195977806233e+00,1.295729372737911334e+00,1.235501522921308926e+01,4.299878248047217522e-01,1.769048261861110177e+03,1.767680730169086019e+03
4.357848192585104030e+00,1.113629333472993865e+00,2.184599829559406459e+00,8.743908739792181084e-01,1.847738868181366456e+01,2.026560819276675929e+01
3.731753549987671725e+00,1.117459380983550910e+00,1.584025601631998370e+01,7.357595362507031167e-01,4.791979486892741988e+03,4.796310234478233724e+03
1.163037842401262623e+00,1.364246408732560978e+00,7.809318020498302815e+00,1.803978957342360634e-01,2.242584213630522072e+02,2.251615704821142572e+02
1.255814961389094542e+00,4.047725758006445185e-01,6.877823962189639317e+00,4.160572578673416011e-01,5.533508125889960638e+01,5.577553564256991336e+01
2.506248011090168593e+00,1.280589964174117190e+00,5.626335532675753370e+00,5.709953327050584226e-01,2.177564451869777997e+02,2.168270096637115500e+02
2.180112333496657229e+00,4.654081514344347581e-01,1.758800597034680635e+01,1.492212937936538975e-01,8.086167035106731191e+02,8.116357473050500175e+02
1.257045706511946026e+00,1.075713831929382636e+00,5.097664286721466098e+00,2.371219194085077697e-01,8.141674033409826450e+01,8.371078843485233278e+01
2.834839291213245627e+00,1.198943077225901543e+00,5.415766311747204576e+00,1.106539039189927021e+00,2.019835375083040958e+02,1.989724778287651077e+02
1.354076728465753776e+00,1.678853030481673336e+00,1.707979958948340737e+01,2.054091355298445776e-01,1.718426110113481400e+03,1.720397535823587759e+03
8.453493682589637848e-01,4.647067531559315734e-01,7.149074027903993489e+00,1.170784095611363762e+00,4.263436008206838324e+01,4.131018146059094676e+01
2.706028314152445713e+00,1.987584312784712370e+00,1.578169928358464524e+01,3.812086244142675051e-01,6.962042593017563377e+03,6.959694847319257860e+03
4.727696519878209713e+00,1.696693164500731488e+00,1.101628129768107200e+01,1.147644491530680710e+00,3.526003895842799466e+03,3.525863628681199771e+03
1.188482541905720336e+00,2.483585522986149208e-01,1.436293664543338089e+01,8.300426265935325620e-01,1.503972144539088731e+02,1.490721098728768652e+02
1.394498763168703803e+00,1.748298683106191520e+00,9.971663614921817853e+00,5.831268163337562926e-01,5.043850095505160880e+02,5.067141379346616645e+02
2.798764874441859174e+00,1.111756023597187282e+00,8.854031716609615188e+00,1.000607572008881840e+00,5.116089559085294809e+02,5.090811278463810936e+02
4.766489923116540517e+00,1.997403066805591099e+00,9.411742952802176987e+00,9.828983059145541823e-01,2.534510280606617016e+03,2.531925160609807335e+03
2.531912491123375908e+00,9.763619684148259203e-01,4.162570461356987828e+00,1.887995177387702950e-01,9.572714280907223383e+01,9.382476047733439373e+01
1.448604953669766715e+00,2.251140479694075103e-01,1.366707611592019589e+00,9.200046586458014986e-01,-9.993055987199374712e+00,-1.027925827486865273e+01
3.086956743556162674e+00,1.622855878744162927e+00,1.142670696808910691e+01,5.300128169609755746e-01,1.719313014481985647e+03,1.720490642520543588e+03
1.952473912141149182e+00,1.079003230489618881e+00,1.476424967077891459e+01,6.069265522050497630e-01,1.095040875966885778e+03,1.092852604064726393e+03
1.016717996267352486e+00,3.938149400582717785e-01,1.976381594356498184e+01,2.204323403572669982e-01,3.762883297734148300e+02,3.748294801889105656e+02
3.329730740594103899e+00,4.644855867273991468e-01,1.364710318356556051e+01,1.127547038801897106e+00,7.126208095278025212e+02,7.094686869219160599e+02
2.455036221080328929e+00,1.353938391604796232e+00,9.906505860972808719e+00,8.817471185190104421e-01,6.921171200262369894e+02,6.917097489313438246e+02
4.801265106651733561e+00,1.499955037134306890e+00,4.220126174309557499e+00,9.946008762229188171e-01,2.337213076976111950e+02,2.316604641765561610e+02
2.228506133879847972e+00,4.519967658947450229e-01,9.185840187752846830e+00,1.405937881104062370e-01,2.100928484986181388e+02,2.144266433533301495e+02
1.187330046568101372e+00,3.075529261417420668e-01,1.991900041404404931e+01,1.199696340173999953e+00,3.544133201213535358e+02,3.582564609017863972e+02
1.955846646659848087e+00,5.862616490317946738e-01,1.801374281920603337e+01,8.203323587052743227e-01,9.361841486782204811e+02,9.343034244090960101e+02
2.654174286993645993e+00,3.972905139780706363e-01,1.108809133122982615e+01,8.709434261856475734e-01,3.055000951698108338e+02,3.057599421220893419e+02
1.803535106752587325e+00,9.111558927294143295e-01,1.372244169281367832e+00,2.570342160048205704e-01,2.122055790697044753e+00,2.946195153508293085e+00
2.406219643853437340e+00,1.174939585633298922e+00,1.942044995454380896e+01,1.004966713262332778e+00,4.860481166733490682e+03,4.859370599519739699e+03
3.676458566638105996e+00,5.823085542590966668e-01,1.652563688653341600e+01,5.158017521309830045e-01,1.913353012728517342e+03,1.912551217068440792e+03
3.942428895805714095e+00,1.774697998700458523e+00,1.786006894655486477e+01,4.470056760009575303e-01,3.116903986600331336e+04,3.117030156021587754e+04
3.161203427751806849e+00,1.906868563369569225e+00,1.608132136508916332e+01,4.549409042640438772e-01,1.050414869612154143e+04,1.050358581126252648e+04
2.668905045662437914e+00,8.755348028585803188e-01,9.415038137734102364e+00,9.001976931063158105e-01,4.468878940342136730e+02,4.462646247347151984e+02
1.015090680503712095e+00,5.065743661489054972e-01,7.523724345575024230e+00,1.982908526150634898e-01,7.114419780753324574e+01,7.106235498471710343e+01
3.506458807416720003e+00,1.681753419969549412e+00,1.366366113507790558e+01,1.210382494880557214e-01,4.650219052042112708e+03,4.652670006623267000e+03
1.542022571045308155e+00,6.046042070654289446e-01,1.410830248980400548e+00,9.397325363664957854e-01,-8.227668442575101437e+00,-8.771246215475434482e+00
3.825509276888378274e+00,1.529195219492617053e+00,6.437582380338636945e+00,4.467516452631764556e-01,4.899696384668169458e+02,4.907238153042725344e+02
4.795020327655208803e+00,1.677686468271214482e+00,4.849897666958590925e+00,5.980810307364886613e-01,3.614921765897167347e+02,3.619486914301810430e+02
4.345157523358302853e+00,3.321817554285221852e-01,1.527930229736313983e+01,2.701652198852325659e-01,9.986656401405500674e+02,1.000075023744206760e+03
1.738784440381672347e+00,2.702171637015886585e-01,1.278357740057105829e+01,1.067955847056677454e+00,1.860796925135252877e+02,1.856700532248886475e+02
2.584952605536523063e+00,6.023203929654143973e-01,3.425920650553658575e+00,1.964233511146857569e-01,3.756703765467885603e+01,3.656201396490026667e+01
2.501667503511476376e+00,3.123228700899843280e-01,1.663404613014648348e+01,4.532402762789249362e-01,5.650405481523225717e+02,5.636429708738812678e+02
3.963066212335952798e+00,4.852668078177846400e-01,1.396659584847316182e+01,9.571019856106337542e-01,1.004457072989468656e+03,1.004912381706489441e+03
2.379809221974110045e+00,1.937575429637153235e+00,8.251101992884050773e+00,1.056595387580709255e+00,6.341597738492555436e+02,6.344188751653654208e+02
2.085711934169905746e+00,1.203225191591747123e+00,5.116991634151101920e+00,2.568453646773360410e-01,1.486948047795479226e+02,1.481608954920425276e+02
3.144420068518951172e+00,3.053025296875057082e-01,4.452774002982096135e+00,2.767847587973601975e-01,3.768795724160992222e+01,3.811279362510060764e+01
3.065168078475835056e+00,2.584836905726551337e-01,1.368872998022416798e+00,9.175829453006585368e-01,-2.067760352542120827e+01,-1.596513695247506170e+01
4.296962638270070300e+00,1.775573731719074289e+00,1.080028543767444482e+01,1.485045223254439217e-01,2.931640342616850830e+03,2.933198799317221528e+03
4.671709358773870058e+00,8.336284185486080300e-01,1.790429662755584417e+01,8.574829378910453492e-01,8.574591762373631354e+03,8.570902424623271145e+03
4.361171278469216261e+00,6.240087842493734493e-01,5.665340017747023005e+00,4.379449746650311281e-01,1.899820619342929717e+02,1.925690395582620340e+02
4.955791631697708866e+00,1.001792717492953289e+00,1.692157296399552813e+00,6.149667901661740599e-01,2.860209462781792666e+00,3.129778498771954354e+00
3.088498358338945149e+00,1.335489739381982899e+00,1.695835778258542348e+01,8.287934665817717761e-01,5.987969122512513422e+03,5.985918317841929820e+03
2.359776683663386443e+00,6.710372558694517320e-01,1.915139716270548220e+01,9.313507255952457875e-01,1.768672473364724056e+03,1.771343800434223112e+03
3.684020405905856776e+00,3.425318647124677707e-01,6.855475362579229071e+00,4.347058128286548362e-01,1.354816951266994067e+02,1.353063122671229337e+02
4.408323403841551524e+00,4.164245383042090021e-01,6.719043298604153946e+00,1.147736111724125596e+00,1.670033613245510082e+02,1.690215570575176685e+02
3.708564466856762554e+00,1.826300430218119164e+00,2.000399032646420494e+00,7.595244496429724990e-01,3.417040252231102215e+01,3.292673736914638027e+01
3.099895500223622591e+00,8.554936853159391674e-01,1.263053855387832414e+01,5.667482501161700270e-01,1.034992248823731188e+03,1.037090141215038102e+03
1.232018934514357289e+00,9.965169729335534576e-01,9.258218848627778996e+00,9.231549853828576735e-01,2.387394056759390537e+02,2.381590847488975271e+02
3.758358720141725229e+00,5.855314435386194116e-01,1.419674547167749878e+01,5.879895087204235482e-01,1.221204829617886162e+03,1.223103237118892366e+03
4.590879971692986672e+00,4.606557933957213247e-01,2.061640249118559254e+00,1.915612688331240765e-01,1.134121249623622774e+01,1.296350730998943312e+01
2.570104808405041297e+00,1.579999482767544317e+00,7.860190480127717372e+00,1.760074796871099467e-01,5.251873653018590176e+02,5.228670494258267354e+02
4.408177069658464120e+00,5.745507819316078013e-01,1.882681754664945117e+01,1.039488065415168139e+00,4.588934745915636086e+03,4.589654238435543448e+03
3.169985755469510558e+00,3.761301606731597413e-01,4.203288618633621354e+00,8.082312128642820115e-01,2.807702292384919218e+01,2.900164075925261287e+01
1.694744567851687034e+00,7.863362294454487866e-01,1.525309945568869630e+01,4.508844893567209855e-01,7.083767490659574833e+02,7.082410511602852239e+02
4.911359391823248544e+00,3.960980302989266510e-01,4.346701373344367347e+00,9.978457655920005553e-01,4.839856113220729128e+01,4.481894147349581203e+01
3.847593314082279115e+00,7.358250696044223993e-01,9.797856141407732977e+00,8.877821050581514717e-01,6.054120317307952064e+02,6.059569925496664382e+02
4.907863430475599031e+00,1.162581569533257309e+00,3.148109048254619236e+00,6.063993621155282510e-01,9.947643348990686718e+01,9.881956923672122173e+01
3.245238841356529846e+00,4.594457336813541071e-01,1.118785747716484202e+00,9.355337140099074800e-01,-2.165288676536446388e+01,-1.927883856462342393e+01
3.844438298318181513e+00,1.233163259400900547e+00,8.920322782114228133e+00,6.826854501956213239e-01,8.262641776904644075e+02,8.241178645843504000e+02
1.734752224213899074e+00,1.251109380330681198e+00,1.095976589169907101e+01,9.150811316055873501e-01,5.516737712027129419e+02,5.536214499058617093e+02
2.879457495473664252e+00,1.052019494919674614e+00,4.026129261492752853e+00,1.081705461979337146e+00,8.912421045723179702e+01,8.937993297307799878e+01
2.229654149799497276e+00,6.931132401386506103e-01,1.651530360570282596e+01,8.113248506204255861e-01,1.069169782444495468e+03,1.074237843449845059e+03
3.586170967274232346e+00,1.530164463644269057e+00,4.130990106544287777e+00,1.024351017856189427e+00,1.766219188592285434e+02,1.745883498536087757e+02
4.741489333934867823e+00,1.728074609610151802e+00,1.325520862035390834e+01,5.379990599864193923e-01,8.876613511986693993e+03,8.878507315831868254e+03
3.010616355866717164e+00,7.719917312761317429e-01,4.128358933849029633e+00,5.822003731158814643e-01,7.712028894626081410e+01,7.603251259465081091e+01
5.301598159196667659e-01,2.830916918524255532e-01,1.652606302336104704e+01,1.149911219219573288e+00,9.925488274823280221e+01,9.733872877427802450e+01
1.920851369360769390e+00,1.940754061995480395e+00,8.378758260471233399e+00,1.694857372745021684e-01,5.419462149770765791e+02,5.440798103442444926e+02
2.927189482729908754e+00,1.648689970759396273e+00,3.676670601343359657e+00,9.865731548907432646e-01,1.226356943611036883e+02,1.238238702810624829e+02
4.067397752726046534e+00,1.808239494851780371e+00,6.452973365655676474e+00,7.312449871404842483e-01,6.041979822292805693e+02,6.062770424823975191e+02
3.133172383512779824e+00,1.355492471242680574e+00,7.166834364584657280e+00,8.277380487632270967e-01,4.434551189434540674e+02,4.402180162181946912e+02
1.402245171365616105e+00,2.525300801479177237e-01,7.481560312849897088e+00,1.011682826651646661e+00,3.880814621404212517e+01,3.639316245383564308e+01
3.239032664901763781e+00,1.055487581240175610e+00,1.348441817673083776e+01,3.749629429882982423e-01,1.755230592358984950e+03,1.756391226584328933e+03
4.453398148417995195e+00,2.830152126004837343e-01,2.435827598925995652e+00,7.777080092556407642e-01,-1.376229262749053461e+01,-1.547286442265710704e+01
2.838459275742948762e+00,5.112566858037889128e-01,1.582310062632472736e+01,4.142787686418460957e-01,9.563401259402545520e+02,9.589663097031781263e+02
4.301064856861040120e+00,3.087824412453113454e-01,1.279862266838222595e+01,1.059056136856420638e+00,5.546156317968400344e+02,5.579392769474491161e+02
2.915476470957833577e+00,1.030855498607744947e+00,3.862596005309374192e+00,1.848762033016186912e-01,9.876199714572462085e+01,9.849653745337852229e+01
7.807129002018475816e-01,1.004687171770290099e+00,8.820081378472053757e+00,3.574223483764880083e-01,1.469865976846434137e+02,1.470455874459430845e+02
4.883223747298065298e+00,4.793236593145317470e-01,1.074895742184769531e+01,2.413106729068058287e-01,6.764997231077294373e+02,6.765506661691415502e+02
6.995080434542426673e-01,1.783809111357149479e+00,2.906083288875869641e+00,1.001746582862533819e+00,1.814958673407139145e+01,1.756365467787892598e+01
1.754905077969257654e+00,8.127274941310576040e-01,3.465233126182766021e+00,5.327173073043209861e-01,3.101706623904155080e+01,3.094136577734754212e+01
3.423642594962907459e+00,1.814713948671873522e+00,4.375515747945001976e+00,2.146781871909139439e-01,2.481137330463547812e+02,2.476476258976053657e+02
4.164366021903100901e+00,8.576481151417281179e-01,1.531013450184760849e+01,3.553243248151306544e-01,3.282937482673300565e+03,3.283793495677000919e+03
1.464799165952469062e+00,1.980346861374590262e+00,8.200497834333425828e+00,4.228743079437613517e-01,4.082397923971782348e+02,4.075727738351712901e+02
4.419347905148862665e+00,2.045956287612172297e-01,1.249006945847040750e+00,3.257720652715516696e-01,-1.085664492775251411e+01,-1.189914572838401519e+01
3.668899928817520806e+00,1.205239926744648304e+00,5.888048968921430593e+00,2.084116088449783077e-01,3.275474034949494353e+02,3.269473174716616199e+02
9.014455197838620037e-01,1.845613240405806987e+00,8.473880405021377626e+00,8.802681581887227269e-01,2.643294393906711548e+02,2.631049086638772110e+02
2.495321787070526209e+00,1.500219984183788213e+00,1.521853760539622957e+00,1.099583168704070468e+00,-3.130059357576451262e+00,-3.291295938804358112e+00
4.498502629662252339e+00,1.389762126060433811e+00,1.890080125578742098e+01,2.942823446563719858e-01,3.587697215966204385e+04,3.587805058652936714e+04
2.514369983104753903e+00,1.967188039738609673e+00,1.391640113831013892e+01,7.494070656750712045e-01,3.268556410958472952e+03,3.272668739953081058e+03
4.389510657284612982e+00,4.426746533991019472e-01,1.421805041546930770e+00,1.158526032513766291e+00,-3.097644502195021943e+01,-3.423393998836215957e+01
1.436128131416189113e+00,4.473804602431281641e-01,1.047158938918519056e+01,4.102989135119994302e-01,1.722497580978199494e+02,1.694937259990695964e+02
4.428370485218826147e+00,7.223408086260902916e-01,4.410837152208141099e+00,3.921741125194310174e-01,1.295262452546404006e+02,1.293894712445225252e+02
3.640425899229463358e+00,1.676160047542844866e+00,8.881425963118388722e+00,7.010054869033058855e-01,1.079010938517411660e+03,1.079074082332097987e+03
6.170371490878605591e-01,7.353673044240485179e-01,1.773540190506368219e+01,3.043444560330614834e-01,3.222559821222502023e+02,3.221661817065851778e+02
9.727071839979242185e-01,1.499530010853449280e+00,1.393825158186025348e+01,6.068883381870258109e-01,5.920652247138116309e+02,5.958096855033403472e+02
3.817747256441529569e+00,1.392455402729240177e+00,6.312367730418334766e+00,5.251037668486228105e-01,4.290023869180278666e+02,4.253508806174226606e+02
4.274443778423566265e+00,1.237465064011627147e+00,6.135260444624852205e+00,1.149483893305251803e+00,3.871623358063776550e+02,3.868521804708242939e+02
2.168351682136663960e+00,2.449546614421621860e-01,2.938645852680747517e+00,9.404835725791413914e-01,-6.669417240890027188e+00,-9.214550661974802992e+00
1.698969439524984582e+00,5.082532017224401510e-01,1.713346654537459557e+01,6.760714694665855840e-01,6.030120811351278007e+02,6.024070695969061262e+02
4.883231028667476714e+00,1.891157856158922623e+00,3.790264006203785563e+00,5.373369949146955538e-01,2.507947816031507102e+02,2.518242457169722002e+02
4.311730286129860978e+00,2.759332373371208291e-01,1.593479021611146962e+00,1.965729785539978014e-01,-1.709176176271664183e+00,-4.596328471482879152e+00
4.983356873500729201e+00,7.097353274159163838e-01,3.656990872684215077e+00,8.859054119094578184e-01,7.206195959391733652e+01,7.410952686416045765e+01
1.290074700253438067e+00,3.484549566429683831e-01,1.374885490365495677e+01,8.279319981496801040e-01,2.066657308275021023e+02,2.049735681982636208e+02
2.790444373528077282e+00,8.629191503142548125e-01,3.029393604976241328e+00,8.003306483212800915e-01,3.092864364994416349e+01,2.883237991415975898e+01
9.374126134189235682e-01,4.868463767630524797e-01,2.317790128441064024e+00,1.123807974737601079e+00,-2.829485862920428474e+00,-6.121136850556597508e+00
3.556521418333766782e+00,1.035809986732280974e+00,6.836333860473644108e+00,9.577775751961966622e-01,3.522475717986071118e+02,3.508480873198065524e+02
2.327503353961488664e+00,1.838782637596395597e+00,1.073574511310715884e+01,3.867081562958534224e-01,1.115214033337657611e+03,1.113729954265359083e+03
8.825023911098563989e-01,1.372307329079902827e+00,4.334651635275653447e+00,1.022039655196156360e+00,4.643904195608793373e+01,4.809599162670892269e+01
1.186842763052068817e+00,1.918075925852888330e+00,7.548700700797263963e+00,9.064950414736449025e-01,2.801411267658424435e+02,2.770171621640458284e+02
4.596347186066713775e+00,3.920214158982290309e-01,5.262183500730133190e+00,7.023884691413159187e-01,9.397534909487318089e+01,9.440149082100434441e+01
4.446006599511393098e+00,1.247594144038468356e+00,1.933773520600932727e+01,5.063273671897631223e-01,3.020900621007144946e+04,3.021068880705995980e+04
4.798186352717520364e+00,1.645398513345264879e+00,1.634925171911800845e+01,7.484882803466295087e-01,2.727538576658105376e+04,2.727488184670339979e+04
4.534491178025803038e+00,1.323690245168433144e+00,1.137207607812446852e+01,1.094902228604913264e+00,2.418865069138897525e+03,2.420401936702782223e+03
2.908195863464956066e+00,1.110077382691024406e+00,5.725378920444322617e+00,1.165845030239645919e+00,2.151451397819129170e+02,2.137590393314724793e+02
2.819550799212903414e+00,3.832370559544626687e-01,1.661886918212063335e+01,9.625686907718099539e-01,7.867658006332032983e+02,7.875941664375304754e+02
3.141962929507443381e+00,7.898073981512643282e-01,7.241415372070745704e+00,8.831358718880522041e-01,2.783611094608435792e+02,2.776934690492356594e+02
3.950706939963517961e+00,1.939781323640552557e+00,7.297739932698704024e+00,7.698781091667198373e-01,8.436363042592458896e+02,8.479540894281421970e+02
1.389733584620034712e+00,1.072353533745053600e+00,7.015511946885945704e+00,5.220471804975002073e-01,1.689989598088604907e+02,1.684311603338741463e+02
2.503018185056516298e+00,3.695685578305417662e-01,1.794936358260489584e+01,5.494845183040140135e-01,7.995667029369757302e+02,7.989681507294109224e+02
2.289170392893491890e+00,1.350899405621788674e+00,4.570694524327800323e+00,6.552914627757400190e-01,1.356325622742864425e+02,1.364402379765201374e+02
4.053438256505383919e+00,3.148899531010867503e-01,2.224600239889350295e+00,8.158971702171516904e-01,-1.484157709091967448e+01,-1.589934519715900407e+01
7.069926058501463384e-01,4.566213180337674871e-01,1.770313826145067182e+01,1.144134150242730685e+00,2.385243247445272630e+02,2.381322697599814262e+02
3.380912213016124213e+00,6.158792933248017354e-01,1.151686521572595545e+01,4.389638046207231525e-01,6.523981106614364762e+02,6.530749461537158140e+02
8.991817862499291714e-01,3.413863060971346064e-01,1.777043904458061263e+01,4.143116075904278439e-01,2.383575067583512350e+02,2.401079679128180260e+02
2.939674228888066843e+00,5.385897520056910359e-01,7.084858824323989168e+00,5.472736375674566167e-01,1.803811458631944618e+02,1.791894358492206720e+02
1.501013224760425757e+00,5.109276067611885352e-01,4.172123792568012135e+00,1.121100735015978955e+00,1.846737719466474914e+01,1.858880815268227238e+01
4.899097253942829688e+00,1.083300775041503350e+00,9.008338865493529468e+00,8.962682166343668433e-01,9.901837127753341292e+02,9.898416977911854246e+02
1.101996757886269052e+00,6.975128535994248313e-01,7.735623443613577344e+00,6.056015489447965638e-01,1.082513341061657144e+02,1.096467059595376696e+02
1.946933254447138939e+00,1.891253055720296228e+00,3.587297412399770291e+00,7.810606862557442076e-01,9.443790094797370216e+01,9.608087245239568119e+01
1.447044156866528652e+00,9.645229648314890269e-01,1.859069935992623002e+01,1.023620176002913162e-01,1.191780537326943431e+03,1.192588467830718173e+03
1.666693614917576172e+00,1.073540252873085299e+00,1.117385994259987747e+01,1.100490396763000422e+00,4.775425603561175194e+02,4.780751658864775777e+02
3.559534766029558206e+00,1.500169268889482321e+00,1.946993723693051237e+00,2.177948642055382855e-01,3.675410813062751458e+01,4.033837443148021862e+01
8.087456693848862344e-01,8.459879397834351167e-01,1.794084602884803203e+01,7.763525487330954489e-01,4.766949993356209916e+02,4.749513994161326309e+02
3.291994508077326298e+00,1.691514803059313898e+00,2.035936533905158718e+00,5.776889381150546177e-01,3.298353105335807101e+01,3.625880145624160633e+01
2.844647088642688448e+00,1.047659179210971292e+00,1.435255448522681121e+01,4.808206134091431716e-01,1.715675647951329665e+03,1.716753005750823604e+03
7.156279396105776902e-01,5.849337009924004960e-01,1.288616051220377301e+01,7.261236382694905567e-01,1.672786316286355657e+02,1.642135813050631725e+02
4.764713923438801402e+00,6.871089468657871624e-01,1.058132088350471234e+00,4.470091879012652036e-01,-1.245183781908785114e+01,-1.219161845217064766e+01
2.681649275898094320e+00,1.465372995428634750e+00,1.092206549275891625e+01,4.216972600573298813e-01,1.077393613133629287e+03,1.074566026440847963e+03
7.485025342974681584e-01,1.941772560504118506e+00,1.625333708015421763e+01,8.232960852321495882e-01,7.935550971906972109e+02,7.933100096488512918e+02
2.943947506184660501e+00,1.107424917937853248e+00,1.940420190464640537e+00,1.131036063101756417e+00,8.173282621530209013e-01,-3.239212271198124604e+00
2.232179840561864914e+00,1.719576611968273605e+00,9.709655147199608649e+00,8.393510731844042727e-01,7.598259024512717588e+02,7.612863724081742021e+02
9.739910440605377140e-01,8.511842021833373462e-01,5.819779339516689909e+00,1.142630344658775110e+00,5.991674715212548108e+01,5.834008665698925000e+01
4.000825295444832008e+00,6.591802327950734286e-01,3.830521405119102774e+00,9.632278749951938002e-01,5.863791376066769345e+01,6.194354015050613782e+01
4.491059920429010255e+00,1.379462032780802927e+00,1.014381101114242956e+00,4.058027518430759040e-01,-3.963588616334194015e+00,-5.409044170867284507e+00
3.651212973476849921e+00,6.252036427061566926e-01,1.725744688762553380e+01,7.522690186800818912e-01,2.445490570172989919e+03,2.445602965534598752e+03
2.559064023916221231e+00,3.448509759414423725e-01,1.848640195622526505e+01,4.740640952757749771e-01,8.310519843116051106e+02,8.283403306835839430e+02
4.225569721615155316e+00,1.024588335702322217e+00,8.906826373776752348e+00,1.039367051705677447e+00,7.473798534278512307e+02,7.471266350798883877e+02
6.026486007403079048e-01,2.002025117389383546e-01,7.794529602328960749e+00,4.043147986813379058e-01,1.614685881179611826e+01,1.623870620592013836e+01
1.475743593115994567e+00,9.195172067537873417e-01,5.723264447984018233e+00,3.886832371327435531e-01,1.021064997129127363e+02,1.031242192300986318e+02
3.125831349411141602e+00,1.319316822415500745e+00,1.632364134544933876e+01,1.463091418080577077e-01,5.031298465728911651e+03,5.036246010718804428e+03
1.363603833569456913e+00,6.199558905431944433e-01,1.898989724573257831e+01,7.984029279972602033e-01,7.126921550471952287e+02,7.159943434549808217e+02
3.469784712484761169e+00,2.295752331643363675e-01,1.790191838253204892e+01,8.771771246571984371e-01,7.556354886419776449e+02,7.572115665738990629e+02
2.679165948805428243e+00,1.130593105214209748e+00,4.616823562784610147e+00,3.122857690923821483e-01,1.419130262335202133e+02,1.412727433252451306e+02
4.184870363193789800e+00,1.763186998971092878e+00,1.003638998601520882e+01,2.376986167729946697e-01,2.102192339877881295e+03,2.101638429460193493e+03
4.923382637135015116e+00,1.466293123893945394e+00,7.797801615366775074e+00,3.603850590862822667e-01,9.760993100638323767e+02,9.755015293918523867e+02
7.530350379500021507e-01,1.571700723203035110e+00,1.209259982879293815e+01,1.113857418159190482e+00,3.701719832945962025e+02,3.684856402580664394e+02
3.818497567757926259e+00,1.583755198582900370e+00,8.683495869998310468e+00,2.386625521134647654e-01,1.026306277685625219e+03,1.027673598985477156e+03
7.723848258977008552e-01,7.258123345332454512e-01,1.115108593777424950e+01,6.803504244908278320e-01,1.669154131399098731e+02,1.668320847125042690e+02
2.914849586762427780e+00,1.769353177748900663e+00,4.943330025028243924e+00,1.781995359577395188e-01,2.672667831023633198e+02,2.683549362524482831e+02
2.108439615625484542e+00,1.012229441954651143e+00,1.726526970471924827e+01,5.740842958879761593e-01,1.820057389362628555e+03,1.819599025417499206e+03
2.650037606855289773e+00,1.918510700140199088e+00,1.932635138220132731e+01,1.609408409192073786e-01,1.827519962923518688e+04,1.827598640164677636e+04
3.843189167666615891e+00,5.899582315603106863e-01,3.964221313288813775e+00,8.541791615738131282e-01,5.583438873132041635e+01,5.939778565663036858e+01
5.273213080405494413e-01,3.309203184432411571e-01,1.710729490402300002e+01,7.133932908218971747e-01,1.250212303498834103e+02,1.257755936963794738e+02
3.345067943793401444e+00,1.099004405258158013e+00,6.973757506760868807e+00,5.724466364448455025e-01,3.752000618048408001e+02,3.771099480497510399e+02
4.449538844505434021e+00,1.120239785351684780e+00,1.201144498113124826e+01,2.802720772947427941e-01,2.233036050733301636e+03,2.231402816107880881e+03
4.500084924541390308e+00,1.871026945842823697e+00,1.250092815471048979e+01,1.048541848245370112e+00,6.824722803098279655e+03,6.824495059318009226e+03
2.790178079437493075e+00,1.249165026207972540e+00,3.459333167823266386e+00,5.239687000442497800e-01,8.183145940732414658e+01,8.114669597352023800e+01
3.415464309353044570e+00,1.265877961701452614e+00,8.310816576177460391e+00,4.768427979334078914e-01,6.329105138567904305e+02,6.339940302486703558e+02
1.200345406442206109e+00,1.140083075007544355e+00,5.719617500461442461e+00,2.348656049538712376e-01,1.051766681909942349e+02,1.058551753482035167e+02
1.430757517202793094e+00,2.036004764978264214e-01,1.958525797131393276e+01,1.148964955253498621e+00,2.883511140398960606e+02,2.870966252927488540e+02
4.901376331373183959e+00,1.973237500961236401e+00,1.845766026049392750e+01,9.411618122804544795e-01,1.057452120121158368e+05,1.057460132877032738e+05
6.606461931435916313e-01,8.501423468731299504e-01,7.176989089421296875e+00,3.139023664749294729e-01,6.979305898095222460e+01,7.014904010944012214e+01
4.591572028214331525e+00,8.709890802901458784e-01,6.319819687006326348e+00,4.498708707535794549e-01,3.385376460244066266e+02,3.355210943449291108e+02
1.702568402241301682e+00,1.619517360111974336e+00,8.117689201904877194e+00,1.082970587544078489e+00,3.777821723710225115e+02,3.778442709558210595e+02
2.888566025118112890e+00,1.750950336028413101e+00,1.300768273076277737e+01,1.005138244799685721e+00,2.696641058272419286e+03,2.699145327297265339e+03
1.560107253575288899e+00,3.834761626403313528e-01,6.885878941114744300e+00,5.324596877526885930e-01,6.360833513361860270e+01,6.196676294913314820e+01
9.054502651156453030e-01,4.313185569729124369e-01,1.073519385271782056e+01,3.174531103555219280e-01,1.116775212770832724e+02,1.140036549879026637e+02
4.388911826178940601e+00,1.453396683069119621e+00,1.379653104556259180e+01,4.504477548121389452e-01,6.172016521634747733e+03,6.173559753365342658e+03
3.342713742756397544e+00,1.555161376983375421e+00,7.663382836591786429e+00,6.897614311486689465e-01,6.253683591017556864e+02,6.258660898979873082e+02
4.444959269088206710e+00,4.085491231865486794e-01,6.312115511385714584e+00,2.940276918226558123e-01,1.675575429595550077e+02,1.686080752124634614e+02
3.340818913839934012e+00,4.783450517239958844e-01,7.208915346220915232e+00,2.701381397254027927e-01,1.968724785485955522e+02,1.954291841361543050e+02
3.737809299805602947e+00,1.245540967191073545e+00,1.858498512694251659e+01,1.046600913449785120e+00,1.394986583231677287e+04,1.395144811509974352e+04
1.030322478659510654e+00,1.326084480426249934e+00,1.285300734394968281e+00,1.379898065654638906e-01,3.414207004182896465e+00,7.448760616891947350e-01
5.364109104202818834e-01,5.560538716092648936e-01,1.606328538696486419e+01,6.781626050862693544e-01,1.840384702753780459e+02,1.819697830944604107e+02
8.927729902022210062e-01,1.764750083068694853e+00,1.195390520462377815e+01,8.274007971768815306e-01,4.688897388789330876e+02,4.701477157961650732e+02
4.328611885570929019e+00,8.081240190878422602e-01,6.538271388855648070e+00,1.116773897662658888e+00,3.019728520807721566e+02,2.999501394593880264e+02
6.488531782439814766e-01,8.704922728317696645e-01,3.635521438571677422e+00,9.542532619899039004e-01,1.219029351083980117e+01,1.639364146168748704e+01
9.379751149828358114e-01,7.059860839732827742e-01,9.788998137958232704e+00,7.664243456929589193e-01,1.508989001662560554e+02,1.517642888897673856e+02
9.674372568755601476e-01,1.484964980831782411e+00,7.653954219010737248e+00,1.117616377327461663e+00,1.903229265403124941e+02,1.923289784439645587e+02
7.929426996692383600e-01,1.184305124447467383e+00,2.648489230769767389e+00,4.796630263102357183e-01,1.124601855398891459e+01,1.338293206724473272e+01
1.991033352898966768e+00,1.519679018001103721e+00,9.806863216384620330e+00,1.116963436297387480e+00,6.034239008903060721e+02,6.028386265405308677e+02
3.190118021782798685e+00,1.284461236408479534e+00,1.183607569202225918e+01,2.640532638621345685e-01,1.479114657608535026e+03,1.479369128573619037e+03
4.624621399759261564e+00,3.519184892772265760e-01,5.868844888245766001e+00,2.581207346523773927e-01,1.289301190505439934e+02,1.300857364741091828e+02
1.265701220662505344e+00,1.342055164225150587e+00,2.171838819446272772e+00,4.817468765819070686e-01,1.197053088366959628e+01,1.219173495318472789e+01
7.226147077817129949e-01,4.873329013796857678e-01,1.665438588149338983e+01,3.761203202797750444e-01,2.340449334229847125e+02,2.374085985938386614e+02
4.840956115610133281e+00,5.455916634868557269e-01,1.164088902931685432e+01,8.604355658468126888e-01,9.094040023211151720e+02,9.116871304263648881e+02
1.128827640160559032e+00,1.204008600196627921e+00,1.321635889585340173e+01,1.024468711959884093e+00,5.032854030114140187e+02,5.039421849506434796e+02
3.822605669796481198e+00,1.141328629784832405e+00,3.323353636277639911e+00,8.741790310017834020e-01,8.079828299405403413e+01,8.355321842763174800e+01
4.679927986687091312e+00,8.080226350763675125e-01,1.927993360305751835e+01,1.095076736955767238e+00,1.209330804446380171e+04,1.209367417954439043e+04
2.345675547328218702e+00,1.401858375520570243e+00,1.090279582787556656e+01,2.378189491631886587e-01,8.654694356975915071e+02,8.672485909420480539e+02
4.935625821861885143e+00,7.344190170574738108e-01,9.358279766067495231e+00,6.987576913781387011e-01,7.274045632197912710e+02,7.279536417446787482e+02
1.907564502979983034e+00,3.679384944257622081e-01,1.681907315928773983e+01,7.947538422902296062e-01,4.879051860613179770e+02,4.875931500777303995e+02
1.241230859162488986e+00,7.955066583277481396e-01,1.526875150490653077e+01,2.546591543685758352e-01,5.130027371217549899e+02,5.113458146814809879e+02
4.372140251383955345e+00,9.167071116605336467e-01,9.328893305246140244e+00,1.199543836331116831e+00,7.739821572291873508e+02,7.727625580651589416e+02
3.456246631878300946e+00,1.162500609171225108e+00,2.479755694273802824e+00,1.225322761370951086e-01,5.109508258802294733e+01,5.140918871923258138e+01
1.861034644765745982e+00,6.108300240498387712e-01,3.276824026913940813e+00,9.181623444527279299e-01,1.371990753556918996e+01,1.478232757733161051e+01
6.765301733062352163e-01,1.608638221136303281e+00,1.164992869005228471e+01,5.043443711165100929e-01,3.246706841418135241e+02,3.206059542703538341e+02
1.839377869882083516e+00,1.922653701430468320e+00,1.153606750329126740e+01,8.585019782464461402e-01,1.034887058130580044e+03,1.034258390076533033e+03
3.309834180541061155e+00,3.792085183613793653e-01,5.409041720751812221e+00,4.402326923564249261e-01,7.703218165097862880e+01,7.838059662706719166e+01
3.066767602330304765e+00,1.903796733513044126e+00,2.675520014364860089e+00,1.055319402229159431e+00,6.659236026102352923e+01,6.645318641374467461e+01
1.733181168396926042e+00,6.653792828647956403e-01,2.572219950156911406e+00,1.775914196099376841e-01,1.417358533916373453e+01,1.213963578487894424e+01
2.377242053140342204e+00,9.001216927612440966e-01,1.025032084940828980e+01,4.631530203537617130e-01,4.949529130182182826e+02,4.930951526264157678e+02
2.022383192939657182e+00,1.442767796607047126e+00,1.462121729442913143e+01,3.489900325317069063e-01,1.624979974849231439e+03,1.628510463577526252e+03
8.424436025875869927e-01,7.182741024737908653e-01,1.663072966665635377e+01,2.105538638913964089e-01,3.775242043774564991e+02,3.744956998413922520e+02
3.386162484057630540e+00,7.249799141135560010e-01,1.942955504033750458e+01,1.183038686371021830e+00,4.371151829574490876e+03,4.370640859497279962e+03
2.931524721176514525e+00,2.822415225297423280e-01,6.528807637531959251e+00,3.074467848482037580e-01,8.104976064340596054e+01,8.285327143383307202e+01
4.407214727453040659e+00,1.493068237230516182e+00,1.736700273593637434e+01,9.163422782180212778e-01,2.375650018735738195e+04,2.375265414043017518e+04
4.123163999243979916e+00,9.754838778611698569e-01,8.579449004426360048e+00,3.803068857737706976e-01,6.504981515032003472e+02,6.519891312868170417e+02
2.314328117849635547e+00,1.684938771844999073e+00,7.325266198818656704e+00,1.182025893295474833e-01,4.396078004950247760e+02,4.366395824593444672e+02
3.952352375090110836e+00,1.987142377774532509e+00,1.010963268140151472e+00,1.127133536548384107e+00,-1.811000951490185429e+01,-1.595375596743938829e+01
3.305504013254426443e+00,1.851397857415319370e+00,4.661375526005822501e+00,9.617488092347652451e-01,2.563135189169087766e+02,2.617807649117035567e+02
4.622114165892299731e+00,1.073315079404243644e+00,1.917689680967338361e+01,5.244085645395817341e-01,2.214561196181880950e+04,2.214324486910642736e+04
1.517238341404215207e+00,1.553901739298308105e+00,1.220081688875675141e+01,2.614401904251960063e-01,7.512570358918233069e+02,7.512563308324835134e+02
1.856811002319201043e+00,7.762520813146422949e-01,2.188411521757880784e+00,1.182193695841061265e+00,-1.541926202200420093e+00,-6.730813585362738216e-01
2.666603735782441920e+00,1.774873978765035387e+00,1.649771034866210329e+01,7.415798207173597278e-01,6.565444299800040426e+03,6.564437630630727654e+03
1.112814587163378555e+00,3.961449824117899698e-01,5.867015884667654113e+00,1.516257763718210083e-01,3.579409984711407589e+01,3.702034979635620005e+01
3.103861169447009516e+00,1.119546227198688682e+00,1.976437612656016896e+01,6.418921341281125237e-01,9.165416148138983772e+03,9.164123994256307924e+03
2.275577623213594691e+00,1.104514116151817937e+00,2.896287726901501269e+00,3.062501829532589537e-01,4.118293452178344438e+01,4.018427163687371717e+01
3.825623948082049974e+00,1.895191348630334227e+00,5.324171867581631190e+00,8.085060597562088169e-01,3.923463419720691263e+02,3.908449936502900073e+02
4.122482721230816161e+00,1.692370681377733721e+00,1.899745240339268904e+01,1.060921383073356150e+00,4.708166679415065300e+04,4.708169422115646012e+04
9.384842174329627307e-01,1.691885267381505908e+00,7.101773872735721582e+00,5.731820887291207978e-01,1.836761539694320504e+02,1.847544815678275540e+02
4.981223636374561892e+00,1.763908509615088382e+00,5.297993503828816841e+00,1.074833424051475417e+00,4.558622706288994095e+02,4.579365861344352311e+02
4.023767355658776523e+00,1.559403698970459828e+00,7.450317068433543355e+00,3.286852567502102085e-01,7.317133547840949177e+02,7.316241142976077754e+02
3.898814934288207468e+00,1.064701059878217171e+00,9.617321221110257667e+00,1.794122603976706642e-01,8.843240516417740764e+02,8.823081170822659942e+02
1.596634698045041434e+00,4.957043050608085921e-01,5.297416329574655691e+00,4.975105815547172794e-01,4.678940424340902382e+01,4.594764572302828043e+01
1.648909750199216262e+00,6.417543924264368371e-01,1.621386426537927861e+01,1.338106058113629482e-01,6.510129190757879769e+02,6.501056567016096324e+02
4.451313407651816156e+00,9.072757845095955620e-01,1.261379154468267316e+01,5.375351252405338176e-01,1.941350330141953691e+03,1.940689761895397396e+03
7.134764816293418521e-01,1.214768644380180396e+00,9.659919963963483625e+00,5.660906826569012118e-01,1.903792548643283169e+02,1.916661000961356649e+02
1.045851743733328121e+00,1.931240348284426034e+00,5.014172394558270796e+00,2.168452739385341721e-01,1.172170682948403169e+02,1.170561217384197903e+02
3.219023213815543016e+00,2.515499213367984321e-01,8.488983255440576414e+00,9.951516268498421525e-01,1.269824050899896406e+02,1.272847782656837126e+02
1.564721566027460042e+00,1.835396758589525668e+00,2.717984930711790259e+00,3.983252877745954157e-01,4.179594959281978106e+01,4.201110389208430007e+01
2.837668016455034081e+00,8.746434217550280721e-01,1.882411592667932965e+01,4.656493909665935238e-01,3.579931476000698240e+03,3.579861300252278397e+03
2.886635773102628200e+00,1.101459668219026078e+00,6.936318283474723678e+00,7.876647619161507574e-01,3.209263441709557583e+02,3.200887311832855744e+02
2.304156805276321052e+00,1.477542149038914010e+00,1.622257898710346868e+00,3.102697680382691114e-01,1.247245121571079629e+01,1.403637085218106684e+01
4.098295090746226776e+00,2.778674179997345783e-01,1.106912221889057157e+01,2.441160241673725473e-01,3.618069794976569824e+02,3.617303867575348590e+02
1.410977200955227273e+00,6.778246588980521015e-01,1.855472173519434875e+01,9.674391886379704042e-01,7.681024169607627528e+02,7.679768032509873592e+02
3.897473268456692619e+00,1.548912136725986377e+00,3.317381684084828031e+00,2.954356683863714750e-01,1.364498903632082829e+02,1.343036822159818087e+02
2.364220424832668588e+00,5.938137345145706458e-01,7.565205897470477225e+00,8.137371952501222250e-01,1.802268773041970746e+02,1.789105898030728099e+02
4.567042232647590794e+00,3.556838247712176271e-01,9.834388701942982536e+00,1.144329454222264619e+00,3.616047368818254881e+02,3.604940860861051419e+02
1.195254810894396336e+00,5.119573890748858602e-01,1.218259367182900199e+01,5.841409141190962995e-01,2.179155938513026172e+02,2.191356723724439064e+02
1.527384080650528553e+00,2.251899774702502965e-01,7.603930939825982449e+00,8.830414318238832827e-01,3.929738067792479939e+01,3.586966409500136166e+01
1.977958012523772124e+00,1.806797697801444613e+00,3.303259466999887373e+00,6.252012002821902836e-01,7.729863227192481645e+01,7.883314966139515434e+01
1.436951401298014241e+00,1.179617387696875630e+00,1.464143150546398608e+01,5.428740593423216909e-01,7.998837836379320834e+02,8.001988826478565215e+02
1.873826025862974420e+00,1.462949563809818665e+00,3.747011001651538109e+00,6.844818249383837205e-01,7.728878099416074576e+01,7.593119174701119789e+01
2.227960405831504787e+00,2.891024211486949436e-01,1.223546235628095857e+01,1.465250027968019175e-01,2.484639735094579578e+02,2.468213692085759874e+02
3.997716275561621568e+00,1.630979291251640317e+00,1.608213692775800041e+01,3.465243110956427453e-01,1.402687939632289817e+04,1.402795507980534421e+04
3.623853645053993766e+00,1.000240734049543168e+00,4.648061567884091971e+00,1.084117674833161571e+00,1.489496694063065831e+02,1.494359064387500950e+02
4.024086229812785298e+00,5.982101376213173616e-01,4.648226733233220109e+00,1.040388868129498157e+00,9.032754512381377765e+01,8.642045635841600415e+01
2.974816599695879749e+00,1.629238888474199731e+00,1.965512031946241578e+01,1.151560953683564037e+00,1.896262617630273235e+04,1.896130043633638707e+04
1.808956618876154776e+00,7.555602004240267178e-01,1.039820669666814013e+01,1.115162719663922886e+00,3.285617177982775274e+02,3.267825849055512322e+02
1.147636689676205135e+00,2.592162916481942636e-01,1.965291481331838241e+01,1.171649508674559526e+00,2.858404387021102480e+02,2.857500632286251516e+02
4.782491164110920678e+00,4.545638001350600366e-01,9.859048384097199857e+00,6.437091842810362952e-01,4.979964709001185383e+02,4.967768996534628059e+02
3.319075062494287742e+00,4.767636009923102991e-01,1.167615367915755087e+01,3.505524986298482748e-01,5.207138275239232144e+02,5.216838577503466468e+02
1.442392503739482468e+00,8.100170736010263717e-01,1.766950710807567759e+01,6.305653483868772780e-01,8.473341904513999907e+02,8.463429512012562554e+02
1.881597211502503919e+00,6.905496865986577859e-01,2.632579025920393612e+00,2.332893632002471240e-01,1.605806807216099230e+01,1.555809534610420464e+01
3.069985208123178211e+00,2.818855888147388522e-01,6.454883538367777618e+00,1.179655613559201094e-01,8.818111038581672290e+01,9.071390785564723558e+01
2.588969003034448768e+00,4.290308621289367075e-01,5.357736813021071853e+00,3.082386036831104015e-01,7.071036357669356676e+01,7.028130225551397814e+01
6.997922224778152511e-01,1.961346043188581190e+00,1.981718712052662568e+01,1.322695423796477754e-01,1.202696190169846886e+03,1.201751308417548444e+03
1.889207227710447912e+00,1.957227748138489209e+00,1.984946806514444972e+01,9.179328182314524520e-01,8.605692314598147277e+03,8.605816270235436605e+03
3.065454596511383301e+00,1.842768431147854713e+00,9.812407290098921209e+00,9.692997461455725716e-01,1.259944025758834414e+03,1.257396606145347278e+03
4.151285976043030068e+00,1.613610862994093731e+00,1.570444176787629864e+01,3.786079836573809088e-01,1.330237106614259028e+04,1.329922481646051529e+04
1.365692191857431848e+00,5.127953853905151682e-01,1.178512885241936914e+01,6.085622296855801583e-01,2.321323434235121113e+02,2.321147186310586221e+02
1.563314154590477623e+00,1.445904790908883131e+00,2.942513788248318995e+00,1.183384326076272863e+00,3.028424335573685156e+01,2.914350869640260910e+01
2.395297645750249060e+00,7.327770070114403289e-01,1.629824238555925575e+01,8.846021429775839939e-01,1.218393113246938583e+03,1.215570190505638493e+03
1.809492655619202583e+00,3.920964504148473084e-01,9.928144794152343522e+00,3.569778527812587088e-01,1.719736788729221075e+02,1.738518211904451221e+02
4.241619350486244500e+00,3.065333324499514567e-01,1.539174776193925531e+01,7.090807467270162645e-01,8.893749279180717622e+02,8.907675271471725864e+02
2.990672800754982319e+00,5.628130244759542711e-01,4.404371000406348102e+00,8.523926423969304667e-01,5.610006906282266925e+01,5.656716065361949575e+01
1.479117352054712953e+00,1.476476038626078902e+00,2.269536157817015010e+00,2.600105852942942164e-01,2.123863784323736326e+01,2.018903439987919413e+01
2.708040950502748956e+00,4.455049110701633230e-01,1.099567218225810805e+01,3.724985865334856650e-01,3.504287723299250388e+02,3.500438695474203996e+02
2.839551102110895009e+00,1.542733077713365430e+00,1.573619052054260870e+01,5.279240516868953792e-01,4.598631573709119948e+03,4.597492957180882513e+03
1.702146864623206080e+00,1.951105689857478120e+00,6.777954069249321201e+00,9.906237329380600531e-01,3.162090528823783870e+02,3.179357993963776607e+02
3.190768968240607517e+00,1.077971233799504436e+00,1.779149315251628138e+01,4.879593520739428092e-01,5.332800059319671163e+03,5.329932797147504971e+03
3.973428060860327626e+00,1.356442622567149092e+00,9.503338266053752648e+00,9.704964751565370307e-01,1.129087833179624340e+03,1.129635350219822840e+03
1.474225297457759876e+00,1.767390581576792519e+00,1.231021044136794140e+00,5.630705596980002392e-01,6.707393274812805117e-01,7.094481480492189629e-01
1.849745747437063770e+00,6.754653623348523261e-01,1.658797661932455370e+01,1.125064485218372656e+00,8.155493209173255309e+02,8.132897607477867723e+02
1.190078730047888556e+00,1.816233763106019250e+00,1.728280422675632977e+01,6.940786236956274502e-01,1.612290107273657668e+03,1.613528950973598512e+03
1.937915457291262467e+00,1.321806246829861253e+00,4.370875717231767155e+00,1.024520043823363924e+00,9.797367606225354564e+01,9.729566276040475259e+01
4.019382666358757739e+00,1.017388414850401768e+00,2.595688989914459732e+00,1.079580647571768193e+00,2.716247563957690758e+01,3.090178165673901844e+01
3.851878819671744392e+00,1.132422002048110610e+00,1.052624251167238967e+01,8.354318517883614348e-01,1.164000575675513801e+03,1.166349376476894577e+03
4.662035539885199142e+00,4.592661605967829352e-01,1.352470385708098988e+01,9.479140724639641968e-01,1.086973442250559856e+03,1.086863683657191586e+03
2.249544907851765529e+00,1.435086239848712086e+00,1.894307440779322960e+01,2.597962900931477526e-01,5.475688161183298689e+03,5.474937253343978227e+03
9.435668754720358820e-01,1.772585034899351708e+00,1.270035506362925481e+01,3.884364727988129928e-01,5.601851933936279693e+02,5.588227115326478724e+02
1.253951450071521645e+00,1.292522240677798084e+00,8.359085774273328440e+00,8.456935348883657388e-01,2.524691529045237246e+02,2.510287043650512260e+02
2.811871834150951877e+00,9.177561960440838718e-01,1.351066977186353313e+01,2.736060218422915469e-01,1.188815866111704963e+03,1.189447638116201688e+03
9.975934879158135926e-01,9.342975020684096688e-01,1.613634021043827715e+01,6.467758106569967413e-01,5.249607273232925309e+02,5.220956766219878773e+02
3.656693269216430231e+00,3.723878671584717193e-01,1.212447919536994512e+01,3.806860078834807259e-01,5.014698934434037483e+02,5.034131082165050088e+02
1.857208538126944752e+00,1.566923111815599734e+00,7.027990367833353069e+00,7.960929362960659228e-01,3.040949652264544056e+02,3.054924839883328218e+02
2.642680190085584080e+00,7.247266179978018030e-01,1.172869038254337681e+01,4.185475443222810288e-01,6.026982695586825685e+02,6.024312029951036038e+02
2.357048692908592535e+00,2.311981395028612218e-01,8.306162140468220656e+00,7.065772853437158885e-01,8.317574398995961360e+01,8.467590962103692220e+01
2.180489074077439859e+00,1.818637456833570365e+00,1.101671968965161774e+01,1.172434023342888487e+00,1.069455473865771410e+03,1.074051224337841631e+03
4.275184760192612288e+00,5.247330823874274408e-01,4.232962764199607264e+00,1.103771076785766692e+00,5.852660806375224922e+01,5.912083621280388712e+01
6.767957696405804136e-01,9.793970550017445653e-01,1.812277330018213561e+01,7.895562854544481146e-01,4.635480131747720520e+02,4.669869029604024604e+02
4.449934568355855546e+00,3.777437431772475152e-01,1.344686972050146601e+01,4.002582629615767384e-01,8.272704812047147698e+02,8.266840508610399638e+02
9.122205711471222944e-01,1.907784257856716570e+00,1.505140405600612219e+01,4.122001413464185804e-01,8.277564784152755237e+02,8.265445999870198648e+02
1.057965334613025554e+00,1.579585452023628989e+00,1.704730013868817551e+01,4.577776403739191036e-01,1.092090006648217468e+03,1.094093431534880210e+03
1.379411246273629654e+00,1.597871101711574093e+00,6.938585780504065603e+00,9.973168986965686988e-01,2.313923360118169796e+02,2.275614293367797814e+02
4.367428755601594048e+00,1.105193834302641509e+00,2.163414703862098776e+00,1.108117646500782483e+00,1.164799654238150950e+01,1.356722005414056298e+01
4.902872666706103999e+00,1.482671189914134047e+00,1.758630673424648405e+00,1.088719368744285321e+00,6.209103485350699003e+00,6.207465642991481403e+00
1.217408593835273001e+00,8.834240964300175136e-01,3.430528760886765838e+00,1.183888393363974778e+00,1.826616849069596782e+01,1.730557256439182368e+01
2.957652250553215900e+00,1.719173695613520625e+00,1.732520919358601930e+01,5.601862269657289506e-01,1.033814217151505909e+04,1.033831401358590119e+04
3.174325888089014391e+00,4.903250771216464132e-01,1.944549150951599970e+01,6.109268498090253408e-01,2.065009652705760345e+03,2.065232341304001693e+03
1.378416823111453082e+00,8.172334558944396310e-01,1.654094839051046861e+01,3.210840815580994212e-01,6.965432957125293569e+02,6.990384801839288684e+02
3.766658287481238432e+00,4.150485053613834907e-01,7.197583329188767642e+00,7.377922861805068511e-01,1.779510772364458830e+02,1.796346835553307812e+02
2.568917602610649276e+00,9.475967361642410047e-01,7.808304093817938885e+00,1.176067407230549033e+00,3.144257957155323311e+02,3.148276239531628562e+02
1.593805673657364919e+00,1.752917551102456173e+00,1.250126437586566297e+01,9.110054209572471251e-01,9.499529668270715774e+02,9.495118753444654658e+02
1.596896779335236882e+00,1.496911445634004911e+00,2.352199076313655102e+00,9.968995732250124364e-01,1.629962629264554863e+01,1.441053077766597035e+01
3.312788321018465432e+00,1.943625169526282725e+00,9.656687741435854733e+00,1.092269967389123408e+00,1.440465106716674654e+03,1.440863310373174500e+03
6.570722339918483312e-01,1.946964050343968466e+00,1.778920673072334679e+01,5.807721808976410438e-01,8.385062980505156247e+02,8.333559997334563150e+02
4.161857505707525107e+00,1.903370443051865202e+00,6.115474810109413184e+00,3.973248176083733485e-01,5.879667585760093971e+02,5.898986036141009208e+02
4.109937233717319671e+00,1.422736705858775874e+00,8.643501207160245059e+00,4.784070088631063866e-01,9.775198256414716980e+02,9.775176337619599281e+02
2.958078003924592192e+00,4.959636979264289147e-01,8.353296422885719608e+00,5.930209284550052029e-01,2.360987550107696507e+02,2.327749712028201259e+02
6.157445480348605615e-01,8.069932579884429025e-01,1.136497399318654900e+01,5.053972859187445543e-01,1.550922216950808661e+02,1.562220118023828093e+02
3.633878446776426241e+00,1.780650079700418997e+00,8.357523751827493186e+00,2.567844401295774626e-01,9.957637916647109932e+02,9.939859899274633790e+02
2.192351536505546594e+00,1.414175209501204344e+00,1.210564165113119728e+01,6.569215696729164833e-01,1.034193959319422675e+03,1.033261890837324472e+03
8.072770823233403892e-01,5.731806322549145571e-01,1.796814249958545551e+00,1.197136691102865358e+00,-4.113807665910831801e+00,-7.686005914495778413e+00
1.905023673619887337e+00,7.871669396283726972e-01,1.229805328764337524e+01,4.479644590624628497e-01,5.079793826032527591e+02,5.064815371438211287e+02
2.275204805193728141e+00,1.292416177531754862e+00,4.704221254895241344e+00,7.880828644768442803e-01,1.351104988361996391e+02,1.354294365790011909e+02
1.051977754292039435e+00,7.823890513858897666e-01,8.466102408542674596e+00,7.821943648340542454e-01,1.384709212836189636e+02,1.383019802487620211e+02
4.763843432691105662e+00,4.031777436798814063e-01,6.602950545972166907e+00,1.874879165019803229e-01,2.000870145216066476e+02,2.006649043345601058e+02
2.417186564118751324e+00,7.881172329574166469e-01,3.109587236664401289e+00,1.569577198244296035e-01,3.859301720467237828e+01,3.713032647173766065e+01
4.145127206125775565e+00,1.609897935705000283e+00,1.852573753259873968e+01,9.919246606540429445e-01,3.567539801049963717e+04,3.567651966466990416e+04
3.188956776629792156e+00,1.632099188429913639e+00,4.604260104416339594e+00,2.855687084189135749e-01,2.325103236815467369e+02,2.295429812673689582e+02
2.217646053372216652e+00,1.366217404547148240e+00,4.293030679879674238e+00,9.262907994197285833e-01,1.118494098686846883e+02,1.107028587550114338e+02
2.806890921140174022e+00,1.818574245370043307e+00,1.933843166505270972e+01,9.615168381318898172e-01,1.902813755321619465e+04,1.902282769105111220e+04
2.777502451606523426e+00,3.117157912288880950e-01,1.361798879132903650e+00,4.409911349361576027e-01,-8.184252018377945248e+00,-8.812387057869793594e+00
2.205034266618501881e+00,3.413612755363523710e-01,1.789495325942993631e+01,8.914378718563268356e-01,6.193710859132260111e+02,6.182608509648290465e+02
1.008113041007331345e+00,1.271564316531556882e+00,9.012496272556168364e+00,1.119612663887315174e+00,2.345938291439686623e+02,2.341869709590766604e+02
4.263250337156677006e+00,6.282148511165022153e-01,1.142967701313398443e+01,2.471846258959969900e-01,8.744074066065076067e+02,8.755280181068213778e+02
2.763607279836152397e+00,1.087587279979191246e+00,4.094337227543769941e+00,8.152129572532842428e-01,9.732304747089813191e+01,9.992401186561789928e+01
2.771105168389899287e+00,1.979997545371538381e+00,8.436060571503047001e+00,9.402670947394916601e-01,8.091975472737599375e+02,8.068189108678567436e+02
2.527287844298695685e+00,6.034486763008282129e-01,1.046491814566692469e+01,7.780374302740378223e-01,3.783920426479578509e+02,3.778855896299291430e+02
2.388901268423513358e+00,4.281657254967446424e-01,1.027903426532611419e+01,1.467119561201432609e-01,2.668716176499320909e+02,2.629280807689727908e+02
4.626509150320210040e+00,1.492219608102972384e+00,1.628729742382179069e+01,3.897024585318631384e-01,1.865990991658836720e+04,1.866353833404809848e+04
4.655199948285357436e+00,1.783648825504220659e+00,1.752854435330591443e+01,1.508826250388811407e-01,4.774469845666085894e+04,4.774727128291464760e+04
3.825786819867867283e+00,4.755601992986049353e-01,3.355439088426237948e+00,2.214189444030603138e-01,3.952244463005700936e+01,4.042670583479163327e+01
7.120713153720567012e-01,2.143293423152524968e-01,2.538194084889131119e+00,8.741319437120789182e-01,-3.146866949617367126e+00,-7.474683637917203249e-01
2.232254790476645656e+00,8.356535929238175786e-01,1.152309414479546845e+01,3.626684667907972281e-01,5.542540701464957920e+02,5.559490540796830373e+02
3.591681348440006971e+00,3.717675888062949019e-01,8.648317455875695003e+00,6.936424151029627616e-01,2.309748513351604515e+02,2.296851508537277482e+02
2.983305751546600604e+00,9.059881736722239509e-01,7.989089092933405745e+00,5.359859068195541587e-01,3.745122772301661485e+02,3.759342805701069778e+02
4.152904883172809924e+00,6.581183738344758005e-01,1.740069421637488034e+01,1.113199884925220040e-01,3.600431926226523046e+03,3.602765325695534557e+03
1.785098219476764392e+00,1.467942066166481041e+00,1.389076987577674949e+01,4.679513463658135919e-01,1.185407536369004220e+03,1.187008108793036627e+03
4.371830751612520771e+00,9.996058619373344722e-01,1.688219805450552258e+01,7.877965524226798744e-01,7.752946036271888261e+03,7.752766223322839323e+03
1.873317383558760874e+00,1.988530092018333972e+00,7.627904863673432345e+00,7.135220161796244076e-01,4.415817735369544152e+02,4.408043719255827000e+02
2.582633929480150137e+00,2.652007129125297236e-01,9.116034313714971304e+00,8.637867036800220832e-01,1.299277643025239115e+02,1.346725554299697194e+02
1.656617342102072010e+00,4.300224509119823235e-01,1.459748107162807784e+01,3.377738829673050391e-01,3.663473952749350815e+02,3.668889074360953373e+02
3.811221177180291964e+00,3.146516291248395714e-01,1.607555661165151761e+01,4.530047131356255141e-01,8.964480841605129626e+02,8.975403600607338603e+02
1.196558817110749295e+00,1.386534115189931304e+00,1.033671837760292966e+01,3.732182288300585071e-01,3.849141050965118893e+02,3.821091277857723298e+02
4.087184558355860808e+00,9.638765522874215286e-01,1.567820311214296147e+01,8.690055539387323558e-01,4.270029890482348492e+03,4.271395527186778963e+03
3.615793604560819663e+00,5.343987675263643933e-01,1.639482665490665880e+01,8.196322885491929000e-01,1.605410180699662760e+03,1.605904099438186904e+03
1.361702985553715495e+00,9.398894726196531657e-01,1.384296853374745240e+01,1.062379120875805771e+00,5.311429530231563376e+02,5.294193786775136914e+02
3.918707332112127517e+00,6.145536471284316349e-01,1.305049607996800987e+01,5.575427545976469057e-01,1.076617760119951754e+03,1.079196799992545039e+03
8.395641342417548003e-01,1.305427853542018735e+00,1.322294441048840952e+01,8.445967153816744677e-01,4.096330431492339130e+02,4.096276571547550702e+02
2.436995700683954880e+00,1.085356976577754207e+00,8.356917584608808625e+00,4.500984109423302737e-01,3.991884263778933928e+02,4.004848196767659374e+02
4.168402518353207853e+00,2.582410128756885692e-01,1.686191859444636520e+01,6.126739626342447842e-01,9.418005872102353351e+02,9.427217631271589653e+02
1.661237212698668309e+00,3.154367124899875030e-01,5.928448035703213215e+00,8.598520567139700255e-01,3.345396861206970129e+01,3.205557272256252332e+01
3.231457370074300339e+00,5.231526891652611422e-01,2.898794416198247959e+00,8.024798052184173303e-01,9.731878972989182586e+00,1.031067092642063265e+01
2.718377513518420052e+00,1.165857171528098757e+00,1.056525938916127139e+01,1.166855445941658687e+00,7.707700772436221541e+02,7.735384717500398892e+02
5.041406179647784924e-01,1.780559171592017487e+00,5.067705229648671761e+00,2.718165113069352934e-01,5.398634327856321136e+01,5.177497019750833829e+01
2.404074128392119647e+00,3.544420896170143997e-01,7.326177228447589229e+00,5.680893711228558463e-01,1.036642351976838938e+02,1.015906451254483329e+02
4.980823674684052627e+00,9.413468146644912160e-01,3.409563266277142901e+00,1.179118347753952412e+00,7.904849394365702153e+01,7.722509171463568123e+01
7.363102777286444356e-01,9.788623081918159663e-01,6.427604968368511251e+00,9.017984339760211077e-01,6.752056318468594043e+01,6.900136187556270784e+01
1.273754462919079344e+00,1.373480369261877332e+00,1.713428503366737132e+01,1.233308081166738235e-01,1.213905815060961459e+03,1.212980950873305346e+03
5.805155868929066099e-01,8.585263358754493535e-01,5.156178961860227616e+00,3.764056472723472657e-01,2.993629768661084611e+01,3.052414285575970965e+01
2.891691951522732840e+00,1.066004028523288349e+00,8.256173190351276503e+00,6.800493253023237594e-01,4.450354596059375467e+02,4.473190709386162780e+02
1.699081656974508192e+00,1.142644374016566156e+00,1.573079496747149442e+01,1.096892616101487139e+00,1.142609888690448770e+03,1.140357730306400754e+03
7.132682760918716003e-01,1.683324653550943406e+00,4.644078664099840381e+00,1.159627150119613592e+00,5.512773946155012084e+01,5.807326311159189913e+01
9.206264156685486366e-01,1.687545224368688590e+00,7.071761780041800449e+00,1.066680660074339260e+00,1.755855230027496532e+02,1.756419279100395556e+02
8.549202478357174062e-01,1.347235682349770647e+00,1.733625663272052719e+01,8.429450752474006991e-01,7.306169055177297196e+02,7.302646914291768780e+02
3.521330808519621325e+00,1.982261463446472138e+00,9.716585302622549492e+00,6.263108470219078683e-01,1.668613761326600525e+03,1.671671059222972644e+03
1.061765643216117105e+00,9.220066590208566559e-01,3.390559508830995217e+00,9.333763779334679489e-01,1.765970642945129399e+01,1.857195329787360549e+01
4.812438013343231624e+00,2.221952715005086065e-01,6.658952262712266368e+00,1.167250517910093821e+00,8.031635301915270020e+01,7.768357763266662630e+01
2.761416556493486940e+00,1.765556064454368412e+00,1.483965964095732204e+01,1.012128548572305498e+00,4.291357423898733032e+03,4.291236683858699507e+03
1.876178814607920353e+00,1.542572578792654303e+00,1.918386455281133607e+01,6.468134359401150890e-01,4.368632071362329043e+03,4.367086700890420616e+03
4.568670054425466809e+00,9.650219545739846527e-01,5.136960224601506475e+00,1.094980031999207348e+00,2.218361291893584735e+02,2.223651064523166099e+02
4.024774942401856848e+00,7.398002472627625004e-01,4.570997425263780833e+00,1.047706741148923815e+00,1.123199351824085994e+02,1.113769087269931362e+02
2.061197339374603033e+00,1.207631896447261433e+00,2.971121936913708517e+00,8.121704128395612621e-01,3.534861928881311144e+01,3.466754078444549236e+01
3.136340851093159188e+00,2.222219184224857591e-01,9.103462468594017309e+00,7.135749640702383489e-01,1.337412783023407030e+02,1.356561062026212880e+02
3.334019218330836143e+00,2.036599692542330753e-01,5.924435195113599839e+00,1.118148391381507123e+00,3.109579053554119810e+01,2.770606643812556769e+01
4.715212314491383339e+00,1.505441554409842508e+00,1.125671949937807170e+01,8.846054604441864200e-01,3.110273952677786838e+03,3.110833040856629395e+03
4.839342549295176710e+00,1.065000900939030881e+00,3.438956278957257418e+00,2.975130740100293547e-01,1.239010725951544885e+02,1.234306166139373033e+02
3.792254363350090252e+00,1.341561943814626900e+00,1.895463476062061892e+00,3.222801163397678859e-01,2.818468817900850354e+01,2.882825007260919747e+01
1.207542035061718977e+00,4.823942365279977329e-01,7.460592302389076558e+00,5.973627856145146131e-01,7.485461706912045088e+01,7.010877676167908135e+01
3.179029859282779480e+00,1.906707421149211212e+00,9.507854137598226174e+00,4.341845511758942733e-01,1.277750528753030494e+03,1.275838632597009791e+03
8.639733434900581655e-01,4.647508804149417805e-01,5.735511896587298430e+00,6.653575738299865039e-01,2.719286415622639907e+01,2.637436020418255822e+01
2.439044447506467428e+00,4.540273429096418067e-01,1.221691606056813661e+01,4.088178159835624825e-01,3.960427281695026522e+02,3.993446481758775803e+02
3.913615922845396167e+00,9.745591965713025218e-01,3.741042633882718071e+00,8.923932595749684005e-01,9.294735053743430342e+01,9.043216281820757274e+01
4.192863169922620870e+00,1.078826196381129643e+00,5.987426539988351948e+00,3.389543895796316431e-01,3.417323104084491661e+02,3.394808397678330039e+02
2.124137629829797369e+00,1.141262889879672615e+00,1.888316745058819635e+01,1.157802031132486142e+00,3.092640312902180085e+03,3.092254060088157075e+03
1.774447455281629393e+00,1.379240996967371569e+00,1.001875555789669825e+01,1.917531304479236365e-01,5.249333030011648589e+02,5.255654380269502326e+02
3.758888472627879729e+00,1.736924806555109946e+00,4.848201332524078921e+00,8.600706311498477197e-01,2.943991960539316324e+02,2.931699214271957317e+02
4.594490495694420140e+00,1.967696356051587214e+00,7.341435209608488499e+00,1.005126505886895005e+00,1.046659600037104383e+03,1.046828239126939707e+03
4.226220312592893436e+00,1.005690871554481447e+00,9.960229190959049461e+00,2.858226624148376693e-01,1.003939549997097402e+03,1.000664897363943624e+03
3.591935539893941431e+00,1.025549644316466447e+00,1.648002116122209770e+01,4.487918663050498580e-01,4.483161279324600400e+03,4.486536899694888234e+03
2.151983235748924361e+00,6.214624331904943233e-01,3.928808805729448572e+00,7.129027668213185898e-01,3.492538313952008622e+01,3.424474932285988871e+01
1.935370175146582161e+00,1.457516697535822026e+00,1.724838743990413903e+01,7.510699284252817520e-01,2.704999702460544540e+03,2.705252288861542638e+03
3.875297395379447174e+00,1.124676195798490541e+00,1.161270550964331782e+01,4.901803605956583931e-01,1.576828876150583028e+03,1.582230511220573590e+03
3.460109185499895101e+00,1.012691473647357343e+00,5.105749513292547448e+00,9.945707029179532421e-01,1.812550727594081081e+02,1.801276645769521565e+02
5.702716467732840133e-01,8.134183857081669355e-01,1.246650412982122091e+01,6.853055918263490920e-01,1.722867433430846233e+02,1.698024767254905214e+02
2.786473674486579011e+00,1.046971477523536809e+00,1.437106182684244793e+01,8.773484427683845288e-01,1.655330021501418287e+03,1.653349106807819908e+03
4.900700311413893395e+00,1.318803031233401812e+00,1.299126750417192611e+01,7.188615302110664684e-01,4.959903769691527486e+03,4.963243456265311579e+03
1.821395960502108391e+00,1.684368820190144334e+00,2.529983643737595767e+00,1.581696860774073898e-01,4.111994396683553532e+01,4.073906407368406946e+01
4.832413437722994587e+00,1.267911511650013479e+00,9.766388108126296430e+00,7.895429406785196003e-01,1.503888022470687247e+03,1.502320056806293678e+03
4.142575047054613435e+00,1.535210161471616708e+00,5.630213512015828314e+00,4.426763700276079572e-01,4.026497442298084479e+02,4.025755970636296297e+02
2.982540234122139644e+00,9.206117030809815027e-01,1.879410794715262156e+01,8.873033788040767256e-01,4.344415578244981589e+03,4.344317980108681695e+03
1.225338044002459270e+00,1.241938337557315419e+00,1.745132687279720685e+01,1.184400738598808234e+00,1.061896099253281136e+03,1.063908601425696133e+03
2.700636490908675746e+00,1.838473489035478803e+00,1.891195773257686241e+01,9.767774575324523756e-01,1.531213931164497444e+04,1.531357985370610731e+04
4.789825723271177615e+00,1.056210710068497427e+00,1.251924563860164064e+01,1.121065606937262205e+00,2.705314987821633167e+03,2.706069436850276361e+03
5.014090061345737315e-01,4.900883591925704330e-01,5.549707971380463789e+00,4.507853379144513006e-01,1.631021631905213098e+01,1.727629181904966771e+01
2.082222922567308565e+00,1.585476681728277049e+00,1.504733771976327361e+01,1.060260265663439894e+00,2.141244409591585281e+03,2.139632807539420355e+03
2.063011107592469529e+00,1.234592141021761735e+00,8.136782201902942546e+00,6.474296371050372034e-01,3.608369046632269601e+02,3.583188952773103892e+02
4.133197068893473158e+00,7.449482120746009350e-01,1.008659759876925577e+01,1.679941597220381277e-01,7.381225196710219052e+02,7.389352347886144798e+02
7.164417735832333545e-01,5.633241540229816380e-01,1.133639993301924598e+01,4.770794154818077670e-01,1.269685745910344110e+02,1.280226103535634081e+02
1.616133657955962422e+00,6.507942174845424699e-01,1.099322855730862791e+01,4.347768881049883793e-01,2.963955113923030922e+02,2.967397348373734758e+02
4.584944375351136969e+00,1.681181177714607733e+00,2.116307596288408366e+00,1.080672793359306771e+00,3.583753219611214291e+01,3.641475616871821330e+01
3.931173030377367983e+00,1.357568477279038843e+00,1.069744799493865806e+01,5.001364180702472240e-01,1.601922619383845358e+03,1.603189559871859274e+03
1.766523253536547600e+00,1.140500809965010243e+00,8.949196302921592405e+00,1.150660945818366532e+00,3.457235618922075560e+02,3.434454306772749987e+02
4.008428228106448721e+00,5.414236783457198054e-01,4.890686108860000658e+00,6.047455833203967401e-01,1.028937568068401873e+02,1.022183691955353879e+02
4.654638590897978823e+00,1.616411254769496431e+00,1.670561094119256040e+01,1.600322925894901993e-01,2.712807961131375123e+04,2.712635052513493429e+04
4.879816042414769406e+00,1.088345576253224145e+00,9.788069725807700294e+00,7.437492631042437186e-01,1.261988262406600825e+03,1.258271793987489445e+03
4.913313453199755543e+00,7.246312307375681883e-01,3.234183886665889851e+00,2.440536895852699062e-01,7.408783805781911269e+01,7.515628280063822331e+01
2.923181767876672055e+00,1.407163857825466602e+00,1.630670276627468596e+01,1.069248431653659903e+00,4.832041658208739136e+03,4.831589846442307135e+03
9.932228331349388650e-01,1.441974667940305155e+00,1.273986504448254031e+01,1.567456772310461266e-01,4.939942716689467375e+02,4.948131136057815525e+02
2.849869830168691998e+00,4.999388481069504397e-01,2.313219439896700091e+00,6.037744374387040702e-01,1.167076918508589856e+00,2.433764628346180459e+00
1.228033931609226581e+00,1.756346828295413554e+00,2.721507543991861233e+00,9.896381563822665983e-01,2.595364535516313964e+01,2.414950310958788648e+01
2.935491040407630869e+00,9.099412332665730574e-01,1.191295314447552300e+01,4.199222414649856905e-01,8.890206479226117153e+02,8.920388352597425410e+02
8.463474249875080346e-01,6.060180217450995555e-01,5.689981478353427491e+00,9.789568268768866766e-01,3.377425723320828865e+01,3.438428940236682507e+01
3.666959123456314806e+00,7.252632057406200872e-01,1.353095294406854165e+01,9.942243361909144372e-01,1.309377048286646186e+03,1.311398639875900244e+03
7.774725756149689637e-01,1.891155192597023138e+00,1.865483697198026647e+01,5.362910361675147231e-01,1.129486917398159221e+03,1.132878180919600254e+03
1.759593578986750284e+00,1.023613453023126896e+00,1.281901490277793876e+01,5.109236006322016577e-01,6.495548666435563518e+02,6.486052202627835186e+02
4.357703780809554672e+00,1.369349730273006882e+00,3.057340167102096551e+00,9.784860453784761658e-01,8.902728326365384248e+01,8.779797414257363641e+01
9.709902988675391811e-01,1.115039324162468315e+00,7.226078355801318409e+00,5.261076566316914560e-01,1.328428523657062215e+02,1.332045740769989663e+02
1.431218441253996776e+00,1.990224511016977837e+00,1.881218448950255606e+01,1.835481023760870412e-01,3.577115386024249347e+03,3.579338231163343607e+03
2.146749127076009067e+00,1.509062778227939328e+00,9.350545711819464145e+00,7.519028041957797059e-01,5.896420654701228159e+02,5.919283759732043109e+02
2.058770078582868202e+00,1.694393502223871639e+00,1.979848248005774991e+01,4.313912113063316234e-01,7.732373302462055108e+03,7.728435767696811126e+03
4.158576053112119197e+00,8.205238512414765317e-01,1.577162982433872074e+01,8.688116209600034168e-01,3.423446264720551881e+03,3.426320216407032603e+03
8.504483945200427275e-01,1.854735413109499298e+00,1.848009577954847771e+01,2.084049990665924335e-01,1.220614377242945238e+03,1.219724530612290209e+03
2.403215006565321943e+00,1.611721295895406803e+00,1.101259307034388790e+00,3.320897989963869090e-01,2.238098668586354645e+00,3.220337358802050520e+00
4.152346937322460185e+00,1.539870143718301998e+00,1.251692032961787326e+00,9.778011621623224903e-01,-1.244250610938283863e+01,-1.508992599982511962e+01
4.048835792643151521e+00,1.710294518460762969e+00,1.073682700265206513e+01,4.848152062853567923e-01,2.396638117187602347e+03,2.394873742550947554e+03
4.614218665355397597e+00,1.031045911572969764e+00,9.936649933967899528e+00,1.052483041455065660e+00,1.130188483222935020e+03,1.130921132502337059e+03
6.179302389739188550e-01,1.402572978339992504e+00,1.679975405893583229e+01,1.142160909521393597e+00,5.049674925203094062e+02,5.013988448786972754e+02
4.964943803896269436e+00,1.761861694451757554e+00,1.226675401256999365e+01,8.800842813132621067e-01,6.991076655356710035e+03,6.992692454404735145e+03
2.317795934046092299e+00,7.336322220289916984e-01,1.795845078853848165e+01,9.502637899680915767e-01,1.561124607526823183e+03,1.560047140314316493e+03
4.571954870888880862e+00,1.753905992523872026e+00,1.279078210719832143e+01,4.358853040455710204e-01,6.957664334594126558e+03,6.958218021074902026e+03
4.953603966773978406e+00,1.630834003438483615e+00,1.413339899723224313e+01,6.527825001120171056e-01,1.240203066703466175e+04,1.240232707674735684e+04
2.464273600945048770e+00,1.669030567752371130e+00,6.961832180772530521e+00,5.807518472251607111e-01,4.085996350797986452e+02,4.074914298509429500e+02
2.816359031655604639e+00,1.407179717067801983e+00,5.210592829476274446e+00,3.067749292450142606e-01,2.320989237419626079e+02,2.347257630012779259e+02
2.607353692055145444e+00,9.032754507126314891e-01,1.071774072024521374e+01,1.666727247060552086e-01,6.071110666576851145e+02,6.117936961391455952e+02
4.992422253468432380e+00,1.279842302362902640e+00,1.290924180696694101e+01,2.148306930675301651e-01,4.767481072319572377e+03,4.768742584799676479e+03
2.750758113372808289e+00,1.825510022661599452e+00,1.189630437686833098e+01,5.044366377368489918e-01,1.922949387840372083e+03,1.919518063734285079e+03
3.513420249733821610e+00,1.565283770873214131e+00,8.553630043755475754e+00,1.443959628528654615e-01,8.814254012601745671e+02,8.816692125751316098e+02
2.430551783607302507e+00,1.211317814624555789e+00,4.309371261941201681e+00,8.594228470246689788e-01,1.089511509024855656e+02,1.084996715262213769e+02
3.749025703755155980e+00,6.325371899545844112e-01,3.883825275708638003e+00,1.113075933065198614e-01,8.015125323847931327e+01,8.197209658488026207e+01
3.646456820087288886e+00,1.786713386042148688e+00,9.397504171655912231e+00,1.040792216392070424e+00,1.368783737170798304e+03,1.368906485681280174e+03
3.773695964288555693e+00,1.134682630325354324e+00,1.060051051130939825e+01,3.908427752585462711e-01,1.169917471860999285e+03,1.174203954206332355e+03
3.081144255616368177e+00,5.919706594047305925e-01,1.121863494926148164e+01,1.167395979445927878e+00,5.196101414894540085e+02,5.209964959421449748e+02
2.599810476102760948e+00,8.291756990005076933e-01,2.090210071495810062e+00,8.610591234230503543e-01,1.476661734319412389e+00,2.673483714536442957e+00
1.919874289376187537e+00,8.947971865157728910e-01,1.046624565437464227e+01,9.686474291952891225e-01,4.097776524739425668e+02,4.090916460078364025e+02
2.944153097435730615e+00,1.254116089617714591e+00,1.277536774176273937e+01,1.139301250566570500e+00,1.582477100225663435e+03,1.580698263968223273e+03
2.963540690685288581e+00,2.334240881405613977e-01,6.444175703281213252e+00,6.929266899291965931e-01,5.477924233359898665e+01,5.460952903589210905e+01
3.242442590896508214e+00,6.093570330198694318e-01,1.737563472982865065e+01,2.927164898807658733e-01,1.949251534426167154e+03,1.949657492831861646e+03
7.471926745545969251e-01,3.449094767609666157e-01,1.456201041411010877e+01,5.897674022271041094e-01,1.347144068798488661e+02,1.356728523201273617e+02
9.540708833522348886e-01,1.913575271796417399e+00,7.959807292910388021e+00,1.009660860668319282e+00,2.547500514238719234e+02,2.551524305764417875e+02
3.826643174872953246e+00,9.267554006542981782e-01,7.145374048046363669e+00,4.899954195604511176e-01,3.863248017845493223e+02,3.857649885931965059e+02
3.849698237928304234e+00,9.756625598864032689e-01,2.406420420144917749e+00,2.104533506897933726e-01,4.072606412631711237e+01,4.082508776818103513e+01
1.070367295562787424e+00,1.472233533965465968e+00,3.278269631077561197e+00,5.472691886044396270e-01,3.346553899187522063e+01,3.254030084802965916e+01
3.942790113441050348e+00,1.300446591349541547e+00,7.500750979543833630e+00,8.868464166996875564e-01,5.896953427650071262e+02,5.877161254225945868e+02
4.774804944423182818e+00,1.240181761606022670e+00,9.599828068012781657e+00,6.292222129163996813e-01,1.364970972969158993e+03,1.363235968685800344e+03
4.769992659523854428e+00,1.207531170764684525e+00,1.177081645781085939e+01,2.647746319049055774e-01,2.651187366424672291e+03,2.652173202546637640e+03
3.026241011890743238e+00,7.321001403781028927e-01,1.200278412569092978e+01,1.024888729857648562e+00,7.363171473142529067e+02,7.377683371228246187e+02
1.153025740028722268e+00,1.386809299233453308e+00,5.421832175625346473e+00,1.173052875942735440e+00,1.018084967140282231e+02,1.013752490678940887e+02
4.009788441332219122e+00,8.610790327124646648e-01,4.468933884115777744e+00,1.163441286977314304e+00,1.242079141763794610e+02,1.239347062620514350e+02
2.823781177447864277e+00,1.665378913095139302e+00,1.788389602913821008e+01,3.620605215929233456e-01,1.006889417517340553e+04,1.006998672042741055e+04
4.572044570190866963e+00,7.589786530476763105e-01,1.602926254140313489e+01,7.532354512559757964e-01,3.950090567724751509e+03,3.949817810374163400e+03
2.924757933659035469e+00,1.106459826584862860e+00,1.205132565246771215e+01,8.479859500596927946e-01,1.127016458176833567e+03,1.133300051139441848e+03
1.450578184652747904e+00,2.824100678084505711e-01,3.991124310942951947e+00,9.724154414531137602e-01,3.693625041765607797e+00,3.950747789672397037e+00
1.029854099247135224e+00,3.047940733843371164e-01,1.510080555818674597e+01,2.170616759597269185e-01,1.810471679086847416e+02,1.800083325526495912e+02
6.076068570198538410e-01,1.302532221595972928e+00,8.613827559782009757e+00,3.768851122112775176e-01,1.412168437402824850e+02,1.375952377247063509e+02
4.516881653322491808e+00,2.990087415219993550e-01,1.309936160015118034e+01,8.917438038874972994e-01,6.088780068448647853e+02,6.092983309052370942e+02
4.649398943136409557e+00,1.911761626869356023e+00,1.673308483838609462e+01,8.835350358637219514e-01,4.237215900398007216e+04,4.237420902687114722e+04
9.240198633771720127e-01,6.225019681446095632e-01,1.768019697126162271e+01,2.605206161585824631e-01,4.086048343634134881e+02,4.084921749132228115e+02
3.568134621411145790e+00,1.163406014225943030e+00,5.193313396350665023e+00,1.053934152328556584e+00,2.204087773684595106e+02,2.228911287359382243e+02
1.828197420081204116e+00,8.265739277624153392e-01,1.946404015688484890e+01,7.514671649555861865e-01,1.607071828288575261e+03,1.605885753586904457e+03
4.432144301931308483e+00,2.221926232519303712e-01,1.346829161183383938e+01,3.991793136436375677e-01,4.956923947649140700e+02,4.954901757018583908e+02
4.847713011321617138e+00,1.705296611143349628e+00,1.835163706865677646e+00,1.541836495806215568e-01,5.310788695117017255e+01,5.273714313230312456e+01
2.527575258062540353e+00,1.398211277654280993e+00,1.300385946397359405e+01,6.023134905905542791e-01,1.532456281378107860e+03,1.530953626207500292e+03
2.228396848117153439e+00,2.033284265970856930e-01,3.178004242779707500e+00,1.052444664390257190e+00,-8.396469166795554884e+00,-1.136174933428804046e+01
4.552787419939685165e+00,8.807342316254958003e-01,1.175647615491116937e+01,8.560512153722539264e-01,1.520120099598353136e+03,1.518214516325122759e+03
1.764625425435860873e+00,1.546234805182004290e+00,5.818798285450466956e+00,9.500456119731867100e-01,1.976012838677693821e+02,1.937976885072401956e+02
4.518629633575282689e+00,1.270606710267109474e+00,8.345032256120347824e+00,5.961464040968581513e-01,8.814325855758266925e+02,8.829507663264106441e+02
4.801519236016257075e+00,1.245233619765297783e+00,1.430544751087503386e+01,5.669078140732631832e-01,6.707084696888894541e+03,6.706741827321057826e+03
1.496230196448183447e+00,4.500978619233998446e-01,1.510260724603398153e+01,7.811521156012638523e-01,3.624189641001045743e+02,3.622115366142946300e+02
2.284608181635870316e+00,3.522317460487058849e-01,3.943414525475884780e+00,2.079279159412363298e-01,2.505776026116795663e+01,2.390914650329153091e+01
3.917984834854563392e+00,1.888343310460761648e+00,1.721383798438815660e+01,9.312808893165335222e-01,2.852790875783848969e+04,2.852981224388850751e+04
1.594224220115321833e+00,7.778977517084597615e-01,1.210700836121983670e+01,6.336026924485611556e-01,4.065340788785509858e+02,4.048415294219586258e+02
3.612116937512454662e+00,6.622680356844068417e-01,1.564865435738630239e+01,1.656293603704250272e-01,1.842763913184314788e+03,1.846133349234997695e+03
2.425609281428374953e+00,7.827180663403854322e-01,1.001771993384413406e+01,8.903155446119249694e-01,4.179670562587974700e+02,4.201370627361273478e+02
4.859368234221380867e+00,1.287168270119552371e+00,6.351342729928748376e+00,1.012070442939996484e+00,4.935220457676962269e+02,4.921238176869308063e+02
4.366473558416787526e+00,9.676469661333877426e-01,1.759122392900322396e+01,5.692838312964254577e-01,8.968331790659480248e+03,8.967930679204890112e+03
4.756566127013446277e+00,1.015393644794023942e+00,1.346798939423955765e+01,1.138395849068741583e+00,3.361341043735530093e+03,3.362599311765999119e+03
3.116220304422288478e+00,7.866239875685094862e-01,6.875137255414014881e+00,3.269685755970054286e-01,2.610619404985143319e+02,2.635647765244718812e+02
3.896128759868408231e+00,7.250964145550915507e-01,1.714780571830498346e+01,1.863615111080854092e-01,3.466795741910189463e+03,3.465211213330581813e+03
1.648774395323723274e+00,1.374528645524568882e+00,1.426740015481504109e+01,1.130592536046961971e+00,1.049468000058213420e+03,1.048470005460482525e+03
3.684437910669074334e+00,7.324493866673154052e-01,7.361913082135380648e+00,9.302139463999324898e-01,3.099189597669794694e+02,3.149288925908315946e+02
1.040883587634529706e+00,1.207185267986577992e+00,5.457079530420451796e+00,9.183805560272453317e-01,8.202751433308472429e+01,8.386666323775844489e+01
1.815999660212697098e+00,1.322164870153623273e+00,8.254632672225202583e+00,5.203394912117331739e-01,3.529349142152142917e+02,3.547279112879980403e+02
3.533044491121854591e+00,1.087142002758449966e+00,8.042356350277476196e+00,1.130405970399353421e+00,5.126571202191112206e+02,5.165243701866934316e+02
4.424734827889632349e+00,1.727689102402369503e+00,1.695188391794189187e+01,1.239858803857784852e-01,3.012751509539726976e+04,3.012840681179531384e+04
1.319002898441512972e+00,1.955352912006159682e+00,1.427172587658129599e+00,5.302498506750242813e-01,4.713161280648168194e+00,3.800665759679660027e+00
1.707789120817300166e+00,1.072179863350783302e+00,5.758510582059018112e+00,1.083379569051133196e+00,1.300785440741423145e+02,1.266207263413326132e+02
9.230964793843965399e-01,9.935830114586434725e-01,1.157600433290688891e+01,1.131031865316498797e+00,2.770388322157475613e+02,2.787624419986816520e+02
5.729359166382059776e-01,1.870541627566037590e+00,2.635674577998210033e+00,8.512993338162780921e-01,1.251774521151948072e+01,1.025101814513545229e+01
1.737645168586827493e+00,1.010640457654872870e+00,4.472140575140697294e+00,1.198998679531318334e+00,6.735865352038736376e+01,6.870017448027580542e+01
2.529187640007913185e+00,1.279748940547972502e+00,5.882317487686447244e+00,1.135038657654302341e+00,2.305548899928533615e+02,2.266052288452036976e+02
7.035409588047756291e-01,1.541738731524158856e+00,8.204779120421015648e+00,8.391696751217311290e-01,1.698784877412423668e+02,1.689297832899286220e+02
1.149279900935636256e+00,4.790800631590020342e-01,1.994924511495391073e+00,1.431598138684505306e-01,3.205633898128880332e+00,3.169703446798261659e+00
3.577062376630975038e+00,1.486605041153959750e+00,1.071181905437020454e+01,1.154936358088076709e-01,1.581334919937245331e+03,1.578831876847352532e+03
4.383861645860591238e+00,1.621464310303168510e+00,1.308130200038358026e+01,1.018651068241470004e+00,5.928931071411030644e+03,5.927837468633885692e+03
6.841747041173811272e-01,8.848566932041888045e-01,1.288387882006439433e+01,1.120986702729481088e+00,2.320379642533345645e+02,2.303743786081940073e+02
3.928702167730059536e+00,1.439340241494472261e+00,2.217662709351944539e+00,9.555393112959059687e-01,2.992129043783160114e+01,3.018088319952726195e+01
1.883225021410184219e+00,1.606078747364042547e+00,1.858741217496530851e+01,3.909647373791069747e-01,4.137378175442577231e+03,4.134860064721727213e+03
2.361746789242685995e+00,7.515124565365343123e-01,1.242772625150730192e+01,4.770101996587990945e-01,6.246685126735719678e+02,6.241443993840329085e+02
4.806705329936586502e+00,1.388590571308959243e+00,1.648202073421320790e+01,1.067458113867572056e+00,1.878864234220886647e+04,1.879139062659260162e+04
2.100812316670320090e+00,6.479833398479954987e-01,9.215461758956831062e+00,7.516760909994402162e-01,2.635817594872302152e+02,2.663834190230644481e+02
1.386275052402589525e+00,1.318363450688063043e+00,1.842000543102658039e+00,6.242449883258585075e-01,5.587768504034150929e+00,9.368570019503495772e+00
4.240469058668909774e+00,5.588226133911833315e-01,9.022340848014186676e+00,1.810563641280554803e-01,4.534604185302118822e+02,4.542908175646639961e+02
1.479951212494291957e+00,1.243313496388811279e+00,1.773667377681225688e+01,1.719722213096208374e-01,1.477787758062271678e+03,1.476973545986302497e+03
3.305494294694331092e+00,6.368980771098949889e-01,1.307889278572548974e+01,8.393580791759368553e-01,8.863605352806442852e+02,8.870178396265951051e+02
3.224276156434624507e+00,5.291725190772742504e-01,4.851146516592254265e+00,2.649523484718978028e-01,8.888890231242297091e+01,9.030962028561791044e+01
1.220704720208166449e+00,1.947377075172015415e+00,5.784947271096529953e+00,5.055984921590545023e-01,1.781685674187386326e+02,1.787283888571474506e+02
4.067155602735585518e+00,3.363679640060355247e-01,9.917638819712456311e+00,1.174412083328818940e-01,3.417135976281867897e+02,3.446141062061044522e+02
3.391979966578202887e+00,1.145255277328962817e+00,4.554698304752228921e+00,3.399697622721001844e-01,1.728661725807623384e+02,1.715510389972429266e+02
9.278276452830306331e-01,1.223199363310894849e+00,1.693571102645159243e+01,3.874337075102926020e-01,6.945961813954828585e+02,6.941818969977543929e+02
3.828659321946382477e+00,1.618922353253168689e+00,1.622485976492671611e+01,8.417176915783470825e-01,1.279955464854607999e+04,1.279651509796847495e+04
2.161606777201813046e+00,6.058319824685902688e-01,1.206396849674634097e+01,1.180907092986542284e-01,4.464785298712529880e+02,4.456366134765716538e+02
2.046086099599007113e+00,1.993904010643286373e+00,1.575978534983033441e+01,1.241706696570730184e-01,3.653191083646056995e+03,3.655671056888817475e+03
3.852299029131428298e+00,1.977768715221613460e+00,1.620590979694239309e+01,1.098004404473330364e+00,2.110356264310024562e+04,2.110366756646527938e+04
6.743267139103301666e-01,1.101828649649066794e+00,8.120304487597083565e+00,1.022422073350431893e+00,1.150445371913726831e+02,1.165406351523972859e+02
3.995229718584298872e+00,1.301715207198187452e+00,1.212630573162103786e+01,1.073566938029305140e+00,2.364972972820293762e+03,2.365828232091199425e+03
3.114181646434335704e+00,8.699575267013237578e-01,8.997624637502241285e+00,1.167694572207146786e+00,4.663625303475622559e+02,4.682911475306962643e+02
3.702255051795757979e+00,7.396481789955333674e-01,1.390319260866866280e+01,3.285454989603112663e-01,1.501771731099406679e+03,1.500101012893297138e+03
3.961009893185271746e+00,1.220517793716818122e+00,1.425434403759899027e+01,3.329962741338423071e-01,4.032698162722370398e+03,4.033767951631582491e+03
4.372751119627098504e+00,5.882629946596285020e-01,1.605800893274418684e+01,4.744172789278207070e-01,2.410152058464321271e+03,2.411511466066835510e+03
4.351554460798512380e+00,1.154064051696746640e+00,1.195804851010078096e+01,1.521895098856370920e-01,2.212654985380678227e+03,2.214970045506989663e+03
1.772527619580337888e+00,1.089922197077793697e+00,5.101178539242609666e+00,9.127844467248301674e-01,1.057553515755961087e+02,1.085442554998748790e+02
3.002431646191282777e+00,7.638330300596347655e-01,1.697542325133397156e+01,3.609678757626215706e-01,2.149610731489644877e+03,2.148616751018398190e+03
2.878909516138171476e+00,3.656339926660565620e-01,5.140867620032155472e+00,4.011821143730425199e-01,5.737694054217129747e+01,5.451404141717137719e+01
3.774594592263304627e+00,1.253424156184780980e+00,7.385870784172754888e+00,7.516613764155325450e-01,5.289048398797411892e+02,5.276208963461430130e+02
4.185312276571187873e+00,1.914186379708291863e+00,1.816649025834243147e+01,3.521796359426947465e-01,5.151019459062361420e+04,5.151284175126354239e+04
2.167714504700297695e+00,1.715133080278290922e+00,5.575288602730205767e+00,7.324599895628294277e-01,2.419118625270983216e+02,2.399254537130754841e+02
2.986287270760610291e+00,4.331549054698348167e-01,9.728919003648597297e+00,2.977820649398809638e-01,2.960964550507870854e+02,2.933436977482937777e+02
3.246145025279429497e+00,7.313863500877733070e-01,2.001976006849335743e+00,7.404279735996510681e-01,-5.019767051209740316e-01,-3.123980044079785579e+00
1.131975760064835024e+00,1.039125133639147602e+00,1.391222944628958302e+01,4.621132756374825012e-01,4.927997127983178984e+02,4.901990268832424817e+02
4.523605642179085784e+00,1.320920095201125966e+00,4.976325570240399010e+00,3.616222269603269757e-01,3.016281069455375246e+02,3.030695033418233493e+02
3.059868822041619474e+00,1.091288476173953415e+00,4.413843130422879568e+00,4.804788591430525502e-01,1.365997086408257815e+02,1.350647757428654927e+02
1.080960787375755183e+00,1.415088446730639049e+00,1.873674445355267437e+01,9.834902484937093625e-01,1.268673264923005263e+03,1.267424186108586355e+03
1.596025123215496277e+00,2.543643676851203850e-01,1.229448556023553074e+01,9.094536846306330302e-01,1.488195616425236949e+02,1.511055979396773523e+02
6.493395453648200810e-01,1.210257495305837372e+00,1.815124164661517980e+01,3.627659802257270361e-01,5.414320742799175150e+02,5.433038918178708627e+02
1.833082559575744508e+00,1.425289025774405749e+00,6.848587440929502890e+00,7.038011969138432411e-01,2.647056146829181671e+02,2.664684731508147593e+02
1.183323147869424385e+00,1.867135395830391564e+00,1.188829474657817897e+01,6.602450751490178682e-01,6.463485055693579397e+02,6.448178027210932441e+02
4.167590633165143110e+00,6.422727612730437796e-01,1.350111689912458068e+01,1.074688481718401034e+00,1.360393650251550753e+03,1.356986670024266687e+03
3.916086357810815599e+00,2.907158777956585505e-01,4.648912814018618889e+00,6.438671781473557232e-01,3.719188963388945268e+01,3.789595259256147841e+01
1.717159170195762030e+00,1.197482718109350586e+00,1.781436208378039510e+01,1.477110393982505876e-01,1.813543918161694364e+03,1.817054740383895933e+03
3.008488037649265312e+00,1.178174354824328418e+00,6.974242157005935638e+00,4.228606089983746319e-01,3.661382564958025796e+02,3.654260526019695021e+02
1.690625783160021545e+00,1.337240721298812440e+00,1.963852931006462654e+01,1.122302396625364240e-01,2.986211199253039922e+03,2.985667530747726232e+03
5.916905682460973370e-01,4.529888899581830941e-01,1.998834951077185096e+01,5.976753837804800185e-01,2.524860887478783411e+02,2.459896914376556936e+02
2.210763767305152783e+00,7.389821767169768574e-01,5.166949728118499507e+00,8.290617613329790414e-01,8.913703717097796186e+01,9.260183865437130635e+01
3.519105588885610203e+00,1.880123539195377669e+00,1.303550184227441022e+01,1.598773313316418643e-01,4.704918303200340233e+03,4.704519877923768945e+03
3.141694804604244773e+00,1.769159433725732811e+00,1.650311594551142491e+01,1.442843800349272454e-01,1.001255956588533991e+04,1.000907729875876430e+04
3.025855623754341917e+00,1.433876410500581455e+00,9.575049085802358917e+00,8.298062561329148101e-01,8.652831435180014523e+02,8.651648296806648659e+02
2.416427512086108287e+00,1.642612088133727832e+00,3.763132161418564436e+00,9.250856270045275664e-01,1.088842739392383692e+02,1.076931979536046526e+02
4.031323677418495954e+00,8.749834929244411086e-01,3.980602216256171832e+00,3.129013461141904040e-01,1.174084919353192902e+02,1.186643817886169217e+02
4.800435011732791857e+00,1.853297394154159949e+00,1.559720185440920481e+01,8.837358736589315811e-01,2.771639987329115320e+04,2.772070636796514736e+04
8.569924226562097846e-01,3.014817135215616117e-01,1.169480082783998576e+01,5.983558589092750069e-01,8.618637251658603304e+01,8.457601543297666069e+01
1.014824167575929303e+00,4.653534706199855542e-01,1.095252366476769978e+01,9.409395256394723628e-01,1.352006637437446841e+02,1.355118332937649370e+02
3.694720703535694373e+00,3.166757648731637897e-01,1.655859848036578086e+01,3.151771116328319633e-01,9.426757887623354009e+02,9.419062800651357747e+02
3.988733172723748055e+00,5.095011000034189719e-01,7.110614841516466278e+00,1.586590077077215111e-01,2.444225559171050293e+02,2.430937961394839988e+02
2.719768149610098718e+00,1.672407832947869322e+00,2.495104856759643219e+00,1.510528464446862507e-01,5.904430970425613623e+01,5.996469431261014904e+01
1.100836515553428985e+00,1.751506135531290864e+00,8.083058237167387361e+00,5.699690371460942595e-01,2.780451667150028925e+02,2.811400903822047894e+02
2.003631204218761397e+00,1.435400033129955233e+00,1.599663002034953330e+01,5.986157073127654771e-01,2.135985324209873397e+03,2.136865294515639107e+03
2.612661063166697772e+00,1.291160575724233261e+00,1.667418924928109192e+01,3.331557137234782418e-01,3.548775956538720493e+03,3.547922653736279244e+03
3.449356623755790441e+00,1.570105380470478540e+00,9.946456089733640482e+00,5.537627381371312829e-01,1.275069850044598525e+03,1.276106711915615733e+03
2.133927735209954157e+00,1.458893051083293813e+00,1.583798065185723969e+00,6.973074521024167360e-01,3.422170554060004477e+00,3.895492216319353052e+00
2.786283659821076508e+00,1.900413098560895353e+00,5.265031815603864906e+00,2.449928232698683206e-01,3.053283769123880802e+02,3.069586679880520137e+02
3.828035341685628534e+00,1.818617362158964079e+00,1.972306690156539588e+01,7.178518848149793019e-01,5.734414753605669102e+04,5.734304434276143729e+04
3.599640078247585695e+00,5.300773244277474650e-01,1.722077994710741677e+01,1.035061242276265947e+00,1.859877751372079274e+03,1.860153390126204840e+03
1.668286989068871407e+00,1.441425614098560182e+00,2.920145177647036405e+00,9.181923962593748767e-01,3.355685056679718059e+01,3.685165813408532642e+01
1.426863930436280903e+00,1.615217374411153095e+00,1.136539475349854200e+01,6.769177644169298569e-01,6.221834991774633181e+02,6.222216073278749491e+02
3.083730012324164438e+00,1.517365129813358138e+00,1.254536382538310235e+01,1.100183220723977895e+00,2.119093136609359590e+03,2.121047286877879287e+03
4.342471587569645131e+00,1.696984285187300934e+00,5.601870401727464532e+00,1.038480269675834400e+00,4.368051724573139154e+02,4.367843435144475279e+02
4.851809530386233860e+00,1.481829688412100943e+00,1.707818744429094693e+01,5.811979561582651943e-01,2.832111438699525024e+04,2.832125575686985030e+04
1.040240077108620653e+00,1.681474248692601536e+00,9.223056422435357504e+00,4.010088712047128467e-01,3.260081841141146697e+02,3.245230927197881670e+02
3.806816436684375748e+00,1.434369060811891305e+00,1.477594204341384376e+01,3.138537814549349214e-01,5.927410550005337427e+03,5.933110061135074830e+03
1.675899491700827415e+00,1.081041454577126082e+00,2.557615136154696156e+00,9.415852123443984034e-01,1.334518730682262699e+01,1.574124119921997789e+01
1.686730537312475686e+00,8.136867467972250800e-01,1.160669558966731785e+01,3.797343564638335778e-01,4.151296025006997752e+02,4.174909278541745152e+02
2.890594654076608538e+00,1.765868499781616974e+00,1.722219812372901870e+01,1.140831377151160231e+00,9.989334461792601360e+03,9.991649881940385967e+03
4.696906856230166127e+00,3.113363187852831726e-01,1.557327878135894039e+01,2.757909256774975226e-01,1.102610208668432279e+03,1.100570397762063521e+03
1.811735254378320725e+00,1.071160719611089052e+00,4.694942650795993266e+00,1.334474270167413656e-01,9.900609132437590176e+01,9.748931693089923556e+01
1.054219323647878959e+00,4.937905080279681447e-01,1.256676386466553197e+01,8.710124082820479563e-01,1.963161110468483628e+02,1.959534677233508830e+02
1.942945346103707838e+00,3.627905055205637441e-01,1.974802023594723721e+01,8.774642557422127620e-01,7.150273889521524779e+02,7.116648643251929798e+02
1.894114846032952215e+00,6.945112340381849325e-01,1.821687381645044113e+01,4.421189142416286355e-01,1.122615890710687154e+03,1.120808712209619216e+03
4.509070756642220346e+00,1.008942620176044969e+00,1.035062491462959322e+01,5.316265492957713557e-01,1.215720669943274515e+03,1.217380464546291932e+03
3.493630803641911253e+00,1.769801104263816871e+00,7.546592583702338430e+00,4.596376912751796162e-01,7.284917791705646550e+02,7.242216089348601145e+02
3.759083776352366790e+00,1.351035643292356703e+00,9.009720700696746576e+00,9.996009214892561667e-01,9.034775384172532995e+02,9.016767488928862804e+02
2.453726851758546434e+00,4.744027709101754087e-01,1.584559820568199662e+01,6.297000755114909865e-01,7.298664477237836081e+02,7.296582061653616620e+02
3.002656736007052629e+00,1.978862413398123632e+00,1.072059148323469202e+01,5.584867026414844782e-01,1.771985812951545768e+03,1.771791046526532000e+03
3.856621359612817823e+00,4.756763223756156900e-01,1.732482765485370280e+01,5.161223422405917249e-01,1.867943229850559192e+03,1.867870505176339293e+03
6.762767414053756365e-01,1.365506479997691702e+00,1.517476284103659090e+01,3.726642557307504600e-01,4.493630301374223563e+02,4.478284897967083680e+02
4.293779536270700525e+00,1.247625401485981778e+00,1.454651199634390579e+01,1.013947318159407418e+00,5.536841089488775651e+03,5.538653765938073775e+03
3.745565820120633660e+00,7.007264641753838674e-01,1.791682014487419039e+01,9.234717271561830865e-01,3.602056615987147325e+03,3.597320902153431234e+03
6.948985834927173810e-01,1.988211398117448514e+00,1.157986262706246450e+01,9.505121712922942612e-01,3.907805626917061090e+02,3.916061808015770112e+02
3.635980431222549658e+00,1.105151245297648854e+00,5.451455287241959269e+00,6.305231343609560835e-01,2.465729539780129755e+02,2.435378472033212063e+02
2.124975814996089785e+00,1.232469438878996959e+00,1.673247211175072025e+01,1.721621629831142086e-01,2.217584539254535684e+03,2.216124183892575275e+03
8.363621813902293312e-01,1.485324626468983222e+00,2.487230150368547221e+00,2.730702009415962861e-01,1.498488842315698122e+01,1.483010505395154688e+01
3.682190472260844061e+00,2.425478756052806550e-01,5.813088561215224104e+00,4.260075325189145445e-01,6.146269722802428248e+01,6.467501522677166292e+01
3.625830977505321684e+00,6.592811065998369635e-01,8.175521827029383459e+00,2.149503559452328738e-01,3.664108686782446966e+02,3.645794621475367876e+02
3.303417497723112106e+00,1.237706874737644736e+00,1.505400755069581464e+01,8.142109707581230982e-01,3.514864750826535783e+03,3.511959541228883154e+03
1.907334982279056845e+00,7.476794586321611202e-01,1.472662839712412008e+01,9.386520891991024795e-01,7.072770022729991979e+02,7.092217647122784001e+02
1.069925286979611645e+00,6.112266604083829158e-01,7.643922855997144161e+00,5.743088538456462278e-01,8.985278770068082110e+01,8.967880636086496793e+01
1.418017362841066165e+00,1.186595622137927464e+00,5.573159782928659212e+00,7.046363213608624054e-01,1.159072803921002333e+02,1.159263178934395029e+02
2.325833087030331647e+00,7.928612858327210855e-01,1.870950267169883574e+01,9.810950930874674514e-01,2.008399353452653486e+03,2.009516673918623383e+03
1.779527255048999557e+00,1.573505070697010177e+00,1.626803181477062932e+00,9.840823887792303770e-01,1.494176427102753557e+00,3.496881582745750006e+00
2.241680720371428848e+00,1.405314460426511980e+00,8.327212547064146264e+00,1.143356553281661414e+00,4.493735782190653936e+02,4.496873658800670910e+02
1.911016056173560962e+00,1.350226006762424102e+00,1.098527657996243789e+01,5.271833734160495943e-01,6.655338356914164706e+02,6.613017855697081586e+02
4.660565719041741772e+00,2.295309201128339360e-01,1.284439101237778402e+01,8.112125552277439366e-01,4.686391018581065850e+02,4.682213441027793692e+02
2.739179303186885850e+00,9.137498282795595284e-01,1.942035156360067560e+01,2.119361879250992176e-01,4.107919236219399863e+03,4.107956333338878721e+03
4.432079044968740611e+00,2.396096825005188113e-01,7.935229898528901593e+00,5.821039721238044917e-01,1.530075648246101423e+02,1.506828008079256733e+02
9.782448947772650616e-01,1.324831747919288594e+00,1.521142737975201875e+01,7.399632076939386405e-01,6.315237233141484694e+02,6.294676851080548659e+02
4.076033580257119482e+00,3.290073230428183226e-01,1.455549435564981842e+01,8.374117397606338775e-01,7.744594622262318353e+02,7.757319791273416740e+02
4.012384799696568471e+00,1.867037768152405519e+00,7.738183000396705147e+00,2.839619383891014426e-01,9.743632583051164602e+02,9.748492359599451902e+02
3.401655606045964397e+00,3.959487377953785359e-01,3.316927054063415703e+00,8.852079258618930080e-01,8.711417150605864634e+00,6.892888410973913693e+00
2.478240183778039896e+00,1.542723447828109329e+00,1.040276599491779486e+01,8.788925255262648450e-01,9.024792097325308760e+02,9.036024783804879235e+02
4.561166045289037463e+00,1.492729083696960224e+00,8.915309556328988805e+00,5.122624963618869209e-01,1.300192823888043449e+03,1.300458295400504767e+03
3.667533184447060890e+00,1.004350378984294911e+00,5.584490434547336513e+00,4.172436523152880383e-01,2.457739342177656283e+02,2.431805570261133482e+02
2.568645185470407988e+00,7.930629742516435154e-01,1.204256287420190574e+01,5.000894678775329449e-01,6.734517795481784788e+02,6.728977698622982189e+02
4.529016525765163337e+00,1.543840204937805050e+00,5.832020648335268120e+00,4.805239942212261584e-01,4.712478400496615905e+02,4.686109271622055417e+02
4.977499159445869736e+00,1.435417379907446112e+00,1.607076597684628183e+00,5.447907977682876490e-01,1.455397804124249284e+01,1.281835413142271385e+01
3.506888982532805343e+00,2.644470256461139979e-01,1.989948026811733328e+01,5.735367683812602202e-01,1.224073534310947025e+03,1.224672574399521409e+03
2.019301369937480661e+00,1.080122755686889757e+00,1.838318768832099792e+01,7.265830809234138377e-01,2.310043649449271015e+03,2.307585300377941621e+03
1.079253200397517709e+00,7.248858264515907202e-01,3.475862960299494375e+00,7.690399524817134180e-01,1.457551429572587054e+01,1.207308138868749126e+01
1.923894760956793348e+00,6.683398318628490653e-01,1.428567999733405181e+01,3.524284341190212499e-01,6.063299646795710487e+02,6.070810231070764758e+02
4.715970607055668395e+00,1.555899013462054947e+00,3.627356843190713942e+00,9.608621047038020668e-01,1.712278534619020434e+02,1.692029441278514810e+02
3.055338825584740015e+00,1.270493718393426397e+00,1.016961542031269872e+01,2.620857626248754846e-01,9.063402116217974935e+02,9.057884620610742559e+02
1.960373100841813265e+00,1.649246304257153906e+00,1.642656347205615219e+01,2.069457690758595980e-01,2.832624770604763398e+03,2.832115490005101037e+03
4.244489949856290245e+00,1.050633823877419326e+00,1.469242296920664437e+01,5.831990572429973652e-01,4.078911102034955547e+03,4.078582916388698777e+03
2.388428587654272128e+00,1.051702706993767000e+00,1.898842370554645242e+01,5.858924875912390196e-01,3.528851037382466984e+03,3.529610169835356828e+03
3.635402086616465578e+00,9.910298826655734583e-01,1.495585212274649933e+01,1.041532845424019804e+00,2.851662211303949334e+03,2.850790623451483043e+03
4.969396640247144781e+00,1.120834835757269721e+00,8.556100432273002099e+00,1.178062019156953966e+00,9.049205198744085692e+02,9.033631375634114420e+02
3.492984524500134302e+00,2.407453634082702409e-01,1.936167167444139636e+01,9.814397717550865652e-01,1.000079696994124447e+03,9.991499096622681009e+02
3.783401952986462646e+00,3.238705158259289618e-01,1.105652745852297869e+01,6.522643034335016132e-01,3.664812391427302600e+02,3.688110746645836571e+02
1.776674084924241726e+00,4.380190848997725928e-01,1.959253485677777462e+01,1.092049559480830379e+00,7.523108120935864918e+02,7.541755150514447905e+02
4.329358058357805739e+00,1.253936877475495537e+00,1.141151138489535644e+00,6.905077985708671928e-01,-1.205971233172979140e+01,-1.216954689878861195e+01
2.164763913991447630e+00,1.659384121152700953e+00,1.689886037236280503e+00,2.249680202322678069e-01,1.749804720825799720e+01,1.996273244559712623e+01
3.677003056820219218e+00,7.750261476843753883e-01,1.829798644027955490e+01,7.652543917069527524e-01,4.543479690537611532e+03,4.544901159979837757e+03
7.751107668556591612e-01,9.770572593987458809e-01,3.485069295102239728e+00,8.773440740614580902e-01,1.547484421917639352e+01,1.332360783444515206e+01
2.424709896171703960e+00,6.079264863916591377e-01,1.273251936648468252e+01,6.377375223514298863e-01,5.521802053009546398e+02,5.552108663706713969e+02
3.757992420968454539e+00,1.290852157802992783e+00,3.875527135427412340e+00,1.371602936864481648e-01,1.591177849480415034e+02,1.647322457926363484e+02
1.541647334833190275e+00,2.875647195235582765e-01,1.206340695129078489e+00,7.675051913774192380e-01,-9.121770098057712772e+00,-8.393798665382778523e+00
2.941117865489152106e+00,4.672831526781305866e-01,7.614709163192229013e+00,1.302711905276422999e-01,1.947664312170457492e+02,1.915189831144535617e+02
3.127616595456617077e+00,1.659030578948695656e+00,1.530548041317123875e+01,4.541844097030485194e-01,5.860947113765760150e+03,5.863955456621551093e+03
3.540312263276844895e+00,8.331766622440326397e-01,1.608895761378833456e+01,4.433736115161714952e-01,2.743813513839521420e+03,2.745035729579626150e+03
3.039962537667560749e+00,1.979207009022638575e+00,5.518665353726014189e+00,1.594162359370193405e-01,3.747255339127158322e+02,3.745109382759314371e+02
2.510197527940928985e+00,1.317167607179011490e+00,1.409546469070604502e+01,5.122496083375480680e-01,1.807350765875551133e+03,1.803274435443756374e+03
1.951548530666531001e+00,7.244171662111662524e-01,1.384819904601592455e+01,7.744453677792212387e-01,6.143915145651054672e+02,6.141835472620070959e+02
2.944274671912077146e+00,1.342880140831634872e+00,1.272503961796017968e+01,2.210923777069409013e-01,1.737703532143839766e+03,1.737101472897445547e+03
9.694228328186478283e-01,1.930627372589347690e+00,2.663863314595981802e+00,4.559385265459573455e-01,2.569891880783450588e+01,2.506541048786618120e+01
1.721144463166417893e+00,2.594316906211421303e-01,1.285791831953562969e+01,9.492551568622666913e-01,1.802120085735118664e+02,1.793670779037375667e+02
4.510892910424217916e+00,1.868247923300220936e+00,1.542734072973295767e+01,6.818927827697860433e-01,2.187938361518659440e+04,2.188131155739269161e+04
1.029708415891562590e+00,1.576344761408172923e+00,4.841698444125412060e+00,1.108761533927667270e-01,8.914787168360722092e+01,8.830377919747019178e+01
2.690706611044809016e+00,1.871932815285091367e+00,1.917628786241343164e+01,1.339995986742378575e-01,1.718197171377600898e+04,1.718283710291521493e+04
4.497421251076891835e+00,1.631438890605936276e+00,9.546936917178552306e+00,3.151184816841703928e-01,1.784907875605621939e+03,1.781086246231001951e+03
4.125434222594648759e+00,1.977405670118013603e+00,8.758663967984301024e+00,4.186136590496479792e-01,1.540258403174082105e+03,1.538277213990771770e+03
1.653126645815006679e+00,5.117847368950365627e-01,1.107885224165701743e+01,1.157841722285332775e+00,2.408014577545253587e+02,2.407876825461137003e+02
2.439871591889063218e+00,1.471068738452472990e+00,9.114760869985470748e+00,4.152435077201770408e-01,6.288169768880009087e+02,6.270305257729911546e+02
1.902429410201566862e+00,3.607974192217320297e-01,1.094599433044081804e+00,5.600285280611003724e-01,-8.168176343676849527e+00,-8.090013720077804393e+00
1.580551164320592950e+00,1.041731749487952996e+00,1.675085202390841488e+01,8.585170633952350361e-01,1.100820513026411845e+03,1.100723199280683048e+03
1.943695925753435860e+00,1.877731939628719982e+00,2.812486577796012632e+00,8.637496019289855331e-01,5.047391920147885713e+01,5.085606923880129671e+01
4.529274554087077576e+00,1.786027392260476354e+00,1.416356943737532070e+00,6.658040617937470707e-01,7.302418952654470274e+00,6.644220934689246683e+00
4.283417344783163827e+00,1.295493262902312592e+00,8.044295267612477929e+00,1.077261937563210870e+00,7.560135646530516169e+02,7.572972334568905808e+02
3.001133022846682596e+00,9.545317874226166843e-01,7.922072153420045559e+00,5.451273487988104183e-01,3.874683679737678403e+02,3.847431056647604919e+02
3.040246901760430998e+00,1.740378972395549173e+00,1.989876869197778575e+01,9.926206428977740748e-01,2.579994476725891582e+04,2.579914855644804993e+04
2.550830807135851419e+00,9.411457841164383442e-01,1.772656626370421762e+01,5.538692228485408986e-01,2.542134522039308195e+03,2.545198734971424074e+03
3.642904442075018512e+00,2.366365239238501228e-01,1.366811494143029471e+01,9.698586309211415513e-01,4.172861139588318338e+02,4.164559495544958168e+02
4.110454968826413591e+00,5.984238745802048509e-01,1.742967631680189911e+01,1.011637022340859726e+00,3.007178527641884557e+03,3.010260450472548655e+03
2.498914207861476111e+00,1.191639518355391170e+00,6.210824520220967315e+00,1.021531344083916215e+00,2.399277880012099615e+02,2.406347112445426148e+02
3.980692681839683722e+00,1.029549810177186053e+00,1.064329843922710772e+01,2.859139005064375016e-01,1.139447867680757781e+03,1.138976816939426271e+03
4.791955845325597707e+00,1.938237388063596134e+00,1.931031516093021949e+01,3.750640498676244272e-01,1.269230569790415029e+05,1.269232446158570237e+05
3.535012088056948887e+00,9.368440109892408607e-01,7.275422316271962231e+00,4.393075484706294720e-01,3.773234622367955353e+02,3.805356395617464500e+02
3.906089158979158871e+00,1.096088838507968344e+00,1.228378530607761299e+01,1.221951395013511354e-01,1.866967027673869779e+03,1.866344625383705306e+03
9.009993248520951070e-01,7.245649263691109621e-01,9.189401693844446939e+00,1.769456246809485989e-01,1.355633319149795852e+02,1.333419924017754852e+02
1.630559050175123259e+00,6.388690318504000043e-01,5.933361072654622426e+00,3.554981760938430435e-01,8.447572449549812745e+01,8.548827752869142671e+01
1.957554825759905581e+00,2.811167456097018458e-01,1.902051523148132617e+01,4.767919554556692141e-01,5.230996983944942258e+02,5.245495737846496240e+02
2.197245624984610846e+00,4.685623491699222321e-01,1.073993460442634174e+01,5.695290620997096598e-01,2.815473646698865764e+02,2.832721562609077637e+02
3.905576285382619250e+00,1.912171365918357235e+00,1.064456656700157922e+01,1.233825842651538607e-01,2.612247010795669667e+03,2.609200971099905473e+03
1.281048398485435502e+00,8.777110258513827201e-01,6.562766492180125866e+00,7.645896617111617166e-01,1.097087335740572058e+02,1.105168004705680573e+02
1.600667508263203587e+00,6.023332059932231530e-01,1.982848993425401218e+01,9.471349645438197351e-01,9.459504355942676739e+02,9.460955528743699006e+02
2.642402705971392596e+00,1.192985609905846234e+00,3.281923824203634599e+00,8.702099287002021955e-01,5.793101840275711822e+01,5.744284311408855359e+01
4.248845217474321423e+00,1.053864606754635336e+00,4.525650572190166088e+00,7.553293924115567215e-01,1.788865874346955707e+02,1.779464802911174388e+02
2.550972325902462590e+00,1.473713603899008850e+00,1.846165519659365728e+01,5.316536667560247675e-01,6.952058293454062550e+03,6.953002754799464128e+03
4.021697091293755300e+00,1.953599108483401681e+00,5.694878448891445899e+00,4.303022083186542890e-01,4.986613113517088891e+02,4.985310477422095801e+02
2.006466400915528858e+00,6.381635085149894859e-01,1.679884831667395417e+01,5.023145937355604218e-01,8.890555131243489768e+02,8.889673540747877496e+02
2.316057363810879455e+00,1.205878757412561786e+00,8.371374236643960742e+00,5.584910620511729373e-01,4.166047186099638111e+02,4.206151320317317186e+02
2.658649269651041536e+00,7.971428380724341345e-01,3.343429886628607406e+00,9.696895225230474091e-01,3.330294268126417023e+01,3.342114699327813554e+01
1.244615123193005823e+00,1.758316736708840811e+00,1.012972635487063044e+01,8.838796742457460942e-01,4.666276144822363676e+02,4.643093013795561319e+02
2.010431858882545164e+00,6.013582972373520130e-01,1.624770715201230065e+00,1.143828484598690132e+00,-1.102918901264725093e+01,-1.287346446513145715e+01
2.006520844075107668e+00,1.407382241773533327e+00,1.737977750525990217e+01,2.970210671659174739e-01,2.829724786842180947e+03,2.828198892241504382e+03
3.101423795941601558e+00,7.594162567033233557e-01,7.055023264641765657e+00,6.873905430132531968e-01,2.556218639417033103e+02,2.523895793854948977e+02
1.116673672814358920e+00,1.732910629817259185e+00,1.805300319482291727e+01,7.055650097377149654e-01,1.562550783670371857e+03,1.564724155362219108e+03
3.938415535443703153e+00,3.013628569947721658e-01,1.043344265943060201e+01,8.217652258183925085e-01,3.099157733304719500e+02,3.136378323646065951e+02
3.887429173396426130e+00,1.563990284150273968e+00,6.462529921035276459e+00,1.041467702375690640e+00,4.958118970758171145e+02,4.945448320261010053e+02
3.573646137965279745e+00,1.410682309294074122e+00,1.515547766602561630e+01,9.614021241223433822e-01,5.538833242732710460e+03,5.540646899985737946e+03
1.877830153820402526e+00,1.783129200559332439e+00,8.547066708145207414e+00,9.872687527215799896e-01,4.987741147774021329e+02,4.972649934160567682e+02
4.352232939482396645e+00,2.322071501506614843e-01,1.662174879637156977e+01,5.391601078757536358e-01,8.635961174082090110e+02,8.622162954323706572e+02
2.034288621936117814e+00,8.296369820015818686e-01,1.706311092510614813e+01,1.088657695219770627e+00,1.268012459206208632e+03,1.264497675976021583e+03
2.006881031150726358e+00,3.922192332938713166e-01,1.909658002834992274e+01,8.445128057532278465e-01,7.407246590945228490e+02,7.405980828985472044e+02
1.278349271262965381e+00,1.537371669464711710e+00,6.372316955060114196e+00,1.015335942182578943e+00,1.762975699928395272e+02,1.787589073141174936e+02
7.022506928302022500e-01,1.827372984835180736e+00,3.734775667781637498e+00,4.213875479100986920e-01,3.884388474438361527e+01,4.136550603168633700e+01
3.420316547322282741e+00,1.302279207155016660e+00,6.378786826707235846e+00,7.280608424778227672e-01,3.679159523459255752e+02,3.689657387087339657e+02
2.621149116753895392e+00,2.378908728193564193e-01,1.467985693990717877e+01,9.354289677006085713e-01,3.431761652129880531e+02,3.426316098198371378e+02
1.535647376773851880e+00,1.419929386597865939e+00,1.194020312579143450e+01,1.046901348454606362e+00,6.551482651878588968e+02,6.575539949867495579e+02
2.176568439916813258e+00,1.385680717239167636e+00,8.864581499128831865e+00,6.141154228836379625e-01,4.967489484050170745e+02,5.002276535847609011e+02
2.496705954640571434e+00,1.461966791448104264e+00,4.165593009555086823e+00,1.033486802038784180e+00,1.238457065554290466e+02,1.223052491914932176e+02
1.661678149733682330e+00,1.174536216653552234e+00,1.933580390159080054e+01,3.173772105454569781e-01,2.205562567848666731e+03,2.206092424782696980e+03
1.632040742261853694e+00,1.892293305463492059e+00,3.881353969304353058e+00,2.117359935702086693e-01,1.035398063732313290e+02,1.034326109082576295e+02
8.637971770886250233e-01,3.006648493107553222e-01,1.514722653198122870e+01,1.996291044915093349e-01,1.507821292419151860e+02,1.494901803170325820e+02
1.362397070135315857e+00,1.630165219969581303e+00,1.974908811693034494e+01,1.156120854975554169e-01,2.769406936409490754e+03,2.767048976012846197e+03
5.392692711999111932e-01,1.265613770288316120e+00,9.256633572515561070e+00,7.406416242551512319e-01,1.395946982272173216e+02,1.379250589842494605e+02
2.163153282170473091e+00,1.794714587444661280e+00,9.288227162738468934e+00,5.649538601500776469e-01,6.974219734280690091e+02,6.976417453767495545e+02
1.248387564620095480e+00,1.410095472056339228e+00,8.138466850417003684e+00,1.003269437144510556e+00,2.570165190324736386e+02,2.575262672524129925e+02
2.761947681807808586e+00,2.118070470243290648e-01,6.598621174040297355e+00,7.747273903364917391e-01,4.626418357332086373e+01,4.654332195760885327e+01
4.740790878136397879e+00,1.647594187934934062e+00,1.450595121834031787e+01,1.053860627028624153e+00,1.297999779237987786e+04,1.298256058481778200e+04
2.649126173926962480e+00,1.361122162808538372e+00,8.854315906555019211e+00,7.703040356498933594e-01,5.902115616271664749e+02,5.888308673965949538e+02
2.315735573892596211e+00,4.477949936798171215e-01,1.016574012970049878e+01,5.442342171917098348e-01,2.551659080116993152e+02,2.526444063298914102e+02
4.589203633695726481e+00,1.292758953100372699e+00,5.117257080132613822e+00,6.335224175277772707e-01,3.060415916680499890e+02,3.036793684535551847e+02
3.039135528135562314e+00,1.204385452553044633e+00,1.266774399843833798e+01,8.249144436162441085e-01,1.539095841527689799e+03,1.539886706955548334e+03
3.000825781482967525e+00,1.797911463516419950e+00,1.518938402414256394e+01,6.922710221061693092e-01,6.023561731022953609e+03,6.022482548173809846e+03
1.668665895381609587e+00,1.707664048878059226e+00,1.899437126388824737e+01,6.535093467650825438e-01,3.901589728560822095e+03,3.898290102316322191e+03
4.398079478922836572e+00,1.928526923478707022e+00,1.250671270970786786e+01,8.587975755771827258e-01,6.895552911336942998e+03,6.897403193901879604e+03
4.981976094743661321e+00,1.764355472686819581e+00,4.052990994428428806e+00,4.968094761230199552e-01,2.759062730915463817e+02,2.787069475480835195e+02
8.523678087327550834e-01,8.825511682051663254e-01,2.854944206815427155e+00,3.034599000589316420e-01,1.142045896138214900e+01,1.178221384143560257e+01
2.019867136044409150e+00,1.398481132592113374e+00,1.990467135340750104e+01,3.093576265452749885e-01,5.081192200099157162e+03,5.082479250602134925e+03
4.329699246354669739e+00,2.513740034589009853e-01,1.048597285680938995e+01,1.141124521971205619e+00,2.836362182425059473e+02,2.808428101550734368e+02
1.280836109562069725e+00,1.632270634642142726e+00,1.592877331629865267e+01,1.112931273700171753e+00,1.228224267257239717e+03,1.225396263600334123e+03
3.799016835978016982e+00,1.367794725014621404e+00,3.947023003025878829e+00,8.531283632088290103e-01,1.528369259030626495e+02,1.531620229233874397e+02
3.764896915271529476e+00,1.983095776168464219e+00,1.796644843572045147e+01,1.164156865110003602e+00,3.743850499647363904e+04,3.743892434741113539e+04
3.378007913237046633e+00,6.775917875234751531e-01,8.703817892965933112e+00,1.110397247600595882e+00,3.744878780548971235e+02,3.741023962626633761e+02
2.007703939880704169e+00,3.013073131820964701e-01,3.221661268912110465e+00,2.517640238803412478e-01,9.611391822711560451e+00,9.033340422727688335e+00
3.446074564752089398e+00,5.157163022540000030e-01,1.249579303233836924e+01,1.184773556433087460e+00,6.630020618478868073e+02,6.617449640990702164e+02
3.311230495358241210e+00,1.921511693649271768e+00,3.669421722564365496e+00,1.171237152960269645e+00,1.574127426038797353e+02,1.602982000937227269e+02
3.765053572735535869e+00,1.615868422547018568e+00,1.608817444611585756e+01,3.421526613873604461e-01,1.161241019905376561e+04,1.161069696660983573e+04
2.303114991100882136e+00,7.440143382326338539e-01,8.182346982374458122e+00,7.297322202479333830e-01,2.570193647676723572e+02,2.567528770800425377e+02
3.349515896997230513e+00,1.918102153265274445e+00,1.432806995566856045e+01,8.612393934275349716e-01,6.792289965683798982e+03,6.794368236547868946e+03
5.796511233057576318e-01,1.960472003990670675e+00,1.430005417996573591e+01,3.336153941203430784e-01,4.793401452592485725e+02,4.772997019838020947e+02
8.049200213371222601e-01,1.605089126072857253e+00,1.239897732066199865e+01,9.524768558911762550e-01,4.189374270681540793e+02,4.192258857289187404e+02
1.379663365173528833e+00,1.256009511264317036e+00,1.944516977377442402e+01,3.672217731733812274e-01,1.786707806205082761e+03,1.786478890260516891e+03
8.211353863049964952e-01,6.481924367709646084e-01,1.929811113884526819e+01,1.024317081754378078e+00,4.393794110223683447e+02,4.406149611283271952e+02
2.652961252882203524e+00,1.333375716573217185e+00,5.266578732960921272e+00,9.576610394128960424e-01,2.008968845654113977e+02,1.960064680924621712e+02
3.694098664117677178e+00,5.084294177319377273e-01,1.207849427321988678e+01,1.162531918437493816e+00,6.538817751101480553e+02,6.532886403960965254e+02
5.500747652941295751e-01,3.781039380404014882e-01,1.216075961334912137e+01,5.833445740925006229e-01,7.523429930456185843e+01,7.366334017192997408e+01
3.048236170668248590e+00,4.367400409483952473e-01,1.915857290072914765e+01,3.977975716892084845e-01,1.571468829097173057e+03,1.573651552516708989e+03
4.091563246143298471e+00,2.385544070408210371e-01,1.267919077644029002e+01,6.982981131855081625e-01,4.087370938070872626e+02,4.086256547982987968e+02
2.695879347693205474e+00,5.442975613061301621e-01,2.428018885443933961e+00,1.039709421485374374e+00,-3.379458275823811420e+00,-4.505187507471202224e+00
3.699899227859196227e+00,1.474394764853129702e+00,8.778283916763907513e+00,1.073181422692800480e+00,9.121696091313142460e+02,9.139419228737675667e+02
4.350587566316572286e+00,1.472113617106848515e+00,9.854249725390754833e+00,8.831414423579728723e-01,1.604824531732905371e+03,1.606104341285620649e+03
2.369392540921398727e+00,1.687495218417182308e+00,9.452553978135814106e+00,1.524773784857987313e-01,7.627980279410821822e+02,7.648316263347791164e+02
8.112578693075298553e-01,6.444437451317642784e-01,1.858030858984034595e+01,9.901779806096386860e-01,4.019694058958477854e+02,4.041365793263430533e+02
1.466677252709285062e+00,2.952828740836589971e-01,1.029786563083171069e+00,7.706749347139245643e-01,-9.046770220295238474e+00,-7.507394396226035660e+00
6.231665659734459961e-01,1.194525189092358275e+00,1.240661639529972327e+01,6.240939403701618593e-01,2.612680812040708247e+02,2.601236262980079914e+02
1.703215093377134837e+00,1.481447121177640547e+00,1.087481579480748906e+01,8.865916702955429773e-01,6.256600136636642446e+02,6.262567110722804955e+02
4.281134511980987156e+00,7.996399737170341027e-01,1.382624915901876506e+01,6.385876743970886338e-01,2.085423695872355893e+03,2.086017041555175183e+03
3.340306762739723823e+00,1.433704549930964856e+00,2.737605773198533932e+00,3.624379121530556525e-01,6.879679856171888730e+01,6.951944021372240456e+01
3.989303931647286028e+00,1.912538388544708035e+00,1.112492401477327775e+01,4.791770477540627793e-01,3.219648300657311211e+03,3.220325002495440003e+03
4.083588707324397049e+00,4.353238008368914835e-01,6.625777526252250027e+00,7.521261060797928000e-01,1.664809017177302621e+02,1.666664805236322309e+02
3.479715063504825956e+00,1.183943312159568606e+00,1.912684972316312582e+01,1.213492012433936285e-01,1.192239349946439324e+04,1.192155649847205132e+04
1.858288247969813067e+00,1.211222633187006625e+00,7.109174828461697793e+00,1.177930798744629248e+00,2.443065104481841558e+02,2.441630853964941252e+02
2.334888898440276250e+00,3.096184423856026546e-01,8.348682268275945617e+00,2.018180224425248359e-01,1.254563304423303833e+02,1.234935836701747149e+02
1.920193561500300516e+00,1.869673654681214714e+00,1.535308204181061953e+00,1.192694178621033885e+00,7.245091113523809412e-01,-1.070985687752257220e+00
1.374111058481469971e+00,2.378278432986527247e-01,1.604481320714543457e+01,2.966402537134487094e-01,2.171762760455482635e+02,2.186238059658192583e+02
3.680283407278270413e+00,1.822032365554587807e+00,1.668352564702814433e+01,9.866882944334213201e-01,1.783352021991346919e+04,1.783288135061935463e+04
1.066058851415678133e+00,8.635314867650554227e-01,6.808869585760265686e+00,9.635272972912929390e-01,9.640759225884126238e+01,9.659221226439171915e+01
3.790742384801904397e+00,1.802041228283967511e+00,1.812007642649507488e+01,1.192664324582307644e+00,3.137523046391906973e+04,3.137415365661167380e+04
3.359915034096463859e+00,1.352525713219660863e+00,1.295191416951582752e+01,1.137989336120177608e+00,2.323592364777106013e+03,2.320327573454139383e+03
4.478917306328405346e+00,1.871208797181020511e+00,6.126402824819644266e+00,9.247328998079195062e-01,6.085049704556804500e+02,6.077031317043534955e+02
2.243491918526221429e+00,1.276973235501687620e+00,7.252517347583482099e+00,8.296369358610656830e-01,3.183351406841709377e+02,3.215653831012635351e+02
4.328288730927181582e+00,3.680146556425516469e-01,8.135142659420765199e+00,1.106091515882118292e+00,2.291497736255916209e+02,2.289420508150649312e+02
4.111189633031508528e+00,8.602440638326114275e-01,2.393542720169188787e+00,6.982585375009100481e-01,1.942123180555490336e+01,1.805732701172508570e+01
2.724315301730646510e+00,8.781374073578853690e-01,2.366227990319752728e+00,5.735923556365538634e-01,1.543015447920491212e+01,1.681583404540437243e+01
3.571744553538831468e+00,1.209236534400350838e+00,1.313644170528714206e+01,5.792939152073869336e-01,2.314008109948208130e+03,2.313039183604851132e+03
2.176538748585596039e+00,2.855995275579999437e-01,1.283039653549673176e+01,9.377831990995085798e-01,2.499902636267501066e+02,2.487633522743943502e+02
6.227032723486261023e-01,1.412957121140407279e+00,4.902879606834636306e+00,9.267686062122516555e-01,4.579655659952362612e+01,4.266841689420223815e+01
3.133597347545579392e+00,1.990090006967578429e+00,9.025174651161957939e+00,1.154074351041639357e+00,1.126685966025072958e+03,1.123252073276202736e+03
1.863237237606560903e+00,8.366251666554149757e-01,1.532027526648897009e+01,4.501310035179050262e-01,8.556657202145703423e+02,8.564961215940463717e+02
3.957251235515736099e+00,1.487457515649072803e+00,1.894028973452085296e+01,5.027831706530595524e-01,2.884367636771177058e+04,2.884395025059488398e+04
5.385865601728743179e-01,1.762235245166565267e+00,1.165286456490138889e+01,5.693353783408395818e-01,2.873316544093846687e+02,2.874057868997062428e+02
1.012891007833190748e+00,7.257553481603948864e-01,3.802404790404111168e+00,7.023573513580089189e-01,1.849217803050938258e+01,1.987456324528418605e+01
1.723958356256652280e+00,1.384360630006971293e+00,1.445289056552475593e+01,8.137652547980617213e-01,1.167529878469265441e+03,1.166609455042446825e+03
2.403369248906720212e+00,8.554065453281494147e-01,4.102664837805097164e+00,5.667242613009383367e-01,6.883923076744473235e+01,6.887501698485829138e+01
3.831082641879807404e+00,1.844607552423697339e+00,8.571800981703935562e+00,4.622297968741171381e-01,1.184624321420247270e+03,1.182886082526061955e+03
4.592364955634864465e+00,5.608906126107656709e-01,1.591625969040026334e+01,8.378350911676922808e-01,2.373209487071724652e+03,2.371483950478392671e+03
2.540466763012517504e+00,1.351463433584723983e+00,7.628175549061926297e+00,6.952016835449125187e-01,4.152489774969671998e+02,4.137481975036907329e+02
4.203122568110638113e+00,2.314396009883374350e-01,2.589259324738782730e+00,8.936092052898734206e-01,-1.730064692673481375e+01,-1.536913815029898345e+01
3.453598388741553560e+00,1.055319207539238580e+00,8.403051732333578272e+00,3.404050712071864382e-01,5.556103095250099386e+02,5.570205352157614698e+02
1.089083145538930708e+00,4.955131756905898355e-01,6.116629751445688434e+00,3.817273526318831767e-01,4.595293807469301584e+01,4.393508497528597445e+01
1.130902006300206875e+00,6.361680819346262616e-01,8.386745524724400269e+00,8.715196067074680863e-01,1.178879128905857669e+02,1.172464363996747210e+02
1.763347654170398515e+00,1.380668708413359980e+00,1.188242978414390727e+01,7.514381009968132963e-01,7.374032447479273742e+02,7.376395996447664629e+02
4.530470547955472327e+00,4.122717621671817545e-01,1.396414456276943739e+01,1.604899391194072045e-01,1.042138125990088383e+03,1.040522413374387497e+03
5.234466173732474914e-01,7.819688941437952234e-01,1.140076352681992056e+01,5.405485906255576012e-01,1.294096023398536772e+02,1.307561020173172892e+02
5.109728826553858738e-01,1.040001641559677781e+00,1.039951697731135560e+01,5.021358524008684432e-01,1.390344680196910474e+02,1.374578159249868179e+02
4.342822546841187403e+00,2.764121326883237639e-01,6.541657235589235952e+00,4.639402696806602666e-01,1.128477272593844845e+02,1.121714070918264952e+02
3.914369011041701540e+00,5.684219920583619690e-01,1.728343864325594126e+01,1.024722638406332376e+00,2.434082362296264364e+03,2.433406414208425304e+03
4.319165618576321641e+00,1.371119774336499564e+00,1.648619875514484079e+01,4.895510422960313024e-01,1.335850716213457599e+04,1.335480786330431511e+04
3.661064486331392587e+00,1.496782117568596027e+00,1.232506455021773739e+01,4.432521328444807285e-01,2.684860735002258480e+03,2.681350823943748310e+03
4.129203810233791572e+00,1.241219058674851938e+00,7.699556925775121741e+00,5.750995713335291804e-01,6.375403792156864711e+02,6.358070671036338126e+02
9.321802919145860677e-01,7.772085335903846648e-01,1.304988055418998272e+01,1.164842222229435231e+00,2.806881007239644532e+02,2.830505708472152833e+02
3.101470138065886228e+00,9.182605797120424462e-01,1.172106793357816201e+01,8.200063334870834053e-01,9.142809338698669990e+02,9.154347006739266135e+02
2.100778307999600969e+00,1.101254205096887429e+00,5.106191327690673631e+00,3.006563979733357650e-01,1.361216447381937655e+02,1.370156130510503658e+02
2.908568125038430985e+00,1.323983022247475105e+00,1.729865903933304239e+01,1.155630710996160992e+00,5.590664669320233770e+03,5.589404728141182204e+03
1.912138360321278263e+00,1.663486823914091639e+00,6.994130847165508591e+00,7.104034001480820093e-01,3.266081905740733191e+02,3.256633908449530281e+02
1.475708561786277073e+00,9.200139402295397506e-01,1.767514441174027695e+01,2.246827635720682337e-01,1.009702823410869428e+03,1.009782411571981584e+03
1.324466040312901383e+00,7.943793876995797199e-01,6.786129668964226092e+00,1.743149320574384209e-01,1.167755135534009696e+02,1.173038898577818543e+02
1.001465251906676457e+00,6.029192599653248053e-01,2.630457990458666906e+00,6.029543400816032017e-01,3.844737056743148695e+00,7.920450411063577612e-01
2.206290422484064706e+00,1.514399144421489485e+00,1.283556168655043805e+01,1.084012147397287684e+00,1.325752441717182592e+03,1.324319271613763703e+03
4.235630603948528972e+00,1.841481438069436427e+00,6.392413574285225053e+00,7.151170258368593213e-01,6.289509439028759061e+02,6.274030645294313899e+02
3.090408030728292843e+00,1.398353451206674425e+00,1.621460801332791490e+01,1.048415276060790324e+00,5.299098555667287656e+03,5.301709226082743953e+03
1.840883245214375741e+00,1.399713346590982566e+00,1.392136121141255067e+01,3.450801043291905623e-01,1.177012714955445290e+03,1.175910046591009177e+03
4.581180655504237365e+00,4.866616279260994049e-01,9.669905309399052129e+00,4.027804720276151329e-01,4.942526544181835675e+02,4.926035819057939875e+02
2.148050762050875750e+00,8.055603935329627152e-01,1.603865134561779726e+01,7.531376451128513061e-01,1.113421262131909316e+03,1.115037365540669953e+03
2.510630200191847905e+00,1.195042849396961149e+00,1.397427825042279359e+01,6.859322383621161423e-01,1.534589392314676161e+03,1.533692488630593743e+03
4.035112437578272093e+00,1.678941328973699187e+00,1.669963280826060625e+01,1.030434538639496828e-01,1.927701119965674661e+04,1.927885776645785518e+04
2.356340368734064050e+00,1.571948986332662335e+00,6.606604937123073285e+00,1.094006302579938250e+00,3.292127936678193691e+02,3.272646809575628595e+02
1.646936816296156181e+00,3.444299292316931327e-01,5.839442289692825305e+00,5.826086901618069414e-01,3.908465211767256164e+01,4.283549021593770334e+01
2.309490275636052026e+00,1.087568284861949230e+00,2.956294237488863441e+00,3.946837161656638893e-01,4.127654290068326759e+01,4.109531298411015854e+01
2.969026383566157001e+00,8.721805105522986157e-01,1.879997178845122008e+01,1.165255350106018772e+00,3.899569895145161809e+03,3.899830465554925468e+03
4.612685029584130625e+00,1.890194992263835916e+00,2.249713720515583049e+00,5.598588465394048752e-01,7.215955509303509530e+01,7.166481526085834730e+01
3.904243145347375599e+00,2.739606832776386169e-01,1.720583558607273389e+01,1.151095391549065594e+00,9.533501606442025604e+02,9.532383934977099216e+02
4.532978259283366285e+00,9.180436709296773135e-01,1.797435612971543506e+01,5.840118998847697585e-01,9.949671944871774031e+03,9.949694235538561770e+03
2.794759849053508383e+00,1.597511532063140782e+00,1.635780643228227405e+01,6.776669403353442478e-01,5.682449711762872539e+03,5.681772108460843810e+03
2.631163819587621688e+00,8.763798704448348964e-01,7.508066226567700951e+00,3.097539693124299887e-01,2.925084229621536451e+02,2.949724734679065818e+02
2.337455148773925906e+00,5.417492430668711112e-01,6.388856138532855944e+00,5.025279677262656230e-01,1.167167898446360255e+02,1.121907338808014032e+02
1.256572982236048963e+00,2.376478321998816423e-01,6.526369152033484333e+00,1.379234822518148884e-01,3.018193323985961030e+01,2.773839245508936813e+01
4.196923503342768313e+00,5.509878343182861293e-01,7.716123235520871759e+00,9.192964726761836403e-01,2.972527313990769926e+02,2.964867748699321055e+02
9.366327348198568714e-01,1.066771090861466709e+00,8.518736861862905130e+00,1.094842682757633190e+00,1.674842072421209025e+02,1.672014189356202678e+02
1.804022360456313701e+00,7.319822011118766181e-01,8.427342683555689717e+00,5.325812016287322370e-01,2.173878594159901354e+02,2.202513278509343309e+02
1.503684372464356045e+00,1.012886539074933312e+00,4.384108191297226398e+00,8.920234331281289286e-01,5.790623776965654912e+01,5.899337081854729803e+01
3.040455495991963186e+00,1.007465499411162480e+00,3.975978209297313271e+00,6.609827956792531101e-01,9.416611205176465660e+01,9.414770994926364267e+01
3.216573587560092484e+00,1.958901257447138944e+00,1.358483044045680899e+01,8.274323659338154169e-01,4.990719768241372549e+03,4.989096662615721471e+03
1.714235833324976088e+00,2.015658276085929290e-01,1.161876323221858520e+01,7.397399491014398087e-01,1.128355011753950521e+02,1.167468015294581960e+02
1.304656032856652326e+00,2.874196617106566376e-01,1.261272157167116426e+01,3.815595754962274322e-01,1.500265700626523540e+02,1.517514329560338524e+02
1.560930867879806394e+00,1.396577494215983428e+00,6.625577191527026955e+00,1.199168856945705297e+00,2.072913920250248907e+02,2.123786233495024476e+02
2.001297896425344280e+00,1.991254905316782953e+00,1.355690181502884606e+01,5.329939599800108674e-01,1.979144589140517610e+03,1.976148883327784006e+03
2.251238369310128995e+00,2.405229312708603295e-01,1.547824233661628490e+01,6.031690387136182663e-01,3.357666130095395829e+02,3.392001825862870987e+02
4.037579197157274535e+00,1.771503618417379800e+00,1.048853329077814145e+01,8.949297449650407410e-01,2.302009326768827577e+03,2.301798821520339516e+03
4.577999102528556463e+00,3.592611454917897795e-01,1.042598828404618061e+01,3.870509486516690023e-01,4.432368035498951144e+02,4.415194130862960833e+02
3.443001355027542232e+00,4.197964002614580359e-01,1.022191833939965022e+01,6.772172993192413504e-01,3.550836364059431958e+02,3.553306959880204090e+02
7.487845303997464619e-01,6.228760968755671090e-01,2.064841352523077322e+00,9.832612074938379410e-01,-1.730599484229010887e+00,-1.501688326502301107e+00
2.586272128305675544e+00,2.835404790280515730e-01,8.000836462366494928e+00,1.149148712263353134e-01,1.185996448779621488e+02,1.179645155808585315e+02
2.610111368203082538e+00,1.073049820866474713e+00,7.757098808765253040e+00,1.101768606029910336e+00,3.526938110689658288e+02,3.497855905399852645e+02
4.514076518387128978e+00,1.321641468664484176e+00,7.088373284456323198e+00,1.524171778292134072e-01,6.350054528760056201e+02,6.342995012134133503e+02
1.944355788519619876e+00,4.376139146132456137e-01,1.127684384756529212e+01,1.683511924708215868e-01,2.664541440623864901e+02,2.638797661006249200e+02
3.734172323188947651e+00,1.504829492685669567e+00,1.142483132384669986e+01,2.774006276369415103e-01,2.131363715334855442e+03,2.131534938844429234e+03
4.049984879035499752e+00,1.964775160234721207e+00,1.960531557401575142e+01,1.227378257546127005e-01,8.230366473703343945e+04,8.230093391967449861e+04
2.804747693556722155e+00,9.976579098712179405e-01,4.610860588723806330e+00,1.523078425083279619e-01,1.350507058853046090e+02,1.354808278909283956e+02
2.713357440173332247e+00,2.200952613318499229e-01,1.805642960291307730e+01,4.236649190383930952e-01,5.484648968886564262e+02,5.476322823705387464e+02
1.039548880261793817e+00,5.059569851181480171e-01,2.441954844128388924e+00,8.050103104116194119e-01,-3.295154236576469664e-01,1.572078631557637163e+00
7.775209728878048621e-01,1.364441567087315565e+00,1.901100553899275880e+01,1.007957916138037646e+00,8.148125393748423448e+02,8.132280442338884541e+02
4.874398614518616668e+00,1.975957046939339934e+00,8.771985565953354325e+00,7.483796482560837182e-01,2.013779995744295775e+03,2.011056320882468526e+03
3.036185094138275087e+00,5.397436250310881922e-01,8.834329490807160568e+00,1.386366012147570437e-01,3.057625227222750368e+02,3.029342325961287656e+02
1.701745972322528555e+00,3.250956027524781189e-01,1.498544491521686339e+01,5.922365279662100690e-01,3.070259987209672659e+02,3.075373358571536642e+02
4.115973468121604029e+00,1.006757583244423326e+00,7.710109090085349948e+00,1.326580695474210980e-01,5.375462922041958791e+02,5.454098479649511546e+02
7.460679310574065415e-01,1.503493423826154141e+00,2.773935427720255475e+00,9.230028549496468449e-01,1.368417405887073635e+01,1.089973497889442555e+01
4.745441340993833634e+00,1.504201179419401457e+00,1.229112098051870205e+01,3.672254730035420245e-01,4.615648075078907823e+03,4.614369955895808744e+03
1.265112252615101962e+00,6.735302458516667645e-01,1.800706950083302615e+01,9.226980260508960141e-01,6.259728693986005510e+02,6.290268015055135038e+02
4.935039052780771485e+00,8.027065346558903691e-01,1.576080806235082044e+01,4.769661476980573411e-01,4.834125454158914181e+03,4.835400728055416039e+03
1.822792910736633409e+00,1.336642724055135067e+00,9.822567973208572667e+00,3.210366072650609470e-01,5.017701976025869044e+02,5.042764931409959104e+02
4.588298723420298764e+00,4.202467840027069856e-01,8.830977585486184722e+00,3.633733681856148312e-01,3.580089617702941496e+02,3.585820664100137947e+02
6.881708717935526298e-01,1.661923911915385244e+00,1.553661466208627040e+01,3.395705292798704700e-01,5.690635659791646503e+02,5.699885982444403680e+02
1.154459101357722783e+00,9.796154883421319681e-01,1.352712193266753005e+01,2.331201156193945523e-01,4.545591778670864187e+02,4.546136489606758460e+02
6.717929724421012327e-01,3.603020142289174998e-01,1.141888301531852434e+01,1.049473887294742003e+00,7.484634740304827005e+01,7.256702295764965527e+01
1.789841026949057001e+00,6.148998874473692311e-01,1.102106019727977504e+01,7.606391831759576894e-01,3.071732768655691643e+02,3.075408239694552890e+02
3.895155438352775334e+00,3.192196424940768051e-01,1.196319133326726458e+00,4.178565012442707616e-01,-1.171178765815805889e+01,-1.372106977147749518e+01
1.196144640096747924e+00,1.086605789759481189e+00,8.271550839945838618e+00,5.589161677701528497e-01,2.055258652886635389e+02,2.067163429121967226e+02
1.095427482110458595e+00,9.086076278832835307e-01,1.471495730479426811e+01,4.126393899212149607e-01,4.722523243148420420e+02,4.667264668400009668e+02
3.702770510518112346e+00,8.035257823737946836e-01,5.397765978001599407e+00,6.081049314867017497e-01,1.822422113835545474e+02,1.780033346506177736e+02
3.023546634613951678e+00,1.713403232042165047e+00,9.904701950551663359e+00,4.028942822097077991e-01,1.171668062886592907e+03,1.171276492471947222e+03
7.639973787027831698e-01,3.361946019381081285e-01,6.391427081132871280e+00,1.239750883036599971e-01,2.511065989674736798e+01,2.518339871368607419e+01
1.781600827113886565e+00,1.103619020795146177e+00,1.092895955134070896e+01,4.028460590101328176e-01,5.088418997987267858e+02,5.124117200000562207e+02
3.900041533019609652e+00,1.106968945813578964e+00,1.327900154658132692e+01,7.387589562039634794e-01,2.469437023816600231e+03,2.467661272140228448e+03
2.963104351315370089e+00,1.741814691789866476e+00,1.424275649108032127e+01,5.022891618455049834e-01,4.092181141476491575e+03,4.093296267313380213e+03
4.745772862581687512e+00,7.270318789502665524e-01,1.925367410081669206e+01,1.562087517160444528e-01,9.918953856921469196e+03,9.915186597063564477e+03
3.972025500484320570e+00,5.808601496145846532e-01,8.246885924796579559e+00,1.128573589580903702e+00,3.377410612894865380e+02,3.423310889579705645e+02
3.832672096646013937e+00,1.388007031153870141e+00,6.168591441465074432e+00,2.998264293326649010e-01,4.173783307467082864e+02,4.119897512324478726e+02
4.146425041083700691e+00,6.264826205775357870e-01,3.374237078780190302e+00,6.848316872033876068e-01,4.299748332406278450e+01,4.584012884089159456e+01
8.823802254436212689e-01,2.476740766440808650e-01,1.845915835496802870e+01,7.301582732545753851e-01,1.860086012817304777e+02,1.850786612755638600e+02
2.084643834751470859e+00,3.405574501653200192e-01,1.557016658046139312e+01,1.374165200630328709e-01,4.360268880807774394e+02,4.321780033169021067e+02
4.155835687887300622e+00,3.938569247017064123e-01,1.169156413225712754e+01,6.753650858418928093e-01,5.512044013670927143e+02,5.498437792440984140e+02
1.839038407317682200e+00,1.133374397564468339e+00,7.755635696314270078e+00,1.031536640780873260e+00,2.716098489423391698e+02,2.731394203117667985e+02
2.508926585623657335e+00,1.246753889878606358e+00,8.398060240394816134e+00,9.211351582321760656e-01,4.589542970038208978e+02,4.584169649821550365e+02
3.300944786741680126e+00,1.649441873795172597e+00,3.134406288993877965e+00,8.529600978215727825e-01,9.519754383360211136e+01,9.325136588304032159e+01
1.005337088143785973e+00,1.651194182144232858e+00,9.262883781988053400e+00,3.065026248641634643e-01,3.149382700152411303e+02,3.150258518290742131e+02
3.639962654285448629e+00,2.741783322703763570e-01,1.377953316630857294e+01,8.866010966503877766e-01,4.899869876450179618e+02,4.897005767812657950e+02
2.277678573424414044e+00,7.835770417374310348e-01,1.285412164903942767e+01,3.655999622659529269e-01,6.755496186242157819e+02,6.771035110061154683e+02
4.449437696290566180e+00,8.361430847629056640e-01,1.083971369183826994e+01,1.187464311411544626e+00,1.070277145611769811e+03,1.071363967129521370e+03
2.698755013479746889e+00,5.094256772396499322e-01,7.382433968728110862e+00,9.885146475839902136e-01,1.636159303562343439e+02,1.623834853908408036e+02
6.390261230839243689e-01,1.597231780457450290e+00,1.027755211075301389e+01,1.066945841961867592e+00,2.440780416629258980e+02,2.422388060323888794e+02
3.883079125600092496e+00,1.013050617254348085e+00,1.898828944792449791e+00,8.064916739616221353e-01,3.603360376746506333e+00,3.394506167733588597e+00
3.617328855649128538e+00,3.532929311155754704e-01,1.996731237217341359e+00,3.577717992025349902e-01,-1.176097909126170293e+00,-1.785818346675450918e+00
4.772682431305455886e+00,1.519207155000430021e+00,1.434918175432456877e+01,6.544688697111005204e-01,1.032895606443655015e+04,1.032918430983993130e+04
4.152364657153808203e+00,1.468162939077717333e+00,4.307192632851816860e+00,1.152913536062480704e+00,2.084044727812553788e+02,2.060471386476353644e+02
3.049353001949378417e+00,8.286229607377604278e-01,1.425809560838983181e+01,1.007594204731326659e+00,1.367876141833176689e+03,1.367824178353155503e+03
4.018655928829184987e+00,1.442352635920004289e+00,2.264153745664641004e+00,1.034837830622948207e+00,3.176176032100710245e+01,2.981619219133153464e+01
1.377914383493484163e+00,3.159878458515341104e-01,1.790515149282849450e+01,3.094971541857254316e-01,3.489299108770425164e+02,3.497552555133499368e+02
4.583125611572973490e+00,3.840720351904698404e-01,1.627748554424351468e+01,9.802003103906242742e-01,1.528072809765470993e+03,1.528306061484631755e+03
3.944096031906259903e+00,1.281136482688121969e+00,8.396955142138573081e+00,6.651198762084026272e-01,7.645915765035769027e+02,7.637930191964130699e+02
2.725627642925841698e+00,3.616971567453786118e-01,1.916727929916729778e+01,4.759894907178421342e-01,1.056100012373471600e+03,1.052637321122098228e+03
6.835008185336515218e-01,1.291436257014912936e+00,5.364879596464788847e+00,9.219306169126452177e-01,5.604183435569046878e+01,5.799393259231030129e+01
2.364058054990401558e+00,1.073417642115358728e+00,1.973122698861105206e+01,1.061345358349096601e+00,4.227180757621580597e+03,4.225172871080655568e+03
2.090769118236718072e+00,1.723756479792215357e+00,1.429591841245270167e+01,9.033917509134112844e-01,2.051479338430469852e+03,2.050221826741302266e+03
3.479239397942158085e+00,2.122845295768968910e-01,1.190514853772265269e+01,2.342440219977630633e-01,2.797136596008940614e+02,2.792417303350815700e+02
4.946379133046087340e+00,3.710874445171112868e-01,7.617081346129859654e+00,3.308348232534711331e-01,2.529615943376181235e+02,2.534816225081627294e+02
1.911193922252591104e+00,5.581878395606592047e-01,1.645707897964996613e+00,5.045559083649059362e-01,-2.798584979021342178e+00,-4.189020608707014759e+00
4.700439912396222830e+00,7.182006868791985799e-01,7.639605335804803943e+00,3.833530135173056630e-01,4.348301388731165389e+02,4.334863547984790557e+02
3.578961838714468158e+00,1.992417768589313409e+00,1.376072672214099413e+01,7.834322583071466894e-01,7.112979817651934354e+03,7.109826516547851497e+03
1.216767133820908509e+00,2.471359435745003885e-01,1.544728668458558296e+01,2.078259116650016392e-01,1.848757200726698784e+02,1.866733798868651206e+02
3.543458421876733322e+00,1.516545241589868365e+00,2.929736516632118981e+00,8.995666896241812927e-01,7.599284605039052565e+01,7.471524424320237756e+01
2.992498975006563811e+00,4.230944847820300447e-01,6.593908568832969053e+00,3.770590917271230413e-01,1.269924288716892136e+02,1.257635797796159949e+02
1.730801402280973456e+00,5.658981302049213014e-01,1.224805417067573510e+00,7.663451552401167044e-01,-8.643480431912816897e+00,-1.310024553789750357e+01
1.098785102173259309e+00,4.075889447133881349e-01,1.981022191188654347e+01,9.670326903529158358e-01,4.153798356810490304e+02,4.139117881478268259e+02
1.240565882483980920e+00,8.948974354696093148e-01,4.878186176010498087e+00,6.690817442884043897e-01,5.590745619085150508e+01,5.738253632534079429e+01
4.405748915636521268e+00,7.645217233994747730e-01,2.821343302799150354e+00,1.030187394503579323e+00,2.394627731029283524e+01,2.577960529843979742e+01
2.634880883117602934e+00,4.032863734021087110e-01,1.529539245309052120e+01,5.252173368509081008e-01,6.262106705538058122e+02,6.238512553288259141e+02
3.047918004217225363e+00,1.689303205642029182e+00,3.510714274789769718e+00,1.006393379912796426e+00,1.168281061705239665e+02,1.166662101887327623e+02
3.814971790234511495e+00,1.773348414331081369e+00,7.156217847407430277e+00,4.421045010940748421e-01,7.116331490468495531e+02,7.126174658735578760e+02
1.438632062334121109e+00,9.299522381283682471e-01,1.723195656332089953e+01,5.184276296763090652e-01,9.218528677708961823e+02,9.187239532849225725e+02
1.618247011673429991e+00,4.659801463012909761e-01,1.909774786464323171e+01,1.070232373471297516e+00,6.687297976059741131e+02,6.676983355985529442e+02
3.997462991677871447e+00,2.692966014782951500e-01,6.824815457983310019e+00,3.294914260063979694e-01,1.166207498654812866e+02,1.177664775719145069e+02
1.889698013877873617e+00,5.443600597153124276e-01,4.721480936854129951e+00,4.719336629180984621e-01,4.688273128429777614e+01,4.881262932877685756e+01
1.180096422416484714e+00,1.523381411763164328e+00,5.540000880315034237e+00,1.655428607053342216e-01,1.290143328728994447e+02,1.258514529082638802e+02
4.137275372761541448e+00,1.841687303009750698e+00,1.593312487935576804e+01,8.158412679570647974e-01,1.974678978280390584e+04,1.974431263031609706e+04
1.867475528893505210e+00,9.069921817909549766e-01,5.240477862147657540e+00,3.781341582627032460e-01,1.048028684279650236e+02,1.068639644639864485e+02
1.059242868486547362e+00,1.254720081663003750e+00,5.249845577585331213e+00,8.880116053988009739e-01,7.984662510190594276e+01,7.877257614942965347e+01
3.341932463478774373e+00,1.477203677540265936e+00,1.565269553493854460e+01,5.060084990194594345e-01,6.051115695410802800e+03,6.051570451968832458e+03
1.666253527965616543e+00,1.076674732408432922e+00,1.755458239379597885e+01,3.763483329900378926e-01,1.424232255451805486e+03,1.421638023357743805e+03
1.144223099189621173e+00,1.389476674516528343e+00,4.386277258800643786e+00,6.659887112309065271e-01,6.528344297054239576e+01,6.735319609274316122e+01
1.646811341275887353e+00,1.045485188879131666e+00,2.535327575360305286e+00,2.631642175381875282e-01,2.064565169851494630e+01,2.115942078513058888e+01
3.329212592659120951e+00,1.322831931211947420e+00,5.541644897499926614e+00,1.021778885121169989e+00,2.687712329444885881e+02,2.713359779817230901e+02
1.818087857465481072e+00,4.138927668463795451e-01,2.792151290624088844e+00,5.086232790012089611e-01,4.652666980982353095e+00,2.497137754980575330e+00
8.754022143108655118e-01,1.602576672309010464e+00,1.600030067336313522e+01,1.480571742774769439e-01,7.563574818975896505e+02,7.549938275461807962e+02
2.725465220439270198e+00,1.192607754441862733e+00,9.379306879691426957e+00,9.522789352975643551e-01,6.037498076303230619e+02,6.010358621071885636e+02
1.813072548488549263e+00,5.654476759957340892e-01,1.958995708752124898e+01,2.615554431396889257e-01,1.025113336594556358e+03,1.022361634153288605e+03
1.204690409926051808e+00,9.858141823745925070e-01,1.325960174750237996e+01,9.057448148120966769e-01,4.521199238013061290e+02,4.491619591325091392e+02
2.785197780817627589e+00,1.599021025570200649e+00,9.137445512201335163e+00,9.795169346609308159e-01,7.840718779260007523e+02,7.840963663647606836e+02
2.068791859734429472e+00,1.011242495439534261e+00,1.064460965004890447e+01,1.196920498463220461e+00,5.067404634785618782e+02,5.045504231325322166e+02
3.096417934821593221e+00,1.336728827124289642e+00,1.673209478775521575e+01,8.024993576027469322e-01,5.656658014693233781e+03,5.656232491191750341e+03
3.879820988055771913e+00,4.097339358928091535e-01,1.829196716558866243e+01,5.588785571418141140e-01,1.871970532003898825e+03,1.870186453590495375e+03
2.612721674212955314e+00,7.756561667802044369e-01,6.603704826509141590e+00,1.140520553400588222e+00,1.874134514043578861e+02,1.877173765736519044e+02
4.377559199449008176e+00,1.066616651009240524e+00,7.959612102313556647e+00,4.096560452959399079e-01,6.374412533812203492e+02,6.386893511443776106e+02
