r,q,T,n_ext,phi,phi_noisy
2.656743798561232328e+00,6.040748865737833873e-01,1.358188838657216291e+00,1.744575360057854407e+00,9.048323322401402580e-02,9.739491706530974124e-02
4.762225742364489811e+00,2.333386337810136268e+00,5.469523095813136893e-01,9.705786008908070528e-01,6.132721629831072718e-02,7.775957916833389771e-02
8.919661410542418789e-01,7.246707794899029942e-01,7.179433417229869052e-01,1.550594462243574556e+00,5.295860251041335509e-01,5.361947666278013003e-01
4.753517346258770537e+00,7.721545793516494394e-01,1.736555680015715364e+00,9.917632611417754873e-01,3.606896867996370326e-02,1.000582404787648400e-02
1.696790969650330050e+00,2.092923648765605105e+00,1.007114938965170348e+00,8.301377958201494600e-02,5.558449966696161759e-01,5.739521140030785507e-01
2.231966955068363401e+00,2.614956128073619546e+00,1.527309038797414864e+00,1.861875186003381977e+00,5.579309439898574308e-01,5.668584354371376532e-01
4.172972450338120254e+00,1.144670418402553125e+00,1.006035129640317161e+00,1.506763451708708734e+00,6.656616213461721832e-02,5.582709742741151504e-02
2.164155854571974125e+00,1.765477757691437555e+00,6.132867215934285632e-01,6.618204599294070789e-01,3.155423179304170378e-01,3.271646800143441225e-01
2.838049700830685751e+00,2.416682628742332639e+00,7.491434420702939301e-01,1.869226617466856810e+00,2.937400905067502066e-01,3.010315384304717012e-01
3.322837435667281847e-01,9.625772131480776483e-01,5.404712325907474746e-01,8.794245364265984577e-01,3.043562737770766802e+00,3.049445387703877408e+00
3.816862921639071704e+00,1.530736264306507444e+00,1.077135769029475831e+00,2.025354797858276434e-01,8.360876648015351520e-02,8.417721130646944883e-02
2.783087903452535539e+00,1.982271822239386694e+00,7.942146853316855992e-01,1.116395774374043803e-01,2.091229033451330876e-01,2.200571630773820175e-01
1.782712239195642256e+00,2.468487242187890729e+00,1.680293096460911295e+00,6.632546774359295849e-01,6.597430771223757873e-01,6.450139953823424976e-01
3.984457776456340916e+00,1.933577309405764888e+00,5.801624461226271290e-01,7.497028338704814221e-01,8.549929888510046649e-02,8.224109992523941093e-02
1.655335180599895928e+00,8.652861641606358623e-01,1.572627552483572000e+00,9.778589149162704164e-01,2.636895771367602781e-01,2.540471908831606895e-01
2.376789869507127229e+00,2.576170373422085547e+00,1.507141954719446009e+00,1.433505533526793219e-01,4.008666976857009900e-01,4.128436219383935235e-01
8.434001467863907475e-01,2.527753864337087375e+00,1.237217508217110185e+00,1.387398107130760616e+00,2.313902150372100230e+00,2.314696592521733542e+00
2.134942334946220210e+00,2.307312837023697050e+00,1.208074791221289024e+00,1.057761428319754060e+00,4.566733312736446226e-01,4.508241962543428349e-01
1.176585155245518211e+00,2.332493495542154793e+00,7.715815104259993173e-01,1.325762788889820465e+00,1.184330782849441821e+00,1.168692613602305030e+00
1.459104034120877635e+00,1.639391257089508169e+00,9.939161489832305518e-01,2.844487318623221128e-01,5.466685695377376808e-01,5.415247247253602847e-01
3.801750428624252276e+00,2.125591487099792953e+00,1.666063206662592222e+00,8.409741923398261765e-01,1.530322644400303189e-01,1.531951080503971829e-01
1.545962038332991506e+00,2.996833924795828885e+00,7.902011606950258837e-01,6.564168957645211133e-01,9.380257105389633310e-01,9.325136524329759036e-01
2.528916677271848545e+00,2.937170291172022107e+00,1.436558229516464946e+00,1.132602792306885542e+00,4.542589635048940311e-01,4.801402397928581922e-01
4.907538559045945270e+00,9.661210089604930218e-01,1.620203483266775768e+00,1.658456462030446277e+00,4.677877186703585655e-02,6.691325817315174618e-02
4.815954529586176314e+00,2.093526465721502916e+00,1.895147355166233893e+00,5.380549114528145882e-01,8.768332586800145489e-02,3.346007628868208350e-02
3.678991715712961685e+00,2.668842797523910182e+00,5.728002184742823077e-01,4.018283603320766950e-01,1.268668866285748431e-01,8.908662170922138079e-02
2.797888906627684413e+00,6.503284065133003722e-01,1.310074528546848693e+00,8.430830751265834255e-01,7.960707707493713814e-02,7.611163523383389362e-02
1.529077779417779892e+00,1.937350598661567336e+00,6.429986924672538295e-01,8.066514315595851858e-01,6.091611081776393544e-01,6.007172999461123375e-01
9.711296421206090379e-01,7.887301725796111995e-01,1.829773490359130284e+00,1.926343841949697433e+00,5.949544651908915682e-01,5.992273251408637424e-01
4.855641983437436693e+00,9.589136393822468296e-01,1.929998785220780944e+00,4.317792035610268364e-01,3.841491947090995562e-02,4.276135809136123039e-02
2.677129210629817901e+00,1.397990626456074192e+00,5.838356651859464286e-01,3.906758312071469952e-01,1.589842670460623331e-01,2.013410421470833156e-01
7.561549398596976168e-01,1.891673047479808023e+00,6.488356719068300027e-01,3.454665703865293924e-01,1.699177279204636015e+00,1.676936863950790446e+00
3.192750826580001977e+00,1.853654072908987205e+00,1.186488656588434942e+00,1.937660674555608642e+00,2.001552480100727560e-01,1.926031478675327979e-01
3.928078948843030105e+00,1.759963961921112929e+00,1.662397818478354328e+00,1.704472963851327627e+00,1.359374640094737352e-01,1.767928961593203396e-01
3.142415845054594481e+00,2.893150782546805022e+00,1.424042474783123957e+00,2.386358001119466277e-01,2.695562571528188345e-01,2.824903170768557903e-01
4.603028982996332452e+00,1.773352732359552597e+00,9.975804507405122701e-01,1.968046980838913163e+00,8.929286640602349112e-02,1.025541338535487235e-01
3.900458079881737317e-01,2.332740343784245329e+00,1.395261735928787328e+00,1.366227108213681207e+00,6.694409647102238736e+00,6.684129519668489117e+00
2.737228463648103904e+00,1.335749426472620405e+00,1.696943614603105610e+00,1.577472714287145195e+00,1.967213619628178090e-01,1.637598585457047395e-01
2.404812237849938139e+00,2.360834179686754020e+00,1.882248091908226506e+00,1.473317578697422414e+00,4.410957020831247632e-01,4.444449969675796086e-01
4.992779799194028700e-01,2.369726558485003132e+00,7.074863961734825235e-01,1.668108673108128492e+00,5.217342156767723615e+00,5.219522438524154317e+00
3.278375211868999717e+00,2.173913434628542696e+00,1.764530624656492241e+00,1.379194847130629231e+00,2.283801756704978425e-01,2.038331345856063681e-01
4.292637624707152710e+00,2.385739372496924027e+00,1.471865504752777332e+00,8.778290095342464738e-01,1.300012297529507255e-01,1.163366965173394801e-01
3.046116886900563259e+00,1.930891739709546417e+00,1.304455784884323899e+00,7.843558169765110222e-01,2.017048311458195520e-01,2.002639575512749903e-01
1.448467749138671268e+00,2.639098938140126194e+00,1.161165448012292156e+00,9.728000814290518328e-01,9.727142781467547072e-01,9.538192456855391077e-01
4.231431300950761809e+00,2.581334836866432614e+00,1.266206765521427302e+00,1.164753166550183128e+00,1.467702891697101886e-01,1.448048898126658435e-01
2.645580231303245267e+00,7.409744347478065540e-01,1.188087531846503841e+00,8.258666676289709851e-01,9.862824484057522434e-02,1.005379053899643077e-01
2.652266645439358417e+00,1.620889468390356747e+00,1.506036046211077339e+00,6.035620740982539090e-02,2.059057976397726253e-01,2.066175223808823513e-01
3.814544996970453905e+00,8.016801609971244691e-01,1.868047110295495861e+00,3.092814339902600906e-01,5.345333661676810594e-02,4.332750345048180796e-02
9.100257717677915359e-01,2.876347598229267444e+00,8.553234015960844427e-01,9.058839413630299653e-01,2.181189122603386377e+00,2.193064084039102912e+00
4.134208251772529152e+00,1.587227990697596791e+00,5.030965738461525838e-01,1.593707943296493790e+00,7.685690926193738948e-02,9.468024834758395625e-02
3.479777148815634380e+00,1.050195795251958497e+00,5.386370706949301645e-01,7.727664145352224345e-01,6.663663923661969357e-02,7.305360532795096562e-02
3.978065319463044869e+00,2.594071354306420218e+00,1.867544939490101585e+00,1.727657456955242088e+00,2.032766531733553317e-01,1.869120486255491931e-01
1.119758043296649186e+00,7.180403989905723705e-01,1.893249049221742641e+00,1.834532067430223012e+00,4.430696203140931932e-01,4.577026659898020267e-01
4.051347973445744266e+00,8.852173716147213600e-01,1.812723501318662001e+00,1.619767622819263675e-01,4.946966326008426368e-02,3.944086289074321544e-02
1.118354845074561288e+00,2.197074841873842388e+00,1.373709683616489041e+00,1.446168635633807709e+00,1.307743167546841168e+00,1.325326379912600938e+00
5.914525633448610709e-01,1.768558307222060755e+00,1.377817842859274444e+00,1.906379475912855392e+00,2.731171793517318758e+00,2.709736045179770070e+00
4.305089476577936836e+00,1.168236665678952235e+00,1.105865413695964028e+00,5.963422813202619022e-01,5.380465434936897162e-02,7.209399841194459591e-02
4.334160781652808048e+00,1.940699423155447079e+00,1.006729536381518741e+00,8.912101847671398680e-01,9.204648030609632881e-02,9.164521121378671475e-02
4.407378062799586438e+00,1.018459184528829109e+00,1.899834292434559480e+00,9.221406039560275936e-01,5.673474486990814913e-02,3.175976706321984033e-02
2.465166652922193169e+00,1.273089027243369031e+00,1.295508088848026151e+00,8.983215983374452929e-01,1.953473572769449940e-01,1.890693678376080267e-01
1.515432265345847629e+00,2.027651535352236856e+00,9.128140341517442247e-01,1.655928649761331029e+00,7.175308702395917226e-01,7.186129158150226237e-01
2.340407772951980658e-01,2.707330386975446146e+00,1.485839574728271550e+00,1.841450955359025921e+00,1.786363208474331543e+01,1.786908791152660569e+01
3.299460298759749666e+00,2.257945681934776516e+00,6.374898538839085527e-01,1.675068358650918521e+00,1.974839720681734467e-01,1.778402095693538965e-01
3.655565040841726621e+00,2.108069460355574520e+00,1.525532817449923195e+00,2.575668097071075469e-01,1.453202358481418266e-01,1.231727749048379672e-01
4.210732239201315785e+00,2.366617842679215045e+00,9.086175275386577654e-01,1.785624760999267480e+00,1.370319813218264515e-01,1.410236719787680559e-01
1.553013571349802113e+00,1.445939451579709711e+00,1.541171540933631956e+00,1.373615035147342622e+00,5.145023449246306502e-01,5.051673525870346015e-01
1.233047202382273166e+00,2.952445150509682925e+00,1.222891639437593714e+00,1.872518271703530468e+00,1.598628509828011079e+00,1.603338622062615570e+00
3.268790624319621863e+00,2.028150450019834850e+00,1.791775334574699619e+00,7.857235141147269619e-01,1.967088268021250919e-01,2.118992172516926675e-01
4.064263199096046719e+00,1.143903188779014535e+00,1.634932073673911246e+00,6.113645616316873976e-01,6.849151297694876239e-02,3.551576564992979523e-02
4.825620189655860592e+00,5.899131196246361064e-01,1.974890734687655414e+00,6.794012596652732050e-01,2.586157925297134785e-02,3.094934158332369317e-02
9.225191860216519490e-01,7.793889632397303924e-01,1.371008129417970123e+00,7.637437095437449308e-01,5.423450398989482224e-01,5.668379792496628378e-01
2.514619463356815299e+00,9.962728790369765886e-01,1.739321927010719193e+00,1.767088847906528093e+00,1.748573141029730604e-01,1.689067772155636027e-01
4.494636138541633130e+00,2.335931597525435777e+00,1.488070688824431498e+00,9.692731867052817307e-01,1.174489009561514308e-01,1.012326092914000303e-01
2.229041153338099157e+00,2.536302911181536057e+00,1.605104280410874606e+00,5.761728026141939019e-01,4.615269529932459758e-01,4.765718295368378543e-01
3.029609898003430946e+00,2.813632112621938575e+00,1.843159989130166210e+00,1.541710793373831878e+00,3.541441582304869495e-01,3.592130885546497843e-01
3.175552519681433816e-01,2.107275587943922890e+00,9.693901114924821094e-01,9.773595499565401745e-02,7.558565852853083911e+00,7.576483514268635311e+00
3.432607458334107076e+00,1.243192474938776604e+00,1.694261395700952022e+00,6.949373098841653551e-01,1.071825477871529708e-01,1.002782335861273771e-01
4.611625374242348308e+00,2.597172723358721402e+00,1.890256830733922921e+00,1.582645685204149499e+00,1.486123879107091039e-01,1.189760224362648722e-01
4.168761581872260535e+00,2.883675424709502444e+00,1.983521667746267481e+00,1.216880736169709154e+00,1.925345204988904990e-01,1.903343052046654882e-01
4.450497280207744488e+00,2.242259600093958305e+00,7.187270732072745805e-01,7.253648322555010797e-01,7.941132552367047293e-02,7.049476246344582586e-02
3.369705826498512025e+00,6.808950999270170223e-01,9.218422727285018325e-01,5.508027787864846481e-01,5.278038352065581029e-02,6.828685996160729910e-02
1.378650882767252339e+00,1.527454941954923484e+00,1.137018309973231833e+00,1.834500785306454329e-01,5.533022127682096780e-01,5.571748697357528091e-01
3.888881594702020994e+00,1.122359074520745237e+00,1.071273755905415515e+00,4.881476642489723794e-02,5.412257840516045831e-02,2.150559375645843402e-02
1.216038764516050419e+00,2.848151279714927764e+00,1.906203704189629811e+00,4.015103928812977507e-01,1.373628081914914922e+00,1.349724820312850904e+00
4.190119206389413264e+00,2.527808477815178367e+00,5.376930260863755917e-01,9.775602954201449979e-01,1.006676951872742670e-01,1.183434759190193780e-01
5.010460283396875880e-01,6.748177803255318574e-01,1.844731974719103107e+00,9.144357437165631097e-01,1.121792049568145044e+00,1.135387349916501920e+00
4.162341504289067906e+00,2.023579825804652899e+00,6.272945538980330138e-01,1.058552413761451039e+00,9.194491350110560457e-02,7.914004618293582483e-02
9.896348790756861469e-01,2.962868957792944791e+00,1.906317546774806804e+00,4.987019958085614491e-02,1.860907261736624463e+00,1.860886285805278817e+00
2.000705583183880698e+00,1.809515317549500679e+00,1.881943987447856959e+00,8.768790918095503706e-01,4.193267423907415248e-01,4.282382134662652273e-01
1.720343199473428619e+00,2.723603360666704276e+00,1.223416728860498681e+00,1.474038035105088351e+00,8.157287472592098521e-01,8.250968339761554082e-01
3.518417769333157974e+00,2.530826693031547059e+00,7.613013694729945380e-01,1.499735827257582921e+00,1.973363390266043016e-01,2.148611829488913105e-01
1.057145015236985230e+00,1.678843497164999699e+00,7.872180727580391224e-01,1.115883869816600926e+00,9.649388864912827879e-01,9.700685990357140742e-01
2.102029578641535057e+00,1.605020990980536855e+00,8.891184550251871599e-01,1.409340610277213468e+00,3.211336995189436050e-01,3.192371327395736591e-01
2.279580565183085550e-01,9.041279693796928640e-01,1.773376011900033911e+00,1.894313803780023342e-02,4.015288743939625427e+00,4.010111782643868139e+00
1.459974621200487155e+00,1.386173925283359143e+00,1.311123785836207034e+00,6.727821927044332906e-01,4.846623468390513501e-01,5.057772028497163896e-01
2.221706308298985189e+00,9.784166891449572745e-01,1.812236914008626076e+00,1.024509548167912287e+00,1.923307932852214575e-01,1.473137077836507158e-01
7.084219361951573646e-01,2.614268959629443945e+00,1.631977974885962412e+00,1.841752434844282194e+00,3.280294003686716309e+00,3.277520897184889481e+00
3.239167740975477550e+00,2.008508177983053145e+00,1.951555821246036437e+00,5.148234567504237358e-01,1.935105929813731862e-01,1.941705950610543852e-01
2.026036495455355357e+00,2.840605678371170839e+00,1.492065404191216915e+00,5.849858003101313653e-01,6.013042800762677942e-01,5.727973008588640447e-01
3.681410902765946513e+00,1.525885543812812051e+00,7.550665635145239474e-01,8.810294710921939831e-01,9.758131529284107264e-02,1.042375875556020015e-01
3.338556853128292978e+00,2.254273302196332374e+00,1.320408487067080694e+00,1.369572442685865754e+00,2.139150284546880165e-01,2.008894082058201302e-01
2.269888394131549969e+00,2.582875465073221299e+00,1.608925772438134505e+00,1.157113303195881349e+00,4.921078497750068226e-01,5.093567457013217226e-01
4.363138427082556170e+00,5.321932008900632782e-01,1.036856646622569933e+00,1.501797460685023733e+00,2.829293659112052522e-02,2.578109491043398260e-02
3.234248564000802073e+00,1.307134858850230286e+00,1.999666202670193904e+00,5.526749146311886740e-01,1.274809721702006016e-01,1.408640369859896491e-01
4.089316890110235470e+00,1.590574479383223716e+00,8.258941455389631203e-01,1.604491722954446642e+00,9.311278705079445439e-02,1.174896591542189117e-01
1.840614674912542270e+00,2.821508610061453926e+00,1.889945603093344806e+00,1.820438493596184371e+00,8.622823077227144140e-01,8.699408993769838228e-01
2.809612590408586907e+00,2.676222141983684910e+00,1.234900687241360373e+00,1.079439756562186714e+00,3.324313134790043422e-01,3.149168906105474508e-01
1.142225048550816302e+00,7.112706068719552022e-01,1.767162219399502243e+00,5.393712072782799183e-01,3.651136677356785487e-01,3.348272951015857646e-01
4.981477712569414074e+00,2.888647792540043113e+00,1.299278053659288723e+00,1.690544298726904815e+00,1.269213104180628715e-01,1.619889927683903219e-01
1.367434228670370011e+00,2.067259522295398444e+00,1.325919471160582175e+00,1.249580783120187721e+00,8.717696442173367144e-01,8.695438003535863603e-01
1.432963842690093026e+00,6.798339351885436255e-01,1.560760252495997591e+00,1.726262288694469849e+00,2.814096711127759831e-01,2.676383721600895660e-01
5.513123474766367105e-01,2.225305622069109202e+00,1.286107589702048415e+00,8.438220478733038377e-01,3.610838653873876591e+00,3.613723795635093161e+00
1.437454971184335406e+00,2.638406575080891603e+00,1.172705334055248683e+00,1.322724811061656736e+00,1.030158190814554064e+00,1.026329964204901080e+00
3.863016956211455355e+00,1.147138208015963112e+00,6.781264615539193130e-01,6.513709424094460410e-02,4.150946170081019210e-02,5.855230698506394549e-02
3.549889139278790573e+00,1.306653893089553042e+00,1.509088579055108958e+00,5.090684402874239289e-01,1.001749278669772369e-01,1.008534915157192485e-01
8.176314191224132166e-01,1.194231724923508597e+00,1.940065121373989232e+00,6.124342843011467696e-01,1.028360011284600528e+00,1.028635002956968858e+00
2.005944806854852214e+00,2.256268493883606840e+00,1.913938814209303230e+00,1.845120814525835096e+00,6.002972948330987935e-01,5.860057004124394897e-01
2.220422694163822097e+00,2.295697927440047081e+00,5.704609899771438952e-01,1.373524573910804403e+00,4.024094987217331498e-01,4.118008606966830354e-01
3.391924382537411464e+00,2.435873076603664700e+00,1.155068239673321395e+00,9.222546010363252833e-02,1.775569171946020375e-01,1.568795827475023830e-01
2.388459022609994431e+00,2.802602828527105849e+00,1.393585230165496069e+00,1.116256357873711913e+00,4.744128155372187572e-01,4.877306043324980966e-01
3.015287968762550896e+00,9.545706214724067884e-01,6.481208286688699971e-01,8.697711732167661136e-01,9.199261099677885634e-02,1.224713612565814930e-01
4.230486097322923023e+00,2.270619829388647037e+00,1.565949419248927388e+00,1.523979678740400079e+00,1.449655749263020488e-01,1.144718541643190146e-01
3.687073329499378271e+00,2.114257473283235544e+00,1.150044504980867188e+00,4.271089569265231756e-01,1.378610499195468964e-01,8.853646529252054420e-02
1.952034864841082795e+00,1.156552705792579960e+00,6.947423944899795423e-01,6.675631702220317099e-01,2.457935230850684105e-01,2.581310981881548283e-01
2.352302284853524661e+00,2.938271203814824428e+00,8.189717086460326367e-01,3.407503036821564191e-01,4.533853930528858323e-01,5.043433493625483210e-01
1.964957934512031601e+00,1.692400562921495322e+00,5.275144959552688917e-01,1.538088388807387519e+00,3.630880093864630176e-01,3.430695124090251680e-01
7.267263872321443330e-01,2.872068689230545147e+00,8.451608136379423764e-01,8.922227275029750437e-01,3.164237926445841342e+00,3.139224011269801551e+00
1.175559411619503614e+00,2.929434482759155856e+00,1.550789219242603600e+00,4.338062396920641106e-01,1.459849493112523211e+00,1.471628871788132731e+00
1.562271146931829113e+00,2.750120239596576255e+00,1.240078614717562644e+00,8.660860330741477764e-01,8.952120451211896812e-01,8.783976133200235292e-01
1.707842698891050448e+00,1.648713399950233027e+00,8.506764469401272288e-01,9.660417158197163179e-01,4.438363530344312524e-01,4.337158433556965176e-01
1.702629722335700757e+00,1.199441975368805036e+00,8.791291695825819152e-01,1.777774011792664810e+00,3.479043000186347045e-01,3.409419506849591386e-01
2.968158638014169792e+00,1.964404848388399794e+00,1.209983305886112692e+00,4.872653891985097019e-01,2.061178692601548235e-01,2.167579109859907871e-01
4.864111882974822443e+00,1.623839582381596980e+00,1.599944090134980623e+00,1.361359795639880410e-01,5.286771810995467141e-02,4.476167088209229844e-02
3.918387847633913346e+00,1.670503954611430197e+00,1.967560989560038998e+00,4.961367894358692521e-01,1.106240690878416977e-01,1.161817258894449062e-01
3.997442951229465358e+00,1.110203359254822608e+00,1.248101405344739900e+00,1.123756747194140093e-01,5.502054652906584326e-02,5.148988135119433873e-02
3.844488802589983933e+00,2.605632688505708394e+00,1.164910132328689674e+00,8.442652738417799618e-02,1.376411089998718362e-01,1.207476869268397646e-01
3.065541106514031000e+00,2.326810233093203450e+00,1.068726545015224350e+00,6.862435521195993093e-01,2.305742686015592735e-01,2.241777434466948604e-01
4.604922834420380973e+00,2.663273994699683289e+00,1.732310884414218766e+00,1.472188376202686833e+00,1.459326249288905308e-01,1.269246316255321638e-01
3.510224746145988561e+00,1.828847064796319311e+00,1.364223258009809259e+00,1.531538515189962313e+00,1.623600112606579104e-01,1.624903109780528876e-01
2.601710867536980665e+00,7.316593291027085888e-01,1.873714388145600873e+00,1.761379436185479985e+00,1.232276193684158638e-01,1.007502948171031254e-01
5.700022808025859700e-01,2.655772348814120054e+00,1.322319171555189410e+00,1.672965969937204811e+00,4.575294582665883958e+00,4.553436695279978963e+00
2.544556290010514754e+00,6.731280040215308347e-01,7.983788759581338379e-01,1.798037335003742632e+00,9.861550001128796539e-02,1.277547363173930639e-01
1.221588777633604739e+00,8.862900237000832515e-01,6.576729449943239381e-01,3.904889356317740035e-01,3.807395230228549643e-01,3.796758386167481403e-01
8.369422282245788658e-01,2.860300325062463678e+00,1.307062520152665552e+00,3.600194185906038236e-01,2.358286248580140576e+00,2.357208208070699751e+00
2.629111628140990309e+00,1.903761935649332715e+00,7.859973824397428199e-01,3.965981614012004108e-02,2.245794638863522763e-01,2.348101922847046497e-01
3.968409404465403245e+00,2.187493525915977344e+00,1.547799041003406817e+00,8.157610638499488420e-01,1.412193621142698308e-01,1.328022220632923966e-01
1.616030925466493295e+00,2.552481667969558110e+00,1.674508917904026006e+00,9.429191333819806342e-01,8.311074987859935481e-01,8.265367914364304402e-01
3.890104447563999202e+00,2.161392839212799899e+00,1.666101592054284986e+00,3.456298282988758963e-01,1.354188013914670585e-01,1.439217760981052474e-01
2.723021711178819526e+00,1.609928220219329686e+00,1.109359050468160968e+00,1.950298148602151338e+00,2.277553965955961823e-01,2.334037134404842173e-01
9.154305121794201749e-01,1.857498544864521595e+00,1.326268647306290349e+00,7.676282301410477515e-01,1.359121962348051049e+00,1.335936027809402349e+00
4.831845171102731484e+00,1.496209484180672789e+00,8.399983409837238346e-01,7.672343345035386175e-01,4.611040076202136545e-02,6.277725269541460651e-02
2.127853874664884071e+00,1.942976062426472916e+00,1.278390221832273799e+00,7.861684073939081419e-01,3.778809069726198344e-01,3.660722081068389921e-01
1.617124427180939739e+00,5.055175767749304772e-01,1.725886217308505444e+00,3.345890872189616339e-01,1.490682372124808308e-01,1.279466582061971058e-01
4.265592179041902021e+00,1.770665240516855476e+00,1.458816206456189146e+00,1.185574991097125386e+00,1.031108579350168558e-01,8.510135653503582420e-02
7.974095960743032840e-01,5.595544564893552009e-01,1.500741088807575396e+00,2.354609384628547630e-01,4.507413363330440847e-01,4.429304294459376345e-01
3.721234213153776338e+00,7.741798720599392114e-01,1.934207553438605398e+00,1.894579090004428812e+00,7.114763942480198389e-02,1.036936445172633309e-01
1.101558764314247929e+00,2.615920686519082050e+00,9.301456105978700428e-01,9.454423122635420285e-01,1.453514640837827443e+00,1.430003922739411903e+00
2.083960524860395847e+00,2.148465293263617681e+00,1.474356109875542220e+00,1.189845959697165334e+00,4.649389300473215081e-01,4.681404478980083494e-01
1.313119416618264479e+00,9.554196770715877030e-01,1.826981797169308974e+00,7.183551371469782953e-01,4.124585042832398796e-01,3.697020171214283613e-01
4.237894364923457502e+00,2.368006313129574103e+00,9.982856928444652223e-01,6.714307343529100081e-01,1.115802644462427495e-01,1.115489257833388176e-01
2.072357849311336153e+00,1.689458173969606625e+00,5.756740204147076101e-01,1.970566412888029140e+00,3.427328058614111383e-01,3.607241342109313020e-01
4.878525501834988454e+00,8.371156899328222600e-01,9.422236818467886188e-01,2.237560674295104857e-01,1.955162301503038727e-02,1.481835657380128554e-02
3.201255125192512541e+00,2.824214237857579857e+00,9.347523124715888532e-01,2.762525645528732809e-01,2.333120163895348320e-01,2.207249179118679905e-01
3.529389606573992921e+00,7.820127462135041396e-01,9.308635564316876110e-01,1.060152938657174193e+00,5.960432293327235648e-02,6.423454421444310669e-02
2.703320586235604228e+00,5.493571450457299665e-01,1.288079607161450424e+00,3.837022019398488304e-01,6.826591931577324912e-02,8.226895433878625430e-02
1.683047355562837355e+00,1.141504321141487477e+00,1.343552916687076326e+00,1.318342152742935092e-02,3.051372271825855687e-01,3.184103786029336969e-01
2.098670821051658031e+00,7.171497673105837745e-01,1.077722363844343612e+00,1.232401075813290614e+00,1.443200096662268783e-01,1.837694867448227132e-01
4.716484100777128319e+00,5.418036464539226493e-01,9.829963785254308695e-01,6.436532319307852745e-03,1.232769135876996686e-02,1.651104080549550129e-02
1.165775363478389393e+00,2.133104691160552679e+00,1.285412443583459075e+00,1.266680616506348001e+00,1.153259630851639406e+00,1.141411428856580645e+00
4.943450725857019279e+00,8.299053474782293049e-01,1.595092856447579699e+00,6.139776036284529948e-01,3.123168594295134062e-02,2.871210214321848544e-02
3.839868137618328348e+00,1.909699610154969696e+00,5.487348287113593681e-01,1.232409047063849350e+00,1.066576406599419602e-01,1.052076697475457234e-01
1.926977247164529006e+00,1.106474572927716782e+00,1.738602661232219848e+00,1.154217407371032289e+00,2.772178317869836706e-01,2.793925794565460530e-01
3.279265229626896261e+00,2.851625339418774718e+00,6.986514360702068549e-01,1.852881725592076423e+00,2.614340539197627100e-01,2.608334976551739959e-01
2.028711388606819988e+00,1.039639970737014751e+00,1.859603532763228539e+00,4.907868471686080980e-01,2.216884875869644111e-01,2.251678063648884787e-01
2.031166076671615972e+00,1.801636815853929097e+00,1.239010209805958551e+00,1.848017784892349580e+00,4.252608387996780204e-01,3.918438375873757873e-01
2.618254160933742192e+00,2.337468144929141012e+00,1.346382860593594577e+00,1.067700174343723107e+00,3.328244354223362511e-01,3.494170145431371166e-01
2.802695438498100100e-01,1.277824796573689081e+00,1.971236176479721269e+00,3.169003721636975968e-05,4.494633580447088050e+00,4.483138795068667193e+00
2.569143487728301700e+00,2.579348475132487106e+00,1.845827405806208965e+00,7.971838453609785269e-01,3.883264251792108990e-01,3.648632512502704150e-01
4.863672384545062677e+00,1.284947380328522737e+00,1.167631176479994259e+00,1.155865716057871140e-01,3.344585977697066281e-02,4.620088296979937836e-02
1.570233098170776387e+00,1.469650159435256676e+00,8.034249880563364421e-01,1.392036468154107531e+00,4.638951901361182406e-01,4.902417102838398932e-01
3.791446203567738316e+00,1.575970706319345771e+00,1.393624911918054821e+00,1.428838470536103467e+00,1.195004867671806276e-01,1.293610497571694717e-01
2.325386672338376481e+00,1.547235304829512881e+00,5.602769181499603901e-01,6.016285986512859285e-01,2.406240443332263723e-01,2.438472306101367726e-01
1.204549004565370174e+00,2.019859136026036062e+00,6.006095680546285065e-01,4.776827357565287535e-01,9.083061808387384861e-01,8.896617747312994817e-01
4.544012339927022026e+00,1.065614028999577023e+00,8.394413259104174241e-01,8.691222614412137393e-01,4.100404640761681069e-02,9.843539316388678906e-02
2.807709664650223647e-01,1.323035276107408009e+00,1.126625272196653649e+00,1.216999390380374635e+00,5.447711905171218838e+00,5.465317077584448846e+00
1.656842847677651109e+00,1.072430078293787226e+00,1.540557677641186229e+00,2.617333756568944736e-01,3.000578300359346695e-01,2.772719366290751775e-01
4.995324235154900094e+00,1.192363121292228989e+00,6.483688644887057873e-01,4.860312696110140607e-01,2.181984313667540212e-02,6.227084811880511522e-03
1.458304621711949522e+00,2.406955815410013688e+00,1.782280717644406431e+00,1.680713115340126684e+00,1.023682151175294486e+00,1.025421736146732599e+00
4.275413704924505787e+00,2.073166884554670908e+00,1.174666542406561653e+00,9.929508437238772078e-01,1.092629803085482798e-01,7.816835766862856305e-02
3.107279113547380511e+00,2.906973256060086275e+00,7.908767635891928993e-01,5.838349394988853192e-01,2.623185567171131272e-01,2.656911648573234142e-01
4.068971396130192986e+00,2.875325101567620667e+00,1.796673789648260078e+00,5.413625735844607156e-02,1.535405844362568439e-01,1.443591533220016654e-01
3.225525226128695522e+00,1.012713617269597854e+00,1.536318338469919054e+00,5.091818142828044014e-01,9.412815806356303328e-02,1.186535700698873874e-01
1.940944913877672207e+00,1.024865089902863957e+00,1.789763028396701205e+00,1.269669902093302660e+00,2.591713322356033466e-01,2.784144255081683061e-01
3.851786166000715994e+00,2.769119903064514610e+00,1.947720060081082005e+00,3.995040335983477409e-01,1.861683308539885118e-01,1.319426221052930615e-01
3.271258347390672006e-01,8.473995631461895828e-01,1.729403886323962469e+00,1.965072202213392849e+00,2.593778163542845849e+00,2.594612215263392141e+00
2.344702168325369041e+00,2.402962617491659181e+00,1.014512026490332008e+00,1.661090489054328323e+00,4.214698853289904346e-01,3.891205353385166488e-01
1.984901935376508719e+00,9.793994076423711004e-01,1.980243039444691266e+00,6.344169141926374600e-01,2.228584037574062315e-01,2.450511637423767042e-01
2.489955227059277743e+00,8.575916589575247606e-01,1.629544525058871152e+00,1.062754731488628313e+00,1.369216999397783185e-01,1.402838173223348028e-01
8.125792951811341425e-01,1.598109723217342015e+00,1.728547883614887315e+00,7.242421771724552038e-01,1.411461258844806110e+00,1.422429367888546015e+00
1.268032956542107570e+00,2.210149192945594976e+00,1.047234572543938924e+00,7.343324473592245383e-01,9.582340115448650941e-01,9.369315169687990608e-01
2.897847632478605107e+00,2.610421711530948485e+00,1.395088741787300801e+00,1.020497121219885894e+00,3.109989661172327668e-01,3.475675708771427952e-01
2.061291755148578986e+00,1.020377613455817123e+00,1.433499194294375778e+00,7.663930143998183286e-01,2.106910430365872000e-01,2.510925103795961233e-01
3.999949786833634668e+00,7.492598524116351744e-01,9.157603983429828398e-01,1.986809712410102291e+00,4.958662078835368581e-02,2.829119993582943429e-02
3.104655628532069667e+00,2.481782299850264550e+00,1.218549446148512239e+00,1.696937371017495089e-01,2.279749575743072743e-01,2.354312600116336140e-01
4.334080086977571966e+00,1.627543062771719118e+00,9.073879423833196567e-01,1.815863214303916839e+00,8.884201465584531943e-02,7.537596608804157661e-02
3.715332019162902011e+00,2.023924171060233146e+00,9.319237027322675448e-01,1.392383439724426131e+00,1.452406009045963398e-01,1.447692021673817053e-01
3.088752549241112089e+00,1.960503767515951346e+00,1.481385039868928999e+00,1.829654459153373658e+00,2.341336295113973787e-01,2.088208899269060892e-01
1.580554890540779134e+00,2.402043741140572841e+00,5.298707328865221999e-01,5.128614730206668693e-01,7.243845409249309863e-01,7.617274512165433942e-01
3.957250246045608932e+00,2.973897283422392679e+00,1.637285354145324945e+00,1.522582630815985771e+00,2.196568435198233415e-01,2.002732532981699731e-01
1.406084375221192673e+00,2.120228722833629398e+00,1.227560061022206828e+00,1.424750699848547963e+00,8.647239948687009958e-01,8.588023185687511107e-01
5.610133367091412193e-01,1.413028843746522822e+00,6.884763690457801344e-01,1.101122665764712183e+00,2.134122420118996555e+00,2.144152078741206946e+00
4.821749976527493153e+00,9.372245636765923482e-01,1.224517996096300410e+00,1.252418922529922929e+00,3.994811702745669491e-02,2.699690345913412226e-02
2.792053784463051969e+00,7.571970473902460697e-01,1.063155748710137072e+00,8.825633479485182065e-01,9.079965166647180341e-02,8.601340307182575584e-02
3.914692628239094141e+00,2.228885395872775455e+00,1.810960969942006615e+00,4.861706439877668817e-01,1.447628261971027896e-01,1.334900292685634871e-01
2.740269476625728728e+00,1.137759020944925981e+00,1.509401254609517018e+00,4.416977372201134067e-01,1.414352297434426364e-01,1.387660146467167566e-01
3.135582705784742963e+00,1.194002849159561563e+00,8.368742811100537971e-01,1.464709849297605171e-01,9.678554419165483202e-02,7.337469148964877175e-02
3.626828024792299598e-01,1.608367189870797187e+00,1.873491484487992409e+00,8.753088786342830829e-01,4.446095004153143293e+00,4.437335242641097466e+00
1.096609660898280936e+00,1.818996345836729756e+00,1.798664256899829006e+00,1.912009362646067467e+00,1.194695281315816038e+00,1.190557422821571176e+00
3.438509098086931726e+00,1.540370050392826595e+00,1.314936183707953621e+00,1.930877701458658002e+00,1.484550577213501477e-01,1.417805376452674626e-01
2.938710070171991706e+00,2.889260874341699648e+00,6.140788737023830102e-01,3.789004719616448913e-01,2.663210257668780501e-01,2.674548248647539705e-01
9.610641631362208948e-01,1.245227768698529802e+00,1.494830426636385878e+00,3.579327484931211778e-01,7.973437665514667705e-01,7.914817221643323242e-01
4.769740489885687218e+00,2.005046567946121350e+00,1.134564972687500894e+00,4.856050441528187989e-01,6.760886147703817906e-02,8.267308964582580078e-02
9.408974362275406289e-01,5.406135624804870865e-01,1.440468466693473282e+00,1.716316989106623225e-01,3.403487655649518606e-01,3.338848470492352671e-01
2.649455598745689588e+00,6.594296041510950834e-01,6.473182225401002965e-01,5.559631980114099203e-01,8.006673758731745749e-02,7.733374566139977757e-02
8.912138000924367809e-01,9.973672031701672491e-01,6.724378352296893624e-01,8.927315619217270903e-01,6.949752368920558698e-01,6.816796101721388501e-01
3.643384285309926529e+00,1.203357184342700226e+00,7.248288787510188680e-01,6.675692646599920010e-01,7.388382897740071453e-02,6.335353217509596957e-02
1.526302467656733164e+00,1.665808298312487779e+00,1.323087646162227848e+00,1.031320375325233130e-01,5.196114815505372686e-01,4.943216257341430109e-01
8.438430805845595906e-01,1.935518504822848485e+00,1.582205813624259161e+00,1.858848933978723750e+00,1.826297469226938475e+00,1.836673167644497839e+00
4.207384672184751873e-01,9.148027716427338252e-01,1.020969370397984299e+00,5.958659387947229380e-01,1.883227532667090198e+00,1.860377172314040317e+00
1.039210581908593500e+00,1.946624392784963131e+00,6.399528594109593627e-01,9.726280605788220068e-01,1.128177164580316250e+00,1.113260036616549709e+00
1.120633840273118631e+00,7.045575997418567216e-01,7.472685616095566807e-01,1.207786377227183738e+00,3.566872089523459022e-01,3.638721019925699740e-01
2.777465981944604589e+00,1.480686790024434041e+00,9.787105002636914408e-01,1.098692521074498218e+00,1.810980371308628101e-01,1.891495044497534528e-01
2.364986653622677792e+00,2.495242702516666355e+00,1.508848299032978346e+00,7.492653992620967873e-01,4.155431456250724409e-01,4.075408506049710278e-01
4.795012962816978863e+00,1.687480047755451240e+00,1.007277205113991103e+00,1.025851976359399842e-01,4.033601978440803926e-02,-4.929642536799505592e-05
4.779926416959884072e+00,2.165170887752323914e+00,1.566402958846133675e+00,1.200926399282366885e+00,1.009863308451503239e-01,1.093965965910618232e-01
4.023421330248465821e+00,1.058927226985314718e+00,1.850425568368311069e+00,1.932906904482695198e+00,8.340208020888181806e-02,8.859334938672301651e-02
3.423620643107375905e+00,2.268811812241978920e+00,9.749024628567743989e-01,1.261129546117831346e+00,1.906546799690564398e-01,1.624070556596209358e-01
4.256110839528062684e+00,2.960761104060908089e+00,1.143987626213856634e+00,8.182921540088976542e-01,1.507208256537942992e-01,1.661272673096842178e-01
4.706008776703446195e+00,2.127372679566263525e+00,1.146438521838928359e+00,9.811572179402017202e-01,8.827645360332180002e-02,7.425445759465328088e-02
3.085650986576132238e-01,2.951298216538629227e+00,1.138559577522455291e+00,1.353219706769158703e+00,1.380691924389581438e+01,1.378439548157274785e+01
7.669050903241216854e-01,2.584686277270373811e+00,1.424477353105116251e+00,1.295940327882481258e+00,2.735873500337117292e+00,2.737788114556402252e+00
1.929266646481486935e+00,2.420534230591221636e+00,1.741030150513507513e+00,9.384201374028817710e-01,5.946065729832222813e-01,5.910371643552380094e-01
6.492168946044787337e-01,1.697985602778490977e+00,1.360786835842974885e+00,3.756831158098721257e-01,1.963677232630124392e+00,1.967729712649947338e+00
3.077717470655730647e+00,1.935190812527437298e+00,1.092509963693657049e+00,7.555591562029200237e-01,1.923423185091476251e-01,1.602273573426588604e-01
1.449748267270921431e+00,1.117855020283914813e+00,1.375206386486504506e+00,4.176898154325059398e-01,3.851839191944476104e-01,4.214285215198950718e-01
1.468830699835162346e+00,2.686401135800373652e+00,1.859352073885674805e+00,2.455760705148779532e-01,9.377557679197920937e-01,9.257025956289175461e-01
1.583974345509754578e+00,5.335534489560094240e-01,8.146493709956237339e-01,1.966969674200137463e+00,1.718268597590166258e-01,1.410336735890884152e-01
6.690351564050722732e-01,2.493501287636104458e+00,1.140661034145122432e+00,2.018419328832821158e-02,2.714205859580805402e+00,2.726582703352148584e+00
3.756533375543162911e+00,2.850099208657032257e+00,1.556932746513812305e+00,1.656374942087220026e+00,2.344437204042483791e-01,2.273476378022248334e-01
3.323227662078320765e+00,1.329600812043876035e+00,1.238228187759814469e+00,1.210934289047212564e+00,1.228924842065548112e-01,1.293896539220128761e-01
3.111238835078059761e+00,2.499876004192430834e+00,5.412877813689840334e-01,4.088963336401445492e-01,1.910236135946805358e-01,1.842314449821797762e-01
3.634187949333220757e-01,1.573194499486368247e+00,9.618944001230292917e-01,1.074605209982086196e+00,4.670208782960889593e+00,4.669013975751290957e+00
2.261427894266612171e+00,2.642363900060182402e+00,1.081611129369009605e+00,1.263818931590123817e+00,4.782986686219919403e-01,4.832141254967646238e-01
3.488977231519244881e+00,2.072552014749077465e+00,1.281872288186066910e+00,1.751971390329776002e+00,1.889544085371787918e-01,1.740213508575208234e-01
9.504639195372146521e-01,6.394154887195517833e-01,1.135989261113244275e+00,9.989933534191932640e-01,4.243633959524468757e-01,4.379381878696380070e-01
2.051157654356243754e+00,1.439160092250292511e+00,1.547596843833374480e+00,7.235417722380776961e-01,3.023428306060591542e-01,2.929448286244683008e-01
2.952038982556970947e-01,5.481073795162432205e-01,1.433934566273959543e+00,1.885080075027578461e+00,1.827598676513679798e+00,1.810204933630270352e+00
5.929183859707618520e-01,2.373296652948898355e+00,1.518639412769543950e+00,7.393433861127260975e-01,3.442621036709506033e+00,3.444161685145956220e+00
1.238977183995458642e+00,2.677111287276392915e+00,7.773805549092933642e-01,8.579251788524109301e-01,1.202406617859010707e+00,1.211307443428831565e+00
2.190320773477993477e+00,2.990270870640393319e+00,1.890655235498818865e+00,1.516182955981944191e+00,6.614787200657352706e-01,6.568971332333625179e-01
2.423552174179423258e+00,1.815864213510435921e+00,1.396140233676605336e+00,1.281706100734510523e+00,3.044629924376368590e-01,2.872125966960455967e-01
4.445703351766942646e+00,1.478231440374542238e+00,9.157077218695536258e-01,1.817793206809266593e+00,7.653780315543068369e-02,8.893351448160334571e-02
1.719960522435263650e+00,1.811401597263194274e+00,1.852659867517951753e+00,1.464477671251120938e-01,4.840888487721241029e-01,4.488822729296685354e-01
3.030266061305185721e-01,1.608741371632448791e+00,1.456168916309933170e+00,3.568655127092943413e-01,5.622411442810332005e+00,5.601794160089621499e+00
4.165872064501592753e+00,1.232849259527740049e+00,1.932628910354912799e+00,6.150961686310205678e-01,7.318121188607162875e-02,7.397166969673932280e-02
4.968652897931493118e-01,2.775646211521808127e+00,1.220425938478731709e+00,1.760448519462471051e+00,6.043186940267389673e+00,6.015965752301288383e+00
6.463615647786961071e-01,1.485458815703670776e+00,1.552037255272518790e+00,6.779815087320997247e-01,1.786918992958361097e+00,1.787478878243344393e+00
4.823272240350727991e+00,2.739155452040306304e+00,1.162443995708210220e+00,4.633432602103000342e-01,8.968644463034368408e-02,8.858918226997440637e-02
3.816154007016120620e+00,1.916251277012766652e+00,9.615063928586338182e-01,1.148687216036538450e+00,1.264711471243731566e-01,1.444459429015365337e-01
1.821700173340424112e+00,2.617288669707875215e+00,1.553019161518213842e+00,6.876242788133790640e-02,6.283711429526945835e-01,6.100753359164287071e-01
8.344584397721392932e-01,2.164020623417385991e+00,8.761469703454463076e-01,1.940299921364610380e+00,2.051548944393361662e+00,2.039030813920528651e+00
2.056306751224935336e+00,1.673107085651318382e+00,1.259664967207670072e+00,5.277554896693925635e-02,3.268132776939633999e-01,3.334769113879834102e-01
1.828135485344833056e+00,2.290779964306135952e+00,1.292969891891645018e+00,8.837911631546715441e-01,5.797402891610879960e-01,5.305890173569718371e-01
4.397317766923871218e+00,2.313662347179121337e+00,1.291921247616487189e+00,2.549527936446174259e-01,9.521639234620181413e-02,1.572172383244934968e-01
2.210014483107392014e+00,2.673437579789547769e+00,8.016505198109158403e-01,1.921792847447692631e+00,5.133079054978639810e-01,4.993348908886285908e-01
5.938160288749857463e-01,1.652008335709314935e+00,1.816279422178846081e+00,1.466793739623984960e+00,2.443713803917036742e+00,2.429117102862525801e+00
4.648664971321213812e+00,1.824054834173689299e+00,1.404539908025192574e+00,7.081889637183740316e-01,7.832306771309813231e-02,9.554561793117238855e-02
3.187104145833248747e+00,2.410594846247368750e+00,1.166198970229380460e+00,7.192829344927633706e-01,2.254170687251981220e-01,2.246204318964844515e-01
7.602073125488106875e-01,1.786914611146141585e+00,1.635611910631558530e+00,1.534168053271456333e+00,1.893537237094635950e+00,1.857948664720564080e+00
7.432359682228271147e-01,2.050902581434220551e+00,9.175591609752598021e-01,1.045737137637601677e+00,2.104895648102222960e+00,2.117434195704074984e+00
2.436479557588468570e+00,1.088640773176765109e+00,1.484413308801310505e+00,2.931822218556205950e-01,1.635472865819606603e-01,1.806548432619448363e-01
6.420270353077576209e-01,2.940247345937588186e+00,1.064695030785652641e+00,1.521029530252110629e+00,4.298264063998076701e+00,4.289265138528557841e+00
3.232410522573240907e+00,2.089929585544259005e+00,1.130347713637284812e+00,2.944524105329895391e-01,1.773539736523425669e-01,1.717219664865020645e-01
3.158642197255569162e+00,2.126368425195410694e+00,1.036556324426318287e+00,6.985001169380378183e-01,1.979417004697174853e-01,2.076613924149053325e-01
3.539904733671377923e-01,2.362973228208109511e+00,1.301403709733716996e+00,1.182865464695017410e+00,7.868487024827722109e+00,7.850311419829433035e+00
4.075629348998213608e+00,2.469295049054982094e+00,1.573619394317808284e+00,1.455027904713613873e+00,1.683200370165405801e-01,1.770878083006787451e-01
3.976614852509592790e+00,7.397497809336190944e-01,9.154507836377596686e-01,7.327455384029168961e-02,3.073054156180050900e-02,3.471651177069046829e-02
4.593479689353480389e+00,1.425147627955855256e+00,1.167292038512303787e+00,8.981145319648113912e-01,6.188669342870797840e-02,4.838804111318961709e-02
3.417471904344690170e+00,1.996600480366299335e+00,1.373352834400476175e+00,9.188107361548274454e-01,1.721283136334893771e-01,1.442862761572524799e-01
3.525738715209071561e+00,2.985483207285087648e+00,9.982680937877225213e-01,3.752396220004758920e-01,2.049738151626832039e-01,2.004616985474614865e-01
9.859599413752060393e-01,1.791182529188637851e+00,8.676914648645175365e-01,5.771832010868216400e-02,1.056522446488186384e+00,1.039014001322982939e+00
3.146663070982961830e-01,5.063013353622237700e-01,1.962045403094398344e+00,1.738591074882466003e+00,1.534506779678254551e+00,1.554534984191857871e+00
5.147031316084156316e-01,2.925496312624061623e+00,1.443213586894523726e+00,1.455905096466030724e+00,5.864663069404760343e+00,5.867544776774758830e+00
4.829414432769715049e+00,1.875463514090184747e+00,1.685059446173880371e+00,1.081288524088938274e+00,8.538873685956616111e-02,1.010304273107640871e-01
3.299462554686241056e+00,6.625395923580635893e-01,7.561368666353383006e-01,1.526554628599934293e+00,5.867154538563865845e-02,6.136398409252782210e-02
4.745151999168355061e+00,1.362235887798352474e+00,1.333320778257465644e+00,1.004974171321963983e+00,5.881485530182620214e-02,6.407287764352681547e-02
1.877044922586058817e+00,2.897048745730992803e+00,7.890385947878038042e-01,1.760732812059366603e+00,7.232370576541979901e-01,7.075770793095903510e-01
3.825063567974787304e+00,1.328063687726332764e+00,1.302024112711585468e+00,1.233197130087102744e+00,9.467889010380840797e-02,1.080398386352512952e-01
5.139150337360005594e-01,1.888970448614909925e+00,1.273209719250502303e+00,5.407955072539498698e-01,3.201420727330615446e+00,3.237114692816756012e+00
9.977847948462614802e-01,1.317433818813336099e+00,8.418389983323100179e-01,4.174635266449937543e-01,7.671996608425678543e-01,7.610059097322170452e-01
1.530240007385551770e+00,2.031461882068106739e+00,8.035144587907097069e-01,1.705860986061463302e+00,6.981106287453299197e-01,6.862551381910468873e-01
2.841527608163560092e+00,1.716121893824619438e+00,1.886132752824485559e+00,1.702018823735776287e+00,2.480931966182776116e-01,2.449364625744705759e-01
2.875562624436368342e+00,1.322623729769703660e+00,1.779644021001614229e+00,2.262789902306772127e-02,1.466468363507830996e-01,1.370212306787606249e-01
2.595134971073671526e+00,7.379770314611575621e-01,1.105593269710382076e+00,1.692064311053054659e+00,1.095802379536556792e-01,9.555065198058487752e-02
2.237425206233972563e+00,1.207443514476466362e+00,7.072701694542912199e-01,1.026809250677700458e+00,2.072113522115460460e-01,2.099752250909093787e-01
2.963384769627673165e+00,2.051758825475046955e+00,9.752434510207792506e-01,1.717150043410599070e+00,2.375469377803600679e-01,2.317285871193582591e-01
4.839979497861623514e+00,1.786116432431415602e+00,1.303447528972536906e+00,3.417684525558182251e-01,5.831641495465092473e-02,8.709388683150409705e-02
2.398781890333372413e+00,1.609471937621992810e+00,1.234103179805274175e+00,7.989529493462916854e-01,2.548908401923935529e-01,2.548948730514960515e-01
4.219862824632342857e+00,1.929814413351472080e+00,1.496716873816917870e+00,1.666863604435182777e+00,1.249974903602634746e-01,1.314757299128920531e-01
4.681854321529817509e-01,1.437521927397798827e+00,7.326134545245379659e-01,2.480569961695513470e-01,2.605857553713825325e+00,2.624897991073821490e+00
2.050818834704276394e+00,1.798078184267813517e+00,1.434851129020476401e+00,2.742131466009083418e-01,3.590499059825106309e-01,3.530347889324197963e-01
2.890382929483516161e+00,1.931975221226941875e+00,1.495757988985472409e+00,1.596491019119771870e+00,2.522655013472779872e-01,2.810002321490567834e-01
3.177538667143698259e+00,2.287337909267290748e+00,1.414197815644017142e+00,5.811000418464156159e-01,2.181795031823243747e-01,2.055256189319221161e-01
1.400088031673654143e+00,2.909391966296666965e+00,1.013685082323860565e+00,1.063327546370014476e+00,1.131530826709675308e+00,1.115364272671952817e+00
2.116596864735657224e+00,1.062577991463437899e+00,1.922942520565771307e+00,9.004566623664840286e-01,2.250997566946977835e-01,2.177744163176927317e-01
4.745629609931312665e+00,2.939882164180779522e+00,6.481657971211876035e-01,3.369046531347597018e-01,5.798519143132710441e-02,5.569084359198436807e-02
3.314483619257355240e+00,2.962963669154385915e+00,1.635338512066464967e+00,1.406922652437682109e+00,3.012802939336144958e-01,2.732539299316334436e-01
3.007837992379014391e+00,2.517335042427903957e+00,1.116917628171712584e+00,2.640671083841210631e-01,2.470803701117006423e-01,2.463784744291236950e-01
5.134338104952365089e-01,2.287541308652337513e+00,1.829409443277634439e+00,1.047633592315820206e+00,4.184512202832620709e+00,4.151162471023832623e+00
4.504460366871089749e-01,6.708773859094616654e-01,7.160904019349472183e-01,1.058256143078135647e-01,1.139884828627065083e+00,1.167727596637974985e+00
1.214712549593910174e+00,2.450294304683211521e+00,1.876378223468239348e+00,2.387708528942360520e-01,1.144884585951222222e+00,1.143264646923068284e+00
8.615493240734384273e-01,2.028158647877983611e+00,6.362783478490283695e-01,2.210717338649006436e-01,1.489837147987016941e+00,1.476997993493097461e+00
4.921999660511780839e+00,1.124197071695984818e+00,1.132345088405180888e+00,1.928200659598233724e-01,2.900187133037807757e-02,1.083510896470662663e-02
2.131863084927879126e-01,1.105418073728236639e+00,6.686363442485880881e-01,1.964495110752424667e+00,7.661476790107808021e+00,7.653788180623644521e+00
1.956048940066482000e+00,1.334006021626014782e+00,1.883804195201122411e+00,5.654234939009834537e-01,3.059091839806862834e-01,3.014475946120777627e-01
4.804277581942477116e-01,1.302927418496161893e+00,9.606025588822637573e-01,8.108627461443180806e-01,2.379106373597443369e+00,2.358216154285216248e+00
3.272050679924847660e+00,1.498369816066909443e+00,1.344177785093337851e+00,1.414543451268676089e+00,1.487686706677330550e-01,1.303727687912763500e-01
4.233593699593237725e-01,1.826898485720152010e+00,1.914736776232612625e+00,1.980045929779815861e+00,4.431258925737696863e+00,4.427515425636466162e+00
5.283662506002670955e-01,2.475930830208248334e+00,1.292916388241159620e+00,1.282247722327398476e+00,4.570382704825179054e+00,4.559967029869266497e+00
5.837240269189706288e-01,1.494688604946254440e+00,5.255425526353123544e-01,1.386629896746548463e+00,2.220169090368356635e+00,2.238953352441923172e+00
1.504568630253821482e+00,5.704272444036124767e-01,1.683293141388524372e+00,4.858894791197680973e-01,1.907132887075035921e-01,2.134706961924141000e-01
2.966518726383922999e+00,2.226747540099005995e+00,5.456030024352480634e-01,7.028152634312903047e-01,2.087575756224205603e-01,2.090779996944183428e-01
4.066153364628097400e+00,5.041275482502947103e-01,9.894095029323077828e-01,1.181299566088092057e+00,2.930492338749958459e-02,3.877691482859013661e-02
1.482519605606051671e+00,1.678432687562962045e+00,8.315374725192919980e-01,1.408441344547096685e+00,5.866815261949114291e-01,5.599777587224090691e-01
1.559221071533438696e+00,2.137170151142430363e+00,8.877705292806463699e-01,7.460956043549080707e-01,6.602378871345158107e-01,6.729862413231680884e-01
4.157514290969297477e+00,2.037573634539466383e+00,8.976547097299132361e-01,9.708851585547773055e-02,7.323002750097885871e-02,7.261835811071358504e-02
3.780552224846348341e+00,2.532690640910445268e+00,1.666264416250511360e+00,1.776939674479869335e+00,2.133650596331009841e-01,2.230584259521177226e-01
8.087107921152063561e-01,2.861428564408806885e+00,1.150675162634504423e+00,6.478059357597121259e-01,2.578981841694963695e+00,2.610988964326836914e+00
4.070474886590512931e+00,1.332345664429396503e+00,9.676857374810835521e-01,1.702561266775783455e+00,8.317114653230572863e-02,3.755399140541844372e-02
4.190005321449349118e+00,2.313264975548457336e+00,9.280023447176151130e-01,1.310270473527182622e+00,1.264088145974670563e-01,1.316277781785356316e-01
1.053563761122108255e+00,2.662178696337663020e+00,1.557840503675276489e+00,3.645464557358544244e-01,1.549385882060267949e+00,1.527403500796910674e+00
3.209350393148257208e+00,2.608592498454533004e+00,1.614761851108971635e+00,1.023777308946897557e+00,2.654508301064815168e-01,2.772947639345712534e-01
1.144369384741942053e+00,2.492876583896130427e+00,1.265695219477628308e+00,2.100037154589156074e-01,1.222861628928352706e+00,1.196595360179783407e+00
1.368765017734796086e+00,1.804262015521935769e+00,1.601959688716932062e+00,1.816465454655653788e+00,8.325487162163308641e-01,8.226407248762509505e-01
2.571227625577481746e+00,2.460469998663431745e+00,1.797665559465898566e+00,6.161905071338820150e-01,3.589562017810664640e-01,3.630108768962739263e-01
2.706656134163880623e+00,1.090581759372863946e+00,1.222970312111890223e+00,1.900793951223474165e+00,1.578927652394165604e-01,1.701629529681240038e-01
2.499360873911299130e+00,1.782956305384397755e+00,8.338088616944743237e-01,1.562329774289372697e+00,2.676488832775631987e-01,2.691447650642946332e-01
2.797477055860202011e+00,1.864488504266869295e+00,1.833581500042612111e+00,1.834475789945441138e+00,2.804367369779382502e-01,2.645801181981820016e-01
1.223190446842171708e+00,8.747005621288248545e-01,1.820109470903245263e+00,4.134649060079158556e-01,4.020741075982021129e-01,3.910034632438939561e-01
3.937185767013978044e+00,2.660026048546395572e+00,1.218880685583321410e+00,5.790797722038898421e-01,1.569010930418850147e-01,1.745911508668726020e-01
1.533672377737319792e+00,1.608574227538316137e+00,8.452689264996160468e-01,2.752444019804523023e-02,5.010870887774262483e-01,5.009770964636954815e-01
4.580879790651729344e+00,1.495576147775195652e+00,8.129288476795943907e-01,1.217519300430449203e+00,6.161101454992645027e-02,2.793472661310530264e-02
2.672745457230030208e+00,1.965398963077915173e+00,9.859942933223657668e-01,3.502056661619570299e-01,2.423078194183433953e-01,2.591810735837372093e-01
1.657683454134006862e+00,1.978148362118252068e+00,1.320923370842892908e+00,1.547077752074796031e+00,6.361769647641953851e-01,6.445019343584649230e-01
1.037042732039840764e+00,1.347120554417652993e+00,1.990791281194409734e+00,1.693974633646633920e+00,9.372938352310026255e-01,9.547621461360416006e-01
2.528979019596945488e+00,2.234094196562433687e+00,1.815199400543270114e+00,1.379383362216244580e+00,3.743706731841814905e-01,3.676381238566478471e-01
2.006227040726491051e+00,1.256903037903906339e+00,8.961630923602442733e-01,5.158380235357729049e-02,2.545170269384190997e-01,2.710801573069512860e-01
3.190850195465277039e+00,1.853182381765247300e+00,6.729428003455777407e-01,1.327929563146533765e+00,1.687946774007495487e-01,1.475733790007160429e-01
2.592605996590159556e+00,5.333773352576699489e-01,1.152556443144634457e+00,2.093083166858757949e-01,6.973330851943057573e-02,8.113330473673976972e-02
3.774065504033444762e-01,6.750313660699664986e-01,1.404509623196149359e+00,2.856264566306134789e-01,1.522873640502781178e+00,1.513066034310220020e+00
4.198854890280960817e+00,7.089821789342255487e-01,1.812008550478349633e+00,1.726892832908609732e+00,4.940050347015503829e-02,6.288753756855797183e-02
4.480349077731007879e-01,2.046831234436165659e+00,7.916686570074541462e-01,6.908561477388914795e-01,4.573134615886192300e+00,4.593247498214520164e+00
4.172456786524209704e+00,1.788322575167908157e+00,7.282207760863583790e-01,1.342257460925728729e-01,5.495648554078737258e-02,4.023668250061678692e-02
4.101198288400525804e+00,1.401072047924017738e+00,1.299097111094193346e+00,1.397251549580061480e+00,8.880477538985401265e-02,8.778018579987914571e-02
4.635119001380296311e+00,1.427958584158071087e+00,8.763076544604557760e-01,8.022471339014325409e-02,3.333299966902694700e-02,3.411209219814692606e-02
3.389124997527357408e+00,2.746845361084226944e+00,1.673283324374180481e+00,1.255993702995550354e+00,2.633721440716680351e-01,2.871654404284805784e-01
9.709934437056824130e-01,2.316298299852041165e+00,1.750777820556378206e+00,1.721687953318610242e+00,1.806579468061589422e+00,1.820790629888985102e+00
2.321261174979381448e+00,1.178648096200636264e+00,1.926532470244366912e+00,1.440987543612486377e+00,2.320094015652303387e-01,2.076238506850211496e-01
2.309276768818258940e+00,1.378322997438766073e+00,1.376714280244546007e+00,7.114284482053756520e-01,2.337699481533830614e-01,2.429221133675542044e-01
3.235198335113191437e+00,2.882390971508201893e+00,1.315480672311996058e+00,1.054401892963035881e+00,2.788423855736985035e-01,2.937441697612812597e-01
2.029460155539409172e+00,1.454983013088467336e+00,7.918322171610557847e-01,1.701050530904694158e+00,3.109709788865305802e-01,3.534470968050854589e-01
3.443254822251768044e+00,1.767893659179583965e+00,8.291946042975811837e-01,1.470081666922697927e-01,1.114045533141323763e-01,7.782157137904854860e-02
1.178755424469621005e+00,2.334510321143941969e+00,1.597083016797291366e+00,1.453347187924954875e+00,1.314426897422427576e+00,1.303699851423747669e+00
1.896083735103481605e+00,1.065742106808438283e+00,9.367735936321499590e-01,9.848592639926754266e-01,2.439151873316760533e-01,2.705826110934227424e-01
2.807904374179301499e+00,2.123059769613543146e+00,1.383308684074883832e+00,9.195462922047561438e-01,2.636724804613660433e-01,2.365710744892321749e-01
2.252725045829355288e+00,1.085368553033298156e+00,7.907048728905268220e-01,1.103579930657949904e+00,1.862133800638661185e-01,1.622241683853715977e-01
7.881231236912011884e-01,2.650566839967542165e+00,1.087815326103214852e+00,9.552470165133484237e-01,2.561748701838519438e+00,2.572090345746125273e+00
4.835974979660020878e+00,1.540183290956204987e+00,1.991083272824467620e+00,1.808262405534621919e-02,5.388237089788253803e-02,7.425054411545820021e-02
3.518217930255063131e+00,2.941859222502046123e+00,1.199202978535401920e+00,3.543935433928571133e-01,2.125088037174460709e-01,1.991351939699349816e-01
4.198568373396923903e+00,6.602798419857545120e-01,8.829604608981500569e-01,1.961431723530275395e+00,3.903758454846797954e-02,4.984012799430920931e-02
1.915811582187902928e+00,1.835219542867450482e+00,1.949751995772653235e+00,2.440368358076181465e-01,4.206719285894816585e-01,4.230110339780805973e-01
4.735500368811619509e+00,1.636567466108041602e+00,1.839672102363096418e+00,1.562115768315668118e+00,8.750204547998613469e-02,1.178770261603608177e-01
4.099746082653643597e+00,1.228313015137216579e+00,1.620685605771439164e+00,1.125584178405676594e+00,7.897481468716602282e-02,7.894444589299128012e-02
4.901629978821852696e+00,8.110414029079375808e-01,1.716167453944445143e+00,8.123434856854288011e-01,3.379463821153225189e-02,5.359958445089359202e-02
1.147492411471066065e+00,7.008777794264307026e-01,6.309993897693944032e-01,1.679217116184969605e+00,3.495810437961895389e-01,3.315186866099042451e-01
2.490413487683564409e+00,2.543664180374202832e+00,7.605914436787171162e-01,1.109379022263121684e+00,3.686865660621765350e-01,3.649889890729360875e-01
2.052075171547373067e+00,9.374879293928191082e-01,5.135638948182065233e-01,1.874062740557010942e+00,1.882873095724717505e-01,1.863532204972353779e-01
3.146695978894577639e+00,5.804567099972930411e-01,7.266748677428833680e-01,1.608038186614300091e-01,4.443038318353026428e-02,6.721254213323475668e-02
1.401054721606208586e+00,1.897373172597909274e+00,1.736968391318905347e+00,9.990221388648239387e-01,7.768415371086325738e-01,7.884337978990416662e-01
6.822669908032943376e-01,1.056278326544801249e+00,1.361214580074010305e+00,1.339751750228226346e-01,1.061771256659074680e+00,1.046736194033203393e+00
2.487759616778790317e+00,1.424434019414580366e+00,1.151695835442985816e+00,1.032105307057094468e+00,2.146046135084025697e-01,2.282439687820012886e-01
3.269465295294240459e+00,2.525340782107384552e+00,1.036006041558908519e+00,1.191424639447699496e+00,2.329274490262254194e-01,2.483400745547777178e-01
2.043274008758287241e+00,2.003507844421367867e+00,6.671314877129610466e-01,1.806058458973363923e+00,4.201641402818299675e-01,4.179312258354410115e-01
4.939708845038178531e+00,8.729019479399067194e-01,1.176923676668449437e+00,1.282660211299071484e+00,3.486750340492285327e-02,2.971425710428667738e-02
2.148746106314711302e+00,8.217479278953891964e-01,8.988984627944981431e-01,1.110112929296615425e+00,1.540681117076495021e-01,1.501920467991983976e-01
1.639114603701502526e+00,1.991923162425870864e+00,1.748614554364183116e+00,1.195431966643576649e+00,6.569877604241545210e-01,6.230879123043768786e-01
4.106709560477654897e+00,2.606095627899335021e+00,1.620058107677260217e+00,3.348585241083654740e-01,1.429592047764531026e-01,1.467340649389454466e-01
2.440111054557421166e+00,1.682226197967062742e+00,1.647152744162856397e+00,6.311561240256760019e-01,2.645979779453269676e-01,2.692895365298725863e-01
1.511440556956194170e+00,2.185775602732629608e+00,1.922011246301374543e+00,3.571890660899645908e-02,7.096973546957832113e-01,6.923867842206034018e-01
1.575156917463711004e+00,2.479505097387008306e+00,1.955956748145369462e+00,1.035601493856884270e+00,8.754374146801174872e-01,8.902863396776188321e-01
4.746347788372344390e+00,9.029081120957556106e-01,1.428546435107520773e+00,8.408490078433665804e-01,3.837003581818673043e-02,1.091069710171422083e-02
4.816336391167626019e+00,2.139162267974775045e+00,1.265733294508648354e+00,7.889549157403268342e-01,8.258350050711692203e-02,7.154724407925777685e-02
3.301937101966338162e+00,2.941918577762890230e+00,9.932763956946599748e-01,1.231414385554090218e+00,2.656273216475159016e-01,2.561229402676848399e-01
1.538086288038865712e+00,2.216247786716688317e+00,9.387396105888059505e-01,8.407322305769240334e-01,7.087751207681867172e-01,7.485253174079651295e-01
3.614571409851127459e+00,2.265914097124015925e+00,1.333424934842347920e+00,1.402818457291938437e+00,1.861070211259524543e-01,1.541233398607948502e-01
1.240493513293322136e+00,7.744181485396459674e-01,1.272319386902684757e+00,6.059085283648302234e-01,3.391400811567952811e-01,3.503926862609205162e-01
1.746006499586892247e+00,1.940497141571783324e+00,1.726287601925767135e+00,1.228279648742518493e-01,5.022270108198954031e-01,5.210694763716746669e-01
2.800334526573274196e+00,8.672032560675109192e-01,1.711052280052818286e+00,1.178165105630951670e+00,1.160318407997864149e-01,1.235863520805837584e-01
2.125491973589819228e+00,2.276602756506045377e+00,9.608079012618599979e-01,1.093415159654854252e+00,4.417209865481268594e-01,4.653571454351946302e-01
1.884914540646016823e+00,1.695684546615850774e+00,7.063506138999680051e-01,1.588114226890979808e+00,4.006723505894423942e-01,3.806175968469139304e-01
4.875845261535142861e+00,6.432466487828881752e-01,7.172698718875958335e-01,1.548848133696970608e+00,2.316154298135220460e-02,-2.244362906489157442e-02
1.016989637502795585e+00,1.047591486372450698e+00,8.283806065336583035e-01,5.982412743743301675e-01,5.951280710126803930e-01,6.104644287920856227e-01
3.146137082957205511e+00,1.475390516496425608e+00,1.543995135730475976e+00,1.519908604002511598e+00,1.647090534644402304e-01,1.407924901710184418e-01
3.849986695224778543e-01,8.622162901656824641e-01,6.143237528600089536e-01,1.269983145057957952e+00,2.164449411360204856e+00,2.157921413829286372e+00
6.402307382427412374e-01,1.331485747391900398e+00,1.758127126148923303e+00,1.381877371444277802e-01,1.518839136026284731e+00,1.495262216077789086e+00
1.207980824056277713e+00,2.998150310896211312e+00,1.582960735338961644e+00,1.762102633184913225e+00,1.711988257300625538e+00,1.733035094439616230e+00
4.960093740869430334e+00,1.049471550883824378e+00,1.957581399133518918e+00,1.241041371322840758e+00,4.881448966554739061e-02,6.611749436289582338e-02
3.686838268293440191e+00,1.934604173192679522e+00,1.021305544391128972e+00,1.797430915117580019e+00,1.513015120007916714e-01,1.369002387626517825e-01
4.366582859020154750e+00,5.110615744319888520e-01,1.436122828076193958e+00,1.085986800692271936e+00,2.768238800154150525e-02,4.575222489373470536e-02
4.375221662562394087e-01,2.869405192216299749e+00,1.149943623100195378e+00,6.230066737459831749e-01,6.977908575853402517e+00,6.980334121039796891e+00
3.470904572732830040e+00,2.607969492918247312e+00,6.994239670858830582e-01,1.399776467252682455e-01,1.461698704403432691e-01,1.433820938291483216e-01
2.311695101292827736e+00,6.923168919066725602e-01,1.267357601561543756e+00,3.759171625499821978e-01,1.127905176666059855e-01,1.139388509074533012e-01
2.198815753065677114e+00,9.101939603096033116e-01,1.545013646239365990e+00,1.812703500374368559e-02,1.599022384370484273e-01,1.558472512400493060e-01
3.599623012390264165e+00,1.972274734613005620e+00,9.122154622527004486e-01,1.284506370036323952e+00,1.482415347762428282e-01,1.605416400524621867e-01
1.679930962570786557e+00,8.955601228595723162e-01,1.623266525885080691e+00,1.889856225369070941e+00,3.002400303385547309e-01,3.064469817474163582e-01
2.664645551700918436e+00,1.296588105272560965e+00,1.807874314086366896e+00,1.352703311889249971e+00,1.966746298388096226e-01,1.896852869101331718e-01
1.451478664753838688e+00,2.467146503672811519e+00,1.630742150696312676e+00,1.941125531122133596e+00,1.073742179037124655e+00,1.093867293953435738e+00
2.078739538843560997e+00,2.226597829580535759e+00,9.445724618186663868e-01,7.904061666003079356e-01,4.372881625461557675e-01,4.250586502508792441e-01
2.759965640982810609e+00,2.098513308893851903e+00,1.912310831685592571e+00,1.334470976081811866e-01,2.566953063308384797e-01,2.624339791921875276e-01
9.578288135660630864e-01,6.049829387357517074e-01,1.182866014459153625e+00,1.348412420805747081e+00,4.133914737535169803e-01,4.218345811785632615e-01
1.525698185144976904e+00,1.031110197674011353e+00,1.389920945261069907e+00,1.904864467291216723e+00,3.902877670215196826e-01,4.198639082182503146e-01
2.217948345063393667e+00,7.990699056615636620e-01,1.796140757285036305e+00,1.383809857795358145e+00,1.650671168895139762e-01,1.549582896225346063e-01
2.469190296935146023e+00,1.908872332197504074e+00,9.290335900104276234e-01,7.250590142047084186e-01,2.781798205661715206e-01,3.130414694923796537e-01
4.040019046452887785e+00,2.366334060650688187e+00,9.441265274481536185e-01,1.424469949473190722e+00,1.434704961998677919e-01,1.469937952323162877e-01
3.286160546564476981e+00,1.703993423811444918e+00,1.904117493826795293e+00,8.116243882730667103e-01,1.662613314146882404e-01,1.623817932016367871e-01
2.899952319306163151e+00,2.514980043970987733e+00,1.432067259119371494e+00,4.512568017303568713e-01,2.811078898499048684e-01,2.676584348311326633e-01
4.375363489761903146e+00,6.890442923241930639e-01,1.697358879724609082e+00,4.770395844385966200e-01,3.430412858870003634e-02,4.602999696979068189e-02
1.147274550928465864e+00,8.721959037802871073e-01,1.481915633449165659e+00,1.195882404920111775e+00,4.711840849131706532e-01,4.721627898020182568e-01
6.995985688545678371e-01,6.577897891229168570e-01,6.929426651328220998e-01,1.663733413610373857e+00,6.862614618639863995e-01,6.641892765454306957e-01
2.089881024165130441e+00,1.517279378458215477e+00,5.354513170173031966e-01,5.619874261560902085e-01,2.863331988652624838e-01,2.637754553400897262e-01
8.585117866749354398e-01,9.958729614601311564e-01,1.012883558663417727e+00,8.308661723705530466e-01,7.556687272021826995e-01,7.445583430461719665e-01
2.868708982884159209e+00,2.812751156489177617e+00,1.337054967647600678e+00,3.989338079062054732e-01,3.162068030488104919e-01,3.026866829713871221e-01
2.953487993916247056e+00,8.881109839700813691e-01,1.522116312568880581e+00,1.531322730351028616e+00,1.105953142431489455e-01,1.324013620776931521e-01
8.316490387985129296e-01,2.507619709843330824e+00,1.697831959651091793e+00,7.544258489228385933e-01,2.222392898463847022e+00,2.249903664423250405e+00
3.637059174542688123e+00,6.706584382891856988e-01,1.036865214132445479e+00,1.443292297251961731e+00,5.164315273345001372e-02,6.901434521080018758e-02
2.871389520442933829e+00,1.094574200559394805e+00,1.932935793190163398e+00,9.201867338971572163e-01,1.387531251719175962e-01,1.459105029725388525e-01
2.231273572494277158e+00,1.353663417179623130e+00,1.372574987708147454e+00,6.827283241363346633e-01,2.423062160293841805e-01,2.337414518724920121e-01
4.603912511836679045e+00,2.777437577628702137e+00,1.052241883869847738e+00,2.941646411228624469e-01,9.050958986999857458e-02,9.159925408840348393e-02
4.308379013040046779e+00,2.900926767155997954e+00,7.757022146668635099e-01,8.317065059248627268e-01,1.231238847601184849e-01,1.408180248806893964e-01
1.260651986071361419e+00,2.138290380921477496e+00,1.610802300874424331e+00,5.701948539158583351e-01,9.645357392468834057e-01,1.007155183921349728e+00
9.995992473239312393e-01,1.464736335082263974e+00,1.465309684801587187e+00,6.994546990155769972e-01,9.288887190369183866e-01,9.471467031429542383e-01
4.594574738790643487e+00,2.669855112406137820e+00,1.152096066497885429e+00,7.058132493800806095e-02,8.086271846469703095e-02,7.525447557880254879e-02
9.548090648660987334e-01,1.868996864980462469e+00,1.138845620365565248e+00,1.610120811975936927e+00,1.393301197863071161e+00,1.394061699378488894e+00
3.834590366809383255e+00,7.186870261745774702e-01,5.957184083275384179e-01,1.570052860342957990e+00,4.419416384756832961e-02,3.454326582453167566e-02
1.700081675898145406e+00,1.385462974651675117e+00,7.523808580142846703e-01,8.539851576432329061e-01,3.692742107246257399e-01,3.536262392056374049e-01
1.933689663836066552e+00,8.343376300404745649e-01,1.763003213310610606e+00,1.286485480537971071e-01,1.832616873736738761e-01,1.795768473293145873e-01
2.857878300645330771e+00,2.513671198383518490e+00,9.730759002826131487e-01,6.909859784085192747e-01,2.815681555114858958e-01,2.854804493555881950e-01
4.644628003632019109e+00,1.063648369871757815e+00,6.662164534201779897e-01,1.250667464267276596e+00,3.882857156909104435e-02,7.554660330264231782e-02
2.098728467101752537e-01,1.362248817474177143e+00,8.643625335756812689e-01,2.782900757924351431e-01,8.701989781575848681e+00,8.703030430974916243e+00
9.789792051311354548e-01,2.112179425414690392e+00,8.533367674780707457e-01,8.336037454503761879e-01,1.361665276767524801e+00,1.388812438266793459e+00
3.657016537567754799e+00,1.900547362730306666e+00,1.697446179922605491e+00,1.435253394273840355e+00,1.625086345611417848e-01,1.978584161836365318e-01
2.093439341237579576e+00,2.429845963192526437e+00,1.540775343349707782e+00,5.524475099410501855e-01,4.864712372207619095e-01,4.880473946259560325e-01
1.581490015504628754e+00,2.382189451991067131e+00,5.985659527499702648e-01,1.509976713049268282e+00,7.416457543334815661e-01,7.738017320858063819e-01
4.821899159012199121e+00,2.820415865269184419e+00,1.719796918398312391e+00,1.347930639999969316e+00,1.367517610453997945e-01,1.510504691367774710e-01
1.467336431956542286e+00,1.827553969818823010e+00,1.871658145815180641e+00,1.168733576458682810e+00,7.212182466445413720e-01,7.128675407453490820e-01
3.628001397768266134e+00,1.450324982257117146e+00,1.937799071617631208e+00,1.557015957289194397e+00,1.328238186651390096e-01,1.381274191621165714e-01
4.828283211644263773e+00,6.357942231787836462e-01,6.143302284377379907e-01,1.494645282729528901e+00,2.146854964586301581e-02,2.192610600676163021e-02
3.861277069982900212e+00,8.355523769592358985e-01,1.269987466747162452e+00,1.157365449631885035e+00,5.744259826706357708e-02,5.279581766816455329e-02
3.605187372418456437e+00,1.011005650559956726e+00,1.604848331387781712e+00,1.121293312022448863e-01,7.038510054303113994e-02,6.640947588313246552e-02
3.671392221284912605e+00,7.579755554455818167e-01,8.214151109344206558e-01,7.421479360982541351e-01,4.855368764913335633e-02,5.143787371859313839e-02
4.065085312788539795e+00,5.055881201762111310e-01,1.824133955924176487e+00,1.689112159231387134e+00,3.735800613499445921e-02,4.604162894463879191e-02
1.501825514815630092e+00,1.576882769729485823e+00,7.905105452199878702e-01,2.719162142949136385e-01,5.042900049838234811e-01,4.865923674806489352e-01
3.208096280856438831e+00,7.897880236971515089e-01,1.287552488988270349e+00,4.352217943174911952e-01,7.130382093365783547e-02,7.111606769373395032e-02
4.053852291409121733e+00,1.303707108579800433e+00,1.673454064840622646e+00,1.069733440621979836e+00,8.567199765180517901e-02,5.522489721290506359e-02
4.463502278224796171e+00,1.266935774021646699e+00,1.431162962088346813e+00,1.509653002511690767e+00,7.039800998880776928e-02,7.561391997441192780e-02
4.548003935398678976e+00,1.534106489150082853e+00,1.262998731270445596e+00,4.144340562261148442e-01,6.072151470307687177e-02,7.319350421870456092e-02
4.538702689219980435e+00,1.846228457997265204e+00,1.462440748317999084e+00,1.514191202581199436e+00,9.979652259482868493e-02,1.030756193620248201e-01
6.686422374313889527e-01,1.306669629684125145e+00,1.783979629082654839e+00,1.405264107565855181e+00,1.602977586377156038e+00,1.608694649415530975e+00
2.006749219413830776e+00,1.075049674477679185e+00,1.231705346915926702e+00,4.245728108704256432e-01,2.213966193567581675e-01,2.331954814279514898e-01
2.390682000754011938e+00,2.155972419902262516e+00,5.671721308888204582e-01,5.605103052789031093e-01,3.174609236341685570e-01,3.041589067498285393e-01
4.480089939041198122e+00,7.753054039363909133e-01,1.866614646519101139e+00,2.960130802196563327e-01,3.582262854960817366e-02,3.104165136311639456e-02
2.212417373023344513e+00,1.362805374114806067e+00,9.988357709516921812e-01,9.475340901610085353e-02,2.337528317805080968e-01,2.439712726568237788e-01
1.471578096123826285e+00,8.866271220369410511e-01,8.688090857169656900e-01,1.816063429244814342e+00,3.220782013197705518e-01,3.421159160143534272e-01
2.953221111644399599e-01,5.637330042170300981e-01,1.579550087142886472e+00,1.005468409516738548e+00,1.811856807442729922e+00,1.819755235469634913e+00
1.586020533258394094e+00,2.557307155006448340e+00,1.405613094724341705e+00,6.177527363435153518e-02,7.576875864891002843e-01,8.087447749362042249e-01
3.947476086720453914e+00,2.376130008131411397e+00,1.205796876505517368e+00,1.144012164560724409e+00,1.540892250880011860e-01,1.522620136443037508e-01
2.968205026872876573e-01,2.643992872917574122e+00,1.618350506420628721e+00,5.987380396875394695e-01,1.093983758207671464e+01,1.095983079066381194e+01
9.919708541527407775e-01,2.112309484469056642e+00,1.165289954744516132e+00,1.572075331560082834e+00,1.499393581327916447e+00,1.524728134892918030e+00
1.692648420063509018e+00,2.576823185788893689e+00,1.147839818220529606e+00,1.281522873809947116e+00,7.639228070212477073e-01,7.612474100944121025e-01
2.753653145045698913e+00,1.578868322470328156e+00,8.088816454930919386e-01,1.084328827160315090e+00,1.913969620878288036e-01,1.749867044437739549e-01
1.942607927335105789e+00,1.714141872634434405e+00,1.371557878379476847e+00,1.010319787507294675e+00,4.003678436002560126e-01,3.767157850497122040e-01
4.436670534030875857e+00,1.711376235809973778e+00,1.097648020712020056e+00,1.160041566680687142e+00,8.387898853767004892e-02,8.712452853425346755e-02
1.195892618488948900e+00,6.779575213382328380e-01,8.234978036260269807e-01,1.599849535815388135e+00,3.263647868575929034e-01,3.485706259483694613e-01
2.895845122011313055e+00,2.629585832474502283e+00,1.349163013512629572e+00,1.055441152576911401e+00,3.131612799976951633e-01,3.185946479748035243e-01
3.933524024660957963e+00,2.632543018206199292e+00,6.871715671141119808e-01,1.338992691559896420e+00,1.531014533517692511e-01,1.565585748591643289e-01
4.662119499651135257e+00,2.961482876230005168e+00,1.389863596330360274e+00,1.192095441410418344e+00,1.404996027896092403e-01,1.329153251293551108e-01
4.392705312038602372e+00,2.639730430611533230e+00,1.215534070952827728e+00,1.310883142990610928e-01,9.931677074219065482e-02,1.105373653980620680e-01
8.505008179552666636e-01,2.831125738184509633e+00,1.731937649750578956e+00,1.783457779040328983e+00,2.743997184138833312e+00,2.701280563109958788e+00
4.000640382298828790e+00,2.943826500047877381e+00,9.937748629670049016e-01,1.141854272856321906e+00,1.766830346442002098e-01,1.813304996716945394e-01
3.441662093590454052e+00,1.493853603605078906e+00,1.887641190606147656e+00,3.139649782249598342e-01,1.233650739563794396e-01,1.239276001474386435e-01
2.223697075457617522e+00,6.787281854171198781e-01,1.268314477287285413e+00,9.104183038122222182e-01,1.232135498986639821e-01,9.580674496742916380e-02
3.227220750198229737e-01,1.900250744285605808e+00,1.099459564899069264e+00,6.945754566858222123e-01,6.769128442120672773e+00,6.812640400603550361e+00
1.006311060598334306e+00,2.440736781700049374e+00,1.650211567341972607e+00,6.546037155555946008e-01,1.591027825946673246e+00,1.563279561315581434e+00
3.797411965913877641e+00,2.895684872678748079e+00,1.294978130914835601e+00,2.221579711322285711e-02,1.612531749757556421e-01,1.397027650388024400e-01
6.032228853285184211e-01,1.169444137606892031e+00,5.315120739390127858e-01,1.732169650855114984e+00,1.625560631675754930e+00,1.601543369524698335e+00
1.700719639942707584e+00,1.342047311234900508e+00,1.842078966995588374e+00,1.635823861308737692e+00,4.427271628074546106e-01,4.649345188426283748e-01
1.425019703727701259e+00,2.899514899502086074e+00,1.140121962091527941e+00,8.442218405173815832e-01,1.082478392436170056e+00,1.064716695212986286e+00
3.781284305113475241e+00,2.519543623372584307e+00,7.323680053072725293e-01,9.830602775107486480e-01,1.530179755342424286e-01,1.663911037935266735e-01
1.923487180046324019e+00,9.298292767510264456e-01,1.325884399612736075e+00,1.819076159780012913e+00,2.396940792304206591e-01,2.514442822808456990e-01
6.185035567460090977e-01,2.921733532416492807e+00,1.035361118068373942e+00,1.771794185985611225e-01,3.788573805538473227e+00,3.793767213759435819e+00
1.978122088717359617e+00,5.767967982094447388e-01,1.679942686524259488e+00,1.213675517945530080e+00,1.379768163982823537e-01,1.118252382651441501e-01
1.768783408249672506e+00,5.200896548669615704e-01,7.516630221311912941e-01,1.285012501150947228e+00,1.318679109332345778e-01,1.196257833734781645e-01
3.641702563133107251e+00,9.697971276908990967e-01,1.896098475823740914e+00,1.365837370303068177e+00,8.495937126430885833e-02,1.184216706649903750e-01
1.736586656953702068e+00,9.819606981489052977e-01,1.138074602932411805e+00,1.755627555487905944e+00,2.871729742456900492e-01,2.613578862580376860e-01
3.529355115641791496e+00,1.230267041463797950e+00,1.073346737495247893e+00,5.324827037929109608e-01,8.895892095648759434e-02,7.232582174911883488e-02
2.785253376482043297e+00,2.007556506919990991e+00,1.109176873077851511e+00,1.934698764181227881e+00,2.730661327107010705e-01,2.698212022550934841e-01
4.461117577877463880e+00,2.800172376649300077e+00,1.051882167602748996e+00,2.204477240147981743e-01,9.661716032208628180e-02,1.127969617628337279e-01
3.720152830129221044e+00,1.561760600403149457e+00,1.868441732677726730e+00,6.635077265514142120e-01,1.169411407755862470e-01,1.219739245876836214e-01
2.158009964174655071e+00,1.029777944685604352e+00,1.742179830752006220e+00,1.466988002174568040e+00,2.239175958133939603e-01,2.387584789993007217e-01
2.527565687352532731e+00,1.632900559205486601e+00,1.816514334128173092e+00,2.315039660606188487e-01,2.341134777448887483e-01,2.127675930854488473e-01
2.462651647353616191e+00,8.676947623399942078e-01,1.588843967015044045e+00,3.462702902313596898e-01,1.294031245740797642e-01,1.482986564524000073e-01
4.384171508088919644e+00,2.690724466984117935e+00,1.238439992594039918e+00,7.023155953087056869e-01,1.273094080107685655e-01,1.386899843423450018e-01
8.625736242202202142e-01,1.329471970782130974e+00,1.134782579817862125e+00,1.727057314475166416e+00,1.133356913024413881e+00,1.101465621921941196e+00
2.236304059656868848e+00,1.941056843765336382e+00,1.981901262998370328e+00,1.948673904768385423e-01,3.446222991565496274e-01,3.754206233146950566e-01
2.767577875910193885e+00,2.792451891717124379e+00,1.179600187664036959e+00,1.593058783703059644e+00,3.752715219860831009e-01,4.211194791895882528e-01
2.293869594745741036e+00,1.752322096181293087e+00,1.567929132110648771e+00,2.277857138706274043e-02,2.875760750317533088e-01,2.722045278888192144e-01
3.070536646394145919e+00,1.671251864324839298e+00,1.720403430352077878e+00,8.686785562962426877e-01,1.824138786125603651e-01,1.835269349448944431e-01
2.594446858015276192e+00,2.047131188995098938e+00,1.800788092558183617e+00,1.894390768126497315e+00,3.522359265533553385e-01,3.801843782155062135e-01
2.185739564777443356e+00,2.672831892028036727e+00,1.511942986251664234e+00,1.107268575599653637e+00,5.329472036305838989e-01,5.033223990420399030e-01
3.496702268556779902e+00,7.531470562325324192e-01,1.040072305684836884e+00,1.569703704271933065e+00,6.361842306268461478e-02,2.382121668128961423e-02
1.780747835400641632e+00,2.203553766507333478e+00,1.171620782018625739e+00,1.766694537693761502e+00,6.360583844867099268e-01,6.101195020427114812e-01
3.113124865611312853e+00,1.344966276961916840e+00,1.748337040422984767e+00,6.368051421860319028e-01,1.389910704036206313e-01,1.276497346764992880e-01
3.697080067202596965e+00,8.792945232816771206e-01,1.232281089973151111e+00,1.198915933072421502e+00,6.591466898552322817e-02,5.434582474582547174e-02
8.271038518106379467e-01,2.741885308593849047e+00,1.874628073796149819e+00,1.114196273842722018e+00,2.598275445127509187e+00,2.610422388604360933e+00
1.766970087223673325e+00,2.807043332159020910e+00,5.314525813779999996e-01,1.686123283222133562e+00,7.351537161727457192e-01,7.405244436120068663e-01
4.734581866873305067e+00,8.464761326399318220e-01,1.809162873916947412e+00,6.909733347965087980e-01,3.778328337711594348e-02,1.286173808373467300e-02
4.836902180300597820e+00,1.696938557172805950e+00,1.426553706805018473e+00,4.564009511182345324e-01,6.106862578755162252e-02,7.241622518932869235e-02
4.963466063051169996e+00,2.987089638928962287e+00,1.731592333305104203e+00,1.544382821779048509e+00,1.415046709931341573e-01,1.789862978267582339e-01
4.041240026637004101e-01,2.268183951802475562e+00,9.671420902326202107e-01,2.395523667732182282e-01,5.689775435512716584e+00,5.713716521094122314e+00
4.167242090776875685e+00,1.512992475811404169e+00,1.510854849406914724e+00,4.625947537457064662e-02,7.088835842244048391e-02,9.071050737611133230e-02
4.689323873572206480e+00,9.292136729495112935e-01,1.657528487075814461e+00,8.032046578403648773e-01,4.232609553359929777e-02,4.272965410402669584e-02
4.529333312265170441e+00,2.964677944960790512e+00,1.927223434812290970e+00,1.956726805672430292e+00,1.889275284660886789e-01,2.086001563589797159e-01
3.631718256706948367e+00,2.024200872320997657e+00,1.995895935163388035e+00,1.457750014846916020e+00,1.838298898285914418e-01,1.645072334291999283e-01
3.442972845861870024e+00,1.469916302300079192e+00,1.126925461499329595e+00,1.059838002369995369e+00,1.223889650440120325e-01,1.374092577840730911e-01
3.654111759144254901e+00,1.125088900409326520e+00,1.050131587827684010e+00,1.614723182815831937e+00,8.797481927953360037e-02,8.622985088991066971e-02
2.959451927105655411e+00,2.851167014852740600e+00,1.886956065761279167e+00,2.911693050421682027e-01,3.131528228374007572e-01,3.357709367949897605e-01
3.984416383247918692e+00,2.130344018058845990e+00,1.997217424415417053e+00,1.985641790574768528e+00,1.769261531611158456e-01,1.862463641862731889e-01
2.609262098243111616e+00,5.214727971499870662e-01,1.769946825524696177e+00,1.712554476507090362e+00,8.545532377519457490e-02,6.365772806094752156e-02
1.284499999477896059e+00,2.090902717849262515e+00,1.806985501460981913e+00,4.867417767958286401e-01,9.196989965726110050e-01,9.222588556420812100e-01
6.528753198952010894e-01,2.431464543993163918e+00,1.786341719589742860e+00,8.091924087586763736e-01,3.102298363000583592e+00,3.126662792396819324e+00
4.559627471851387170e+00,1.754508906831354187e+00,1.324550631377799270e+00,3.041111259642692577e-01,6.744761450595179730e-02,4.486293680461581057e-02
3.823419110734814552e+00,8.181595019146497005e-01,1.528771274231010668e+00,1.944949457450682484e+00,6.723378938795174231e-02,5.605099182425842680e-02
1.050761291649646711e+00,1.433193671907742717e+00,1.549679254034556752e+00,8.171084167344906390e-01,8.620365545757429082e-01,8.466630944079880372e-01
4.147799731152427505e+00,1.698466392564284666e+00,1.617892704036818730e+00,4.294153139075507220e-01,9.317747175288600137e-02,6.326455294397079210e-02
1.641664414036051678e+00,1.851798734627429610e+00,1.335493582435407056e+00,1.496862598070906269e+00,6.010843102793873571e-01,6.203096757847812448e-01
3.251143866121270154e+00,7.468780175185978365e-01,6.052353927982299098e-01,1.790732933607965149e+00,6.719442649581255922e-02,9.341437255553310115e-02
1.909533717193753422e+00,1.351927335837691091e+00,1.696052746419848267e+00,6.161681261737821380e-01,3.190414291323331319e-01,3.350422932734736792e-01
1.227982814387086119e+00,1.700393808838827736e+00,1.246572239436603668e+00,1.212231972949448844e+00,8.285516091355387136e-01,8.334030154442841898e-01
1.042922066157495387e+00,1.082492203029190136e+00,5.443851810004738390e-01,1.551443573171856771e+00,6.217397867003296996e-01,6.206991590140406023e-01
5.405614915731564718e-01,6.318842943623682595e-01,1.422547525132303647e+00,1.751501988999421222e+00,9.892536811697489885e-01,9.940412871802420947e-01
5.573050706943611932e-01,7.063288567833356790e-01,1.159586303460978129e+00,1.353494658842013809e+00,1.030097262290175175e+00,1.015466143948353661e+00
5.316330115163943049e-01,1.773005630947782407e+00,1.520022966650053320e+00,1.473518743554280919e+00,3.084567689113854705e+00,3.102444601122888113e+00
6.316100798593838883e-01,5.388929157638645551e-01,6.091304513650055430e-01,1.721972900144641105e+00,6.383638116975061116e-01,6.592736581782737693e-01
4.203340587200261602e+00,8.278696696964535917e-01,1.065839511427161934e+00,1.476863674711543339e+00,4.790020484317911165e-02,6.655107552325725817e-02
2.685479962478459992e+00,1.242298086762587683e+00,1.862339765105939016e+00,8.168010209215372797e-01,1.731906444759349906e-01,1.625716801215591201e-01
8.172032710374528275e-01,1.454937381542277031e+00,1.337960404461378872e+00,1.485600247806213803e+00,1.340720588796994406e+00,1.342288675635930462e+00
2.719974314637486845e+00,1.595858935749299157e+00,6.695147649122077382e-01,2.863545600764776378e-01,1.769571428251498491e-01,1.736415264455627439e-01
2.804623047459625873e+00,1.525076790270510241e+00,1.767267981659122578e+00,3.426604680638445366e-01,1.837645979055844148e-01,2.195360936649311256e-01
2.583641767732034911e+00,6.791573954054442863e-01,1.846598967551617454e+00,1.742653139063774503e-01,9.318378408041498584e-02,9.677770811886621249e-02
1.191134550161265127e+00,2.757535536665660647e+00,1.924647236184594989e+00,1.385220861727298969e+00,1.571336048117073281e+00,1.533694630238465306e+00
2.285109858677746075e+00,2.627281115329465067e+00,1.866494902847073867e+00,1.956071216015632830e+00,5.719397433081387927e-01,5.799098563247602200e-01
4.380110977133026218e+00,1.499400517083236295e+00,7.772366007900950446e-01,3.183226567005092988e-05,3.571268585162129527e-02,7.335801083304102632e-02
2.041930293368356075e+00,2.731354326644088726e+00,1.688252217360436180e+00,3.540912311597490536e-01,5.644141911530512479e-01,5.781177054775026303e-01
2.619129165978384410e+00,2.681148748970116902e+00,1.726084688553671143e+00,1.565838944248492126e+00,4.304185589944367063e-01,4.480081531953609142e-01
4.665163515560076135e+00,2.704676585708618575e+00,1.061646948179021610e+00,3.738216575193111790e-01,8.883404896693493369e-02,8.955527430391299615e-02
1.317446710133198362e+00,1.127212467336976109e+00,5.031352693997339642e-01,2.850667153554264921e-01,4.485259609612435305e-01,4.090981712375398871e-01
3.682436896669945003e+00,1.767052638702736100e+00,8.827010428655541752e-01,1.165908645241163333e+00,1.236840771786107962e-01,8.747892209755207815e-02
2.522438405618752988e+00,2.926700838869777943e+00,1.974605074487594925e+00,8.050290444009329249e-01,4.619878926868140612e-01,4.370689371920963850e-01
3.979365983838279774e+00,1.803763336225541858e+00,6.181594331039863555e-01,2.744681416209129310e-01,6.389739488279756741e-02,6.136075414200303085e-02
1.926432871163767047e+00,2.575639962460673171e+00,1.958376960157496516e+00,4.681427617639046801e-01,6.058810044468753153e-01,6.120809743767016142e-01
2.803321351394900685e+00,1.850746664392254548e+00,7.403159395558449596e-01,8.322060722963331436e-02,1.869046473298025535e-01,2.006929303725929759e-01
1.967772529527143988e+00,2.716989394564829574e+00,5.774993172657323370e-01,1.851095312796707804e+00,6.045861746356040456e-01,5.977770137803095629e-01
4.357516354174216566e+00,1.780170574529984284e+00,8.307369914675435396e-01,5.907382997706605021e-01,6.901327641077240060e-02,8.815186157899417008e-02
4.591125870361218553e+00,2.433932829163093281e+00,6.907287502451119332e-01,1.966289487870609642e+00,1.098500215711945005e-01,1.042550464036020585e-01
3.232742162499640859e+00,7.874038728009118415e-01,8.896622764482516876e-01,1.560960469830520614e+00,7.487498666847829110e-02,6.078519636153750794e-02
4.908897135021539349e+00,1.992006570817915101e+00,8.439213723143308421e-01,1.474814699658072881e+00,7.428303592553914259e-02,9.131587023443714368e-02
3.713867273157672955e+00,5.723043367492148814e-01,8.084290561793798791e-01,2.152147304004192740e-02,2.637124071479713186e-02,8.082341052713670065e-03
4.186034873447507465e+00,2.012679338957481079e+00,1.217275989329399621e+00,8.746189490749307627e-01,1.098218209758971831e-01,5.524012235947520222e-02
4.494659119337240938e+00,2.063008565662662885e+00,1.322493595717331605e+00,1.185469349195701572e+00,1.044249848293880845e-01,8.322584965043011707e-02
1.505147656477377138e+00,2.818926130138588171e+00,5.859745621836580654e-01,6.339870209332176820e-01,9.162847023639615340e-01,9.181678932740194865e-01
4.936054065522123224e+00,9.082592965641501648e-01,1.519842826411913261e+00,6.592359693590144065e-01,3.411837020888136562e-02,-2.748518497211179662e-02
2.073987312045511011e+00,2.832376148025612661e+00,7.242896960556618469e-01,6.270792459834038102e-01,5.487535910099576864e-01,5.416108300863861080e-01
2.586620210316088020e+00,2.725344063272757023e+00,1.828044311550467871e+00,1.604007388563783998e-01,3.735507450538676499e-01,3.669089378786074551e-01
1.065553911982384916e+00,1.909077539505226628e+00,6.034568368592716503e-01,6.506956316031613508e-01,1.034668817704726962e+00,1.006139698325341447e+00
4.143098168015874272e+00,6.845480084361644790e-01,1.740986555876597119e+00,1.963896580540630987e+00,5.021489232880234355e-02,2.056482303684619220e-02
1.817108608117713686e+00,2.828899743800078248e+00,1.565107959438578833e+00,1.852407305675393134e+00,8.530893260069458695e-01,8.438400870449603852e-01
3.508853338327205140e+00,1.887769082926142428e+00,1.888847521443321131e+00,6.077577057172984798e-01,1.574593107473929998e-01,1.465173073546967575e-01
1.248106855367899781e+00,1.149586210679647280e+00,6.450780359226968574e-01,1.339382647254803604e+00,5.008833818038799235e-01,5.260817519917126983e-01
1.886542690664621880e+00,1.896121982554632490e+00,6.190663428410839719e-01,1.514874586880359697e+00,4.403845883236729986e-01,4.478818492263290096e-01
2.044373534157952310e+00,1.657308295284593225e+00,1.628837808505734008e+00,2.456846806288441876e-01,3.352148020853408794e-01,3.035976931752292773e-01
1.335795170891421746e+00,7.412973424573696679e-01,1.394007899695394626e+00,1.578966915667168625e+00,3.290354222588041111e-01,3.119423928620692621e-01
3.683045219321050556e-01,1.741545383172170780e+00,1.047950882884868262e+00,1.408695697823275195e+00,5.276396556035786389e+00,5.290499386578226826e+00
3.897002797266688745e+00,6.232929981444186307e-01,5.951807047068093937e-01,7.481938850639122673e-01,2.986645659444482973e-02,6.778599197360289652e-02
4.761702382672060807e+00,7.135166797094536495e-01,5.817353674840120004e-01,6.525666909724807674e-01,1.617264108046386969e-02,2.390263095534836055e-02
1.285989716270120375e+00,2.447925769081146452e+00,1.239151544590003873e+00,4.883260588430113902e-01,1.031917854440705051e+00,1.038132105333894772e+00
9.807265518593972775e-01,1.603438760444421574e+00,1.087014205932284927e+00,4.601486347373628938e-01,9.877989915593017312e-01,1.025014040842741947e+00
1.868500041706773196e+00,2.918508819005320998e+00,7.221395979988414204e-01,1.641142274306605087e+00,7.170653918747487143e-01,7.166119629943683567e-01
5.972768078226204924e-01,2.400171053024816814e+00,5.956183409743658341e-01,1.196864550906521663e+00,3.741014214731334331e+00,3.734832195564639523e+00
3.318717803663549848e+00,9.492260027259631361e-01,6.723603642215010279e-01,9.392479021587276655e-01,7.557294416751671184e-02,4.730796852168334815e-02
1.969052092158127820e+00,1.952266089917646497e+00,1.319988877601892208e+00,1.161259489976112613e+00,4.523006931216507764e-01,4.420403714770966830e-01
2.899897060480705946e+00,2.580555093755378060e+00,1.026354215944411008e+00,1.108814054361103141e+00,2.949998115345234817e-01,3.385740663864865718e-01
4.548079934551834569e+00,1.112055207016114489e+00,1.862882862062591016e+00,1.449141029998147978e+00,6.356302927147518267e-02,3.512820142170083870e-02
4.335580778690956372e+00,1.702621920831674407e+00,9.788249599443089588e-01,1.063355715024451698e+00,8.319575455219091475e-02,8.341958868845590624e-02
4.624048923425496227e+00,2.900040044402549366e+00,5.663566713281105169e-01,1.479175023594061056e+00,1.057892872882882640e-01,7.762273872924194129e-02
4.688277040502676130e+00,1.487532461057273547e+00,9.026283158050576461e-01,2.902656724846222058e-01,4.066984976626605852e-02,4.323936472730121466e-02
3.031132928415191774e+00,1.477523411144333387e+00,9.843865178495262436e-01,3.951397219008345729e-01,1.422899352661196049e-01,1.600428793351620360e-01
2.611041372142163031e+00,1.272575744672459264e+00,1.482454922944514975e+00,4.633389968483088150e-01,1.723104493286715666e-01,1.674374629324077990e-01
3.805527950579344898e-01,2.461376469478775419e+00,1.112684955218615768e+00,1.466816741789110257e+00,7.794399740656994702e+00,7.809006686062984315e+00
6.917182946243757291e-01,1.794372228807931791e+00,6.244819189080264010e-01,1.516724682915156608e+00,2.115611188713862223e+00,2.130028065224038869e+00
2.714832295398063255e+00,1.428560033890231118e+00,6.328940594174438106e-01,1.941546154444750538e+00,1.835741292806292169e-01,1.925146256027674974e-01
4.308839862133573284e+00,2.808907668354552190e+00,1.272768245181489677e+00,1.173161010157977246e+00,1.540191479366465888e-01,1.883441079249656425e-01
2.276645891416313017e+00,2.840595954817709767e+00,1.708878462232462203e+00,3.195013841999991833e-01,4.891598079758972539e-01,5.047365590558583470e-01
2.179009389746617842e-01,2.261912225512690888e+00,1.485280718892163510e+00,7.771697692818970715e-01,1.477874736957950930e+01,1.477264817825682286e+01
1.219054909736815517e+00,9.580070151825477165e-01,1.343955026333877312e+00,1.391480062468852807e-01,4.150440244104703358e-01,4.014275534406280266e-01
3.847858007454890483e+00,2.007576678787087676e+00,1.344899968664652334e+00,1.781489096457506971e-01,1.159408449580989209e-01,9.903471800801194602e-02
9.604063449429340871e-01,1.134009710891083378e+00,1.616447715975639188e+00,1.920929846628631976e+00,8.670278355915826962e-01,8.765451843442829682e-01
1.157966408745930931e+00,2.347256436644078459e+00,1.836467001054638892e+00,4.227237230363334319e-02,1.141990987725714390e+00,1.135516551440711064e+00
1.570573108176551935e+00,2.001489465946722390e+00,1.753466130954797197e+00,9.377226698302165708e-01,6.820288562587329961e-01,7.366121970388188611e-01
3.124560207495048925e+00,2.392643005026206637e+00,1.861331472403806586e+00,7.428322526559003602e-01,2.527047464402277788e-01,2.895536985525909435e-01
4.214746662899567120e+00,1.976810238211778481e+00,1.665181150082307049e+00,1.057629458700409808e+00,1.196293166987564827e-01,1.153388367086300159e-01
1.250695219654009094e+00,2.252560875082543657e+00,9.214270812132021593e-01,1.017639303101800730e+00,1.017540026351714255e+00,1.010957401268454570e+00
3.077445794150996505e+00,2.921032643985094435e+00,1.111456205080508353e+00,9.486960147564649226e-02,2.644514962229178590e-01,2.982550272892462995e-01
2.743714943104085258e+00,1.730592478561040926e+00,1.630803693031888546e+00,1.608703614656972425e+00,2.529931988168035994e-01,2.153260031907038852e-01
2.335348191085511615e+00,2.818801225335414440e+00,6.722335792026241652e-01,1.179923500101773159e+00,4.549566458620285525e-01,4.459256246759263909e-01
2.986018513547742614e+00,1.403421594473299061e+00,5.573727889299362470e-01,1.034129468768179239e+00,1.371473763082953212e-01,1.561625153282027723e-01
4.107768913147915590e+00,1.015856815792961498e+00,1.766932934596552762e+00,1.208680440554643187e+00,6.744979913242041270e-02,4.920784771404114466e-02
1.243942672056610244e+00,2.991573224245985152e+00,1.097781611599549789e+00,1.326126931518560204e+00,1.476362514805078074e+00,1.466825915343208386e+00
2.586723924221245863e+00,2.168215553439714949e+00,1.622377489292973207e+00,1.535172791121603542e+00,3.479326830776219848e-01,3.409098597557282395e-01
6.700186935014160738e-01,6.853927904909833391e-01,1.530002024051652532e+00,2.495119101601461775e-01,7.107544353611535692e-01,7.239706052912848744e-01
2.663540264329780971e+00,2.703122349087182741e+00,1.776948538034976988e+00,1.463564048769805170e+00,4.181953529231832167e-01,4.209458906196457684e-01
3.996837715137286029e+00,2.300248794572917976e+00,1.990725298773164065e+00,8.350123952971864050e-01,1.562045832284113811e-01,1.642463314341740532e-01
4.993082675128179382e+00,5.398369446275720351e-01,8.941562038675054946e-01,2.646355302939344956e-01,1.137949332188324496e-02,2.328516782555004050e-02
2.483326659611762910e+00,1.748499161769068611e+00,1.212828814244184983e+00,5.342421074386678459e-01,2.547411104942330917e-01,2.553398750577757226e-01
1.623696323358831961e+00,2.999639506587713722e+00,1.321121343892780242e+00,4.573468314203672502e-01,8.848703441334583308e-01,9.070816680984317149e-01
2.981617193202530824e+00,1.519581711903265520e+00,1.708913712068299562e+00,7.382004575641827326e-01,1.715634133811232420e-01,1.569842359590105374e-01
1.984409863091112447e+00,2.867688742849285877e+00,1.899064623549270525e+00,1.507591900478594260e+00,7.457484576742698934e-01,7.170260277617371836e-01
7.616114677738878846e-01,1.596423401269622122e+00,9.173566401171742157e-01,1.090046740809694992e+00,1.536072389915685843e+00,1.500534953819437023e+00
2.717593145746377559e+00,2.506398847752998371e+00,1.317293413764881960e+00,1.556988105294753399e+00,3.538618878275732182e-01,3.214416922483240846e-01
4.035851316828216184e+00,2.660902880678963633e+00,1.950576866618859206e+00,4.813035444040363320e-01,1.649175286596094303e-01,1.539072140686579548e-01
4.477410979391002854e+00,1.965382467237348774e+00,7.022192294113003275e-01,1.559940186927983641e+00,8.777694416087891693e-02,1.083778820260053177e-01
4.894933700961985323e+00,1.783843607196371917e+00,1.529897232894604553e+00,9.283824275431018513e-02,5.417340431689083441e-02,5.765673946433036434e-02
1.965078189721102264e+00,2.446534918565853367e+00,1.430165597828773727e+00,8.036509547730541492e-01,5.539687354588043178e-01,5.419978032680971003e-01
1.407992852391316552e+00,1.323526115966001893e+00,1.512562619478871495e+00,1.188116019061163486e+00,5.325710067572690942e-01,5.111738948969558605e-01
7.319397130222844439e-01,1.700806354345709481e+00,1.677235539929101682e+00,1.607137936750362650e+00,1.906315205308260596e+00,1.895737492281649006e+00
2.293913203037164283e+00,1.637132065323030128e+00,1.911220895723869440e+00,5.226162629866653031e-01,2.884566543580291409e-01,2.803833266501004062e-01
4.073730369185860845e+00,2.633204494566363962e+00,8.560567051485743484e-01,6.874211981548408179e-01,1.298452287931199656e-01,1.185432409751363131e-01
1.326294980597684692e+00,2.803919464178004972e+00,1.472223478749338232e+00,1.133907235524087564e-01,1.103315590294669857e+00,1.074664703879815164e+00
4.277919190718074027e+00,9.422522742730774503e-01,1.989976769070181728e+00,8.964341829951392171e-01,5.629150378368268093e-02,4.677534736123729192e-02
3.616337685529653623e+00,2.635628455533739700e+00,1.730588674428339857e+00,6.910393001033576788e-01,2.063885500772171255e-01,2.267312727447986787e-01
1.164525538525008841e+00,1.372027890535398864e+00,1.311669670816806743e+00,4.212850629367186350e-01,6.578224888666213133e-01,6.143303100347118351e-01
3.232407387868618809e+00,1.593151711185731179e+00,1.968783358698288577e+00,1.813236592533316927e+00,1.884995037160491771e-01,1.836873302671616637e-01
4.134522477408839158e+00,6.378645714995627714e-01,5.810792155689297189e-01,1.155945515967117698e+00,2.932632042074043502e-02,-1.310064667591007495e-02
4.677777757380673584e+00,2.329632088406677681e+00,1.654032221358632704e+00,9.147972336378247249e-01,1.093746796761749518e-01,1.130356318877329819e-01
9.786308657436204594e-01,1.898183103221306789e+00,8.544312386604476783e-01,7.943382632479034644e-01,1.207972680605170490e+00,1.193022892787004352e+00
4.145672929547963292e+00,1.390313700598652336e+00,5.500990860172711994e-01,1.301353042774379798e+00,6.451128605197908872e-02,2.279753269012576439e-02
3.924075621592280072e+00,1.581551409699912147e+00,1.449375165330784476e+00,1.195649197317455226e+00,1.092877526381438313e-01,1.113017964368123169e-01
1.369863875079617932e+00,2.773191659092556716e+00,1.845625215205764613e+00,1.359847469741776615e+00,1.265301683820715395e+00,1.301649790891763248e+00
1.613990771207086894e+00,9.903256731936020962e-01,7.289799732296556867e-01,1.707938220273976793e-01,2.850755224551713152e-01,2.872533531222145609e-01
4.794003354810810968e+00,1.624755221900295643e+00,1.056814091833542024e+00,1.400050292940714813e+00,6.882573066984799814e-02,9.206156034549495271e-02
1.937677078209709025e+00,1.816331365088726502e+00,1.653213946807872592e+00,1.903792528464236078e+00,4.959008895417584828e-01,4.944708014983802968e-01
1.587085305202127650e+00,2.639132447112317870e+00,1.219642150507008083e+00,1.101185574963895242e+00,8.587950635707786162e-01,8.156432470075366536e-01
3.656053372182641592e+00,2.829235900649556434e+00,1.376223944691042034e+00,1.293061155689989805e+00,2.256865524708660253e-01,2.354962222833462127e-01
8.379488502077738765e-01,1.146613056601088365e+00,1.515329370636234074e+00,1.402440125895877410e+00,1.007679965616535833e+00,9.993143794802915592e-01
2.519212719785095089e+00,6.993280223930427031e-01,1.156139700267436066e+00,1.914311899611806478e+00,1.130122497452202140e-01,8.377055119176263220e-02
1.919039005940549991e+00,9.407796581755862864e-01,1.943264975601923350e+00,1.659266586613133754e+00,2.593977217978868377e-01,2.750944552763491813e-01
2.811134446219304639e+00,6.437350073258003569e-01,1.494267525707121402e+00,3.084023464387530833e-01,7.522175349900156460e-02,8.095890480807810263e-02
3.095600690482427364e+00,1.423189239014698959e+00,1.125252827917675891e+00,2.246235099010696068e-01,1.307292263816555444e-01,1.202210335672920377e-01
3.272515778722292268e+00,1.103100138537713493e+00,1.928049192873627415e+00,1.358485261861069215e+00,1.181774203892050346e-01,1.355388088972469540e-01
2.275515479306255529e+00,5.003958401594922334e-01,5.982843193043083652e-01,1.567462522181077400e+00,8.422293320572196706e-02,6.678149384986131754e-02
4.457275562019265003e+00,2.640478163005907319e+00,1.714941930580225815e+00,9.163231716014574868e-01,1.394718024593132322e-01,1.523404492341151606e-01
4.211245243347003786e+00,2.692776042302543527e+00,5.861544708420030059e-01,1.106203116400517494e+00,1.162693730612161941e-01,9.746016367635018662e-02
4.680117369881773293e+00,8.717938676657870367e-01,5.085212510913367234e-01,1.080595170585776810e+00,2.435143428152250836e-02,3.503052951564408768e-02
2.340347079791592400e+00,1.141453559295015019e+00,8.129066159633742128e-01,3.231898867731783920e-01,1.769882853864424566e-01,1.549733264954560319e-01
3.704412389476651413e+00,2.951993616506572771e+00,5.505404270999256777e-01,1.569718434901485660e+00,1.925760255054073944e-01,2.223597895658296353e-01
2.267339776574110122e+00,2.444846821800902958e+00,6.266462609716336729e-01,1.074495343520362356e+00,4.104566219749917755e-01,4.155427719753098659e-01
1.538157221747115777e+00,1.826330269018688446e+00,8.391884889236168599e-01,1.958059725549849972e-01,5.643018462926017165e-01,5.929593486124639101e-01
3.329054946162819828e+00,1.335185509727584874e+00,1.065103401832308005e+00,6.433920876348191431e-01,1.113332845757042111e-01,9.488436502530721295e-02
4.740738356051027225e+00,1.884433954257629384e+00,1.784522841457402365e+00,1.334144275844359351e+00,9.554154632896472155e-02,8.601949886961415825e-02
4.060677828344942952e+00,2.387948288652480322e+00,1.841344445494496274e+00,1.030553929479335329e+00,1.593726173607442620e-01,1.761659133310402858e-01
1.568968516985683515e+00,7.859203413516151482e-01,1.584600107918425316e+00,8.643432822336776233e-01,2.566477910951835417e-01,2.017734481289970572e-01
1.294907630535378384e+00,7.933157778057315923e-01,1.121809547220294245e+00,7.985033312440195097e-01,3.273984251981779670e-01,3.060626081052328917e-01
3.903898213703681730e+00,6.774151424049943415e-01,1.390330197442918525e+00,4.262910487171813756e-01,4.082460592513617592e-02,6.148814497076966756e-02
3.584616701296592378e+00,1.130894083605786360e+00,1.674564450754012501e+00,1.753123358246744257e-01,8.169020970995095887e-02,9.099239618783845629e-02
4.345288382023040796e+00,2.764461909228965730e+00,1.009325845671594557e+00,1.810505779043132701e+00,1.546153102858769945e-01,1.741906971342331578e-01
9.025357326026928195e-01,6.510152027789601892e-01,1.657816084952067337e+00,1.163390577219401756e+00,4.983485263680188515e-01,4.921533086263243928e-01
4.336060333533984235e+00,1.927322938931004037e+00,1.093869057128563638e+00,1.097662963165750849e+00,9.827757784153624832e-02,1.095575654735986698e-01
2.276602172761995835e+00,2.443608370393186568e+00,6.821412833957015698e-01,1.353977053638582895e+00,4.160728305399160609e-01,4.014559451355795838e-01
1.512058296284260583e+00,1.452536133373282690e+00,1.250335105994918816e+00,1.695206670216919731e+00,5.390418554199545298e-01,5.116026480675065491e-01
1.847574379964617819e+00,2.829329744656827739e+00,1.929852740392965282e+00,1.187661457936899367e+00,7.922260019679980836e-01,7.583301024936657253e-01
4.968818739261171125e+00,1.541847833369391019e+00,1.557546333288486240e+00,1.963488943002445364e+00,7.568794913987675343e-02,6.465375771926826221e-02
4.788954200094377889e+00,2.572885708758886558e+00,1.487141166725250763e+00,1.089495507120253004e+00,1.149216952503352152e-01,1.039428668018451962e-01
6.019809703045805316e-01,8.583548945832517596e-01,7.239674151582662365e-01,3.653914397731765629e-01,1.008224788019511875e+00,9.956372400675775891e-01
1.712904645042029106e+00,2.279019876895356234e+00,1.167356833792883908e+00,1.059719162330723385e-01,5.967907171248306719e-01,5.258146177048719228e-01
3.653979318351047390e+00,1.093398854226305339e+00,8.785314372380976788e-01,1.912637885822748185e+00,8.515230635281030580e-02,4.518023435207946942e-02
3.695606317197871471e-01,1.580254882722762488e+00,1.132854130125544589e+00,1.285702083731262269e+00,4.563255895128422779e+00,4.552603245344553962e+00
3.724335412983821314e-01,1.910773542221266386e+00,1.513123954038872565e+00,1.320880236759668369e+00,5.518127919006586168e+00,5.523868251558536890e+00
4.154734084247954096e-01,1.819964275326945602e+00,6.106197351607244306e-01,1.494091337104711981e+00,5.050410904530679090e+00,5.038835052029738470e+00
4.368535199637686439e+00,2.901666283688732140e+00,1.588965311173298200e+00,6.295821279127822301e-01,1.475027375378210603e-01,1.299647935308069768e-01
1.801915710372727908e+00,2.477841515970730324e+00,1.703400171552731823e+00,1.486627635027436112e+00,7.314947610737714268e-01,6.853252944107386391e-01
1.729951197303256860e+00,7.350668501633521590e-01,1.290256691618306473e+00,5.485480181574144964e-01,1.933348189186143151e-01,2.337647996981329079e-01
4.008050341040722664e+00,2.276090217888345091e+00,8.864195479137779721e-01,1.151706356519234475e+00,1.319988336929113215e-01,1.099766081035727788e-01
1.729118199087690488e+00,9.476447775353137315e-01,9.051342730982204765e-01,4.945120275062981907e-01,2.436351564152130500e-01,2.773030891691949384e-01
3.744468106857073764e+00,1.414313481352958313e+00,1.682687713155722742e+00,8.597221397970733481e-01,1.054284956815355057e-01,1.366422140214064440e-01
1.972835496335456185e+00,5.566553314711346623e-01,1.333419478805121239e+00,1.784804674167606020e+00,1.367118451945687485e-01,1.421904265125873978e-01
1.628092704219993081e+00,7.994208442859345176e-01,6.600200066058095061e-01,1.798793449594319194e+00,2.370461697075376406e-01,2.255939816062840775e-01
2.058687268617619637e+00,2.298369059797694902e+00,1.747878383134004121e+00,1.489711675551290693e+00,5.482703684090012297e-01,5.509146790326464593e-01
1.006578764512677138e+00,1.372286434877109773e+00,1.206764643020595384e+00,1.936451928419558044e+00,9.594796549145262476e-01,9.364188154337391712e-01
5.600535022754247194e-01,2.913974054234099498e+00,1.167662734217053799e+00,1.406547904197746446e+00,5.196056790089574662e+00,5.201271392623534773e+00
4.381766943217993315e+00,1.856830414865728862e+00,1.887736493937798077e+00,1.036388581376944895e+00,1.068550487871662846e-01,1.069140917441580713e-01
4.368239262869846762e+00,2.566647919797476973e+00,5.535533593480896908e-01,5.180522389999777655e-01,6.990128669098422121e-02,8.054065204994943772e-02
2.411942445744803987e+00,2.981593890694116844e+00,1.596849620031969064e+00,3.369123821605435332e-02,4.507967020273756509e-01,4.698054390002512903e-01
3.504205883477558903e+00,2.946837326449459837e+00,7.321839548075914639e-01,1.831375725255642184e+00,2.387381504990747083e-01,2.733949202473315854e-01
4.340718158059390319e+00,1.722083886303030997e+00,1.794674328744071179e+00,1.978857220359523161e+00,1.169032023958761768e-01,1.091368857055430991e-01
2.075472204308618451e+00,1.944663669284511176e+00,1.064714150003331916e+00,3.900407190885868403e-02,3.729160422396752272e-01,3.937838105948608947e-01
3.616689576443645304e+00,8.427095395091726004e-01,1.079970682701669071e+00,9.983289227542484490e-01,6.246047385637622934e-02,4.662708224379821798e-02
3.822998816518354825e+00,2.122244349955023424e+00,1.073986063441576544e+00,1.293085225902777413e+00,1.462822720349170602e-01,1.283909730844918218e-01
5.747581281468165937e-01,1.392350687960591360e+00,8.936326483534617893e-01,1.907194702258375729e+00,2.173547307578569399e+00,2.161186178872181785e+00
8.631779495710223404e-01,2.449999957940300899e+00,1.491844744076560092e+00,2.111195259055547169e-01,1.874787368399195575e+00,1.855148055283402320e+00
3.801583915931065594e+00,1.924646905115390716e+00,1.688510896620025736e+00,6.212449638914054884e-01,1.339557199052537895e-01,1.535610062719469648e-01
3.587114899428794690e+00,1.883229521323906308e+00,1.805787174157667208e+00,1.760469585001892323e+00,1.784586660631465038e-01,1.969234888323810051e-01
1.089283913504920820e+00,2.448978997470396823e+00,1.440931596477321275e+00,2.516942042371297372e-01,1.315476971666269979e+00,1.340923206607057772e+00
4.168313230187243867e+00,2.592391143272410936e+00,1.814009011359414281e+00,4.828066923405245348e-01,1.471020321664542885e-01,1.465960255811718793e-01
4.044325620715499170e+00,2.076324979321831243e+00,1.782709705215694163e+00,1.972348952041331982e+00,1.614081565272785512e-01,1.668957884490241128e-01
1.797168937400758226e+00,7.451489373641577707e-01,1.564693930918444442e+00,1.872082557547951831e+00,2.223446688375613489e-01,2.107761288655599918e-01
1.833353595633460120e+00,1.734924451674148660e+00,1.387237078140492130e+00,7.984933309831996340e-01,4.348874734721174251e-01,4.118682485151224371e-01
7.307455680044232516e-01,2.713030836044542315e+00,1.130669331435686820e+00,4.673473484218644280e-01,2.778666649929911969e+00,2.787607012940543250e+00
2.338319148674730563e+00,2.342847659515405745e+00,1.014513927985183139e+00,1.422232155299934409e+00,4.023344175744112405e-01,4.077018798007419620e-01
7.268540483774121874e-01,1.983277050138754882e+00,1.990605426167246339e+00,8.906816463093700786e-01,2.153322245336991791e+00,2.131181980035837142e+00
2.808354281224547222e+00,6.565780941659846714e-01,5.747703287662693228e-01,7.909511055723088546e-01,7.125110162671913216e-02,8.295775095965127188e-02
3.197999920981170252e+00,2.935103153456342540e+00,1.760456803060245434e+00,1.137182021030736179e+00,3.116340757625323254e-01,2.767995289105377732e-01
2.993317485001720790e+00,5.672497179820280566e-01,6.084408183075755705e-01,1.777679075558591393e-04,4.263683570839676279e-02,3.905686602590608542e-02
5.439130104878857619e-01,8.480773593297517010e-01,9.296014597931403500e-01,4.954416813389519447e-01,1.182251006635856916e+00,1.169644729893546620e+00
3.184018145592276028e+00,6.706909909739900977e-01,6.771559914373990186e-01,9.677704784996641330e-01,5.879418132235179895e-02,4.820865699789591424e-02
3.810631669545429645e+00,2.051116297458182913e+00,9.045833220533534558e-01,1.196343047734441889e+00,1.347981322979774910e-01,1.131289771934734789e-01
8.808953974564528444e-01,1.706244011113750458e+00,1.303588367033978956e+00,1.664264561445808033e+00,1.449104135742655730e+00,1.468154017571893677e+00
3.056368620158892657e+00,2.836902979498583832e+00,8.663039765601052711e-01,1.416720068725036974e+00,2.956708697703185340e-01,3.069898340113009771e-01
4.131466281145767638e+00,2.059295821230612944e+00,6.868958536612821408e-01,1.943267189219609392e+00,1.177954500704440355e-01,1.414638554066675324e-01
1.129373318622574951e+00,1.909083160947542934e+00,1.190038628287054534e+00,1.683252327502346546e+00,1.117274438256587565e+00,1.119884385229491075e+00
4.584391619823520614e+00,5.567082167959507277e-01,1.369097854455437080e+00,7.730941861670559412e-01,2.491109547299855467e-02,-1.049977610918958332e-03
4.865187590787267702e+00,2.884410135602926140e+00,1.872416936886234007e+00,1.980145660392675699e+00,1.580589112292339893e-01,1.504788808703377001e-01
3.615893869631498614e+00,1.633285411950455845e+00,7.644438889086162536e-01,6.923808128403958762e-01,1.048714755552115629e-01,8.104111944774065879e-02
4.385771686518381784e+00,1.164606298054388311e+00,1.529479803423608342e+00,1.738155216014464655e+00,7.093509181356071058e-02,7.987099511315932931e-02
1.504557024973112833e+00,1.749994335888804819e+00,7.042586722747610217e-01,1.133387155849660655e+00,5.743057938635963700e-01,5.982799124445614680e-01
3.391848257774589204e+00,2.865002016844469868e+00,1.663912097264240497e+00,2.446819492205429825e-01,2.353333793789871842e-01,2.416551872105789922e-01
4.645492421397968918e+00,2.389526649225250932e+00,5.784362693011539935e-01,1.928100460196881860e+00,9.730945450225296500e-02,8.505903622505997519e-02
4.146992995801100923e-01,7.597682096171651800e-01,1.322830287768999247e+00,6.141302242778370335e-01,1.571752177400563388e+00,1.564085634950894921e+00
4.139957774347642783e+00,1.882522199901592419e+00,1.716580057358377820e+00,6.150461291126307906e-01,1.098206308981314050e-01,1.136296309514643055e-01
1.337231201881282416e+00,1.562912951474286105e+00,9.270395520206472506e-01,6.670478925070704168e-01,6.050833919114488868e-01,5.758762440404392446e-01
4.045342937262482508e+00,8.942982190039043822e-01,6.719634503203457676e-01,6.046807725305050063e-01,3.861853813227952847e-02,4.131058099747063339e-02
3.283613793180748530e+00,2.168510135998962252e+00,1.340592488210479161e+00,1.794934250972664680e+00,2.251091705546951205e-01,2.287791281051825554e-01
4.047414099063432857e+00,9.023303355709234586e-01,8.943781912508030896e-01,1.657696471249401782e+00,5.551748609681562280e-02,4.431262858377187086e-02
2.124775905377077834e+00,2.258110944025409239e+00,1.203833360653846718e+00,2.487785422325587970e-01,4.211199728038289569e-01,4.124392674629213662e-01
2.361037028060308796e+00,2.018827660691474346e+00,1.875041240743618332e+00,6.482269544853325183e-01,3.441361230560984752e-01,3.472130159177978515e-01
4.636627160831112704e+00,1.081474988093224399e+00,9.125483903882680714e-01,1.400049280430814003e+00,4.713254575595802326e-02,3.036676881083424928e-02
5.419217629401759106e-01,6.669644903294762450e-01,1.757402050040620223e+00,1.606791490964129876e+00,1.046434427721554039e+00,1.029625171841621611e+00
9.497634886524208842e-01,2.030649194555556480e+00,1.350107793399823120e+00,1.296584594781834854e+00,1.511303231225990196e+00,1.526502648514149962e+00
4.869595570453947531e+00,2.007713044647530864e+00,1.966238962643216848e+00,1.136609599085132372e+00,9.534093180034208803e-02,9.940834619110638926e-02
4.583606272052079156e+00,1.297873521298272159e+00,1.302622656746898366e+00,1.734480783022622319e+00,6.880939371272212779e-02,1.019826657290258121e-01
9.049666605069515146e-01,1.144141085358665100e+00,1.319718434288470688e+00,1.329650686486111733e+00,8.807972805089789858e-01,8.606377205304091005e-01
4.872604241657077395e+00,2.365717871757005764e+00,6.706481409098825619e-01,8.629135260905651528e-02,3.243366534183096672e-02,-3.585651631279190843e-03
1.474186071290132904e+00,1.897604532442684233e+00,1.624990912610655425e+00,1.333767445025041853e+00,7.415135768146030593e-01,7.598891544979606838e-01
4.482112958092649535e+00,1.626440201332088442e+00,1.917537771811307579e+00,2.752742939255070631e-01,7.530593569994201153e-02,9.398882407576776565e-02
4.542921092385240556e+00,1.627881916061977075e+00,5.027743437393019654e-01,1.812696451637397566e+00,6.442764015303638347e-02,4.918397363167188036e-02
3.139798094944160067e-01,2.809942213116761067e+00,1.264233286765482633e+00,4.585077900637097859e-01,1.128597884835416565e+01,1.125612170809623613e+01
2.466158478470932280e-01,5.362509191116772156e-01,5.933821954679630029e-01,1.622790234398481690e+00,2.402122077884963680e+00,2.400678266061008426e+00
1.769575334253577825e+00,2.720331067146998461e+00,5.076194106984164289e-01,1.937519063786310447e-01,6.886947200898818622e-01,6.531366123056868700e-01
4.669656691306507845e+00,1.590498322954429167e+00,5.930778459152353799e-01,1.355858069580737402e+00,5.557885172140419883e-02,4.819955878822916595e-02
3.998449704078830269e+00,5.813498946366197906e-01,1.940932911478595146e+00,4.007558234427572863e-01,3.606780313138789607e-02,-8.150440868847752540e-03
2.056884696608619389e+00,2.255774548946591906e+00,8.746168877856121959e-01,1.180636465618461139e+00,4.606131524329845628e-01,4.552542371616173367e-01
4.318451906341791435e+00,9.005795355681005532e-01,9.092751938101315545e-01,1.509985796976645922e+00,4.724475108034086740e-02,4.217745676421288947e-03
1.676296785401636180e+00,1.697354476430370518e+00,1.594140874410214126e+00,1.598356754029316651e+00,5.568348976439979614e-01,5.514581056152522143e-01
1.867603532499721553e+00,1.567391990894909437e+00,8.675848865181126079e-01,1.274869699893951935e+00,3.749158826228887187e-01,4.046061078331023020e-01
1.114295944825999030e+00,2.828801611137231831e+00,1.459636105542730933e+00,1.346576666504350595e+00,1.719466750880546790e+00,1.713452846365230986e+00
4.805845301249155987e+00,2.215471884777223899e+00,1.571260775062895743e+00,1.500273654657695355e+00,1.081220743313208998e-01,1.228268459686197300e-01
4.057427039376831246e+00,2.724492749780127898e+00,1.497506748955083067e+00,3.526396881414042284e-01,1.507853513329245054e-01,1.372438164377552672e-01
2.419639065971626923e+00,2.688369743788683763e+00,9.071653554423548815e-01,1.313127749769755770e-01,3.903379526119638010e-01,3.717682918298353956e-01
1.468527538824217826e+00,2.194336545300324293e+00,6.408580590350151374e-01,1.819964942300897448e+00,7.954220682709500778e-01,7.647205007903093987e-01
4.836702082537774672e+00,2.757988114838424654e+00,1.509256885107078228e+00,9.400642903363225500e-01,1.170481185116375722e-01,1.370942877687091332e-01
2.104735834687424312e+00,9.980445950775175268e-01,8.603025814398355120e-01,1.651049206751800558e+00,2.014037722267875696e-01,1.994641776151669654e-01
1.211386709440870124e+00,2.460914325394038649e+00,1.966065024496121971e+00,2.869308641706382890e-01,1.170503434888017225e+00,1.202149800243595301e+00
2.238350630641749994e+00,2.121218515807355320e+00,1.549408757842394735e+00,5.505706171059829845e-01,3.796953541701915125e-01,3.552989839661553351e-01
3.651784209205367393e+00,2.853648998795853764e+00,1.386017181679422450e+00,1.957682783552251005e+00,2.508436245884178017e-01,2.455417765703679922e-01
3.899287035118740530e+00,2.153421437535361971e+00,1.061635283667540008e+00,1.573733597128362138e+00,1.477631290269288966e-01,1.484868647880218939e-01
7.231306502551722026e-01,2.240199654785431704e+00,1.228421198418385485e+00,1.891274009723487470e+00,2.672578652364664187e+00,2.699942086336691638e+00
4.740467684258057091e+00,1.820195311881263711e+00,6.832918081764698393e-01,2.100509561339141129e-01,3.369122513897856996e-02,6.922991816418702649e-02
3.437939612559159475e+00,2.140557576522912342e+00,1.198531812346335990e+00,1.420949021665291800e+00,1.894680506865867031e-01,1.755761835355883760e-01
4.999796579147277598e-01,1.918050763426973226e+00,7.031839186150952159e-01,2.170726221105006015e-01,3.302762837004082019e+00,3.279157158767090241e+00
4.219694900763282241e+00,9.479455147314881369e-01,7.951056466497141706e-01,1.265930971698635110e+00,4.812453452630505168e-02,1.244762496239670141e-02
4.865137937092282705e+00,8.200834570142396807e-01,1.974576926588414105e+00,1.895517460366114459e+00,4.498534371014215050e-02,7.075980708463239233e-02
4.221188682898242561e+00,1.857004085326546150e+00,5.756629680024125673e-01,1.917235116040380438e+00,9.554415592077444841e-02,9.282427130303821938e-02
2.469674206134023220e-01,1.909726062530771706e+00,6.270029151204188356e-01,1.675085575991820397e+00,1.338163608820207351e+01,1.336768654992199856e+01
2.470826759259463490e+00,2.556611216553942079e+00,8.655265882650836629e-01,1.909751143006453766e+00,4.090745818898420261e-01,4.070457817571282444e-01
3.028034115005215465e+00,2.473830715158451987e+00,1.680252193309681674e+00,1.497477913607938582e+00,3.021156789323291014e-01,2.499375094801450370e-01
4.462393729772616169e+00,2.456288698989237851e+00,1.433562136894851902e+00,5.562033300540336622e-01,1.126753117955775069e-01,7.714265128189387588e-02
2.613250329991131604e+00,2.129193634423693915e+00,1.925308934770931568e+00,5.097813134100892540e-01,3.008578508169015286e-01,3.185338965543557110e-01
5.711543138355225091e-01,1.370575653801291871e+00,1.531434595650457142e+00,1.380548126773280204e+00,2.076599988561100840e+00,2.083480639638140008e+00
4.680922424172972995e+00,5.065859158349357294e-01,7.369216096052014775e-01,1.009784823395077469e+00,1.756851303146484203e-02,1.953010289331133173e-02
4.768331829518547949e+00,2.723889583615028087e+00,6.630566448246104638e-01,9.369883919751886836e-01,8.104008930339032246e-02,5.996635109490359994e-02
2.533578632067086556e+00,2.294088782566491957e+00,1.621476763862597759e+00,1.046866697430823834e+00,3.568339159732109578e-01,3.675408169506535483e-01
4.565251351199828278e-01,2.825644585986159640e+00,1.319920839990471162e+00,1.404451305857106869e+00,6.788812523324498471e+00,6.823330629835178129e+00
4.226675259990434697e+00,2.275474552471888678e+00,1.800836564996403766e+00,6.792745396175892125e-02,1.112098556024872786e-01,8.566449088310465476e-02
3.760028846916897649e+00,5.256568444352009983e-01,1.717879405548176752e+00,1.357300792752635488e+00,4.214814004428558969e-02,4.138487747193142496e-02
4.861923583044420738e+00,7.935389676492977662e-01,1.251614440335702794e+00,4.668410648846039734e-01,2.647436184584252630e-02,1.671068727856961367e-02
2.351057337795170454e-01,9.488450681398656883e-01,1.397346630936776135e+00,1.860192744440426926e+00,4.597667146882111311e+00,4.603819383577901547e+00
2.290373357696465106e+00,1.360228120185735357e+00,1.630695451652269590e+00,1.656510272927153693e+00,2.715983498117639505e-01,2.708098455418672112e-01
1.562251513435377603e+00,1.746337536585355732e+00,7.973847374345121031e-01,9.282741225423729592e-01,5.375464260129104721e-01,5.335340269098834964e-01
7.169844592799896610e-01,1.086494331179713502e+00,6.018250869545564985e-01,1.391502096107539721e+00,1.106138601516887698e+00,1.087422294581741333e+00
3.728646092830863346e+00,2.991861887807459652e+00,5.263692907346155803e-01,2.378948717596562901e-01,1.136668450424503096e-01,1.122751399587080812e-01
1.837831598609907857e+00,5.716322810402882926e-01,7.965182913241976026e-01,8.733894989927235564e-01,1.343102138829405101e-01,1.209443906938507257e-01
3.870518677815582009e-01,1.582317497406245277e+00,8.071431114222499259e-01,6.951623154426218587e-01,4.187309950613175680e+00,4.183302019031146735e+00
8.414086674867438109e-01,1.484499664037790545e+00,7.652024391489679056e-01,1.634814761758067725e+00,1.271948699691070050e+00,1.269598424144225524e+00
4.068801426692960632e+00,2.386351811016635960e+00,1.295704542265628145e+00,1.849422369286845891e+00,1.642807250713579359e-01,1.762866354643864986e-01
3.108180886349024341e+00,1.625923223180491206e+00,1.691255096194004715e+00,1.694003968845355645e+00,1.946285467419226478e-01,1.819022001107381548e-01
1.232243000833350699e+00,7.485344089659319300e-01,1.271346089370749999e+00,6.378119865109321829e-02,3.156774203031710302e-01,3.081290162344236250e-01
3.541002694408512230e+00,1.354214025273837274e+00,9.242490838328529801e-01,9.983750438340388556e-02,8.130379905253627693e-02,1.016631370879583218e-01
8.259430098212987570e-01,2.201983160063827771e+00,1.751942837451707424e+00,1.455494540618105681e+00,2.107850588756340571e+00,2.102404044843946718e+00
3.431301236009498101e+00,2.655041834110185572e+00,9.420061674658894990e-01,1.911948142670549355e+00,2.378982884648884188e-01,2.315790040548449391e-01
3.344193226028933541e+00,2.732085274412798359e+00,1.055558722397000437e+00,1.546909797881425241e+00,2.524512526953419655e-01,2.686566556434951680e-01
2.265235113564594838e-01,1.160509388596653091e+00,7.815473539844043360e-01,1.268014615779143206e+00,6.871053634656504983e+00,6.875424158354670467e+00
2.655274273994145506e+00,2.725450909544885114e+00,9.020596394296169773e-01,1.661740499969811768e+00,3.779018469385553303e-01,3.786466994161740707e-01
3.686314073276818259e+00,2.807854763117727082e+00,5.357978341039739689e-01,2.018158567860746100e-01,1.098459771224916393e-01,1.131698868258416008e-01
3.840961950191099650e+00,1.649355714370100534e+00,1.597742761129947731e+00,1.336442684009722770e+00,1.244273814737993922e-01,9.856697535634437179e-02
3.587400028289927434e+00,1.570308100352265201e+00,5.555161773334333919e-01,4.348432984349943631e-01,8.074600176575325028e-02,8.891007474556517076e-02
4.448218946580407618e+00,1.456543558374789438e+00,1.155671984888459791e+00,1.370490048687652784e+00,7.493920268776380067e-02,1.004151620318358834e-01
3.829797634267106954e+00,2.167347362682660261e+00,1.342952795484963380e+00,1.032159536837871983e+00,1.508097179877567473e-01,1.614080468759223896e-01
4.625551520131900851e+00,2.949636636380574384e+00,1.079054261218305832e+00,8.678411351267210083e-01,1.211406416877752329e-01,8.901710047126912273e-02
2.191073617194147172e+00,2.265792234764607560e+00,1.769155312881636188e+00,1.423398149220771236e+00,4.841735378230119236e-01,4.888787437762185939e-01
3.639727359927423800e-01,1.780201206086363896e+00,1.090811721911005172e+00,1.619340927877236380e+00,5.565920019146537001e+00,5.546865520778024639e+00
1.068816392034639184e+00,1.237925440101190100e+00,9.378715442401872604e-01,8.872229848943358199e-01,6.829428866238331786e-01,6.774760941165877126e-01
1.581354950653081959e+00,2.853426028535043457e+00,1.848919458826633555e+00,1.354338914706934016e-01,8.751616301891419480e-01,8.768398245909627686e-01
4.005997462559587885e-01,2.036079496342747319e+00,1.168547400735300723e+00,3.576082587943243407e-01,5.034318616868821650e+00,5.009578006414430185e+00
7.191658009090327042e-01,2.634877577673596871e+00,1.908979648848473154e+00,3.780698653625702566e-01,2.795820159590111320e+00,2.821662268393471340e+00
2.690139781437941746e+00,1.877479911329427820e+00,1.513285351608321339e+00,1.410625630066564939e+00,2.719402957650008945e-01,2.697070625922611264e-01
1.411949039033066455e+00,1.174209318964606563e+00,1.375926217659453332e+00,5.858018849632760094e-01,4.292687464942603892e-01,4.442768742930717774e-01
1.570568647499845483e+00,2.499993359993889719e+00,9.828218596780691207e-01,4.954801243938846689e-01,7.588909229597832207e-01,7.707605201326001021e-01
3.759053727817478485e+00,2.934791491977552180e+00,1.217334878815511168e+00,1.247290729855998315e+00,2.142004300615804324e-01,2.402675634877639854e-01
4.302462244705265171e+00,1.404894802533678266e+00,5.464563289304186222e-01,8.047120939809349061e-01,4.790356493446400882e-02,7.093893242006633904e-02
4.337791079523354298e+00,2.458136337739217137e+00,1.992979623883442297e+00,2.050161339419680484e-01,1.220827157453414080e-01,9.181951193964435487e-02
1.978983667532266288e+00,1.449202867369653980e+00,1.952287287506306646e+00,1.303413112262705731e+00,3.650868892396232357e-01,3.651831072989131788e-01
3.606224351874152134e+00,2.501296019749377209e+00,9.903449369128543012e-01,4.122511032774629491e-01,1.637713057696632835e-01,1.203231954368148282e-01
4.291062237981718930e+00,9.969942157278572914e-01,1.024912396105594148e+00,3.794734575190981118e-01,4.131722335985343192e-02,3.164168372688925396e-02
9.245961922935042043e-01,2.309040422464138764e+00,1.387276345472669536e+00,2.505529704494673382e-01,1.582736940625168343e+00,1.596305394347044881e+00
1.162657603866197320e+00,2.799310567952320916e+00,1.637314530073910479e+00,1.913385482885223698e+00,1.718341405109258480e+00,1.735907338165270319e+00
3.310209406856319259e+00,1.321634192224731219e+00,1.134691675656543275e+00,5.088351449007832983e-02,1.003705916136053838e-01,1.254471107778944716e-01
1.474641727618018372e+00,5.930050551786667512e-01,1.350144324319766387e+00,1.123143261120613356e+00,2.132383823349607854e-01,2.050028293419669523e-01
1.124850338264365313e+00,2.849689266594096271e+00,7.230543494501361357e-01,2.867893614334542374e-01,1.432734021985758721e+00,1.438453303608115963e+00
1.964097091148350627e+00,1.904074133093460741e+00,5.050596122187938075e-01,9.191564737217630121e-01,4.023851012411566730e-01,4.036585738577957994e-01
2.767195864267145700e-01,1.100931438088433412e+00,8.350315988647385446e-01,6.123948074393037455e-01,4.418555734097305177e+00,4.443229470332823894e+00
2.303932527011751219e+00,6.044756739047941752e-01,1.257601728913035677e+00,9.296984935120933269e-01,1.035068375675001068e-01,1.346128373812433554e-01
4.268957226096217750e-01,1.361585058227459122e+00,1.456481307049251051e+00,1.578118999412007284e+00,3.111339350154826544e+00,3.103508684181234933e+00
1.374609192317588047e+00,1.920177338243033605e+00,1.071504091772762068e+00,1.191161779660189213e+00,7.696381242372360987e-01,8.446708235825632904e-01
1.244202564134424094e+00,1.787959531406827729e+00,1.478703694181639605e+00,1.366938996488212155e+00,8.945665323756348819e-01,8.938457176920471259e-01
1.781337122616590385e+00,1.287853569284884037e+00,1.958151158559122917e+00,1.569593933548950826e+00,3.967876558256021591e-01,3.888098871597159278e-01
8.018717911171353574e-01,2.037918618440641261e+00,1.334964225201567656e+00,4.898620178531896130e-01,1.771257575838881326e+00,1.782614376573825599e+00
2.461742798837391888e+00,2.429372300336048784e+00,1.185109739759060421e+00,1.609563736912480003e+00,4.012322641293633585e-01,4.157761118305201009e-01
3.501711887958422142e+00,1.511452439555015292e+00,1.260141940488774370e+00,1.020430847859006507e+00,1.237888140177466900e-01,1.341010991129898133e-01
1.826858832820121625e+00,2.313373619424318850e+00,7.388683478531851145e-01,1.844492521397163243e+00,5.979769798781626733e-01,5.843834472079454390e-01
4.650527450171597188e+00,2.847759029546208076e+00,1.098116019996304038e+00,1.040402710239846540e+00,1.215527785418886730e-01,1.504287979722367663e-01
4.326881018664132661e+00,7.464816322278908789e-01,1.041997217916101226e+00,3.866592380751499025e-01,3.055950440710634985e-02,3.107598168500260924e-02
1.668872650078096598e+00,1.027029222163826416e+00,6.700359311125489992e-01,7.442714630504714268e-01,2.790449921530366861e-01,3.092543954866778799e-01
3.867219369062867562e-01,2.092371240523340781e+00,8.908639927986360396e-01,1.858389910105809006e+00,6.578250283143602495e+00,6.605581520373885240e+00
3.887320163692273844e+00,2.313819185955011015e+00,1.512000628076078934e+00,1.017844263107915204e+00,1.602420146548550750e-01,1.342649100681778951e-01
1.352059101944431241e+00,2.691824742202824527e+00,1.188443749167417796e+00,3.422634351353095461e-01,1.033808686617980754e+00,1.013722424079363860e+00
1.794372994778007602e+00,1.291807372197980364e+00,1.638419101153755442e+00,1.994517205685284456e+00,3.989811939298960608e-01,3.784965311736876448e-01
2.980809086464808466e+00,2.551323396447063185e+00,8.526336440076665024e-01,3.936155223633817091e-01,2.479277072645866831e-01,2.524692584764135495e-01
4.994622449058382152e+00,2.956856944980074342e+00,5.579014053003452656e-01,3.753824577224751380e-02,2.447617698254076282e-02,2.511845943255672925e-02
1.638452319737560892e+00,8.519836323953012824e-01,7.961372929993064673e-01,7.027578435336012674e-01,2.381656447130315601e-01,2.431171495037113550e-01
2.448910414035174288e+00,2.851015658709675993e+00,1.058048858957460148e+00,1.629879751996536896e+00,4.673728786959984727e-01,4.507186625083418607e-01
3.211764237742801953e+00,2.685922728449711805e+00,6.621275719767001355e-01,4.944469574032912540e-01,2.097486374440332424e-01,2.178915847623413560e-01
3.480187419953021166e+00,1.262123167532778201e+00,1.458611712161486551e+00,2.797143103959229826e-01,9.619335152814471879e-02,1.238954437235098988e-01
1.218397680559041962e+00,2.036474055082961421e+00,1.203226834045766136e+00,1.249014222158994381e+00,1.013425066314873391e+00,9.863531720219586019e-01
3.057544388010838166e+00,2.039342586053335182e+00,1.121461741787005195e+00,1.652548079443254547e-01,1.902453349485330181e-01,1.859694300755816987e-01
2.811710925951182993e+00,8.075960303781355432e-01,1.057373488245773263e+00,1.074635652777961026e+00,9.725793025761479693e-02,1.018780453476799824e-01
3.361183341476523090e+00,1.435145651112862186e+00,1.827293274318602112e+00,7.111009248629116541e-01,1.310664529557932223e-01,1.281254413841861062e-01
7.519854801595953209e-01,1.348133785592144473e+00,1.600667697534544631e+00,1.059243193333034849e-01,1.206319666733192797e+00,1.202037117838014924e+00
8.062136764970095903e-01,2.450670568656977188e+00,1.637086903679439764e+00,6.055531933958189228e-01,2.220087781883116840e+00,2.255133061574022157e+00
4.882531953996595675e+00,2.907183025680450950e+00,1.638807515207534315e+00,1.335894823348698246e+00,1.347974946794957551e-01,1.601388447751918576e-01
4.142247509817793549e+00,6.257178484640710803e-01,8.931887286144247762e-01,9.540614173183437074e-01,3.228313623389438697e-02,4.895103510041742823e-02
4.172275112458398993e+00,2.577211135287538202e+00,9.571282181705361713e-01,1.818439911161029432e+00,1.550133734257451157e-01,1.394693821579159332e-01
4.683701158884353788e+00,1.998028739371857654e+00,7.022242311184796471e-01,1.429942634186320838e-01,3.739741509719311102e-02,8.190954949663017959e-02
4.811109248085988277e+00,2.345975830564954290e+00,8.861361657266437764e-01,1.399691462776024187e+00,9.230215295016128141e-02,9.922020620460901552e-02
2.088740154079675282e+00,2.283448296377363462e+00,8.606377640414546448e-01,1.874952616018203511e+00,4.840600382339217411e-01,4.722005193771084963e-01
3.819522445936916810e+00,2.450332403950882032e+00,1.556893803739075599e+00,7.132820372809554055e-01,1.685130417430459326e-01,1.614654961136691991e-01
3.279776444266491620e+00,2.347908242363775155e+00,9.826043341065364700e-01,1.095718440939759786e+00,2.108714591532876992e-01,2.007848867701336748e-01
2.887281293414581729e+00,1.520591290160240305e+00,1.374148505668788545e+00,1.879730926192388907e+00,2.019802928420991739e-01,2.441110257213258139e-01
3.460872239943361794e+00,2.806663530231982229e+00,1.423942020109854489e+00,6.049966979361087738e-02,2.053037244554928031e-01,2.091274639690276493e-01
1.733280565397709472e+00,1.196488696567216348e+00,5.450909304394442323e-01,1.140772320072787283e+00,3.084049280354669298e-01,3.093913216943218192e-01
4.338457846089800896e+00,2.613013080027960289e+00,1.669810550080899292e+00,1.333868689602708990e+00,1.564346210653512759e-01,1.131023778789863460e-01
2.153707175396375462e+00,2.027011119312653875e+00,1.277349561132962830e+00,1.329806214302183154e+00,4.109646453008142242e-01,4.254408503463595337e-01
9.112577010101683417e-01,6.869154809335007439e-01,7.642707395358083744e-01,6.210064219037152444e-01,4.493741208545881660e-01,4.279442017128843312e-01
2.527080848665281820e-01,1.870424620278067440e+00,1.497259169884640695e+00,7.193967281951629822e-02,8.614604506590705313e+00,8.591745373915777861e+00
3.268108793916209454e+00,8.774289719612194949e-01,1.060410581906096050e+00,1.451294989676151781e+00,8.346536272254317934e-02,9.545651668182336680e-02
1.311832107031642103e+00,2.540412216404013268e+00,5.780150132853479894e-01,1.555410563737023244e+00,1.082473664285294790e+00,1.064945493941565458e+00
4.789114687559333561e+00,2.153505724679790401e+00,5.669606583351549656e-01,1.191757062450147009e+00,6.359910765773120478e-02,8.005580666784961608e-02
1.136021395578118431e+00,2.245461807369655727e+00,1.320984263497013034e+00,1.147969242004968082e+00,1.254070923781661628e+00,1.276248785540631481e+00
1.717661158647966868e+00,2.763716521316850194e+00,1.370890275498342303e+00,1.408932055291737928e+00,8.404469740046252024e-01,8.043990755948077220e-01
4.923832081920450854e+00,2.827513628304493931e+00,1.592197525643001432e+00,5.320254272975333265e-03,8.187892201781871160e-02,7.889672132045276454e-02
2.695302177394057086e+00,2.394157342704004598e+00,8.023990625738510740e-01,5.543368677589510796e-02,2.691296554204218872e-01,2.373932960421987204e-01
4.625718074988802719e+00,2.792366177823402573e+00,1.333829992974390422e+00,7.376748299443340873e-01,1.200725999191172844e-01,1.185739202628221384e-01
3.950900834377611304e+00,2.906690711491970447e+00,1.238225029333416716e+00,1.411651155382111167e+00,1.971995483152073070e-01,2.151835078853318317e-01
7.710353286534317174e-01,2.584808535137003371e+00,9.827716993018325020e-01,2.409176126085532665e-01,2.323029007743056873e+00,2.295492460424952252e+00
1.236720497506055283e+00,7.074120275673213554e-01,1.628753932398452786e+00,1.266853512349583655e+00,3.488596144439931046e-01,3.846428106587712614e-01
2.058452275554562227e+00,1.095012805112210774e+00,1.456172545292480969e+00,1.304455386605893885e+00,2.425581607099454307e-01,2.360653379323581769e-01
4.428590003469245140e+00,2.489873569598085812e+00,1.973409302227968620e+00,2.154734825975661572e-01,1.176891425492339605e-01,9.373778654844110159e-02
1.803143755257111458e+00,1.248647167636426136e+00,9.632968511403301459e-01,1.937230831944404930e+00,3.414189526702177124e-01,3.386326056306006582e-01
2.422793785060755489e+00,2.272965570400915070e+00,1.582913412840924128e+00,2.995584315796209207e-01,3.481069264729744206e-01,3.636424210274724622e-01
2.507674313692756396e+00,1.417208008708113587e+00,1.418917284660119016e+00,1.092226027047076498e+00,2.191883707726705044e-01,1.913297048521112320e-01
1.758825186092094928e+00,2.040987883633512467e+00,6.995112770745159914e-01,1.994703736434011221e+00,5.627026079379808809e-01,5.624172887150149514e-01
3.975129365519428859e+00,2.990853896025696290e+00,8.307724443769275435e-01,5.509321481696225487e-01,1.485501412801781551e-01,1.207538913547225590e-01
4.631682923176699274e-01,2.489651946151322015e+00,1.992607451469480040e+00,6.939221645045565712e-01,5.169716073402062406e+00,5.193466996832552418e+00
1.284368773986059864e+00,1.437373694966647575e+00,1.509718024796765423e+00,1.512811593106634822e+00,6.930619732891145635e-01,6.958194311457673864e-01
4.160408994044424880e+00,6.480773705798665851e-01,1.039476642093422498e+00,1.550159441305769104e+00,3.848763090572320661e-02,2.963393381945526178e-02
3.158440176340152394e+00,2.235170564035787066e+00,7.122052081351241126e-01,4.934686223245279280e-01,1.859368629737216116e-01,2.062865924613430935e-01
2.656759182962384447e+00,1.720980848436985955e+00,8.700956196994886760e-01,1.492731929352456133e+00,2.321730263368888825e-01,2.060408011449322840e-01
1.973638226061784851e+00,2.866418339692658801e+00,1.532776987145312741e+00,7.791410191872254476e-01,6.514158086110990453e-01,6.431820727389840897e-01
8.246699686057277212e-01,2.478836097252493875e+00,9.659882316350749676e-01,1.447688619322347270e+00,2.329983482104734271e+00,2.366533853444896529e+00
2.392564684176150092e+00,2.033548494379901150e+00,1.188314373111223343e+00,1.218113343502831736e+00,3.364753445037843016e-01,3.336140168945029294e-01
4.938053483899376594e+00,1.940478573209901247e+00,1.991114929237252307e+00,1.240088332683912498e+00,9.166178473247157954e-02,1.184130033496198497e-01
3.056424678858968402e+00,2.197381295535516088e+00,1.931199577276616175e+00,1.446349282483019971e+00,2.709475112752961490e-01,2.744622302817255055e-01
2.967580883559640892e+00,2.068233553814641468e+00,1.974731799191781656e+00,2.657034259464094994e-01,2.265656055184488704e-01,2.121731062847542204e-01
4.952569207790483929e+00,1.056444008800113910e+00,8.552283655125599848e-01,1.322665971811323393e+00,3.722153908355008145e-02,3.189711166126854569e-02
4.449936225225894937e+00,2.598427875638643414e+00,7.774268283549000680e-01,1.004390346587501037e+00,1.067945380153355051e-01,1.079332188466633619e-01
4.996156727736599912e+00,1.266909607985760688e+00,9.467743940250646917e-01,9.505259723501786606e-01,4.076069844246607565e-02,3.216042412960799790e-02
4.777440029895807072e+00,9.605767751431333323e-01,1.011817986421402304e+00,1.634697263997865191e+00,4.228257561280965304e-02,2.538854101760485912e-02
3.403984888345271465e+00,1.392135588190142936e+00,1.137708806281768403e+00,5.308615121814665994e-01,1.103146131262809637e-01,9.426677956433796024e-02
1.665498529570189401e+00,1.896473664590467401e+00,1.975237021728478037e+00,5.970379881920040432e-01,5.720463096497764299e-01,5.419569509145024666e-01
3.215087254530350602e+00,1.474499323170588960e+00,1.411241494698063370e+00,1.912930273211087107e+00,1.632738598410620190e-01,1.650559252398390853e-01
1.871407211906112256e+00,6.910566466843357514e-01,7.487738844681268713e-01,2.777258944751503922e-01,1.568519916522277957e-01,1.642936085503245991e-01
4.091693747801182113e+00,1.957087373393950447e+00,1.377177661518147911e+00,2.377302636621942966e-01,9.963023754744287919e-02,1.141762355884173852e-01
8.590422131636228364e-01,2.360725179218085223e+00,1.836222970171625057e+00,1.151190616619273355e+00,2.091376085958725817e+00,2.054824361044107039e+00
2.420222400696946163e+00,2.781769995636166559e+00,7.873615086806962093e-01,8.435459485393399515e-01,4.185730272385644324e-01,4.342503816691528074e-01
4.235724906305054382e+00,5.557100592705792597e-01,8.128586036904569267e-01,1.603990280641243160e+00,2.992550453192219934e-02,2.914338307675208226e-02
2.381658014984983307e+00,1.238531582367843997e+00,1.196517519984571010e+00,1.067152396766055666e+00,2.025883458300142270e-01,1.735760267926693134e-01
3.084885677215428501e+00,1.023269707721882416e+00,1.406992665103377504e+00,5.955582275169812867e-02,9.588913622106372270e-02,9.740583847002584617e-02
6.717581023264784790e-01,1.641981482423115368e+00,1.428432247560777579e+00,1.317090385577933009e+00,2.004546486683206563e+00,2.020398382906468004e+00
1.568503920590935685e+00,8.280292551473020790e-01,1.476461527216418546e+00,1.923579958132170864e+00,3.032898483596981887e-01,3.132982629833482857e-01
4.781529097701041842e+00,1.583637927196338335e+00,1.826516569468071838e+00,9.732699769857262595e-01,7.391871103866097525e-02,8.798525579130790641e-02
3.353309817595960141e+00,2.144173965024903872e+00,1.232485545221854384e+00,4.113970004487075283e-01,1.748450802394950765e-01,1.933117689416259943e-01
1.951708009879765449e+00,9.636322041167604269e-01,8.408757317217416816e-01,1.180985753035447061e+00,2.110250051836334850e-01,2.285041502808324576e-01
2.681029644635958942e+00,2.425858994633529164e+00,8.833401850902384833e-01,7.746789957792099557e-02,2.827140856892927379e-01,2.815650847123111200e-01
3.919369175040724240e+00,6.727307064951024707e-01,8.128279489546551551e-01,6.220902094498568236e-01,3.521630360718239205e-02,-6.868308562708563825e-03
3.979857679744946974e+00,1.680497622658127632e+00,1.334473716615390160e+00,7.542053507416432989e-01,1.027518399570475638e-01,8.712720850858463040e-02
4.174246107099498282e+00,2.078041560993815207e+00,1.710904963789299682e+00,1.618622970910147618e+00,1.418282727552887534e-01,1.485201955229273063e-01
1.590284858228228293e+00,2.780892799901634405e+00,1.328839408524638666e+00,1.219301881173825874e+00,9.305047845182510269e-01,9.206873280907619250e-01
1.343868506230835314e+00,1.387695185401315756e+00,5.488122233490446700e-01,4.057126061339106915e-01,5.297291054464482452e-01,5.430167496126270255e-01
3.264840715996448761e+00,6.609352751301473816e-01,5.314081811351103468e-01,1.874232142198430928e-01,3.883435477053313878e-02,5.437071687020159083e-02
2.730563107402663725e+00,2.532840467127967621e+00,5.820757966133127681e-01,1.530659111174562437e+00,3.110877046840503923e-01,3.116348169106335497e-01
2.911456407190695206e+00,2.697817215471771668e+00,1.150930040380385266e+00,1.135060612107722022e+00,3.126139665506991738e-01,3.497977085980614742e-01
1.230151607379458056e+00,1.594652570402571801e+00,1.385132435090280278e+00,7.577923210415715705e-01,7.416153681157348077e-01,7.217047092847053147e-01
1.729395815193923047e+00,2.501934305492052424e+00,1.118659318247390733e+00,1.580683442188641763e+00,7.383720902938025743e-01,7.565932569456791379e-01
3.809855266718162881e+00,2.752154898565765340e+00,1.770823137972473926e+00,1.542015527083782089e+00,2.241411657761765430e-01,2.142894457071112535e-01
1.919951634586581912e+00,8.194154201712848806e-01,1.739778662361356476e+00,5.931975132547453455e-01,1.911699133224983582e-01,1.751605870402760112e-01
3.835930642958873982e+00,2.702183382631690112e+00,8.963983668870145749e-01,1.967368261074164959e+00,1.937837307844264001e-01,2.051600361829266916e-01
4.238943815658950953e-01,5.250437661673561518e-01,1.501564053868715831e+00,3.275085266939923301e-01,1.005004709259460949e+00,9.922924338724216087e-01
4.764157662581935071e+00,1.503733478820001634e+00,1.047769757046621564e+00,6.613352410286630345e-01,5.246455347572370753e-02,6.925033311004601122e-02
1.198750585706662486e+00,1.581237018343095713e+00,1.071509952869072801e+00,1.631633005911750089e-01,7.026937711544167797e-01,6.789678974100523678e-01
2.495396638644107767e+00,2.458021452654775896e+00,1.658716932820838430e+00,1.182347490397468892e+00,4.020543160697618856e-01,4.023659947508798629e-01
4.620249215514617092e+00,2.754076789600958808e+00,5.623197349500823616e-01,3.003227475855092532e-01,4.957284664259471035e-02,3.231424819652447405e-02
1.416702476665066657e+00,2.856782849237074373e+00,8.469482273880372114e-01,1.898142889038341385e+00,1.173446096971827224e+00,1.168356535779502936e+00
1.291444508396624169e+00,2.138753176653241717e+00,1.206903961498477562e+00,2.966597861071738063e-01,8.714254598236035321e-01,8.635972329906034251e-01
4.931075388475312238e+00,2.770490217998570870e+00,1.796484753704927106e+00,9.290918059036830101e-01,1.189240673843037360e-01,9.596467976223674312e-02
4.541264802659243038e+00,2.500535292373933238e+00,1.530188976583838123e+00,4.635613292559572773e-01,1.094979144567735790e-01,1.222235077828095207e-01
2.754781746651765229e+00,6.997611047033129861e-01,1.676749956621853110e+00,1.644505515789530303e+00,1.022383015029457998e-01,7.695343067892966571e-02
4.929053362830531637e-01,2.649860441029437741e+00,1.857725918917758845e+00,1.539595606944918815e+00,5.454211466682678200e+00,5.434229675343559940e+00
3.102409799402466195e+00,1.305361264643052355e+00,1.656905375553998416e+00,1.121535428839171011e-02,1.233549842395026130e-01,1.408100076127477285e-01
1.407575300368190341e+00,1.761024359586163879e+00,1.215119386761659426e+00,1.431188424172006535e+00,7.104851989828629977e-01,7.295800060030189771e-01
1.227250284343914588e+00,6.933626035946739430e-01,8.681621973936244352e-01,1.737182844966252526e+00,3.280056291471974417e-01,3.409945346540130262e-01
4.674286576028794826e+00,2.276163781419612064e+00,6.700094158324350069e-01,4.322539235021696236e-01,5.371580337486290407e-02,6.015661519437607435e-02
3.173231562643031189e+00,1.940340183301411781e+00,1.050572721941686494e+00,2.521280083353931722e-01,1.673494286779766971e-01,2.125548793501218781e-01
2.331389719889207068e+00,1.949797187008326382e+00,8.892312518003602229e-01,3.590990828284150727e-01,3.070717144359423334e-01,2.825236061867060222e-01
5.007625212111855850e-01,2.197128097876793973e+00,1.837473623760405461e+00,1.164189707010063746e+00,4.174807903382244056e+00,4.159588139755446612e+00
1.983782713294450106e+00,1.676256707210106445e+00,1.297227228743678573e+00,9.268776332522639105e-01,3.713193927720983001e-01,3.510938436915696514e-01
4.347119118853625785e+00,9.937420030672518001e-01,1.927328882768535312e+00,1.937472817187513296e+00,6.826840601000359887e-02,8.589758265897912137e-02
1.652846156598545724e+00,1.378902587372310418e+00,8.173990331334972659e-01,9.050644571748440725e-01,3.867643213964471194e-01,3.921845203349312858e-01
1.749412510730441017e+00,1.175170286466427516e+00,1.228495697543384502e+00,7.113031397238618325e-01,3.078485619410227803e-01,3.297282805944558026e-01
3.112909120694780540e+00,1.029595037382653455e+00,1.751190787291024620e+00,4.432342196884306862e-01,1.036522703162933712e-01,1.227675169613568762e-01
1.410275257378527547e+00,8.268735600481498249e-01,1.276041586167686370e+00,1.821242165981982852e+00,3.425037283069820582e-01,3.376712291513861430e-01
2.873286861486008537e+00,1.190505962018387320e+00,1.928406513747459083e+00,1.119801389282823134e+00,1.552634878790127571e-01,1.385555545094666330e-01
3.889676162346460853e+00,1.302247398861129390e+00,7.789236263414625050e-01,3.022358576836401411e-01,5.979119852691697212e-02,3.962219922081436363e-02
1.576034127941250418e+00,2.273080811899239606e+00,1.411071452223074063e+00,7.636711486725991094e-01,7.288180659255383276e-01,7.727315401580667764e-01
2.469204179815017497e+00,2.778479044079029681e+00,1.969630252794976943e+00,1.848573729051741221e-01,4.175327655023581830e-01,4.365692324425136106e-01
2.966083215844614873e+00,1.115278796513330173e+00,6.566567190555741007e-01,1.503611782747910741e+00,1.184193236896736445e-01,1.299699638734803930e-01
1.943990678937315364e+00,1.920239722423817685e+00,1.401781163871447244e+00,2.645794587395611241e-01,4.172129298043451562e-01,4.101263209639400831e-01
1.273368197862100093e+00,2.315553750648712938e+00,8.774278827367296696e-01,1.186080160196263167e+00,1.032038920160681883e+00,1.027770956745449382e+00
7.491289616839920118e-01,1.132422646653535647e+00,1.997990379498765678e+00,7.982373636868766997e-01,1.126168753751833451e+00,1.118986911036568888e+00
2.914322202040292797e+00,1.720357781113321938e+00,5.297666011911590367e-01,2.316025135439245819e-01,1.457237754008308961e-01,1.389480788296723057e-01
4.699660245780195034e+00,2.738298353553801689e+00,5.069161517273514939e-01,1.490992911057046788e+00,8.969687935934368694e-02,4.132689198731341607e-02
2.900777720357551326e-01,2.367205290763400249e+00,1.383912886460357150e+00,4.140552290990979767e-01,9.948600533021608072e+00,9.947076544688982835e+00
4.355184616976699452e+00,1.445587965033231059e+00,7.253518833993393145e-01,6.913955170785968107e-01,5.420990750541306025e-02,4.626723417073059369e-02
4.819870929166612861e+00,1.622127068783379533e+00,1.191606792823690419e+00,1.821031195836279704e+00,7.619405488444563890e-02,8.169318134978800772e-02
2.803167207123907545e+00,1.466401476727305697e+00,1.908877510104906694e+00,1.801893164296022087e+00,2.206333834242411029e-01,2.245301746876316173e-01
4.845840600549832899e+00,1.630317632177874954e+00,1.431144879396008207e+00,8.568802824246670724e-01,6.621472290094219948e-02,8.298908276745219081e-02
3.582955695284018471e+00,2.525456474330673107e+00,9.539350314773524797e-01,1.793112006451737628e+00,2.058413379329755988e-01,2.052883523243235475e-01
2.817080998540878234e+00,1.001534538688240827e+00,9.629380586889877414e-01,1.652396362442571043e+00,1.252788098152844976e-01,1.409274456608225201e-01
2.425640085895973019e+00,1.931008518405916696e+00,1.051946739698612410e+00,1.899265067315058397e+00,3.290713850456948864e-01,2.775625246159205139e-01
2.438715233281711470e+00,1.433082334219717868e+00,1.033538856064714739e+00,3.716985265781562742e-01,2.102318475554642019e-01,1.879183058639775084e-01
3.473584289955816917e+00,2.174573227917605323e+00,1.627766076303495568e+00,1.697088575049968018e+00,2.108088206705348577e-01,2.450376766117868532e-01
1.325625770124561287e+00,1.923825365334356885e+00,1.279915371582772909e+00,6.741415547319797863e-01,7.860445783312156598e-01,7.613742003768556588e-01
3.633925397617289388e+00,5.383923083058756998e-01,1.835468481828453680e+00,1.937593735669468353e+00,5.121281807223164451e-02,4.534672269172730641e-02
2.556750737731875667e+00,2.465306582653034262e+00,8.492678420034458497e-01,3.852946217005448482e-02,3.138895757793820351e-01,3.277416464812739072e-01
3.438378648983304586e+00,1.932181912996163931e+00,1.679609583699865683e+00,4.913461803478313961e-02,1.487860158039567005e-01,1.308516237757176015e-01
4.716136401978753057e+00,1.564871650520921920e+00,9.140705739082435333e-01,6.153185820030611097e-01,5.106995556246826662e-02,6.523744546628351682e-02
1.320577672601747521e+00,6.266125705742632279e-01,1.274383590358681762e+00,1.273879593636277008e+00,2.685247821095724796e-01,2.396796531898418015e-01
2.135482488612893803e+00,6.491758337614215169e-01,1.436075719452345023e+00,1.156500133684974729e+00,1.320882147944882345e-01,9.353809111982941404e-02
1.520768619081071416e+00,2.661003899009818152e+00,1.238588819751393011e+00,1.765876634497041797e+00,1.011175460388410663e+00,9.843064143628001972e-01
4.528467906422316003e-01,1.973965382434729632e+00,1.275799183522365876e+00,2.606671355004270829e-01,3.940670471256377816e+00,3.907313122976424857e+00
3.186030594477647249e+00,1.589088217226829247e+00,1.103014293673805657e+00,6.264215242977357878e-01,1.454999755927662008e-01,1.448627880968907655e-01
3.216896072036105725e+00,2.693426055564283939e+00,1.546310079641425306e+00,3.787166120462690522e-01,2.478238335577223617e-01,2.411850468990313634e-01
4.997172080677792394e+00,1.618064949268767538e+00,1.202037977915150879e+00,1.672171020836074051e+00,6.851533133803650033e-02,7.480088316692283523e-02
3.084929137943154487e+00,5.571328731530829081e-01,8.227557688126683200e-01,3.712007629346218973e-01,4.949794288487904120e-02,2.850005348315029149e-02
2.101311020522167450e+00,2.177531099788026836e+00,1.978675183284318795e+00,1.952507152458302420e+00,5.486018282502309606e-01,5.991769756788771772e-01
4.525561852825882525e+00,1.801409595187941193e+00,1.785132335609176168e+00,4.889182345187506051e-01,8.452279609596868859e-02,8.233037952941807402e-02
2.738447417332959821e-01,2.089229516109223361e+00,6.119740032842779787e-01,1.406990745246223806e+00,1.261632627518384986e+01,1.261512792740977318e+01
1.652993452369122984e+00,1.807184359057414147e+00,9.488132651313108124e-01,1.822009718770003506e-01,4.991074852470672729e-01,5.079406879659740248e-01
3.809259426628482270e+00,9.997261230957533718e-01,1.447621164399109706e+00,2.333224791519767916e-01,6.151339379839083216e-02,5.636139872496542108e-02
9.751376649040359723e-01,1.510814897484914265e+00,1.340513892646731486e+00,8.550923619525052644e-01,1.004314630828838206e+00,9.914042151496554878e-01
1.933932680861400133e+00,2.410228246223323989e+00,7.909567804545192260e-01,5.352823386870013689e-01,5.231362913820034599e-01,5.245722622489098486e-01
4.275505455478511685e+00,1.884803044766551361e+00,1.003256377461462456e+00,1.869513388078464677e+00,1.097391917830674857e-01,1.278347433848056325e-01
1.854438316856620306e+00,2.158408580071839111e+00,8.080397179670743002e-01,1.902365003590281489e+00,5.534207944166347204e-01,5.664559754584155282e-01
1.366211402885043391e+00,2.494372410816682262e+00,5.775753363430511378e-01,1.325156389506608301e+00,9.721128775969436475e-01,9.906744846743547050e-01
4.474823687748077816e+00,2.440060177338706282e+00,1.869525026711104765e+00,1.116190546322796573e+00,1.360914989660769181e-01,1.245358850015952645e-01
5.716025853181729843e-01,1.216763833043815080e+00,1.101844688087878277e+00,2.116404937927802710e-01,1.590400115495832933e+00,1.574634081260841922e+00
4.312120674947450993e+00,1.297160694237778467e+00,5.972789498970534350e-01,1.237532086168751100e+00,5.508410030030018445e-02,9.490744176032669954e-02
1.713846163507873221e+00,1.280150480482504571e+00,1.188080139390998990e+00,4.538473148003632218e-01,3.383047566094816716e-01,3.332669613054436430e-01
1.197366642341939347e+00,1.482601823332940105e+00,1.229199938654932156e+00,1.283662838708936160e+00,7.510886363614396322e-01,7.604025112804982944e-01
2.541818062686954427e+00,2.332679392513698602e+00,1.639524040642277747e+00,8.962211657053575919e-01,3.543880734700843860e-01,3.689065102475973523e-01
2.520406950812311475e+00,2.675225020054290415e+00,1.286690633139414564e+00,7.142500393935065084e-01,3.895324206226864483e-01,4.177024676620667565e-01
4.830545538832935470e+00,7.993418252222170839e-01,1.509393357943090708e+00,4.085770411912410527e-01,2.909581831869994389e-02,1.831253649002481665e-03
3.812022557792490662e+00,1.245449032835477698e+00,7.157159726001729450e-01,1.250968723255943660e+00,7.757134954559066764e-02,6.772996496080663231e-02
2.408587681037865913e+00,2.180834018895622339e+00,1.411852339754140040e+00,2.822578271955191731e-01,3.332307093892953320e-01,3.243248432889900834e-01
2.885351261013133328e+00,1.839871167950406505e+00,1.205465870982555643e+00,1.212884723222341421e+00,2.197065502714310448e-01,2.134449365198467230e-01
1.728167682227125912e+00,2.463395263803927371e+00,1.695046016955241264e+00,1.903231389220753744e+00,8.185326329696884784e-01,7.700479306641943023e-01
4.917063643205107581e+00,1.979591688936213512e+00,1.959962772881877369e+00,9.872898392356022068e-01,8.910446551193371145e-02,8.695254361399745724e-02
2.052506254965951182e+00,2.736509465929476193e+00,1.374215733188113076e+00,1.198516605899003551e+00,6.032009643711215841e-01,5.450974990336118209e-01
4.451309249502564569e+00,2.406593545982874449e+00,1.034905727391255859e+00,1.164424558936370424e+00,1.149924008648682411e-01,1.207342688228324606e-01
3.349170491295949237e+00,1.622859730309858639e+00,7.703069274229346064e-01,1.101358451665071625e+00,1.336085517144037227e-01,1.441455060198112426e-01
4.597491547695585545e+00,1.602613852425285090e+00,5.814659117461782323e-01,9.836969413650520355e-01,5.010559085611297064e-02,6.185403765755478900e-02
1.901924771266216840e+00,1.011684141417172444e+00,5.923464219438951961e-01,1.755229265618097667e+00,2.315766880343561041e-01,2.072750547574472302e-01
2.200142847702005522e+00,2.527808055596501013e+00,9.486943581627682587e-01,9.206080587343734578e-01,4.566995527959444301e-01,4.756005091630618464e-01
1.972769422859623756e+00,2.881402236863343180e+00,1.511650378974459752e+00,1.240916779424997785e+00,6.956177505945096984e-01,6.781396052115168382e-01
4.169805527366651887e+00,2.747795445193101038e+00,1.501737547167047104e+00,5.806766082698751053e-01,1.510231885495644244e-01,1.262866454992965515e-01
4.774989273398253964e+00,1.918994880410088477e+00,7.447596884146945317e-01,1.482555196385054730e+00,7.307459474117651566e-02,5.327801527557456118e-02
4.157932794577514635e+00,2.687224659932615278e+00,6.752609644194297323e-01,1.189717271784027197e+00,1.311569527244538236e-01,1.140161874945687520e-01
2.366822108120765211e+00,6.105510157175376706e-01,1.516247812367028658e+00,1.416999336261034248e+00,1.093997528139374759e-01,1.126699415808269933e-01
4.179664291654684227e+00,1.295473066071314072e+00,5.881373567768435340e-01,8.393161825222341665e-01,5.181107184564902324e-02,6.813128592674771999e-02
3.704894571069822007e+00,6.503848821742339581e-01,1.811060631105144925e+00,1.664419625119549107e+00,5.704062036173750128e-02,1.483949945231195777e-02
2.691839540720905255e+00,1.801388416606377163e+00,1.417523057647056106e+00,3.493847684573536672e-01,2.276476413926214470e-01,2.166621006393709969e-01
1.080776046065313079e+00,6.902239643723111495e-01,1.175763511986077425e+00,8.745890502038067282e-01,3.771310381785630828e-01,3.950104712044097965e-01
1.341780480543065091e+00,1.837531301576802445e+00,1.605422872327658679e+00,6.101044558770363224e-03,6.995619723963004688e-01,7.034858712515813517e-01
3.578068425160843002e+00,8.231416585894399951e-01,8.302267342042702891e-01,1.785916758769669599e+00,6.505299524019403368e-02,7.508846102953309343e-02
1.153949153481596657e+00,2.720160923435688272e+00,1.439829014267282492e+00,7.483564224064254145e-01,1.439861997400145643e+00,1.409768578008476103e+00
2.889660726171527916e+00,2.574662801925774680e+00,1.947295321503617949e+00,1.270863474952691918e+00,3.426391010171734863e-01,3.616138492799156334e-01
4.060105796094052977e+00,1.465470802879747403e+00,6.852251577452224129e-01,1.366268032945772148e-01,4.728628175577945236e-02,1.590739826581599042e-02
3.338710771395973609e+00,2.149356906722089455e+00,1.177103601780305819e+00,1.377927700872722649e+00,1.993122165531411860e-01,2.031136458337242101e-01
3.126827442491836972e+00,2.152833922644340703e+00,1.115468497484511712e+00,1.635888524794274046e+00,2.300368125353873805e-01,2.572619603531472454e-01
1.437120144184538040e+00,1.957452689526818723e+00,1.895198930994651532e+00,1.533060019373633009e+00,8.385013377791211697e-01,8.760883455760604122e-01
7.756926493431968161e-01,2.712419603790777067e+00,1.985161944860188932e+00,1.101811036178768077e-02,2.442483125672888278e+00,2.452713856673814696e+00
3.627672787844871127e-01,2.138185310134400829e+00,1.378147108493247952e+00,3.658397780242133024e-01,6.145571782609581923e+00,6.163191166648747554e+00
4.224324491282377414e-01,1.576127718975571579e+00,8.787153959434194084e-01,1.507947569021051093e+00,3.891302186999506585e+00,3.879175554316071306e+00
1.312459810548186168e+00,1.429423179662270060e+00,1.473500697869163600e+00,1.198774937565218135e+00,6.399934947454862799e-01,6.303646121007678849e-01
2.876876859705303602e+00,1.001174840195776294e+00,6.154750838876749119e-01,1.715088001112484939e+00,1.133380062307344505e-01,1.367264736584858920e-01
2.233665253564734332e+00,5.863134625918332565e-01,9.320324695656820868e-01,2.368566858178404733e-01,9.900868889235395209e-02,9.904081654180323102e-02
1.179674868015357037e+00,1.157956995631452379e+00,1.067422571697511646e+00,9.004760623409355791e-01,5.577740804622830506e-01,5.552278039850631064e-01
1.652898265653436560e+00,2.003342682604292158e+00,1.860705990758491302e+00,1.061112475446421177e+00,6.477713839223256942e-01,6.195602219185842863e-01
2.414006195621726025e+00,2.350184242065760820e+00,1.170771822240392002e+00,1.549213902110810448e+00,3.974569992683183450e-01,4.004688188262131576e-01
4.034922703539948863e+00,5.047883702238926684e-01,1.580124961907207082e+00,9.037680301149531026e-01,3.208667130421141711e-02,4.500393944586418560e-02
3.348459914703820317e+00,2.878158693439512472e+00,1.806900394139730359e+00,1.029287324306365159e+00,2.777309415743886012e-01,2.618475520695797143e-01
3.963465480513516104e-01,2.785245755687654423e+00,1.032303427746912305e+00,1.427625302106871219e+00,8.714326918396459121e+00,8.704185321947484510e+00
2.511291181119357230e+00,2.094800203890586410e+00,1.128676370501111359e+00,1.377953639318081347e+00,3.218667785429261685e-01,3.534759104633440341e-01
1.092786276137157842e+00,2.924443990286143435e+00,8.385970269393057119e-01,1.373269504055488310e+00,1.740168568431335494e+00,1.743733891414312787e+00
4.303197765028508925e+00,6.340999728031864180e-01,8.188556092933894082e-01,1.304719103807690628e+00,3.125424153812026568e-02,2.548236862642021955e-02
4.447540322083278319e+00,1.123086458593661963e+00,1.404836564764644358e+00,7.577013826778815631e-01,5.426961235834021346e-02,3.152995657155346215e-02
2.862390613343076318e+00,7.474758252853190843e-01,1.905175924082028072e+00,4.438267369989059574e-01,8.881307514996876484e-02,7.642149452434782164e-02
3.734758603916465969e+00,2.335354512245888969e+00,1.261605359459429643e+00,2.525732772263484804e-01,1.452287063846398885e-01,1.402287813638096736e-01
3.496548812077971302e+00,2.739862618642300518e+00,6.056805157905961190e-01,1.116980463805950174e+00,1.944538732781828927e-01,2.218364303024572548e-01
4.120807365710993153e+00,2.890068169149669242e+00,1.042831001973604232e+00,9.807880355628810776e-01,1.596491967014305458e-01,1.474393027377856047e-01
1.538315572779774598e+00,2.051663845839542866e+00,1.287680593379966876e+00,8.749272559971954522e-02,6.333479646342612401e-01,6.692346799835823257e-01
1.300583907849244492e+00,1.525785897683102466e+00,1.918697036806120026e+00,1.107674473763189837e+00,7.169007233201070139e-01,6.983269669810897584e-01
3.782283466946990469e+00,8.001660741526026577e-01,1.929833797221957914e+00,4.519270701974353877e-02,5.160232094286826277e-02,4.445058484634719503e-02
4.803593245250444177e+00,9.837813143947098382e-01,1.080435321589331421e+00,5.034197484591187433e-01,3.184294806783786319e-02,4.871382102605621711e-02
1.303125549619309709e+00,1.420027277132792864e+00,8.344763067852001281e-01,1.437512418431636352e+00,6.064771563137425492e-01,6.016732576910408525e-01
2.925315120991470064e+00,1.070891952720627094e+00,1.934126753173861957e+00,1.336499907406401233e+00,1.398519077585692605e-01,1.232466669105571344e-01
2.812253660152938206e+00,2.937807108050735305e+00,1.499457647699232510e+00,4.688088332022335436e-01,3.504127162378952165e-01,3.477758480082617232e-01
1.993079472296519494e+00,1.025992710031026434e+00,6.125175504186053388e-01,1.887019429376885160e+00,2.203672579852709035e-01,2.293415078538495744e-01
3.801141376329949306e+00,5.969557605592350491e-01,1.082549377671435664e+00,5.087817714368703115e-01,3.627418582978957778e-02,1.959501532808584356e-03
8.324784688440236557e-01,8.909325198080340069e-01,1.233244098143554179e+00,3.898204246409964213e-02,6.568591553583448261e-01,6.518884284433714704e-01
1.984529954374842475e+00,5.770284503778970731e-01,1.154472749273004473e+00,1.849144880476610853e+00,1.372402073803338229e-01,1.350534748913009009e-01
2.269122697243552089e+00,5.717821775268203677e-01,5.546638656381848165e-01,3.796249180214144037e-01,9.155559806451922522e-02,8.348064286600589967e-02
4.774398940694474014e+00,8.171469172768925926e-01,7.776051132084556006e-01,1.882402439438090935e+00,3.444330507529081570e-02,4.915042640287062281e-02
3.484658193823465755e+00,2.457041849871430372e+00,1.015068279560906950e+00,1.788218343783264608e+00,2.140374664374901093e-01,2.026664230471726114e-01
3.612602617392083992e+00,2.226607885338666382e+00,6.315693141709226577e-01,1.872027309583151444e+00,1.649689626942485998e-01,1.576786657225218991e-01
4.998997489294827901e+00,6.879433720390183415e-01,1.164856748409121012e+00,5.548530593044109782e-01,2.113560995417453070e-02,2.188846170142507569e-02
1.288537784142203879e+00,1.784284413120894808e+00,1.045030951452245560e+00,3.268443789548716172e-01,7.209248149853387799e-01,7.355017968716479615e-01
3.096927835540117968e+00,1.888093439811476371e+00,5.295082889652533709e-01,6.031367635523030568e-01,1.540849929214592740e-01,1.496617405685050639e-01
7.167761396594491963e-01,2.585865453662600011e+00,1.704610118597589929e+00,1.635688147251355140e+00,3.135847581585146315e+00,3.166179527003181615e+00
9.799840359613707363e-01,1.872456914540287398e+00,9.038289513577437706e-01,1.273125575654199260e-01,1.119761959828643683e+00,1.101607593828169085e+00
3.541413636674358933e+00,2.908587943907697149e+00,1.775938575894688176e+00,1.338071592373173635e+00,2.639277730856174342e-01,2.896580601322991666e-01
4.164720452849689281e+00,2.855170819148135308e+00,7.042092806914861391e-01,1.316223758884778050e-01,8.546403957298917553e-02,6.830760855077588900e-02
3.251828430064329201e+00,2.171203018274674879e+00,1.044932034931486342e+00,5.828953006137471693e-01,1.878350268611364560e-01,1.845736972216189820e-01
2.982957893897152601e+00,2.337724445773514237e+00,1.800762478967885327e+00,5.211340358404374928e-01,2.588806528558319497e-01,2.661615765631829555e-01
3.995027486220089408e+00,2.403878512501024467e+00,9.287904474980790415e-01,8.225887387630630432e-01,1.331728287374780162e-01,1.742696259626720923e-01
4.789939621528272795e+00,2.964894805062495031e+00,1.026966954334381565e+00,1.812614924359234436e+00,1.346482145739580916e-01,1.525647375070199874e-01
4.642506431610480711e+00,1.949161030940167461e+00,1.064179920568358861e+00,6.841050410465627785e-01,7.432393805431740386e-02,6.620668106317853518e-02
4.082129632780723050e+00,9.161744275024198414e-01,5.630466102844120524e-01,1.522118674945349470e+00,4.714482948486271863e-02,7.312721179669715021e-02
2.274165941586479445e+00,1.533244630454188462e+00,5.484354787651953833e-01,1.857154379185584459e+00,2.623565526642416823e-01,2.580824545663675251e-01
3.878403238414198206e+00,1.962308543069600564e+00,1.767462988364078003e+00,2.595127188565085063e-01,1.232478969812462050e-01,1.074189798552532549e-01
1.322395099129923812e+00,1.239701642948169757e+00,1.999141672037842765e+00,1.385280152516482177e+00,5.884631145147818376e-01,5.974368083505154914e-01
4.539433655152750546e+00,1.048896611371333165e+00,9.093189217200325913e-01,1.776323063981047445e+00,5.138475813118906221e-02,5.327417509185500277e-02
1.542724659965896583e+00,2.321519825327122533e+00,1.910662592873006993e+00,4.063543787314056743e-01,7.676490625211969121e-01,7.867223898664615911e-01
4.905846613690884261e+00,2.822255663897573985e+00,1.163539182070104427e+00,1.347602630215363195e-01,7.211852132214842392e-02,6.112375403920215777e-02
1.648079623819718176e+00,2.048903142960596391e+00,1.665223450690847873e+00,1.935403096374465282e+00,7.288547995482249631e-01,7.364848695014434288e-01
1.467599728417039007e+00,1.464215984918261659e+00,9.267821724703575459e-01,1.883710089896635242e+00,5.523936092697261380e-01,5.650845959264214624e-01
1.814371721784179936e+00,2.933112401322041318e+00,1.329033145766238100e+00,1.333827906047555079e+00,8.044851782454177647e-01,8.100460894364314157e-01
2.528681096666628214e+00,2.269542283368540581e+00,1.070235599499618218e+00,1.130703811697257422e+00,3.334058125529302807e-01,3.328261419111031016e-01
1.160963088658877540e+00,2.942857942171928087e+00,6.659174541776299305e-01,1.607728211601313628e+00,1.594589485452346800e+00,1.580637117970526750e+00
1.465871321750088718e+00,2.852191009858523696e+00,1.098082469363074409e+00,6.004591310083198241e-01,9.854205033487519749e-01,1.003495539175859763e+00
4.444335528243588129e+00,1.654531707632020288e+00,1.556926353562670284e+00,3.533799561976758152e-01,7.435568320676974596e-02,7.710017321301841642e-02
4.670335115446766494e+00,1.970540404470327411e+00,9.005272270166291282e-01,1.709904831617302667e+00,8.922829873216081564e-02,9.915437818233795164e-02
9.458234365397064636e-01,1.495667713295944612e+00,1.420358125435891239e+00,5.741163533820625720e-01,1.010639602027587181e+00,1.003624037210375297e+00
2.318485886844893873e+00,1.787781799123546733e+00,1.643095029120606121e+00,5.142288316752412491e-01,3.024442980294363981e-01,3.027045318442794231e-01
2.215262761000707847e+00,2.045049616807871118e+00,9.991315409551630999e-01,1.959051242507166890e+00,4.058721100974580498e-01,3.851275502633637049e-01
4.175787756576236021e+00,1.241532890279362533e+00,1.620503701013718878e+00,1.182247061268952848e-01,6.122413343123007945e-02,6.293463933394612131e-02
3.369986956390286004e+00,1.567449431519995384e+00,5.194216380467586713e-01,6.275567957739740521e-01,1.018303025195113620e-01,1.171345089925975858e-01
2.158600043070878272e+00,2.573048200050721324e+00,1.738217374263235859e+00,9.431140001986455523e-01,5.256392682732458077e-01,5.274991339948424951e-01
3.985739806260526485e+00,2.319094080676292968e+00,5.369195249797493741e-01,7.225612311621407713e-01,9.637231921527411593e-02,1.135601754256390095e-01
3.104724746400935320e+00,8.900442935400944000e-01,6.039456759160376498e-01,4.999112030511474458e-01,7.343336533219649298e-02,7.969157497464993134e-02
1.204933261982431558e+00,8.035165465288164333e-01,1.197574916104757303e+00,3.050269958426339301e-01,3.548347729045381316e-01,3.821119055049244650e-01
4.004615149055818613e+00,2.576739145718317747e+00,1.056550240547406316e+00,1.704447251314589629e+00,1.703506463572801999e-01,1.665496537142241440e-01
2.435060079114984344e+00,1.372579546582728849e+00,1.854957117595270599e+00,1.404292280564737094e+00,2.461913481860006359e-01,2.134187436549424555e-01
4.457362401084644432e+00,2.822117093496870233e+00,1.460945769920748649e+00,5.764938014967426749e-01,1.314152245913905726e-01,1.400649891731019780e-01
3.393097713368129931e+00,1.285915580359672683e+00,1.399577047087195769e+00,1.263017221430239978e+00,1.179448599138887555e-01,1.146410701563375101e-01
9.255013141674077737e-01,7.729518325615751806e-01,7.746031707727130122e-01,5.023416013711146100e-01,4.927405469504061997e-01,4.732546793047530120e-01
3.832043343398634505e+00,2.744309857292542620e+00,9.488999068288327399e-01,1.245317841936459669e+00,1.817104768091085398e-01,1.947357839675638580e-01
2.989787613706945457e+00,1.538292844732100040e+00,1.615495599416730155e+00,3.011502402090540098e-01,1.620639162067532002e-01,1.673504989918459529e-01
2.799581399074074106e+00,2.053737329067569117e+00,7.384190456136106029e-01,9.759694160238914229e-01,2.370398160062648363e-01,2.459465880449572261e-01
2.214740262843927887e+00,1.301225434418833204e+00,1.539367607923973980e+00,1.186351699453044084e+00,2.548473959400378575e-01,2.481998769243040359e-01
3.381873174859232112e+00,2.055904562247114598e+00,1.145042178236473474e+00,1.008415095324478150e+00,1.768228967136301621e-01,1.807638399985852518e-01
5.037909834813156795e-01,2.317735468117479325e+00,7.763350536519637579e-01,1.751480747599712284e+00,4.969001650386148938e+00,4.974088431269257704e+00
2.618401099890004247e+00,2.944275097069305236e+00,1.879657554476668713e+00,1.830439177013984953e-01,3.974237698758222859e-01,4.329168720066562948e-01
4.690432250313127938e+00,6.339813711888480086e-01,7.725252304819669735e-01,9.877664598024673559e-01,2.225086476005562822e-02,8.571669470881932915e-03
1.183362258644284237e+00,2.861137539238452376e+00,7.570033432241123350e-01,4.793989781278962248e-02,1.329030540240838665e+00,1.328820656249690702e+00
8.576642906749618600e-01,1.891086292099617205e+00,1.838525699766571542e+00,7.524826717522858921e-02,1.434945461228239738e+00,1.442222657473632763e+00
2.170497653691128459e+00,8.725047147978119977e-01,1.633723463426278499e+00,9.157539180487128672e-01,1.720329323380895836e-01,1.375371938161815966e-01
2.693650121333034164e+00,2.916570287472745271e+00,1.718641604420842572e+00,5.464844657156631147e-01,3.865246071318995114e-01,3.544652397833356616e-01
2.007324005958385893e+00,2.453880667136843385e+00,6.919041617857957238e-01,1.264861048580789848e-02,4.945839304928491553e-01,5.379002979094054115e-01
2.522916941915749778e+00,1.000402868071090134e+00,7.307862663666582215e-01,1.553770009936773500e+00,1.445023203394389666e-01,1.091599412662055957e-01
3.438407011082479148e+00,2.244194832814167206e+00,8.528851628578258959e-01,1.900552387159752055e+00,1.957156324394454250e-01,2.072142153325506053e-01
4.005337129056099954e+00,2.689385218284624290e+00,1.505369435416769264e+00,1.892257614032025304e+00,2.004311310078403519e-01,1.834666228865489135e-01
4.476391370468389974e-01,1.485285995870050835e+00,1.346125669203491082e+00,1.243388412459201620e+00,3.163057595591445281e+00,3.147794393536422763e+00
2.032218627600510530e+00,6.313113065050666162e-01,1.287163753629992247e+00,9.241356609722535254e-01,1.331719739488459175e-01,9.352147586339906726e-02
3.172308396847753897e+00,5.859717917787605757e-01,9.162244254846320102e-01,1.160201244925648467e+00,5.571414934444904321e-02,3.769937789794208793e-02
3.003951702407691715e-01,5.793795692179422030e-01,9.525085080466155762e-01,1.480517967327763529e-01,1.725038590167496499e+00,1.740726162477570060e+00
4.756141211866226293e+00,2.925372109508085572e+00,8.084484789461005017e-01,2.880248634107016592e-01,6.878256673184367231e-02,4.100770991351342099e-02
3.275940687978820431e+00,1.793554477547116610e+00,1.932566284321601380e+00,1.508570602465053812e+00,1.968059147499725825e-01,2.087144523568082444e-01
2.528017636933518997e+00,5.689051400306548434e-01,9.789196230994056114e-01,1.449594424802466142e+00,8.431643374726657814e-02,9.058238873423826720e-02
2.351908649116114969e+00,6.070984469455706911e-01,1.182673823825622250e+00,2.431055952244494112e-01,9.485882556230770812e-02,1.352248715493555575e-01
9.068368733112022184e-01,2.076307171255493245e+00,5.132232072375605414e-01,1.720448566121140166e+00,1.622752254132478811e+00,1.613261582467324429e+00
5.180240148095511810e-01,2.437695743654461733e+00,1.380053336448983758e+00,1.612716513162878895e+00,4.722985592887241957e+00,4.748253873671298031e+00
3.468640195434248952e+00,2.696832417187789765e+00,5.703136864901338088e-01,1.254726744524333526e+00,1.964402002956133209e-01,2.142175793804421136e-01
4.635133469547315421e+00,8.114835718648650831e-01,1.751629618241269171e+00,1.494763572713564859e+00,4.411486935129665249e-02,3.838150100493094297e-02
4.003368809014351548e+00,1.722413433319715192e+00,1.306140279279851990e+00,1.318326068142195773e+00,1.135348647750581974e-01,8.027574499633488569e-02
3.029808076234449254e-01,1.175322407812171122e+00,7.601141920951630659e-01,3.338106549941617374e-01,4.096882806427465162e+00,4.127071614019195422e+00
3.870487133316212192e-01,2.766180870243643231e+00,6.239492097992291875e-01,7.556040516407369623e-01,9.318573129096838770e+00,9.291285350979967106e+00
2.660760790836102174e+00,2.737307428933562381e+00,1.479865217918450160e+00,1.145130945841221104e+00,3.898950845146451072e-01,3.804267654621891759e-01
2.951667802951462249e+00,9.062514845324960433e-01,1.449638234378032964e+00,7.588550152880897404e-01,1.014781483915271898e-01,1.191416791915309303e-01
3.110462738570433761e+00,2.986480579415792036e+00,5.455479804143722466e-01,1.409388187719905927e+00,2.791336210351190728e-01,3.014527324109848028e-01
4.404919162131092136e+00,1.819589804965628943e+00,9.834724020191834004e-01,3.370251079362696078e-01,6.678062750022142890e-02,4.987169357706165013e-02
4.509755783012936448e+00,2.727985804080916843e+00,1.099108848302210006e+00,8.255510045227349991e-01,1.189968550975568362e-01,1.183568213795923446e-01
4.948613268285515510e+00,8.460773977726536721e-01,1.002445630103126595e+00,1.039573894974252788e+00,2.960920219137483725e-02,2.443763334998785841e-02
1.801454151121369529e+00,1.179696455170628600e+00,9.840821769643266492e-01,1.688352037265657302e+00,3.155304840695917767e-01,3.391616555812390077e-01
2.449010597146316748e+00,8.281083169058771620e-01,5.147662214898602873e-01,6.456774650615870748e-02,1.038684606509895220e-01,1.539611281346078830e-01
4.969420702104165422e+00,1.495375499728349267e+00,1.488733004369126700e+00,2.873470538143574338e-02,4.078599303510993535e-02,4.188256524711289619e-03
3.561741416777849167e+00,2.052063847493961646e+00,1.743207818608411008e+00,4.117585488494481805e-01,1.584094642552800192e-01,1.767379224549653904e-01
4.756875921088392078e-01,1.341791328980495690e+00,5.677932022916911681e-01,1.272693218997691167e+00,2.681410559458843323e+00,2.624247051920708618e+00
4.565847645144198275e+00,1.167536696289435127e+00,1.583713713599868456e+00,7.961545692379685679e-01,5.563673368355909199e-02,5.591806112685204083e-02
3.160029136110142911e+00,2.466685648838906175e+00,1.237963417087388329e+00,1.465932567450856983e+00,2.590258875686023421e-01,2.368501970896185749e-01
1.129818808484121195e+00,2.412176928376898566e+00,1.583914930384536568e+00,3.754868054732560800e-01,1.257712535199517090e+00,1.297548911001718208e+00
1.869099462677689338e+00,2.173653341891927937e+00,1.846174266306104927e+00,1.133374188912329661e+00,5.834883804362047677e-01,5.868157510022259382e-01
2.972764602121339639e+00,2.112946878256142469e+00,1.741138381499851118e+00,1.432100621150628417e+00,2.661157312295467370e-01,2.513802962704309585e-01
3.333278931752877483e+00,2.932007096310575989e+00,1.626622063072663771e+00,6.910789714258447347e-02,2.407291501657358723e-01,2.307428930715594573e-01
2.171496681830600295e+00,2.892654343149475338e+00,1.159069856413067923e+00,6.685855771482076548e-01,5.349043177031620466e-01,5.233984026623175190e-01
3.772923660541739110e+00,2.166364107910091263e+00,1.049035732686137923e+00,1.023954561564615062e-01,1.157517004584703441e-01,1.195179326297240996e-01
2.757567323479509280e+00,1.372602355547563047e+00,1.570338315198580803e+00,1.864398338879683648e+00,2.036746817622037131e-01,2.005117123546095725e-01
4.878837469708223296e+00,1.649674623807376062e+00,1.634981347549554265e+00,1.519867024193133354e-02,5.032299055154150491e-02,6.344070203117194162e-02
4.296781102637059035e+00,2.182597983557431398e+00,8.688988840351812293e-01,1.703948268516051190e+00,1.180056494005730094e-01,1.488108710390668166e-01
9.204634078166522571e-01,2.538770650562652165e+00,1.099974564738404270e+00,1.595930994897327704e-01,1.716555682706455865e+00,1.730583923644605449e+00
6.948209187782268259e-01,1.446123852469506144e+00,1.619751415826108598e+00,5.386441749637254084e-01,1.544408119409351521e+00,1.519888058455269642e+00
4.296942046556792683e+00,2.270197984726004758e+00,1.324898536772090907e+00,1.155664444866362217e-01,9.477007863312145175e-02,6.229394250340174882e-02
3.117107227797095703e+00,2.299301673828589188e+00,1.525084986354358740e+00,1.082641544426151681e+00,2.458173529342858599e-01,2.307089624211718093e-01
4.885873119010053500e+00,1.829383804163880578e+00,5.721114933755901966e-01,1.227319788920569366e+00,5.172612053733161713e-02,7.279042582352628077e-02
2.292006941420571486e+00,2.030210178702116508e+00,6.287437706849312580e-01,6.631131244695165350e-01,3.281927162799654352e-01,3.214917532066584593e-01
1.060632191967999294e+00,2.871696867231268158e+00,1.826527121350123739e+00,8.605826002785785800e-01,1.819911433445751348e+00,1.806559977064219558e+00
3.775440626013132350e-01,1.107085260134845539e+00,1.025420408418012741e+00,6.827159849405632919e-01,2.764854654402422174e+00,2.767620305558539773e+00
3.889206664209479136e+00,2.658109000814879774e+00,6.117271195948739138e-01,1.210341588610673869e+00,1.489405843733750678e-01,1.206300653815467749e-01
6.008860609612487469e-01,2.430977600973728947e+00,6.080287047193426719e-01,8.094955796865477282e-03,3.164311392815823076e+00,3.141524838382437235e+00
3.290735132878308100e+00,8.304377569900294187e-01,1.331698001673303322e+00,1.506132123923649146e+00,8.223854752162981785e-02,9.244505602581927495e-02
2.905009120819422197e+00,1.135269886490426039e+00,7.453794658679535612e-01,1.558586361632843253e-01,1.074712300496626638e-01,1.014081601914982173e-01
3.749927937929259159e+00,1.112908737895743405e+00,8.136740386082970122e-01,8.298572778881931900e-01,6.890984504755151563e-02,5.984512020574116187e-02
4.730678062409638507e+00,1.794753459465467271e+00,1.301666621236209576e+00,5.959707670148679526e-01,6.914593092206750002e-02,7.549863142839757790e-02
1.335303153843999446e+00,1.366218915320762672e+00,6.509086091616591574e-01,1.993318731741939187e+00,5.725229518239300930e-01,5.608255277603139133e-01
2.516499644940559666e+00,1.875356948563880799e+00,7.628318422797857323e-01,9.061616398905025793e-01,2.629031924933945552e-01,2.491773715621410645e-01
3.807497929901407119e+00,1.888853978374784859e+00,1.545814547240980996e+00,1.186758607541319677e+00,1.406033519217234629e-01,1.314071486710499670e-01
1.171319209240552661e+00,2.976866069260832859e+00,5.250212882056639607e-01,1.588032741052280539e+00,1.557445556266685793e+00,1.569497968048917835e+00
6.416557927655561766e-01,1.751572592078135093e+00,1.387577538669323651e+00,2.908799343088586120e-01,2.046308604678128695e+00,2.047505003392552592e+00
8.625103357129844106e-01,2.767578528724436993e+00,1.769821465515371672e+00,1.595949398545742248e+00,2.580991159494646414e+00,2.557099207801120322e+00
4.672102331734955705e+00,2.876580069906099268e+00,5.304198452240813655e-01,7.618581969918092334e-02,3.348006522754692904e-02,2.741892693696276750e-02
3.989240974472963330e+00,2.645320130590957497e+00,1.000791619476972150e+00,2.380403309509127041e-02,1.117487730461489415e-01,1.247132515751750714e-01
1.161972083594438487e+00,2.514098561275178056e+00,8.701968854732275993e-01,8.646239885109074930e-01,1.257898472329101791e+00,1.295313511192239364e+00
2.762707032127462159e-01,2.458826312619261323e+00,1.097656635334763653e+00,1.273700475996777381e-01,1.153274399600172195e+01,1.150989691615928301e+01
3.261531256030271830e+00,1.477536702818222469e+00,5.806695241770628568e-01,1.922865849219321355e+00,1.329496077289581968e-01,1.397203136099286480e-01
1.745153024435688316e+00,2.396441181625552197e+00,6.814155061207431974e-01,7.735984061969609638e-01,6.156144792653990283e-01,6.104395137290918871e-01
1.294182145916220605e+00,2.584417809754673279e+00,1.620383241613353897e+00,1.147582151589822796e+00,1.223294234373312639e+00,1.239804623109557635e+00
1.157867059010278199e+00,1.619141411932814023e+00,9.035070021290072528e-01,2.803281120292380191e-01,7.589832872518722517e-01,7.679743867981936312e-01
2.466681745185966168e+00,2.258663556474012069e+00,1.918206385207007258e+00,9.346232895970636445e-01,3.744761797581019347e-01,4.039197179129182524e-01
1.842806979153822411e+00,1.086491697019124292e+00,1.641391088503784346e+00,1.527957724763482350e-01,2.567387905679263671e-01,2.671278086134185603e-01
4.713043001069457283e+00,8.500041826594285643e-01,9.975696475992240631e-01,1.199949653839606167e+00,3.516395547872284977e-02,2.426168923414470310e-02
2.916259891495695200e+00,2.902144240702432487e+00,9.433395470419186912e-01,2.976871906039668669e-01,2.966748396711899050e-01,2.859029761076041232e-01
4.520605494549824854e+00,1.895550146416306925e+00,1.713632893038929295e+00,3.092264022274806567e-01,8.343603458010281915e-02,9.154703677444540888e-02
4.638265593269914611e+00,2.557985395411337848e+00,6.222837767346411919e-01,1.992682610960172518e-01,4.590951473379994985e-02,5.380837852229175544e-02
4.520635952263280188e+00,2.879230954837986189e+00,1.156539051577507582e+00,9.796183825681543667e-01,1.322019006446912559e-01,1.801606459963993045e-01
2.592058354537919662e+00,2.230464261748802635e+00,1.462106654414678131e+00,4.133676770016991853e-01,3.045606115107065692e-01,3.380872659040184969e-01
2.999789910521149849e+00,2.419395838109312802e+00,1.748839674372693054e+00,1.115398632751973595e+00,2.868042652788217461e-01,2.633326982313206610e-01
2.764442728273753591e+00,1.128026988931580821e+00,1.841441290351655713e+00,9.589514075683269745e-01,1.521666020406200470e-01,1.591710979560911343e-01
2.972647075391779969e-01,2.319938931978349661e+00,1.125517628479021148e+00,1.227625534136892682e+00,1.044201280923664221e+01,1.041539303200926980e+01
4.742768276912270764e+00,2.699260101759901609e+00,1.854529477992420183e+00,1.809868527190021448e+00,1.508269726788524223e-01,1.177134347644658574e-01
9.252336948934423155e-01,1.089358639470205503e+00,1.698354891433147218e+00,1.193477642035658537e-01,7.217795418306587329e-01,7.366504618595128839e-01
2.856588370811904642e+00,8.069017949498873410e-01,1.896022363948407730e+00,1.413326263888566636e+00,1.104685359957944257e-01,1.215034866566975652e-01
3.476709712586422363e+00,2.441285408770534904e+00,1.483219597235505116e+00,1.576990383381541738e+00,2.269083081478111552e-01,2.061369522610709548e-01
3.974269343178011837e+00,5.508585690815130942e-01,1.341375552595596599e+00,1.883017507241453448e-01,2.939549003687507919e-02,6.226922479884572370e-02
2.802671262132057528e+00,8.282229100440864356e-01,5.436203416518923248e-01,2.103316683363580797e-01,7.831469584822249586e-02,5.876329725821662076e-02
3.267732219344670952e+00,1.376251554145338618e+00,1.170143979917967370e+00,7.661465227477304296e-02,1.095088993825632517e-01,8.615433175962985968e-02
4.170124925596478960e+00,1.003882905469081877e+00,1.590339067749031221e+00,1.740097549350076989e+00,6.841165901291856866e-02,8.146402344131914441e-02
3.288936112926153843e+00,2.878626641030545663e+00,1.633453790506619097e+00,1.632281135131762095e+00,3.067400310824753840e-01,3.111588019967864160e-01
3.400840714584784319e+00,1.835634263062728033e+00,1.637860175731103318e+00,1.052000164203685806e-01,1.456131147309768781e-01,1.424029547116002214e-01
4.299449869042129890e+00,1.201062821409837778e+00,1.729452266094586577e+00,7.290059037782758988e-01,6.618213520640051084e-02,6.484081854838123771e-02
5.523760011945568760e-01,5.547645193192844992e-01,1.313924393169257465e+00,3.179023814448185270e-01,7.392066149219916893e-01,7.436826307471622322e-01
2.688901043883958675e+00,1.878579502443954885e+00,1.845489825387252925e+00,6.818184187164681997e-01,2.565241638514640377e-01,2.537325641364873152e-01
3.274497140539610607e-01,1.849239112760959980e+00,1.566901838525799784e+00,6.289927228815284099e-01,6.051102873968007501e+00,6.047652776602387092e+00
9.266536224470214300e-01,1.381336557155949496e+00,1.681076142100189852e+00,1.554222310789497019e-01,9.239715305847199245e-01,8.860523968113909188e-01
3.368307882414068866e-01,1.790698067316516262e+00,1.569803202914632045e+00,6.989691664702613050e-01,5.615932565562066436e+00,5.589093338241872821e+00
4.357959183285861293e+00,1.795554209423541714e+00,1.156109373061214640e+00,1.487942179556402955e+00,9.854620458424449836e-02,1.107651959906997274e-01
1.782743446413147304e+00,1.002389092942138182e+00,1.633110314452322909e+00,7.957192807408892676e-01,2.676784755435125396e-01,2.535924577345786690e-01
2.701429795262366707e+00,2.721767401379103557e+00,1.270238564529155179e+00,2.454865848987213273e-01,3.348463151536213989e-01,3.457501803358554726e-01
3.978838102347634464e+00,1.605632650568148190e+00,1.583107998865289634e+00,1.810665798619809808e+00,1.212197813188475720e-01,1.459290593037607664e-01
3.506704758798968147e+00,1.437654245540707088e+00,1.842549016916260163e+00,1.875138457593562569e+00,1.452271553268639215e-01,1.381281387978953445e-01
4.646309890378917729e+00,9.164166148357340003e-01,1.350448666664577191e+00,8.414728857604949486e-01,4.019599360767232843e-02,4.585538923453403443e-02
2.551057705870359182e+00,1.092464121219692386e+00,1.109192216188884306e+00,3.636128782540333226e-01,1.484965070293309541e-01,1.900260359649047215e-01
3.571701512165091685e+00,2.112608469887521156e+00,1.326230201383605589e+00,1.250004101399393441e+00,1.736574840480002435e-01,1.875561968942711655e-01
4.365222410676819820e+00,1.239004980447225401e+00,7.804799614045228040e-01,3.905100674806230021e-01,4.134335703833637299e-02,7.818083365336313262e-02
7.145457105850316903e-01,1.003998534777733154e+00,1.349002993061225730e+00,1.649997765633237856e+00,1.104462057225693128e+00,1.135130198303974769e+00
2.455304762598664592e+00,1.785900427073022323e+00,1.192279796642995882e+00,9.010801428922161627e-01,2.734435274542158512e-01,2.885107344446385391e-01
6.223724403416002193e-01,2.364560638466254971e+00,9.103002113301504883e-01,1.397425383542643340e+00,3.441160901231599567e+00,3.438923026003124495e+00
2.873428938244419140e+00,1.121888249907112334e+00,5.730460135868926663e-01,1.372630312931476970e+00,1.229981562664105854e-01,1.061582856016995702e-01
1.704096062881506057e+00,1.344320956147369461e+00,7.637336977156038431e-01,3.029915634217767995e-01,3.545192274050184000e-01,3.322852676145710560e-01
4.234391711129514846e+00,5.004381471023482408e-01,5.202329409641512914e-01,1.677182185844173556e+00,2.350348283685480336e-02,3.323006153048019273e-02
2.448228173613641090e+00,1.705091952496174290e+00,1.235497332595837383e+00,7.159128119527202738e-01,2.589637191648126446e-01,2.683273866983085232e-01
9.818974433011522507e-01,2.712554891297029869e+00,1.510755663770414259e+00,2.433188079865713505e-01,1.726072065901954167e+00,1.722579621741300082e+00
4.392219848705766871e+00,2.766997014630138363e+00,1.137666193605177956e+00,8.381995984356596097e-01,1.309518460795938699e-01,1.479211737013258476e-01
2.244154384105067734e+00,2.489465813232976554e+00,9.926261681772756695e-01,7.531387379785987601e-01,4.315072447275700718e-01,4.194165024407071063e-01
2.946139624997398121e-01,1.015443120566573487e+00,1.053245959092106609e+00,9.125790948844025863e-03,3.329435622158078978e+00,3.351640003520302891e+00
1.489706521217646129e+00,1.334764246664785325e+00,1.717395194818187587e+00,1.491948339709732174e-01,4.403280606005408049e-01,4.411282018962632279e-01
2.038877224688007139e+00,7.060131835047493976e-01,1.345331386796266626e+00,1.938072928523535854e+00,1.680497975840994085e-01,1.673232660684881024e-01
3.259727395271470596e-01,1.876463156551528844e+00,1.401295052608093394e+00,5.853918698179774172e-01,6.265441606959550214e+00,6.265436141019961269e+00
8.725353689193544593e-01,2.164500970114325185e+00,7.236676225825515729e-01,8.944806301495498158e-01,1.676372991380829625e+00,1.674401165845139206e+00
1.623242570179409094e+00,1.067233679148963610e+00,7.008995830689219719e-01,4.536157243448053489e-01,3.025735841509219481e-01,3.523388699174963556e-01
1.820399816760375433e+00,2.781673479297584350e+00,1.435041669801398578e+00,9.399185482873342323e-01,7.289653933117951068e-01,6.967349967288430923e-01
2.300381429223913088e+00,1.900522918317785859e+00,6.048504718500260502e-01,1.329791102164390448e-01,2.912590327584883565e-01,2.948034836341243414e-01
1.628565509153023783e+00,1.137329457144987455e+00,1.907564695583679582e+00,7.250011757361958242e-01,3.569411842366988497e-01,3.818233080234800236e-01
1.739207558093138317e+00,1.297473279547811664e+00,8.361871731257513041e-01,6.077705229743548543e-01,3.318716571940664717e-01,3.462219182455169020e-01
2.417978119158346040e+00,2.186574000697175002e+00,7.270651493789359598e-01,1.940185627381030287e+00,3.529097411123606198e-01,3.468681016782151905e-01
1.889277182289380352e+00,1.444489659271560811e+00,5.720247356225249824e-01,1.856745143245246865e+00,3.374186233373491772e-01,3.722210438216859152e-01
3.798972549279877153e+00,9.218003379939259112e-01,1.932938681968004557e+00,1.961632387271661226e-01,6.103433437220545654e-02,3.966447721689182748e-02
3.949139911595830554e+00,1.678540543733883839e+00,1.376389688307962267e+00,7.734424443945608907e-01,1.055569105938631569e-01,7.943098799949852018e-02
2.847966264658724489e-01,1.028483280546871548e+00,1.801276473702387859e+00,1.443771457496103139e+00,3.768918555662716052e+00,3.780279966921364476e+00
9.780426171815390646e-01,2.206843380883369843e+00,5.246170046670544096e-01,1.446091803369551343e+00,1.486545717914276921e+00,1.457456321889616380e+00
6.887318906857980982e-01,1.561664577524525699e+00,1.654055933887690566e+00,9.992655130041860900e-01,1.791166890345509133e+00,1.743607895286176879e+00
1.893769763161157860e+00,1.160217911469451302e+00,1.416544871366211211e+00,5.435034744312750021e-02,2.590874708834948192e-01,2.767452036380548264e-01
1.910050656165712901e+00,8.832050056168662122e-01,1.345424362722483780e+00,7.847461300402007733e-01,2.045623383194927758e-01,2.197893445719014960e-01
3.796606858140812335e+00,7.982711088579561576e-01,5.972786894618211662e-01,6.587489671316006934e-01,3.993441664237312033e-02,5.458015390124212884e-02
3.701696603236769523e+00,8.408818560799642405e-01,1.923278282407247630e+00,7.596786038339269354e-01,6.497838652233889345e-02,5.522896362865634123e-02
4.435590716294683489e+00,1.426377926420498987e+00,6.107863700199482881e-01,1.109721679066799416e+00,5.418119652398841607e-02,5.784011907777527467e-02
3.478390497483053068e+00,1.469260694217060292e+00,6.504353960006269419e-01,1.887596808397273840e-02,7.193707471827577582e-02,5.263054315342678702e-02
3.058563873444297698e+00,2.448835536822756342e+00,1.435581742038722242e+00,1.535290547960228569e-01,2.380894119352876537e-01,2.727764360675407618e-01
4.972799367152430428e+00,1.344123219313002604e+00,1.805427832564448609e+00,1.667611284060526167e+00,6.568261411304376907e-02,8.150309914313273729e-02
3.281440232329769557e+00,5.668803575766541147e-01,1.170688545655457213e+00,1.675939325921131706e+00,5.597913112866315100e-02,7.082425257606751734e-02
2.069464439391921040e+00,1.219064208859126808e+00,7.913546465280705267e-01,1.852517240382596686e+00,2.549124659272150040e-01,2.159127711090823021e-01
1.662882296263711090e+00,6.697371339389874834e-01,7.357861462447008449e-01,1.165414585472051012e+00,1.856149459910987065e-01,2.017609868708963861e-01
3.716064122772635980e-01,1.334895360819402743e+00,1.649970303598409682e+00,8.427762222333408104e-01,3.484501152292698301e+00,3.514380592732325503e+00
4.731864234089286469e+00,1.750107200598688850e+00,6.906489044903090235e-01,1.187411599691190700e+00,6.044575121723223116e-02,8.477099293017968662e-02
3.812670096250087681e+00,1.191296200099942526e+00,1.157242466566201111e+00,4.832085248015989265e-01,7.290205504160497674e-02,8.868466175753497716e-02
2.009957475384867909e+00,7.343504689885900216e-01,1.205572907860968268e+00,3.944337944256592898e-02,1.483249462268259877e-01,1.483058028462326816e-01
4.400126762426108229e+00,1.981731807599119044e+00,6.731320351649137113e-01,1.188530374083756058e+00,8.302199468358840984e-02,7.618533773848755464e-02
3.862032945237722892e+00,2.526269300027697895e+00,8.233902199845877234e-01,1.042988867735955338e+00,1.531048104453450742e-01,1.651376441577227239e-01
2.432832159011318662e+00,2.517309523477208710e+00,1.282045394573804398e+00,1.398473310320417662e+00,4.202651498205143277e-01,4.279205369364615930e-01
4.787760055103558621e+00,1.476802005660222461e+00,1.056522029668055307e+00,1.956116221917058251e+00,6.927928464484617299e-02,7.400677525256320333e-02
4.483517720461159151e+00,1.631265504749280115e+00,9.494304815386673813e-01,4.097341091616715225e-01,5.759918368676007761e-02,5.141468875097976454e-02
2.341021868709504350e+00,2.582329379800467617e+00,1.220885092977577191e+00,8.851317617377023605e-01,4.310773282578518328e-01,4.647024588163604641e-01
2.249647690486299645e+00,1.937133025103578321e+00,1.808241520112824130e+00,6.544280615268733836e-01,3.560904969822122346e-01,3.327336311382925182e-01
9.281400801383068444e-01,1.242857218548859999e+00,8.224439099561577926e-01,1.523479026815886650e+00,8.963906150592794164e-01,8.959379659430377618e-01
6.915542154447411605e-01,2.650708359565675742e+00,1.448907346597575696e+00,1.234621557631165878e+00,3.272326423959336150e+00,3.260722806503550064e+00
1.914610811996534823e+00,2.930430668837196606e+00,9.545152493441843022e-01,1.174051352697235151e+00,6.849019751684417567e-01,7.055428361302589213e-01
1.230062346874026158e+00,2.532166720571864538e+00,5.449470485778451501e-01,8.158340698464334739e-01,1.127996913359826880e+00,1.156606543505712459e+00
5.293034017243758438e-01,2.112303127762223731e+00,1.213008884189065828e+00,6.004498083408555953e-01,3.516010523006453781e+00,3.540892299822659073e+00
3.730302763316323489e+00,2.772326980700029697e+00,1.580065926842976864e+00,6.387477719802849840e-01,1.983438498105236369e-01,2.134519934456935164e-01
4.813643008270751089e+00,2.731058259953793144e+00,1.967045924173627558e+00,6.247606706575072888e-01,1.186995030296976311e-01,9.064746350009747489e-02
3.499464229481809241e+00,1.502231983328860654e+00,1.969506985138473221e+00,1.112510030389810334e+00,1.376735041319048503e-01,1.792981582828314102e-01
4.555675894748215882e+00,2.728775157126659412e+00,1.284341148707024427e+00,1.284112879022582421e+00,1.353882089086574925e-01,1.457221307001504707e-01
4.377761318214421493e+00,2.241376626552317397e+00,1.249337364107331094e+00,5.106763280788615411e-01,1.010729844873746175e-01,9.890371958743830738e-02
3.301060972016115702e+00,1.291578569305007251e+00,1.920008778262364268e+00,1.107818107204262770e+00,1.309281553528812703e-01,1.313581672751757412e-01
2.708541975318546680e+00,2.465766521864568350e+00,5.744264570775482470e-01,8.987188640242127491e-01,2.923846459073631832e-01,2.855942632343311249e-01
1.917926683845538882e+00,1.193800305138972728e+00,9.274356101924503548e-01,1.215168990054162013e+00,2.732250416965285589e-01,2.817026531510047893e-01
2.575885642747015591e+00,6.656766951207198080e-01,8.816836222507686838e-01,4.732751616375716619e-01,8.777705243209285579e-02,9.398040859430493998e-02
1.742009367207193904e+00,8.652007965577173110e-01,6.012493695940779315e-01,4.973946777941122832e-01,2.206409457649915473e-01,2.134389448516574861e-01
1.025920051126432364e+00,6.196820733910644030e-01,1.015468599224285562e+00,1.884751117001706167e+00,3.953137264559663522e-01,3.439158977204568313e-01
2.577569624663814896e+00,6.664018044981843136e-01,8.465890281414591989e-01,1.776651696620441978e+00,9.619571663049959753e-02,9.549328992954014828e-02
3.373556039814399554e+00,9.737816894723454464e-01,1.236413607157332395e+00,1.153210179099135368e+00,8.677964872901453020e-02,9.631636785380455479e-02
3.009512576258834837e+00,7.863649025213960142e-01,1.458476602150349022e+00,4.975738632449373533e-01,8.250237536786175774e-02,9.302573226570827469e-02
3.741549406583942972e+00,1.635363967283185449e+00,1.751626704809494228e+00,1.676355524887031878e+00,1.400416723930807406e-01,1.369723723775669866e-01
1.812657264074851060e+00,8.807533065652402016e-01,1.936853774683148233e+00,4.954691027054898278e-01,2.262649254587331127e-01,2.353312208480012602e-01
2.004609946879792881e-01,2.415889337918655677e+00,1.671647046801580716e+00,1.758374932405859736e+00,1.847970302053816738e+01,1.850026939934690517e+01
1.220765713806046593e+00,2.106720238313901206e+00,1.652909785539956156e+00,1.547261597391720311e+00,1.135602471104436351e+00,1.126197465453159019e+00
1.590537798901479505e+00,1.141664313906626038e+00,1.028043295344762686e+00,1.883988758482914250e+00,3.830107759264939071e-01,4.123363568348664687e-01
2.854903361649876903e+00,2.827162129924909451e+00,1.556771905912054610e+00,6.106236889875267249e-01,3.353345861699197350e-01,2.962314201335012331e-01
2.069367273668446749e+00,7.313809812188292181e-01,8.630438413976126988e-01,1.044108051694787154e+00,1.445161899177754283e-01,1.192952192433940212e-01
3.356825025165221632e+00,1.111619602231182613e+00,1.973966540517857915e+00,2.478964635211606815e-01,9.614618082805999333e-02,7.804328182055163265e-02
1.274926009193918075e+00,1.421961684308332696e+00,1.605778268574973078e+00,4.193827398894245384e-02,5.833637878205003569e-01,5.344744536309895544e-01
2.446482966219691857e+00,2.745463990064844761e+00,1.198107315377054949e+00,1.707807461940159977e+00,4.659146414015615800e-01,4.459193889809058287e-01
2.107814937913922160e-01,1.901034417284383604e+00,5.608457168928440151e-01,1.162255689235089928e+00,1.780837185891085639e+01,1.783333929842358501e+01
3.494241909550796610e+00,2.224180111479052258e+00,1.071510895717484146e+00,1.075189221369995618e+00,1.786045901027350780e-01,2.034351714077867468e-01
4.353722072437635759e+00,2.166140513855800975e+00,1.656795562144584233e+00,1.598884131326893554e+00,1.342140842867194928e-01,1.361612535412435876e-01
4.321556580650876889e+00,2.705765060145664425e+00,1.836068275379286741e+00,1.095373487906199372e-01,1.278612767284820484e-01,1.622813160632415319e-01
4.398480315606246194e+00,1.197218139441937446e+00,6.958889878020991793e-01,5.278315865610005986e-02,2.624128511544620429e-02,3.103108951437009294e-02
1.141433551718892270e+00,2.456499197608487783e+00,8.860926075600679130e-01,7.543765362424499354e-01,1.248858191239692328e+00,1.238901952107367199e+00
4.910822185424201791e+00,6.131101373289022938e-01,8.332153754628481845e-01,5.145657798442868636e-01,1.553036775883721334e-02,2.036298314649353375e-02
2.846576266581996695e+00,1.060849144313179337e+00,1.690112951166942823e+00,1.909837526714210254e+00,1.524748577022002893e-01,1.497319254949222578e-01
1.090782994317837762e+00,1.528593755877500016e+00,1.190981190258073141e+00,5.960089707973714734e-01,8.199776487193226604e-01,8.346963179293226398e-01
6.370594997835983264e-01,1.337787615375532368e+00,1.769889824887900698e+00,5.207806617481280931e-01,1.614525468982708656e+00,1.584464456187640646e+00
5.406832503150352798e-01,6.998868329754466266e-01,1.618281902561140129e+00,5.503907548553068629e-01,1.012464537042029100e+00,1.032452835908653777e+00
3.257443212751146788e+00,2.830566480119042438e+00,1.365027107191928657e+00,6.119749355150687631e-01,2.570133302334114411e-01,2.478227956096410445e-01
3.217222138621774086e+00,2.301292620880649231e+00,1.371836547529833972e+00,9.019764575647977178e-01,2.221645476666895547e-01,2.392710079968947134e-01
3.976437513462091733e+00,1.557241229088014656e+00,1.105510728061491976e+00,1.608747265841276697e+00,1.041066620550215593e-01,7.328585801809384126e-02
3.361351414092830669e+00,1.247971162679589296e+00,1.779939344320317973e+00,1.398197180540245999e+00,1.255481273949151655e-01,1.171629542858693973e-01
2.693137310730875811e+00,7.198394990079290956e-01,1.393916852798958050e+00,9.930833758470567485e-01,9.672654617309647818e-02,9.828781058010079008e-02
9.815438998655179326e-01,2.570605626848200931e+00,1.402920030990770783e+00,1.139303035655178098e+00,1.830559172202839147e+00,1.848588224781862355e+00
3.725474465819587078e+00,1.157577059432454814e+00,7.217936128873125856e-01,8.126983354199504017e-01,6.970477292986693163e-02,4.535415154642977176e-02
2.194917400412455533e-01,2.864998886946288348e+00,1.437655345006592533e+00,9.163829163664034549e-01,2.078450891669176670e+01,2.081785780180994294e+01
3.369467036588334796e+00,1.193687177525518894e+00,1.944926380098746632e+00,1.492505612061179043e+00,1.241165367041114631e-01,1.337698062041817737e-01
9.934910750486332098e-01,2.964643091187004309e+00,5.825132657863173469e-01,7.402958100377412531e-01,1.880649675663884191e+00,1.870134167295822047e+00
9.623000023717376283e-01,2.573241719954766360e+00,1.282465260156615106e+00,1.800049488511846318e+00,2.017201746799266449e+00,2.041547787483028120e+00
4.549241515145683756e+00,2.269645979343812403e+00,8.822996694087066327e-01,1.773450846544783799e+00,1.096678863566127315e-01,1.117221068170653336e-01
4.650890233906713966e+00,2.959638884467970410e+00,1.588440576170576435e+00,1.215903507795298433e+00,1.477060360385706872e-01,1.708719756527952716e-01
3.657369989007038580e+00,1.701035941082310377e+00,1.256290402322056021e+00,1.871600056922372524e+00,1.432248795679350040e-01,1.896878357428704587e-01
1.297343719768573544e+00,1.375706011906563164e+00,9.676769828953172281e-01,5.146789591024731880e-01,5.509609412298123177e-01,5.663315087829838834e-01
2.453006587608855149e+00,7.355147041817579057e-01,1.539862741853819328e+00,1.110464516772934340e+00,1.197843374142966155e-01,1.092507481428959260e-01
1.861751653155186537e+00,2.659291118283689137e+00,1.422611544837825592e+00,1.276379225949313634e+00,7.001592693229163888e-01,6.916451206150934228e-01
7.645018308299471599e-01,8.104510288024429077e-01,8.705666183772140521e-01,1.207101342575884750e+00,7.379197036877813698e-01,7.495707906153507016e-01
1.336717489567997852e+00,6.938722955294341910e-01,1.715227590271791946e+00,1.843646831963039912e+00,3.277368811230770840e-01,3.334949894649522628e-01
4.782505864312641686e-01,1.952996684344826095e+00,1.411514829666642434e+00,8.625668239897834599e-01,3.827347805233549671e+00,3.810687205962489887e+00
4.867034907763262197e+00,6.740346781381207908e-01,1.037217555168894911e+00,1.359813740411503824e+00,2.710493510660744176e-02,1.374274479408785915e-02
1.334216879198506511e+00,8.749068394896609702e-01,1.404355979787645481e+00,1.415202204774382411e+00,3.837697994712350180e-01,3.970854400568789022e-01
2.058225455984239893e+00,1.255013231666277207e+00,1.427054760942934486e+00,1.776096548639141126e+00,2.942097230761878679e-01,3.411436904934138648e-01
1.383742584701620704e+00,1.173713575754501637e+00,9.391028525310121111e-01,1.362460339699175460e+00,4.571139656608591562e-01,4.045066180347003937e-01
3.326029260310467084e+00,7.553514937675138707e-01,1.498380269613087679e+00,1.724478691361834848e+00,7.762702820342670673e-02,9.210535095988114929e-02
2.900140755759419431e+00,1.735225589147360470e+00,7.674751583804008126e-01,8.582286079128231826e-01,1.859174175136198981e-01,1.816964738531864076e-01
3.875195816473303356e+00,1.402450295427025262e+00,6.281295289247048608e-01,2.803281365281622417e-01,5.552121498284178641e-02,7.110850925764551633e-02
2.548015159357117088e-01,1.564303777280032559e+00,1.543034199148994423e+00,1.973709986373340053e+00,7.536019811760865217e+00,7.553374239322170780e+00
1.182441685826796762e+00,2.127040839418522289e+00,1.286878694855987160e+00,1.837890980369684790e+00,1.200610429868598672e+00,1.201667191569369741e+00
3.073941096750222979e+00,1.115464306198722166e+00,1.735186336574697119e+00,3.610654088053977251e-01,1.135651469445859707e-01,9.324567600414207513e-02
2.967521264710505591e+00,2.633263488803887498e+00,8.986081477778747884e-01,2.966586296654667443e-01,2.567971680349583896e-01,2.288561301648985025e-01
4.157305070842012285e+00,7.474418490996538322e-01,1.399359959502586737e+00,9.035784260450205885e-01,4.324936159570905159e-02,5.765787823845756888e-03
5.866249499617188778e-01,1.457922133352554717e+00,1.605144110409437275e+00,5.749934953678266236e-01,1.990759653258314277e+00,2.015206565263012450e+00
1.981531966875633266e+00,2.227201956476509093e+00,1.144324196471745436e+00,9.598238102494576207e-01,4.895955475383084732e-01,4.854015002231685805e-01
2.138029469129600901e+00,2.053408602267598138e+00,1.885006576565756653e+00,5.855096769095307074e-01,4.100499552283149995e-01,3.992444558811438782e-01
2.662529224536842154e+00,2.273693148217099669e+00,1.043898452310051628e+00,6.855726781960447269e-01,2.923988539511523932e-01,2.868444657346245208e-01
1.886860252298973695e+00,2.866139481139466039e+00,1.740861056922903272e+00,1.251010076007832428e-01,6.598379023262328502e-01,6.330485479583014552e-01
3.726414998946747215e+00,1.513104908207838051e+00,1.973219394469056809e+00,1.949291308763413610e+00,1.409983561104815597e-01,1.470906477009027435e-01
7.007008133275025585e-01,1.591590424135491677e+00,1.397870775703426549e+00,1.639600902523588255e+00,1.872918049094306481e+00,1.899292079015182377e+00
4.910074341117035002e-01,2.883937127078785245e+00,1.184946806370630323e+00,1.509501649481795438e+00,6.361802725937651282e+00,6.384571938553070147e+00
1.704785435332970112e+00,1.085076656901119652e+00,8.826452062294598555e-01,1.107636129252228541e+00,2.948951824801648858e-01,2.635792010556105014e-01
6.289681201088963558e-01,7.418938565626521653e-01,1.222944871214908469e+00,1.336010683286759315e+00,9.226981790476427303e-01,9.499684167238218180e-01
2.083574291577023452e+00,2.251910319802957972e+00,1.309226229169156541e+00,8.736483607408103147e-01,4.600579256429968567e-01,4.447731877484701335e-01
2.976466094125584938e+00,2.600820008524715732e+00,1.237774611499651511e+00,9.500049236847012413e-01,2.868961201530607630e-01,2.486370748482054638e-01
6.041102412146340805e-01,1.139209434881122363e+00,1.934227201959894504e+00,1.680789709167492152e+00,1.620187914789552819e+00,1.595598470081340592e+00
2.407020268519825645e+00,6.461385580756185965e-01,6.447825795794582815e-01,1.914149751636980312e+00,1.018666641443332632e-01,8.253638191943218905e-02
2.865524664454171866e+00,2.190736775058772512e+00,1.282036338065124514e+00,1.249434655813735251e+00,2.692410666593449409e-01,2.691021098525441801e-01
2.909788573805613954e+00,2.704347454951480323e+00,1.123014996182989167e+00,1.618787946492358909e+00,3.298384621958208585e-01,3.091989527360959333e-01
3.449730146446798873e-01,2.671032285492735525e+00,7.507446897849479051e-01,3.924895569747168800e-01,9.951312522178216824e+00,9.921107612962618560e+00
3.911524599786162071e+00,8.029823172918416629e-01,1.629434428779660271e+00,1.423950519736736586e+00,5.947625061183474393e-02,5.418636990920869950e-02
3.665573177968318941e+00,1.419762074242687522e+00,7.489452217115035726e-01,4.727399291188814079e-01,8.170181093344974776e-02,1.201798897893212037e-01
1.625653656679035386e+00,1.828878904006675077e+00,5.130764953206161660e-01,1.986707077177331193e+00,5.491911278248834405e-01,5.351441101771113873e-01
2.462458066177493077e+00,6.893613745778832680e-01,1.055399541613769143e+00,3.014343520778091090e-01,9.897431229760818294e-02,1.082593826066030884e-01
3.748073021353961476e+00,1.252381000505631725e+00,1.670996076442264222e+00,8.103564621780587895e-01,9.229152885084548896e-02,9.389046547543480892e-02
4.203558707830767460e+00,1.401659054406127147e+00,6.466863947132690527e-01,1.441554202525224149e+00,6.933009486280761191e-02,1.224914491466990996e-01
1.389038806150133087e+00,1.103618550624605454e+00,1.989323202754396558e+00,1.139819297664099729e+00,4.710443983357801567e-01,4.330792351425905573e-01
3.899994062589635657e+00,1.705618444141897116e+00,1.238530282402337424e+00,1.536303073028585819e+00,1.207111331131972276e-01,1.426187660574967930e-01
2.236152173937187904e+00,1.835421259704391073e+00,1.942831264809393943e+00,1.715865005344885841e+00,4.021139463280301030e-01,3.764862464120278251e-01
4.775170342577783167e+00,2.063290036292098062e+00,1.157251029998012104e+00,1.947255948455894226e+00,1.000629722853110387e-01,8.821466720490832303e-02
4.416154376078790023e+00,2.573644363413319702e+00,1.347153749717519666e+00,1.472235306354965134e+00,1.430435470827174649e-01,1.411099140148492359e-01
1.918359310918750893e+00,1.268982783250599988e+00,5.778381006758797067e-01,1.887365623729833963e+00,2.892261280760086706e-01,3.529478521119694956e-01
1.927196068267860163e+00,1.894869610418458583e+00,1.348015888926469508e+00,1.237879535593299885e+00,4.605211178293686092e-01,4.452610116237020743e-01
2.532012134714728635e+00,8.734983665789726182e-01,1.060378642191988519e+00,1.472192896294824305e+00,1.313102872698505841e-01,9.353260500488383422e-02
4.811095024028959166e+00,1.958908895772271119e+00,1.330111794380603119e+00,8.100371419877447909e-01,7.781468417929636450e-02,1.037619561861208850e-01
8.911065977500887136e-01,8.172716967212896311e-01,1.206366904581129162e+00,1.386188748625336586e-01,5.500017646203416710e-01,5.332170424537395759e-01
2.834726079259487275e+00,2.248256525930837135e+00,6.675329181099970421e-01,1.231290820605601910e+00,2.556897736787741016e-01,2.508307666049602869e-01
3.309011621328111996e+00,1.014218136345080179e+00,8.503890742486801546e-01,1.295203367294317509e-02,6.805571380145680749e-02,6.757487734257167089e-02
3.656264357238040663e+00,1.604692451763917393e+00,1.164359036281477300e+00,1.915150986989040183e+00,1.333858287227652206e-01,1.353256044343830733e-01
5.221512835424706456e-01,2.765405898483210390e+00,9.176418470795100202e-01,1.230714796018950397e+00,5.474923072465841756e+00,5.471520299898704032e+00
3.076713524623527096e+00,9.875364300609206225e-01,1.581747122044661946e+00,1.998522550471385273e+00,1.230922626261161668e-01,1.284473913455972394e-01
2.362116965297023086e+00,8.147666195469747130e-01,1.024593310634192456e+00,1.534163066149999866e+00,1.378094665899280702e-01,1.455566586346429547e-01
1.829201084175427372e+00,2.331915972902300016e+00,8.844935750042591804e-01,5.305210755387101962e-01,5.546726161085561158e-01,5.717510724729149008e-01
4.858571577899479799e+00,1.976727526345711361e+00,9.670584967052824332e-01,1.110410610950385513e+00,7.300448083203744942e-02,6.445981811404420669e-02
7.089397847870979597e-01,2.692348725220709227e+00,1.972653006308490831e+00,5.470724689427788334e-01,2.998126952224040576e+00,2.983152349356942512e+00
3.601720555863546114e+00,8.790753459476423615e-01,6.800882913206798275e-01,1.253008583431978407e+00,6.143292577453165343e-02,4.016192020119057488e-02
1.180930219089296296e+00,2.903774455100504248e+00,1.087557850453613417e+00,1.714361662533963937e+00,1.628867933483353347e+00,1.640722111486737411e+00
4.750890989473370851e+00,2.079382646795131517e+00,1.776579514947548510e+00,1.081169005585950860e+00,9.981331505395987791e-02,9.888735215003757739e-02
2.601509883647060928e+00,2.856476829177861720e+00,5.328537247105923358e-01,5.841083877899786447e-01,3.512985956897519135e-01,3.623626871183085463e-01
2.376260438364095062e+00,9.696946113229055753e-01,8.248966372915862433e-01,9.305034825581135483e-01,1.509779265768941559e-01,1.617418514132115681e-01
1.392808064056988648e+00,2.654052978782047045e+00,1.835718362900228939e+00,1.121040200039269852e+00,1.140284367582492298e+00,1.174001906249584337e+00
2.762141083212047210e+00,2.093705584202607550e+00,1.213374276981711519e+00,1.389326534150103987e+00,2.762841276841866422e-01,2.804342295955273845e-01
4.348778988996768291e+00,1.924914516606771153e+00,1.573644033974090917e+00,1.826481960338937727e+00,1.220800287625486702e-01,1.371274550963499372e-01
5.459517498153306780e-01,2.753888671646495201e+00,1.877529045536300067e+00,6.398374654151242069e-01,4.564799673203241426e+00,4.540747876677345474e+00
3.359487208417674342e+00,2.730027689813478098e+00,1.773763313659390661e+00,1.137180333705945179e+00,2.649623979539429963e-01,2.433563644301439399e-01
9.034610574136898720e-01,2.833547408473648055e+00,1.648450771172850660e+00,5.792676359307231682e-01,2.181171652129552108e+00,2.174936897213465059e+00
1.280338275146461591e+00,2.791271040211128707e+00,8.982212697660285627e-01,7.151426769634006142e-02,1.143193916564803736e+00,1.118859563048514749e+00
4.298491988639687733e+00,1.555401868533811793e+00,1.911387196535653921e+00,1.621476997472482529e+00,1.034736502039096256e-01,1.172655145597325810e-01
5.469035025435898811e-01,1.922474029068990564e+00,1.650971257036916384e+00,1.336397229812729570e+00,3.214244440160257010e+00,3.187583384394770736e+00
3.712020239368634122e+00,2.731927220538832746e+00,7.782298802775020619e-01,1.361148937220856059e+00,1.878905069833692321e-01,1.892581673580835122e-01
4.776949940315803889e-01,8.995229269132580807e-01,1.609007283248271136e+00,5.864522637624691725e-02,1.479044204183291633e+00,1.429882291753299617e+00
2.645807724899590152e+00,5.889238994192598220e-01,1.097658516935696049e+00,6.854320241120692714e-02,7.268327467033433575e-02,5.058768020222742523e-02
3.192838340005393238e+00,9.298673707664277810e-01,8.324062272030574583e-01,1.077320633293465724e+00,8.525616528062213151e-02,7.847545855524318270e-02
9.055929759787635369e-01,1.704979062033710857e+00,1.141719589456270390e+00,7.217810261124135707e-01,1.234034310036241866e+00,1.228853516298937354e+00
4.050126049019242558e+00,1.097919435846715697e+00,1.356027468640729206e+00,1.915712400887182865e+00,7.778382129450657489e-02,4.195090642718106444e-02
1.260851743909502609e+00,1.873884951587005521e+00,5.204620320556589963e-01,1.129871509504799976e+00,8.006586956505119534e-01,8.028320772323612742e-01
2.483275931826613103e+00,1.220628343916578151e+00,1.804729203393212300e+00,4.089853811945534101e-01,1.836610419728801624e-01,2.031583225469458243e-01
1.353349814207048807e+00,1.103484448699701748e+00,1.650289342439378082e+00,4.966423103137742601e-01,4.359358504231254927e-01,4.489006585278775274e-01
3.865212427571530718e+00,1.140369676853053127e+00,7.467095807892714099e-01,1.041996325679515945e+00,6.689032904163574877e-02,5.371866775287757745e-02
1.405478335025918790e+00,1.022844465005701808e+00,8.496430289910147371e-01,1.052338675755470909e-01,3.592538975803262202e-01,3.475079608169554524e-01
1.458476472928265544e+00,2.979642553680053041e+00,1.424802781814681563e+00,3.111051261120982847e-01,1.032622722326742792e+00,1.008896716692754048e+00
2.584485286112819802e-01,1.424475164988322939e+00,9.259994098123427442e-01,1.370445731454630112e+00,7.121651926803421517e+00,7.134247686695660562e+00
4.519220471247034077e+00,1.293798917965212514e+00,1.439729942620630920e+00,6.079422236906861787e-01,5.844207155839053341e-02,8.727524831342962919e-02
3.612654212330845827e-01,6.207723676719760775e-01,1.810593181457674561e+00,1.251675984540724818e+00,1.583049873662766727e+00,1.572530764152756166e+00
1.710014948703021398e+00,1.597608514743296793e+00,1.570895849278358458e+00,7.267365068976405773e-02,4.215343376447825419e-01,3.875779763058269101e-01
3.305634378591474576e+00,2.368228751615933270e+00,1.024954723328874273e+00,1.283773827187093541e+00,2.156558912492769764e-01,2.196559761013749390e-01
1.794011522309213014e+00,1.012619973486787783e+00,1.656860168000860112e+00,2.445248351527826713e-01,2.516666453374553636e-01,2.658220338195860233e-01
3.066589279478276975e+00,2.871150948317425566e+00,1.175244946081897890e+00,1.145895615436793191e+00,3.040660108130514572e-01,2.496235338185495978e-01
1.949911390953415591e+00,2.309652074818789647e+00,1.152055417436613993e+00,1.483341448833199960e+00,5.539609652620451907e-01,5.567280860546888199e-01
4.423765390841839285e+00,2.498319961281664447e+00,5.736518276421211926e-01,9.805177244301859218e-01,8.753642004361984752e-02,1.308241596372366478e-01
9.631002382030984243e-01,1.943039774211456239e+00,1.588844508995651328e+00,8.724890314205129282e-01,1.366178848148966951e+00,1.382591800337560795e+00
2.883700696769340155e-01,2.573184112596523132e+00,1.572718441573422332e+00,1.711827241029220792e+00,1.186097449233693446e+01,1.187198366835538366e+01
6.785600175901895792e-01,9.561448463958578392e-01,9.174383123302174425e-01,1.426555403524247811e+00,1.075070866566326444e+00,1.083113292112827697e+00
2.715161777720064062e+00,1.737438603980850482e+00,1.681096480573253338e+00,7.409266879583864540e-01,2.311970099434117465e-01,2.524349863693049478e-01
3.042889758174924797e+00,5.767755080578071958e-01,1.991875013375521197e+00,7.144667129471333755e-01,6.428328897918859919e-02,4.545994390304967936e-02
4.202733528197213353e+00,1.889815452905959203e+00,1.863222344592020185e+00,4.116446583820037031e-01,1.043607973816617629e-01,8.745404133292189464e-02
4.782310313113694811e+00,1.355715955255648808e+00,1.913808152544123953e+00,5.570990076890958154e-01,5.822174236637893407e-02,6.637312854426166697e-02
2.126261239399587222e+00,1.902543532665541548e+00,1.703719746564045678e+00,1.106843770268590710e+00,4.043364529274509622e-01,3.906298660376435472e-01
4.153736837398542825e+00,2.699233446869455655e+00,8.639172233366996245e-01,1.668246746783878853e+00,1.561740367163914345e-01,1.613480851206873234e-01
2.144814784876837965e+00,1.526622316028668713e+00,1.838956165135773979e+00,2.983191505184248360e-01,2.907154667432395589e-01,2.524642170706317135e-01
1.979153714945114828e+00,1.874948964944549878e+00,1.827384329824749187e+00,1.526468685647432100e+00,4.820079176132676668e-01,4.971670108875603233e-01
8.369325826842071159e-01,2.922368474462933019e+00,1.025926669097576127e+00,1.173495432840554242e+00,2.668811001956006290e+00,2.685750430200002814e+00
4.369536240863319598e+00,1.988593244686999384e+00,1.640434629040093295e+00,2.095409829667427282e-01,9.069063915212671745e-02,9.156419719407188351e-02
1.813314866313233020e+00,2.571851465558008254e+00,6.088364198068573208e-01,2.629700175107938520e-01,6.218289943575490142e-01,6.251174531805109291e-01
3.304117285342480947e+00,2.230594214638792039e+00,7.396361859591358279e-01,2.897433106010252057e-01,1.582925780690724038e-01,1.907055997831372807e-01
2.682394298725642390e+00,1.023713849581747937e+00,8.489973716895580225e-01,7.701122834278151252e-01,1.276440124641924634e-01,1.059821199065523745e-01
4.984820119671592664e+00,2.780367904736384954e+00,1.202612737486933980e+00,1.180334191685920464e+00,1.070221061872057011e-01,8.875897306150126731e-02
1.427043114676996405e+00,1.392065544415103551e+00,8.839917319563226350e-01,1.319497305591264436e+00,5.129330559554620139e-01,4.910569300771529533e-01
2.847193498876834372e+00,2.651309523680831948e+00,8.080089211321335174e-01,6.377846361079844151e-01,2.903841589901114961e-01,2.818895555650005602e-01
3.990234834183104429e+00,1.606274451852647278e+00,5.096489896246110263e-01,5.280024975195500847e-01,5.722407244023041545e-02,3.700107402006299478e-02
1.117188798310041031e+00,1.077038472349485909e+00,6.256672402651644038e-01,1.875724733861744875e+00,5.803034521409649038e-01,5.810444216847436838e-01
4.151234245518354626e+00,2.095957013961259996e+00,1.046781859212694066e+00,7.011806332125785080e-01,1.068405254294913509e-01,9.382578930950963292e-02
2.879214715146661607e+00,1.037341480169050367e+00,1.246991050314858906e+00,1.123581148543385755e+00,1.235308999359579774e-01,9.454791754285049588e-02
6.968915330531073593e-01,2.292732385871036449e+00,8.127201353406785511e-01,4.688542731189135893e-01,2.449352931905401043e+00,2.418349377181906235e+00
4.846672483607132875e+00,5.956803912327303108e-01,7.277760098036797354e-01,3.077839820731371745e-01,1.190073790816489896e-02,3.613388004579357049e-02
2.176887517570723851e+00,2.027631852274997648e+00,7.233595557375679386e-01,2.294379948640770106e-01,3.556253686089780874e-01,3.542477922499072118e-01
2.481949677291521716e+00,2.289879876246649459e+00,1.453246045288399735e+00,7.701779922801776923e-01,3.497359981380805949e-01,3.451892416513893114e-01
3.965418959169605628e+00,1.029709659781950393e+00,1.745938023160209296e+00,1.273529700425200639e+00,7.386790303921994538e-02,7.439929474728018688e-02
4.830259002642196542e+00,6.549567586402456065e-01,1.854547589613203540e+00,1.969438903737156910e+00,3.614631255049179787e-02,3.449907023360885422e-02
1.378584926030165914e+00,2.054356272957925889e+00,1.436973097098149577e+00,1.468328364657111917e+00,8.900129343387918057e-01,9.051351930504391019e-01
8.535943439471727068e-01,2.827442863076158996e+00,1.117410340827839743e+00,1.401442304028092334e+00,2.569414119082003900e+00,2.580659299645908789e+00
3.774708297443943206e+00,2.835490390485687850e+00,1.034258404836987388e+00,2.851028703151949895e-01,1.617062707683116218e-01,1.499121158412342059e-01
3.449780037887876905e+00,1.064823320064170797e+00,1.094881721837783095e+00,1.204228399416630291e+00,8.936288756574592429e-02,7.289234642148030574e-02
2.343298607353776486e+00,2.929018459320792633e+00,1.083066605863144183e+00,8.110963912460948944e-01,4.786614823644047556e-01,4.569270665931828290e-01
3.308513116590144687e+00,9.513149830233642579e-01,1.576114412730255543e+00,4.493435267443375292e-01,8.384355867921311489e-02,5.882093275498145868e-02
4.731919907069608300e+00,1.779738201940391118e+00,1.754684405852362739e+00,4.802635050608414780e-01,7.442053277061985717e-02,1.024634455720267318e-01
4.241172696271855003e+00,9.056684918512085680e-01,1.647998481028952966e+00,1.709878770474343446e+00,6.001240016977914260e-02,4.168161547649078952e-02
2.927454623996179617e+00,2.460885147439193066e+00,7.610079439143000446e-01,5.485580528859705929e-01,2.492090024664267989e-01,2.088280865955938759e-01
4.561408490499083257e+00,2.812370999084493839e+00,1.111430031760911152e+00,2.902923568613837713e-01,9.745042377876371453e-02,8.058073454161310267e-02
4.581975064744897352e+00,1.312732846611908810e+00,1.423251873259441913e+00,7.442022636099572264e-01,5.918976655941128595e-02,4.342253267317747883e-02
3.901546990126485870e+00,2.892734986199080538e+00,7.924212939291976898e-01,1.099213347829668397e+00,1.711449184400298529e-01,1.777419507232258500e-01
7.690925867353701761e-01,2.158781249859527129e+00,5.044387381961766836e-01,9.783398689047702046e-01,2.060407249195215229e+00,2.042687597479507566e+00
2.896202819284688701e+00,2.361985946558689431e+00,1.116847999572996297e+00,3.053438462680175824e-01,2.517359272519006375e-01,2.624309885926340291e-01
3.114881065312454567e+00,2.458161336900555050e+00,8.894995888587287070e-01,7.293610123467197948e-01,2.303669032480414880e-01,2.381374427400725913e-01
4.420806978888752070e+00,2.882761330977720693e+00,1.909715146517719786e+00,1.551536062840977559e+00,1.794054731036354988e-01,2.047420634643346282e-01
2.677903517274835998e+00,2.163085420082238919e+00,1.218864844711101902e+00,9.031542749052074992e-01,2.861339893363830100e-01,3.294738509178535280e-01
3.140430923756576842e+00,2.183830527687549150e+00,6.738483601618090457e-01,1.370649685409027096e+00,2.064035180759608012e-01,2.633816005785793446e-01
3.632786689749513354e+00,1.153075917772528713e+00,1.786868397425617427e+00,1.996499059423709532e+00,1.100417599310619110e-01,1.370584527887172277e-01
6.025822096728357113e-01,2.792452852221381399e+00,6.737744238146878839e-01,6.319260272898108433e-02,3.722751221438216795e+00,3.699557215012684086e+00
4.704461298721424600e-01,2.419033982572309949e+00,8.913372457393893278e-01,8.901739575011236028e-02,4.701865627026617922e+00,4.693781639166587638e+00
3.459095668423437520e-01,2.856891371164195448e+00,1.205147106941902635e+00,1.765825930253504206e+00,1.108386277616269311e+01,1.108881569902291986e+01
7.128102244551097755e-01,2.086799999368372127e+00,8.181406643026807313e-01,1.184769978944453905e+00,2.325830815854343925e+00,2.367193365934270322e+00
1.426323902089929208e+00,1.078773627461762752e+00,1.234721529803231022e+00,1.660541577416148495e+00,4.318371832624678941e-01,4.453695899144114456e-01
4.322565969034078970e-01,2.100275894306195656e+00,1.480081159127546231e+00,9.904596975926254210e-01,4.882383158977444459e+00,4.906450607069499981e+00
3.062942447831173531e+00,1.885584786904979104e+00,6.332581376022978770e-01,6.486113098563712764e-01,1.687220973725996886e-01,1.652430597403636570e-01
2.946988084558540777e+00,9.489934382743809849e-01,6.548133124250639092e-01,1.301477213882252126e+00,1.002583831831928285e-01,1.120640731094061648e-01
2.385399005170119047e+00,1.269926191989572795e+00,1.746059537875254808e+00,6.033999641185623375e-01,2.084072207031275603e-01,2.227710658225321716e-01
2.429568974826093464e-01,2.931528819937515795e+00,1.856668626063608718e+00,1.919926827122502067e+00,1.757085505180433671e+01,1.756172888189507475e+01
2.692077253554344018e+00,2.964326497820696904e+00,9.502979773304491840e-01,7.401355237560698352e-01,3.721141555399916645e-01,3.876607148130786218e-01
8.065693912939828625e-01,1.840812022935424785e+00,1.675760459170709149e+00,5.425505220294757347e-01,1.616685647936505932e+00,1.638101859811031291e+00
2.245072618311391988e-01,1.445861605931631599e+00,5.031358053500682992e-01,3.490043478919175879e-01,9.941998792154722153e+00,9.938831477459606489e+00
4.021891473845246701e+00,2.299379074328691708e+00,8.061875340394867306e-01,1.030213728147204577e-01,8.568402790924389834e-02,1.060469585916203744e-01
4.571134454973927674e+00,5.905341934802375015e-01,1.851589285347184699e+00,8.455370771688202058e-01,2.973515637220933844e-02,6.269425057861158224e-02
5.471364675696909208e-01,2.830609710801144985e+00,1.319385440415260291e+00,4.334395686823668825e-01,4.616477315044581253e+00,4.617803313814117239e+00
3.363191117988915124e+00,1.599842037294352037e+00,1.056593936644739440e+00,1.848050226703159771e+00,1.510674643228301361e-01,1.510739078783645828e-01
4.557770912667768459e-01,6.985409536685772691e-01,1.527494062776170392e+00,7.045159243896583767e-01,1.281907683790351804e+00,1.275715337889822942e+00
2.994506028620786076e+00,1.513886025512600098e+00,1.658877904206969678e+00,4.932365256974502454e-01,1.634958762780380215e-01,1.511096871375185724e-01
3.194775827464143791e+00,2.383759512774000555e+00,1.484904071220539468e+00,7.004664020049056194e-01,2.304521000469165748e-01,2.335751229798299911e-01
3.016409694393697549e+00,5.517786235790149707e-01,1.506936739517774182e+00,1.710806877261940473e+00,6.754362750966964868e-02,5.930709047312632265e-02
4.953440514502566394e+00,2.711123538061030125e+00,1.633405733803877435e+00,1.517215237619254253e+00,1.259063454769452639e-01,1.196667323089388030e-01
3.145526496566377173e+00,1.414829344581968407e+00,9.972800913111330434e-01,1.959593516842067062e+00,1.511341628324715247e-01,1.356643373492650573e-01
9.974406240307056581e-01,1.701355284797819944e+00,1.040619465799653032e+00,1.283544268098111729e+00,1.124812774261372939e+00,1.094091812262220076e+00
4.677492371633623414e+00,1.302719702921687261e+00,5.022142465400356581e-01,8.088444027434322781e-01,3.065090844140599263e-02,1.190602660687988326e-02
1.635254392223695952e+00,1.984628404675440771e+00,1.890258801346920148e+00,4.633417703056428305e-01,6.005927585443163741e-01,6.071727071434579459e-01
2.789244927600529333e+00,1.377746513607585710e+00,7.712453324234902485e-01,1.591600208734942790e+00,1.687268226566038254e-01,1.450640551780674192e-01
2.276058472971766111e+00,1.313175419746848149e+00,1.314386660133300078e+00,8.768902847501245379e-01,2.305422705921178483e-01,2.175827927207054924e-01
4.072346534865068257e+00,1.826954393083384698e+00,1.847039918896047794e+00,8.568257344325673763e-01,1.176312269591385795e-01,1.504744294981401331e-01
6.032146333881762690e-01,1.504366906584096553e+00,9.040362874630228918e-01,1.002953176313270189e+00,2.032185450765914059e+00,2.054715766055458026e+00
1.964542288138739767e+00,2.688570719815975174e+00,6.385528262107974529e-01,1.445812697806602598e+00,5.883371549107041520e-01,5.744688338634115210e-01
2.325034607757247240e+00,1.349783788753627700e+00,1.968216413994943625e+00,6.905815910696102566e-01,2.389153114545828349e-01,2.509828999900889923e-01
3.067586374897478319e+00,8.049919123314370761e-01,1.747953468808488786e+00,1.005596252720814432e+00,8.983106701386488202e-02,7.682534812372193711e-02
4.557957996027701242e+00,2.211031182073679879e+00,1.453738073218580507e+00,7.137035157603193181e-01,1.009353385333980890e-01,1.334871218653479741e-01
1.647191056960236155e+00,2.414059519983526414e+00,1.647252551507326412e+00,1.881180937568456946e+00,8.576154943201944603e-01,8.459016204134433004e-01
1.858576099820443694e+00,2.839295570160863313e+00,1.429410480096685809e+00,6.404033793057506418e-01,6.927798156471903779e-01,6.944141496544080638e-01
3.425629411909659972e+00,1.446445607081534579e+00,9.775685157360476385e-01,1.586164432203697405e+00,1.259217051910515583e-01,1.536178775160463306e-01
1.202995604689271802e+00,1.625102683480618815e+00,1.391056258851442795e+00,6.747965711613161943e-01,7.747934783348223720e-01,7.582359431450963472e-01
2.647436127812111017e+00,2.330976209191771176e+00,1.876798333439382294e+00,1.386026234025401260e+00,3.643717598541217351e-01,3.904624440068947822e-01
1.734661130755865921e+00,1.580939842473684021e+00,6.904472413986402213e-01,6.196875360795814913e-01,4.061766261293603408e-01,3.898275993379315962e-01
3.194000476784669917e+00,2.993333159086640549e+00,1.079507068914101753e+00,8.566986370189544342e-01,2.800104434166555412e-01,2.847743583140627810e-01
2.986733071624896763e+00,1.697104113289794158e+00,1.993847390904417871e+00,1.717745097318405634e+00,2.286893298500049243e-01,2.227770359930929256e-01
3.492371335987900949e+00,9.359952673712369497e-01,1.967907655070393336e+00,3.003026187986943540e-01,7.549041503499243078e-02,7.372031430292132204e-02
2.262542133190733828e+00,2.474604066317975359e+00,6.261036174057272863e-01,1.666584897306002677e-01,3.964063109486282710e-01,3.996081169492055607e-01
1.321502655463211440e+00,7.693457847894373813e-01,6.877186403271529080e-01,1.466566104294204642e+00,3.082476308626362904e-01,3.067607430214662201e-01
2.701641273389343567e-01,1.370376595732076819e+00,1.467166079505601184e+00,3.228669470041336531e-01,5.435348002642803600e+00,5.415001334460331606e+00
3.087672482764084680e+00,9.253784406023521925e-01,8.181408049253838799e-01,2.378535928749141437e-01,7.941780864267501683e-02,9.674940511084574590e-02
1.279110560315036116e+00,2.439489955430451218e+00,7.946337255092323915e-01,5.994546437146117679e-01,1.015204984152280998e+00,1.029615770731256541e+00
2.231661242334263828e-01,2.575485380864120266e+00,1.731397116947971826e+00,6.101109066513890067e-01,1.611585677561848229e+01,1.614165350610314675e+01
2.000137968302390323e+00,2.395599498605663680e+00,1.756526231726012188e+00,1.883864387145127273e+00,6.324769120105171449e-01,6.601758751471029640e-01
1.515832530404946032e+00,1.572381091207122106e+00,9.025771904646902044e-01,1.687501595214464079e+00,5.510407867880495747e-01,5.241614302625454691e-01
3.477133077380697657e+00,2.422817956215199686e+00,1.996824541188279012e+00,4.690200106709285777e-01,2.035032761670945156e-01,2.292135018980658856e-01
1.629415231814180576e+00,2.759877941178562111e+00,1.469822757222940535e+00,1.281155797497685267e+00,9.104530723274959492e-01,9.364077658031059181e-01
1.964767355725762110e+00,1.312863648818763496e+00,1.122886855661729744e+00,3.221623549758538818e-01,2.771987134552901244e-01,2.665538495841381916e-01
3.674781017229933333e+00,1.357185156112707958e+00,1.772299698661269796e+00,1.819266750166158353e+00,1.232138331229454542e-01,1.439619252403447902e-01
3.435941133517027790e+00,2.622650972580793827e+00,8.939799398707790612e-01,1.457584326894616922e+00,2.203316151701361914e-01,2.496962386020451230e-01
9.715100307230470911e-01,2.631541046530221806e+00,1.936314207807850574e+00,3.392276063921579876e-01,1.769219782854215772e+00,1.758443072784108052e+00
3.016695418521618155e+00,1.332121562431176187e+00,1.804752063293861175e+00,2.412419506872236497e-01,1.391222334029732777e-01,1.115470464185042143e-01
4.677604079109385360e+00,2.010957959367373427e+00,1.984045952118017819e+00,6.842299744561060049e-01,9.490177649649934877e-02,8.771104597229917310e-02
4.564889262358202693e+00,2.031445348549847374e+00,1.571896678248738688e+00,1.924498005989874860e+00,1.185894042757033862e-01,1.744435455639503085e-01
4.277036500824231702e+00,5.483677490062500715e-01,9.326001751462100753e-01,1.250844789869521856e+00,2.829228808433598141e-02,3.301749714034193928e-02
1.553665128688871411e+00,2.001570188088211744e+00,1.718536004521378002e+00,5.135366419360918311e-01,6.517776797076203499e-01,6.274934906727309691e-01
4.806027880287844667e+00,2.725833314907928351e+00,9.313107340575116355e-01,1.741672125577518049e+00,1.174638773801895686e-01,1.124049319320496038e-01
1.158317590407572428e+00,2.516579450015713704e+00,1.134077398347667520e+00,4.394821405403075421e-01,1.233215589211505092e+00,1.213334544919572044e+00
2.129024638813898918e+00,2.522491640708902860e+00,1.535581525035574657e+00,4.408217311821476248e-01,4.853341865358798968e-01,4.773485746195459956e-01
7.478439602023654320e-01,2.760557191077342765e+00,6.245371883768811028e-01,1.510367235463374147e+00,3.120739944235439101e+00,3.122642826606575994e+00
2.914934402185533902e+00,2.051151933917616965e+00,1.859977599737212994e+00,1.731751822237112881e+00,2.842116023855481011e-01,2.329796622867107980e-01
3.668730749443649852e+00,2.499925877849082934e+00,1.923182524411861882e+00,1.954023385704241500e+00,2.387953878145923081e-01,2.460034034441800077e-01
3.500643568426712982e+00,2.904501679384458246e+00,1.907906625506384790e+00,7.505842189743128223e-02,2.225386969996721309e-01,2.508320897403007455e-01
2.345003788934004740e-01,2.573800550917014540e+00,1.785973045889430733e+00,1.734832746967219563e+00,1.559847204412825050e+01,1.559452466802131987e+01
4.915849738842368311e+00,1.958479026445616222e+00,1.332287481843468013e+00,1.583906963111151978e+00,8.761281805973937520e-02,7.995891960164001888e-02
1.688047054018083193e+00,1.459519783025467810e+00,8.558241847133204461e-01,1.638536138640074524e+00,4.236559524481277039e-01,4.455277613664243574e-01
3.758649239775745610e+00,1.928227214582588944e+00,5.895681959345220324e-01,1.906054613746588133e+00,1.297774407728493617e-01,1.044446682516598779e-01
4.647692649569987289e+00,2.576998898811111438e+00,5.846740493641227054e-01,3.845768020377948737e-02,3.394755416912077078e-02,9.029750546949297935e-03
3.944801202384396355e+00,2.903037679887753075e+00,1.200588270839786365e+00,7.527464273051955868e-01,1.761019131321135411e-01,1.482911918781830429e-01
2.711554126596999570e+00,7.835472758210783040e-01,1.402320855213253337e+00,6.858748034428490126e-01,1.007283366653339007e-01,9.758077752802074567e-02
2.785561623866023684e+00,2.153459623081916519e+00,5.708925371284101491e-01,1.307977988440718331e+00,2.498378047839669991e-01,2.577183443363110227e-01
8.901114493516808501e-01,1.779049198374037744e+00,1.531942408835923031e+00,1.219225989905430074e+00,1.449269075551527175e+00,1.447457616670329683e+00
2.033950190718148310e+00,1.178730916056185407e+00,1.553666353177651560e+00,1.855548577330755178e+00,2.896151880306820914e-01,3.006107124966439503e-01
4.148009483601860836e+00,1.034104208819305537e+00,1.474772431161017749e+00,8.912258419724639058e-01,6.083445991506554462e-02,7.744940391431459625e-02
3.469680792421174775e+00,2.568814773409595631e+00,1.136461331147659903e+00,1.030271080934723971e+00,2.104782362268549090e-01,2.204099415722852451e-01
3.384912022884126959e+00,1.000348961947010062e+00,1.238117623345765583e+00,1.667525900940273420e+00,9.444390420963662269e-02,7.827082807881138860e-02
3.470866061272200209e+00,2.775335843141656600e+00,1.861111912845180738e+00,5.354731656277145202e-01,2.332340039028918954e-01,2.278722501201652928e-01
1.877800568123936031e+00,2.151139129702764219e+00,9.919628943563307821e-01,3.238745087082501861e-01,4.884805281142154953e-01,5.134454720184240539e-01
4.904974593847975406e+00,8.814695890912602749e-01,1.161601892173701911e+00,1.652787796926290964e+00,3.834869113946568625e-02,1.741495927499313312e-02
1.814231728901178897e+00,2.415863900436069578e+00,1.641895091049218047e+00,8.265338041259018276e-02,5.858489385927807547e-01,5.807804645030619772e-01
1.098225771720039656e+00,1.788793786631234894e+00,9.729706772378421409e-01,8.305807000490692538e-01,9.626167234541997964e-01,9.542712471809031705e-01
3.409847077301019436e+00,1.877719813147128214e+00,8.810225344890011412e-01,1.342305142513344984e+00,1.574262151833855927e-01,1.538244420041658400e-01
1.012121657478376235e+00,2.600466040334191931e+00,1.755647181103889842e+00,3.405911813642581443e-01,1.623355446850386352e+00,1.601842077015747989e+00
4.881311017169323918e+00,2.958176976535686453e+00,8.416923305346124540e-01,1.645978071770363593e+00,1.162092086943854741e-01,8.922253864263926526e-02
2.962504304469037120e+00,1.446289206995251764e+00,1.418852781366551241e+00,2.386423359065412697e-01,1.510949078779574017e-01,2.022141874729471989e-01
7.766803440379412837e-01,2.269136206872049755e+00,1.879926772340308805e+00,5.273981968583985047e-01,2.159581894284093639e+00,2.178499915985847135e+00
3.133688586711180224e-01,7.555832593725595459e-01,7.595979858136746588e-01,1.804903940534672513e+00,2.541893994591177819e+00,2.527641649891630315e+00
3.085789806913013855e+00,1.799373556570492250e+00,1.969904374651093359e+00,3.334928865196307157e-01,1.850354234731000358e-01,1.838561239442702555e-01
4.023176707557679643e-01,1.822909919458953532e+00,1.846645742625471653e+00,8.247969928560823227e-01,4.447286906464939626e+00,4.460821076770805860e+00
4.517260534548437900e-01,6.629201348116066095e-01,1.333735969385632769e+00,1.479775904169017275e+00,1.289803966784082823e+00,1.282930747206449063e+00
2.179725584908641434e+00,1.581664623610491871e+00,1.596326930908826602e+00,1.008029426797530936e+00,3.135388315647525403e-01,3.258693028838163808e-01
2.351787303296737797e+00,2.369303702082397045e+00,1.516177255524801204e+00,1.813649509500263823e+00,4.580955178642052150e-01,4.457898239980023214e-01
4.179020535468816355e+00,6.038009716430587925e-01,5.208666895338193159e-01,1.828185008094449504e-01,1.353331841667066403e-02,6.362735420275828467e-03
8.210967741226482541e-01,1.270575445635956147e+00,1.225821642670666289e+00,8.984170272883362784e-02,9.738853956269721834e-01,9.721900205101442483e-01
4.367995523277981462e+00,2.173833179206555499e+00,1.940937593682923401e+00,1.631962438536915583e+00,1.411013436964197454e-01,1.319514334812779965e-01
2.144010188199911404e+00,7.668598715260422916e-01,1.164012934916430542e+00,1.561496877667551963e-01,1.395894419423394928e-01,9.053299212985596589e-02
4.294305323860721835e+00,2.413357619089086192e+00,9.787266383006760773e-01,2.487807251720366430e-01,9.112416688035299139e-02,9.154720856094937520e-02
9.264604579472712764e-01,1.708391955775099946e+00,1.491633990023891965e+00,3.873580020230615872e-02,1.122466463761786493e+00,1.127698904076352981e+00
4.307344005289390765e-01,2.884665183598443594e+00,9.787440572083800916e-01,4.116660626988222216e-01,7.148238362247792743e+00,7.157762291617691730e+00
2.291964740165492120e+00,2.163808059618737900e+00,1.574149069975391280e+00,4.101512633337172087e-01,3.676184428975169949e-01,3.477387427315499768e-01
1.235134364784559624e+00,1.834274519562932859e+00,8.917752068321074255e-01,1.965597533930970142e+00,9.231722190575329945e-01,9.300571663694539026e-01
2.495613152242346811e+00,2.738518620192734510e+00,9.402815848918660846e-01,8.628380900583854096e-01,3.969257878355404445e-01,4.012397995733448797e-01
4.136943100355598091e+00,1.889081785567676031e+00,1.148626550168396099e+00,1.253661595467076895e+00,1.114577317939862422e-01,7.608137436585454827e-02
4.450058145714046454e+00,1.234699468781736975e+00,1.850804556866278761e+00,6.287737206104504484e-01,6.295569948199908339e-02,1.891699337281393251e-02
6.167111659242356936e-01,1.993609181336485126e+00,8.132610883430325677e-01,8.613279378718274870e-01,2.675755124235792870e+00,2.685284535928512017e+00
1.434031347139468116e+00,1.055206305991178706e+00,1.654525783463884459e+00,1.554130467252275549e+00,4.360936575245535352e-01,4.170099508011752554e-01
1.663332169580565623e+00,1.588352201196176594e+00,1.536871425004463498e+00,1.724414091754219669e+00,5.308563915356733220e-01,5.509005180925372613e-01
1.036964329853866884e+00,1.510212234633625306e+00,1.197932936905249379e+00,1.643597504314503910e+00,9.870940611051575164e-01,1.029901487031774865e+00
2.441736454591751038e+00,2.978325916104558768e+00,1.448756551508968649e+00,1.453750671351605517e+00,5.116618470049025813e-01,5.000073088855814252e-01
4.572133409675359639e-01,1.837662010823621461e+00,6.272014969839724285e-01,6.927779333784758187e-01,3.935980288044770514e+00,3.922192392916557857e+00
1.146938526156550564e+00,1.218312913240912509e+00,1.450691436856088812e+00,1.045277472834239108e+00,6.512167995816995347e-01,6.509828770800144548e-01
5.126162863380898660e-01,1.068022027589257572e+00,5.647277387919940050e-01,7.559992465979377130e-01,1.705865891007586344e+00,1.719360824545293820e+00
2.393275885750996590e+00,2.524983118161107321e+00,1.026531234637334755e+00,1.356739631374924260e+00,4.151535498957961146e-01,3.924375656236001597e-01
4.711941952827723767e+00,2.099638079570002702e+00,1.697798365335030590e+00,1.736724762693756974e+00,1.140564120395753112e-01,1.389658452917445774e-01
9.350391179182317991e-01,5.441225331407577581e-01,1.707549085884299878e+00,2.203697954126013769e-01,3.546550091157245621e-01,3.744794406679827770e-01
4.458280708869746256e+00,1.596076425990738734e+00,1.472023535721486365e+00,1.421001692459817889e-01,6.406212933087616912e-02,7.728425889771046997e-02
1.715669334258186796e+00,6.906452952457662331e-01,1.749595406789641316e+00,5.541762515206223316e-01,1.915199629185108943e-01,1.807231433140374932e-01
3.786226980354607363e+00,2.406683782312269315e+00,1.488719092447516656e+00,1.816761534356065244e+00,1.970730109317936074e-01,2.153990528486741385e-01
4.244608481863958005e+00,2.857251329467665357e+00,1.529007412983680592e+00,4.106334497565946595e-01,1.452848613586349702e-01,1.624291185592446340e-01
3.104202501301487782e+00,2.582894520474910749e+00,1.338435527982621442e+00,1.808185631172149588e+00,2.980371180449337132e-01,2.740177000792348161e-01
3.652427291567656109e+00,1.074332117612984749e+00,1.564836143458028683e+00,2.354262581383390618e-01,7.427336419411315060e-02,1.160770501809510191e-01
3.234181259498021266e+00,9.561277929773908113e-01,7.117936011497516535e-01,1.961216705955464157e+00,9.076784196453870079e-02,8.475729530991263361e-02
4.666805298476105257e+00,2.538207605387126087e+00,1.578617864576208119e+00,1.624470424151245318e-01,9.364708892102427407e-02,1.010308084053369998e-01
3.937939499718367653e+00,2.956244623658877746e+00,7.481434747731152690e-01,1.714129185901346553e+00,1.862423209941254099e-01,1.757592122613375329e-01
2.217258287312541043e+00,6.142064546994475682e-01,9.109678902205549100e-01,1.015648805680069655e+00,1.086740813653936655e-01,1.163720167961172641e-01
1.596557689040166039e+00,5.742637687793521462e-01,7.913195756140785075e-01,1.823422027519044475e+00,1.796235160551692134e-01,2.028251644070121207e-01
9.528063711664420676e-01,2.470110752477688187e+00,1.494169455765470556e+00,1.734310150021451502e+00,1.968053380258909524e+00,1.951906007099118545e+00
2.658242228974959875e+00,2.083940251369746477e+00,1.213991347638862184e+00,6.198222755757329949e-01,2.716064829041469619e-01,2.384979655515636343e-01
1.299856970835204573e+00,2.988705869304482121e+00,6.881443743373176769e-01,1.271713160616398053e+00,1.293604699084925924e+00,1.284604989352225113e+00
1.327314604254562491e+00,1.977009725198909829e+00,1.782005501907282907e+00,1.049188889921537804e+00,8.907444588929527285e-01,8.646235386343996687e-01
4.433832387831715849e+00,1.760227599868095183e+00,1.368131177650099506e+00,1.821128403434931986e+00,1.028907919527547593e-01,8.771933740792978162e-02
3.558780816177903983e+00,1.964374602422915173e+00,1.210666125242431335e+00,3.618236471216278449e-01,1.387852321871664851e-01,1.362555720825552041e-01
2.789430205339173963e+00,2.464918366421901652e+00,6.608491977704462617e-01,1.074717050851345501e+00,2.851981397229804704e-01,2.839149916699151843e-01
4.247036826743098459e+00,2.741604871325446169e+00,7.592161877957983585e-01,8.360394156232953122e-02,7.832261662929021484e-02,1.041371958897945871e-01
2.721826449991036512e+00,2.719382690792928603e+00,7.382268014523196697e-01,1.007997849819293190e+00,3.322823421682736811e-01,3.119863751453015310e-01
2.093260884338550731e+00,2.123773339636522373e+00,7.883023926680150506e-01,9.410826881832541346e-01,4.104431648169226676e-01,4.174973328874739265e-01
3.490434132380069165e+00,1.189196297517965295e+00,1.555653564656452881e+00,4.029961860040145449e-01,9.329851628102879546e-02,8.314716722330432741e-02
3.122182568519006107e+00,8.132840656353175213e-01,9.661237615994077155e-01,5.256417694490032044e-01,7.476670097442954244e-02,1.020678416779885467e-01
1.200837670238697363e+00,2.105942882389751247e+00,1.035295120347229592e+00,1.735921586058609245e+00,1.114202782750275622e+00,1.164756752663625550e+00
1.729189431004262589e+00,2.083817383075111884e+00,1.442237857748950303e+00,1.592996592055294647e+00,6.414347925245523774e-01,6.475035872412560067e-01
2.892742064543172287e+00,9.299441227047249292e-01,1.546843468442859582e+00,1.861810730385706103e+00,1.261047300812656591e-01,1.595885511102673182e-01
1.249478621363976805e+00,1.629597863351192721e+00,8.758424861031585129e-01,1.946543676000556111e-01,6.818020528737455122e-01,6.711979410449647743e-01
4.601038028289172743e+00,2.147118715719972037e+00,9.145931670053466522e-01,4.448130685425510933e-01,6.950779000289032672e-02,3.751965982704805191e-02
4.126540189676545234e-01,1.760705314966919399e+00,1.038257338053326873e+00,1.148075816979744035e+00,4.415063713315436900e+00,4.389655742995446808e+00
4.406536862254229803e+00,2.133097731625306359e+00,5.026773983363368448e-01,8.923153208391982893e-01,6.588791354070523687e-02,3.430611479136810860e-02
4.903586693870517266e+00,1.942218930682344302e+00,7.003980693406215430e-01,1.248444449246920440e+00,6.218089615696120731e-02,4.308590971494639932e-02
3.153153199492864989e+00,6.042251912678410219e-01,1.237943234752552968e+00,8.585206902027779918e-01,5.905308652444724027e-02,5.424871244018270033e-02
1.217094162934478696e+00,2.308277933365254775e+00,1.065725875576902126e+00,4.503624513511410576e-01,1.038993921247116425e+00,1.061995990151674230e+00
4.086821445064657610e+00,1.322258229506790395e+00,6.515525613463789556e-01,1.393958723310332326e+00,6.962425453850312751e-02,8.362143678442693351e-02
2.318404132664972472e+00,1.863473041806634534e+00,1.709689521931464951e+00,9.391871075259035084e-01,3.350059399055568266e-01,3.442812167239444054e-01
3.619753425841746086e+00,1.992774987783720197e+00,5.860444256235730620e-01,1.510969974078623768e+00,1.379956831850401855e-01,1.295209617883639197e-01
1.748793146972060564e+00,7.770871153402676423e-01,1.271560935795733815e+00,8.030164245562709802e-01,2.055710126453134667e-01,1.911327662408870143e-01
1.262967055511216463e+00,2.345048575645630962e+00,1.460075799385634809e+00,1.641903075803458290e+00,1.199090527533579031e+00,1.199755820646502880e+00
4.780343245778521322e+00,1.819324817950753514e+00,8.840142053085980889e-01,3.716172658636121007e-01,4.833602557160071589e-02,5.108936017770020904e-02
5.635863711339785809e-01,9.835940336746036294e-01,1.795245895679894232e+00,3.264336876406901400e-01,1.348971601003388754e+00,1.354095825190732238e+00
4.788272683514852579e-01,1.056240330315632026e+00,1.914752590272764454e+00,1.038682980843669501e+00,1.939413765038936255e+00,1.946844727522504925e+00
3.957348346804722361e+00,2.011778770518606319e+00,6.278519563155426919e-01,1.087456066642866981e+00,1.056569020230091194e-01,1.033046229802237065e-01
3.922416863362213846e+00,2.574012942656160430e+00,5.587573305547510749e-01,4.763903822592878701e-01,1.014138028577097062e-01,6.292067694706562908e-02
1.695085138981606399e+00,2.598368174894955640e+00,5.742658355155143557e-01,1.745518393177722061e+00,7.351782424263159088e-01,7.128734618042352755e-01
1.995484159161011517e+00,1.680915363152029496e+00,1.581027575425132836e+00,1.353926415362924018e+00,4.031620732619620173e-01,3.866497865185158367e-01
3.502048871709796174e+00,1.179319869466063819e+00,6.911415632638735485e-01,7.128987644415170077e-01,7.963312065241996696e-02,1.135677747583870301e-01
3.079016650035270253e+00,1.527632687337423523e+00,7.930997343049077664e-01,4.492689162839453854e-01,1.373064912854850550e-01,1.287610418500262643e-01
3.312696261027183287e+00,1.912913409214937577e+00,9.218742884028696682e-01,8.330848718190393409e-01,1.610719847402088400e-01,1.745726673346978397e-01
2.289596016511113330e+00,2.413723080171978452e+00,1.612742990236331497e+00,1.586704712093125913e+00,4.805846401525297740e-01,5.098694096840276080e-01
4.905167760430840573e+00,5.741922123525640131e-01,1.808883485942383906e+00,1.586012397752611935e-01,1.967889548366827390e-02,2.634616850371163110e-02
9.103421720223745517e-01,1.876841157699948859e+00,8.808799627642509567e-01,1.849169534177385277e+00,1.509191961754690281e+00,1.501336130461799145e+00
3.232344858666573284e+00,2.162008822551079845e+00,6.513823677338872464e-01,1.165936349414512296e+00,1.871874436398916763e-01,1.813230234721669720e-01
1.189339419241288054e+00,6.587986084902021089e-01,1.310319089322671271e+00,1.200372396802592334e+00,3.290653961313426690e-01,3.086175424135974010e-01
1.807322289914841340e+00,2.927504810016763326e+00,1.001941835516873880e+00,1.849463746241602147e+00,8.188458920964654109e-01,8.249766699799846448e-01
1.628115381357684521e+00,2.896537220099760557e+00,1.296392188601091622e+00,1.406316322836653754e-02,8.224271995239182953e-01,8.449885954948618272e-01
4.160639814307963924e+00,2.702792850534326163e+00,1.692641716824752951e+00,5.417117479663606794e-01,1.530664840901342361e-01,1.644627123188538709e-01
2.983714752512456325e+00,2.835141328837994301e+00,1.630839673848087035e+00,1.785573653788226745e+00,3.683673303315508352e-01,3.837936736807983640e-01
1.787806945123430635e+00,8.857791275331743375e-01,1.275587201005327298e+00,1.276700506439053751e+00,2.388820004045532075e-01,2.532356194319549947e-01
2.770799819739667935e+00,2.786923753626325162e+00,1.875626181114731894e+00,1.734061200824333016e+00,4.246568678605074920e-01,4.647373291830246278e-01
2.413947600274318983e+00,1.301611259971683587e+00,7.001647269884254676e-01,9.347651572145585508e-01,1.951403639708388926e-01,1.824641018925588221e-01
2.811861380251053699e+00,1.420112243848672184e+00,1.473804534482361817e+00,6.393209245050945899e-01,1.717752829542639748e-01,1.749257600044071548e-01
1.340198753024850475e+00,6.425256995733956700e-01,1.344743506732364535e+00,1.388592837477389264e+00,2.754381646499046710e-01,2.895476853954371266e-01
1.995500041439208561e+00,2.779454627380073539e+00,1.027943165543705462e+00,5.622901062022176433e-01,5.807498581815560001e-01,6.056951845029210357e-01
2.400405343915342105e+00,2.169525531944588526e+00,1.182005851337985414e+00,1.591958551777749475e+00,3.725673565177235469e-01,3.240145078596337047e-01
5.993337690505216031e-01,2.814325980504029268e+00,1.692281583394710465e+00,9.191664202757894309e-01,4.207602025160363191e+00,4.197155193150032382e+00
2.688509720759674204e-01,2.991772841436098673e+00,8.153421986679332267e-01,4.480913525416352350e-02,1.718144234963605399e+01,1.717727247620727837e+01
3.049451529562448471e+00,2.319143521537556651e+00,1.393608775868215410e+00,1.501213893125746823e+00,2.676599959338800128e-01,2.470715896241530152e-01
1.193935915790150570e+00,2.019138610272981804e+00,7.987964369434099599e-01,1.037907260920007069e+00,9.634379792028243683e-01,9.803806657789493340e-01
4.050471487181587449e+00,1.973445060039347165e+00,1.178910751906049326e+00,1.457466320501944246e+00,1.264156935318467012e-01,1.307954838574652556e-01
3.202834780055761610e-01,9.120882757009716180e-01,7.622932102318630276e-01,4.370621940452457110e-02,2.651335067585074423e+00,2.643406074932257432e+00
1.271376916224233433e+00,1.657472772282903462e+00,7.515391191170375240e-01,1.431315563373986022e+00,7.316777621817003308e-01,6.989953522685065090e-01
3.223365776651278658e+00,1.959045371692319959e+00,9.540071812411426988e-01,8.683503975525463936e-02,1.519708211792265562e-01,1.254953746992935049e-01
8.335880598996943114e-01,1.588925158823160766e+00,1.809778554228315350e+00,1.862168832146227082e-01,1.264110120171488827e+00,1.244403425952435471e+00
2.219402166068399129e+00,2.687935325207396087e+00,1.755123740096292684e+00,1.940179999566645774e+00,6.044036406555194363e-01,6.134998813029618470e-01
1.631719346446300456e+00,1.658655300980317993e+00,1.819815441140116619e+00,1.355048146895270200e+00,5.644724207229613322e-01,5.400872026411076554e-01
1.488947723001305290e+00,6.304590677850872016e-01,1.483860843717663691e+00,1.426180604523530127e+00,2.356493706828843016e-01,1.942608134322293123e-01
1.327567415185511690e+00,1.038898707480907069e+00,1.535685848658957964e+00,5.915275999786033800e-01,4.228365787986393398e-01,3.937862284256298806e-01
4.884523068851476246e+00,1.876960618447169438e+00,1.736348685222368182e+00,4.423460939692014371e-02,6.014867556782256541e-02,4.830943098472040287e-02
1.734393543548829353e+00,2.345302856988496387e+00,7.365479555118958910e-01,1.667964943218932516e+00,6.499438923965028536e-01,6.834094041296749911e-01
7.658015049516282424e-01,2.750965266577558577e+00,6.362504309661767277e-01,1.614863047237039329e+00,3.019623305459305573e+00,3.069661914838494265e+00
4.593136621873253667e+00,1.554822217545894780e+00,1.231047135123369829e+00,1.835742522813261779e+00,8.202335740183480661e-02,7.239577998735900743e-02
9.600823851743389703e-01,2.213886566970557634e+00,6.263204484620539247e-01,3.114633362022589669e-01,1.397415368366058841e+00,1.416292535904092542e+00
3.736152669063337317e+00,7.822692232116454925e-01,1.483710059665044989e+00,4.341911213515183832e-01,5.294334781537564372e-02,8.096756751270571539e-02
3.362353669501502829e+00,1.526122419412993425e+00,6.079115109951926943e-01,5.990284521429642961e-01,1.057865245283751698e-01,1.314773643784679924e-01
3.644745453041533967e+00,1.350980049439792108e+00,1.107187810831206320e+00,1.341954132762015917e+00,1.038191910654379935e-01,1.014834775041171949e-01
3.912102528187698880e+00,2.989032909252328896e+00,1.969620593569834766e+00,2.446467608771343283e-01,1.887838709980994567e-01,1.627422849827294682e-01
1.065454468156441958e+00,8.684733832657327568e-01,7.645418472427960577e-01,6.467810579874282428e-01,4.572842143869181308e-01,4.475181272109378661e-01
3.790562359806782800e-01,2.055045356956147984e+00,1.603507114395737343e+00,1.195613728746813154e+00,5.794443151618430932e+00,5.757203504217960344e+00
2.267518479500115536e+00,2.325000516134811512e+00,1.226280937492066458e+00,2.904251394962455990e-01,3.901443904732243562e-01,3.949171042133176046e-01
2.335424321233335210e+00,5.237633105398815658e-01,1.677641923147367820e+00,1.031263401549825431e+00,9.313079947945598902e-02,1.086806793408442717e-01
1.335763703413154424e+00,1.762928113780623862e+00,1.381183720353228672e+00,1.955458265470220836e+00,8.356156943452852648e-01,7.977558849224714033e-01
4.088064567910909552e+00,2.644893121678027370e+00,1.471121248449296370e+00,2.456255994972411649e-01,1.385934372077683996e-01,1.375570527298438928e-01
7.233066201157991593e-01,1.229387834516065370e+00,1.462725515588645386e+00,5.485168224681677973e-01,1.216228987111393156e+00,1.222076100822261591e+00
2.588047598877551092e+00,2.088479728777967281e+00,6.232734473879320003e-01,6.544586119278101854e-01,2.677255269054558684e-01,2.927119446715609752e-01
2.736632722851311872e+00,1.987751817381899322e+00,1.041652719227126989e+00,1.857306183608648409e+00,2.728062718812037102e-01,3.003787342044770825e-01
2.449324826457976723e-01,2.867142087439563003e+00,1.986903050576194651e+00,1.164510550580703407e+00,1.605330938509757033e+01,1.606933486392271604e+01
4.092346607932817015e+00,2.658397903672344853e+00,1.998013040750427738e+00,1.597752690366988748e+00,1.969414974970020715e-01,1.832068161556829333e-01
1.919261499365574331e+00,1.116479045716925800e+00,1.873455372472077940e+00,1.639938727873134328e+00,3.051681246971031380e-01,2.978011714677764044e-01
2.398610979189720549e+00,1.173825218475660570e+00,1.292637317304776934e+00,9.541933227636636428e-01,1.896311430522814589e-01,2.137169969015652871e-01
9.719667152627404771e-01,2.265079152132543960e+00,1.925289590730263845e+00,9.976638673995741335e-01,1.647821731764691489e+00,1.635703600839244265e+00
2.115710420414814052e+00,2.910627300945985318e+00,1.407828764324571491e+00,7.803835785992485619e-01,5.820759730795769249e-01,5.812310148262972431e-01
2.372137734268759512e+00,9.425247707783613871e-01,1.223019400299027115e+00,1.682509072728094690e+00,1.665007976585491378e-01,1.977170083861583272e-01
3.091073177165464703e+00,2.869559921632812927e+00,1.569661631675015157e+00,1.532605729206582668e+00,3.342552927369312754e-01,3.368129235133532906e-01
3.702753274570976805e-01,2.542034555391399220e+00,1.362445838698981948e+00,1.243031684020222905e+00,8.041676087090177560e+00,8.014185780695040506e+00
2.251698422006855882e+00,1.187543382059263797e+00,1.770314949664344661e+00,1.987135193551937684e+00,2.591982978418976291e-01,2.532865030906666370e-01
2.547248195790964953e+00,1.869060989111966720e+00,1.316953295979779170e+00,2.071126086844448100e-01,2.557319697942882497e-01,2.685184090901901466e-01
4.772109704279864140e+00,1.384301895334287602e+00,5.015470291674248848e-01,1.500312216623289618e-01,1.473969142183753113e-02,1.093307298615241001e-02
3.059435374689657205e+00,1.032911389568980542e+00,5.365696776401374102e-01,3.792196644494330027e-01,8.142759187833183143e-02,1.046538333801467074e-01
3.491412504588717880e+00,1.624223227505644962e+00,8.894113672791783554e-01,8.225819207818441114e-02,9.884207284506171809e-02,1.244822640153423060e-01
2.312898951023582672e+00,9.854100409088093482e-01,9.803582646234574316e-01,2.128152313266140627e-01,1.568114362210758506e-01,1.437950773490158096e-01
2.570163235249754763e+00,9.945157643479025644e-01,1.363400674684600355e+00,3.495589659870619315e-01,1.357133962515774672e-01,1.256402221575368405e-01
4.916223318014005805e+00,1.880809930980478217e+00,1.897551240744359990e+00,3.724339953142230542e-01,7.120501791416822268e-02,6.911888599900777030e-02
2.192397728726754202e+00,2.217234033569438267e+00,1.235832447225520214e+00,7.880989825673001548e-02,3.897776387186047131e-01,3.657423594335181827e-01
4.969969697323350921e+00,7.921696991873418137e-01,1.042127622035113665e+00,8.842512743166031086e-01,2.654382690463240671e-02,3.410019317120478038e-02
3.125406157270094187e+00,2.076335252225121053e+00,8.000749110016864840e-01,6.371336853376055043e-01,1.869501903796231546e-01,1.833456479146937657e-01
4.598563784079687800e+00,2.860695121356780390e+00,8.061343865506374051e-01,1.808589371649679922e+00,1.318345753486862837e-01,1.475386454188896690e-01
2.968852552306490367e+00,2.550729139609980045e+00,1.824662202733636995e+00,1.958346964753256758e+00,3.526673857885115893e-01,3.406653172832175835e-01
4.144175656859893309e+00,2.466007385187575895e+00,1.595231968503806996e+00,1.995279771995053242e-01,1.266803225395657650e-01,1.090849889486475294e-01
4.146635860516560967e+00,1.034159904713083389e+00,1.555619571394325940e+00,1.631510937243616510e+00,6.965224064221370304e-02,1.064079106119933810e-01
2.051487152845416162e+00,6.816870824401567441e-01,1.730877574762538895e+00,1.166518091262524592e+00,1.538906268608589978e-01,1.363041042570526939e-01
1.780334240680965241e+00,1.396959830140774406e+00,1.973490728950341389e+00,3.912343388350580931e-01,3.665310898333566936e-01,3.548186352158920753e-01
4.710015261585883017e+00,1.610094255021683018e+00,7.119227683024309528e-01,1.271418200866639481e+00,5.881061834360772067e-02,4.416086639501472927e-02
1.780725884857324637e+00,1.055917365072470249e+00,1.748848492462787618e+00,6.747672262389687869e-01,2.814275781470336191e-01,2.753351033351850718e-01
3.960543362819172852e+00,9.770966005322583303e-01,9.314902366929849187e-01,4.044131612535100118e-01,4.891959794781385040e-02,3.059867247381175409e-02
1.051614406589986617e+00,1.045003169186595082e+00,1.717990603621420753e+00,8.751102678734667961e-01,6.345214423254280645e-01,6.336217178923299054e-01
2.547758719835124364e+00,9.409129946638266073e-01,7.355052175999594599e-01,1.852692621588470256e+00,1.367149879857894323e-01,1.226174609039591412e-01
2.013759525546885865e+00,5.694329296351753333e-01,1.578219660377611522e+00,2.126513272551755485e-01,1.168310905619697471e-01,1.084935882986840378e-01
1.524603010439257611e+00,6.254110229586327119e-01,6.742418638906059192e-01,1.686431694434729289e+00,2.033529404520695860e-01,2.106093002434201722e-01
1.342775830023338113e+00,7.158345328801908325e-01,5.525143856300129830e-01,6.860796696034070496e-01,2.682253454892123967e-01,2.822569619451015255e-01
4.832811430987375978e+00,2.067854777708590941e+00,8.487221464693313067e-01,3.772508889071177762e-01,5.128606336727611903e-02,6.062545827151061273e-02
3.410418503083977981e+00,7.188750986214899052e-01,1.284019305686940893e+00,3.961137124850204749e-01,5.684761101834086283e-02,4.212628171267553123e-02
2.432088295887334883e+00,7.940801878811141190e-01,1.257354021413757517e+00,1.330160883994662147e-01,1.167454557050126296e-01,1.246887437400626825e-01
2.949657181817447960e+00,1.444863224104616872e+00,1.161923960611679130e+00,1.023542001864887308e+00,1.612934389233772747e-01,1.588841810710558966e-01
4.258417633207665531e+00,1.987056601368107245e+00,1.108699729446368298e+00,1.217367990287530954e+00,1.083611519172875404e-01,1.062346461227591660e-01
3.448784890577504925e+00,2.509034500515119337e+00,1.981929511810212929e+00,1.160165856569559617e+00,2.389499233766619046e-01,2.045025390078635541e-01
8.162937545028514652e-01,2.338151661464830333e+00,1.782407397956207173e+00,6.637305864431781721e-01,2.100929983164164572e+00,2.114356327446525796e+00
1.212166109044859219e+00,1.733609880120892788e+00,1.747521043491483406e+00,1.547472780434803186e+00,9.430779776110361778e-01,9.402858698126329573e-01
4.478394400149642074e+00,8.577662342172621690e-01,8.679233434870015085e-01,2.348027375942509654e-01,2.564952533806922827e-02,5.977487425863249604e-02
2.876877823046928739e+00,8.902041418179225118e-01,5.053072361859048955e-01,1.141077218222293022e+00,9.357763519514086803e-02,1.063796735883464628e-01
3.034276594320837184e+00,2.953640079982343458e+00,1.827054014814556426e+00,1.174801386263080616e+00,3.500301983172469100e-01,3.276998510372130524e-01
9.823617352611895281e-01,1.261416239275822582e+00,1.120504145716272326e+00,1.092063196346809928e+00,8.263754252376265264e-01,7.989315538567144381e-01
8.576714087184151847e-01,1.497359923086070799e+00,1.838535847603499862e+00,7.891050662082530476e-01,1.236488896097389434e+00,1.259508465102191943e+00
1.240140538511774082e+00,2.519364192189858631e+00,9.810167659261463946e-01,1.194370427201083773e+00,1.195491247712646476e+00,1.177993822946721725e+00
1.762145617435799672e+00,9.818085556555962157e-01,1.961268564962460159e+00,5.766009015570376928e-01,2.675127312833722737e-01,2.812025554324990018e-01
2.882752215895785231e+00,6.088851659536249628e-01,1.846359718388110194e+00,6.103131355465096775e-01,7.263133676783425918e-02,6.661591909414169010e-02
1.987691270536729782e+00,2.117624007645177109e+00,1.323514659396032300e+00,3.479721603115388806e-01,4.451346421053404834e-01,4.872113367970498654e-01
3.452115654337309714e+00,2.871092809235221033e+00,9.408968545106387582e-01,1.185942429060768522e+00,2.337525266185393469e-01,2.353563952549090899e-01
2.270228012566692488e+00,2.870350673387516149e+00,9.417925337252224249e-01,1.016624233225772889e+00,4.960187409291392791e-01,5.263342048875173651e-01
2.668774490051575299e+00,2.182166894165491922e+00,6.694918589772523854e-01,1.948052162044254576e+00,2.927474837742299885e-01,3.194304271957068564e-01
4.769060060103355703e+00,1.247595636265376617e+00,1.383116976711819213e+00,1.996879778247560910e+00,6.459370921339831206e-02,5.537258445771792159e-02
4.027108654510279107e-01,9.795911934935428445e-01,1.950630340250159245e+00,1.155838174417101794e+00,2.252068551572865118e+00,2.245547518985365976e+00
3.256829116861679640e+00,2.463416333471020181e+00,1.415353841666296963e+00,8.905395541353366973e-01,2.334352652324565569e-01,2.632255062606267959e-01
3.733775477564767797e+00,1.585908321905187712e+00,9.378642496984854748e-01,1.027234804693527792e+00,1.069807252649089963e-01,1.071222888146414753e-01
1.064566831235844280e+00,1.938629843709819056e+00,1.796413463377923403e+00,1.131899658742676618e-01,1.071094663986826179e+00,1.053881079669809928e+00
4.330428874962549024e+00,2.994823969730365576e+00,1.130766550574612062e+00,8.845077579503106691e-01,1.479848596390547777e-01,1.722580066920938735e-01
7.896401614444676920e-01,1.299919934149682099e+00,7.905659900302324239e-01,8.901344486956772606e-01,1.121547456052350622e+00,1.173244386161525821e+00
4.082125724708080661e+00,2.556582363218875553e+00,1.378735981306794312e+00,2.781671724195178275e-01,1.327360615806210953e-01,1.322660738288855276e-01
1.125010595890896470e+00,1.446161080596593651e+00,1.415515378180401074e+00,1.887499396245990724e+00,8.748510647363265669e-01,9.032193138247466280e-01
2.246347683018931285e+00,1.514763693888241836e+00,8.975591399498499268e-01,1.868965914463636802e+00,2.834486739776608255e-01,2.806515755045898564e-01
2.098583040390823662e+00,2.712812576630657446e+00,1.171453470862705126e+00,1.287356651807020969e+00,5.662467897574721132e-01,5.938698206152582815e-01
2.947184110848553473e+00,9.882703380567230411e-01,1.633544333668530024e+00,1.338897500638745575e+00,1.223592798687788696e-01,1.181298966052120453e-01
3.246169960490036477e+00,2.779406663064746041e+00,1.138167096283108304e+00,1.991196536320681387e+00,2.911910914114340665e-01,3.184636836824007444e-01
3.942056496755558248e-01,1.533189939628792242e+00,1.432413256718185313e+00,2.247188497862140366e-02,3.481718784902633423e+00,3.493276068773236709e+00
4.111128260704222548e+00,2.576094418029919453e+00,9.532944573024394463e-01,1.799263154001649490e+00,1.592300491728080303e-01,1.562929378687585302e-01
2.726773671492667361e+00,2.249683962753882938e+00,1.715950889421486991e+00,8.343864962408460428e-01,3.023795473383424359e-01,3.078969676038497139e-01
4.608758902605967656e+00,2.479694676301591461e+00,7.400828748056320627e-01,1.653856736882963752e-02,4.577807892588948990e-02,3.576376909419445860e-02
1.011080668812978756e+00,1.275462468962206941e+00,7.704459314959621885e-01,5.645516075564596115e-01,7.321721695934997332e-01,7.105203766761398754e-01
2.332718347121936819e+00,1.416757756084817022e+00,1.804317381935614417e+00,8.968923750647512794e-01,2.526247156215866707e-01,2.324119381670572415e-01
4.786285951968265451e+00,2.540497055064511400e+00,1.454649669953715918e+00,8.383393377089678467e-01,1.064675990322586085e-01,1.062953870862230754e-01
3.246458929571279572e+00,1.222140291211044172e+00,5.978406933406577028e-01,2.446443497079826557e-01,8.097853158063043899e-02,6.083234785224467950e-02
2.634261316139467013e+00,2.442486845741680845e+00,1.729209382370069825e+00,3.592137081765467421e-01,3.290891539846750868e-01,3.389584310428766512e-01
2.457339602572097714e+00,2.808166560971400383e+00,1.346772722678404088e+00,1.019538220069168499e+00,4.447523610584641629e-01,4.564973767753270906e-01
4.592411506484242345e+00,2.337485804250784227e+00,1.533872066389513122e+00,1.896877493927695557e-01,9.003177513810838029e-02,1.006067199153113240e-01
2.370693303499932236e-01,2.540541904949848995e+00,1.816288651107563767e+00,1.567527952603582353e+00,1.492083571892164429e+01,1.491209682390965163e+01
4.954565756137459864e+00,1.482736005724713424e+00,1.567333424655202867e+00,1.088599563894592448e+00,6.229441957059314583e-02,6.466145300145857699e-02
2.460198535562226230e+00,2.306442764788140032e+00,1.166964376634544109e+00,1.239795997376027969e+00,3.641477335973889451e-01,3.648989012819190969e-01
4.144406310744702893e+00,6.592966426409675451e-01,1.904249277375744231e+00,1.324055579101248048e+00,4.473598296864958468e-02,7.248306474834137481e-02
2.520065217073483410e+00,1.876458892419403002e+00,1.558853624409384464e+00,1.739216567485336373e+00,3.202284589683220273e-01,3.053912381334746295e-01
4.169283498179564340e+00,2.584139952502698456e+00,1.348144829238022036e+00,6.172063190326371185e-02,1.155202402828845454e-01,1.091469295954536622e-01
6.725040652458948998e-01,2.002735087973541717e+00,1.934414221279275869e+00,1.635829174686384890e+00,2.583785471324619998e+00,2.580446771402860495e+00
2.243267511563522998e+00,1.155242206903946522e+00,1.796810247791564841e+00,5.660802812438052722e-01,2.099452442737310687e-01,2.084347882863405443e-01
3.896500263801156549e+00,2.020143892641992789e+00,8.535359198321494922e-01,6.381089539139626066e-01,1.101152124597295084e-01,9.648179452530508682e-02
4.982592721023574533e+00,7.172257677432478662e-01,5.693278104463241895e-01,3.234742400740353574e-02,6.185966668394386921e-03,-5.025690337403624329e-03
2.663271192239270668e+00,5.525700965583628665e-01,1.204072976635425452e+00,1.587257366328549191e+00,7.879560115932972286e-02,1.004979482539610225e-01
5.567614272817795751e-01,1.344627320798233550e+00,8.804781031197463914e-01,9.018137121050782135e-01,1.995376094976019754e+00,1.983990785643737320e+00
3.788183760653557997e+00,5.460698548648313944e-01,8.923600071661876854e-01,1.987154732120138156e+00,4.004426231562051297e-02,5.978886372348084233e-02
3.311719301904318957e+00,2.073674278256119941e+00,1.586823260685829684e+00,1.206554068165921478e-01,1.733820879636760737e-01,2.154998680809958600e-01
9.183723833099592948e-01,2.134095492838587127e+00,8.642493754322506661e-01,1.365036863057488059e+00,1.627278096666018969e+00,1.654263076456962800e+00
1.206185224290786673e+00,1.666882014359038156e+00,1.092997592711199450e+00,1.156996289594980354e-01,7.337698111974193527e-01,6.990109175844021472e-01
2.609160034438712916e+00,1.124636759187504165e+00,6.804695633943129707e-01,1.716814085827927494e+00,1.537423718336553558e-01,1.706357950003749568e-01
9.977882910400845962e-01,8.375134910927024556e-01,9.223502446059550497e-01,7.596603282899194731e-02,4.738420808297111320e-01,4.848337351540431550e-01
4.599278583692655076e+00,1.862103290144440315e+00,1.305835667245494047e+00,1.249969138344834585e+00,9.028480904300373311e-02,1.025973159638166599e-01
4.955697494333526798e+00,2.869620169512643315e+00,1.579383315084968542e+00,1.746919971114439196e+00,1.372753272838656002e-01,1.061543123893253227e-01
3.811509296304044003e+00,2.498829007330726881e+00,1.225261579094722331e+00,4.936322299849627004e-01,1.560222431769332785e-01,1.726266237680282867e-01
4.251162912139179184e+00,1.198291243350803281e+00,1.035117136343240540e+00,8.879559588220682365e-01,6.011071002411036424e-02,3.972829560267426841e-02
1.789854186185126483e+00,1.178290732353381554e+00,1.999287135338485122e+00,1.801114565041252336e+00,3.718390036132855347e-01,3.991301445648494095e-01
7.120660850899742655e-01,2.061621926087435330e+00,9.058160775581045598e-01,4.100255855531966809e-01,2.084978877873029379e+00,2.107807492031335883e+00
3.699289355494988829e+00,2.504599589837770424e+00,1.466803447292437168e+00,1.935070931780014991e+00,2.172481151353020667e-01,2.696201341096126636e-01
4.011080557625178677e+00,1.037330064903385196e+00,1.466056209933411347e+00,4.966357624125972148e-01,6.063246053263051522e-02,5.424775478209485635e-02
3.534944646470433938e+00,2.600978682982518109e+00,1.215711257872141626e+00,1.821771429309394508e+00,2.308025922875229230e-01,2.016270510881844613e-01
1.049846912765398654e+00,2.703684796997902318e+00,8.418517584545111010e-01,4.038304652562791919e-01,1.519801317694348120e+00,1.542086999877121167e+00
3.281149353502140764e-01,2.365889701970312231e+00,5.578384566776509734e-01,1.973900397415666363e+00,1.186488181984777057e+01,1.188366435984601210e+01
2.861872929131663135e+00,6.511573734371923772e-01,1.066000251229410667e+00,1.259752229708775539e+00,7.739622754815199401e-02,7.102402110708827543e-02
9.196193425732359650e-01,2.858970029954444492e+00,1.076767347980534861e+00,6.037862652343057857e-01,2.073830045161118907e+00,2.102328063821049309e+00
1.614527273979617483e+00,6.507170278137701658e-01,1.945337614031447782e+00,1.038766334782652789e+00,2.157205495500915393e-01,2.307748203855433666e-01
2.486746998025405553e+00,2.394891549910737716e+00,9.825431782255621416e-01,5.523414588614317111e-02,3.297992212374815102e-01,3.052941955159602094e-01
1.404341019761443432e+00,5.647636766849973844e-01,1.977909413646952608e+00,1.839032329860891712e+00,2.539100278991444637e-01,2.481320032238651940e-01
4.677531135549079622e+00,2.185426773769749254e+00,1.540465015818405892e+00,2.867343415197400880e-01,8.353945896604644816e-02,7.586546611825492614e-02
1.742764341944356810e+00,7.606782968976564252e-01,1.065407928456660880e+00,1.324053915506597567e+00,2.079226757187506436e-01,2.069734073421427289e-01
2.892609348377118028e+00,2.795110563865823128e+00,9.059870715523972162e-01,1.625682986772229111e+00,3.315372298111132210e-01,3.366207667284945027e-01
4.870346073600995140e+00,6.946485587666019201e-01,8.085664255346689533e-01,7.345819694201725092e-01,2.004448954316765188e-02,7.364799307799745759e-03
3.420285043015644177e+00,1.849490018105250488e+00,8.611651679520351266e-01,5.426032093203101425e-01,1.359594729078165698e-01,1.332430933409147755e-01
2.051669029147825007e+00,2.308654983529179638e+00,1.808682880569883134e+00,1.168286320513911791e+00,5.332519370539190451e-01,5.462788232510624731e-01
3.814612942827559472e+00,2.880554779733161208e+00,1.608101564267370831e+00,1.450087627943756008e+00,2.248966975228509080e-01,2.246489521207613860e-01
1.129006996633908688e+00,1.888414897132648651e+00,1.452640056907181787e+00,1.101508278588814393e+00,1.061028671605125373e+00,1.056844006862262431e+00
6.990907599814595308e-01,7.279543750886758868e-01,1.040552996969778210e+00,3.888916239276554165e-01,6.989919203703885975e-01,6.941166494293702360e-01
3.861396782118851068e-01,1.320766152973828156e+00,1.507135127830714572e+00,6.339321003253932663e-01,3.222735304331483697e+00,3.221945588198067423e+00
3.405482075090823457e+00,2.624774665002638230e+00,1.874967552878178179e+00,5.450686717398378622e-01,2.294753025831117732e-01,1.923728787179320165e-01
3.358342777176526628e+00,9.658429244709663131e-01,5.202726676342779299e-01,1.994183132871799380e+00,8.081153293408263605e-02,8.523235221098048042e-02
3.420603914238679710e+00,1.113822775197390369e+00,1.438859924473958385e+00,6.113730189677675231e-01,9.258144125312871286e-02,7.321752701489116222e-02
3.432303417959045699e+00,1.711280869111319491e+00,6.945211507499713388e-01,1.757785986164658310e+00,1.415758883217950181e-01,1.449080595910686442e-01
2.997331838558963124e+00,1.459946484000938405e+00,1.954712085671683086e+00,1.790333966770499829e+00,1.963641957745856648e-01,1.681256489023704170e-01
4.720427510306437924e+00,2.557504248608541086e+00,1.282817320610817324e+00,5.111473968238617882e-01,9.555831350975363403e-02,1.152128419095714562e-01
2.407222149654701937e+00,2.893265249251295135e+00,1.836390714337199803e+00,1.967026834213380315e+00,5.771785394532255031e-01,5.831268761019882119e-01
7.919611106939805634e-01,2.001559764352308424e+00,8.830663477606719436e-01,1.917127129067936808e+00,2.032147387804141392e+00,2.006328607278396792e+00
1.399972435587738318e+00,1.999748334834998031e+00,1.493855476813121586e+00,1.604138230275443666e+00,8.641971840178367392e-01,8.701516428953628424e-01
2.160171900320550620e+00,1.704616865644826174e+00,1.777357254440127043e+00,1.403451687616588339e+00,3.705863644994511485e-01,3.566013353017442045e-01
3.139137568225130348e+00,8.481157939534551549e-01,5.073147205165715601e-01,5.835553206540768922e-01,6.529402232082831548e-02,1.025366640056744882e-01
1.917134181173090646e+00,2.293416834561939677e+00,1.097912258975848543e+00,6.060434912424339515e-01,5.137519142761264312e-01,5.247900489649532929e-01
2.291407557272616025e+00,7.486201324382661948e-01,1.215378404843262761e+00,1.532600069209105076e+00,1.373635536639611909e-01,1.226481458770142391e-01
1.609200312844500491e+00,1.255409751980107291e+00,7.192049885101021722e-01,1.757092533976349458e+00,3.863200298300554780e-01,3.920498140475483506e-01
3.693120515915794932e+00,1.047286603570977581e+00,6.249921098871387137e-01,1.844167869820383387e+00,7.355791210593906615e-02,7.414352535079241080e-02
4.256643944147758596e+00,2.018804639070548301e+00,1.913033093587351186e+00,1.709905294551229638e+00,1.391026759363804821e-01,1.643152146924310997e-01
1.826161342708750412e+00,2.926775200323830539e+00,1.909534826074688052e+00,1.404960385681161439e+00,8.603732534165301482e-01,8.687764596771054837e-01
4.041681521905214680e+00,2.353537045493141022e+00,1.235861421708308816e+00,5.884290295915122204e-01,1.314147195486374264e-01,1.429667345382624466e-01
1.146006849238831338e+00,2.928156962491688109e+00,5.981128018048706974e-01,1.001677992221614799e+00,1.503211875287527199e+00,1.482128972643648401e+00
4.879650441260113602e+00,1.138202121759092966e+00,1.851675294985869469e+00,1.879467700679797293e+00,6.057266913716742585e-02,7.772432196656497982e-02
1.909533729233926502e+00,2.642808179270398128e+00,8.287849295679418082e-01,1.869524877626009163e+00,6.506700908697942154e-01,6.938672949699385972e-01
3.374746842733194807e+00,1.804579963523835762e+00,6.120993831596872603e-01,4.457210867230789741e-01,1.179156216181967004e-01,1.319834767066500048e-01
3.090610830852374757e+00,1.868475002088615611e+00,7.801472868599678145e-01,1.931122974740970832e+00,1.962985473779730317e-01,1.968392906294563482e-01
5.943364303245848301e-01,9.404766712365584258e-01,7.626036967573339709e-01,1.894874170342967235e+00,1.318964215261630990e+00,1.323578716131517785e+00
3.012003643849135326e+00,2.791009893109875684e+00,7.353749330178076526e-01,8.808261915021824429e-01,2.764766187111488693e-01,2.587563107478192959e-01
4.237984274681050323e-01,7.452706278019306518e-01,1.086812095943247236e+00,1.818034297110224351e+00,1.623311808281534763e+00,1.628378862512674052e+00
2.530784373766450823e+00,7.074940216495785306e-01,1.048695578461404709e+00,1.862383940756361378e+00,1.105183136282838485e-01,8.989807377131595056e-02
2.778503832345733393e+00,1.134626815080685969e+00,8.879795646473495063e-01,1.367410310900470050e+00,1.399390817562931044e-01,1.421746391223026873e-01
4.769588533155257437e+00,2.020523092689697542e+00,7.121147612169150820e-01,1.901219799975846669e+00,8.303267986259629807e-02,7.662643084068436472e-02
1.074241977862328001e+00,2.092638531611241248e+00,1.061924485613442659e+00,1.188261722141702004e+00,1.241432267295125236e+00,1.226174955103001674e+00
4.332542489485353698e-01,2.758289415921193033e+00,8.864055677195230576e-01,4.648185997035740868e-01,6.812788320969223932e+00,6.825761703813736148e+00
3.209560874215973580e+00,6.320377853660947842e-01,1.154435237997281094e+00,6.460556407056794459e-01,5.755641944549180766e-02,2.912954530884350607e-02
1.687796395452124898e+00,1.153266589890764138e+00,1.647961937747183248e+00,1.600093450947417173e+00,3.737246316669995960e-01,3.742889628419167058e-01
2.841328110013277897e+00,1.226006905214215514e+00,1.243010247617116093e+00,1.159063893630237763e+00,1.500762800688102971e-01,1.249463318212038626e-01
1.426427986505870882e+00,1.155696874643669991e+00,1.533316238671871723e+00,1.444871204558793920e+00,4.698508319108432030e-01,5.078363840566794130e-01
3.513702447095278902e+00,1.682760956150207488e+00,1.768680613422846770e+00,8.962077672390529326e-01,1.443470029553883260e-01,1.852335795296166099e-01
8.039400929090620984e-01,2.743349515929305760e+00,1.015493898464803424e+00,1.983974088684533621e+00,2.892312997897850568e+00,2.910629498231227075e+00
2.657057241851593421e+00,2.497302920483561728e+00,1.610564831087887283e+00,2.506548517089095540e-01,3.247914651191636803e-01,3.641262703380231947e-01
3.903402001375213981e+00,2.159548883032627042e+00,8.498240415954908533e-01,7.103637523129278097e-01,1.194139992441823339e-01,1.326636937749549050e-01
4.482786818543619489e+00,1.720944368718472672e+00,7.389812695209229121e-01,3.743709583201804136e-03,3.525177948922440796e-02,4.748268494940383055e-02
1.773689481735730267e+00,2.533923155695834151e+00,8.704786252841362204e-01,1.204364740148422319e+00,6.633455371200284167e-01,6.562150987732000562e-01
2.833766323102646645e+00,1.844959907692545364e+00,1.989643297969962310e+00,7.831494568565249281e-01,2.364698569585860222e-01,2.199317272797576273e-01
4.775045528408683460e+00,7.761238569826784950e-01,1.989853495313158804e+00,1.010471618695017115e+00,3.759082184255815862e-02,4.151526360889257888e-02
8.645383944102154050e-01,8.160992018553396843e-01,1.325155032055678861e+00,1.589418898189603802e+00,6.766321259301888436e-01,6.672857635418891764e-01
4.185028119916529121e+00,2.494369971788080953e+00,1.624160343376984894e+00,5.139958240525281941e-01,1.369718195188205090e-01,1.295727796344365301e-01
3.717149651567528856e+00,1.988744763079981936e+00,1.114764403773280232e+00,1.814737707700507574e+00,1.565790961449219365e-01,1.725167154967609529e-01
4.836960938327675485e+00,9.156597336405976062e-01,1.324570919678826009e+00,5.655302004892752699e-01,3.314465307615072770e-02,3.194323289913531677e-02
2.545027948246732841e+00,2.349764765487716733e+00,5.141902079876561338e-01,1.179173990344713152e+00,3.174115916811961480e-01,2.875392188100572843e-01
2.385290199949866352e+00,1.517525715525857244e+00,1.433802519530279040e+00,5.670412030423366279e-01,2.416314710831057866e-01,2.386351928979117132e-01
2.817607983372863334e+00,5.069593801558953672e-01,7.154868339849262959e-01,2.924614114550407873e-01,5.270945300939305217e-02,3.876610873187579659e-02
1.933720321878544590e+00,1.700135128185134681e+00,1.180243885873278220e+00,6.170820670612742198e-02,3.666278567652541120e-01,3.620522240310112827e-01
4.799025253197911067e-01,9.596848132943929244e-01,1.289184235030649939e+00,2.503617032605409687e-01,1.595716909113812809e+00,1.575071567340495138e+00
2.929247858129951254e+00,2.148706490800634139e+00,1.579390249056287665e+00,6.795124381639874311e-01,2.455857235564730678e-01,2.708947444051180153e-01
2.071294987020300571e+00,1.263649720360271900e+00,1.224540917750971181e+00,1.095771693756384391e-01,2.438588103501111992e-01,2.832185162249615251e-01
2.625544078939458181e+00,8.724646557286270809e-01,1.046823066343590236e+00,1.615030206038874816e+00,1.247441035154225053e-01,1.038095875226659054e-01
3.557846790352016786e+00,7.096410589646588996e-01,1.855366321422533993e+00,9.855872816661670477e-02,5.243692951466725344e-02,6.670335408384092668e-02
2.090327233232379456e+00,2.590908447826906436e+00,1.246846221985808079e+00,1.069223946309653117e+00,5.356322214098789836e-01,5.488827660955906129e-01
9.781695024421590556e-01,1.673390520619351785e+00,1.408405471176342960e+00,7.042016482455408788e-01,1.098980741712753950e+00,1.078778768555898493e+00
4.187647547955402061e+00,1.796287401854912202e+00,1.752259863103293291e+00,1.867962800828268932e+00,1.276277168795258987e-01,1.309337469222976169e-01
4.732197851082259987e+00,2.605732941049920814e+00,1.285676709554573138e+00,1.832918442886652288e+00,1.307690194722278543e-01,1.602714838343047010e-01
1.326964748708990172e+00,1.917941890330494337e+00,5.552286659624112719e-01,1.786017298699664746e-01,7.601181390716655883e-01,7.783296691354795183e-01
3.131953758406376576e+00,1.166983984641147165e+00,1.604791431365734322e+00,1.444131943486273606e+00,1.310389339573766743e-01,1.646856304062550014e-01
2.011308572611936185e+00,2.026075786204315499e+00,1.498245321869921209e+00,1.178278658043687255e+00,4.651933592490535285e-01,4.430338326091980417e-01
3.569040664881325764e+00,1.039923919708375832e+00,6.685545015594460683e-01,1.352922858050306987e+00,7.494846971628456311e-02,6.125031303771343721e-02
4.624305566244812371e-01,2.012735517614679726e+00,6.197052140976790913e-01,5.369214045051211581e-01,4.244048650821868662e+00,4.251092815336919628e+00
4.613136579515699331e+00,5.160676489877165096e-01,1.693103788075273730e+00,3.270158213344471765e-01,2.160827966212055390e-02,2.989527587312667406e-02
4.302120071686836411e+00,2.780278977508265914e+00,1.354420797425117895e+00,2.309478322587672494e-01,1.229727716326078218e-01,1.246420007582456496e-01
8.657989904223064581e-01,5.514440857200987312e-01,1.711080072975541988e+00,1.446419245558911770e+00,4.589752439746531687e-01,4.523988389461761628e-01
3.277072817498547952e+00,1.694683043698918645e+00,1.740054070338817427e+00,1.293551295673015744e+00,1.750810991896547542e-01,1.680140978718241140e-01
1.786891475104993576e+00,1.205788416599324009e+00,9.438628728767219922e-01,1.200291883728228592e+00,3.094743113639581433e-01,2.984444055836892873e-01
1.208138110078718741e+00,1.865617957702622398e+00,1.857538663742162033e+00,4.967527902582478116e-01,9.026550327113234129e-01,9.127808157815816559e-01
4.267938621548872824e+00,1.634466885505266420e+00,1.285543951517017280e+00,1.754880546284708576e+00,1.004735785112241125e-01,4.636722952589521218e-02
3.814396355092974034e+00,2.943834238822786720e+00,9.651015874133446193e-01,2.408518938577395296e-01,1.557949277241099939e-01,1.888616581189990762e-01
2.970450711807868682e+00,2.952062165750531708e+00,1.911206315737054684e+00,1.255682154787858051e+00,3.719557314215414801e-01,3.624547577017235289e-01
3.178082026021658457e+00,2.324706673784742605e+00,5.657036868369416105e-01,1.387752524573620638e+00,2.084566305351234217e-01,1.808847715015827196e-01
4.374656670269327030e+00,6.510805705217804773e-01,1.565816649856034637e+00,3.047365999180384755e-02,2.695000280694938993e-02,3.885827498020710119e-02
1.838662456424199787e+00,1.520928717040334721e+00,5.616599620244293600e-01,1.108931593328761345e+00,3.583296769648418589e-01,3.312252422429161069e-01
2.566403153444423157e+00,2.976818198365385193e+00,1.840408197351577124e+00,2.599766435031265477e-01,4.188003087048854933e-01,4.275049312567108517e-01
1.301016306968215019e+00,2.897961201175502044e+00,1.061527777432637709e+00,1.219386757811249389e+00,1.302470294330362321e+00,1.295398073826259377e+00
2.374891679313893444e+00,1.682203917769001134e+00,5.055637213518047179e-01,1.546228821291012911e+00,2.615137099639125995e-01,2.742705724733076611e-01
1.020427371961355911e+00,2.937334810462896240e+00,1.319942129255670116e+00,1.171893622899116139e+00,1.990503030347007041e+00,2.007212753221856882e+00
1.858918950586335495e+00,2.404788605223864284e+00,9.167792955700371227e-01,1.513391700564540976e+00,6.039556635423163344e-01,6.307517968667406549e-01
3.287369290501250596e+00,1.653778154218143115e+00,1.080361719160204181e+00,1.905478323946668606e+00,1.648690829437219896e-01,1.558431143809408115e-01
1.528096540094677991e+00,1.814605116791133455e+00,1.279707099119875346e+00,1.415949429677641591e+00,6.482767109258352756e-01,6.433152682073081108e-01
3.333738468967263113e+00,2.452928221722132207e+00,1.307403040063335631e+00,7.985851266273895632e-01,2.164950470216189804e-01,2.170923171271674501e-01
4.026205936105466066e+00,1.230859036330866463e+00,1.153063153755891967e+00,8.853004040326819535e-01,7.232708760676090365e-02,4.485826875775446310e-02
3.221995892229253755e+00,1.892784659636318034e+00,1.513166973320840158e+00,1.837405349773973962e+00,2.107136885016374639e-01,2.233862267751730857e-01
2.452575390559279978e+00,2.504206647991118473e+00,6.221012748220807742e-01,1.488731234196149611e+00,3.748101982424791867e-01,3.781843648239412992e-01
2.075528458461454839e+00,6.506659082709769226e-01,9.392502886307788623e-01,3.185564999664056707e-01,1.247464995474857063e-01,9.872004935799627567e-02
5.473773881276589037e-01,2.326828110550087647e+00,5.202193088919397912e-01,1.144179223894355113e+00,4.215424730445550772e+00,4.240407951857201319e+00
3.877930139703021251e+00,1.492097201741442447e+00,1.918720938987781066e+00,7.848438676896454247e-01,1.056568308267328699e-01,1.337401635146390211e-01
4.786186788834601025e+00,1.141637035621510865e+00,9.564936557749694757e-01,3.344163897558911636e-01,3.134543906218738296e-02,5.759924347609399198e-03
1.357897786090323189e+00,2.574236567922052021e+00,1.161609939768647681e+00,2.935230149304897118e-01,9.748146100639019096e-01,9.870052117336175490e-01
3.542329923548928061e+00,1.558034635729856676e+00,9.753203658573657009e-01,1.272689473110592662e+00,1.224064877642346560e-01,1.481598560981537138e-01
3.093278963658656178e+00,5.427736937684273233e-01,1.359083295349011067e+00,1.129639530134510794e+00,5.764307657837465515e-02,7.517291110697141288e-02
4.101160626234853446e+00,2.958589581673551017e+00,7.077191048500239834e-01,1.259897879077376270e+00,1.546570660126515562e-01,1.357572234807357670e-01
3.478406282631303359e+00,2.641408824504752229e+00,1.742154996129280820e+00,1.790338172116630933e+00,2.641503764149278899e-01,2.369125343979744669e-01
1.141160319405490897e+00,1.722702740083012385e+00,1.123073289206621528e+00,1.521030991766617380e+00,9.607068670613645445e-01,9.590934619216293644e-01
8.476053162381005368e-01,1.892268065075176198e+00,1.805718043931610506e+00,1.776731413137021098e+00,1.775192782742772257e+00,1.765954861964434075e+00
1.816696899852525027e+00,2.746915836310494186e+00,6.415919029423777786e-01,7.613545382959090446e-01,6.627201944278430235e-01,6.632343155959155023e-01
1.093416077447424417e+00,2.766031788114589496e+00,1.957557382644397714e+00,1.528427778309159768e+00,1.823752517975764542e+00,1.822356948541957067e+00
3.091405966508882219e+00,6.926145148835687326e-01,1.286662389380028415e+00,1.876941512955899283e+00,7.984269506601947286e-02,9.104281501894551099e-02
6.217545210898471897e-01,2.762657415217368850e+00,8.908069826667739388e-01,5.925963384706149917e-01,3.757255893847407879e+00,3.746684527097585704e+00
3.441356391196825015e+00,1.519167744762421890e+00,1.582476786378381739e+00,3.681115260093870134e-02,1.148457078029383183e-01,1.122389170797814389e-01
3.969631607482510649e+00,2.230106601216467865e+00,1.986560656539907654e+00,2.311396009360195958e-01,1.362856212030895131e-01,1.962668924930826009e-01
3.984655391660089085e-01,1.613833280361347544e+00,1.409521100974525210e+00,2.659820981210476720e-01,3.753495794540385067e+00,3.751507166079594224e+00
4.458625039357536401e+00,2.213789346673429748e+00,8.971036739577147312e-01,7.845275042528825349e-01,9.011403541561369135e-02,1.054395052315856424e-01
4.137472618461321083e+00,1.540629974203036712e+00,1.645753035563589650e+00,1.848606472588387728e+00,1.096114042732509453e-01,1.159626086126169797e-01
4.048326146261835845e-01,2.155561328724032499e+00,1.974170894183276515e+00,8.462480018448785835e-01,5.351174374088325969e+00,5.356104135787938425e+00
2.828537566855428231e+00,2.185559718976712418e+00,1.712327361505478596e+00,3.155437186182008524e-01,2.576879862167840152e-01,2.400052861108484259e-01
3.329540377198373369e-01,2.137621327752713185e+00,1.175308491865002303e+00,1.697114778490957043e+00,7.990414638276854831e+00,8.001500395277535205e+00
2.488876754480283449e+00,1.722276055638845449e+00,1.514362728279133652e+00,8.150152890982842457e-02,2.458863366203156708e-01,2.453884941520154406e-01
5.891391518011788175e-01,8.865964994561837953e-01,1.714192010989058490e+00,3.185647175971335621e-01,1.132241297035871952e+00,1.149114738386717960e+00
2.964201047904806874e+00,8.383666696848484090e-01,8.433053936063459322e-01,1.662647276535401453e+00,9.364213147207310628e-02,1.351804080277675402e-01
5.700401816509289565e-01,9.510595486773039120e-01,1.407348925798563410e+00,1.264577075073156198e+00,1.380542096516358397e+00,1.384739408665435878e+00
6.280700656325233222e-01,1.808190697101224931e+00,8.391372618686983031e-01,1.638916825653708997e-01,2.115237881629095984e+00,2.130963950876022306e+00
4.859674453813748407e+00,1.625625313587148346e+00,1.668945889557222895e+00,6.653941865895385277e-01,6.592373590714960263e-02,4.594424217269903882e-02
4.081487238909685900e+00,7.033617896912618406e-01,1.351902658899120979e+00,6.148632426811586615e-01,3.964584768826804467e-02,4.246755362273575696e-02
3.428699155053307912e+00,2.734831804684232814e+00,8.279493830688290368e-01,1.198997555817154170e+00,2.205127900888236847e-01,2.520204421079162982e-01
3.979296403537813998e+00,1.775547715573337015e+00,1.659782033480858177e+00,2.381770188572942537e-01,1.028919707290641139e-01,1.021664050658957212e-01
1.226272931044197989e+00,1.646383757233730982e+00,1.459112012984266293e+00,3.455119973405722522e-01,7.362285616812449529e-01,7.239562448516720927e-01
6.969434586859686309e-01,5.810036790722359346e-01,9.931147950245001743e-01,1.663504435377920032e+00,6.244056254639295256e-01,6.289977118963203662e-01
1.745992664105982639e+00,2.807170246336851527e+00,1.393957796116437775e+00,1.063231426883973985e+00,7.969056861326760943e-01,7.936719939763943188e-01
3.852727504822968996e+00,7.360599922051866972e-01,1.905590176745190600e+00,1.377240444760334803e-01,4.646445972847444705e-02,4.210916239747324041e-02
3.826052543822039187e+00,8.233800137875353364e-01,1.148132548882032422e+00,3.259807913804833035e-01,4.777015400714183097e-02,4.077042219636235060e-02
3.644476138467318993e+00,2.166182537182700152e+00,1.225687021381486552e+00,3.945625999550612661e-01,1.465433102389470110e-01,1.867266276215694409e-01
2.201541492880411788e+00,1.210049416123759602e+00,1.818858298834995502e+00,1.729970389452149870e+00,2.668263099895486490e-01,2.498539461922753002e-01
2.641713523618235637e+00,1.933279722393009603e+00,1.536831832428676270e+00,2.137097775385312648e-01,2.516259568729413143e-01,2.438131320058813389e-01
3.752007687540621639e+00,2.106775160440041095e+00,8.819673828766039225e-01,1.531929012273326007e+00,1.490455615636500641e-01,1.380807542757377937e-01
3.020113509819548181e+00,1.244433645049412673e+00,9.632818583136377733e-01,2.648341685456570005e-01,1.177000857649643240e-01,1.429423157666614985e-01
1.262283539277197164e+00,1.235617651541194073e+00,7.987560311526646917e-01,4.554672730092474975e-01,5.086836502406804073e-01,5.035441675469460865e-01
2.456590477351783708e+00,2.484731146146296421e+00,7.152296116044156715e-01,5.613380662532279075e-01,3.548516570465304332e-01,3.813741760414117721e-01
4.687246543464078208e+00,1.169998563644839340e+00,1.935287467258672844e+00,7.455336579460563051e-01,5.529285912073630266e-02,5.905725926139466370e-02
4.813139531251533931e+00,2.905296762030568747e+00,1.305929889003466293e+00,7.120983431557799115e-01,1.112250165486456666e-01,1.111901067820518507e-01
5.717988181503235179e-01,2.279727566886194712e+00,1.761312122581099704e+00,1.709303897514395265e+00,3.762209647213203834e+00,3.733425395061409358e+00
7.744686843559287492e-01,2.099256804809519039e+00,1.295636369554723721e+00,1.166821213332231766e+00,2.094232420012114293e+00,2.118889047847381857e+00
4.784707221308851510e-01,2.638395695904879101e+00,1.293479124010018522e+00,1.213580854257890973e+00,5.716070176482476839e+00,5.727316859817086936e+00
2.625547985737161749e+00,2.429276293687607335e+00,8.104463876725285232e-01,1.339468760492339205e+00,3.282392210387781173e-01,3.367659835125418333e-01
4.511140322485061915e+00,8.025581442285502076e-01,1.513982780567846298e+00,4.062295250635843402e-01,3.494952677440895522e-02,3.302599953729658255e-02
2.671657216043378025e+00,1.958974803103360918e+00,6.119825552396800372e-01,8.368702780560910437e-01,2.391425541526310261e-01,2.312331802713347428e-01
1.796814653264503514e+00,1.557789176142801546e+00,9.470139987147927485e-01,1.740333488185014765e+00,4.205422042377758296e-01,3.956044498967205003e-01
4.429322213345630033e+00,1.956617903496013833e+00,1.493796311965325918e+00,1.003666392013777164e+00,1.023959652044333646e-01,1.217345687935094678e-01
1.358976904622908100e+00,2.062446190162790849e+00,9.542258041932817347e-01,1.277006957661092956e+00,8.396703726761971520e-01,8.454727673958936096e-01
2.837719392482001890e+00,1.761671738984604385e+00,1.514812835311929895e+00,1.774531113643280866e+00,2.439671761967152075e-01,2.372083325163629186e-01
4.450268055159608771e+00,7.457975723036918136e-01,1.704351386100233068e+00,7.043229110040498675e-01,3.772898413134262441e-02,2.554541970369110515e-02
4.383565068583158642e+00,2.171427648143204880e+00,1.891522747417864414e+00,2.896128163279014789e-01,1.059890041787793225e-01,1.087336770633593325e-01
8.344491965575828729e-01,2.029521661599135829e+00,1.687193527720137309e+00,1.528116699701278280e+00,1.907948592231271556e+00,1.906555360425423284e+00
1.664360732520192565e+00,1.197711046664550638e+00,6.521922907998466412e-01,4.810690778281527802e-01,3.277390084622378019e-01,3.610212066057421620e-01
2.157317874727524565e+00,6.984910045136700774e-01,1.323695820053982786e+00,1.869170090523332606e+00,1.498931002387550726e-01,1.657967579154275006e-01
3.908136587689326369e+00,2.801200390634760673e+00,8.587328703150480802e-01,1.339931977490084414e+00,1.759369621231196557e-01,1.644424127574455885e-01
3.496086664214422601e+00,2.234337045104819452e+00,8.436961365925305101e-01,1.109441216673893615e+00,1.715586505933277550e-01,1.498747565828331685e-01
2.776305643542010593e+00,1.819118599625937138e+00,1.880984455751682827e+00,1.134147611996096705e+00,2.516646594345932075e-01,2.473755149379101848e-01
2.008922210073111003e+00,1.784944777219769962e+00,1.738186083979344376e+00,4.231621519419426214e-01,3.813641119935054502e-01,3.635631995384378534e-01
1.577171390053807132e+00,8.950794832056520045e-01,6.227639889962772735e-01,1.710649066023279596e+00,2.758505512316649089e-01,2.778053925929970802e-01
2.995867891803031036e+00,9.692356438222620163e-01,1.670730349367003598e+00,1.060784245146536131e+00,1.127019901856264050e-01,1.212231227380952403e-01
4.058325824544836813e+00,2.493149042027676288e+00,9.485537115677030728e-01,3.850813106254302731e-01,1.167715275757821997e-01,1.299442386766258839e-01
1.886149090248311566e+00,6.043851462544929110e-01,1.212887460906931336e+00,5.672461851301162650e-01,1.381112479743869526e-01,1.468931207350220869e-01
1.564028389297756227e+00,1.421202471743810314e+00,1.467809163870843259e+00,6.212492388693573453e-01,4.508564796020829712e-01,4.475190854051207534e-01
2.470470528229732621e-01,2.890939441944612387e+00,7.180776415437331028e-01,1.505489422615474249e+00,2.367441282225023258e+01,2.368690670530301290e+01
7.298272011367186174e-01,9.982832925499656174e-01,1.150558818544096473e+00,5.361863290654678149e-01,9.401044763373329616e-01,9.228195115472415111e-01
8.300049427070450569e-01,8.944363041032807882e-01,1.197669950534230532e+00,6.186315468057763667e-01,7.049510363145869984e-01,7.038945567465341169e-01
2.274585257094484447e+00,1.042998591071908621e+00,1.592241528129064942e+00,9.732608627141217106e-01,1.910071982139855962e-01,2.077795271640868191e-01
3.924005648619258046e+00,1.025232041839686081e+00,1.366127148822836812e+00,1.806251491450750146e+00,7.622967855436421636e-02,8.252378235931369377e-02
2.141051604334282210e+00,2.121452048446979877e+00,6.167240752420548588e-01,1.514421127715764426e+00,4.002841926788106575e-01,3.754056909831921529e-01
9.010051514619288326e-01,1.112397516482095394e+00,5.802495838217500701e-01,7.985546102419194270e-02,7.461501728056301186e-01,7.236038245390258306e-01
1.006022575568396693e+00,1.683983844446153677e+00,6.167715915109979186e-01,7.509346747626048924e-01,9.949120082340372484e-01,9.631787929608154331e-01
4.773847561933193262e+00,2.697371201475978530e+00,8.769064092682982148e-01,1.164835272029109081e+00,1.015320814889313639e-01,1.381932653098041086e-01
3.176884307749094027e+00,7.952707891832323517e-01,1.844315427204043623e+00,9.700564168276777366e-01,8.382482264158580554e-02,5.342063229072298997e-02
1.623097004786385966e+00,9.674908274405151776e-01,1.411011794875409731e+00,1.813602601160507310e+00,3.301400066097345820e-01,3.279793659565015673e-01
4.253437133492419697e+00,9.679525038398604231e-01,1.190467601822318144e+00,1.930156507977972780e+00,6.010981172716554910e-02,9.745472799326024282e-02
4.747733588187791121e+00,1.857378523295393880e+00,1.658769322673030455e+00,2.997958365691975047e-01,7.088052527465403541e-02,9.304680199405838958e-02
2.824180980861535684e+00,1.677323840536167454e+00,1.912644849260650037e+00,1.736209039489811312e+00,2.471648484109445487e-01,2.741411091889672802e-01
2.374607738045539929e+00,1.021605044367010828e+00,1.796084066971407989e+00,2.615161875773950317e-01,1.629577275144889481e-01,1.536186811437595667e-01
2.055492542121305277e+00,2.006991575553213281e+00,6.058595376194422233e-01,6.654788518170715594e-01,3.923488660326278077e-01,4.077779707709369150e-01
2.000425865904143841e+00,1.970490427548193368e+00,1.245908227499767040e+00,1.546467876760645233e+00,4.613558753666176515e-01,5.229195403113876539e-01
4.347840605014329007e+00,8.758563828330221401e-01,1.109336117216757733e+00,2.656060800141819556e-01,3.457941067442059369e-02,3.451084632360205962e-02
3.618161162530976860e+00,1.667362797642438332e+00,1.580223772144165650e+00,1.295028586131508064e-01,1.152016795253333753e-01,1.241378117601414782e-01
4.575769951543684932e+00,1.925844345904127897e+00,1.605703256928953770e+00,2.389268517008744652e-01,7.806251273198004659e-02,7.243059220316241942e-02
3.588135769682659904e-01,1.980258918443419613e+00,1.944993106964458374e+00,1.795649521540626514e+00,6.030043737385066827e+00,6.030459584444125554e+00
8.322083595689671043e-01,1.177459560633398183e+00,9.839841393871295860e-01,1.744532236007878323e+00,1.035764790216683107e+00,1.043925299470360724e+00
2.718751494127700674e+00,1.274608086509293026e+00,1.537243865803314957e+00,4.722243723045844721e-01,1.616136401103390186e-01,1.900411529793891163e-01
3.017568383312868807e+00,8.746492984229682355e-01,1.740315557041123506e+00,1.968394192845672297e+00,1.152345110260997035e-01,9.792501626359770284e-02
2.265045170206999803e+00,1.367944127856121295e+00,1.864427786288524125e+00,1.589070231166460623e-01,2.348614500300702512e-01,2.069936851641639985e-01
2.684346631855640819e+00,7.072566605680512541e-01,1.030954443411488786e+00,1.650420468801301999e+00,9.730754958003351440e-02,9.852947937367285969e-02
4.526429301379923054e+00,1.274529187324150881e+00,9.627993639985524821e-01,6.236095711635272210e-01,4.854388687606118330e-02,5.336448205137536704e-02
2.901784096361687659e+00,9.193827898519486563e-01,1.593272563475027548e+00,1.644011169679727047e+00,1.212712489944255956e-01,1.502157257472880314e-01
1.457939352689390233e+00,2.324222671756213998e+00,1.803548500264809951e+00,2.417155334262965916e-01,8.140930487731093956e-01,8.291683899196546914e-01
2.599239736964694014e+00,1.082442038074176827e+00,9.325511947919836730e-01,1.465081387367286325e-01,1.369456512040153340e-01,1.251835103120028381e-01
1.628888730616418368e+00,7.364642830488681291e-01,1.087473512261178499e+00,9.383898538727883931e-01,2.159876702122836278e-01,2.280508271851246216e-01
3.226401938395837110e+00,1.537318945198141495e+00,1.810155875164781270e+00,1.714259724973737020e+00,1.756500969790689148e-01,1.987029437758780770e-01
3.019378521715204489e+00,1.245507739674238668e+00,1.127458998556112091e+00,6.871062404145220626e-01,1.279169723087136556e-01,1.343722104560992892e-01
3.598535390298638781e+00,6.724247379097765265e-01,8.448053945361129191e-01,5.298157381198000948e-01,4.331668463761088189e-02,3.725153342288542446e-02
4.875344014564140238e+00,2.323796664627900910e+00,1.547133759229303518e+00,1.076186959175485347e+00,1.006387888763398686e-01,1.149027800917794828e-01
2.593479506268125512e+00,2.924533997108100802e+00,1.123974353489187283e+00,8.028771094801330221e-01,4.021023130028211212e-01,3.957325593286729060e-01
3.804151969508431930e-01,1.569933230462565499e+00,6.143137956645803310e-01,2.506914891864209238e-02,3.988153662270740085e+00,3.951533074587645356e+00
2.575640088610076539e+00,9.480957493198631791e-01,5.343289510787139207e-01,7.937191375069667654e-01,1.217597983406632500e-01,1.490953869906900264e-01
2.638028772587523996e+00,1.311888566277789492e+00,1.698335247746202592e+00,1.480421850727462907e+00,2.031728420271996516e-01,1.780857516021136233e-01
3.995569051500895696e+00,2.766263103603945339e+00,1.436473194225995620e+00,1.063715926166235448e-01,1.452263835236121126e-01,1.392280913474207571e-01
4.652907075132331371e+00,2.756836986444854531e+00,1.115901022151309263e+00,1.954026842710580691e+00,1.400756547284057740e-01,1.344390130748356615e-01
9.738929790733226177e-01,2.515756363189252554e+00,1.334301532055378159e+00,8.656764170245769829e-01,1.738372237879258320e+00,1.732338618848600298e+00
4.452387862252582984e+00,1.166129329093207767e+00,1.659826972217707697e+00,1.674377029614098067e+00,6.985860905543619936e-02,6.482253895248665798e-02
1.028741043650971410e+00,2.130579824066721528e+00,1.371953120767191336e+00,1.982016138062952848e+00,1.517305043438192946e+00,1.489145627913060155e+00
3.033150054469650581e+00,1.794550665961721414e+00,1.862380177220952060e+00,1.577923958212559041e+00,2.263649645330731985e-01,2.375125122435692848e-01
2.224073909061278498e-01,1.056061926154927555e+00,6.714361080322162056e-01,1.176574785972953396e+00,6.433176321817887455e+00,6.434342816213686866e+00
4.255959097770895205e+00,2.404672448166197629e+00,1.946881910554875583e+00,9.888173226459451293e-01,1.469786446849146166e-01,1.483695034751496833e-01
2.178421753376917014e+00,2.181714170941218889e+00,1.046478039520760905e+00,1.939948951842878078e-01,3.870702903257293714e-01,4.091004568839103350e-01
1.240215357556248676e+00,2.915197168551524776e+00,1.533432689745076072e+00,1.749089591159528334e+00,1.586114674126863688e+00,1.608688465040872817e+00
4.741583924934951177e+00,5.909703801183134875e-01,1.425008032009513093e+00,1.124665469837290876e+00,2.680585887414745072e-02,5.415634871081796003e-02
6.119612698489046432e-01,2.978739988170371777e+00,6.453563738882979184e-01,1.451200608451856278e+00,4.868716816961677907e+00,4.906293508228626976e+00
1.889386728295085360e+00,2.247744451360554230e+00,1.255032302369747388e+00,1.189623852743149524e+00,5.561168577536855784e-01,5.657423362066233974e-01
2.437806395553126837e+00,9.746177797964790113e-01,1.150270836772004701e+00,6.335053587604133618e-02,1.411829866612270279e-01,1.109786612278267637e-01
1.467973003135629728e+00,2.526644409219933163e+00,7.353052189692996787e-01,3.305260915075771688e-01,8.452065455301690511e-01,8.500211366875563002e-01
1.917076651178794888e+00,2.591248334797999764e+00,6.549914932527656219e-01,2.465716048108892444e-01,5.694770778776516718e-01,5.702933409837770418e-01
4.250936269691732328e+00,1.464356247071446182e+00,1.359442709041432717e+00,1.086174447803834875e+00,8.283782172752540696e-02,8.477513420790744325e-02
1.144089753428448208e+00,2.528648579587252421e+00,9.879688863653390829e-01,8.910667010300001856e-01,1.317323664319355103e+00,1.305873943071463650e+00
2.872757311154116699e+00,1.816537728793880424e+00,1.274170742731931982e+00,1.908129302974598263e+00,2.403402330356448346e-01,2.231207490199288435e-01
1.219443280466401047e+00,2.652126952286828931e+00,1.452026220092288655e+00,6.042860556981901610e-01,1.261067413901992174e+00,1.277553940384586584e+00
3.172760726152178634e+00,2.774150063671946942e+00,1.579009047261191068e+00,6.415231114568336057e-01,2.726269738425087796e-01,2.925840437054273435e-01
1.401957870752642332e+00,9.015082066728731247e-01,8.285575824504021192e-01,3.505181502744840749e-01,3.162462390424631842e-01,2.944484880331881826e-01
1.713846131680450746e+00,1.595170213287686156e+00,1.219949017118744372e+00,1.168142976415835754e+00,4.553211828616786638e-01,4.666712436352881133e-01
2.728593946879241283e+00,2.858160335797053975e+00,7.777749272805998260e-01,2.538358225312318250e-01,3.229342991030832444e-01,3.201124879381779254e-01
1.408616272609622744e+00,1.236933523348344277e+00,1.704369221661061529e+00,2.859004789232926225e-01,4.505108756419577420e-01,4.433127366293262983e-01
3.702242913271383440e+00,8.792144729132068681e-01,1.938093168883916473e+00,2.988122056500410739e-01,6.279951124716535993e-02,7.704142717171959254e-02
1.278032116438253984e+00,2.678593368247419892e+00,1.903809322191427622e+00,6.656821806653299145e-01,1.240880360498462176e+00,1.240408157006614775e+00
4.219150639131050262e+00,5.096329368302894292e-01,1.122076296692042785e+00,1.700863794396857198e+00,3.064045488711328313e-02,2.010254448456687618e-02
3.563852744228927172e+00,2.737916837235151224e+00,5.853495892610990348e-01,1.887057309548010098e+00,2.058151898440536143e-01,2.074684093102993621e-01
8.202868894696386803e-01,9.441823231978986319e-01,1.498585276059693383e+00,9.640522487596148160e-01,8.094214328855109386e-01,7.700144181796345633e-01
2.696745124947186323e+00,1.529876441171358126e+00,1.163720238460885792e+00,4.680264086879279972e-01,1.906320435200579144e-01,1.792964454454000489e-01
5.177586104862236249e-01,2.659468726855378495e+00,5.459277176491943440e-01,1.556899438707914030e+00,5.866021373531424388e+00,5.857720836917067686e+00
1.026341466784177481e+00,5.189328328968091375e-01,1.200160694806761130e+00,1.541487520611548589e-01,2.835310690212682339e-01,2.560435891464181712e-01
1.701882369424716712e+00,2.469224185872191057e+00,1.718735318166965786e+00,7.868084053164750014e-01,7.262871582216737787e-01,7.302802348063581750e-01
3.597691758220110003e+00,7.379664631846040157e-01,7.040823715369224356e-01,1.485394606223676028e+00,5.382285624996564766e-02,5.962846808544023519e-02
3.167748463592612751e+00,2.101173632035917116e+00,1.965224565255381250e+00,2.163656598532548436e-01,2.022310494336599929e-01,1.905837033151035198e-01
2.753755099724619626e+00,1.440100887940171326e+00,1.511727762207737413e+00,1.535120737606026076e-01,1.723654900106693089e-01,1.693306502105816902e-01
1.075345521677750771e+00,1.571950984998852441e+00,9.304571957590025422e-01,1.365941622404297950e+00,9.166401365063207018e-01,9.304499727978844392e-01
1.627837388145684683e+00,2.663044826428893952e+00,6.905793750065525316e-01,4.410251509137257386e-01,7.616413224778197932e-01,7.831648590786116637e-01
3.495490763002000900e+00,2.064084476853230488e+00,5.704000762594902962e-01,1.391292906802089835e+00,1.508703363604252945e-01,1.359782551286518870e-01
2.554812864872859635e+00,9.754216779999659304e-01,1.573993977767704333e+00,7.145471362119362180e-01,1.419113908573875482e-01,1.489829176713178549e-01
1.748673080965768678e+00,9.270766219622399440e-01,8.322231969013835773e-01,1.337650085489357377e+00,2.443332168110251001e-01,2.653485385635724336e-01
5.312397054847846078e-01,1.490517969974350709e+00,1.261956778603098961e+00,1.545384298145329627e+00,2.553045949608315546e+00,2.552693877148342949e+00
4.209840246744633863e-01,1.570785757805424954e+00,7.209504760964557946e-01,7.190713959485788287e-01,3.671446682312945686e+00,3.656244730616438954e+00
4.637095256374928809e+00,1.292059370638352966e+00,1.895246453194125769e+00,9.006481450860110982e-01,6.425012867772741942e-02,4.912399727711556918e-02
2.196984360335580533e+00,1.730231313256534564e+00,5.545617451818294352e-01,1.315303805794840741e+00,3.064622880748766320e-01,3.002047667706569389e-01
4.484685679712254291e+00,1.280635221234137866e+00,1.091470544304500301e+00,1.286939265393586940e+00,6.263386286822099358e-02,4.214043091100957289e-02
1.365134817246117516e+00,7.478198681493115618e-01,1.027523455445326306e+00,1.118047265123713219e+00,2.906302167995250540e-01,3.310315581956460584e-01
3.033388860111760899e+00,2.441685662176433347e+00,6.389096496715795936e-01,9.182380119489945702e-01,2.335193775696106921e-01,2.222474924335348656e-01
1.426364065312237139e+00,2.075162227581248686e+00,1.466454327905434951e+00,7.714877498011534218e-01,7.820663800489545681e-01,7.897407662047234433e-01
4.435697221363543719e+00,2.709686714027370602e+00,1.859454308599213457e+00,3.953148299837361268e-01,1.317348127431247073e-01,1.354941833974574183e-01
1.273967430820494018e+00,2.057239004928327120e+00,8.532614678137258046e-01,1.803330183237282780e+00,9.706271544972844278e-01,9.834471041731397412e-01
2.819623151687238760e+00,7.455215819208106387e-01,5.840661775405738831e-01,1.314867225473901780e+00,8.451665273875602624e-02,7.687429959708089178e-02
4.838760802241917069e+00,1.270702311913329607e+00,7.242981342805593359e-01,6.790024972025150429e-01,3.352983132588083226e-02,7.600222887584620612e-03
3.704314404239032132e+00,8.051063963395148626e-01,9.867846362959730167e-01,1.747235487605217852e+00,6.139771098708614316e-02,9.419206379692765529e-02
2.861670545818160161e+00,2.337164873231497797e+00,1.682089897743813900e+00,8.175200387993530882e-01,2.867775229621319921e-01,2.852271369165226833e-01
1.948280957018243775e+00,6.911232267515152738e-01,1.434283165485106704e+00,1.693023212902077024e+00,1.742912854883945650e-01,1.766312483657781207e-01
2.743968874233829958e+00,1.501431199725093313e+00,1.471623048480704465e+00,3.501573865915184047e-01,1.840052235901745992e-01,1.880124282012752002e-01
2.190300890570195946e-01,7.330108653325257961e-01,1.957935215627083725e+00,1.346883967858817810e+00,3.527895409107944413e+00,3.553128998271583239e+00
8.273628702576616423e-01,2.319492089466018037e+00,1.889096413418061005e+00,3.355589634543987287e-02,1.872701850377320287e+00,1.888083207851109169e+00
1.539675694431411834e+00,1.033710042032133902e+00,1.685197144646978229e+00,1.665674076641479040e+00,3.897695264595543163e-01,4.132508127311197432e-01
4.248245075797056902e-01,1.814555750973008807e+00,1.245002214316446310e+00,1.725239436346106103e+00,4.490315737679212660e+00,4.506772394647603264e+00
1.343519057123010452e+00,1.156387560849224894e+00,1.065747885111263171e+00,1.980106893438503102e+00,5.129347528857575167e-01,5.160116868956654557e-01
2.221258970829818491e+00,1.361386170379542460e+00,6.920049923876523401e-01,1.974079286075696160e+00,2.508943828730019199e-01,2.559997587517952033e-01
4.319193142635779026e+00,1.797511983059272955e+00,7.022156106983713508e-01,4.928559649085322292e-01,6.116842950221208774e-02,4.633312662311685898e-02
4.611398377263401294e+00,1.801976429381133116e+00,9.592753391310486766e-01,6.165541249754222797e-01,6.472548005505801560e-02,2.598234707206230343e-02
2.991049030125800812e-01,5.911958740897869102e-01,1.133861472929388325e+00,1.071826046622275097e-01,1.764101476898466636e+00,1.759346114246127968e+00
2.407511245706819292e+00,1.799285361317612297e+00,5.727556990672353354e-01,1.095429620940300941e+00,2.698660285934437741e-01,2.484393920427263869e-01
3.480757412035475618e+00,1.296186467581450952e+00,5.038592821622718265e-01,1.895077464417233459e+00,9.905314228676928567e-02,1.508259329375974400e-01
3.811247252746006620e+00,1.057766076447899106e+00,1.490449739332712964e+00,1.619925354237088166e+00,8.291815626780150994e-02,1.141265899746587015e-01
9.646928206049154575e-01,5.983486525393353350e-01,1.218341406205026844e+00,1.847799123403489618e+00,4.256623355355334537e-01,4.491060489504344888e-01
2.347356804484798387e-01,1.969572657849830488e+00,1.268489543973910338e+00,1.673886751818829399e-01,1.080537926569405904e+01,1.079439563441778205e+01
1.397028068316533478e+00,1.435341012710144915e+00,1.728607693079929231e+00,6.115112664828619149e-01,5.551576620610658708e-01,5.963640074222785747e-01
1.708160487800550520e+00,1.875511453195891853e+00,1.832808354273676166e+00,1.626786141174542344e+00,6.178809846929584904e-01,5.838283203223864071e-01
1.098381763667817257e+00,1.074480445549367058e+00,1.398836519469743189e+00,1.558362601312865303e+00,6.420975973579379215e-01,6.179598024878630858e-01
1.258306055867031814e+00,9.388682767389493478e-01,5.623667344142867508e-01,8.572379703868306944e-01,3.884031805120303771e-01,3.728167204600588702e-01
3.377601673839769614e+00,5.895073034021698355e-01,6.187895354676904436e-01,2.584251270453867821e-01,3.559688437672946931e-02,1.646782508793392594e-02
1.264298720970650658e+00,1.181367242780305249e+00,1.089838957346804138e+00,1.044105735523799261e-01,4.818292684510702695e-01,4.845107060449777014e-01
1.106464793474958519e+00,1.038122809506436317e+00,1.584592710032039609e+00,1.788364004429001008e+00,6.385001236170501082e-01,6.424082662704555524e-01
1.500050988205699376e+00,1.818476519353781518e+00,9.050037207484090684e-01,1.228687407677797827e+00,6.212653186421227547e-01,6.594962479189010462e-01
2.385909850232931451e+00,6.774350810575173742e-01,1.682427352902401640e+00,1.951807849906981307e+00,1.315888943017016199e-01,1.515676794347580458e-01
1.151280304637144480e+00,2.827089239389464659e+00,1.242750167795032112e+00,4.896136829635404641e-01,1.429126442618406045e+00,1.453575354765101135e+00
2.578966986941274797e+00,2.828736258441034046e+00,1.528782409375775142e+00,9.285841422148477520e-01,4.164089027270258536e-01,4.248094683600178723e-01
4.697451135970131197e+00,2.291291577412684966e+00,5.307850939979033011e-01,7.530622992074067490e-01,5.382251612790613093e-02,5.090933937383179675e-02
4.144458900088187292e+00,2.742687155916084585e+00,1.824999515137631034e+00,5.332935957633271329e-01,1.595793708651885856e-01,1.458829270096779762e-01
3.806529304204032016e+00,2.566442710990343823e+00,1.415967534955231422e+00,7.151556214909771114e-02,1.496879801299490498e-01,1.195368571053832540e-01
4.723956235435622375e+00,1.757690621218525262e+00,1.348528492819389024e+00,1.939247648751318831e-01,5.836928891311064793e-02,4.100645301145876276e-02
4.624011856410860766e+00,2.147517825932510060e+00,1.749159792671491243e+00,1.483458627198130264e+00,1.171860279300584451e-01,1.096004814391979415e-01
2.854582173674322654e+00,1.131468386970250650e+00,7.475114263912995272e-01,3.086736836362682368e-01,1.157771886299606007e-01,1.310652358429742204e-01
3.520283716977940625e+00,2.328772188951561795e+00,9.555492248391166399e-01,1.483704170820703494e+00,1.894632560154998480e-01,1.557659346033238856e-01
1.892857886518675592e+00,1.645079094727483593e+00,1.277597313368504794e+00,1.479627803528262842e-01,3.683980742063445168e-01,3.411038158288458577e-01
2.783965642722950662e+00,2.125828448514519131e+00,5.273001318593917297e-01,1.445358262023490159e+00,2.470476290239936867e-01,2.514689243009245456e-01
4.619143855655172715e+00,1.052839319820896069e+00,1.105915470263107103e+00,9.652393620618029413e-01,4.495104225837007195e-02,2.400335564461773818e-02
2.636575373388112542e+00,2.832266663303010024e+00,1.837250346134141621e+00,4.635689265640896561e-01,3.894989361538343520e-01,3.962379804471543032e-01
2.222081185575636830e+00,1.518531526674270049e+00,1.612138887588341563e+00,3.060839532898871340e-01,2.690393179460654483e-01,2.608358255951523375e-01
3.359083096364573251e+00,2.843498302283712142e+00,1.392322020951664907e+00,2.580370872302231167e-01,2.306294118970238782e-01,2.156237040954547823e-01
2.432331251451143483e+00,1.278542997392548619e+00,1.753212317778924945e+00,1.574572931360793016e+00,2.320647540672842457e-01,2.054333607333493905e-01
6.563607254863015328e-01,2.096341716584417370e+00,1.555408804633308328e+00,2.108401092936276200e-01,2.400244258325417324e+00,2.398394702077477181e+00
2.018913233158154519e+00,2.578711493021748957e+00,1.457303219722135168e+00,7.259405034830539449e-01,5.553909443795413958e-01,5.408461228420632372e-01
8.520942616985807128e-01,1.554338973580377647e+00,1.324016269494376452e+00,1.843223612907741948e+00,1.398726538959804921e+00,1.386495843608819056e+00
4.590193669983617220e+00,2.334864702770699907e+00,6.523054185167500574e-01,2.804944512928484457e-01,5.044286742356819675e-02,3.772479816178539447e-02
3.756235012555242836e+00,8.979494980303246443e-01,1.236832570768941597e+00,1.278665943942033589e+00,6.599385614531319555e-02,6.974743011279257998e-02
2.308690378789596043e+00,2.326058901735894580e+00,1.814876111142446291e+00,6.338174733936490224e-01,4.092370568228710925e-01,4.122216497507707467e-01
5.397291086321276410e-01,2.362331307317647067e+00,1.544250612207011875e+00,3.952188203364714880e-01,3.780736559382850359e+00,3.746478135390084230e+00
7.425343348278603539e-01,1.100752719410903246e+00,1.079343067567142045e+00,1.979257842989079252e+00,1.166624486902981594e+00,1.163414690368058224e+00
1.459594890135682554e+00,1.207733142313445640e+00,1.775691506308498369e+00,1.795465340365642870e+00,5.073490338411867917e-01,5.153236907327078953e-01
2.716571324328316273e+00,2.179285659014376542e+00,1.322666530593180623e+00,3.837947943588195798e-01,2.698804203520543954e-01,2.906696559154793857e-01
7.096459766460161411e-01,1.665130639997541184e+00,5.149336584880301881e-01,1.825440567997738350e+00,1.915567289995151246e+00,1.931232829126410255e+00
1.941840873260759048e+00,1.754918369966564029e+00,1.939695475125311486e+00,6.273514322584710090e-01,4.139819641014051421e-01,4.181728402025454705e-01
1.069217328929266131e+00,2.413986270263336564e+00,1.184007901558005393e+00,1.723419053621488617e+00,1.573199164793360749e+00,1.550350174016388083e+00
6.995335434037481814e-01,8.715221385360343298e-01,1.748336380512571786e+00,7.115031137583538445e-01,9.198261884873430994e-01,9.044273928548014485e-01
7.794348944950990621e-01,1.590805827698504205e+00,1.865854472651460094e+00,2.623861522667385593e-01,1.415318281565388414e+00,1.433609258659708896e+00
7.787710785989134799e-01,1.380637008410477318e+00,7.049357768685349246e-01,1.859527296763173743e+00,1.344938642205153911e+00,1.330895318400270755e+00
4.190883263179430607e+00,2.439350052454586137e+00,1.670470453089851981e+00,6.033473857617321912e-01,1.372528659450016342e-01,1.577781582295633422e-01
1.064498511556511318e+00,2.179130904547979863e+00,1.433213530854498652e+00,1.761252252736674961e+00,1.452766313714515922e+00,1.478245663768731566e+00
7.349416444151641858e-01,5.349027521232370130e-01,1.822223235581496681e+00,1.979532914022477330e+00,5.781254228373036153e-01,5.568819030777025780e-01
4.187973708107982418e+00,1.901134064529736545e+00,9.807458334214196327e-01,1.551414056909705463e+00,1.097772563795542389e-01,1.185895495969234437e-01
4.812852927697462313e+00,1.172016413568393478e+00,7.024882151051208279e-01,7.972712382793072372e-01,3.286816309391341062e-02,3.062670012298277650e-02
3.724293483216805534e+00,1.252551268404872520e+00,1.591183576812442935e+00,2.031682165397656892e-01,8.267935941277161638e-02,1.232334323435974877e-01
5.502194607790038550e-01,6.132955296099145137e-01,5.493671333504697163e-01,8.915441129625032435e-01,8.300650766483639309e-01,8.468259958251936892e-01
8.490924103518706634e-01,1.562540688896882246e+00,1.553361554502189712e+00,1.624419088209040796e+00,1.405925786677390654e+00,1.395716598743409032e+00
8.985142139063611033e-01,1.603290490965731951e+00,1.762110338218832783e+00,8.596609180446623810e-01,1.247183528006978737e+00,1.255329697307310699e+00
6.695279775248432763e-01,7.239565374461566227e-01,8.528594367667521325e-01,1.181480698151061937e+00,7.890694055455507172e-01,7.707157307927611223e-01
2.506617519101712599e+00,2.550478522781367552e+00,8.277342771625905149e-01,8.190477288261617250e-01,3.612491652645182239e-01,3.582195147954370662e-01
4.684053478653849578e-01,1.808927610454562407e+00,6.733439649878588673e-01,2.270936873004147927e-02,3.334081913593259561e+00,3.338181701945654556e+00
4.015605533131950011e+00,2.209886286460072569e+00,1.721447283202745426e+00,6.887786735800831561e-01,1.396496229511397236e-01,1.426370493609237788e-01
2.171557322846784821e+00,1.147254469489848994e+00,9.940252406542062769e-01,1.372926936458777725e+00,2.193555835302267165e-01,2.255109541163211884e-01
1.137317773556927758e+00,2.430507998709886319e+00,7.232481624836769596e-01,1.438766889414708761e-01,1.189795899897731601e+00,1.171657093316434528e+00
6.465258738484855883e-01,6.403889435502834182e-01,1.403599203953198371e+00,4.585427895373912488e-01,7.071782392265206774e-01,6.701126439606788221e-01
2.931902855766642002e+00,1.226106486230694070e+00,5.144099098821217630e-01,1.540551678326128160e+00,1.291189549537143932e-01,1.218606592276779144e-01
3.934794793459692297e+00,1.093858300144759710e+00,1.007993236637544809e+00,1.135354632960677401e+00,6.817881918854187817e-02,5.033167561839921311e-02
2.997236086070352634e+00,2.008454057001547888e+00,7.064909486756891788e-01,1.829505460267130568e+00,2.177471023260866279e-01,2.037434196312482015e-01
1.340577659285165923e+00,1.823183005938337375e+00,1.503459423946573281e+00,3.879006125085651124e-01,7.199050990118889271e-01,7.626518194128611983e-01
4.053933537941674992e+00,1.571425610207328516e+00,1.698280282296628529e+00,6.639303341265805347e-01,9.652337952885300942e-02,1.197811392474633363e-01
2.669402112629271517e+00,2.271367683171061636e+00,7.674550856426665124e-01,1.645251159750843906e+00,3.031551851045118928e-01,2.996661619370884488e-01
3.009309694202346286e+00,2.271207232064550219e+00,7.100592939913700219e-01,1.251711338388527883e+00,2.326707723674124872e-01,2.040020629799811913e-01
4.557111857805056232e+00,2.446529545572371234e+00,1.627149927790308093e+00,1.394861568691393217e+00,1.326327652553219716e-01,1.066688495388859181e-01
3.441452768260067074e+00,2.708131191055179965e+00,1.819167168412493041e+00,2.241084413206011483e-01,2.189075362279547243e-01,2.261314577340922394e-01
7.599638382704443362e-01,2.843490992721680044e+00,1.716621494333135711e+00,1.857569615021337883e+00,3.266329866272249749e+00,3.287716842596302591e+00
3.533483917128297236e+00,5.610655701668059159e-01,1.033776757989966377e+00,9.662957392497038001e-01,4.302582774081032541e-02,3.725552911489304203e-02
1.593891033759278208e+00,2.553971506994657137e+00,6.914269963306272082e-01,1.536725367635423556e+00,8.010327903726206511e-01,8.037347837412399665e-01
3.992043888739899682e+00,2.746511559243755229e+00,5.360789371310281659e-01,1.208400056907747988e+00,1.361343621631660450e-01,1.412304768066042493e-01
2.899511415519170576e+00,1.365892538815215218e+00,5.567835188412000313e-01,1.959813695161852998e+00,1.532442062954526563e-01,1.745680701217885988e-01
2.795285078674520918e+00,2.222159292916884521e+00,7.697786732962763612e-01,6.798960991468776527e-01,2.517644678744171971e-01,2.141550408779437642e-01
8.784985548115058496e-01,1.203189813667456365e+00,7.286545938793314026e-01,1.365933870908182524e-01,8.260926391356384624e-01,8.292116848192003786e-01
3.301860537179441835e-01,6.913119866938739477e-01,1.424863495459967044e+00,9.848022176550239593e-01,1.968611565642615968e+00,1.976722184436002339e+00
4.879120116097085180e+00,1.587099035858912544e+00,5.756469319193713297e-01,1.126837702773591188e+00,4.326322958901007709e-02,6.226507153748706697e-02
3.457182302795931972e-01,5.397190313720763299e-01,1.713557392951885694e+00,1.145840170174512895e+00,1.430546734707885959e+00,1.438469494568649365e+00
4.486733430726871918e-01,8.359911025627706493e-01,1.439386447574543926e+00,6.699075994698122649e-02,1.483016484193258711e+00,1.461002546338159069e+00
2.400889273828160420e+00,2.797245572649821543e+00,1.879445784694327326e+00,1.648929487901273916e-01,4.376769162455452777e-01,4.260658447508375857e-01
4.699457830750693788e+00,2.762816739822101741e+00,1.820583687085171931e+00,6.977226194509444923e-02,1.026992495521741183e-01,7.221559768418436831e-02
2.798911256968131145e+00,2.367306266823675287e+00,1.244703574873657903e+00,9.588376250099461817e-01,2.922736202984796972e-01,2.961376698252413120e-01
4.962727871425563819e+00,6.513721279507715956e-01,1.306524643752396520e+00,1.027865717338756202e+00,2.518518493013723047e-02,2.903238561755028951e-02
3.636516492545034840e+00,1.185505331543278862e+00,1.890852693345224766e+00,1.357795488730859867e+00,1.039706060314532776e-01,1.142072384227028337e-01
4.139212427030000363e+00,2.663511916579726080e+00,7.383364636979231621e-01,5.387915137764802687e-01,1.100174147581520628e-01,9.061997502016742867e-02
4.132686032432800083e+00,2.092360453549687804e+00,9.882412937832583122e-01,1.754520087675258022e+00,1.282487971551338202e-01,1.054441835063872068e-01
4.726430108913233674e+00,2.751444657870045329e+00,5.238714512506870147e-01,1.213511446999183896e+00,8.103112916265653443e-02,1.115431002995614651e-01
4.850847134270658501e+00,2.199742574001694262e+00,1.900945909299507353e+00,1.471814328913463310e-01,7.920740967565888246e-02,8.285105168907030970e-02
1.772717379833506968e+00,5.103667197591830185e-01,1.006770409709777603e+00,1.988162174199972432e+00,1.433875318875855731e-01,1.783076003170028789e-01
3.600060177761562841e+00,1.915514678117074654e+00,9.780831635937263790e-01,1.713242176981945475e+00,1.538765556355758402e-01,1.626654386062398594e-01
2.640342372755502431e+00,1.981417320091106271e+00,1.925108146510484897e+00,1.272805820549945066e+00,3.072866264777416867e-01,2.780524833799687401e-01
4.898059351520170246e+00,2.354433418505455844e+00,5.402021713690150495e-01,2.967623202154416884e-01,3.039361575927971779e-02,4.650195141157144330e-02
3.038236545798811417e+00,1.608816457240657805e+00,9.242277642128293724e-01,1.519677815579069335e+00,1.725062087620797269e-01,1.972088153646379960e-01
2.120144770461567241e+00,2.102052425333846841e+00,1.804588819797557253e+00,1.167574923430676481e-01,4.004718160043732045e-01,3.914573472858725034e-01
3.620266660278570470e-01,2.068574939442013871e+00,1.174787642072669280e+00,1.199523096776055953e+00,6.525905547660303618e+00,6.487412374669424331e+00
3.698948297875586100e+00,1.179111007228165642e+00,1.838026798113816751e+00,8.987539415906242724e-02,7.979026706994339635e-02,9.309509457322340253e-02
2.608024325872694282e-01,2.382431210054429371e+00,6.730895916720378569e-01,6.256220837480879204e-01,1.500436970977530216e+01,1.500156265833746971e+01
3.312980069863646015e+00,1.084749268602417605e+00,6.233337956102786848e-01,1.256588255011699129e+00,8.925608033017989884e-02,9.480794043051543607e-02
1.471940674162934171e+00,1.320130142348592939e+00,5.792093772182694833e-01,1.535861612463287340e-01,4.455840381133631123e-01,3.918537995225931381e-01
3.442823898931179460e+00,6.574537911252191780e-01,7.392821421860795716e-01,1.443057959356684350e+00,5.279520460092772260e-02,6.193770585488588692e-02
4.960735437395525693e+00,2.944044611731835293e+00,7.553790273008251788e-01,1.446679640929249278e+00,1.008865493487307308e-01,4.587623321276315669e-02
1.872782037534743482e+00,2.759136098584295205e+00,1.794742692472418355e+00,9.654101927437452879e-02,6.425021160248391983e-01,6.251539893247337609e-01
2.874461008221442349e+00,1.120800759940828950e+00,1.134539388033982910e+00,4.730716776828753911e-01,1.236443048570280701e-01,1.413623331356282375e-01
2.870389567191985680e+00,2.725575837539925494e+00,1.977029141655562761e+00,7.544446997007003830e-01,3.403598294385294376e-01,3.038702863800022413e-01
9.817961040460634337e-01,2.036840275835672287e+00,1.304243551109989241e+00,6.758548898542782180e-01,1.329838358462840597e+00,1.292562304320113986e+00
3.741958215212916272e+00,2.046442512716426076e+00,9.364644685227531129e-01,1.551862415548208807e+00,1.478917813442962859e-01,1.388962014772487652e-01
3.574718686619799080e+00,2.898855996444459127e+00,1.437783191626669010e+00,1.529704108394571271e+00,2.522699254132574898e-01,2.852031269866264762e-01
3.902692154299884919e+00,1.347748495728688045e+00,1.513610906121215294e+00,1.548646669005859788e-01,7.764511630599461867e-02,1.099581617677223150e-01
1.259907884838123993e+00,1.882738391934702271e+00,1.675059843764629353e+00,1.657212868912919079e+00,9.760184086374452672e-01,9.638527581427882573e-01
5.251256218003798049e-01,2.954558229974917349e+00,1.083338306342921609e+00,1.860238167970020839e-01,5.039092935584942978e+00,5.059083390139439196e+00
2.089886350072900356e+00,1.953708517204219675e+00,1.777672330572235726e+00,3.733108876062589676e-01,3.905788100218401948e-01,4.021571326567324189e-01
7.627337949339705325e-01,1.130534931414393762e+00,1.261103426679372586e+00,1.209811373679591684e+00,1.093732751202908915e+00,1.098952384254584747e+00
1.528463339996920745e+00,2.208690820340390992e+00,6.536479747525745232e-01,1.829248958914531320e+00,7.522066008840389006e-01,7.592943657525340617e-01
2.814542841866181644e-01,2.851038754530439423e+00,1.817441323848973056e+00,1.723892370227017024e+00,1.358957352823265197e+01,1.357505135166608845e+01
2.130794825325196040e+00,1.805753086222771975e+00,1.104259038011435656e+00,2.451700119006263723e-01,3.334665787937750037e-01,3.494674599764313050e-01
1.931251898637147413e+00,2.063852531302463600e+00,1.478371167598989011e+00,1.835717959741326455e+00,5.502305521299915014e-01,5.714299149770724062e-01
1.765906680077851343e+00,1.254371284604141934e+00,1.734538418940376081e+00,1.681710273004664913e+00,3.871610849123210962e-01,4.411593055550789844e-01
2.050687127975107771e+00,1.542627970712143526e+00,1.308189283345587928e+00,1.793001961987537030e-01,3.043825061329712423e-01,3.226864283747829520e-01
3.931840426228960794e-01,2.326515913426272064e+00,1.339421844917945803e+00,1.351137347441771164e+00,6.624971568467056926e+00,6.575877173784599350e+00
2.287883593254365078e+00,2.358054624480118378e+00,1.829050055482959625e+00,5.928780260515695844e-01,4.195222226994218540e-01,3.953801867532644176e-01
3.337830154756470602e+00,1.903235924893668995e+00,1.390762079261241624e+00,1.599721925403059242e+00,1.882617843072071084e-01,1.948638777132770949e-01
1.756210077472919462e+00,1.757213078459669342e+00,1.292061644892307681e+00,1.082650493572325567e+00,4.829433983640690764e-01,4.842447807819162398e-01
2.919972534166937805e+00,2.182454545265962942e+00,6.811709049003906724e-01,1.764695605920594490e+00,2.457426938694570739e-01,2.084545041017145661e-01
4.050265816655709727e+00,2.086906095079863466e+00,9.345614445159247108e-01,1.109096804814895920e+00,1.190210354383943459e-01,1.161417026097659316e-01
2.720492470922465156e+00,1.579337539227478437e+00,1.885390314379397747e+00,5.187378961072675043e-01,2.073113922812241383e-01,2.000570732330160806e-01
4.648937603330378643e+00,5.606027985544294046e-01,8.087522393556978439e-01,1.306999175949790981e+00,2.268334306208612955e-02,2.159776888413606974e-02
3.899593439001629580e+00,1.256025609492497086e+00,1.693057026326370229e+00,9.103240179594096482e-01,8.717395793718288322e-02,8.462864708240519507e-02
2.875311884235325799e+00,2.513600637115529057e+00,6.113700493246285728e-01,4.006640519274506929e-01,2.453301580234679702e-01,2.636444498806860270e-01
6.018087529623343812e-01,2.297291053634237912e+00,1.038638325118867556e+00,1.107971037759759581e+00,3.385659729818538910e+00,3.414849807295831763e+00
2.449789283883788471e+00,1.150626994475510312e+00,1.617906653326037114e+00,3.419497359804022363e-01,1.735310992189860735e-01,1.871038532131751309e-01
3.654139320638766231e-01,1.040382514025605776e+00,9.697592583479032191e-01,7.324273964662053604e-01,2.715009730894097029e+00,2.692703795468694317e+00
4.787149940099963530e+00,2.852826514464429586e+00,1.589035419402925697e+00,1.274717342909079232e+00,1.351863939372000556e-01,1.178228546881482930e-01
4.215451107485830295e-01,2.136619891765440205e+00,1.363037188833816860e+00,7.309673872408017914e-01,5.086837725484434358e+00,5.073498826403939788e+00
1.198602916971673205e+00,1.154236667062981558e+00,1.938984556862489272e+00,9.773373880529434565e-01,5.987409540968892108e-01,5.975220534623446600e-01
1.077864983185242043e+00,5.073700875206800243e-01,1.249150786123554902e+00,1.056337429631268865e+00,2.846475530111651775e-01,2.760232553665235566e-01
4.334024262621593238e+00,1.383367488921792177e+00,5.252777672400805731e-01,1.775962067379879050e+00,6.275434271058162594e-02,5.566624179094488423e-02
4.556822324588111428e+00,2.026330590988270952e+00,6.047625263890201719e-01,7.803208513498773868e-01,6.055017844258452075e-02,4.201294106434045467e-02
3.685040378506170278e+00,2.689220422619991169e+00,1.376504704405997259e+00,1.930184380734356386e+00,2.309294258115340837e-01,2.498278513515975185e-01
4.296492559683442458e+00,1.354569087841126507e+00,1.167124298823597695e+00,9.056981322379278332e-01,6.916775616717518727e-02,8.611138974308960026e-02
1.450093694430179880e+00,2.008623415349161334e+00,1.716335404494784722e+00,6.002660176246019663e-01,7.374057172788537340e-01,7.564137486865596394e-01
4.497821695990880109e+00,2.773990116776724246e+00,1.603365772312016269e+00,1.528089880164028802e+00,1.574914540396941398e-01,1.558042184009612585e-01
6.854784170861243364e-01,2.763195248190047248e+00,1.717202593880745587e+00,8.970900036669997579e-01,3.365283710057275002e+00,3.374301278887021915e+00
1.685090177771190412e+00,2.632206710535756056e+00,1.395838662378109607e+00,5.732040003432108399e-01,7.429623981482733619e-01,7.246623072531228615e-01
4.324259061325411935e+00,2.107963953070685736e+00,1.753096433207907534e+00,3.170305291851054363e-01,1.044706119812643941e-01,8.415715540267054706e-02
3.516258182865967363e+00,2.006340198202959613e+00,1.245009390533670546e+00,2.536762954336664322e-01,1.431946514637529311e-01,1.322428525925919973e-01
4.680561851827633291e+00,2.289497347903052926e+00,8.936727167757743118e-01,1.601400321253898307e+00,1.008609761190947529e-01,1.124846630843539530e-01
4.273708017456465669e+00,1.523686370118378264e+00,1.051584133562623480e+00,2.997395462755252371e-01,6.247072972895154758e-02,5.942254917505025713e-02
1.213270156033321667e+00,2.374382437129504808e+00,5.300808085440487094e-01,7.988163330877469104e-01,1.075614694826784179e+00,1.052705520299736408e+00
2.208619489762858823e+00,5.595002770293900918e-01,1.132990240717125507e+00,1.111109296543653757e+00,1.029898582852913635e-01,1.047893705273539311e-01
4.946768090669434237e+00,2.833662616719601957e+00,1.395694720357486762e+00,1.514080687250485724e+00,1.253508452317223798e-01,1.337478990271368517e-01
3.574343664301607326e+00,2.292973916753199060e+00,1.756034166787622475e+00,1.552800605644176102e+00,2.104722635714805223e-01,2.136788350964108629e-01
4.010746699750364463e+00,5.291113601832709845e-01,8.874639234336140214e-01,1.980284387319712236e+00,3.451784329089276071e-02,2.113704174168937883e-02
5.976085672212209099e-01,2.273868392160371066e+00,1.016572693492542978e+00,3.026256742225263974e-01,3.042075395847957164e+00,3.043317058573754341e+00
4.778006709804558660e+00,1.948096152753394872e+00,1.100730500009507340e+00,4.883391003841759392e-01,6.432243607629688220e-02,5.584453801799064282e-02
2.842137048295887425e+00,2.040561609853051905e+00,6.925628510869317189e-01,2.779186160664217642e-01,2.057725232939454363e-01,1.992167109208480003e-01
9.372777470317499304e-01,2.123575757539276410e+00,1.630743059374045290e+00,1.942651822238157244e-01,1.428499068059580157e+00,1.426665208379528371e+00
2.953627134758468831e+00,8.100360933839485522e-01,1.080804334605109052e+00,1.323707784699867940e-01,8.028371800082756415e-02,9.531114996803259631e-02
4.593860003301561967e+00,6.004281073143311609e-01,1.872874013524936210e+00,3.796306055478537722e-01,2.680124911706085675e-02,6.326702604708646371e-02
2.813516479253207692e+00,1.028017180184043644e+00,6.928361383299849185e-01,3.014265373651447977e-01,1.066499471932431942e-01,1.377848303202031666e-01
4.966982135581366364e+00,7.024590788623303883e-01,1.365709874990828077e+00,8.625046210442925965e-01,2.639698105076902779e-02,3.893184583286988382e-02
4.652152387432788139e+00,1.040801097360803062e+00,6.280926282160962382e-01,1.158284911802248240e+00,3.545478694432343397e-02,2.742310426258263989e-02
2.586424757636299976e+00,2.310682116451182821e+00,1.858080072203945887e+00,7.523608501518606051e-01,3.417826298682656305e-01,3.355820917664285030e-01
4.841998254254088252e+00,1.334194117998452445e+00,5.720942947020336566e-01,7.477046333781545151e-02,1.454555813948585526e-02,9.205199763278763825e-03
3.883190904666965260e+00,1.935266052765725941e+00,1.603729003586645607e+00,1.859273862642617070e+00,1.549271639278008705e-01,1.779479802356518925e-01
1.422832743840490854e+00,1.141819470011166349e+00,5.156478645595171661e-01,1.136129635169718100e-01,4.110770738106143130e-01,3.557706865281882180e-01
6.727530108856401014e-01,2.670407539013003095e+00,1.141501019504937986e+00,2.829594726174544661e-01,3.029595518489879957e+00,3.034751553640639532e+00
3.307158505558298600e-01,6.744130490151787338e-01,8.156067800732558215e-01,4.162589359419484047e-01,1.847520391034644049e+00,1.807670602437922103e+00
2.702962054424914218e+00,1.878140850395213279e+00,7.950460229194409312e-01,4.475788719308975150e-01,2.228677417380195425e-01,2.227903381411761863e-01
3.823812568322804140e+00,1.858218192851135431e+00,1.440795974102798693e+00,4.575549046245401819e-01,1.193124973714674575e-01,1.458033968404979230e-01
8.276569627987027111e-01,2.453711638330121403e+00,1.296271735564263228e+00,1.864292478605517722e+00,2.420014213031079997e+00,2.401795392831675091e+00
1.169212337929856682e+00,2.700361617714051476e+00,1.353251323133809692e+00,5.928854823722398137e-01,1.359319270389208079e+00,1.313661915186570051e+00
4.874363424842568016e+00,2.355154556582960801e+00,1.536937274495432160e+00,1.790456413437836680e+00,1.165167925052230935e-01,1.424592062634665868e-01
4.073623914777043886e+00,7.827873209128597409e-01,9.264546511519906602e-01,4.234898379002780544e-01,3.641782026148646795e-02,6.653426822172069099e-02
1.751674761313748441e+00,2.412466308574580331e+00,1.185241320955229494e+00,1.011787639486649626e+00,6.567491968980425643e-01,6.667207380494239999e-01
4.724798181547241072e+00,1.692219788992823215e+00,1.151797148307295959e+00,1.855014007614174565e+00,8.260936073742686236e-02,1.077147266059525071e-01
2.491420477187530125e+00,1.148074289243323554e+00,1.652314496644531117e+00,2.215181661863407925e-01,1.666914555045792556e-01,1.506416599000476031e-01
1.418882739780213287e+00,2.404733770055733189e+00,1.100672468096400625e+00,9.316979843889656721e-01,9.013048338296030249e-01,9.247571336655190377e-01
1.856039983418049877e+00,2.497842660023932737e+00,7.175563519056340489e-01,8.120316215220984013e-01,5.832318003205834156e-01,6.172442843162974091e-01
1.506420885820717093e+00,1.716110669714364878e+00,9.724733469303588063e-01,5.329151680110499889e-01,5.515818514979902165e-01,5.643854301151460806e-01
3.536495323248602940e+00,2.589654544617991494e+00,1.361151752243639379e+00,1.131353261249610886e+00,2.148582632650327950e-01,2.204795469639819760e-01
1.994537891606840585e+00,2.557308844954773619e+00,1.753323591933099168e+00,1.720172509125494908e+00,6.650006847881573258e-01,6.906664515651925740e-01
2.973495905545252338e+00,2.430670828417103024e+00,6.164615805534456872e-01,1.350210270062511597e+00,2.520224870019961427e-01,2.746614379572046016e-01
3.177757130861880164e+00,2.204503291570842904e+00,1.097894307053665308e+00,1.939204715458419770e+00,2.362169844012103614e-01,2.212404366229442088e-01
2.621649765842446467e+00,1.926677317632801145e+00,5.283961193989281657e-01,3.895141644944175585e-01,2.245581340914090951e-01,2.517586670641742685e-01
2.372911301937677742e+00,1.761229249850740475e+00,8.523015115881251713e-01,5.190008943295962851e-01,2.702347692668309320e-01,2.851271629311360467e-01
1.890927402447253547e+00,1.677049945558348076e+00,9.093881547678268618e-01,8.995146113547110023e-01,3.843038193437466887e-01,3.874777151749966841e-01
1.321356992698187627e+00,1.460076947901026934e+00,1.801361390916690342e+00,1.254309588436916867e+00,6.741551094101385644e-01,7.002294872605254739e-01
6.528991852140672014e-01,1.264377316000620421e+00,9.805938566447216509e-01,3.703281739857091637e-01,1.382359589639604369e+00,1.400868639564111007e+00
3.556279716200268393e+00,9.593864783537495722e-01,1.493795501939581438e+00,9.367961467457646130e-01,7.796485233840758089e-02,9.288354264215141487e-02
2.763854360705749746e-01,7.638620697891305156e-01,8.850871725273834478e-01,1.784761271085258283e+00,3.015023817046948995e+00,3.004866853091931134e+00
3.720414293399710637e+00,8.038204729791118552e-01,1.422066754007097034e+00,7.432323828812752442e-01,5.739502888889486121e-02,7.406452128823316772e-02
3.819343207455933253e+00,2.762348419569770286e+00,6.398267055986767149e-01,1.074057803049406346e-01,1.026360480713242873e-01,8.046575982528431092e-02
4.069012944196453319e+00,2.764859337652040949e+00,7.954072604404052171e-01,1.474238879462941076e+00,1.588812874499246908e-01,1.563523049944949284e-01
3.279886892197799053e+00,1.697721532928353261e+00,1.300253450808499522e+00,1.913984291133729032e+00,1.777463954636727683e-01,1.438811699239598285e-01
4.771305796013050937e+00,2.804344870561176428e+00,1.813532777961264442e+00,1.588965128821705486e+00,1.477939002652329803e-01,1.137060622731218829e-01
2.035719504152646575e+00,2.554619881051707342e+00,1.811407009829657078e+00,1.401172667735655519e+00,6.194115912020835557e-01,6.282727132685616001e-01
2.402385877923360891e+00,1.675415834973334350e+00,1.859561790058854358e+00,2.418506796544719339e-01,2.630133768272407968e-01,2.613732428360597826e-01
1.587202724912730289e+00,2.858283577176166101e+00,6.685124742002137577e-01,3.132719239601895467e-01,8.537677495100702840e-01,8.554628375349815350e-01
2.491960381147134140e-01,1.330298966775173231e+00,7.691174125467299394e-01,1.576675126881578404e+00,7.287344771444097979e+00,7.299183770979073671e+00
2.301587403718844183e+00,1.972366000264145880e+00,5.459634889178195394e-01,1.053409154476648624e+00,3.192077310912082022e-01,3.262074048471573784e-01
2.595148904494547715e+00,2.905364806401407929e+00,7.355266532515758460e-01,1.450346201949038516e+00,4.003312367711341357e-01,3.826035497410913422e-01
2.426719042031638462e+00,1.083213845193387925e+00,1.286348229033883239e+00,3.296822348061307917e-01,1.623178584018342141e-01,1.637864940570471217e-01
3.744330805673211637e-01,2.584861120033585813e+00,5.259905398548115896e-01,1.835598987384759573e+00,1.069985933887139673e+01,1.069851793471288204e+01
9.679667135065495032e-01,1.429746999198056034e+00,1.138348030534277466e+00,1.428231859589784714e+00,1.003165547558950488e+00,9.927661393829317893e-01
1.511124516355161873e+00,1.422417706121154701e+00,1.541124138980375591e+00,6.954278061097851626e-02,4.521259811140005969e-01,4.496350123187891623e-01
2.165089592664768414e+00,2.594860694190886719e+00,7.721109596329396307e-01,8.171052449610105572e-01,4.716801729655810127e-01,4.643718524836552564e-01
1.185470356181440588e+00,1.269951386629453838e+00,6.373958063518192496e-01,1.895150088002477862e+00,6.323933262773635544e-01,6.194111495245193666e-01
1.947979030773336451e+00,1.495317275830972292e+00,5.532567399452845702e-01,1.561044852161086460e-01,3.173083856303299810e-01,3.106231742603896562e-01
1.579071373219111507e+00,1.612205619689511593e+00,1.830529376513040596e+00,6.050858701923231830e-01,5.211729330003170846e-01,5.258725784522418900e-01
7.202948642500803800e-01,1.180903904201462185e+00,1.959295517396144604e+00,1.486497136576441003e+00,1.318215388876353256e+00,1.359479895593461496e+00
4.406190284853924055e+00,5.418408932915139697e-01,1.237628559331408029e+00,1.364481434328314702e+00,2.897965061241509349e-02,1.264000165244281992e-02
3.117621929368346034e+00,2.950435891950646816e+00,1.344313378785518598e+00,1.247139197762348717e+00,3.146617916489119482e-01,3.251001388374890610e-01
4.920242586566319076e+00,5.302561902813012207e-01,1.281446778533736675e+00,7.165426972832020791e-01,1.902265424054490339e-02,-1.020392083296586816e-02
3.096105916476286968e+00,1.664477237240528984e+00,7.218350447133965453e-01,9.360694170252139568e-01,1.561465777101818664e-01,1.879470741602261297e-01
3.152837350559729135e+00,1.945038558173934229e+00,8.426867545743708110e-01,4.121278510159367414e-01,1.669081476340609493e-01,1.602406410673254955e-01
1.946685770090661016e+00,1.766796652189202677e+00,1.597294657916337401e+00,9.859518356411611784e-01,4.212533740750310507e-01,4.240308872444066290e-01
4.064051365894703949e+00,1.545108875031326656e+00,1.434217792926584911e+00,1.389941976835320059e+00,1.022236885195278583e-01,1.277720721685889349e-01
2.420374942139023933e+00,5.757658930308180434e-01,1.355944776241370109e+00,7.253333066414409114e-01,8.988852925860339738e-02,1.096420721174062862e-01
4.152059640108296534e+00,2.139046541992231987e+00,1.697439812811439630e+00,1.894100218983116868e-01,1.113616698264031091e-01,8.152448221461169875e-02
2.442501825552531702e+00,6.493063652695938437e-01,1.212732816610498032e+00,7.089516953409717992e-01,9.838259202018842520e-02,1.094864494177263670e-01
3.747994023747374559e+00,1.364213585744679769e+00,5.134244969764736322e-01,6.111953234882976371e-01,6.346093038926077512e-02,5.891308484775660548e-02
3.379952993675289008e+00,7.182664658291849635e-01,1.351049649768234495e+00,3.775586108991058065e-01,5.829408333718495705e-02,7.067655430809177686e-02
2.103801781628545697e+00,1.661817359735882516e+00,1.021863599024427138e+00,1.793540857626225060e+00,3.532509457328337765e-01,3.562986334868702976e-01
6.371279136000204124e-01,2.922262651775767939e+00,1.338525753222931325e+00,1.878777216466886113e+00,4.405524103657277202e+00,4.420244889123004839e+00
1.316916394973884685e+00,1.060372198363205065e+00,9.904336977159577948e-01,1.256944331316777186e+00,4.429417138310261515e-01,4.487808266012361380e-01
2.314671214843968983e+00,1.735609628167983809e+00,7.597499463763226490e-01,6.799551197391817681e-01,2.785035079878556141e-01,2.757064213553411802e-01
2.479263205333817943e+00,1.769542872435251546e+00,1.007010801722286519e+00,1.916627977353817514e+00,2.880425683575994489e-01,3.115821481351143118e-01
1.231646719041284532e+00,2.950465028307641457e+00,5.369378189203062313e-01,1.419293997727993473e+00,1.391606114383018955e+00,1.360725182786046039e+00
1.453371680757158835e+00,2.545408790117650533e+00,6.418872296082942519e-01,7.303682698800302298e-01,8.716002350748668359e-01,8.629390335066710049e-01
1.755520017625471940e+00,1.846950953865914125e+00,1.863007913333388998e+00,4.834381455048457621e-01,4.991089219030679369e-01,4.799969416759217178e-01
2.828820264956348307e+00,1.669544620357694242e+00,1.618443117171105117e+00,2.440436239338577007e-01,1.936556507818111839e-01,1.907782199320681715e-01
6.291730831450104144e-01,2.930734022033573360e+00,1.784313397141638724e+00,1.704920262732152914e+00,4.390752787614301766e+00,4.382153933006382118e+00
2.153188878563351949e+00,2.991808496549193119e+00,7.903566456791616401e-01,1.802951666421237054e+00,5.944283992627567015e-01,5.914674393556823562e-01
3.473227080913404485e+00,2.691455991491236155e+00,1.179829554522155766e+00,1.279841803665229261e+00,2.289728726420930394e-01,2.191641086750374390e-01
4.214712070126210186e+00,2.491890602548645361e+00,8.064970041781789334e-01,1.401665685006575179e+00,1.309471615633722996e-01,1.215552014193173325e-01
2.676869488276244713e+00,2.566539313935076727e+00,1.046924686252644676e+00,2.088123686799410184e-01,3.132905284534889256e-01,2.804094962548027703e-01
4.759901130432924177e+00,2.957609227975306343e+00,1.784936178144430174e+00,5.148631948558282101e-01,1.239386883106821935e-01,1.231852983213341662e-01
3.730409023688018522e+00,2.473926061402489385e+00,8.277226740538414784e-01,1.358693211633330566e-01,1.224793320043226219e-01,1.286454301947954626e-01
3.991560925277447769e+00,6.883385675682438531e-01,5.286341679868290511e-01,1.073226770570588906e+00,3.250775718483335519e-02,2.058070079032504190e-02
8.486545917747372325e-01,6.437884941471743172e-01,1.632510043236158781e+00,9.218109814111643541e-01,5.223160788989891223e-01,5.091773276651683222e-01
2.626143749836312491e+00,2.757736490167402188e+00,1.024374901026054552e+00,1.004929355680874270e+00,3.732529420962883426e-01,3.603614127114256327e-01
3.704761631061071481e-01,2.628790588520872884e+00,6.078928239239204112e-01,1.123909926615579868e+00,9.940842903750960247e+00,9.974423721821265687e+00
3.409308561766844825e+00,1.954664512704862078e+00,1.480919558228931177e+00,1.414435394832593840e-01,1.520419030868418730e-01,1.558022591378620259e-01
1.760640497309680974e+00,2.584243970527887679e+00,1.559902788212047975e+00,1.141293069556716722e+00,7.440133623810607499e-01,7.517681551820123431e-01
4.423053519561626068e+00,2.855888515024861629e+00,1.088043995221936289e+00,1.534383226339648632e+00,1.504459938086485093e-01,1.444378794372109254e-01
8.277936410939399359e-01,1.873524501460627878e+00,1.078842312849304763e+00,5.845514037193244583e-02,1.436907188314873629e+00,1.426908286779665858e+00
5.572570495932357426e-01,2.547545529674908771e+00,6.826504387859561040e-01,1.682694620108781569e+00,4.780825388348807437e+00,4.763253797553081981e+00
2.098266505080229827e+00,1.710089087056244184e+00,1.546968026511932326e+00,5.465216769230007987e-01,3.397472608390029736e-01,3.705898166517331838e-01
9.595304143483127657e-01,1.425209714649050330e+00,1.294285528226807092e+00,3.285995367683693935e-01,9.024218390679847879e-01,8.684132346161510529e-01
2.839726928675352813e+00,1.489246451447071129e+00,9.452013935630212416e-01,6.104198958495228311e-01,1.666868402219839618e-01,1.726862458439512027e-01
2.281201467308584085e+00,1.084905632575477785e+00,1.499976185831242148e+00,1.428076947016527320e+00,2.072706781372487539e-01,2.067898467646853977e-01
3.119392404482708159e-01,8.273077470012758505e-01,1.986631341073299861e+00,1.064011719932731470e+00,2.571708153585003487e+00,2.566595707665195736e+00
1.368454331672538826e+00,2.890494493070418169e+00,1.735812505876377587e+00,1.817492542187489457e+00,1.384513676114899283e+00,1.353185525552603075e+00
9.341458565575972983e-01,1.003139703156396445e+00,7.743783530127696935e-01,2.151213909646909617e-01,6.277811328816671477e-01,6.030806242671548079e-01
1.057076951536467302e+00,2.726047454846847629e+00,5.149274969091865994e-01,1.876543610025643627e+00,1.738927899753477391e+00,1.758561194204027789e+00
4.935087230800595748e+00,9.688357488833292397e-01,5.036307604241703206e-01,3.616041989647955646e-02,7.059441515835570072e-03,-6.815218198338836297e-03
2.985281552710926878e+00,9.107244617945593479e-01,1.349321627918004474e+00,1.271828552903441434e+00,1.048795017412673669e-01,1.224614583326509298e-01
3.937513860161388379e+00,1.547419144044430706e+00,1.152686301308222916e+00,2.749194231470355465e-01,8.220611393191788741e-02,9.560068784083454452e-02
2.049566564440990390e+00,2.474637219753940798e+00,8.948365294069184905e-01,4.129596017355829929e-02,4.841139015311690663e-01,4.957015752534029152e-01
1.068258415732435296e+00,1.053596682938230167e+00,9.883415049227812776e-01,8.316785090746663389e-01,5.777816068746591815e-01,5.930114366476195720e-01
1.811189420835879638e+00,6.402256658598735051e-01,1.508365508039107183e+00,1.942655633076887822e+00,1.884839527941203907e-01,1.642786211461442769e-01
3.539945332655501264e+00,2.827914190939142092e+00,1.752576914788508855e+00,1.905031034806877077e+00,2.791322225833199333e-01,2.696510282867610742e-01
2.181223303660563051e+00,2.888013799045869856e+00,1.043603647617183050e+00,1.081856723544893262e+00,5.437347640828695816e-01,5.573067798794636429e-01
2.488854244670365701e-01,1.545870290408620118e+00,7.145320299415549581e-01,5.341926811889166071e-01,8.439685947480931816e+00,8.414438701868251158e+00
2.866402341434437950e+00,1.705921988396405631e+00,1.469314809796753885e+00,1.081695913587217284e+00,2.102608763339122722e-01,2.435528818738810775e-01
2.655797807185772630e+00,2.265896099125899177e+00,8.529208829011045712e-01,1.222118829277177854e+00,2.988589619645057871e-01,2.876661935490136268e-01
3.470668440971225621e+00,2.346643532444245395e+00,1.447741417398934249e+00,1.230032373752722785e+00,2.072474694660045580e-01,2.059612427146227664e-01
3.340138460521748787e-01,2.113284178777819378e+00,1.740861923621376484e+00,2.503202886021789197e-01,6.604547332038943175e+00,6.584044812881368891e+00
4.465556799090752094e+00,2.101760850390818725e+00,1.957428481012155164e+00,1.515589785687785573e+00,1.282153932345230229e-01,1.355315690693708608e-01
2.416523657865921493e+00,1.830671144664402394e+00,1.684809925656703955e+00,4.895924990470583715e-01,2.890118464137444443e-01,2.743357064534943102e-01
1.932688772084077966e+00,1.247771509290680925e+00,5.990257092133228767e-01,5.425881878958465077e-01,2.694684912967630908e-01,2.646184444500285227e-01
1.587239017132457741e+00,1.051484017792959857e+00,1.666227255865023960e+00,1.007837501498988431e+00,3.479541300853893904e-01,3.251796643626632677e-01
4.278933881378618409e+00,2.471818942032288913e+00,1.443381441375607199e+00,9.514166317824299668e-01,1.368233626521828117e-01,1.606584971712550214e-01
1.472106558759858963e+00,2.035783482716166937e+00,1.703909507869546758e+00,1.436401825435019264e+00,8.164607677563480159e-01,7.838082319523558272e-01
1.640291240522817384e+00,2.218027058788818895e+00,9.669567772497131841e-01,9.818147680058451066e-01,6.504696933217050114e-01,6.594920767297706155e-01
4.474638175604849444e+00,1.147807327257173826e+00,8.574461512692399534e-01,1.807703070150040725e+00,5.734680341330492676e-02,6.208820652163801052e-02
2.455025311338963956e+00,2.973432169861116581e+00,1.778176764338712967e+00,7.184470911271889637e-01,4.762652106298391752e-01,4.850211934323982454e-01
4.313063973794472039e-01,2.070401553935112826e+00,1.919457525556442112e+00,2.394777176693965171e-01,4.414184150691434994e+00,4.393771104271592343e+00
7.842943483773452407e-01,5.021364535458343603e-01,1.978298747214251696e+00,4.262080923692477263e-01,4.376070141383853196e-01,4.582818297319984358e-01
3.818142500034074516e+00,2.058529409433512036e+00,1.764444707766758214e+00,6.247743659922888604e-02,1.274257142111239749e-01,1.467134569641790620e-01
1.763122250130700230e+00,9.525019051232139766e-01,1.149906564894366712e+00,5.922450286072467041e-01,2.419000464767204761e-01,2.450916754919228169e-01
1.661625461486647026e+00,1.301899375274548909e+00,1.302736180120392717e+00,1.395615505401322398e+00,4.039317707976775029e-01,4.101850057616501788e-01
1.617204963453453548e+00,1.520536297520032942e+00,1.463746551184386568e+00,1.583798183922271452e+00,5.167413996029117662e-01,5.135942147856816797e-01
4.869060224264151415e+00,6.011364060083774774e-01,1.896677095163950000e+00,9.323991739478090235e-01,2.702434662758954748e-02,3.988535578331905973e-02
2.531746329532102546e+00,5.993532537061464494e-01,6.946082473250814182e-01,1.217440791550228107e+00,8.364697575251678341e-02,6.722299282075583360e-02
4.500220887606489306e+00,1.673326880585923160e+00,1.923811715578698900e+00,4.276361508299475478e-01,8.018403990062755726e-02,9.128116532336144617e-02
4.013702990769713708e+00,2.305902158735912977e+00,1.106523785621878808e+00,1.601262727341803194e+00,1.512740295761497156e-01,1.594005585209967157e-01
3.981120598266624899e+00,1.794529559514118855e+00,1.703743574863382015e+00,1.023086203235890279e+00,1.219712606829268797e-01,9.377069206489514752e-02
3.929805950581199525e+00,9.523457566838451349e-01,7.544132668591495561e-01,1.254427564090514924e+00,5.615624092074912588e-02,3.675231335724962745e-03
1.668611254372354580e+00,6.233989299164167663e-01,5.933951360788218832e-01,8.847311009625355993e-01,1.688367606106770946e-01,1.664921620014273296e-01
4.157308176756018270e+00,2.025974563652010563e+00,1.242813550571631120e+00,6.389155466669069749e-01,1.073098560188762707e-01,1.040786550078551392e-01
2.557429794363863973e+00,2.014495278520347821e+00,9.032668735421882644e-01,6.358680194276027375e-01,2.735460023057822987e-01,2.979070201027674836e-01
1.036671219712873571e+00,9.303737794940853956e-01,1.820229568283733057e+00,1.554722225256435664e+00,6.237932508422595612e-01,6.249451869684016225e-01
1.412571976369599192e+00,1.857635111883736867e+00,1.457709529782639013e+00,1.428075916282186109e+00,7.696188785826262313e-01,7.596629262749733380e-01
2.740886418406596636e+00,2.330321421050618014e+00,1.251106382945280426e+00,3.000560615107545903e-01,2.799422734841630622e-01,2.527463048867634732e-01
2.511298978293226902e+00,2.961146345170704741e+00,7.891091228971076621e-01,4.393283107175338653e-01,4.057466735835068561e-01,4.039813999373861320e-01
4.936565072702311596e+00,2.677585824732157338e+00,6.531203379491783423e-01,1.092401825076827704e+00,7.563651858886986934e-02,6.395976095727362587e-02
3.173412358269610323e+00,7.567535468985976399e-01,1.627875113498665094e+00,7.644060691471323832e-01,7.574285065602874567e-02,5.368845712804137804e-02
3.183612761681154257e+00,6.669475596216518642e-01,1.617725071810644621e+00,7.301868019729971238e-01,6.597413961868965615e-02,6.356580590554472554e-02
4.519651428224561451e-01,1.225842348304766460e+00,1.139512935136697047e+00,1.143812691591812314e-01,2.236104850227583540e+00,2.257244594877267030e+00
5.243505539499055956e-01,2.526421935529684859e+00,8.955294961923943031e-01,5.292174511287282002e-01,4.437415207230769099e+00,4.439270458625272475e+00
1.650503884653803599e+00,2.770449973527175924e+00,1.077646812621988914e+00,1.231590740598683009e+00,8.451028013536344696e-01,8.241215482756477639e-01
2.349540785204075721e+00,2.891265318591322853e+00,1.437784508206095158e+00,1.937511976207308750e+00,5.646609947080042380e-01,5.712064545537705040e-01
4.660186477570069208e+00,1.024336169224673965e+00,1.015494842550164201e+00,8.172282818680454142e-01,3.955886494851126173e-02,1.759751094615099806e-02
4.494690397636255108e-01,1.825798866452944980e+00,9.699157186934197483e-01,1.366221527786816159e+00,4.155171582815213149e+00,4.123618030361700271e+00
3.671362090246728993e+00,1.016020343093142042e+00,1.227779845038845519e+00,1.979504350217530462e+00,8.548730377063540331e-02,9.537239150927644127e-02
3.182465999279066260e+00,1.621370689690354805e+00,9.588696579764706129e-01,1.515038539818768015e+00,1.604908087429556540e-01,1.494837896918413955e-01
1.371848015092750339e+00,2.396050530820251545e+00,5.057130633203285042e-01,3.377099434228563180e-01,9.068957793407583790e-01,9.291671980966614841e-01
4.603175594570421580e+00,2.625446161599160000e+00,8.868343377940577366e-01,1.349472640030717985e+00,1.140944554124964511e-01,1.203149065375008209e-01
2.028213974703906963e+00,1.608003487462308811e+00,9.283671341230992358e-01,4.576971439668220398e-01,3.223213894215190556e-01,3.061929845353338342e-01
4.213326547956933510e+00,1.941669820328287610e+00,1.970393424106924751e+00,7.028612350755825133e-02,9.878684365509700360e-02,1.031729493760832339e-01
1.513339381866302347e+00,1.989384248005352518e+00,8.207716042327487527e-01,1.507718077146612989e+00,6.832726748809876405e-01,7.091829747637725667e-01
2.920359608569820686e+00,2.869465946819627078e+00,7.507247941909682698e-01,1.531143840701901127e+00,3.219493365976896504e-01,3.181750650048374429e-01
3.931849487984810487e+00,1.220380440289350110e+00,8.273467846096053124e-01,1.490564108805453980e+00,7.654126568041244583e-02,5.531865125701065922e-02
4.345426413116445730e+00,2.352903743747083887e+00,6.194032491327021717e-01,6.889983733528748377e-01,7.996334343547051304e-02,6.673418877873979471e-02
1.917766694025943019e+00,2.268757377825589394e+00,1.657299223318518200e+00,1.511768933918208102e+00,6.025606961963757557e-01,5.862994762300448581e-01
1.213980531383758832e+00,1.704733782359015626e+00,1.602259589611961133e+00,1.381943772119393454e+00,8.958224072854049647e-01,8.722026489898805357e-01
3.341007250516597527e+00,7.838388825634480250e-01,6.199279257255008169e-01,8.520752980129653320e-01,5.918529079874863819e-02,3.333559704262471085e-02
3.273776547347599486e+00,2.356183570654802661e+00,1.656454745572538245e+00,1.076076536143094620e+00,2.339640872823789963e-01,2.424116802782705637e-01
4.261077223118713286e-01,2.720898507572712344e+00,1.592569190865265938e+00,7.402945991937055492e-01,6.642412784819113014e+00,6.664601902019424706e+00
3.088872706174800697e+00,2.008740804071416086e+00,6.247960894586104263e-01,3.022020353640555435e-01,1.600550847558501466e-01,1.528174137777215391e-01
4.723118489864542191e+00,1.487693143123288930e+00,7.311563243236776088e-01,1.016567561028449918e+00,5.014779529184773543e-02,6.587944073624160679e-02
1.383048919379377573e+00,2.791612455457105124e+00,6.466347534273904074e-01,1.945252213697064914e+00,1.156448284324734121e+00,1.174612222520507565e+00
3.210824891145964699e+00,1.263095053588962458e+00,1.395422402254596683e+00,1.311971822708684066e-01,1.100836600512360153e-01,1.437628799042277583e-01
4.599933683447417820e+00,2.966175480543450149e+00,1.048648084256267987e+00,1.245289060008549109e+00,1.339665475268757566e-01,1.302395856789847484e-01
2.048136635297159280e+00,2.730945536706478549e+00,1.386594995580026302e+00,3.012590568745037167e-01,5.482893283449008504e-01,5.413010008984027177e-01
4.130661728848271430e+00,1.543564437942417156e+00,8.996369043996723658e-01,3.505428740526244091e-01,6.578448082012888776e-02,7.420940299051188849e-02
4.502748646364618246e+00,5.107532988559938536e-01,1.205500799304249915e+00,1.693718420003681668e+00,2.729595437778200434e-02,2.924749072564377522e-02
4.324641711273090050e-01,1.825897473148087702e+00,1.110007877854793934e+00,1.988836235360758931e+00,4.535398129676311285e+00,4.541438871082122297e+00
1.606953448594318656e+00,5.378075851976433785e-01,7.071126689840434576e-01,1.639757427802512879e-02,1.571904608761282851e-01,1.831216299961928862e-01
1.369456406286915229e+00,1.738702222880570192e+00,5.253490161597760277e-01,1.711761282206878398e-01,6.609506144571297703e-01,6.523651952439697421e-01
4.561636020903566902e+00,2.114713389209199157e+00,9.168598084808692317e-01,3.550214021841833212e-01,6.699215324184133735e-02,7.132291519269777502e-02
3.082342624061395142e+00,2.632669110056191197e+00,1.565203663052192162e+00,9.956405168990420940e-01,2.856374758082969589e-01,2.660126895238188460e-01
7.927193244387975568e-01,5.190493576174649570e-01,1.999270027295531493e+00,3.915075307935689253e-02,4.245776864320673361e-01,4.213889532296439255e-01
2.031634697862175098e+00,1.374548305508263013e+00,5.209172947472080484e-01,8.234962589025873747e-01,2.734788576813396155e-01,2.600126735889812801e-01
1.505491589879558223e+00,1.434519920266465798e+00,1.222086798289240939e+00,1.128563423124285148e+00,4.994228735521905049e-01,4.842720244872000257e-01
4.974017455991089243e+00,1.975782269633660437e+00,1.455716769615493789e+00,4.196679430678667000e-01,6.549743261818201379e-02,6.110313845092376489e-02
4.425023318382549142e+00,1.210350771504707712e+00,1.792938739092996503e+00,1.089338095367798243e+00,6.788652342876766443e-02,5.895545834906633365e-02
4.284162792277255605e+00,2.287824779202064729e+00,9.473180956914561968e-01,1.304324912230227618e+00,1.194379196260105247e-01,1.268694457991735580e-01
7.244335256485396890e-01,2.028336036197435632e+00,1.075818655597057472e+00,3.256077587351380309e-01,1.984483526058558045e+00,2.000560236644172818e+00
2.031103460611534128e+00,1.575481822567919687e+00,1.373323753268511416e+00,4.149006897642837366e-02,3.145755715065686742e-01,2.847283225163689813e-01
2.317434978197222772e+00,1.657976767904061344e+00,6.995057229050198888e-01,2.701369923153884578e-02,2.516971717131305519e-01,2.717643429083272943e-01
1.749227430493545787e+00,5.382586535879922973e-01,1.169981299884814030e+00,1.498372098942621911e+00,1.509235240992178040e-01,1.063963829922573712e-01
4.453350755952446782e+00,9.764885208354461277e-01,1.359966807025602575e+00,4.067932943343064434e-01,4.212020007571422309e-02,4.706924911627972941e-02
2.385379778735353451e+00,2.950497852524481601e+00,5.301203023466587450e-01,6.980584739835804520e-01,4.386996515375499728e-01,4.529055310817119429e-01
3.870153406179515532e+00,1.309903407661776154e+00,1.481802120534105427e+00,1.659419084971687441e+00,1.001510344021800253e-01,8.713677389721441457e-02
2.995877711539847166e+00,1.358990272717224279e+00,5.998334285008235511e-01,7.796254204024377632e-01,1.291174251330537703e-01,1.245354317684355255e-01
2.132553385608512819e+00,1.774337842318586711e+00,7.641279191077874344e-01,1.773035741135231991e+00,3.508881496003691813e-01,3.352527098158538110e-01
6.253534443010952959e-01,2.262501193097594232e+00,1.993530620731942093e+00,1.950244808728472501e+00,3.336551995516275682e+00,3.354447014572251362e+00
4.310571685901614991e+00,2.867353807222793094e+00,1.889189964739480754e+00,3.475336137761506627e-01,1.478218433260616582e-01,8.437849149204196264e-02
2.507259882630990422e+00,8.184773554809783302e-01,7.901234039074862547e-01,1.811161285424368605e+00,1.230444389872091260e-01,1.036203202641494681e-01
5.494074780332338648e-01,1.966292719721406623e+00,1.233218931360530179e+00,3.604246131373496365e-01,2.960310290508659570e+00,2.921570437978597834e+00
2.493368929843749804e+00,1.344225836937269492e+00,1.537811945441423189e+00,7.821967704327437154e-01,2.050274059705553820e-01,2.087953380832407446e-01
4.160390091275534274e-01,7.237969698452663136e-01,1.337253691315947624e+00,5.967813407291053807e-01,1.482449040073071878e+00,1.508433411180733152e+00
1.728105744934943955e+00,1.373016324540359712e+00,8.924876311330494083e-01,1.137815730454513563e+00,3.680122636787124812e-01,3.918438091065289397e-01
4.508642832679615076e+00,2.132502380636893236e+00,9.308019319708794592e-01,1.708020526810480000e+00,1.057338645739415023e-01,1.190968851257109967e-01
1.850754624069429033e+00,9.649460305478028133e-01,1.564269642321566955e+00,1.743058452585347196e+00,2.716187831899645744e-01,2.765833108738517399e-01
1.795661079051473097e+00,1.980455105126701643e+00,9.105922930196141962e-01,1.940008157241425168e+00,5.470765554104756179e-01,5.317553214149398633e-01
1.658895683402303867e+00,2.780273219398682549e+00,7.072541553265350167e-01,1.572551162027614247e+00,8.245932310087400463e-01,8.489614893748200775e-01
2.935461914594426958e+00,1.413332169677007588e+00,1.379193766025657242e+00,1.327775758305205889e+00,1.699190600061800116e-01,1.823853425785232907e-01
2.595180278571581400e+00,2.253636232933605488e+00,1.230745633201260958e+00,2.730735423940229278e-01,2.981355497983723124e-01,2.812494346649593857e-01
2.030463514815502357e+00,2.439837578070747526e+00,1.093671778332906408e+00,1.907107805183551053e+00,5.703794056563017412e-01,5.447881121622247802e-01
4.290210689538241695e+00,1.730458911672772659e+00,1.715234815031805748e+00,6.065012223852084272e-01,9.317817020788360383e-02,8.060465192548177393e-02
2.447597737020763109e+00,2.895448048153317355e+00,8.125151637682003214e-01,1.054154283202166642e-01,4.051267000163320531e-01,4.267629601325835242e-01
4.220079366724026393e+00,1.068655894854669608e+00,1.656002647871631650e+00,1.961811267387532087e-01,5.312028881258356455e-02,7.813749544912484968e-02
2.137280524463302633e+00,2.423282123555047463e+00,1.723746694189625561e+00,4.161360958486464146e-01,4.683673692763618557e-01,5.006832795494267074e-01
1.886728479810474646e+00,2.983053714257024147e+00,7.627969848119142693e-01,1.738976568787024446e+00,7.339298017347540837e-01,7.184213515000958949e-01
1.046005733898079715e+00,1.091777794716270789e+00,7.909381128380521542e-01,1.781127058197470525e+00,6.644750914912902484e-01,6.572779615136922216e-01
5.244570170416975596e-01,2.103062827575327809e+00,1.612675190698746430e+00,1.945703047946228947e+00,3.937047007189461212e+00,3.964701089719992133e+00
2.944209179877752547e+00,1.793437663765325318e+00,5.298927782003459708e-01,4.448818590607226398e-01,1.593753296459852198e-01,1.637764327448243962e-01
1.910250261820546136e+00,1.456002402779113858e+00,8.077317462974167306e-01,9.275775461136392952e-01,3.253474194087269122e-01,3.406318433387034994e-01
9.013181989601197763e-01,1.770855429443510598e+00,8.801500279926652848e-01,1.158632421437599147e+00,1.332796062192724174e+00,1.306377116277698258e+00
2.727943995212206207e+00,1.614933663160170285e+00,1.307796943112790267e+00,8.195037246000320685e-01,2.067118958406920781e-01,1.993240556911781147e-01
3.645497306005778704e+00,2.196716501220373985e+00,5.485371559581053713e-01,4.395532405696314093e-01,1.066926577282650973e-01,1.063768780800983943e-01
3.222966262162813678e+00,2.854905252508480373e+00,9.074684863454941519e-01,1.319680845505807554e+00,2.684177031909834588e-01,2.613393797789035911e-01
2.919308482640225466e-01,1.467748170694871845e+00,9.490017660278380340e-01,3.691862946135173740e-01,5.618213636341680584e+00,5.609939022948779552e+00
1.977301940704838223e+00,5.089600300468462013e-01,1.151572569218803910e+00,1.091230225126775810e-01,1.055270083038236800e-01,7.288020747698360779e-02
3.424477215152448295e+00,2.594690394572981784e+00,1.810365554529808296e+00,5.363513706279150473e-01,2.225959713691404995e-01,2.552180547701228819e-01
2.100436143286514845e+00,2.204514655730057449e+00,1.197130849981316247e+00,1.249000782533485010e+00,4.570788311788358538e-01,4.600585371443642879e-01
2.309403838072956905e+00,1.516102061986153604e+00,1.248418673942740753e+00,1.840443124931077090e-01,2.448890854053340782e-01,2.158229695830356787e-01
3.987784874609932029e+00,5.981287302249465032e-01,1.896015668543579169e+00,1.400580379537053277e+00,4.427158083197821337e-02,6.588665287661035763e-02
9.413951371718236594e-01,2.824704140802394292e+00,1.911550514675310453e+00,1.455906824968051350e+00,2.303259156883167069e+00,2.304707836746105798e+00
1.020240633414194464e+00,2.031196229853644564e+00,1.962359103283074946e+00,1.768432911741460112e+00,1.484156690842992177e+00,1.498633132003526214e+00
3.884000032682043191e+00,1.831470742973293930e+00,1.356917407280796128e+00,7.492350169789969705e-01,1.184268486775519047e-01,1.147436057681913146e-01
4.616266372163985388e+00,2.356343937753547557e+00,7.114429295389745889e-01,1.881885670044916692e+00,1.044658140239753119e-01,8.900650711232714618e-02
9.884469615100828221e-01,1.902840902759159292e+00,8.507756618919120051e-01,7.485175068936533727e-01,1.185936695531929042e+00,1.170989694073723886e+00
4.796822757387868563e-01,2.837407185146556099e+00,8.452533829751216476e-01,1.325307579927438306e+00,6.671160890725164272e+00,6.678281516540477192e+00
4.120832232041165888e+00,2.570346734708798486e+00,1.918170736092806417e+00,5.690145801850698959e-02,1.361586007087630945e-01,1.519224330790554522e-01
2.921920674361210946e+00,9.591919689714565322e-01,1.789261202127465866e+00,1.256050963199259130e+00,1.216868008308011617e-01,1.317692705028487010e-01
1.371350057140348966e+00,7.730964970216948062e-01,9.355619440112474816e-01,3.627988198288056854e-01,2.798567504827812469e-01,2.930728846511190810e-01
4.246767544022335139e-01,2.708172575148774630e+00,1.481421008803134765e+00,1.844924332272980916e+00,7.265496112111668126e+00,7.289894429276501775e+00
2.841948216078586054e+00,2.810797889830437324e+00,9.394341349160411081e-01,1.386887129055292434e+00,3.382458897167736067e-01,3.443584566943981851e-01
9.349037610785164709e-01,1.880838389636503960e+00,8.068597249893345591e-01,1.835751281809439917e+00,1.438604878887947747e+00,1.459087147531049622e+00
4.521333461706698920e+00,1.417276801089021987e+00,1.327938175263989828e+00,1.971817001982719475e+00,8.067854693827099244e-02,1.032680693153314039e-01
4.545465118958102124e+00,2.383573787090808693e+00,1.901583056329695820e+00,8.940434444985991824e-01,1.237813380336766911e-01,1.301138087582348613e-01
3.730855924973973448e+00,2.347599005409225725e+00,1.905379931774910940e+00,6.214715199637481646e-01,1.744157237002546545e-01,1.734156334983646963e-01
4.920859584897350203e+00,2.700583438436432449e+00,1.568127220068305183e+00,3.744724068816396301e-01,9.391279718335263094e-02,8.577496656837796385e-02
1.666217197604818345e+00,2.892571472268033794e+00,1.624906825419097256e+00,8.423290756920120970e-01,8.830435573802539739e-01,8.595729085143807291e-01
7.684364444725579890e-01,2.248423966813214214e+00,8.927603948215185881e-01,1.713905060151898363e+00,2.390873575881494961e+00,2.360350127718705782e+00
3.287383368990921095e+00,1.798396113843533151e+00,1.075517284288032727e+00,1.524768878368134351e+00,1.714541331078249797e-01,1.983660919244638332e-01
1.372784826430366367e+00,1.462930600257876357e+00,1.297493275550466896e+00,1.121296170723053764e+00,5.935756366962026132e-01,5.939948653021892566e-01
3.538246065697204568e+00,2.185514586282289784e+00,1.380430611494605220e+00,4.445260190631841191e-01,1.638790486256751500e-01,1.536154880000184519e-01
5.516075930013851769e-01,1.662705723092248844e+00,1.070672418298183048e+00,6.582480505414536331e-01,2.516876215864775723e+00,2.549162240589875061e+00
1.843607943685003248e+00,8.271943212555630254e-01,9.660831137624623643e-01,9.313639617304674267e-01,1.973232611019904437e-01,2.175102985367818875e-01
3.356639248146660481e+00,2.874291662997754404e+00,8.522836055164750846e-01,1.920628452873541336e+00,2.634727984413249846e-01,2.654538422545435483e-01
4.697269543570162575e+00,5.059786890483370936e-01,1.544415497429879380e+00,2.797254984523966925e-02,1.687412157399225884e-02,3.780339853798478367e-02
6.109817890810653740e-01,2.947426526639097766e+00,1.107588143153572346e+00,2.803603313324940505e-01,3.971343738715435556e+00,3.968386902344710254e+00
2.368600275621307372e+00,2.917025404722367821e+00,1.836224608292688520e+00,1.412069782568380338e+00,5.530709831696750678e-01,5.611434215026823713e-01
4.741615793344217344e+00,2.025905749127014488e+00,7.833243111463321640e-01,1.963189705649371231e+00,8.833765474828567110e-02,1.256803808048146398e-01
4.581339803395591548e-01,1.663120955496972808e+00,6.746322635583148486e-01,3.323023289987607765e-01,3.269333672986592720e+00,3.291464612566562753e+00
2.386113410060022755e+00,8.495428447151802676e-01,1.746074041710199864e+00,3.617368477608711164e-01,1.353129715415298251e-01,1.308262247961910762e-01
3.789479201123034269e+00,2.595792460779402955e+00,7.965380051700846620e-01,1.735972225259108992e+00,1.805083143169174120e-01,1.953990250611946089e-01
2.502837710666566018e+00,2.504398503005469845e+00,1.334215570101211057e+00,2.043133677706412410e-01,3.542597265527697159e-01,3.789445939106679262e-01
4.292301181594417869e+00,6.343498124909198177e-01,1.893564547545329324e+00,1.289757057715770650e+00,3.983515688783098585e-02,3.857041211428473976e-02
2.134627779253624791e+00,2.317417319621039695e+00,1.355769441663444930e+00,1.354852312660750346e+00,4.850009337244599594e-01,4.777749522060649734e-01
1.669049925442743110e+00,6.252354043431327391e-01,5.553591364613094106e-01,4.877080992556186434e-01,1.708012748594548158e-01,2.094899066624602013e-01
3.221268459472274026e-01,1.768477864663483112e+00,1.724999211888904149e+00,1.234093164295743339e+00,6.033011937353018439e+00,6.028326009502003480e+00
2.563095863899972127e+00,1.375119382477746566e+00,1.697224630278315383e+00,1.518541436907313358e+00,2.249990924347612109e-01,1.999044375202154999e-01
4.905016786728217504e+00,1.391366653974205780e+00,1.031234734813367471e+00,2.341289781832172068e-01,3.472621126745559922e-02,3.896873797878132317e-02
4.585134502848941196e+00,2.318962734956412586e+00,1.939040665865548796e+00,1.423754575725308946e-01,9.748552272556590403e-02,1.447390185321498213e-01
2.036875277198337553e-01,1.140563352184799539e+00,1.245123673684823684e+00,1.626079913541363497e+00,7.134888543629802626e+00,7.149089352830911182e+00
3.530201448595969294e-01,7.607504363901758104e-01,9.359045600293651734e-01,1.080395060844037358e+00,2.041351675038824531e+00,2.062232021776395197e+00
4.812510193672439596e-01,5.838177438807905517e-01,1.344258931863672624e+00,1.304157772632929202e+00,1.025391417249596149e+00,9.838810613161897978e-01
4.323725045034154668e+00,2.450033167856871863e+00,5.581123860115144719e-01,1.245141003254086831e+00,1.000365506062846632e-01,9.096302083839055697e-02
1.948567285595179666e+00,2.329806198645431259e+00,8.536001119728889863e-01,1.087147575831425961e+00,5.154213744264549701e-01,5.416582066639056281e-01
1.525336005593225464e+00,1.169882218400964513e+00,1.468163591787805311e+00,8.427854040471214336e-01,3.951810005838951589e-01,3.893267489817385796e-01
3.765441641696988473e+00,1.387788801650225556e+00,1.062559902912290077e+00,1.779364180175440291e+00,1.047534606186308476e-01,1.333897546442124327e-01
1.822350147387719943e+00,2.164383111938132487e+00,1.017235954197705849e+00,1.775009089083799729e+00,5.861931398936429671e-01,5.981056659501232664e-01
2.038361762815384726e+00,6.534293907135499957e-01,6.547773039438911091e-01,1.289318049094068108e-02,1.272541579100885112e-01,1.376324853490986655e-01
3.548609402781622624e+00,2.546926366162130417e+00,1.338283806063235826e+00,1.691554338384894107e+00,2.256856430945565761e-01,2.617976549778193163e-01
4.484974170834332696e+00,1.875128580426855152e+00,1.935231398433311156e+00,3.226329142276087580e-01,8.818024274394989370e-02,8.065141340030008987e-02
1.052307515355217937e+00,1.602784625451205480e+00,1.161903733992381671e+00,1.420512460411836209e+00,1.000466743730448194e+00,9.936820864956409372e-01
1.176775422368276702e+00,5.119947646731544122e-01,1.631754665521147230e+00,1.497705617184044824e+00,2.769240385924739978e-01,2.816717515753844880e-01
1.155377031134550814e+00,2.721049388474659825e+00,5.736903410678901860e-01,1.033301941617994490e+00,1.370033889574570951e+00,1.377058478594255675e+00
4.732770527435205210e+00,7.586527284529582804e-01,1.468361342548920589e+00,9.527975522132445807e-01,3.363829465883488856e-02,2.350407589235541106e-03
2.885812241584209570e+00,2.525674553358202790e+00,1.606263998709990704e+00,1.813708790348066646e+00,3.477675243648486458e-01,3.750326401213285310e-01
4.139199975072747506e+00,2.299430986253031772e+00,8.809554571128559441e-01,7.595832806298408180e-02,8.145183282124127122e-02,8.870844472712637041e-02
1.109330594272939230e+00,2.246200438904244479e+00,1.850428456994286819e+00,1.233812184054295713e+00,1.374287596088335395e+00,1.373662101178602546e+00
4.346191589661508203e+00,1.490289647324059441e+00,1.185754316173849521e+00,8.366803716270219127e-01,7.330618961268524358e-02,8.843314799422088979e-02
1.632082760565757296e+00,1.694941939651207985e+00,1.940000049607851107e+00,1.989932645699099112e+00,6.302027002723169513e-01,6.249912122657995672e-01
3.176451825347201385e+00,2.325485870022953705e+00,1.623719793062435635e+00,1.647711060995707077e+00,2.637864590944141718e-01,2.906581922834819975e-01
1.239448349278127637e+00,2.510687617341638145e+00,1.647848846519113897e+00,1.777288983027921043e+00,1.369947368714549363e+00,1.373975734965860784e+00
2.661609376280327677e+00,8.300689181359659496e-01,1.418740330084795609e+00,1.286275720001528011e+00,1.183222972293067193e-01,1.354813462470309815e-01
3.816322224237609806e+00,2.745367260467749482e+00,1.763555039022236093e+00,1.380188071209845546e+00,2.169643609003582552e-01,2.019733411281025848e-01
1.047352793495577306e+00,1.681902655592179219e+00,1.650958363226223691e+00,1.477537259358638444e+00,1.115463736357092728e+00,1.112632608017328550e+00
4.827872408895949263e+00,2.047644828166101050e+00,1.367846905716020078e+00,6.479159387663995240e-01,7.770662719490613324e-02,8.785757056073796589e-02
4.274946881153439016e+00,2.245240709700976112e+00,1.778295388354411255e+00,5.506659354696052944e-01,1.216279415807324793e-01,1.054135615323642527e-01
3.576376357399005279e+00,1.878154512591591274e+00,1.430994788779611948e+00,1.954101450858262590e+00,1.726574000957080690e-01,1.621345267998759720e-01
3.817949968789126736e+00,1.231111575649400880e+00,5.741594649545564977e-01,1.109975089767106349e+00,6.890171906025377435e-02,7.050588265817707423e-02
1.563938887139340927e+00,1.942063323598752556e+00,1.367183429252186944e+00,9.360026614852852145e-01,6.382500610779179295e-01,6.631317225824253647e-01
6.447679632593381616e-01,1.588547376346725715e+00,1.165864038018550097e+00,8.928955385763803765e-01,1.947414723150363791e+00,1.965251785838963317e+00
1.761787111818584384e+00,1.579604308717714067e+00,1.294919407596674121e+00,8.919244396359167215e-01,4.216720680465769755e-01,4.423555682427413038e-01
8.362694310039264778e-01,2.028575230825528486e+00,1.214370321608312153e+00,1.525726377065564465e+00,1.857285723816996637e+00,1.865942756734280783e+00
1.805363897071601942e+00,2.758698197203242497e+00,1.268616559707409053e+00,1.815339575662536120e+00,8.021661069313915648e-01,8.227778490588710802e-01
3.883217037763623924e+00,9.066905717107480722e-01,1.447814931464416421e+00,2.362128070783076073e-01,5.335970509845044257e-02,8.673373887697130580e-02
1.022456519322612944e+00,7.224817690347091759e-01,1.034723348071923121e+00,1.645867010953863119e+00,4.565060130870823296e-01,4.624188309651173778e-01
5.558834757709675278e-01,1.563882691041564410e+00,1.736944245855362778e+00,9.104220475150759384e-01,2.406762679247441028e+00,2.418007022810525708e+00
4.077128287217843372e+00,1.619078585703466189e+00,6.548932622919683144e-01,1.824550248421784149e+00,9.251244023511179249e-02,1.067139610114342108e-01
4.676139231810110708e+00,2.310076314948906528e+00,6.029752806130421749e-01,3.133846568190545856e-01,4.357568239657440973e-02,6.055203138289333431e-03
2.169654985024114247e+00,1.502490781075763060e+00,1.394194453488520224e+00,7.226450864278863850e-01,2.836381136742630038e-01,2.841414565752918842e-01
1.233095795201985201e+00,1.757937899418336780e+00,7.642895893628481874e-01,1.781779893571778794e+00,8.497781578784955325e-01,8.606114586213331474e-01
4.448481490996745613e+00,1.544028447282257188e+00,1.399271022957985444e+00,8.853715712690459760e-01,7.663458204964879172e-02,9.417030064984915905e-02
4.732390974115341931e-01,6.399013672752389414e-01,1.641979569623527535e+00,1.832200799936167801e+00,1.199298128691120624e+00,1.195317464632393634e+00
1.865458312348218906e+00,1.729051069380456607e+00,1.507462098927651928e+00,2.583383919578292609e-01,4.028138458422756973e-01,4.247390504274470291e-01
4.065286387566078297e+00,2.816616249985252285e+00,1.434255360968175630e+00,3.634160118173077603e-01,1.535220003852630355e-01,1.431240181561365676e-01
3.710509284875092906e+00,1.679323770964747498e+00,1.801418134102461099e+00,1.801388280838160272e+00,1.501290149471083413e-01,1.489841164964822717e-01
3.857242655589539382e+00,2.286122511459233841e+00,1.737628034578070801e+00,1.787918552673715356e+00,1.877851681607555223e-01,2.237991763358189168e-01
2.507934400800292174e+00,1.323091598888468834e+00,1.102193699369815150e+00,9.494643576037415933e-01,1.938919310349081770e-01,1.692159626552631468e-01
3.578479506609318239e+00,5.090780985938432313e-01,1.889604147560232983e+00,6.188605978664822871e-01,4.089578646416151125e-02,4.160697759934077478e-02
1.659811537944067661e+00,2.864345107024417025e+00,6.601220375561206444e-01,3.693893012912354834e-01,7.972173362599880297e-01,7.965108825170039708e-01
4.354117875185695041e+00,2.268120599634231738e+00,1.133929374191855466e+00,2.798159165740536913e-01,9.085805347816042210e-02,9.125425380914985174e-02
3.982097798961041324e+00,8.392131964024480695e-01,7.908718426764000942e-01,7.378044957011589133e-01,4.317207848000015336e-02,3.466482449282745626e-02
4.722224099966919830e+00,2.915626073178087196e+00,1.059375987460446922e+00,3.170611546949908544e-01,8.916846863288176162e-02,1.042773086017498296e-01
3.874672617041693634e+00,2.659307969775938307e+00,1.629602658689936812e+00,1.335473895453196169e+00,1.984733804649909950e-01,1.791572733820357144e-01
3.696069195940070440e+00,9.187542715522694081e-01,1.794371173455703961e+00,1.753904639535400101e+00,8.189456402466198381e-02,5.751988844624114638e-02
1.109528428317465343e+00,2.114999069339567050e+00,6.441639852772523822e-01,6.414319135206867362e-01,1.084646497737155268e+00,1.096240345186448639e+00
2.932486189588017655e+00,2.438219035918854249e+00,1.603460969839211492e+00,1.423134059210667157e+00,3.085284898690011657e-01,2.866450779433753482e-01
5.637142159263508479e-01,1.416544120506626037e+00,8.572961992549622545e-01,1.605501751413361156e+00,2.228780509152554767e+00,2.238176406278558073e+00
4.601972146167105926e+00,1.527835402729510905e+00,1.461304915936310733e+00,1.033245328362380588e+00,7.338363589457116976e-02,7.567871419812326195e-02
4.030607965924315472e+00,2.823305829513278908e+00,5.581966601677552653e-01,4.820655650078515819e-01,1.014823567700938733e-01,8.960384987209382701e-02
2.766744550647029399e+00,2.061318500707785439e+00,1.321184506960690896e+00,1.911780543183182246e+00,2.945103846494219746e-01,2.894075291393484184e-01
4.197685987581897038e+00,2.558319274956977196e+00,8.128699701989632320e-01,4.421646729153350108e-01,1.023507579162587916e-01,1.021230455752543398e-01
4.370381487373326657e+00,2.888547249645906145e+00,1.903284897630912464e+00,1.504774769736664908e+00,1.822971341333046447e-01,1.929777776431697567e-01
1.916677772884830100e+00,2.453432411080249231e+00,1.115801289840412824e+00,1.915726599537002084e+00,6.349006666640766294e-01,6.239292007155158304e-01
3.430354326936917442e+00,1.934900645665367014e+00,8.238254908006703570e-01,1.576961463364580096e+00,1.624914864770485023e-01,1.599110929434845729e-01
8.320976892554137194e-01,1.578225539692348134e+00,1.457712691504681191e+00,4.745866562488394447e-01,1.280490430684363412e+00,1.253433570564683519e+00
4.374514262396008712e-01,2.608413567946517464e+00,1.601114616011012126e+00,5.978086092686700770e-01,5.971862018302598329e+00,5.967899922720637740e+00
3.912662646684155199e+00,1.118388632997087129e+00,1.697809744479659599e+00,1.411806316270860950e+00,8.357401129865085765e-02,4.670765080755680948e-02
1.246133553582171816e+00,5.234210403795196420e-01,1.209011732584713394e+00,1.555420380275253978e+00,2.491940243788282050e-01,2.496967505509835039e-01
2.144808833767104517e+00,2.733143757876312918e+00,1.541822697007717569e+00,1.608883804228357084e+00,6.048370742773182540e-01,5.971030856153317634e-01
2.549717366154068632e+00,5.852594193666054156e-01,1.854537886638033317e+00,1.425751359941999086e+00,9.696179848433425508e-02,1.401056449434153750e-01
4.733742947246114774e+00,2.926212852184379098e+00,1.196422279903562425e+00,6.099006971602067839e-01,1.088823424661380518e-01,1.358268986239957177e-01
3.934373644820323257e+00,6.743965958637871960e-01,1.967590259132860675e+00,5.919163922407137957e-01,4.506255802068726002e-02,4.328386594531898751e-02
2.834187105473196855e+00,5.184682905628121841e-01,1.973899262723220360e+00,7.546114514475510404e-02,6.015419696649895731e-02,8.027941753287842763e-02
4.082077274917108589e+00,9.308982597931223513e-01,1.074098784807731022e+00,9.975684058207101579e-02,3.998743874465031378e-02,4.678684102176267068e-02
1.395735814170099509e+00,2.538229355524173947e+00,5.799819735632052442e-01,1.188781361570394379e+00,9.468141297795839018e-01,9.249633819067559770e-01
6.122860301076314959e-01,2.408123823356947746e+00,7.476318581290326559e-01,1.631098961912532230e+00,3.740176868578159119e+00,3.692763338632425452e+00
1.423866347356034900e+00,7.039507796461701439e-01,1.023603740935263406e+00,7.061125942550923185e-01,2.467476537185825936e-01,2.698972532602568197e-01
3.059461029253705888e+00,2.355624865134081425e+00,1.906994108837863688e+00,1.688884057632175750e+00,3.000510294041792148e-01,3.087857079574108377e-01
1.813665263602965316e+00,1.089703752344449939e+00,1.428914329067403344e+00,1.322225044085189483e+00,2.957312665318968525e-01,2.575643063263779453e-01
4.944223941783432608e+00,2.534130503103512400e+00,1.993080755692131945e+00,4.975720049705478765e-02,8.467805618033964754e-02,9.828285985462088814e-02
2.850918686385157219e+00,9.574869644029111448e-01,7.770272445668591210e-01,1.725845571550856938e+00,1.139400646794898331e-01,1.330395129850277525e-01
2.927804989779628997e+00,1.281061549949588541e+00,8.180852539631651155e-01,6.473912330204252275e-01,1.328360073586584145e-01,1.199894664744986100e-01
3.761211952474306841e+00,6.556035139319783545e-01,7.413527572864112569e-01,1.660345732116945250e+00,4.501919891832942971e-02,6.159342541057588605e-02
2.672130746703820670e+00,2.879191132692053401e+00,7.977007343326572020e-01,3.584898658887549772e-01,3.465648632761367254e-01,3.129444440580413933e-01
1.034062069292244868e+00,7.004273386690491598e-01,1.093795724776397416e+00,7.012907526207690090e-01,3.972503305995730982e-01,3.936105481265763095e-01
1.166729079819628589e+00,2.234438238328417370e+00,1.518132256436701244e+00,1.333122816999806615e+00,1.247857161017740468e+00,1.249276704363086798e+00
2.377900066568516824e+00,2.420891229607494033e+00,1.026275246988035406e+00,9.542352907933229211e-01,3.873452845693906577e-01,4.036765806277798352e-01
1.414065697771559993e+00,1.589907168647038294e+00,1.957194251463357793e+00,1.695441997190481498e+00,7.099076934541321826e-01,7.185510298026065445e-01
1.194171267369029010e+00,2.327191480894468256e+00,1.657473439555765093e+00,1.358603804353668121e+00,1.276775483481443541e+00,1.281883628573026623e+00
1.965415384760416773e+00,2.293344905890248864e+00,1.826935355200452360e+00,1.788682337466416028e+00,6.199309919563672500e-01,6.316873748271337741e-01
4.050583694951015445e+00,2.288945130376955905e+00,6.517677241031840651e-01,1.971550676226806020e+00,1.354073128061835662e-01,1.229673627475498521e-01
4.351667605445347142e+00,1.377184238653029080e+00,9.155547677950062191e-01,5.217698492519127207e-01,5.489688115287073844e-02,8.507347651297658686e-02
1.464134689927476529e+00,1.564341104243896829e+00,6.892013973508286373e-01,1.504168953324640734e+00,5.485989841398546396e-01,5.424002184356385703e-01
1.148694031805123306e+00,9.903097094451136506e-01,1.748650363829191479e+00,5.260380697345448109e-01,5.054956670153161191e-01,5.219630344361214647e-01
3.726307986658522475e-01,1.188061541157385381e+00,1.699427606005144975e+00,9.666160598557493877e-01,3.061573945134550723e+00,3.062080945746990857e+00
2.445107971140018377e-01,1.193497979368689066e+00,1.284056667821251052e+00,1.308153261879841489e+00,5.733043543343521620e+00,5.728694728681213100e+00
1.960380359694518404e+00,9.199475033691044690e-01,1.722697147857247701e+00,1.557863425302432825e+00,2.356470979509208974e-01,2.479173043595072901e-01
1.129397203642726444e+00,2.278875906321650824e+00,8.873148064200150342e-01,1.452041787396747496e+00,1.271238639857585229e+00,1.280715938307527946e+00
2.617416005998796980e+00,1.667297769839924726e+00,1.749950477209367694e+00,1.839982642335087126e+00,2.777645457399770534e-01,3.051674095308891665e-01
8.308150649536263366e-01,2.899347547446761375e+00,6.047721992759900189e-01,7.065455748222329024e-01,2.469144224369518970e+00,2.491162511344804376e+00
3.208443097982950132e+00,1.750145022753810231e+00,1.021351651356487977e+00,3.561915681384353327e-01,1.493658602995414364e-01,1.385609533795811310e-01
2.875104798777345039e+00,2.482808667800655122e+00,1.266981827782291070e+00,1.884366994962789255e+00,3.277474111800283696e-01,3.383075826178638112e-01
4.586784777120405998e+00,2.233172652684691784e+00,1.798987260610447780e+00,1.206607775383453873e+00,1.188957395781333470e-01,1.214804299598281068e-01
4.091328471318009363e+00,1.405211002369364248e+00,1.051012851771985446e+00,1.653275991340853457e+00,8.802791332089329734e-02,7.266159925504439565e-02
7.837498904902391317e-01,1.419057606565194973e+00,1.588805677425887186e+00,9.218836401896859378e-01,1.329264714688012328e+00,1.307801669274270440e+00
2.825542489935434887e+00,5.598992760243357569e-01,1.060836775542395305e+00,1.687378889092192580e+00,7.102687808393590152e-02,7.665202953228893168e-02
1.961650834134388788e+00,2.021757845631347195e+00,1.236519516508801431e+00,1.304387256241029913e+00,4.744092732021369940e-01,4.642413605776173346e-01
3.974165479897234232e-01,1.541970908001852436e+00,9.956276545966351588e-01,5.418531526756442673e-02,3.522169263827064523e+00,3.494965162899827948e+00
2.840595605205193941e+00,8.843760877060777847e-01,1.425688682315644051e+00,1.685122690331818607e+00,1.185494410849816521e-01,1.171715283003871566e-01
4.883267408783579455e+00,6.601342048797251838e-01,5.050843950049879183e-01,1.402533617052454273e+00,1.844870139214003363e-02,2.337683395467402697e-02
8.971208643947723438e-01,2.857077162073501597e+00,1.352390151889271586e+00,7.400648899535446912e-01,2.237193111009288415e+00,2.239682367726204326e+00
2.238713373795852002e-01,7.349521964310539168e-01,1.057562041417111631e+00,1.287500756946617919e+00,3.672576550065917989e+00,3.648981930080501535e+00
1.152113787951489110e+00,9.336837289840880239e-01,1.744686862813174422e+00,1.223456994013292221e+00,5.169066876809491617e-01,5.057985578007782035e-01
2.262755991372447539e+00,2.975952174413449836e+00,1.067130911076308308e+00,1.621706758274456650e+00,5.602001792154387427e-01,5.880399434995977614e-01
1.468330103314974933e+00,2.908852060658472460e+00,1.845693657577493152e+00,4.442625516137348463e-01,1.047093343258373555e+00,1.032165268107437583e+00
3.527809633247978027e+00,2.826224744379421505e+00,1.919825586606594747e+00,1.754022254605589470e+00,2.815583677055393808e-01,2.754769476642715542e-01
1.482859370803284227e+00,1.577719441493429908e+00,9.575444639036931882e-01,1.177588534516275764e+00,5.474048006534155686e-01,5.939303500158897853e-01
4.340946377169071724e+00,1.206974999182588881e+00,1.328683663763865264e+00,7.935702643693833824e-01,6.113029141346106726e-02,6.852297950410071725e-02
8.156764860959606622e-01,1.100690311381547604e+00,5.576732845426389806e-01,1.014306684149547833e+00,8.829103303063255970e-01,8.732846950364799854e-01
9.459261618551588757e-01,2.965381878948654570e+00,1.066280612279445483e+00,2.922261778350443429e-02,1.916808577736923480e+00,1.878327222945626707e+00
4.853011042056349034e+00,1.932385440286134903e+00,1.641232523216427097e+00,1.782922525160269389e+00,9.839313024995785528e-02,1.049413178262901120e-01
5.517989600974810838e-01,1.303358846844037799e+00,1.814861246257326810e+00,6.233480584634720767e-01,1.940797254119855042e+00,1.913378739247450167e+00
3.823999155408578154e+00,2.296366424461132816e+00,1.849859129603554919e+00,1.205621212909822715e+00,1.778484020845603475e-01,1.776799353455309483e-01
6.020852548421598005e-01,2.410134447688081494e+00,1.138334224055570942e+00,9.258058396090911302e-01,3.502312251778838537e+00,3.485300938513403501e+00
9.619526268924132317e-01,7.226739134641109175e-01,5.559639055859065815e-01,5.180955044349100369e-02,4.426450893886724192e-01,4.094802729175913147e-01
3.198605297193879426e+00,2.010910866213881043e+00,1.077008048484216385e+00,7.294176799869902528e-01,1.844211702016775034e-01,2.177469287178552260e-01
4.159214825551782013e+00,2.974116242645409969e+00,1.556382020272855771e+00,1.032841248065828221e+00,1.811186480882275296e-01,1.792513287719522952e-01
3.160812491714912298e+00,1.757694807160746331e+00,9.843008314467864839e-01,2.143255559900196783e-01,1.493372106905793695e-01,1.679547683195554697e-01
4.982302843374933232e+00,6.064164057209862069e-01,1.670834583691081177e+00,9.045294008942341701e-01,2.463679956246915895e-02,3.963432255520841357e-02
4.934072303838933138e+00,2.320615796816485332e+00,1.334993221890381943e+00,1.159689575226530378e+00,9.465429874947087208e-02,8.025201679420751466e-02
9.184761250474839933e-01,1.982596081217239181e+00,1.283126125272619600e+00,1.741390307018796602e+00,1.613988132133540088e+00,1.615954820761982047e+00
2.438547701293221959e+00,1.098736847368774416e+00,7.356498639739572631e-01,1.761923057718579821e+00,1.710984146759193525e-01,1.641351475396410908e-01
2.453002590024054630e+00,1.034320497216851820e+00,1.708998052450104943e+00,1.949221395653297995e+00,1.930976662815985512e-01,2.125418898901661746e-01
1.095881306546275136e+00,1.522389049222172330e+00,9.626334041168846944e-01,1.701799267997502030e+00,8.959146110495787019e-01,9.046738474810881447e-01
3.361875225365916986e+00,1.099272082120916316e+00,1.607904457636997630e+00,4.917786641680166326e-01,9.483148309879892157e-02,8.788136643958002758e-02
4.375630190879130410e+00,2.527536678001641945e+00,1.372945747892588386e+00,1.218840289088631623e+00,1.379916735157373786e-01,1.712888568889950891e-01
3.748710526713651348e+00,5.241171759522120777e-01,1.298243593623055636e+00,1.322632687929740536e+00,3.931501946405693837e-02,4.980830377392880814e-02
3.986777869743875602e+00,1.333206481200777560e+00,1.702231176667897028e+00,5.524143823422786870e-01,8.308394248219724831e-02,9.243139480885485815e-02
1.452297619462354472e+00,1.496507475441847479e+00,1.274002867498225999e+00,9.333975396913556377e-01,5.426164058015652270e-01,5.270654755555760351e-01
2.916308959255890176e+00,1.982562035917168730e+00,8.621404750898673530e-01,3.906364058033231501e-01,2.021736481051404355e-01,2.104186834868248257e-01
1.050521699901848516e+00,2.735895413838950407e+00,1.418853151262082557e+00,1.018275165067406007e-01,1.530959377950647848e+00,1.501760405244270569e+00
3.863560009274064289e+00,2.396194112952056088e+00,1.828330109866727948e+00,2.325508927068642429e-01,1.521775921221878436e-01,1.615061785953040285e-01
4.665707273825383972e+00,6.387795377477452075e-01,1.657746126651898244e+00,9.459591124139554719e-01,3.036461426305463174e-02,1.174305925003912496e-02
2.590436472724721106e+00,2.539059690140125447e+00,5.002335765358613129e-01,9.747182237414913075e-01,3.256824647225020075e-01,3.294279019485957249e-01
2.686406631766046438e+00,2.078625252275153379e+00,5.197272930946206237e-01,6.582926619934978962e-01,2.395998281913199190e-01,2.341249351760260056e-01
3.745445317928731033e+00,2.829147780894898823e+00,1.811009956121785169e+00,1.804255923238169634e+00,2.496750088311279758e-01,2.543112260664873725e-01
4.489684232923085716e+00,1.834033563917549792e+00,1.237766599984733817e+00,1.049764878580952132e+00,8.881767599375833822e-02,9.602770838628299499e-02
6.417618447557996708e-01,9.283107342660388284e-01,1.793616898450834940e+00,1.757072587220359194e+00,1.205355044066281023e+00,1.204250142250246070e+00
3.817054361041753996e+00,1.045338220438714938e+00,1.689672222092582832e+00,6.083636177309164061e-01,7.195878420730268676e-02,7.087354047201509244e-02
4.498288027958598612e+00,2.861906544692487397e+00,1.912126592666649749e+00,1.467843859028741704e+00,1.694914286886695654e-01,1.397553910291221557e-01
1.200595189769102955e+00,6.222207685877613192e-01,1.750523130421318019e+00,4.281131342452377808e-01,2.915597280359339960e-01,2.536013897210742107e-01
1.616395669504683497e+00,8.263019267350858454e-01,1.706243950653249852e+00,1.630598537247962554e+00,2.878003730278736461e-01,3.130321543019631281e-01
2.458845226190871980e+00,2.348273096472241583e+00,1.854477872318136100e+00,7.146874328208907556e-02,3.485781302032391338e-01,3.600578040755171294e-01
3.056214752138496582e+00,2.952711447012115187e+00,1.663199202164810542e+00,1.476003856077784393e+00,3.532482122858083828e-01,3.236652240842510797e-01
2.398065273792961527e+00,5.083871311132763804e-01,9.461751054906946123e-01,7.273785455531776023e-01,7.773118462271227935e-02,1.159152622136066513e-01
2.951624700140352608e+00,2.052090019888554995e+00,1.668669211242266304e+00,3.684053180879947043e-01,2.244326092503987347e-01,2.101446943357644648e-01
2.063295197262662750e+00,2.542808939587377637e+00,6.203430597360424237e-01,3.962921123048135374e-01,4.921093820776054617e-01,5.023286333685427207e-01
2.224423174105083501e+00,1.974124099107730013e+00,1.557531644508419966e+00,2.967565552825635056e-01,3.482187695817977602e-01,3.567233877815573773e-01
1.691122155994800202e+00,1.822958012488507418e+00,1.625242076228185173e+00,6.284825240152085435e-01,5.218097541835782227e-01,5.239808745284644242e-01
3.338536950357048116e+00,2.372598024637474268e+00,1.015941724340543306e+00,1.237760105330532268e+00,2.105085056543429256e-01,2.226779038665235577e-01
4.701631232940288285e+00,1.104280418879159509e+00,8.252772941192343392e-01,1.117430634038408810e+00,4.154134005932975937e-02,1.406292798959635909e-02
4.931557610006772840e+00,1.324678824818042777e+00,1.890463256287289839e+00,7.029387059381417835e-01,5.474751071514155631e-02,5.402469824494168099e-02
2.034940801045743708e+00,2.519329764065779909e+00,9.302867582753768794e-01,1.921225426793765401e+00,5.704551248287594856e-01,5.653740307824245415e-01
4.149620219621351080e-01,1.632388447033012557e+00,5.152149025525072368e-01,1.514248109634766637e+00,4.507886562987872381e+00,4.509637827435515334e+00
3.245379412981455935e+00,1.101023851962841027e+00,5.184768790998359744e-01,1.933028787580921559e+00,9.811738193309652023e-02,9.263384129226277797e-02
4.776874642627964462e+00,2.445686038282294916e+00,1.652088439849411339e+00,1.857495296497540860e+00,1.307058523900589964e-01,1.178645870815954871e-01
4.773652521963309248e+00,5.629296599607340745e-01,9.943626626972261739e-01,1.085748732783885062e+00,2.187566729863067369e-02,7.252364031303182995e-03
3.495865817432849187e+00,1.528652302104452687e+00,7.538353093031322505e-01,1.851835899020888299e+00,1.250786774569372373e-01,1.427721893343290860e-01
1.997942636051820875e+00,1.115802183792002689e+00,8.556312217265239495e-01,1.559356006167879505e+00,2.433779144639078296e-01,2.264178824169101878e-01
5.994564601487184508e-01,2.474894347213339341e+00,1.699447558139385084e+00,1.843257998480523741e+00,3.908576645208521327e+00,3.915825851293667004e+00
2.417158547294504967e+00,1.580816649132428697e+00,1.465230277996741215e+00,1.597735856333542870e+00,2.796660380005610014e-01,2.866636694434257504e-01
3.344068707180503974e+00,2.350078888946129485e+00,1.032188240100518684e+00,3.019390031636204341e-01,1.811832399689385364e-01,1.792252501818171195e-01
3.668597644507258781e+00,1.772466171629313969e+00,1.797852840228511440e+00,1.919358873686835887e+00,1.647573458663010304e-01,1.732247509821822073e-01
3.376083897860477467e+00,1.586778180437887986e+00,1.751161337712275667e+00,5.261440385443731937e-01,1.386838492806759526e-01,1.495256006845093744e-01
3.976228467012762557e+00,2.745801721252104421e+00,1.119467799574938915e+00,8.799126390790941166e-01,1.645446274641608475e-01,1.539015204044338614e-01
7.408515230340388946e-01,1.267182274954744337e+00,5.321994402409824243e-01,1.730461185343118435e+00,1.285440806531966018e+00,1.292164113841241635e+00
2.685008709200388477e+00,2.286968339299504827e+00,1.690511623502607641e+00,7.135636025781941782e-01,3.100219841625603268e-01,3.481330480103420610e-01
2.367982159332855385e+00,2.008575416333789221e+00,1.881403361598891877e+00,3.185324045580439911e-01,3.266807202771828678e-01,3.052625351443314927e-01
2.605500067647113394e+00,1.933676186774923256e+00,1.783375569281160367e+00,4.429848124040509649e-01,2.690086102697700210e-01,2.629604315576775098e-01
2.436605512784075778e+00,1.437975622104836315e+00,9.274489422203090472e-01,1.765375925521381673e+00,2.331500029052626100e-01,2.178114103305307248e-01
3.102456896610574777e+00,1.151167310469014327e+00,1.748488036807946955e+00,1.961323584954627552e+00,1.446357974105584587e-01,1.843360238222546688e-01
7.117147296308687920e-01,1.196704631245333994e+00,1.460095893559803848e+00,5.573550126065485166e-01,1.210701045214259031e+00,1.182645295658928619e+00
2.511077828240445564e-01,5.585376808075264154e-01,1.424008741480506046e+00,4.860375468804809529e-01,2.143682021221626766e+00,2.143823694059193929e+00
2.296089881706396163e+00,2.544394040425385306e+00,7.664560919985305976e-01,6.106149289583158168e-01,4.139363112335587291e-01,4.325190972521533173e-01
3.025141438971969077e+00,8.029625695353579395e-01,1.264250646955207946e+00,1.250915582509782631e+00,8.892309890507726911e-02,7.155910850470861839e-02
2.236065583933713796e+00,2.457103970524652681e+00,1.103370760154639640e+00,9.490612391734478681e-01,4.400143666488059990e-01,4.372941211171232356e-01
2.670697118608567955e+00,2.964003904373765153e+00,1.644186745764643076e+00,3.172790917164836078e-01,3.859305332837151270e-01,3.716911560877355636e-01
2.124264119801730910e+00,5.392983316506170244e-01,8.503970682266248637e-01,1.987847657514912436e+00,1.097356588612244666e-01,8.292706956395767826e-02
4.101222432922985384e+00,1.409240133485793578e+00,1.197785672389703793e+00,7.839166174091660722e-02,6.269047895636575829e-02,6.126964947034597292e-02
4.088769858914655053e+00,9.200307828159910439e-01,1.707514537118032250e+00,1.007943708802671923e+00,5.908446705513820119e-02,6.894836845894036781e-02
9.250898188356084795e-01,1.505468654644658733e+00,1.943810544797067275e+00,9.016227757162467160e-01,1.137908285563050681e+00,1.129939958885535223e+00
3.194210318630143153e+00,1.228310017993088143e+00,1.460412105042151909e+00,1.076762060130813436e+00,1.240829136195742144e-01,1.273452843723605343e-01
2.711516897492629585e+00,8.886280156916752659e-01,6.895541038159185288e-01,1.707730673991792347e+00,1.135024568360294417e-01,1.271484104762481415e-01
4.689026216715495576e-01,7.773738385836199694e-01,1.741258993981440462e+00,1.102388511391082737e+00,1.435167120151990439e+00,1.459014871017871418e+00
6.227551311183032734e-01,9.254793443589053314e-01,1.692422733316944594e+00,9.312291112026804818e-01,1.169906711806785626e+00,1.145215494482432872e+00
4.107677699716425046e+00,2.406369074563464494e+00,1.549560476169575596e+00,4.996040379409771859e-02,1.185810784702378690e-01,1.308061620509962664e-01
3.636404624624291593e+00,2.386802632257769563e+00,5.412644053267032795e-01,4.999720115381152130e-01,1.196000228378567426e-01,1.071749612340817670e-01
9.575362721284523815e-01,2.787150953883598348e+00,1.911159885991987162e+00,9.032002120060864669e-01,2.079431751982300902e+00,2.041749961547169701e+00
3.016645409481815587e+00,5.201584127550102910e-01,1.906557021116314754e+00,3.370475540058406327e-01,5.541956984994197283e-02,3.985993724817021855e-02
4.489211282537046266e+00,2.058737743690907784e+00,7.851476217149777614e-01,4.667388877564100369e-01,6.576903929597474607e-02,7.856745199755330034e-02
2.711377651038559211e+00,1.721427970929664042e+00,1.862610187186574784e+00,1.557330229079585404e+00,2.634966249925794757e-01,2.696218105518182195e-01
3.086019797179754942e+00,1.278137086650521059e+00,1.134732182611930540e+00,1.143042286871853941e+00,1.324635622463440632e-01,1.105318949734653833e-01
3.449511590775898195e+00,2.325111147751557361e+00,6.134760130805664291e-01,7.796865552866960591e-02,1.170702292973070657e-01,1.491542772630562730e-01
2.741505651081163730e+00,1.832513728585274837e+00,8.503163737459528138e-01,1.105037736366024426e+00,2.257751918123268586e-01,2.338142465331330966e-01
4.420668027150971291e+00,1.027457172175001210e+00,1.464787573612835292e+00,5.609003923279476389e-01,4.862747327863445324e-02,4.724458306450558115e-02
1.425435431527835917e+00,1.968073687349983558e+00,1.954075251358898146e+00,8.018672923347736070e-01,7.797223497864852471e-01,7.688831643259016468e-01
1.283235739144691134e+00,2.257437842532774575e+00,1.944132772825023725e+00,1.863251867872248946e+00,1.199837525870931731e+00,1.208167291380952912e+00
6.841692248895534512e-01,2.880726491701334435e+00,1.211021426396603040e+00,1.830566802558319939e-01,3.172462903264582135e+00,3.164707755547242485e+00
2.333150144415650828e+00,1.458516963472071604e+00,1.019859808478546626e+00,1.720314288137930747e+00,2.578618233730144982e-01,2.805092401329978835e-01
1.767769570379913002e+00,2.028350806720641053e+00,1.496937830772053557e+00,1.502067403429191428e+00,5.995380093790306786e-01,6.057901643441452322e-01
2.599090871372392808e+00,2.466657379616465917e+00,8.860180452967366671e-01,1.997783690225676478e+00,3.657539622994830375e-01,3.780266912079867647e-01
1.038330450283649453e+00,2.536284311134170633e+00,1.053316515238924556e+00,1.415627601278451220e+00,1.659238308434586529e+00,1.653122477172310534e+00
2.506949691246208811e+00,1.169207650272527488e+00,1.378400643973805462e+00,1.553428304566987217e+00,1.901887343154409771e-01,1.606890489014949630e-01
2.581292217701042002e+00,9.679847974137671951e-01,1.596879079635318499e+00,5.029845205990239876e-01,1.353975967061595287e-01,1.459173699459893336e-01
1.667195929957191902e+00,6.973690611388190241e-01,1.352511116732925567e+00,1.824226752929990703e+00,2.255061959750243594e-01,2.053625364791875074e-01
4.060676579441454770e+00,1.849562369458581657e+00,5.156872002750156891e-01,1.765888153558669904e+00,9.809770991635941018e-02,9.597378790586277852e-02
2.625550392172970149e+00,2.448989748567903302e+00,1.394878106969220877e+00,1.170553576292564069e+00,3.537704536912099074e-01,3.534870735366150152e-01
3.054122059581993565e+00,1.035599956012288159e+00,1.945536056429702398e+00,1.192618803769547764e+00,1.227435479073764324e-01,1.071620489632570949e-01
4.770754832033499149e+00,5.862104909361466332e-01,5.459791674142524531e-01,3.302461589643614914e-01,9.073685675296573605e-03,2.680624979358979879e-02
4.409383566730391557e+00,1.090514136750997398e+00,1.127649141208762584e+00,1.096882171838468034e+00,5.397384435204422709e-02,2.548413643346805410e-02
3.295870912747926873e+00,1.380942678591286388e+00,5.269514470274521134e-01,1.933182639222372989e+00,1.197138711593042637e-01,1.494450610160129311e-01
2.254572921669403540e-01,1.872493389135192032e+00,1.095132545880783015e+00,2.858752220572311487e-01,1.130097803447698901e+01,1.128919820124536422e+01
3.292603156235013540e+00,6.241752399103221993e-01,8.297845626611201064e-01,3.688906146183201784e-02,4.245335776290683205e-02,6.165946401038072122e-02
1.663630819331563204e+00,2.437573975702104434e+00,6.223242678009529572e-01,1.205868808476506571e+00,6.870155136212825475e-01,7.127839453759106103e-01
1.385668775494304228e+00,9.433746302967783715e-01,1.645967545045115443e+00,9.752424046283987291e-01,3.814709863734530026e-01,3.642838627805706775e-01
3.105242287030030024e+00,2.983586662024590108e+00,5.502910378174734607e-01,3.318937732326789902e-01,2.241852088205662230e-01,2.095210572248613068e-01
1.045379086267350655e+00,6.390605637811901385e-01,1.699542969065457321e+00,9.331618429755137445e-01,3.888738103445618099e-01,4.075995570898725551e-01
3.732521960362630953e+00,2.509440740488512400e+00,1.529751938674128287e+00,1.538965432788130583e+00,2.042969079181051473e-01,2.080141512273072368e-01
3.926482966734788249e+00,2.676698218760384940e+00,1.800620223196324421e+00,1.926326208257794992e+00,2.196191810082820939e-01,2.212598694114288334e-01
8.615976774020179807e-01,5.299944352119942970e-01,5.614657441693056139e-01,1.397199974451242888e+00,3.862649402545619282e-01,3.498263176229636229e-01
9.294384973959823881e-01,1.075777139966797913e+00,8.965457113258570310e-01,1.539311648809080557e+00,7.749681379832731309e-01,7.422573148168772894e-01
4.641368373986249907e+00,2.286535863180153783e+00,1.280067048963608345e+00,7.820648584453897545e-01,9.716889644845591589e-02,1.078644259277561218e-01
3.466180209552337521e-01,2.989536588406670692e+00,1.218992516004443916e+00,9.986850080715572453e-01,1.110262630711148013e+01,1.113119099895755859e+01
4.030969771756761411e+00,2.025745399651807332e+00,5.334219503047110678e-01,1.405647054965467380e+00,1.027574861117656058e-01,8.864213403971578364e-02
3.785192763829976492e+00,2.716105578621140104e+00,1.212794817356702026e+00,1.905039129184503244e+00,2.135909506222729570e-01,1.963713720526282236e-01
3.575781882373680887e+00,2.199327732505171440e+00,1.013800261590837692e+00,6.877513615759500709e-01,1.569313665734012597e-01,1.610954546636151063e-01
3.622514708629781532e-01,1.807634802848502087e+00,1.841898416642045344e+00,1.026818981206523151e-01,4.772201217028348097e+00,4.781438865372537705e+00
4.720776241627523184e+00,2.299660391863850961e+00,8.934553794588075970e-01,4.908132172583248298e-01,6.916543052338615383e-02,8.035816955591719435e-02
1.186248321358496227e+00,2.194404264210417566e+00,5.744842714171223275e-01,1.956186757415154576e+00,1.135998860123885068e+00,1.127239256168430126e+00
4.389477423411662471e+00,1.147428093437740548e+00,7.642469233551979491e-01,1.139792996159024741e+00,5.046410204357440477e-02,1.176559209781174314e-02
2.603550229812691796e+00,1.387933584768476170e+00,9.536417130362471184e-01,3.379878919190311137e-01,1.789419055916524059e-01,2.079475145714408113e-01
1.763100451278716063e+00,2.684036288098041734e+00,9.003587061217688259e-01,1.159068644887609301e+00,7.107091178825790667e-01,7.008329969252291569e-01
1.039204011958237306e+00,1.138202362313316840e+00,1.349837530947540554e+00,1.069159845850186308e+00,6.974389786914236833e-01,7.224283062601579708e-01
2.550882235026170619e-01,1.042729426127280146e+00,8.981733877138283750e-01,1.703661023229365190e+00,4.947101925824593849e+00,4.907525207172238169e+00
1.324595132947215204e+00,1.858855375330852988e+00,7.334438678577641646e-01,1.077582967707597428e+00,7.464629089634629011e-01,7.538444687865591964e-01
7.580471505979831104e-01,2.537990078500899305e+00,7.584591419776183230e-01,1.808633060729438968e+00,2.845713674909270630e+00,2.835775603365428665e+00
2.319503362460503537e-01,1.445453055956673394e+00,7.136315062361275885e-01,2.561119471216017907e-01,8.381724771546007702e+00,8.360151806402198460e+00
3.391046710321355295e+00,1.005801357603786750e+00,1.902867822428868871e+00,1.767068456110688190e+00,1.071214491093314125e-01,1.264174147288075756e-01
4.890414933677076803e+00,2.959706830756940743e+00,1.609202677031423834e+00,4.779841351720430787e-01,1.100068125015450093e-01,1.356731592781658113e-01
2.669193213904867523e+00,1.280218722624572480e+00,1.748048747919886292e+00,1.507056479571653451e+00,1.963426878767587647e-01,1.846950876422782384e-01
4.138007141732716221e+00,9.214646444658023405e-01,5.848381810405967052e-01,2.263324978100613727e-01,2.565590023943805503e-02,3.851163507793328028e-02
4.857860562932122761e+00,1.889796898665993430e+00,1.156220728655995345e+00,1.067052123656319518e+00,7.427621107887741325e-02,5.292569930642614801e-02
5.875838500630761185e-01,1.238149693093511639e+00,1.355958392302478499e+00,2.869515453590887333e-01,1.589948406032872574e+00,1.577664348446138787e+00
2.242073218460602479e+00,8.678537501857328529e-01,1.213807547550764143e+00,1.348851973659768611e+00,1.618564077030568982e-01,1.569840843878702041e-01
2.224584370631642383e+00,2.232650914606574943e+00,6.177302094112562258e-01,1.238748142474530800e+00,3.894854800882522339e-01,3.825852929291468363e-01
1.394090066362244640e+00,2.499179531553027633e+00,8.963972977158769506e-01,1.232862048359312901e+00,9.743624662227940991e-01,9.870479729369352473e-01
3.644308875227375122e+00,2.640875964529501019e+00,1.286524573584480802e+00,1.167573432976703796e+00,2.051708541749862613e-01,1.812043053023777162e-01
2.858013354389055127e+00,1.295942872132747725e+00,1.579657316316505744e+00,5.086187011672937963e-02,1.437069264121949574e-01,1.629384891092908461e-01
1.006037474929810216e+00,7.705714689416363061e-01,1.089857295885392041e+00,3.390199804905658088e-01,4.397879679718628143e-01,4.589847390971609764e-01
4.739756953375244386e+00,2.746561686492032806e+00,1.367630132496008954e+00,9.676674973351184761e-02,8.611778711050263602e-02,8.179525148744890006e-02
7.725611127812157530e-01,2.408558306547239347e+00,1.594170284737705057e+00,6.414052207883218504e-01,2.329256960306651969e+00,2.305744730100856899e+00
4.384786412565945812e-01,1.737750099822856553e+00,1.877190020823285455e+00,1.103969069834157324e+00,3.810834928066341831e+00,3.763625946967915414e+00
3.828005179792865142e+00,6.171093373845779606e-01,1.586153389760410537e+00,6.864261341024608942e-01,4.217913211883851654e-02,4.092783587779293825e-02
2.251375161318437179e+00,1.157860659685792548e+00,1.002365827542966326e+00,2.355370899789712702e-01,1.936432189894597977e-01,1.794269885866060510e-01
3.332474910708244753e+00,2.566240354746874175e+00,7.264299146181323330e-01,1.687228230378648552e+00,2.257177236330767667e-01,2.277509968535635088e-01
3.407745331593812210e-01,1.680589157635785202e+00,8.944698671416646540e-01,1.862817565564774958e+00,6.003677443421175930e+00,5.982731539541434884e+00
5.840861850188782123e-01,5.552390658222203790e-01,1.453381934621295724e+00,1.562486971075109921e+00,7.727942070710079880e-01,7.728471156947175347e-01
1.565560171016807667e+00,1.716345741176215967e+00,6.725580509919993899e-01,3.837664740758814919e-01,5.182059792599864601e-01,5.169848010206733457e-01
1.773034770930995929e+00,1.170474786627844654e+00,1.884720053724364019e+00,1.753846749368060287e+00,3.680677851694714731e-01,3.682909722645046346e-01
2.733500042556722409e+00,1.590937561026902980e+00,6.943524880503100238e-01,1.397832512759000778e-01,1.702344709367519526e-01,1.759000227812577699e-01
1.727055528658582695e+00,1.294440571382546201e+00,8.620091568787310310e-01,2.888063179494158028e-01,3.334605485483728149e-01,3.392494308768431721e-01
1.311581677827490244e+00,8.595248011557988788e-01,7.897668803960358197e-01,1.686406322407081770e+00,3.628021582218236007e-01,3.820404134567254584e-01
4.765655737969703765e+00,1.012528243938666028e+00,9.028767765468500572e-01,7.110893106481435133e-01,3.317217318769050127e-02,1.764725243011450173e-02
8.369493086427099993e-01,1.493489401877929890e+00,1.213844894877522673e+00,1.536782199679686656e+00,1.327387314686193864e+00,1.341667921238331562e+00
2.612133391800553817e+00,1.490492219242127714e+00,1.963553258781282729e+00,3.478873590872189059e-01,2.066611440109150100e-01,2.098510298069251601e-01
1.273606231565475255e+00,2.550868311111842424e+00,1.782303603849104245e+00,1.592623433803350697e+00,1.324683804400076159e+00,1.316416926391850151e+00
4.096921608481693511e+00,1.899019663835141980e+00,1.166804058527182608e+00,6.769540380395706602e-01,1.029981542672362554e-01,8.328140646660750490e-02
3.171763496425906048e+00,1.988956160568081000e+00,1.097055646046205979e+00,1.095978345029241074e+00,1.940143672215980386e-01,2.229255110425065745e-01
3.178379749979708180e+00,2.175458163912839193e+00,1.503984236079263459e+00,1.417565536717627639e+00,2.341291830055059198e-01,2.388949443171699272e-01
2.290115241626398568e+00,1.325283836309952168e+00,1.449980359946966280e+00,1.090498142070328136e+00,2.397871725915970142e-01,2.295896117771520084e-01
2.399793989405390349e+00,1.675428357269819868e+00,1.639086442334639404e+00,5.134435022809440419e-01,2.672227249348664291e-01,2.686986228523103315e-01
4.962488824222829997e+00,1.294156996924094472e+00,1.054777402165852251e+00,1.895201075203549745e+00,5.543333018897547010e-02,5.556844585110555512e-02
2.239173135611222776e+00,1.497698169418453684e+00,7.645760733048125868e-01,1.952833527302588745e-01,2.494059801627245276e-01,2.390969340720410508e-01
3.355842598182167347e+00,1.593378497332151644e+00,1.889786243167707713e+00,1.674351629538688879e+00,1.705178389805301620e-01,1.432639182052438676e-01
6.232226164063916496e-01,1.262230311468999888e+00,5.202009820775799209e-01,1.301735751061690260e+00,1.614861333216524031e+00,1.617939874280443391e+00
2.718000396281019970e+00,1.961684358001966277e+00,5.224189901277997983e-01,2.504016768721453179e-01,2.009184982532502550e-01,1.977454741688157436e-01
3.827943474464086115e+00,2.492700939931598025e+00,1.136583686097004442e+00,1.654381362557818536e+00,1.824465084440240747e-01,1.769198649383248445e-01
2.450476675962012241e+00,1.366284254903316508e+00,1.254384888948275600e+00,6.769970916969521024e-01,2.065879690119408751e-01,2.261305320824441301e-01
3.691120938705693355e+00,7.364238602242818565e-01,6.019024502810812471e-01,3.570858055534333886e-01,3.490865771435942844e-02,9.000601041077194164e-03
3.388451224324324773e+00,9.366132164869720444e-01,1.383677959716161254e+00,1.450228427390628072e+00,8.799499452984194114e-02,6.917927691942078738e-02
7.274713151104035269e-01,2.702812903027453473e+00,8.958293931101717344e-01,6.152832203574700731e-01,2.827783505786017226e+00,2.831026205149964170e+00
2.490232398559366178e+00,2.740005723973058416e+00,8.834801965485112873e-01,1.298627838430904902e+00,4.099668713087392113e-01,4.265203377775518279e-01
3.497667953626102388e-01,1.663481139168389911e+00,1.380224579552007835e+00,7.898307688705104024e-01,4.964724470301913328e+00,4.976887250333437152e+00
6.365259750145180195e-01,8.021405348351260400e-01,1.663805974588854486e+00,8.499264534152799477e-01,9.681509958104069780e-01,9.826082096666800547e-01
3.431489501543621756e+00,2.465088002566446335e+00,1.057327434887189721e+00,8.176828723925013698e-01,1.978808009108302679e-01,1.544553148648721841e-01
1.255367499963552902e+00,2.011983866788807696e+00,1.647421563810151923e+00,1.872233864148419746e+00,1.073503574167331109e+00,1.083394542265710081e+00
4.430715161180218686e-01,2.239260466839661845e+00,1.586651795582998403e+00,2.210954833678633324e-01,4.668360256392570129e+00,4.676685346782432973e+00
2.448318683958996544e+00,2.005901570255886668e+00,5.454576380515522294e-01,1.722959432498008203e+00,3.007663801867196396e-01,3.143568578898187083e-01
3.551419861718647208e+00,1.659147797327214624e+00,6.073745345539586227e-01,7.323806962035332990e-01,1.035602511830275990e-01,9.005027753134334234e-02
1.544914002391220009e+00,2.327908350313837360e+00,1.495720659049292189e+00,1.083917606135125222e-01,7.216059929801633688e-01,7.317764635185052269e-01
1.114882665178716481e+00,2.975323563660301485e+00,5.236088796076823204e-01,1.995652348830612155e+00,1.778951147758698781e+00,1.798867974555656168e+00
1.307828706296979115e+00,2.948896573377011165e+00,6.128885529811509691e-01,9.517888157445806296e-01,1.216294194865960909e+00,1.248137504469965187e+00
3.108268835360746829e-01,8.124656138348400614e-01,9.221286896215397100e-01,2.570563583429517074e-01,2.454072669875561719e+00,2.459195410610896637e+00
4.003494679358805541e-01,5.878887248793882581e-01,1.012391831984231549e+00,1.836159385892892626e-01,1.184377071899798128e+00,1.158214993877454413e+00
2.419672614729936999e+00,8.978493659055917231e-01,1.789201822594384872e+00,1.852407396878208434e-01,1.375971349768152496e-01,1.388109063486174244e-01
1.233910329001933093e+00,1.039208535094577446e+00,1.680427110436617077e+00,1.534656087806339775e+00,5.369784446446789206e-01,5.498541697430910924e-01
2.254303716464483909e+00,2.845598007715602673e+00,1.212357264423352676e+00,4.238099320794872504e-01,4.867797122321523839e-01,4.970664316934121918e-01
4.583635743322112432e+00,1.414102491808952866e+00,7.697073812649906088e-01,1.526454143564942134e+00,6.119943860748122688e-02,9.918372819002035934e-02
4.060343996828592594e+00,1.963460189305233694e+00,5.708564904718469446e-01,1.109657672917839566e+00,9.285645463963014545e-02,8.904208564496080003e-02
4.168291282396046071e+00,2.909644356268692000e+00,1.567508953262357174e+00,4.633531469372553779e-01,1.577076120657341651e-01,1.377441503067873274e-01
4.659313358970084806e+00,1.941838367002604038e+00,1.001145216136531513e+00,7.693772215188423580e-01,7.336457893036014977e-02,6.095238468979087554e-02
3.401489388684658444e+00,1.336984915371504989e+00,6.633584246215237235e-01,1.104109290093178153e+00,1.031151895847925437e-01,1.162604058725965200e-01
2.300981794790798673e+00,2.541888401218973748e+00,1.773752708241711940e+00,1.715355245352840230e+00,5.227470795857632746e-01,5.070766714548509135e-01
5.520119591493009015e-01,1.513410413077753480e+00,1.976876203269528620e+00,1.064212104606654830e+00,2.381960271121573935e+00,2.361539859916873763e+00
3.664190600901882533e+00,8.818660689153172694e-01,1.367914501635132396e+00,7.213472354468435377e-01,6.420337246327663394e-02,4.785069244726303239e-02
7.336594126713729125e-01,2.333209095898509666e+00,5.465581400125025802e-01,1.971205054429914449e+00,2.774510972443011259e+00,2.798577682357536123e+00
1.656255909812996086e+00,2.341501904780414201e+00,9.497200319435896709e-01,2.988345782792258820e-01,6.477001870500351810e-01,6.525819081301392766e-01
1.546921371731776684e+00,1.551264078607166752e+00,9.886649670300501347e-01,7.184849181729064949e-01,4.842896259611952359e-01,4.778276496699106479e-01
4.701697206189555445e+00,1.811780350481784874e+00,1.527587031828945952e+00,1.568994106471224947e+00,9.294450578832216814e-02,1.099187406248113008e-01
4.359773644257906255e+00,2.285574842747945645e+00,1.703096940055064845e+00,2.049360101407364798e-01,1.061680037425705436e-01,1.199411305985614851e-01
1.422047371200634736e+00,2.519230352812772189e+00,6.728681242483258718e-01,1.707821746896452497e+00,9.672154994885115986e-01,9.481524548672709551e-01
1.998824144615297005e+00,1.325669222638783840e+00,1.783311239243404289e+00,1.896561459038301312e+00,3.478145345836378688e-01,3.644390350495378961e-01
2.491272785875349172e+00,2.851327117030119762e+00,1.096818302576665127e+00,9.797585342511010431e-01,4.261573866047378978e-01,4.311776660838939068e-01
4.290455852022237448e-01,2.759557881276266222e+00,5.328718126178909609e-01,1.679768747271445983e+00,8.948659173595681082e+00,8.908125294680274919e+00
2.923064662013816206e-01,2.329597562014373846e+00,1.026266613632107472e+00,5.147805625911470173e-01,1.037762026312362273e+01,1.035439473890994400e+01
2.931674692482662881e+00,1.155739797673434710e+00,6.896241064205941296e-01,3.479303783903779923e-01,1.099232324251534637e-01,1.153018287676626230e-01
2.601138301173603118e+00,6.919530454836304578e-01,1.171604596571896639e+00,1.632301288698221331e+00,1.028103488338732441e-01,1.126456601632874199e-01
3.221425562186358338e+00,1.455668301646519058e+00,8.982054236453038687e-01,1.953610016485351375e+00,1.455669324957956645e-01,1.401288590026325831e-01
4.416395178724223491e+00,2.248992819628865103e+00,1.492118319633586543e+00,1.094334505129224810e+00,1.204650680666110862e-01,1.009803265276396356e-01
8.639866132225990647e-01,7.146864972760886836e-01,1.279201207374338622e+00,2.449730098668452261e-01,5.089560307197101841e-01,5.141098661093246314e-01
4.500707652538035397e+00,2.443723831692404591e+00,1.755349237242176619e+00,1.069536452581556496e-01,1.020596902440599474e-01,6.615593696659952117e-02
1.206114718240477224e+00,1.858346699117766176e+00,9.719223257773956792e-01,5.916550703400216271e-01,8.454694694499059748e-01,8.567334024174108054e-01
4.628859124131008862e+00,2.279540188691348224e+00,1.177786237924894230e+00,1.634507350857252739e+00,1.130772371289836958e-01,1.103686450104021527e-01
9.612848444625701205e-01,1.927634432740112924e+00,7.015656547504662832e-01,6.716426047282371137e-01,1.232222134677263492e+00,1.231966238808548608e+00
2.117519083890611054e+00,1.308400798811375498e+00,1.894948452655222493e+00,4.067813999831240146e-01,2.585325938739796992e-01,2.459505475813119346e-01
3.734917974288519016e+00,2.581281442193744002e+00,1.419892796244394129e+00,1.574987553198385459e+00,2.070696668317349443e-01,2.237631646968341603e-01
1.160979004707062723e+00,9.573561052656736070e-01,7.285638100752618307e-01,7.479801952768645457e-01,4.473381048963352979e-01,4.016018417917949224e-01
7.624268727674661239e-01,9.079598544704741148e-01,1.546135395837728854e+00,1.722108296867184141e+00,9.241565525483096399e-01,9.073322439722171229e-01
1.489921163182867492e+00,2.696129974772871751e+00,6.467850804006767262e-01,1.722197273633540915e+00,9.592646957226003135e-01,9.710346182487995526e-01
1.814879482162824686e+00,2.393280041083239773e+00,6.234202919024998124e-01,7.228826803799812684e-01,5.764138745089998350e-01,5.628564166248323231e-01
4.452433183792400051e+00,2.737205415999696800e+00,7.054333393169713862e-01,1.319680373393874007e+00,1.175540435910123471e-01,1.468057280186559899e-01
1.403555161241748728e+00,2.284668351973262013e+00,5.134448872432817446e-01,1.234321133683262683e+00,8.374656795050277047e-01,8.462410601077197114e-01
3.472988664439228046e+00,5.998156375122059014e-01,9.733698232074199375e-01,8.689792444632886692e-01,4.644960602228125762e-02,3.175318770148236741e-02
4.207334093054626578e+00,2.036643068426267966e+00,1.975076079317120703e+00,1.587007481090344063e+00,1.420226297773281576e-01,1.643613007570011719e-01
2.640828597756231244e-01,7.804959681332391819e-01,7.522858016401732240e-01,1.149205210810634092e+00,3.257929190934883312e+00,3.256587868512141437e+00
1.514061604262600058e+00,1.315545987041214948e+00,1.852829340234598998e+00,1.975785925510523233e+00,5.385757984070084214e-01,5.505935385278826200e-01
4.533087951005609462e+00,8.676158794655115525e-01,1.170689134229729644e+00,1.911092303082374988e+00,4.687319342015592444e-02,3.524424078608161259e-02
2.992202132161176920e+00,2.160810268023897862e+00,1.856954946657363381e+00,2.196691682381810562e-01,2.296229745904209696e-01,2.183391309051872786e-01
1.012700925380597194e+00,2.455679776227313482e+00,9.320238343395046421e-01,1.259870377140093201e+00,1.615900712951969576e+00,1.630544849267341112e+00
2.567218568044657978e+00,1.141901171994727404e+00,1.817524701098139017e+00,1.339393929359393276e+00,1.843805371739031529e-01,1.870132469140827203e-01
2.121006913249570580e+00,1.087865765708996513e+00,5.108188158437045878e-01,1.432444935812891895e+00,2.035450319375152750e-01,1.892721847896694232e-01
4.210025567608629338e+00,1.424479452092905829e+00,8.744649029516124994e-01,1.321573686181112262e-01,4.931078309885637834e-02,3.263361065319469317e-02
4.004527195432991071e+00,2.148694453306913665e+00,1.664331921278855653e+00,2.975832601353451956e-01,1.247061922829131031e-01,1.382632553108551765e-01
1.756054114577508152e+00,2.342071891660522098e+00,6.211190662794563444e-01,1.114469785002547564e-01,5.984074970343495892e-01,6.339387503317063244e-01
4.918710543117031264e+00,1.072212638011329044e+00,9.934412494205995259e-01,8.826592990256467708e-01,3.609070772075321371e-02,2.030387124787392389e-02
4.293847365530424898e-01,8.017002373779886781e-01,9.747743450322664538e-01,1.678023869470761431e+00,1.719422757417515601e+00,1.733654648934913389e+00
4.566328417616660751e+00,1.240658681418667530e+00,9.685888090899803515e-01,1.373434925419446895e+00,5.694215956077991470e-02,3.268098254942813918e-04
6.668817575569615519e-01,1.286129966202309571e+00,1.851557644708391459e+00,1.835020397503099865e+00,1.632784965189553628e+00,1.606234404404871752e+00
2.860519609301546140e+00,2.929754574586860283e+00,1.350463255007686492e+00,1.208431203375661678e+00,3.638389859995659337e-01,3.780601143402888553e-01
2.210730230784511807e+00,2.099812220122500683e+00,5.665789267866083723e-01,5.007561597416125831e-01,3.579374211421041396e-01,3.902049811769023324e-01
4.152420460728652785e+00,1.247840437782716361e+00,5.331910995346338389e-01,2.062484057651277070e-01,3.033738392227311800e-02,3.247242456790010862e-02
2.506429573722141146e+00,2.633227155740292424e+00,9.620412487704137483e-01,8.840457835903343664e-01,3.801329989861100822e-01,3.918231829664370891e-01
1.550777239584747003e+00,2.323461940793102976e+00,9.184022924349267702e-01,1.287532205316628264e-01,7.104124607520849732e-01,7.164627816162774110e-01
3.621511772173519716e+00,2.205555484311017000e+00,1.675771739588601594e+00,1.766190632520513226e+00,2.013985308768588278e-01,2.222607103726079170e-01
2.033681117213167244e+00,2.161137571847547623e+00,1.499665890588212314e+00,6.723877108889753096e-02,4.334722062088273709e-01,4.130131928608449798e-01
2.240850211358540900e+00,2.089872304773545242e+00,9.426261524446460927e-01,1.828866813220230814e+00,3.968267895031560299e-01,4.103483505280319243e-01
4.117999318787716412e+00,7.173320328725697470e-01,6.083169144255100580e-01,1.232455098106215896e+00,3.476383871846423085e-02,2.715533677788459915e-02
1.909784755533013634e+00,1.666641462128226392e+00,1.394180501058451593e+00,1.112819160395069229e+00,4.062393338596284043e-01,4.005153305354786641e-01
2.744234349153094499e+00,1.392546895604168222e+00,1.790763724694384607e+00,1.309788886863524571e+00,1.991268656667570247e-01,2.000106701724808922e-01
4.081966703634786420e+00,7.056715941402151859e-01,7.370094432326914635e-01,1.337942208843834857e+00,3.837738822428334723e-02,3.530166391458060965e-02
4.168207870241618096e+00,2.226644966427417494e+00,9.097306717744624294e-01,3.629841508863740351e-01,9.350888044724839365e-02,7.932314233076429022e-02
3.481463109317849192e+00,2.969394398146778968e+00,1.132162147482655756e+00,1.075645481143656657e-01,2.027292571473414129e-01,1.986723827617599136e-01
3.607171138754064366e+00,2.384443900832627694e+00,1.295308533265689732e+00,5.117351601582802445e-01,1.712680960196251156e-01,1.535738435009716962e-01
6.568936687737803037e-01,2.128589109738290297e+00,1.982699931262758009e+00,4.094145444479078133e-01,2.541327736381024938e+00,2.571583373689072083e+00
2.817105835945164394e+00,2.573177804831503934e+00,1.931320244900214700e+00,5.496489503441837066e-02,3.009613452570167880e-01,3.157873143860878695e-01
3.070254203111084212e+00,8.053544408436481561e-01,1.664751049553828466e+00,1.903632026475425842e-01,7.981215721793466500e-02,7.265261059050658055e-02
8.773011920290383348e-01,1.578368503190757721e+00,1.482334112002709148e+00,1.741608200856885169e+00,1.364939616513161313e+00,1.397369395067603826e+00
4.464025651990174204e+00,6.956244916709828363e-01,5.712273389604989315e-01,9.893589211844626696e-01,2.370104063145322265e-02,5.012155859949495029e-02
3.443255947234785896e+00,1.016262110055576207e+00,1.658266326568569760e+00,1.485921149515083028e+00,9.726155366418111348e-02,1.079215656737508439e-01
6.951065302697225778e-01,1.093740464048660321e+00,1.772255919746608788e+00,5.800202147379698303e-01,1.161980957331953723e+00,1.152448135261104900e+00
7.843048034472959174e-01,5.844585494097838119e-01,1.233831216759625926e+00,1.757490249830382378e+00,5.502822116873102853e-01,5.564093491144153081e-01
6.971160662527073892e-01,1.240143959537334695e+00,1.531750975844301310e+00,9.457020882061406564e-01,1.358452024714070783e+00,1.370791991988407066e+00
8.951350012124292821e-01,5.348037775802410021e-01,8.059311979776340173e-01,1.450577290670353126e+00,3.852920080773005740e-01,4.137880488293566583e-01
3.030771938175296221e+00,1.183498905475838026e+00,5.685329424996582448e-01,1.274115394435711313e+00,1.155666156604603922e-01,1.130489549101830055e-01
6.682217669911763025e-01,2.321847994998407216e+00,5.905881405745021517e-01,1.597440781325026871e+00,3.101292688472716552e+00,3.091146210703319408e+00
2.162143149607993919e+00,2.822186735280139303e+00,1.924870727738104526e+00,1.234235519329877517e+00,6.138728539389618488e-01,6.602164434825147366e-01
1.585574261313092093e+00,2.817218063486267354e+00,1.860718274066211375e+00,1.357442829222621050e+00,1.024586732987949667e+00,1.053051877540086778e+00
3.337079831228054516e+00,1.843612424912153713e+00,1.690250395273870332e+00,6.343924822041373535e-01,1.663338049396302920e-01,1.735626062571893891e-01
3.619203952137083125e+00,2.620486565752927710e+00,7.284070624916831882e-01,7.145654608490188409e-01,1.661006601756618573e-01,1.489704223262854343e-01
3.264128527927027346e+00,1.624085047219739231e+00,8.406629291529801318e-01,1.900774740320005485e+00,1.556569317570281608e-01,1.663371713631269788e-01
3.057962417921982201e+00,1.895313231474924143e+00,8.445229837876820911e-01,9.341883153270291729e-02,1.614070574324872054e-01,1.845553618965538045e-01
2.869760293428953002e+00,2.850235412908998178e+00,6.121445847309717747e-01,1.077859772113629377e+00,3.090782779303519190e-01,3.250499536259461308e-01
3.884461898023994664e+00,1.000250592060795363e+00,1.810191951811622069e+00,7.741269337883909252e-01,6.946610377711667783e-02,8.680584106305305747e-02
2.606128458401781423e+00,7.913287661209664758e-01,9.629269569500313874e-01,1.144373306816749647e+00,1.082505820922022161e-01,1.101595193030481812e-01
1.227659055174081359e+00,1.738153892428383251e+00,1.105176255937471597e+00,3.707853809918861820e-01,7.597908797395969138e-01,7.833265803445748077e-01
7.251716341776297536e-01,2.570509594890049598e+00,1.460779938715464743e+00,2.219317523460531127e-01,2.581924468790066651e+00,2.571045072305928159e+00
3.080231456145239743e+00,1.674043689374570043e+00,5.435002494028599029e-01,9.089615416023506533e-01,1.491693683356615230e-01,1.415157795911009264e-01
4.064095131759247970e+00,6.697838763534936790e-01,1.065825007422980253e+00,1.995950021909166594e+00,4.464731759388211596e-02,3.579743012423553666e-02
3.644737175180338795e+00,9.269623056042687326e-01,6.367991654502820342e-01,1.596438664752700465e+00,6.521329788197474664e-02,5.348648583154349406e-02
3.597429535485720198e+00,1.785812614251987007e+00,1.191601225161688982e+00,1.653076281664918490e+00,1.489701638422496199e-01,1.885412235304057271e-01
3.930490145235814747e+00,9.266952133875695496e-01,1.617621396078543050e+00,1.616928893574641535e+00,6.990587279960913669e-02,3.742016485354545535e-02
5.871363172656837159e-01,6.105196870740488002e-01,1.859569549656213683e+00,1.252444076198338418e+00,8.448041074992865829e-01,8.504832764364826936e-01
4.283578000221460513e+00,1.426788040164590043e+00,1.461640303054534629e+00,6.781794848003317444e-01,7.475736059360600649e-02,5.625699695046954690e-02
3.500941404540849899e-01,1.009386328175456038e+00,7.380718235159460239e-01,8.458757205864655404e-01,2.873008084508465121e+00,2.849383087028006134e+00
2.885898774820236934e+00,2.944690761742489116e+00,7.398878575612310993e-01,1.007952830348062268e+00,3.221218223534034197e-01,3.250720089104234267e-01
2.194289956153926191e+00,1.525961218720319090e+00,6.385113238685785619e-01,8.986749568102536667e-01,2.683436931001622616e-01,2.382974923759516583e-01
8.324802172730696448e-01,1.512167199703793097e+00,8.044911295158518882e-01,1.432841496418362448e+00,1.297279399250389709e+00,1.296409561268757615e+00
2.950991562885086239e+00,1.201800787595444620e+00,1.205647219316756669e+00,5.556533030184189759e-01,1.282770088429232291e-01,1.745967220230858485e-01
7.519441591311175621e-01,7.291379952003358422e-01,1.684057179606358590e+00,3.545475437494112203e-01,6.606056961797243110e-01,6.592979032609054268e-01
4.427659539997531590e-01,2.372868870209861925e+00,1.442930864548314762e+00,1.029340736592438299e+00,5.493401491016297378e+00,5.503344396605699629e+00
3.612143755006955725e+00,1.781037643318154950e+00,1.120837948313571975e+00,6.266349111311075859e-02,1.084630442577889514e-01,9.250983890879163618e-02
4.479365660126339854e+00,2.986983238852670475e+00,7.650763591419460496e-01,1.968850766265697327e+00,1.477001802606693892e-01,1.581063209958850635e-01
2.314622595342921141e+00,2.864959345652955403e+00,1.875439374095670297e+00,1.652693827006002092e+00,5.874285914496948369e-01,5.587298738757486838e-01
4.071018144579033660e+00,1.148959423912087940e+00,9.932749623866959920e-01,1.632545922447778963e-01,4.922651014635563704e-02,5.381999590893223745e-02
4.778846211660566112e+00,2.955160988077520923e+00,8.501004122433579724e-01,9.789228595360452978e-01,1.031021735149229013e-01,1.013585617409475531e-01
3.706751008420894333e+00,2.416849696253770219e+00,1.013416310176132873e+00,1.412138645167497764e+00,1.780310136086609707e-01,2.217623361983818708e-01
2.224065843439755330e+00,2.886995042503019526e+00,1.970885891249715582e+00,1.297142490670226911e+00,6.081121945699322628e-01,6.070528286261323014e-01
4.728336525951529090e+00,9.797116582017555420e-01,7.291054056793340177e-01,6.175031252941942661e-01,2.713795829288923045e-02,2.055182430159262219e-02
1.386865739405744424e+00,2.887478848621540806e+00,1.458760023325850419e+00,7.883200855528933459e-01,1.154934253796509047e+00,1.144392070278791751e+00
1.345082273844527387e+00,8.128199472723838248e-01,7.565321301815608468e-01,1.823840705406621687e+00,3.316485650417454467e-01,3.083838511801001991e-01
3.415454351107627406e+00,1.036638664318892511e+00,1.063767308529767863e+00,1.950840935227016182e-01,7.459959026891321843e-02,9.035041521699560541e-02
4.161134681158595860e+00,6.312959838424385683e-01,7.681506188041546945e-01,1.245681699932450481e-01,2.038019547258071093e-02,4.961283724807956375e-02
1.452582054483192220e+00,2.755873211555722513e+00,6.219708460849213694e-01,1.362103292291751311e+00,9.861294671727349748e-01,9.791844356410192018e-01
1.705655423383534153e+00,1.821956430627111434e+00,1.820015558072776596e+00,7.916848107962140002e-01,5.360983338103380014e-01,5.506191240393990549e-01
3.333698618945092340e-01,9.823169232729102029e-01,1.098242763596058769e+00,1.642176970253830692e+00,3.051612907267223118e+00,3.044972561092027519e+00
6.553921995342979478e-01,2.298015027060153592e+00,9.478344774436731068e-01,1.028725501337632409e+00,2.931789694780591038e+00,2.940160641846595979e+00
1.782701374205049705e+00,1.184466576424780149e+00,1.923335036709378443e+00,1.604174038713169770e+00,3.642348144758956741e-01,3.737218326672403501e-01
6.548349211188637664e-01,1.049128885658548338e+00,1.457959893374456861e+00,1.722199888301089610e+00,1.318051574856903274e+00,1.289951099213264563e+00
3.069367200008411567e-01,5.717514367134758357e-01,6.083056152283520257e-01,6.758350234913850230e-01,1.762364856236596333e+00,1.747356094922818626e+00
3.898737704611391575e+00,2.019234831042071576e+00,7.605146905920328049e-01,1.336053987474975946e+00,1.233314849544883546e-01,1.422597908323592342e-01
4.440122925888287497e+00,2.280070910109138538e+00,1.108319887328769626e+00,2.144701344094170903e-01,8.224278487380631830e-02,4.465600682182127579e-02
8.553576026927052212e-01,1.318956446769446345e+00,1.458598322977471717e+00,2.780438093387402887e-01,9.913845602209996333e-01,9.918204258988583266e-01
1.846278385084609841e+00,5.184715918796938272e-01,1.195065445294213102e+00,6.109150081040284341e-01,1.226721281372009642e-01,1.161141875548527824e-01
2.762153101845077896e-01,1.337705887615571632e+00,1.284143737949108299e+00,1.189020476891811784e+00,5.528682241924781415e+00,5.510482124709485952e+00
2.218747238028789148e+00,1.867289790595162868e+00,1.426061791135849077e+00,3.505251881909325906e-01,3.295020940076066607e-01,3.307544442753945213e-01
7.733485762963532295e-01,2.386123713286164794e+00,1.080570292061270532e+00,1.189007564930546490e+00,2.408606473805899650e+00,2.414984711643291426e+00
2.926815304440949728e+00,2.485872747373657710e+00,1.066665863238834611e+00,1.340571917413513336e+00,2.878485363086881188e-01,2.988222668385445147e-01
3.451450622546922808e+00,2.271543412890151714e+00,7.116236314181633160e-01,1.075557795037497488e+00,1.718336863805665915e-01,1.196869204448174073e-01
3.637561569071869449e+00,9.122129323403043166e-01,1.193229018661589702e+00,1.173367473194518951e+00,6.989772987035294816e-02,1.035718425574900792e-01
7.006725261728306009e-01,1.654259562915152193e+00,1.882908763481403680e+00,1.945202674964094491e+00,2.021463973918424362e+00,2.012178835615530126e+00
4.036146550649762688e+00,1.713046496430990606e+00,1.423987460098637525e+00,1.789270879010107507e-02,8.420588080799590314e-02,1.051873975289406293e-01
4.223995162700662220e+00,2.334295791942777143e+00,1.030651626046575453e+00,1.266848182674367607e+00,1.281030532507155262e-01,1.258861065204359975e-01
1.501724796625799607e+00,2.035077125838540724e+00,7.519507820993145408e-01,1.987609575587979460e+00,7.355846400697774179e-01,7.241945765177976169e-01
4.873028254256704273e+00,1.711786926561393862e+00,1.832006080243678170e+00,8.632975290808260205e-01,7.481826797609247848e-02,7.372448824594178551e-02
1.820071640271311519e+00,1.883242943531148850e+00,1.352777314759085803e+00,6.492327759894660488e-01,4.687728182836833901e-01,5.321937501306019946e-01
1.436253160027766818e+00,5.726162135218502147e-01,8.855147909265943529e-01,1.404107299151124977e+00,2.064357159167399258e-01,2.378393895193202101e-01
9.599690880331455123e-01,1.561092246617030277e+00,1.334991429089343651e+00,8.660798838227612428e-02,9.665574088933864827e-01,9.598041804654301457e-01
4.818736508226822757e+00,2.470026406300559252e+00,1.921946085833093898e+00,1.238537369252576514e+00,1.215894731369184800e-01,1.262809496088377614e-01
4.925633089711925372e+00,2.271951844296085543e+00,1.914395175008219763e+00,1.133597460327843809e+00,1.042897075710574883e-01,1.268416557647722431e-01
3.960136451529471024e+00,9.873117206455995776e-01,1.320662855656181023e+00,1.915508779095516090e-01,5.291903475842666543e-02,6.465823738966348933e-02
1.640763748600296168e+00,9.550064258882278168e-01,1.318489049918655898e+00,1.101512059948839273e-01,2.656819886605308323e-01,2.675048396169955045e-01
1.094321099808158726e+00,2.431513766446187663e+00,1.345620425270507958e+00,6.744633834359539115e-01,1.362895362714815706e+00,1.359276729273211304e+00
4.117259013476427754e+00,1.671129953456500505e+00,1.239437277454541242e+00,1.361402011930215483e+00,1.032808943278125946e-01,8.191754911940588024e-02
4.134015919463584154e+00,1.202170530382857372e+00,1.989496776380955012e+00,1.010238318772748611e+00,7.862197667495449127e-02,9.374182450536583389e-02
3.520192987873496993e+00,1.558316514987219126e+00,1.148577977707976316e+00,1.246795805642694432e+00,1.276882723277497078e-01,1.498195040070770534e-01
2.678174651792902816e-01,2.304852221917955468e+00,1.955116556371501169e+00,1.734253794199556831e+00,1.086819144761347822e+01,1.091286663787627376e+01
6.308973196480917034e-01,2.248961868507440176e+00,6.700551072281697440e-01,5.592041824006943607e-01,2.858375409461859196e+00,2.847572286752399595e+00
2.942262027803442148e+00,2.151073782323893013e+00,1.660986259404307441e+00,3.855755286170903240e-01,2.370137018399572915e-01,2.501143661983800670e-01
3.895776377198032492e-01,2.658107907756101618e+00,9.530904109090914123e-01,1.721835478645855178e+00,8.756867562801632587e+00,8.756317861712133777e+00
4.126040094999235741e+00,2.211118116908274089e+00,1.891353060255852592e+00,1.315318235211604403e-01,1.189341809860147564e-01,1.441335119715852764e-01
4.893267388711252330e+00,2.719304441131239258e+00,1.646319403774558099e+00,5.398438696673366621e-01,1.039618825884981862e-01,1.020798626765005018e-01
4.892377737059194764e+00,2.214047994878313830e+00,1.805793334037229858e+00,3.290800122188506371e-01,8.189132049379599376e-02,6.903221634509174032e-02
4.182301506221671517e+00,5.871068058945365653e-01,9.835742543850001240e-01,9.377449444809382584e-02,2.203301286309460039e-02,-1.165739261184705472e-02
3.854123461635369230e-01,1.698903805747790319e+00,5.613732606582579887e-01,5.546390635856839335e-01,4.743264139791611100e+00,4.757634134463918585e+00
7.445198001502375540e-01,2.447580513092248111e+00,1.596412182223871934e+00,3.423766658753375491e-01,2.405229987308983741e+00,2.408520702554780790e+00
4.898717741191124908e+00,2.564596890121604300e+00,1.009234850933370176e+00,1.891274998717046518e+00,1.115058412483651840e-01,1.340497090962393945e-01
2.802289998006871841e+00,1.006886100266044082e+00,1.484500328261234792e+00,8.867169767428548788e-01,1.260903823892800257e-01,1.151637826058068553e-01
7.384806074812684251e-01,6.026116097343987565e-01,7.255097309764619862e-01,1.298305776078856111e+00,5.618958714110308117e-01,6.138202537771779710e-01
2.230337420936395754e-01,2.293551342665783643e+00,1.022391898781974451e+00,8.055360091461356564e-01,1.641599510580494226e+01,1.640191876623567424e+01
7.532816271826976440e-01,2.240837897244476018e+00,1.300545662568264538e+00,2.319938549411395545e-01,2.080721760500406692e+00,2.091059492549107279e+00
4.417267564070781916e+00,7.037689740102690550e-01,1.542151516568776470e+00,7.174697081103502683e-01,3.523759394916570892e-02,4.361301251518293065e-02
1.636826652331969667e+00,2.695378390430035243e+00,1.543452723723695907e+00,8.776901043067364405e-01,8.418075227523369453e-01,8.639549764037930402e-01
3.780459762013911096e+00,1.483333887132833206e+00,8.152793087719560905e-01,1.013547339870704667e+00,9.360877306728332403e-02,9.038133521268404413e-02
4.699358416325100762e+00,1.943424514938568937e+00,1.328505904942977933e+00,1.810859548941306407e+00,9.957699013287917011e-02,8.131813938301277189e-02
1.903518764300288213e+00,8.356384141837431834e-01,6.745558988980338011e-01,1.954574882245065925e+00,1.962112554970083522e-01,1.765252125815741091e-01
4.670510918659608102e+00,2.159263799519615556e+00,6.364163473376223124e-01,1.690549687408636981e+00,8.563869744047500343e-02,1.019815440095583753e-01
4.434680300908137696e+00,2.235799774753136404e+00,1.538295112050543256e+00,2.290117654389371982e-01,9.629574336588765660e-02,9.844494064924440291e-02
7.837653522256329275e-01,1.635012912386538897e+00,1.250088705144824619e+00,4.090850247932404926e-01,1.420994356856574825e+00,1.427918135662530563e+00
8.135932552029043752e-01,1.814292600202728423e+00,1.563540029039332424e+00,3.417984913244047629e-01,1.518858313934437820e+00,1.502604013019605667e+00
4.525898597012319335e+00,1.984441222413582118e+00,1.404925711486731732e+00,1.655486952540214052e+00,1.091656650339036111e-01,1.119896141077003082e-01
4.222218400247003345e+00,2.201162337045250439e+00,1.038369414887946540e+00,1.630938683873271122e+00,1.283709611939214401e-01,1.327527419964947553e-01
4.157228081031439260e+00,1.637167038842206601e+00,1.096604965621624128e+00,7.734841872220747927e-01,8.600160928828698426e-02,9.833491961796331227e-02
3.400906178853953410e+00,9.100860829396163476e-01,6.069372332611854270e-01,1.898468298535120002e+00,7.570271646088413964e-02,4.647043647496389152e-02
4.798582446679939828e+00,2.262519890139451206e+00,1.651983724777283058e+00,4.905472754296547055e-01,8.959418543240189881e-02,7.425023744131752090e-02
2.224586159636920524e+00,2.145918788682284806e+00,8.595480785153704062e-01,1.393357527671086338e-01,3.632895723210361472e-01,3.978736344995361662e-01
4.129860282732588317e+00,1.687840353231591983e+00,1.281493489596866597e+00,1.347504135714439055e-01,7.817529143866999708e-02,7.031626500571072635e-02
3.917000413030028660e+00,8.976790595660562033e-01,1.264276378800848200e+00,1.820784156024948919e+00,6.574997681118169290e-02,6.407145763006445727e-02
2.293996248727613985e+00,8.050929735743754811e-01,6.256324316453099055e-01,1.495590825285423753e+00,1.339827306759868164e-01,1.260150432602449855e-01
1.601214800148768047e+00,1.832744135011385556e+00,1.151642345026060887e+00,8.767674692334281872e-02,5.305491449306508622e-01,5.006147318047303729e-01
7.515059968060877615e-01,9.943009594523664063e-01,1.847697984493785306e+00,3.375792091262312944e-01,9.192720960028090138e-01,8.977576929818605889e-01
4.773920646327174389e+00,5.851037114374983972e-01,1.883074836441314570e+00,5.346865324325262847e-01,2.493604778877720612e-02,3.235011791277365989e-02
4.132096971279852760e+00,1.278703695112313188e+00,8.928268989045008430e-01,7.767878098693341560e-01,6.343839648130526754e-02,4.999673123659231083e-02
3.766889515813287570e+00,1.557112464892465908e+00,1.088310037327600899e+00,9.320319016628033637e-01,1.051551288028003683e-01,1.456978290609075855e-01
1.407083185575002116e+00,2.508202356569910751e+00,1.405555261569089165e+00,1.316482023472337559e+00,1.038925322257231221e+00,1.008961666723209749e+00
4.136525103070078480e+00,1.603277853910695772e+00,1.142765681485290896e+00,1.865439939913031031e+00,1.033607162747703645e-01,6.451365747906255554e-02
1.141920268443149977e+00,1.095267586824913320e+00,1.439992268368952555e+00,1.210021440500992140e+00,5.980405678771266720e-01,5.902012199366801770e-01
3.249404105016640454e+00,1.086736844812887570e+00,7.237737723437369652e-01,1.530436912282731043e-01,7.579417065448024182e-02,5.160316448403279299e-02
9.782370736778096543e-01,1.136127169459442809e+00,1.228967991503872259e+00,8.036533723681948960e-01,7.289411370947231905e-01,7.565543971420888303e-01
2.372993002963931453e+00,2.459858688517414294e+00,1.023976594489199865e+00,1.625951280224622320e-01,3.745833190012327618e-01,3.660588530827213471e-01
3.133131352986037843e+00,2.824533821147607870e+00,1.267721062139736343e+00,1.356944741843144620e-01,2.548907038057831032e-01,2.652178032452100487e-01
3.651938143181558960e+00,1.967037259901303514e+00,1.308108858998111579e+00,3.227789394866613648e-01,1.325864257707985439e-01,1.042154130524743649e-01
4.603673774409300812e+00,1.760231529412667584e+00,1.486332950162190913e+00,4.641122574193521366e-01,7.364561383530358885e-02,8.685963055892433060e-02
4.797602688649766911e+00,1.061396476190542115e+00,1.355320887680686148e+00,5.836396925416447168e-01,3.992959813615511860e-02,5.260125898849207782e-02
3.850619664927609431e+00,2.574655482834868003e+00,1.504418839150791110e+00,1.141018621178448766e+00,1.850803503922600346e-01,2.097478608384796550e-01
4.158433040085272592e-01,1.934669936283406777e+00,9.579168049567849952e-01,6.875371010342190559e-01,4.720722583470499778e+00,4.724984419764907351e+00
2.057837439123037626e+00,7.532750537729264728e-01,1.669870006836670306e+00,4.331408485101828632e-03,1.478976879985329507e-01,1.580884543934387154e-01
3.686511304227760188e+00,1.970818614881264086e+00,9.839174262076698652e-01,8.399983692147454661e-01,1.340816333205224198e-01,1.372711967826209800e-01
4.367624893659621144e+00,1.521514860266004021e+00,8.341505007618891243e-01,1.253112750894230798e+00,7.203246916756873841e-02,9.036485669801679055e-02
3.074019829141157456e-01,1.659201979687505490e+00,9.977592763197201675e-01,6.560180640890838077e-01,6.204574300717144553e+00,6.196159061378305744e+00
2.117565370484284060e+00,1.372887614970331960e+00,7.413922413817877199e-01,1.243703660529573707e-01,2.521658893735685969e-01,2.628900606400680351e-01
4.689375346558931845e+00,9.583837065208462569e-01,1.273758259208770616e+00,1.198083700577899036e+00,4.366144233597413910e-02,3.210396070675726465e-02
4.652562761898061616e+00,2.263356105820475861e+00,6.199161651362987691e-01,5.136248232099316358e-01,5.375808033484038434e-02,6.770924240047258846e-02
4.443896353823857837e+00,2.965318623742629001e+00,1.698989788995470374e+00,1.801231487440930090e+00,1.837886675163026284e-01,1.780629509720883519e-01
9.350355410121133914e-01,5.796181216181037765e-01,1.547266335586475750e+00,1.998468308128657389e+00,4.494250601986747307e-01,4.362418734693526146e-01
1.745682762523310005e+00,2.034640223287471184e+00,7.533706334863428111e-01,9.162075314077069432e-01,5.253896130932849129e-01,5.116261120171828880e-01
4.654252733677062714e+00,1.631142567628087070e+00,7.066239428978002834e-01,3.764783981126662571e-01,3.939188798167204270e-02,6.861708325430426747e-02
4.615317439177569980e+00,2.055631634357186766e+00,1.674149300238110261e+00,1.080174056919642744e-01,7.852135887017638871e-02,4.716239355522870713e-02
4.825763292358068668e+00,2.220410152916337587e+00,5.614239406281382738e-01,3.904399489573298077e-01,3.618033115796439464e-02,6.324340922209098492e-03
3.559714310099468815e+00,5.203386127719982213e-01,9.395303984013385623e-01,2.161720487915490541e-01,3.249625940697698639e-02,4.503433942286567959e-02
3.608517387869810022e+00,2.614922974294847879e+00,1.702392306805675215e+00,6.867949407537665696e-01,2.047890129111504809e-01,1.846648020826064940e-01
1.410740946673207930e+00,9.855757358864226658e-01,5.848654407398290456e-01,1.475438021511261022e+00,3.541145709226410920e-01,3.445855587717324697e-01
3.609510422141065877e+00,2.545292866676465593e+00,1.913823720080189084e+00,7.134921830932852149e-01,2.051546264451274415e-01,1.950782941252106328e-01
1.463306919714578491e+00,2.733036777652068317e+00,1.575090832509520311e+00,1.881082348436350138e+00,1.166660726606479237e+00,1.212047136619643029e+00
4.241756447176689093e+00,2.713479229748166688e+00,7.757197755569249509e-01,6.381553644895321398e-01,1.119290068165968016e-01,9.826294781514059717e-02
3.103533083255388458e+00,2.214741643282957195e+00,8.091737920782389182e-01,3.623594249028050385e-01,1.930186456230114367e-01,1.783716734317273567e-01
1.560827265483909265e+00,2.249369426096086588e+00,6.956942431062902443e-01,7.611311220634198182e-01,6.878352820881086238e-01,6.798488205876979107e-01
9.130478965597323970e-01,2.989074319704811966e+00,1.688819087615729408e+00,4.796457764863673034e-01,2.246946695625235968e+00,2.251385088090184006e+00
7.969728257057016041e-01,5.717907156417665338e-01,1.873816163690657843e+00,2.664196281129720401e-01,4.755544990428314245e-01,4.853817622129318887e-01
9.348466669938864104e-01,2.609167394576285215e+00,1.949099138667793607e+00,1.793848856245549461e+00,2.204312999357022740e+00,2.174712574392121400e+00
4.597499506543259784e+00,2.046529889194188545e+00,7.888624670730235433e-01,1.935947146663790308e+00,9.568611788718123234e-02,1.044567103010483194e-01
1.970036892768863845e+00,2.875730297628185994e+00,1.785630839034787476e+00,1.665063854754399886e+00,7.631213976848945091e-01,8.020453149339579202e-01
2.921405824809257812e+00,2.788953303515362414e+00,1.345874129581741796e+00,7.202064061480273338e-02,2.909461832654166025e-01,2.550658932746712737e-01
9.056895662661328394e-01,7.264461378896196475e-01,5.911636832714431966e-01,5.307991661055484478e-01,4.739068647508647425e-01,4.853002103484159724e-01
4.504214283695147536e+00,1.996909637076585309e+00,8.369448679338185038e-01,1.268293950180592322e-01,5.197843379471415309e-02,6.724627034246027923e-02
4.961610125370238045e+00,1.608277918504093851e+00,7.167292016858211046e-01,2.606282795504255567e-01,2.731460769986835194e-02,3.029087692713165747e-02
2.670795332075213135e+00,1.191186097194049998e+00,1.590428161435410104e+00,4.148536670189884035e-05,1.492399533170033210e-01,1.452089752278758195e-01
4.759945088177098604e+00,9.351251904857731390e-01,1.628060607530285475e+00,1.588576214797980279e+00,4.779370620092067423e-02,5.767313498317300224e-04
4.856545580070045887e+00,7.213335290114273324e-01,1.791693605216295282e+00,8.920994672799920089e-02,2.447970788899721251e-02,4.836580043022688236e-02
3.443144809861706790e+00,7.620018628495737190e-01,7.154774460257976587e-01,1.088461579729921969e+00,5.806605271698200843e-02,5.146604791380509497e-02
8.860761565447083932e-01,1.683344226814694311e+00,1.743267125899936598e+00,6.547767194428029125e-01,1.304736290881987726e+00,1.300500519204800032e+00
3.368599799735866984e+00,1.074094612013338557e+00,1.402027363958620043e+00,5.893040726678786534e-01,9.129654440722330400e-02,1.157337780014441181e-01
1.075662893242546270e+00,9.667791282487878668e-01,8.372562874930280508e-01,1.174033627464703855e+00,5.313862804424714925e-01,4.844653732666823753e-01
4.497012800846941438e+00,2.387464550078009395e+00,1.173679223902207358e+00,2.050367651057876106e-01,8.529812529623451156e-02,8.382187639555969960e-02
4.479880327040175025e+00,5.888986347884899164e-01,5.305255266311772466e-01,1.346781489818671407e+00,2.179044050666135990e-02,3.359932404020425645e-02
1.066623156837488873e+00,2.851793960626092694e+00,1.946373346778042412e+00,5.028651962225996197e-01,1.714755656341984791e+00,1.729044572744473207e+00
1.897871178797214453e+00,1.192135256514944786e+00,1.201266945676972897e+00,1.543754207735134720e+00,2.991735769440979631e-01,3.112476040099348418e-01
3.480920724356070028e+00,5.356878914219826981e-01,1.019815353849696571e+00,1.087813826801563355e+00,4.291429511836834104e-02,8.360026013530982847e-02
1.352407967672361266e+00,9.280945771678692502e-01,1.330764308494347237e+00,1.934729202877045751e-01,3.462201858594194936e-01,3.517953469128075050e-01
4.244926340838650169e+00,1.921899113500708633e+00,1.835853326838056354e+00,1.113432092119198913e+00,1.188072952233280855e-01,1.390863849092395521e-01
2.635769535772578998e+00,2.450009944683106511e+00,1.562849953678013160e+00,2.130716543401753871e-01,3.209610294968374133e-01,3.363245309246258308e-01
3.306359917222525535e+00,1.666197209012362679e+00,8.013973437192338789e-01,1.079461059690811409e+00,1.415756338029301176e-01,1.118826841788439636e-01
2.384103452967565318e+00,2.303758687382556403e+00,9.479140072177250076e-01,1.513650169473596874e+00,3.819863476316691653e-01,3.665616507661979551e-01
4.079300433701408046e+00,2.836909942429814979e+00,7.387986569792581726e-01,1.598081286231338716e+00,1.619522651213276265e-01,2.035635254933875760e-01
3.998893557872977844e+00,1.923427485780980550e+00,1.245604794924138892e+00,1.867339673788545040e+00,1.358460234115628495e-01,1.303662174526161732e-01
4.060341808085535575e+00,2.223942031898062055e+00,1.799541137161187354e+00,3.943598005442661147e-01,1.307940594196430606e-01,1.294302686744720765e-01
1.952793305100187560e+00,1.791240819360051528e+00,6.072097802851889048e-01,1.387625022782271289e+00,3.893242275672330610e-01,3.629547606925566106e-01
1.916865976774252411e+00,5.034551135676954559e-01,1.959913285657562287e+00,6.228880170899331326e-01,1.203402386974130461e-01,1.134549091677224675e-01
1.364701080364865149e+00,2.475714982608012260e+00,1.759480554717666401e+00,1.154574469988600693e-01,9.438384626351988826e-01,9.175519183309438498e-01
4.517700123282370583e+00,1.656150391904843033e+00,8.366013009340986795e-01,4.235081004174798824e-01,5.286538034801976926e-02,4.066587126725697277e-02
7.639811457212108969e-01,8.039588233983101517e-01,1.028508748885057944e+00,1.747145579551008465e+00,7.820588584519855280e-01,7.931128313035166189e-01
1.905550267691585198e+00,2.412832935311542748e+00,1.389534328069926161e+00,7.061735088405241001e-03,5.348442134324413733e-01,5.182045387970087846e-01
3.636639356933807354e-01,7.274156962289444195e-01,7.789308763838636018e-01,1.986461344592286515e+00,1.986149987023890784e+00,1.973838560534686204e+00
3.347996559522397941e+00,1.951685387522549942e+00,1.672433014941631102e+00,1.475460375447110728e+00,1.973282979157725270e-01,2.240716142381287412e-01
4.806581954314093075e+00,2.126554195949958093e+00,1.340393752685421935e+00,4.450278305105404009e-01,7.523762239687765974e-02,8.462970185489786246e-02
2.771544643755689652e+00,1.821581619759351289e+00,1.546393930549706086e+00,1.819338493230188591e+00,2.659595774732791407e-01,2.762655687337061683e-01
3.673114393741725436e-01,5.396759042912777637e-01,1.984036422165701197e+00,4.016121318262331208e-01,1.269415429456552058e+00,1.289290819163990021e+00
1.892836448245405867e+00,2.833068256544789776e+00,1.071989899592677542e+00,1.658763857629141691e+00,7.245550888579377347e-01,7.135169650581284495e-01
3.376243392337652693e+00,9.625850386383920654e-01,1.194658484083963135e+00,4.295971321414742139e-01,7.705995772823255596e-02,6.923624293614656644e-02
9.750441116623160820e-01,1.932333286014389362e+00,1.166041779409027868e+00,8.497953156818665033e-01,1.283652119606846886e+00,1.242465475486700166e+00
2.694618433019778880e+00,2.623136253281235231e+00,1.548023600418929169e+00,4.552923336882681582e-01,3.385034516935961912e-01,3.531576124365868874e-01
1.820747784288112792e+00,1.362261300691314680e+00,1.509304633667385431e+00,1.209986962342538108e+00,3.672560943782027243e-01,3.630979712637859569e-01
4.159821425545008333e-01,1.637343584299008281e+00,7.381499315683535123e-01,5.843132930996512986e-01,3.869177937348266205e+00,3.869076561986687590e+00
3.959551555017972291e+00,2.068588733582059636e+00,1.895966286403783840e+00,6.599621882818669238e-01,1.370467532549712320e-01,1.152312208029041829e-01
1.591881197741307652e+00,2.210870346959212362e+00,1.388061044851417680e+00,1.014752579407369737e+00,7.180527501506605015e-01,7.304347067585020836e-01
1.070209880318930828e+00,1.453111125728926867e+00,1.441830703293013327e+00,6.379009123080177091e-01,8.234939336937470156e-01,8.360098211405063706e-01
3.355654742842142380e+00,2.320740281426276752e+00,1.956309725123181131e+00,5.106289871464002594e-01,2.092219135484916503e-01,2.128386578291229791e-01
2.312309404008322300e+00,1.410513135203660617e+00,9.110261183538050922e-01,1.757709961631048756e-02,2.210702269689982513e-01,1.892747634120293676e-01
1.757623130143258772e+00,1.304406739629561329e+00,7.196397161850034419e-01,7.362140619958932319e-01,3.282003879256882861e-01,3.113372375766050304e-01
6.935397585416380739e-01,2.084252580663354948e+00,1.384741276199448201e+00,9.031848764969141463e-02,2.142131829971908097e+00,2.141429440016938024e+00
4.940934740747399800e+00,9.842486413761049047e-01,1.902566363400352012e+00,1.532536510889504155e+00,4.837627273253850002e-02,3.162178400448398263e-02
3.048258421256592410e+00,2.333101047667510919e+00,6.548938599092815060e-01,1.747017148471816661e+00,2.407406312702540241e-01,2.484500022638899686e-01
2.327824794042795187e+00,6.473707745667152125e-01,6.259235113795758032e-01,1.649937478668772384e+00,1.058816122890552935e-01,1.259906224997063007e-01
3.016969851716085671e+00,5.222888702161980756e-01,1.554624544184682433e+00,1.010931832708794609e-01,5.235205946274594513e-02,3.723419278751322753e-02
2.375911060281805209e+00,9.039100288050240239e-01,1.424951213833830055e+00,9.094524170318283307e-01,1.497082818982635732e-01,1.460738316431139938e-01
3.988485444541694402e+00,2.164754354819295123e+00,1.121217965260764338e+00,1.139993530861413973e+00,1.348041083610823088e-01,1.210912987664228557e-01
4.357407044602971347e+00,1.822990695064184541e+00,1.624997406160120228e+00,1.581778445328947846e+00,1.117662415908290824e-01,1.323837279691064406e-01
1.650201525449158213e+00,1.486147604305041448e+00,1.981110212280954741e+00,6.858003779110757314e-01,4.591375884228746651e-01,4.770686468795684587e-01
4.667015850747486816e+00,7.929343203219503255e-01,6.322584861793409949e-01,1.504046617823006748e+00,2.997517803230939984e-02,8.320727846647069104e-02
1.617113544036905104e+00,2.858035982368754002e+00,1.435618974534488945e+00,1.528281411220946850e+00,9.833458915234098985e-01,9.834882363968803221e-01
3.253397770094141439e+00,1.048087825736175205e+00,1.192125200055733636e+00,1.567128989056961963e+00,1.043432060965251429e-01,8.566287016472871885e-02
4.727220868120222796e+00,1.660822290556994485e+00,1.017785306747170715e+00,6.839022333334081605e-01,5.887720611416992489e-02,6.706965190818101052e-02
3.548346635008600369e+00,1.026679829359815166e+00,6.868381367369281731e-01,1.444191964451526644e-01,5.321314629348193603e-02,4.856530909010736696e-02
4.581441814074759256e-01,1.660993575282993628e+00,5.581602117219368608e-01,4.201910095058902783e-01,3.349046252387839928e+00,3.352870878185975290e+00
3.184404454764720338e+00,1.420339759470948149e+00,1.496470321220045419e+00,1.843334899432938379e+00,1.609029707887921490e-01,1.857837733815186354e-01
4.309256395570497666e+00,1.362392385721590049e+00,1.149339109133671544e+00,1.557606623237536514e+00,7.727754076766647773e-02,7.158610728206821205e-02
4.523917666140583327e-01,1.649639758262051892e+00,1.102489672317902736e+00,5.542105322863999373e-01,3.326989700425390772e+00,3.341455561740709790e+00
1.163659353439755018e+00,7.778292292523848461e-01,1.716483606198445644e+00,1.453752178339652978e+00,4.323261466022939037e-01,3.900062013306838105e-01
2.168496770933789897e+00,1.025116515167122433e+00,5.502084877412767305e-01,8.161068161966491541e-01,1.822569287167159768e-01,2.034410279045296144e-01
2.069829009917944607e+00,7.671691750515861052e-01,5.316009096181602001e-01,1.671102818134333923e+00,1.506503524666317206e-01,1.533655409317890017e-01
4.907541831968519119e+00,9.931123590266963674e-01,1.405699502973101422e+00,1.396748868973887392e+00,4.379906229123500111e-02,3.904878750686496119e-02
6.120294514340871572e-01,1.792551379719295568e+00,9.249149173792927670e-01,2.117113157139167701e-01,2.197177559593977314e+00,2.187218496251436939e+00
1.049568774946494143e+00,1.224647285019594634e+00,1.158325209633694897e+00,1.220330915120932280e+00,7.391420004857720549e-01,7.675287328194903003e-01
3.239407719859065171e+00,2.931989643892804143e+00,1.295413785357043102e+00,9.677380268727029389e-01,2.791208232483744500e-01,2.690565150663347671e-01
7.386805993767953105e-01,9.376769239185043237e-01,1.608604590053909877e+00,8.839457704486923806e-01,9.300503194287436104e-01,9.554867109183179386e-01
3.164499834966862934e+00,1.909538263571985972e+00,1.289929421952997535e+00,3.487803479043778410e-01,1.752380086612186916e-01,1.651850493764584760e-01
3.228845332529705736e+00,2.826951088539741086e+00,1.788573105158671073e+00,1.886027031447445879e+00,3.313646064242510292e-01,3.323875023558283126e-01
2.850460375668903978e+00,2.163906521979616304e+00,6.924824728274976415e-01,8.866567831193261640e-01,2.373087544103670288e-01,2.445291661639311664e-01
2.225278661013002868e+00,1.034804567461993008e+00,1.199859373391659156e+00,4.683180306265013471e-01,1.801806763365441655e-01,2.208025267864355545e-01
2.450563120951898988e+00,2.986891758655990881e+00,1.357072619747604403e+00,1.807819188280348266e+00,5.268699174349520398e-01,5.320014618424011577e-01
1.977464337667817373e+00,8.773769182160355840e-01,1.600634352809432670e+00,1.082600745820133659e+00,2.049963644384059092e-01,2.098903940973399773e-01
2.059928181834605798e+00,1.850379345677642506e+00,1.672077138407420227e+00,4.101323178507947365e-01,3.772177442134078129e-01,3.760545893460831013e-01
1.870299125310155963e+00,2.735083218481351164e+00,6.508823536547807542e-01,1.103357429435263937e+00,6.374584627201533849e-01,6.316192265714336562e-01
1.668411095781823672e+00,1.802260165913955436e+00,1.265521443517400479e+00,1.563310630296853576e+00,5.685648457862101379e-01,5.566387453058738721e-01
1.027778987588073623e+00,2.896054345253146423e+00,1.931852003849004351e+00,1.937684603684921791e+00,2.179309642705199668e+00,2.215690122983319021e+00
2.898749700875608681e+00,2.460809365467341081e+00,1.050207964166498531e+00,1.708550566858408670e+00,3.009710365058094750e-01,3.305915840812702622e-01
3.111043055828106585e+00,2.071611677491658199e+00,6.192967223056106141e-01,1.426043260907893462e+00,1.978085597819737584e-01,1.842928833412961764e-01
2.816173474809744892e+00,1.986001385566129152e+00,1.113573926056993457e+00,5.851356899094841690e-01,2.299829047807085969e-01,2.334431114092377912e-01
2.638659981394217091e+00,2.613963929015057808e+00,7.553601619745323736e-01,1.176944932116037013e+00,3.431763194020173713e-01,3.198931510245792698e-01
4.092351589792382782e+00,1.183196292680845918e+00,1.571075559184376358e+00,1.939360262881135055e+00,8.596354767465110014e-02,1.050501261125546815e-01
4.582326948196774552e+00,1.214763789533054528e+00,1.953789771080739923e+00,1.644827261913250682e+00,7.183274158578731305e-02,8.584550518745988346e-02
4.994916331974307289e-01,1.004081498146546014e+00,1.791473907820007927e+00,7.290393454518813154e-01,1.691049426131812528e+00,1.693581403443152888e+00
2.145721201009622714e+00,2.412845101352334876e+00,1.557606139888833452e+00,5.444299836495840594e-01,4.639629665183578888e-01,4.481058466111798588e-01
2.457124473954677146e+00,8.589005100616573518e-01,1.991703941651514320e+00,1.057305273537975765e+00,1.461864071121382891e-01,1.617962705514953969e-01
6.751497230453038512e-01,2.852876750239443648e+00,9.595482474675696150e-01,1.377052872443055076e+00,3.773406341401312147e+00,3.786043926401606807e+00
1.798122885725708109e+00,2.536396260371406974e+00,1.474005171919086088e+00,1.909649174263684301e+00,7.708682365536044800e-01,7.675839813643656750e-01
2.205151916322674044e+00,1.091671194284750568e+00,1.320867042470486918e+00,8.313098108355498894e-02,1.901255520046935543e-01,2.051753629176954197e-01
3.946021144521927315e-01,1.600908663204002158e+00,1.407025885842287494e+00,5.301221260480011299e-01,3.882135311581969006e+00,3.855558115210850456e+00
2.276473682459484671e+00,2.404655033092711669e+00,1.175228111157371691e+00,1.356797002730691037e+00,4.401000898395607264e-01,4.284291778354051838e-01
6.894936434169276485e-01,8.968680259354582240e-01,1.915707048941994506e+00,1.363355224927619291e+00,1.034345117077756004e+00,1.015619594619829424e+00
2.147346886540779209e+00,1.123105823830736538e+00,7.141682274933887076e-01,1.073478839574260268e+00,2.068622604834504664e-01,2.094372420975008087e-01
1.155180729155548924e+00,1.525659554999276413e+00,1.602234334456335452e+00,6.071796702103473553e-01,7.800291739545291980e-01,8.136796862572698297e-01
6.883646572634136707e-01,2.631907944927951437e+00,1.332058853851926239e+00,1.236129842203636198e+00,3.265929012410853538e+00,3.267188146951547356e+00
5.078975630290102350e-01,1.184120895020944531e+00,1.157098653503693120e+00,8.995377905705410626e-01,1.985511276134904524e+00,2.008538130292591983e+00
2.670519196991909983e+00,2.333045929578197342e+00,8.765366762807804690e-01,1.017801562614051525e+00,3.007822414022673918e-01,3.004314824318801147e-01
2.141295022209570575e-01,2.410162366758946462e+00,1.131787038230272380e+00,6.358363879260111595e-01,1.798929885373541637e+01,1.798144602312320828e+01
2.106710937916854931e+00,2.405060822533719556e+00,9.332440439933307186e-01,6.447694539881940745e-01,4.581830129553755571e-01,4.787077492885867258e-01
4.896332225027825169e-01,6.099335299339674332e-01,1.914842247455345481e+00,5.814303671247194050e-01,1.013767488687963958e+00,1.024874029405692166e+00
3.504944413257692126e+00,1.725098018054429527e+00,9.072094037844744552e-01,6.120244666267742328e-01,1.233438767005473058e-01,1.519696959537449044e-01
3.316442203187154991e+00,1.294209776517510679e+00,1.218824347228537164e+00,4.318324552464858357e-02,9.969511994186976145e-02,1.194137414897779581e-01
9.367614822003487163e-01,1.181127870289360837e+00,1.876725379656014825e+00,5.141440684198173017e-02,7.720574718896263677e-01,7.560339467058304619e-01
1.946142307413048167e+00,2.531994313331355606e+00,1.116120659660863268e+00,5.504438555101172081e-01,5.529282592310155175e-01,5.021926479757115036e-01
3.674595562103768920e+00,1.963102936175983748e+00,1.350278126806777834e+00,9.692768376039224698e-01,1.472666648039696602e-01,1.502203054391856585e-01
8.145533873534709368e-01,1.028317019964665402e+00,1.901195362736384897e+00,1.776880610654981707e+00,9.855036583426776131e-01,9.621727096389379730e-01
4.101551191503472360e+00,2.294240946168995432e+00,1.681527805431764833e+00,5.710518779896991415e-01,1.346383410313727325e-01,1.066422147416959260e-01
3.375129263320788997e+00,2.302752133748199537e+00,1.939889972974649712e+00,9.347380031436181014e-02,1.914676032927510874e-01,1.620318438467640010e-01
4.718422628884458625e+00,2.838330295834528005e+00,1.587718005246336661e+00,1.796765864197924500e+00,1.521712264501328127e-01,1.395213898077940218e-01
3.088876631155434982e+00,2.958098744352126719e+00,1.742970559809100095e+00,1.940750731941365714e+00,3.761473945683186937e-01,3.723163836657976122e-01
4.140332044463944650e-01,1.749055140558649191e+00,1.571883691861773347e+00,4.171333292112011648e-01,3.950908647002671081e+00,3.951176091374519750e+00
2.163797335624025653e+00,2.758797804374242268e+00,1.035846344465097602e+00,1.864189788732415698e+00,5.722351402936919351e-01,6.132823796602673294e-01
3.505336591082153230e+00,2.540845936828807883e+00,1.794362512295370360e+00,1.759525377748626829e+00,2.513018589711589756e-01,2.272052879911512502e-01
2.451995816179061816e+00,2.486998189958002925e+00,1.143422494084739505e+00,6.809620338762842895e-01,3.734075787636628174e-01,3.733415002748340927e-01
1.984393299338168770e+00,8.208578101288778184e-01,1.184238646809574025e+00,9.605164450704568591e-01,1.787558494569318757e-01,1.540129658007312330e-01
1.402843932792491088e+00,1.759747304371256593e+00,1.572098510580429043e+00,8.256441851457703152e-01,6.893361939719916398e-01,6.695646978219368384e-01
3.511462204689272948e+00,1.886017417239657767e+00,1.683942405194465364e+00,1.972133739751775305e+00,1.881583366358018650e-01,1.896203407813829844e-01
9.468229953067504034e-01,2.513031648186886180e+00,1.261719869709535313e+00,7.293425443392349550e-01,1.771546019541112571e+00,1.780040236160624012e+00
3.865002181680960547e+00,1.342542158247148398e+00,9.295057195117026883e-01,1.601203919784171203e+00,9.115391507430373186e-02,6.556348816180056216e-02
1.548691914854705809e+00,1.215926461952982818e+00,1.953133054303148652e+00,5.131663441689229277e-01,4.024322050214795277e-01,4.254259507106752936e-01
2.971865730517923243e+00,1.024140943403194282e+00,9.946650357196948899e-01,1.182704182894722011e+00,1.117844229572869108e-01,9.329190367355023883e-02
4.624521992648588764e+00,2.211827346817875739e+00,8.846138315052107792e-01,9.013730128014962872e-01,8.407640110291314528e-02,1.033485716542786870e-01
3.047191552299382877e+00,1.872695574452903466e+00,1.964724296246159074e+00,3.837153525671537224e-01,1.984334337558712191e-01,1.974920459319339794e-01
4.371005491912143270e+00,2.503629650120354988e+00,1.275381304899104062e+00,1.258071758439563315e+00,1.351130299185553385e-01,1.533331566485843511e-01
6.290033297244246313e-01,6.609821374415232320e-01,5.129369723734690245e-01,2.481209392421630522e-01,7.085923482298278619e-01,7.200205293414420060e-01
2.649498172625408543e+00,2.876656193223106506e+00,6.427817324946520916e-01,7.302404633293158032e-01,3.561816538763591944e-01,3.505431533474054895e-01
3.340916950501665372e+00,1.964122331211730632e+00,1.183141926797228294e+00,8.330738139946647358e-01,1.702064295770849278e-01,1.798565977805954563e-01
9.792455422511936458e-01,8.746443454718290100e-01,1.529830537066459550e+00,7.943099396184272187e-02,5.225004402727221331e-01,4.957330130345951047e-01
3.541517389201308319e+00,2.862081139419834663e+00,1.303488116854567780e+00,1.093486654086684107e+00,2.335495550159660538e-01,2.076266305871327378e-01
3.364257078644731003e+00,2.934991422238635739e+00,7.493564543128220512e-01,1.708738671251223806e+00,2.555927738654514281e-01,2.485478784802054308e-01
2.402780771534666737e+00,2.238325049762371233e+00,1.370941560793407010e+00,1.091916577277674882e+00,3.716890144711192945e-01,3.992131250493105021e-01
4.012215436252590806e+00,6.657602303878058514e-01,7.442273614399776971e-01,3.925568373963930213e-01,2.830092572836212517e-02,1.343222403574679397e-02
2.153577795202211986e-01,2.497511951146620390e+00,1.875124500668124083e+00,9.458842418759654258e-01,1.624531177058802811e+01,1.623340678708434837e+01
4.656514473024743417e+00,2.486695568866057915e+00,1.242946382399689575e+00,1.020298897933009652e-01,7.769728104222506371e-02,1.110602936365859272e-01
6.366499222008836778e-01,1.525306634560120944e+00,1.832728580679398478e+00,1.578477233130586965e+00,2.053496743909591249e+00,2.054425040359259658e+00
3.897243487230391601e+00,2.108270104060918193e+00,1.851808933145081548e+00,6.930767312425361037e-01,1.443134513982590184e-01,1.443882558370680191e-01
9.500077817969561078e-01,1.123327647931713358e+00,1.427360352947435018e+00,1.555194192769707717e+00,8.316273846387137736e-01,8.106852454711985789e-01
2.565647856691640749e-01,1.991421929528019330e+00,1.133783223476933166e+00,1.555222094100743968e+00,1.086281575287273249e+01,1.086408516815774306e+01
3.066987795968370900e+00,2.893520386921170306e+00,8.710702534498933058e-01,1.373838989856721371e+00,2.986535828147310334e-01,3.105757294891183240e-01
2.836152947985035144e+00,2.010761568479860539e+00,9.639036512512078048e-01,8.224568577412421089e-01,2.308418007874924738e-01,2.297768892491784121e-01
3.771072962021608799e+00,2.208419092627178948e+00,1.578924883332431861e+00,1.690710405911344472e+00,1.816845694545989875e-01,1.970257258443798565e-01
4.335394692367430913e+00,8.103852896884123913e-01,1.358386063539677835e+00,2.803304809191464742e-01,3.582782069171394634e-02,4.245489525387921570e-02
2.437065527038299706e+00,2.254380969085602260e+00,5.881757504225253452e-01,1.934914313007706665e+00,3.487279099765299151e-01,3.697826700524928234e-01
2.721526006626093785e+00,1.545960891160932160e+00,7.655237180919668427e-01,2.365086217015714976e-01,1.744680623974088074e-01,1.910495404134016917e-01
3.022645354836570153e+00,2.256876222718652514e+00,1.914407239877871758e+00,1.920053075631812378e+00,3.041803608384989754e-01,3.015609755091454014e-01
1.801026786225439658e+00,1.694668390994557461e+00,1.712557101062777809e+00,1.806268319380288201e+00,5.166726645400184781e-01,5.341116512903290037e-01
4.044812762958684971e+00,2.618358438188238768e+00,1.763437757486208124e+00,1.232296156151432731e+00,1.802239456039157472e-01,2.163719655667326602e-01
3.861655763361552030e+00,2.860683759336455356e+00,7.584849081150777383e-01,1.499866748046565501e-01,1.208222063735567287e-01,1.269455729849820191e-01
9.621179691371823939e-01,1.684104545436896139e+00,8.052591146858953941e-01,3.399671120260303603e-01,1.040951095402696147e+00,1.016585356889373681e+00
3.514691620082453394e+00,2.583149554009138260e+00,9.749141180728779776e-01,1.030253334870677717e+00,2.000244421727798705e-01,2.038897645367988842e-01
1.229546795107380852e+00,1.595875096358893241e+00,1.617210549159022515e+00,3.869148906424622059e-01,7.227594190729084156e-01,7.188151283451683637e-01
1.563910994470450788e+00,2.813809815988961294e+00,1.485815998529416371e+00,1.732380015419049846e+00,1.053776788629950278e+00,1.105639377873107954e+00
2.956529689913543368e+00,1.071261937936139219e+00,8.928865878027975045e-01,2.868250834560455154e-01,1.049070286436786237e-01,1.200269342893047486e-01
2.312768378657386048e+00,7.225267919809359451e-01,1.789162904292309841e+00,6.962303282616202349e-01,1.265752221476013073e-01,1.044495896595347140e-01
2.973896187423513915e+00,2.724454021396570891e+00,1.130474405800406590e+00,1.212767919896688973e+00,3.054321886448743695e-01,3.016599053423814625e-01
1.334711585695083302e+00,1.643300133902925619e+00,1.959441054141363381e+00,1.412332375459496303e+00,7.754150007320634863e-01,8.046279349574694262e-01
3.840774379558510976e+00,1.670845689294194303e+00,8.040040044046645740e-01,1.119096469523336301e+00,1.032725830879392126e-01,8.000081532384106797e-02
7.351709609627268271e-01,2.061641134133417985e+00,1.474073815319803860e+00,4.336221624787426343e-01,2.045018710688749852e+00,2.035125879141700178e+00
2.370600114509157363e-01,5.138348749083139211e-01,1.057855729256540478e+00,4.059553291029300848e-01,2.118898916941428290e+00,2.118849346980105519e+00
1.188865427072131498e+00,2.332682490292949495e+00,1.659280218366285586e+00,1.905192683696149691e+00,1.367519796236055685e+00,1.364460549453484495e+00
2.613445651818885107e+00,2.790286798390622103e+00,1.462769495974452827e+00,1.868009111679513001e+00,4.508519762081822924e-01,4.388796514761232892e-01
4.283306666471101032e+00,2.812390493515761758e+00,8.831638182743511978e-01,7.831033551236510348e-01,1.267018372999558495e-01,1.291942012186778621e-01
1.831243822805166399e+00,2.447208013404541749e+00,1.665265035540170135e+00,1.620995408835757212e+00,7.128727295636559935e-01,6.845054223817180761e-01
6.199763247873010252e-01,8.483466218830868488e-01,1.424374030843198025e+00,1.486411115833097485e+00,1.109842186806737407e+00,1.098098556143080717e+00
4.935467677722809476e+00,9.677080029607588729e-01,1.229846786751694676e+00,9.293626470698015396e-01,3.609542274570076703e-02,2.393459997824406993e-02
3.475774164255284848e+00,2.719751382718891275e+00,5.479527938299987300e-01,1.949426571656427409e+00,2.139047321139328495e-01,2.076735215859585038e-01
1.558762056811811902e+00,2.616557368575296749e+00,6.690267867720240957e-01,1.852751380742448273e+00,8.762657734273773258e-01,8.700574095344604242e-01
1.293612919917379145e+00,8.418287687915202433e-01,1.921401792253693674e+00,1.774600156700538278e+00,4.236329337126745753e-01,4.233251090665338112e-01
9.201664711327524060e-01,1.638950029411933906e+00,1.487621185534540924e+00,3.811372981869192156e-01,1.135870378403107006e+00,1.128635709253503316e+00
7.354700775408580249e-01,1.270361352928600196e+00,7.670351229689618133e-01,3.703937264831580478e-02,1.120686384583691408e+00,1.112036271653197517e+00
3.651061142630832812e+00,1.357127455870382304e+00,9.837046258412629474e-01,9.173976044196208157e-01,9.547880404712745517e-02,1.023833861368881604e-01
7.553987192090534375e-01,2.412603561157205867e+00,7.447546922595298380e-01,1.310148493905737954e+00,2.541880490099450274e+00,2.559543607640471397e+00
3.462102228699933448e+00,6.809096274158239481e-01,8.895651384128877570e-01,2.307472252676292523e-01,4.500445752465715571e-02,6.389404485380262289e-02
2.130214630023140820e+00,2.936682408847726578e+00,1.426021169357774676e+00,1.282287646138072557e+00,6.202107933776276338e-01,5.968065901081326396e-01
3.211895230930835066e+00,1.593364591515221029e+00,1.254563161010483707e+00,1.720512936204832366e+00,1.676422891471028298e-01,1.722139802988281176e-01
1.965461285678116177e+00,1.577245592069277613e+00,1.870856691294867424e+00,8.061327894108518688e-01,3.713597807148186769e-01,3.859160727817517178e-01
7.617795148123793769e-01,2.147218524980580856e+00,6.928108830880111979e-01,4.744468401423893589e-01,1.963781868075957338e+00,1.958058313754010182e+00
2.018085418101584760e-01,2.874744775844852995e+00,1.628717586026583453e+00,1.567672556939042394e+00,2.349361374117658130e+01,2.350256119767927743e+01
4.203822469771618664e+00,1.710796999079433611e+00,1.515560102853720892e+00,1.994367855982557280e+00,1.177470291992305240e-01,1.129466011838951012e-01
4.168250204607670817e+00,2.308931390132362260e+00,1.989092425074586501e+00,4.111669807623985484e-02,1.198066284618370947e-01,1.269316579100315534e-01
8.247946863304176368e-01,2.159038717498998228e+00,1.159556412389656455e+00,1.297868822626420116e+00,1.978387138609183138e+00,1.947514991623277680e+00
1.521145539158425875e+00,2.756255937446081994e+00,1.278067645497610538e+00,1.364499721744222960e+00,1.003137073570492532e+00,1.011937185509290682e+00
2.385958719361903402e+00,2.506195898539942402e+00,1.011698191449707407e+00,1.618879954584260705e+00,4.247539423985242646e-01,4.146818894239849285e-01
4.696781822837276188e+00,1.844993540364100237e+00,1.642746506489290992e+00,1.213158823184022683e+00,9.095126970471546779e-02,7.580942797403460165e-02
1.962087922447785626e+00,2.076423580189357576e+00,1.986160621007546423e+00,3.330759825069451452e-02,4.488023295125285750e-01,4.423719885858318213e-01
2.878831289184962561e+00,2.403705278458267092e+00,1.504672661070797002e+00,5.851495858866322397e-01,2.783501174032898540e-01,2.976225784162230825e-01
2.389300226791354342e-01,2.934764362933702575e+00,5.910467224732840474e-01,7.256237592277119397e-01,2.619820910213833542e+01,2.621661494114112756e+01
4.847551315507859226e-01,2.039672566531261388e+00,1.660596819586195316e+00,1.324235727691276843e+00,4.073545567294470260e+00,4.078054567211324866e+00
3.742414954513237468e+00,6.360925327199278279e-01,1.941855837047376188e+00,7.779082049488330597e-01,4.835659217693165368e-02,6.517078330995203228e-02
2.661900655817831751e+00,9.740994199771059181e-01,1.147399608801591198e+00,3.898493061293160089e-01,1.231796717334268099e-01,1.145682060386334772e-01
5.150567182051529747e-01,8.009327703255032516e-01,7.329257001185086606e-01,5.926572723961851530e-01,1.202935637224770815e+00,1.177563985685739834e+00
3.669634291208725418e+00,2.691571327972740235e+00,1.727838216064017551e+00,8.898548478163004205e-02,1.825804889633564632e-01,1.447878157435232294e-01
1.175054922779509958e+00,2.793173112087775856e+00,1.748222485861793185e+00,7.659056749319745894e-01,1.480686834215113601e+00,1.479569116017617869e+00
4.528979654765903362e+00,1.166349556594876269e+00,1.928736149270070754e+00,1.266666319232942151e+00,6.576495661068162968e-02,6.233480526208369510e-02
4.942595399063423045e+00,8.146442645463548571e-01,1.286330418956072474e+00,8.575554567829235530e-01,3.021385801564143922e-02,3.042978849797190258e-02
4.758055488895416296e+00,2.742067859175505440e+00,1.020907913679367729e+00,1.063697409321180842e+00,1.080473017104491840e-01,1.088865112489175030e-01
1.074653648134568762e+00,1.914616693281121274e+00,1.717849174054475014e+00,1.680724938259303025e+00,1.263850613481680485e+00,1.287698733543446661e+00
3.042942975209852463e+00,2.798141186286295046e+00,1.498754355060056387e+00,5.482925607588988726e-01,2.913307361480830249e-01,2.724084286035465818e-01
4.412591300937036998e+00,1.935113562833221668e+00,1.063068352905753411e+00,5.962726915542837514e-01,8.213618950830346710e-02,6.613380548740355191e-02
3.202273712464748012e+00,2.093838667493055361e+00,9.115087415480829236e-01,6.721119386744582869e-01,1.846362288240565586e-01,2.224378985616710103e-01
5.244275645889558968e-01,2.151684119232557979e+00,8.660989770676787991e-01,1.109133841433585621e+00,3.926449594493572892e+00,3.941292611761242792e+00
1.452495225217639074e+00,2.876722986030033624e+00,8.050347247716149734e-01,1.839446867419849863e+00,1.118362796787020219e+00,1.111792376122457959e+00
3.420152572244233635e+00,1.535402160507391534e+00,5.189438942267627919e-01,1.664957305505372132e+00,1.194208530394975376e-01,7.811668681754771471e-02
2.023474309542056648e+00,1.843978151750970795e+00,9.494924850396084803e-01,1.674776836209268538e+00,4.084359492519934465e-01,3.908720183294761008e-01
9.845676218020922299e-01,1.568466468217978971e+00,6.936085028023618593e-01,1.992860049477016560e-01,9.293384476362007707e-01,9.215714759201097950e-01
2.914540372792970402e+00,1.438186270423249091e+00,1.681392822166484669e+00,1.548716946121635685e+00,1.886583562759385768e-01,1.863977277778127717e-01
4.296112269036751918e+00,2.192577319103915734e+00,1.085031200981338539e+00,6.374620596682680773e-01,1.020497711551073550e-01,1.052528437282685553e-01
3.466002643466344679e+00,8.542668988470718539e-01,1.021404203278797551e+00,9.786970421093101891e-01,6.811170885245888817e-02,6.296115317245828957e-02
1.467228088570047495e+00,2.320987029906912635e+00,1.673654870694842423e+00,1.952159020485066954e+00,9.959373250415364254e-01,1.018253993820832370e+00
1.124806498719850056e+00,8.349004180775347894e-01,1.042874014981257424e+00,6.615388578796561614e-01,4.162742235020278070e-01,3.919205348777120568e-01
7.304060444329691926e-01,1.947602005681149828e+00,9.189973410729521675e-01,1.911114746312188251e+00,2.234092041508633830e+00,2.227779754164786130e+00
1.519121746113067051e+00,2.018182946926875054e+00,1.908565001036436559e+00,7.279712069133736918e-01,7.140184850914893522e-01,6.997872742351305408e-01
3.038540238369159319e+00,1.766041107194773474e+00,1.414872930760879610e+00,1.190298250298170046e+00,1.973387152944779399e-01,2.121534226755255326e-01
4.571919497966336010e+00,6.091537890902263275e-01,7.930465071555143908e-01,1.464469443327973464e+00,2.646755995424850474e-02,2.933351156618274613e-02
1.489600141184326709e+00,1.264931337003240230e+00,7.115310230706475281e-01,1.458560656296653768e+00,4.283153546783639021e-01,4.434099658884770312e-01
3.785734899212440663e+00,8.681701332042000008e-01,1.203177519091987335e+00,1.943865747853295245e+00,6.818662323452938379e-02,6.904923760633357999e-02
4.758190232589565305e+00,1.117020391353859887e+00,5.116171581085033893e-01,1.487243355238701215e+00,3.536190611913971049e-02,1.097147152634386780e-01
1.957730227642433762e+00,1.033253527923758019e+00,1.297532004139903661e+00,2.660021934383673958e-01,2.200426339618047344e-01,2.337721131772563243e-01
3.915624932816591297e+00,1.118447077881104423e+00,1.891821877505042826e+00,1.863761706912565597e+00,9.240446748856641357e-02,7.666826645630345216e-02
4.963327687171745772e+00,2.578468474792343201e+00,7.864742374701849670e-01,1.320292170479266280e+00,8.675715158291938400e-02,8.596350696571573857e-02
1.369890746571213569e+00,1.203589208082002537e+00,1.615563179768509494e+00,1.233671676034674647e+00,5.124918634159452147e-01,5.037860366255205724e-01
2.829427952412007397e+00,2.629933065030517270e+00,7.828228596479775980e-01,1.239627701984541419e+00,3.067192213751420704e-01,3.212005228442718630e-01
4.401031847493528382e+00,8.007316224230704993e-01,1.651329308154179776e+00,1.516367789192926141e+00,4.776173147507765948e-02,6.651250038433871581e-02
8.630953760670470043e-01,8.783302692474301843e-01,1.746955092922706898e+00,1.580767461755302694e+00,7.550864455272547904e-01,7.621037476953029799e-01
5.639038592990177623e-01,2.272586363768546391e+00,1.929170227792461167e+00,1.289763455222694644e+00,3.704502568049526268e+00,3.700294645779230951e+00
3.263968008218930184e+00,9.302796757272203676e-01,1.643255459520561512e+00,1.943808120831636010e-01,8.162775188251801539e-02,6.768591667733758754e-02
3.051147932248453820e+00,2.513508717064571130e+00,1.375212003559348695e+00,1.525030190869499203e+00,2.900488956434269516e-01,3.215736801530739708e-01
4.551575831193324539e+00,6.622125561305489683e-01,7.314676765278660397e-01,1.929332253286175192e+00,3.086708233846184243e-02,5.268119476216373553e-02
3.359674612591464715e+00,2.838911441006700009e+00,8.622880777827148790e-01,1.318235550290161040e+00,2.438256372772586167e-01,1.847417027117006505e-01
4.553463050995905981e+00,1.330256648318639101e+00,1.185939950670449328e+00,2.497596601431071317e-01,4.714680886428204015e-02,4.802052551041561396e-02
2.706187877691331956e+00,2.144488539448546671e+00,1.279979343889388943e+00,1.912529749647905675e+00,3.163708655461587860e-01,2.991295473723740161e-01
3.205783011416728723e+00,1.342036779681661240e+00,1.059224893509425280e+00,1.244437178808663669e+00,1.294789268041906249e-01,1.215283229891985090e-01
4.151825471681072521e+00,1.956550448000792919e+00,1.377765889914193576e+00,1.158412534899457835e+00,1.182622193472050165e-01,1.517115171326998135e-01
2.180060607430208464e+00,2.353688120243020432e+00,1.696773936164899688e+00,1.735095832862153520e+00,5.248171813823082621e-01,5.017578583927844171e-01
2.148548447208983969e+00,8.036199053109713830e-01,1.184871991201312591e+00,9.150058953732933542e-01,1.531452340886313157e-01,1.319577215049660412e-01
3.556084798325416685e+00,2.458319339494546618e+00,1.681164491918789139e+00,1.094172919883007244e+00,2.102305644215252123e-01,2.589645083109876622e-01
4.900483140775334090e-01,1.710590848824899757e+00,1.118947726682259614e+00,1.183210917854337740e+00,3.283177433147514090e+00,3.273352842810781205e+00
2.417663528057467204e+00,1.592595652255999195e+00,1.592715633213640292e+00,1.732748878011780569e+00,2.922948374656315074e-01,2.872972722381389454e-01
9.166260028170747365e-01,2.671633381014782760e+00,1.908142756847960086e+00,5.168191006887243866e-01,2.012848471715931620e+00,2.035471289856163768e+00
2.435271223119273909e+00,2.818761663051187583e+00,1.964598818652890211e+00,1.015490369788417668e+00,4.873199803061602498e-01,4.769128008751057912e-01
2.646416918789871175e-01,9.188608992896952765e-01,1.400583144765445320e+00,1.980973969511086175e+00,3.798990032314075282e+00,3.799527871081705310e+00
4.448883058091819831e-01,2.311246566146295756e+00,9.725095333633013706e-01,9.309330413053926723e-01,5.443141739992485739e+00,5.447903519808715345e+00
2.774664291118251302e+00,2.930331071768228490e+00,5.108075339287787564e-01,1.750141591901713589e+00,3.497258015672423115e-01,3.777709719069820560e-01
1.665882748775350031e+00,9.901131367474814704e-01,9.658871189290361148e-01,1.900672876664929012e+00,3.047626786034277058e-01,2.723399769880445742e-01
3.586587527656750041e+00,2.785842630720445356e+00,1.315593051131255908e+00,1.800759068209670355e+00,2.446307435285571541e-01,2.278688649311322034e-01
2.884575143494190197e+00,2.554260384481359392e+00,1.462975990988178765e+00,1.566409108865558064e+00,3.325482715043694970e-01,3.299118815499061941e-01
2.532595123772018564e+00,2.760461873294461022e+00,1.330114147536971547e+00,9.024841240637966333e-01,4.085378591633525569e-01,4.266977370083677168e-01
4.320176687995122222e+00,2.142133356245611964e+00,7.465749045051346400e-01,1.835960447347261493e+00,1.117482311313286736e-01,9.886651432737031397e-02
4.369012005868375681e-01,8.705481074875724978e-01,1.203614536134164137e+00,6.206302828497456403e-01,1.697194125828261679e+00,1.706421422829931478e+00
4.691983553084051017e+00,1.516216162304212300e+00,1.016665107900998288e+00,1.494263746471868437e+00,6.793165752160593152e-02,5.764790115024859968e-02
6.057279375682371736e-01,1.637797332545638307e+00,1.966100488134129964e+00,6.783518786488649255e-01,2.207661696830908404e+00,2.199761913948295344e+00
4.313823436959378088e-01,1.737039159994842485e+00,8.614493611919278315e-01,1.821622866001467500e+00,4.367081730822738983e+00,4.392563137127038608e+00
4.816483657739343727e+00,5.597427825824201619e-01,1.894109674753443384e+00,1.808025879674157066e+00,3.043194538052635539e-02,2.571422367434027245e-02
9.784279445494121763e-01,6.451795374755446844e-01,1.917699640848404385e+00,3.414434578392728792e-01,4.079104346606326481e-01,4.671424566451621296e-01
2.417646188973216592e+00,2.813223241342473813e+00,1.418314968171447976e+00,5.526612067356129199e-01,4.384903469383088503e-01,4.456758397230576318e-01
1.949373982451257259e+00,5.399853101441988157e-01,9.539550410934266589e-01,1.544269893674643956e+00,1.235746022409901224e-01,1.460915988272005750e-01
1.489388533751411003e+00,9.138814978993793359e-01,1.433031647808544751e+00,7.092623401287732054e-01,3.127923861951440454e-01,3.276331892000551860e-01
2.659673434450127161e+00,2.549067162056388725e+00,1.856815616897301346e+00,4.100723506423522569e-01,3.432175395237293536e-01,3.120976475947938034e-01
4.430095973835729950e+00,2.468702454526193080e+00,1.624237652065463333e+00,5.431856865869686413e-01,1.197822455649788786e-01,8.897784741818182130e-02
2.236715656341632386e+00,1.574321485552552913e+00,1.561340078760119265e+00,1.127772446223871183e+00,3.023997164778925995e-01,3.121432302562529570e-01
3.222662187368944942e+00,6.041972114042416520e-01,7.759170716312198124e-01,1.667591423234155323e+00,5.699808912221725199e-02,3.488217390062710310e-02
4.785889192142758652e+00,1.448191747904523208e+00,1.985891166251928741e+00,1.971114591041916331e+00,8.345620304633800945e-02,7.250245428846950613e-02
2.358580385547395242e+00,1.966940546624809105e+00,1.260768764921906149e+00,4.577103462034448622e-01,3.125434245294663183e-01,3.058130421049466974e-01
1.761671602536281966e+00,6.979871347557840000e-01,1.007367188775474043e+00,1.788008965223301994e+00,1.947079889258870600e-01,1.763690131008736894e-01
2.520750752071695189e+00,2.508000506883480973e+00,9.526878029255506641e-01,1.282906377628088013e-01,3.377909877866427935e-01,3.614563443103477880e-01
4.024876154498056025e+00,2.041207394327361424e+00,1.637347559392567042e+00,4.406059861649502807e-01,1.205640696446296373e-01,1.361450874940927092e-01
3.504799638217602098e+00,2.367850441389293792e+00,8.210780727934591239e-01,4.888985215369578974e-01,1.596170837529928832e-01,1.631126527863397402e-01
4.822280186061781215e+00,2.938284352401769883e+00,8.785320989949736425e-01,1.602961940672534613e+00,1.198001763876463538e-01,1.310245315881651551e-01
1.822959717895926701e+00,1.518494890028727173e+00,1.710634637982223261e+00,3.685908842369822747e-01,3.754026601287181464e-01,3.572661419477812239e-01
4.693695788720615880e+00,2.010826458676456596e+00,1.143530331517382370e+00,1.671757096093687611e+00,9.645730934740065488e-02,1.139457657199865331e-01
2.027197351690844140e+00,2.470308792702839096e+00,1.319478377305240313e+00,4.351245706768858135e-02,4.955218637411745730e-01,4.785091612289467111e-01
2.706067258761194472e-01,8.361005411798828613e-01,1.407265634375873375e+00,1.847456408075721201e+00,3.287832739940426130e+00,3.319052031147801785e+00
3.293096866855350413e+00,2.763035352588933513e+00,1.485290556003525220e+00,7.946383600287956206e-01,2.555279251347862823e-01,2.421703679635179296e-01
4.702700600236851436e+00,2.109878099770507554e+00,1.049002356740199149e+00,8.137240667043559306e-01,8.061237355209822930e-02,6.951615847756738298e-02
1.344898240892263397e+00,2.111198552181841492e+00,7.246468426897278992e-01,4.557804119982300506e-01,8.028394518575128203e-01,8.261337133658340770e-01
4.515566888913318699e+00,1.307616327362401742e+00,1.578882584500276298e+00,1.799859941477423453e+00,7.653563221919904014e-02,8.952074202458469576e-02
4.236203399166180716e+00,7.599405287455397451e-01,1.323427529599796593e+00,3.609004558282324915e-01,3.632732685839562548e-02,1.723027446665428841e-02
1.731469623176775663e+00,1.358983611676173764e+00,1.942284432310580566e+00,8.033056330811432222e-01,3.939222143066348769e-01,4.059981498274046197e-01
3.962251313772256367e+00,1.867611354473663443e+00,1.740038073675905350e+00,1.523630108572248121e+00,1.396931903203150749e-01,1.396807543445340860e-01
1.761501330040148305e+00,2.554501628418036407e+00,5.800300598745270486e-01,7.481999143128774676e-01,6.466075511343680748e-01,6.469748246870904440e-01
3.207794133634298994e+00,2.108956248871056260e+00,6.680244215350614745e-01,1.584098651852652306e-01,1.471838362336350403e-01,1.595853282221596781e-01
2.599620695320417063e+00,1.080629522872691206e+00,1.816882528197044877e+00,3.696964550308841080e-01,1.497082513419006333e-01,1.620648216737335112e-01
1.193833083581006926e+00,9.257508031299422901e-01,1.888552584184320704e+00,9.496094396681642458e-01,4.768946774201915373e-01,4.973061170510778561e-01
2.263379252835775457e+00,1.069591182154157494e+00,1.571994530742170992e+00,5.157876795440994311e-01,1.867802729530781414e-01,1.964708581689293965e-01
2.124052414650533294e+00,1.917212325737666756e+00,1.589691389084497697e+00,1.171656875845167090e+00,4.061649030499737689e-01,4.127476241391889733e-01
5.810532202509144373e-01,8.736342446597886724e-01,1.970917879958739460e+00,2.948854333446027098e-01,1.146326622312450194e+00,1.144354764611417608e+00
4.419007020499216232e+00,1.594898126297471297e+00,8.534227012501903742e-01,1.420673353294615415e+00,7.657544493039963873e-02,1.065638690064255878e-01
1.619451478291431767e+00,2.558393394596961024e+00,5.217112170086004586e-01,1.261254570906518158e+00,7.506096036332070565e-01,7.350799613414141787e-01
1.746813155299780762e+00,9.421991679145381715e-01,6.593815751784037893e-01,1.832964733814812730e+00,2.512954371299396805e-01,2.895971829700648148e-01
4.778011625070954338e+00,1.565394644124018519e+00,7.660508394159406542e-01,1.458658534275698804e+00,5.987538796814760589e-02,1.036012847381112822e-01
2.108229537175142276e+00,1.355109193435723558e+00,1.983799310012733574e+00,1.592889076042221186e+00,3.216437295359015902e-01,3.651021363689245791e-01
2.099151064078367046e+00,2.531544225492792677e+00,1.788544363847492491e+00,2.907810508647570291e-01,4.993567617474958809e-01,4.966885606084682769e-01
4.238605284363289982e+00,1.571005432388678624e+00,6.740783505172605050e-01,3.320885828298103526e-01,4.975619021287009530e-02,9.195744719911813636e-02
1.858260687494677876e+00,1.264405754386512148e+00,9.387501548596870471e-01,1.693036630003579290e+00,3.196053712893961452e-01,3.426923722711258669e-01
4.774695266571667318e+00,8.987071997697497761e-01,1.885174355864630336e+00,1.043370959492536887e+00,4.310480935463188723e-02,6.467921406926956107e-02
2.485069479185631813e+00,2.434563152923530538e+00,6.465155599774767836e-01,8.024095727603475225e-02,3.155107102051816215e-01,3.815250608476740135e-01
2.016203374075817401e+00,1.745184503173610402e+00,1.967068568886126911e+00,1.496562286258874774e+00,4.401616807205635529e-01,4.442726524010935374e-01
1.729579958681521035e+00,1.405413667513144338e+00,1.738588830787868744e+00,1.507263419441813523e+00,4.396400405856257798e-01,4.512630224918340316e-01
1.689283908616350693e+00,2.409075176083065095e+00,5.490212082927319326e-01,7.477783942563760444e-01,6.516708951011107587e-01,6.266932726826099920e-01
4.879358315442743788e+00,2.807874661031652952e+00,1.051762847473335150e+00,2.584521130204413542e-01,7.378652041008365581e-02,2.952328213426175241e-02
2.540453551499068485e+00,2.853890009943504058e+00,1.680728705964372960e+00,1.443636750441567473e+00,4.721103466027421480e-01,4.780812933431694556e-01
5.224415470835055419e-01,6.467011973885690157e-01,1.018220325585106112e+00,6.786617188559036506e-01,9.569216358094411179e-01,9.657185805876010720e-01
5.738452575729032779e-01,2.569573293340107423e+00,1.874783067312958407e+00,1.752362082051790448e+00,4.300344953659728020e+00,4.314672029308181500e+00
3.939442447765383548e+00,1.817432797977976300e+00,1.993227552021306748e+00,4.964427294512430144e-01,1.194135925264006581e-01,1.257134999514643303e-01
4.514109677880103533e+00,1.641645982275407256e+00,8.288889106737704626e-01,3.831160029223568131e-03,3.720452991391341724e-02,-2.423461356480707818e-03
4.807170751437514156e+00,2.264322789884393838e+00,1.216902213898650942e+00,1.978162136772201096e+00,1.105092791580680189e-01,1.182238269244192536e-01
5.465304865828436442e-01,2.421416252209971809e+00,6.613302108536787127e-01,1.442915214070086938e+00,4.521295804028675036e+00,4.543970126524317976e+00
1.410649936307839303e+00,2.448005339869064656e+00,5.480502097583239696e-01,1.517712149851454084e+00,9.149979996725274844e-01,9.466681452609361225e-01
4.180819169602414398e+00,1.799737763884494246e+00,1.822253173955108885e+00,1.590628627762832759e+00,1.241004007279300075e-01,1.053241585044573103e-01
4.151187530601684550e+00,1.616210963383176491e+00,1.989831190461944566e+00,1.347767265405719783e+00,1.112637751738606989e-01,9.361274199317382028e-02
4.155943301427783787e+00,7.991197403377863218e-01,1.278276579274357339e+00,8.800920928190987258e-01,4.495725528025820011e-02,3.123888269918199262e-02
1.026161084861207495e+00,1.883009070276182362e+00,1.105564548088696863e+00,9.338937923497119264e-01,1.159288152390228088e+00,1.146654793571265429e+00
3.863138987932623447e+00,1.526858991094260265e+00,1.880710592535343118e+00,2.184714617039151818e-01,9.734365682614148918e-02,6.505653367699174017e-02
3.751977145633538679e+00,2.393475483459902797e+00,1.313582692713507249e+00,1.992590213490741391e+00,1.976584016632342844e-01,1.840832473078322928e-01
4.539970786578686912e+00,1.371649390201967522e+00,1.182375216647101546e+00,1.219738371932582055e+00,6.602303235763307132e-02,9.782195510075239464e-02
2.339944298877141726e+00,2.588344193033156770e+00,1.131948087671598158e+00,1.224480588157552452e+00,4.431573285408639817e-01,4.220385707639245365e-01
3.315094574063788269e+00,2.973149613564457283e+00,5.766822882400498562e-01,1.197540539515495217e+00,2.385622534834014041e-01,2.012046437618830175e-01
1.166468311169911232e+00,1.527106464551574394e+00,5.500553947708612945e-01,1.590880138117583664e+00,7.563349957272829105e-01,7.508432655041641368e-01
3.773002958803499229e+00,1.616988080074149181e+00,9.885022912278242924e-01,8.508341711642890548e-01,1.047906098621697035e-01,9.468798238899070463e-02
2.803501358165485513e-01,1.543819028946055383e+00,1.439585494760446505e+00,7.321954508412615859e-01,6.178636821230170106e+00,6.192252759415596053e+00
4.315168828295759873e+00,8.333623386626984875e-01,1.873375574454187564e+00,1.016616562576606375e+00,4.918239972858910736e-02,3.431188046395109575e-02
3.432362117040935079e+00,2.666757764023181654e+00,1.841697142578007540e+00,3.411323492727176276e-01,2.215493807189667375e-01,2.179131985891571976e-01
1.707015686784006725e+00,9.162794981561792618e-01,5.000170087496851323e-01,1.660093174508680880e+00,2.441281620149641507e-01,2.272930773796122961e-01
1.159371093730720448e+00,1.595837338918590920e+00,1.545310760328401312e+00,1.930723259494211641e+00,9.433280613082933863e-01,9.238138498654363540e-01
2.465114471394723505e+00,1.337722309879146643e+00,7.855234027906696781e-01,5.082078579810787033e-01,1.902043068631905920e-01,1.975725232695449141e-01
3.759173716146640309e+00,2.315960160705234472e+00,1.706627413701403473e+00,9.667933643515886910e-01,1.749781247979185494e-01,1.773827249233995706e-01
4.653170023872882588e+00,1.608709344825503651e+00,1.613132477064256110e+00,5.683825893828096110e-01,6.971715280507315149e-02,6.858602230863165838e-02
4.826472304197017671e+00,1.005627009271422123e+00,8.239095221689110016e-01,1.339637136079148139e-01,1.972734976192343920e-02,3.004028471616675827e-02
2.794647584482572000e+00,1.146650322111661069e+00,1.465843134919779356e+00,1.562061282643763427e+00,1.568509309377031924e-01,1.402470905916197441e-01
1.628763185389616730e+00,1.490206337545174620e+00,1.581790725294755173e+00,1.395730335519009824e-01,4.258755979321526830e-01,4.261994235105639461e-01
7.977090486425482130e-01,1.384876993682022439e+00,6.828853145860099838e-01,1.017958157655971529e-01,1.099730018329110770e+00,1.103755733786521809e+00
3.694289311336448112e+00,1.657307561812491947e+00,1.908883288744212203e+00,1.560376473636813088e+00,1.462362887007001289e-01,1.698407143316934820e-01
3.059562890291551707e+00,6.279563670207284343e-01,7.623184980292341262e-01,7.983998830580389949e-01,5.986710211788981439e-02,2.187996526010388409e-02
1.252379983168887101e+00,2.926405373537726895e+00,1.433987010813282614e+00,1.097704903682333422e+00,1.434317326170970297e+00,1.427176229149974107e+00
2.769300983500565305e+00,5.779776196466652749e-01,1.050878527738492219e+00,1.715227677874646695e-01,6.558023674760868338e-02,7.447522291948453776e-02
2.087086829146283407e+00,1.958697616551507092e+00,8.315392764246869461e-01,1.420744523626422895e+00,3.948062485094459007e-01,3.831330036636378944e-01
4.011782968051312182e+00,2.526593339251165471e+00,8.603568410940889422e-01,1.697222518721075213e+00,1.579847821974428301e-01,1.597070540277590600e-01
6.037707322413770061e-01,1.937290493762982679e+00,1.157822154655596680e+00,5.196733768680539267e-01,2.570649014829573975e+00,2.584286531018689992e+00
1.118816407623488773e+00,2.134716495231636202e+00,1.213820002981391477e+00,9.020900285811395136e-02,1.061088679811488911e+00,1.070586503853120375e+00
1.064718781281869919e+00,8.507467466364977415e-01,1.403526014506757846e+00,4.836347638949176631e-01,4.671635954680674052e-01,4.324911977243505179e-01
2.505162965973067646e+00,2.008128769012295756e+00,1.700909118258943753e+00,9.804486194977446445e-01,3.181631337491621081e-01,2.938790471867741561e-01
1.778652600145549156e+00,2.828662754860105100e+00,1.139400542191287169e+00,9.072423329581433826e-01,7.418542120777189552e-01,6.851770941628860800e-01
3.044407571703846127e+00,2.699383170351967731e+00,1.632523013527225508e+00,5.425656970330581252e-01,2.843521661935408673e-01,2.973177223852286888e-01
2.531879136373591521e+00,1.651962335748964117e+00,7.034688874429424477e-01,1.183756612904218075e+00,2.312158941833219183e-01,2.353247762328033177e-01
1.841359033461756667e+00,2.710481389629705529e+00,1.921050787028666829e+00,1.192424682473242292e+00,7.619963236191280576e-01,7.888559564553979664e-01
3.488024655075310232e+00,5.376134991095128379e-01,1.928737543880533201e+00,9.928590428750210251e-01,4.831600955784387530e-02,4.923429004466583353e-02
2.950013440712896617e+00,2.539928816800894662e+00,6.596688251344429155e-01,1.776889534239001422e+00,2.799157543207921317e-01,2.568675575577434311e-01
8.006575958324528841e-01,1.531129812906922405e+00,1.576998725063047280e+00,1.430989593261456472e+00,1.471286236018739535e+00,1.492659452747252313e+00
2.008300789070477599e+00,2.466057509903586187e+00,1.747090226461145201e+00,4.625760543345620590e-01,5.320394159546767421e-01,5.054551467013265187e-01
3.104544632571093032e+00,2.771230932302710226e+00,6.709781701026416023e-01,7.063730990079830629e-01,2.465957007995656647e-01,2.464101716229039063e-01
3.186479026629116973e+00,2.015221794053317694e+00,1.110955038935606876e+00,1.263117840755571875e+00,1.990112642080500982e-01,1.947280482660069811e-01
2.406058852321048658e+00,2.222375549114167903e+00,1.850322839409341391e+00,1.177857546597256055e+00,3.953846833672634009e-01,4.108318539138158254e-01
1.095314324415720852e+00,8.398444246006870895e-01,1.302972314789277331e+00,4.018981703975996744e-01,4.343036085490546983e-01,4.524322632678958733e-01
4.182284974092984164e+00,2.432748602277855721e+00,1.608837202951716172e+00,1.402010687466395344e+00,1.570585133603257244e-01,1.484329406198801604e-01
2.730929804200528110e+00,5.214443866709748132e-01,1.743026963984800837e+00,4.119430562723638278e-01,6.616232283170324358e-02,5.133813255363403605e-02
3.271746337292564810e+00,1.946665563422582013e+00,7.053224679439490385e-01,1.794898744838751448e+00,1.781760650049064032e-01,1.770525562694326149e-01
4.353761740917963863e+00,1.703722735332000360e+00,6.821009664046049359e-01,1.303397448644060930e+00,7.618146274043426092e-02,6.445930245759202981e-02
4.204154330987144306e-01,1.659486606349318105e+00,1.917812929639290065e+00,7.298412548673525180e-01,3.722159107584372517e+00,3.741110491211914635e+00
7.776727689742866101e-01,1.337437431102282748e+00,1.937909162270772034e+00,1.368422892149157688e+00,1.341889341640813305e+00,1.349351794629965129e+00
3.706560498642236023e+00,1.656651995871843752e+00,1.310037431351533499e+00,1.560401290460981194e+00,1.317410778811926031e-01,1.596089222803536434e-01
6.908182548875017037e-01,1.549696884253439544e+00,1.953908814190498777e+00,8.737231187503067265e-01,1.766692618725840491e+00,1.818958963161535491e+00
2.254284781988264708e-01,1.940065854319061645e+00,7.342341401804305390e-01,1.174659990976656410e-01,1.307791017577275383e+01,1.306042367335820487e+01
4.892806632257959087e+00,1.358842871967402610e+00,8.448164962057671534e-01,1.837803190972797429e+00,5.517738125432138790e-02,4.298916366194744515e-02
4.246162347267598003e-01,2.086711605364260258e+00,8.026751686958613075e-01,1.870473434022777326e+00,5.757019207481603118e+00,5.766521101749440881e+00
4.331337202629402583e+00,1.527113318855292334e+00,5.715537350213689693e-01,1.341111351250876327e+00,6.464279979825982014e-02,7.260762167189224736e-02
4.906405801579026615e+00,2.227444127379242911e+00,1.273299725139402483e+00,1.079622404837076610e+00,8.887254834880828347e-02,8.182154184398116037e-02
2.073051767498009568e+00,2.445403067155209165e+00,1.506423672287508175e+00,1.213077340964156203e+00,5.390606281622978280e-01,5.044983659359142392e-01
3.180081148749037467e+00,1.323096540540441790e+00,1.030651985626888312e+00,5.473570393495212905e-01,1.188801536128554076e-01,1.698482975366141234e-01
7.452265624795317844e-01,1.378219070268406732e+00,1.064181676207565763e+00,3.402667547339357501e-01,1.248471730613660791e+00,1.250060987178049476e+00
4.984433737107471174e+00,2.964552153412831181e+00,1.282669462896506074e+00,9.061512532667159725e-01,1.090250346569801854e-01,8.544146396303523017e-02
4.494548888189877189e+00,2.328970066300246167e+00,1.923116164459365507e+00,1.202419251986743820e+00,1.318550072677686646e-01,8.351440186930939036e-02
1.601899235316091241e+00,2.378860673554968663e+00,1.827554805698894613e+00,1.067228130322169122e+00,8.102303189579883602e-01,8.382897711800305629e-01
5.569374763479105761e-01,1.683380930690198785e+00,1.075150841332144003e+00,1.471147327969358987e+00,2.734662305391871051e+00,2.741187589644915601e+00
3.924192960700918498e+00,2.840886243603438999e+00,7.655623519435996727e-01,1.298932391166423006e-01,1.128901439416475500e-01,1.128597369250857879e-01
4.997675404708983748e+00,1.493379738717019567e+00,1.023518131438970080e+00,2.143506362906852925e-01,3.409861980311269108e-02,1.310690768100218964e-02
9.084457137797192772e-01,1.569345344111699569e+00,5.122953863281916043e-01,1.621681679900403017e+00,1.162900168157021907e+00,1.160705196822471974e+00
4.491474130906757622e+00,2.057275939368770956e+00,5.661264037695092899e-01,1.618812616708493080e+00,8.455079896921090243e-02,7.660532735129646498e-02
4.337154201810413667e+00,1.782195466813805584e+00,1.150790992870188045e+00,9.079215106898312904e-01,8.867551713738199004e-02,3.831558392682243158e-02
1.213498155948984136e+00,2.402187297824507795e+00,1.255216923846270483e+00,1.795581014885197613e+00,1.304058541700103158e+00,1.357769787288736207e+00
1.079348265679745955e+00,1.920357363980917276e+00,1.154079389596186056e+00,1.795902522590768768e+00,1.215056271440604130e+00,1.223778381351234623e+00
1.164043392266418175e+00,2.232783260274836756e+00,1.281947891843410847e+00,6.258618453787645475e-01,1.117332831604350485e+00,1.110304124484294830e+00
1.547460695510134654e+00,2.649440139869702282e+00,1.738527892429943877e+00,1.142889958689645047e+00,9.583664316246567338e-01,9.387758097512459710e-01
2.219779197112234037e+00,2.192275851981922763e+00,7.225270361020874610e-01,9.799649678409865228e-01,3.827910044560806080e-01,3.704731812934252688e-01
1.196529927969184115e+00,1.262806785459708259e+00,5.439380221390368586e-01,8.069330234081408815e-01,5.668946766757384514e-01,6.155613142489518852e-01
1.740184600887761945e+00,2.265984606831250137e+00,1.707737668450373558e+00,5.063621881337898589e-01,6.169409639941354495e-01,6.247474827101953121e-01
2.952546589653044506e+00,1.711356729647288244e+00,8.706663751603131995e-01,1.562970055684433479e+00,1.923350011432563844e-01,1.653061997864598287e-01
3.065529989452876247e+00,5.291835652360830089e-01,1.920209730247242064e+00,1.419077549075331124e+00,6.416984931218107369e-02,8.195388420376535643e-02
4.996709581333983685e+00,2.697613351071159737e+00,9.522840987363534460e-01,4.940761782986911044e-01,7.050778845070035383e-02,8.038107149070801427e-02
9.322471988860423497e-01,6.383818732854471545e-01,1.291388651673671006e+00,1.150673965170570856e+00,4.504360886259858310e-01,4.608889537364627698e-01
4.504722234689169547e+00,2.462389251489397246e+00,1.741206528773308504e+00,1.209849835736175550e+00,1.349848487098643801e-01,1.321645134521401421e-01
1.363071636235313244e+00,7.406422711220987942e-01,1.426341720038769800e+00,8.782251459665264548e-01,2.950668669063020166e-01,2.914851828457216687e-01
1.191272876148330440e+00,5.960652629528785384e-01,1.012444884737735418e+00,8.916035281251808442e-01,2.762766929337392985e-01,2.804254757268580533e-01
4.452857437364955651e+00,1.824249850656004091e+00,7.306921287880041582e-01,2.240563456193365166e-01,4.747104559042734234e-02,4.305940851595067148e-02
2.945623818940088068e+00,1.300642512528858319e+00,1.394263262263302439e+00,1.144278211816232904e+00,1.521819324999082734e-01,1.235539802933844911e-01
3.545296339500159100e+00,2.267552277358272139e+00,9.371202260707557352e-01,1.654542140478088452e+00,1.848539346085446011e-01,1.644759606612906377e-01
4.508115092407289914e+00,1.258250966820226191e+00,1.333260414198518262e+00,6.528925591091836456e-01,5.631188907182500120e-02,5.629368949724009030e-02
3.871903836012505096e+00,6.986099465641433248e-01,1.634307383591589113e+00,1.657717867428269543e+00,5.471550070968807244e-02,2.225128957431079385e-02
3.821342355040462380e+00,2.190098210294058934e+00,1.798927839904900905e+00,1.634490442711276081e-01,1.396253083708414722e-01,1.367063602085216434e-01
1.819573385366295648e+00,1.776848229619780284e+00,1.037270429818496931e+00,1.989450744777567781e-01,4.225849978395016526e-01,4.159636637779885460e-01
1.725870552406425285e+00,1.384991217295980404e+00,1.026127610742263441e+00,4.730757564049099528e-01,3.596381127512827125e-01,3.742178497099547529e-01
2.605633507814312022e+00,2.215252751899632777e+00,7.221700671053650211e-01,3.350970798835690712e-01,2.758376614011298633e-01,2.788882705041247356e-01
2.062089576637913257e+00,2.136976180029727335e+00,6.590168617904428316e-01,1.545158071013012391e+00,4.329523578293527630e-01,4.267281956889193983e-01
1.118484737686338715e+00,8.932433045163774565e-01,7.276462233258188528e-01,1.838633956347341059e+00,4.831571392338770976e-01,4.769712509673409429e-01
3.707086751888934106e+00,2.128891719018070727e+00,1.295556797060412491e+00,5.043746923910932267e-01,1.438817163537995381e-01,1.523770405884176116e-01
3.916048860872257897e+00,8.395191917791040570e-01,1.077388370900657755e+00,1.138192355466193462e+00,5.376136380292206168e-02,7.247550199685637295e-02
4.586891942399860866e+00,1.198078761224817601e+00,1.367043350336626384e+00,1.024154287739583502e+00,5.667144483575307923e-02,3.480478276817623728e-02
3.330645563250858476e+00,1.621068589920815040e+00,9.393637282744341510e-01,1.534856919131126096e+00,1.470011942906209179e-01,1.158577397452314750e-01
2.664269540457671059e+00,8.159838785387397708e-01,6.960002677638332802e-01,7.577752911502244615e-02,9.133607402670027020e-02,7.607149549807709632e-02
1.922767227166896076e+00,5.191365686097901833e-01,1.085005979249809016e+00,1.176188268912055079e+00,1.195813852321405968e-01,7.275181507869045439e-02
2.132170129879173093e+00,1.747192159123599708e+00,1.967534208195159007e+00,5.798514108070880191e-01,3.522095022226627847e-01,3.361346951083956092e-01
4.149214660219123552e+00,2.419076322683511027e+00,8.905532258601813744e-01,5.322514991905265003e-01,1.094410172221926408e-01,1.260240548527495341e-01
3.719966683023317788e+00,1.802031953196711500e+00,8.296937881609801613e-01,1.209107164345508689e+00,1.224074702183089169e-01,1.419797582084976750e-01
6.929476227401318855e-01,1.043264813040213124e+00,1.775015022617531635e+00,6.270644217393339659e-02,1.039957898972540429e+00,1.070743360681229994e+00
3.045413457475331764e+00,2.889243008226610065e+00,1.774735235809733913e+00,1.493398295042496438e+00,3.543329679179930691e-01,3.554562343276191916e-01
4.489691148258099673e+00,5.986178592533765164e-01,1.632775927919545289e+00,1.514847237106757172e+00,3.414787054204733441e-02,3.707579882961178908e-02
4.253591381712459984e+00,2.086797169041456179e+00,7.409185792477807064e-01,1.009386621723686206e+00,9.497500118813838321e-02,8.282276123706691640e-02
2.018939058130630571e+00,1.615409746656518930e+00,1.671054758673296892e+00,6.890333375511488168e-01,3.513871029353209385e-01,3.406206842295427806e-01
4.155477875777467744e+00,1.663545194218571499e+00,1.394872976600898706e+00,8.876066910237756513e-01,9.603373870267473134e-02,1.016246202961723633e-01
4.251183217168546413e+00,2.853251126582928343e+00,1.357198836035788059e+00,7.856056369131516615e-01,1.523970033286574099e-01,1.705605408918701160e-01
3.174702298173019521e+00,2.140413231072867184e+00,1.893811462529296330e+00,1.145293266445249758e+00,2.340782110555995610e-01,2.425065607310330495e-01
4.408805758233704353e+00,1.532745799142301690e+00,1.794460273881723911e+00,6.324302629616664895e-01,7.914212778802530435e-02,3.797225282679887043e-02
9.003879978942275208e-01,2.305212569960986446e+00,5.710475928891169950e-01,1.969595842347142689e+00,1.918915595994142631e+00,1.928667323545269374e+00
4.697875550268041600e+00,1.282391950617070897e+00,8.629638969043897934e-01,1.384797578412266361e+00,5.282774021575345480e-02,5.263877676946811246e-02
4.268140346947407515e+00,1.524007385358446154e+00,1.772966519944958907e+00,1.762472738059058797e+00,1.028687089790339404e-01,9.066013866741691463e-02
2.139571391286119617e+00,8.565521194611407374e-01,1.174059536999223496e+00,1.020833300541761801e+00,1.658607785636827259e-01,1.684357180190592940e-01
4.036785395007399302e+00,2.218890233563170611e+00,7.774718449370493500e-01,3.300598277049218154e-01,9.199969660212481415e-02,1.098510608766453955e-01
2.614751947751428496e+00,2.286169531545059641e+00,7.458909049282975712e-01,1.423206221436410734e+00,3.098734692883636233e-01,3.124285005108128899e-01
3.997117810307502239e+00,1.050098188699526203e+00,1.866013086524745068e+00,3.799998862387183873e-01,6.428363819099276733e-02,4.935935671455005114e-02
1.762269066086832314e+00,6.077218179469169312e-01,8.136929619241710654e-01,5.129641451202360258e-02,1.523104953442156462e-01,2.196540088625891785e-01
3.349093636116633022e+00,2.489406014025450364e+00,8.362580060313222763e-01,1.027985395808373781e+00,2.065032875385909850e-01,1.934230030516752297e-01
5.352747103816847263e-01,1.122771753457762811e+00,9.000491576360912793e-01,1.142240849255426793e+00,1.766442402723294780e+00,1.775476746686968754e+00
4.908505608821530863e+00,1.481744816986846125e+00,1.172219424276301769e+00,7.620133480098809642e-01,5.215791486474401911e-02,7.724699333886342334e-02
3.628218260725353250e+00,2.934257457561860960e+00,1.187304268611253821e+00,1.770077709606129535e+00,2.448647663323093859e-01,2.271252627569660953e-01
4.548684646485126493e+00,6.512155623138516924e-01,1.216231913969124223e+00,1.663024909021789677e+00,3.398396783878571137e-02,4.472832366717748726e-02
3.358427607950437377e+00,5.410493480123280685e-01,1.308329748532555792e+00,1.322893546998519687e+00,5.018587430348574185e-02,3.269378212427984098e-02
3.465206689065019052e+00,1.326229740439114790e+00,1.702477265868568512e+00,8.537171707611612703e-02,1.014869684901164026e-01,9.576078463992251932e-02
4.523709851258543857e+00,1.811922498941100690e+00,6.877581720429016832e-01,2.574171849265993739e-01,4.298994440098857089e-02,2.730441015583074532e-02
4.981192995570145499e+00,1.635938123237840713e+00,1.189817776081778300e+00,1.903882275001194779e+00,7.241833528822655408e-02,1.075764930248978291e-01
1.985636431001764457e+00,5.221878836832256621e-01,1.903727684160000155e+00,1.918119250310061030e+00,1.395808590949338124e-01,1.114315151667457093e-01
1.621507512343287605e+00,2.839823419224974721e+00,1.491721591622523491e+00,1.328961607256302191e+00,9.539441782644748624e-01,9.639781677314442909e-01
3.808368296998065894e+00,1.064725651402019579e+00,1.259614325446234862e+00,1.222275428980520440e+00,7.585371430247080105e-02,7.619907605500550463e-02
2.512302014564267605e+00,1.311361769064833149e+00,1.127757225750766423e+00,8.965451390528100806e-01,1.912417323626912080e-01,1.508553190759285567e-01
4.997616310969053899e+00,8.219150772490475543e-01,7.355848694760083184e-01,7.006552853565728434e-01,1.986678643377692843e-02,5.446607722267750307e-02
2.898947914716274887e+00,1.016891781844756260e+00,7.213443520537402565e-01,1.181911173298309858e+00,1.111943239192770966e-01,9.932304675412548245e-02
7.203721397872571153e-01,2.772972166564382501e+00,1.763890636224445752e+00,1.582564497559152406e+00,3.356953404220207382e+00,3.351281662364495872e+00
4.110125093367951732e-01,5.280598406914402965e-01,1.532768871058320270e+00,1.419293962378691099e+00,1.140480773228925271e+00,1.144462990608108299e+00
3.800566340047581093e+00,8.425725487231021660e-01,1.653401923200988888e+00,1.346414890978403278e+00,6.546332184675635046e-02,4.676694770300969528e-02
1.860462849313827771e+00,1.934266016743598326e+00,1.773257463167417836e+00,6.258320619160808729e-01,4.821369395443638184e-01,4.660944903246201365e-01
1.529262120931784708e+00,2.918292990823482480e+00,1.438246965127380816e+00,1.604446366304933758e+00,1.110932906104844520e+00,1.109781542577236380e+00
3.443538077166784728e+00,1.934745380302447026e+00,1.156965468954510801e+00,1.271343440350992227e+00,1.663002503725447001e-01,1.481484845334513911e-01
1.358327804119702220e+00,6.561650635128764009e-01,1.024021323657690719e+00,1.262885871426719708e+00,2.600656490948368149e-01,2.616397421354312303e-01
1.995482954289294453e+00,9.013624067099010873e-01,1.846369403842765822e+00,1.790923737673970173e+00,2.347503968272914576e-01,2.599015659546992651e-01
2.019519760401600639e+00,1.130110802743627296e+00,9.415203528379100240e-01,1.751164469018545944e+00,2.505037850624292073e-01,2.296275285558579127e-01
3.942962759344852408e+00,1.018344350905368900e+00,1.648394544942152873e+00,1.420130084680945037e+00,7.446457893394656247e-02,4.210468709742189175e-02
3.654800684222781815e+00,1.434254433162410969e+00,1.951892795755720167e+00,1.826167880703879476e-01,1.030480231879099817e-01,9.996149537999854395e-02
4.619255902098673872e+00,8.520702548178380464e-01,1.103035257268918379e+00,2.403082349546772356e-01,2.746442667829754325e-02,3.514076352182379792e-02
1.540341192578273954e+00,2.812822929383661297e+00,1.430588418731847389e+00,2.487171675802770654e-01,8.878054494313696310e-01,9.008977109065214872e-01
4.981315266812790021e+00,2.808047995182571643e+00,1.357389080428559325e+00,9.567540820571209803e-01,1.072475179719031557e-01,8.471717656119974460e-02
2.801589496676194280e+00,6.617915072502782436e-01,1.437644249659832063e+00,1.636582783680395892e-01,7.629187059744492461e-02,2.836675684610689974e-02
1.940013086851887003e+00,1.126059300943440533e+00,8.097288686940398161e-01,1.791236109116698394e+00,2.609849505788675028e-01,2.782764625916687717e-01
4.717367896287138151e+00,2.775769769037116586e+00,1.828078245338316643e+00,6.860387033386501354e-01,1.252902746492192410e-01,1.392219005999583148e-01
1.050364480412852242e+00,2.051328853640537186e+00,1.612990132578219438e+00,7.419949921083948130e-01,1.250746130065437001e+00,1.280793612177745455e+00
4.812356238446752421e+00,9.014548037828480354e-01,5.848936773903845587e-01,1.303748000986411082e+00,2.799872240238772750e-02,8.116935506917489357e-03
3.052456689820111646e-01,1.482272757356571491e+00,1.995055401674434181e+00,1.290414241458883948e+00,5.182941773358978210e+00,5.193855292567265636e+00
9.661531371595033502e-01,2.998104058281904294e+00,6.708298414000045673e-01,1.104825259322203657e+00,2.095026885869789357e+00,2.114889393555565711e+00
2.796913385256716733e+00,2.231203710602296386e+00,1.322468242360204549e+00,1.152472938979112849e+00,2.846842008825458681e-01,2.472166881103812774e-01
1.498707564115658197e+00,2.714848599886128699e+00,1.422538639967585006e+00,5.470346907758112387e-01,9.238147997876300366e-01,9.446496897174069263e-01
3.700150311298460615e+00,1.232008660079043860e+00,5.322139843038351525e-01,6.735398457243424453e-02,4.177886514870591400e-02,7.014440743718129700e-02
3.042667365404371882e+00,2.224347698984377786e+00,6.848706464568969920e-01,4.570922993365482689e-01,1.983489720292849201e-01,2.095973192039664867e-01
1.401455495035053733e+00,2.510622168468337634e+00,1.797190426761076543e+00,1.976512993238672244e+00,1.176205126523737876e+00,1.186620424934530238e+00
2.363335576808299088e+00,1.846163516730897181e+00,9.107260830315062616e-01,1.049595430029720777e+00,2.960986377164521177e-01,3.105902877579888033e-01
2.731469557998577602e-01,5.201494551915128994e-01,1.709605512991549059e+00,1.606935200545796194e+00,1.869072728310138487e+00,1.863389602502335984e+00
4.548148124012564963e+00,2.875899227328602592e+00,1.936976350798304214e+00,7.957771134912494659e-02,1.204656109481316989e-01,9.107498911962345900e-02
4.451703231152180362e-01,9.889954402756124807e-01,7.504363070239088440e-01,1.018394282341629431e+00,1.983421756735705310e+00,1.964367858161006675e+00
1.730118425072556088e+00,1.254961292461220346e+00,6.125525921942608365e-01,1.321823094598035375e+00,3.282466472775531496e-01,3.242158750930893563e-01
4.551168541569732717e+00,1.129532068002233380e+00,1.091877110662394568e+00,1.709193458244553820e+00,5.748942142791266946e-02,3.996450352291607000e-02
2.686476969858030639e+00,2.982149703128612828e+00,1.000952025669574086e+00,1.154667804254951857e+00,3.921644390000463831e-01,4.123369633448362159e-01
2.816167894328968746e+00,1.455646614078905277e+00,9.329051095205272981e-01,1.901282866922371362e-02,1.519676477081264299e-01,1.432944308551843127e-01
3.317733848099260197e+00,9.163875590325047948e-01,5.266434363229051119e-01,4.033570299368005596e-01,5.720764252655471949e-02,5.448270272750061621e-02
3.557340629613943594e+00,2.745707420952061995e+00,1.560466076855148376e+00,1.458272435842172365e+00,2.434634248468104945e-01,2.074095096080214584e-01
1.748556587051882660e+00,2.322193861262300985e+00,9.344591095059816555e-01,1.509071678153063534e+00,6.461063557838016003e-01,6.536125501143573713e-01
7.681711427312509777e-01,2.878103248030245087e+00,5.829055445762353349e-01,1.721553833778262765e+00,3.222999793066576579e+00,3.208378656150094432e+00
3.175090360318119753e+00,2.528396906886984485e+00,7.906851604089417673e-01,9.857155365091763155e-01,2.304438969833710604e-01,2.603205617865527177e-01
2.456450841739254098e+00,1.515092373416892402e+00,1.692473072276555079e+00,1.215479310034810911e+00,2.555657430733043189e-01,2.204885161133107174e-01
3.133545386752117690e+00,1.062028284735645256e+00,1.273605963165715060e+00,1.838305188515862998e-01,9.663647856412774240e-02,1.026890825457821843e-01
4.791434986040689736e+00,1.346053745633879251e+00,7.968914907834911965e-01,8.525041089882190448e-01,4.278471764232361085e-02,3.417333733966355924e-02
2.934310610603468650e+00,1.048346923924742935e+00,1.761768473835592097e+00,1.861299272740501332e+00,1.435032918611359731e-01,1.357549851091178483e-01
1.143395632155214559e+00,2.098664482922204311e+00,1.899993512832600651e+00,1.172930024171065844e+00,1.218430393612131013e+00,1.252159274750732854e+00
1.817570284792427771e+00,6.946031034973955132e-01,6.710113551886447425e-01,1.849872651124889078e+00,1.736974424142331275e-01,1.924905574868788494e-01
4.418097569105181144e+00,2.206417601408749540e+00,1.494287901798181606e+00,4.761166345784921816e-01,1.028929822362389390e-01,8.532832668809690879e-02
1.452697535453491673e+00,2.820313809461835408e+00,1.441902648457900726e+00,1.853716772645571664e+00,1.198951619535666424e+00,1.226499574328226982e+00
1.663981103166904951e+00,1.187824228354958711e+00,1.402021711837810880e+00,9.678219791532394201e-01,3.530315813461893937e-01,3.394772262967793441e-01
4.727249837065521376e+00,2.853003720459563297e+00,1.667568984229076623e+00,4.468957744770152285e-01,1.161485458937550203e-01,1.316703055976049808e-01
2.499576121838821496e+00,7.716654937510056822e-01,5.111140653317417515e-01,4.352535064229612338e-02,9.089091135089802376e-02,5.557076200072395139e-02
3.486365831126795989e+00,2.284845330563049171e+00,1.914452567917438897e+00,8.023708033646466120e-01,1.996377392907430770e-01,1.927009620075009200e-01
4.680640891556377525e+00,2.440443887509161414e+00,5.416608117702558234e-01,1.779784616792343233e+00,9.142335140526687554e-02,8.514270275063587357e-02
4.315537846540582478e+00,6.292388365101051484e-01,1.384010369868992285e+00,1.639815628162151429e+00,3.788587051404415651e-02,3.081987107240583001e-02
3.059607967326860023e-01,2.867433424973752754e+00,1.545789603623604069e+00,1.759544061974565032e+00,1.262520150074693071e+01,1.259283356655305575e+01
2.605318176684093601e+00,2.018519774398917388e+00,7.808569412583419300e-01,1.119342546693205431e+00,2.704419776196641534e-01,2.319368694039847245e-01
3.483133021638045612e+00,2.302092059295473447e+00,6.580618677437399811e-01,1.798881815597445977e+00,1.839536965802393287e-01,1.831593792867322046e-01
8.620075124668651334e-01,2.766393777071338711e+00,1.654095192098565148e+00,4.569179398900033995e-01,2.244041118337343654e+00,2.255763322942800464e+00
1.057051457662378180e+00,2.184112923540683759e+00,8.490360562034722225e-01,9.532554197470151092e-01,1.267178180777562613e+00,1.267411581083166094e+00
3.921269266803646403e+00,1.108420031347017609e+00,8.616788367973782226e-01,6.971758561704211044e-01,6.065944678907513044e-02,5.337466756379766197e-02
3.743022213061968806e+00,1.290941838400780028e+00,1.763834681259923043e+00,7.148828900362220740e-01,9.506527650058166357e-02,6.440429234544683967e-02
4.916602005662512376e+00,2.560684761339029336e+00,9.978128342494033687e-01,1.489004625404793947e+00,1.019025912744421780e-01,9.605981049498552027e-02
4.722789851414722628e-01,2.865256130427417336e+00,1.903371606768786473e+00,2.788207287752444419e-01,5.681803586929303762e+00,5.670197261917934384e+00
4.423598352769271824e-01,1.960312174237816452e+00,7.624755149775338525e-01,7.141657046330540659e-02,4.044939356282519327e+00,4.030082383292475257e+00
4.947659492285832350e+00,7.596469964963774579e-01,5.564568119012935909e-01,7.221232216998401121e-01,1.490996176702943585e-02,1.803764924322244501e-02
3.583494967495240768e+00,2.989685686324695446e+00,6.360055675946640896e-01,1.908909888606915572e+00,2.267852797274478582e-01,2.298222701804267798e-01
6.686619980782667616e-01,1.279663807988790314e+00,6.572913459997820063e-01,3.833080890836733090e-01,1.334931857573067093e+00,1.342551875597909339e+00
3.378833386936146876e+00,2.204207074553464096e+00,7.749302211233319859e-01,6.501948800526895500e-01,1.657166251396193224e-01,1.601527857111292308e-01
3.303943972142974861e+00,1.653040556376487391e+00,5.326129208582910390e-01,9.615691240730031009e-01,1.253533158920852042e-01,1.082302750878238184e-01
3.493409824250114593e+00,2.524561995246376256e+00,1.058366078957111212e+00,1.654297581212345936e+00,2.173845950764700385e-01,2.129996607940549680e-01
4.182023224695270436e+00,5.191298512534963105e-01,9.718604976111000493e-01,3.667703784659905875e-01,2.241277346437539272e-02,1.575202119208715668e-02
3.706638450111142902e+00,2.306673532746395416e+00,1.210914306514034866e+00,1.557227799843183158e+00,1.801882589891792563e-01,1.468599704904731684e-01
2.849981710568285642e+00,2.860608011972994635e+00,1.709545180354101745e+00,1.916776063665928120e+00,4.159286951203446936e-01,4.084970802880984464e-01
2.004708952867555460e+00,1.887379754114621555e+00,1.262741893090793432e+00,1.911906331838720163e+00,4.610702929416372053e-01,4.273387422988919049e-01
1.151259682092973025e+00,1.778206993352766441e+00,1.987986996465244127e+00,5.651450663768069482e-01,9.423620407350116190e-01,9.023774436396398979e-01
4.924189611900214203e+00,1.282255920323676746e+00,1.787705387035351867e+00,7.898478306962739559e-01,5.331660228408202640e-02,3.635344170745288123e-02
2.346713948190742638e+00,1.565534631305279145e+00,1.211060973906782134e+00,8.710946318148395928e-01,2.583975756913516331e-01,2.450360583173499529e-01
1.502081331292793642e+00,1.386058962001668782e+00,6.830602227086497447e-01,4.056290353801572657e-01,4.435652296204822820e-01,4.570210295343110629e-01
3.324177293392581500e+00,1.433910624028595482e+00,1.705457389585351979e+00,3.272847050284013459e-01,1.247336712577532258e-01,1.180484158127924621e-01
3.439902544151372865e+00,1.970350455278494950e+00,1.928181542424569406e+00,1.395973998480179779e+00,1.941906906749156225e-01,2.043004403047762874e-01
3.054762426383241802e+00,1.928423410160629903e+00,1.568119453838626498e+00,9.677059217907371114e-01,2.116212050041652026e-01,2.400191963223166636e-01
4.413229448341353667e+00,1.416961537175935648e+00,1.346999600077690484e+00,8.080765029413565781e-01,6.959582733564825818e-02,7.150671224467165799e-02
3.114556160537338414e+00,1.783198938580559112e+00,6.889033969778072253e-01,1.609558696636026021e+00,1.756241534496281176e-01,1.827329822706088291e-01
2.033073160563751092e+00,2.595573182550277913e+00,6.363677321436846945e-01,1.303526037961347361e+00,5.311143629687264944e-01,5.167793357474851357e-01
6.469350562788701575e-01,1.411701156267997526e+00,7.044132634158294382e-01,1.552351383349722891e+00,1.786972705157120256e+00,1.802912478091642123e+00
7.792982588854369119e-01,2.707908644929068576e+00,7.965977102563093215e-01,1.420052374060361888e+00,2.809369857708629237e+00,2.810039278315414446e+00
2.570169176514185416e+00,6.308052373354919862e-01,1.459357638221632225e+00,1.051301351344803070e+00,9.321520997085619431e-02,9.402205916246590689e-02
1.453241875260034899e+00,1.782996794131243901e+00,1.750025190191344393e+00,1.050099198616788687e+00,6.941423205788478379e-01,6.710686512358717826e-01
8.896406879342146912e-01,1.742339006364890697e+00,5.552982541796972482e-01,1.024603925154231598e+00,1.277692989846596738e+00,1.258457404495280096e+00
4.188382071773873783e+00,1.240028698555262654e+00,1.362201292201938196e+00,1.371602714534755796e+00,7.588658626731173418e-02,6.190724741565364897e-02
2.380480580402217328e+00,2.160186336471613622e+00,8.688923159110275574e-01,1.765995869602197788e+00,3.625774579392046504e-01,3.641477304678518156e-01
3.696784130969592574e+00,1.226145507660114653e+00,1.930882840205763840e+00,8.590547816304929807e-01,9.668442013270497903e-02,1.179979925115414857e-01
4.286651348855799348e+00,1.553659704762572646e+00,1.259891899443487340e+00,1.770732303127234619e+00,9.434187325978382610e-02,6.352114784156380478e-02
4.594808237040265420e-01,2.895479428812980149e+00,6.217362315580108323e-01,1.407414808531655126e+00,7.893754293730935068e+00,7.885916792700272460e+00
4.790077046406149286e+00,1.900764954106767046e+00,1.246829342134763152e+00,1.801686613014090943e+00,9.151866457304766445e-02,8.479732037760165375e-02
2.859584604538621289e+00,9.444990103296762030e-01,1.414024358364364575e+00,4.306284349766147379e-01,1.076634992853053863e-01,1.527006414313521743e-01
1.783293990793868300e+00,1.377380141532113189e+00,1.103143414940841449e+00,1.827516389278897924e+00,3.895214454987763752e-01,3.849813024532915962e-01
2.532841577680406964e+00,7.329412641412000884e-01,1.751694241229220239e+00,2.330776076509479822e-01,1.041018687149470323e-01,9.281069459123812704e-02
1.272116356347172905e+00,1.995829010803107151e+00,1.573191925303394578e+00,9.045328674810086955e-01,9.235432926569491219e-01,9.379030470757228066e-01
1.794824090363865476e+00,6.426385721611278523e-01,1.567888680218399777e+00,1.373798341424787850e+00,1.807371550490131373e-01,1.579822567746952122e-01
3.126048684773845565e+00,2.258001123688393008e+00,1.269843050371493476e+00,8.661256817693718801e-02,2.028574567121413097e-01,2.131245354856410312e-01
1.128520579993065098e+00,2.447053457385810482e+00,1.956319181292243581e+00,1.394295413145184792e+00,1.504967300392699547e+00,1.470885883873720879e+00
2.361727904169293790e+00,1.107259586734600454e+00,6.146456059646847603e-01,5.758551607213433510e-01,1.680113162694255036e-01,2.079185945267464919e-01
1.560665247746313655e+00,2.124988101466198653e+00,1.575418033276476892e+00,4.547819194625344341e-01,6.746025885891577811e-01,6.731163299869611372e-01
3.941586506093703424e+00,2.726216922833597955e+00,1.187717643844033333e+00,9.694622868981790376e-01,1.718261079077376685e-01,1.626833221552025088e-01
1.352152999150415535e+00,1.246215720437939156e+00,1.334627728041960282e+00,1.718552107258426886e+00,5.544800097412366791e-01,5.275992094719246239e-01
3.701345888767280545e+00,2.535238956660363030e+00,1.828404676653743621e+00,8.635580847171375751e-02,1.710214134529045582e-01,1.674072538330620974e-01
2.635490428375881211e-01,1.988006603663416083e+00,9.885799943034698778e-01,4.346388117093769043e-01,9.909714796235316925e+00,9.910788385266712908e+00
2.304876354880122769e+00,2.429108274312715032e+00,5.107274590261832170e-01,1.626583329459235117e+00,4.014078041058203317e-01,3.862041606229331681e-01
2.472794124519448022e+00,7.882218337742609160e-01,7.452136589561049185e-01,1.306825024637150001e+00,1.160680802620430718e-01,1.393364477584190242e-01
2.149610941007542575e+00,9.063049762182208147e-01,1.652753611625763952e+00,1.340400441715642321e+00,1.925392174856603023e-01,1.853839831110359604e-01
2.690733009912129159e+00,6.215389804255706530e-01,1.660061560756343813e+00,7.413615722486253112e-01,8.357588590760167691e-02,8.487617179132993239e-02
4.257104436807447989e+00,2.625136467339214796e+00,6.042054871140007943e-01,1.888211381723450044e+00,1.338817306478836122e-01,1.390068457838510296e-01
2.710139665954334642e+00,2.384155368758087423e+00,8.593831533246373278e-01,1.883311413178321736e+00,3.225309621017882211e-01,3.491875760972346088e-01
4.122300098633231435e+00,2.927879750310204976e+00,1.538266568213060959e+00,8.427492912648837375e-01,1.751113551035123339e-01,1.669177584646499846e-01
3.702400803537422735e+00,1.134729831358638252e+00,1.111931415192197736e+00,1.498605935370100006e+00,8.630714106300757527e-02,8.717325228141410698e-02
1.141270598578171924e+00,1.861188480719917493e+00,1.314139499342089845e+00,1.691170822598276668e+00,1.085086957281846010e+00,1.090439598987396952e+00
1.632014610047104242e+00,2.017808239394318193e+00,9.558185029817535261e-01,5.077811368523446056e-01,5.738071355274798613e-01,5.855660529392250346e-01
9.569863728554905968e-01,1.908037967015022485e+00,1.772653818861508856e+00,6.370413683924813775e-01,1.329144073100940293e+00,1.291931811090720528e+00
3.938273672350873333e+00,2.662588278415999543e+00,1.802106609334416243e+00,3.829140576601541834e-01,1.670381126600392063e-01,1.895627071539746633e-01
6.622710735599439680e-01,2.348701533950605658e+00,6.821299003083276524e-01,1.199208673572460526e-02,2.583643813532703337e+00,2.580731078522207067e+00
4.310894570355802813e+00,5.906368310156646650e-01,1.936970644535993546e+00,5.296692262793050165e-01,3.200491391594274121e-02,1.709909913885654387e-02
2.863716081890217868e+00,1.695878042856588053e+00,1.442588615740802993e+00,7.109259260676137337e-01,1.996184410823078348e-01,1.985623807549870279e-01
2.268017395798817670e+00,2.148917884162916625e+00,1.504946284833730274e+00,1.121204643996899453e+00,4.015845774630339982e-01,3.626985220106370700e-01
2.901758684261257493e+00,1.302766630549777371e+00,1.305054357614009453e+00,4.926047992549162924e-01,1.440714990611676738e-01,1.282894257903590962e-01
2.781255883654465855e+00,2.313988759781695048e+00,1.675936044973783456e+00,1.893144340967080064e+00,3.471624991357604162e-01,3.505063076274529954e-01
3.173982272734047871e+00,2.544519570849266277e+00,7.732900040486788695e-01,8.183775498794523262e-01,2.262164093347644456e-01,2.530035781097457193e-01
2.804169639733490538e+00,7.144830309610044061e-01,5.996150930136745494e-01,1.310185266567792883e+00,8.207423299403354688e-02,8.003673559768738344e-02
1.668916399587694555e+00,1.491390333196399132e+00,9.699842972030101595e-01,3.754958517367492643e-01,4.059796621385141080e-01,4.135247724788947976e-01
4.513353859553089542e+00,2.230951635386123844e+00,1.245687814931524029e+00,1.334665936417238852e+00,1.129716779523125825e-01,1.067196755320941742e-01
3.160712747098241682e+00,1.854502103697976967e+00,5.580372622501347246e-01,1.701739578868990188e+00,1.730272973737563280e-01,1.899096451462680690e-01
4.978116447747360063e+00,2.462407188543616954e+00,1.890493184950201133e+00,1.615036985788897983e+00,1.208461079830799312e-01,1.125069035118057004e-01
8.267190484050619403e-01,1.176699991994767380e+00,1.434481835369630698e+00,1.142372530964860244e+00,1.023001985963653659e+00,1.031876481573354098e+00
4.718670463218985311e+00,5.356362512449348579e-01,1.705990871032198708e+00,4.353464766139354403e-01,2.200977436408241630e-02,1.497594810261076645e-02
3.203776677370875792e+00,2.429634986107946482e+00,1.694817750234635989e+00,5.986972100393430640e-01,2.358760943048200942e-01,2.161865372514411576e-01
3.458801210769073098e+00,1.495896344078979423e+00,1.680439327489950951e+00,8.823408511407238031e-02,1.146756971274076053e-01,9.448176197545102295e-02
4.717826900677013491e+00,2.862230756915360441e+00,1.064938269121104009e+00,6.102236332953756559e-01,1.015090711596288719e-01,8.828737728742439006e-02
4.998261999071790251e-01,5.358583406241202995e-01,1.722799805786973781e+00,4.526802944429708653e-02,8.086114726468797143e-01,8.315132048932527553e-01
1.107341255052176843e+00,1.557742616552471482e+00,1.984137940463563066e+00,1.463072706711707527e+00,9.713661731311128422e-01,1.034936018495334675e+00
2.939230070043110654e+00,1.687735976493819567e+00,1.491769580115969829e+00,1.029480317877090823e+00,1.981473524792767837e-01,1.938356212693190250e-01
1.629757886127255695e+00,1.507781556669576029e+00,1.294205837563512151e+00,1.264709692136743335e+00,4.758552251734482486e-01,4.608173103014645000e-01
2.789114648957548570e-01,1.034972386105384556e+00,1.002864075942469402e+00,1.157336918061923070e+00,4.106026728493792355e+00,4.116409878523517918e+00
1.597994295399431053e+00,1.347137938460514217e+00,1.375109783225802573e+00,1.575217711767937567e+00,4.591121939788518347e-01,4.686421024362225074e-01
3.514987961810399852e+00,7.517660958660900006e-01,1.415571446594911187e+00,1.375422334376037448e+00,6.558872130138634904e-02,5.473891412122623007e-02
3.475878822325946693e+00,1.398931552920889221e+00,1.029514594843679465e+00,1.039922402827645254e+00,1.120261662459527963e-01,1.502397111827549203e-01
3.168671263883480194e-01,1.344124813334893531e+00,9.004505537901728029e-01,1.460391655520937304e+00,4.895472421831772891e+00,4.912798154185425759e+00
1.752210635690819585e+00,2.241076392866085065e+00,1.683083122974185830e+00,1.782923822352900256e+00,7.146315963318266018e-01,7.333408018369326209e-01
4.314030200306721241e+00,8.040238304327245178e-01,1.173679056361634387e+00,1.476887316545749451e+00,4.516647561248215287e-02,4.631374743813294198e-02
3.333187570241125997e+00,2.781737786537157309e+00,6.123679433534263694e-01,1.173703521635160341e+00,2.228117217038848574e-01,2.252984456379076295e-01
3.172066242187731699e+00,1.009207145467265310e+00,1.429146102791257089e+00,1.243041780083993242e-01,9.050875664765990758e-02,1.098905443942135296e-01
4.874111559061088172e+00,1.442356569870755667e+00,1.279541649495150368e+00,6.113447852091491441e-02,3.843101773440001784e-02,1.046538611698259735e-02
1.777648438295766908e+00,2.732755107154865470e+00,1.164921228224030214e+00,6.314354422747032736e-01,6.988087574499879384e-01,6.826027762234581076e-01
5.995443333623988735e-01,2.934027389642945849e+00,6.077169013794978536e-01,3.430372616857635393e-03,3.976686245586692703e+00,3.978395605267749602e+00
3.176132413286831380e+00,2.928019564503819616e+00,1.702948021609535623e+00,1.238316791513034643e+00,3.171533125699481093e-01,2.877901712522088484e-01
3.272640974596109142e+00,2.346445194755465646e+00,1.223838769998341736e+00,1.212132040220001983e+00,2.232144478460550696e-01,2.560685764885422544e-01
2.830836461596461184e+00,2.424794002695533912e+00,6.880274913862238773e-01,1.864864385164372917e+00,2.921038771454198546e-01,2.796016102568159023e-01
4.781127650954075214e+00,1.460844737866216825e+00,1.319452954702257097e+00,3.704498983640163168e-01,5.042409255959722642e-02,4.180711760545893080e-02
3.466335450207747026e+00,2.388674564089786401e+00,1.405696326231431925e+00,1.826734116752574577e+00,2.280446021952628466e-01,2.345193862955589348e-01
5.254494744347779633e-01,7.751425369028657197e-01,1.217534448020039850e+00,6.169464221012335159e-01,1.158510495355739689e+00,1.188685472222493544e+00
3.308670378733525208e+00,2.054804313450411257e+00,1.884771250525317576e+00,8.471628728160449651e-01,1.987262669040338880e-01,1.978627622057407831e-01
5.191386781121225535e-01,1.028430492996607715e+00,8.133088456339268024e-01,4.293398315380021479e-01,1.546769039489335862e+00,1.531399888163721412e+00
2.938074425572696047e+00,1.528651357529866139e+00,1.076107904623303746e+00,1.220343320619610150e+00,1.733394327216575825e-01,1.546564100827801935e-01
2.612796447098826302e+00,7.846537404506734870e-01,1.237990236292081825e+00,1.809773728046090158e+00,1.195388444621777041e-01,1.241909768246686058e-01
2.138590361625189173e-01,5.664329865028834288e-01,8.509370945239151940e-01,7.760529330226422218e-01,2.855921869390944057e+00,2.844320460843819287e+00
1.143284318401605271e+00,8.887594587256668621e-01,8.658636244045898600e-01,5.284839180557929783e-01,4.222165235429990449e-01,4.697123105659192221e-01
2.209010961263945472e+00,1.602482988394610564e+00,1.054525267449744064e+00,1.011104223547181213e+00,2.914272349412677654e-01,3.166104950658217287e-01
1.732969069482191316e+00,2.407462317530113083e+00,6.840116968583624946e-01,1.362518466752441704e+00,6.459509307623416685e-01,5.825709207063606287e-01
8.380242602700467280e-01,1.092360732055605688e+00,1.333975529506525648e+00,8.766796800300036274e-02,8.125357537674700037e-01,7.939402987922925536e-01
3.160802391446683846e+00,7.918063496462317552e-01,7.809024129423092209e-01,5.148167689999909591e-01,6.764336556561888203e-02,7.470828075640983945e-02
4.727545845096242871e+00,6.762467529863600557e-01,1.708654752117264586e+00,3.070611639264306802e-01,2.649946619382087531e-02,7.279590363530877295e-02
3.877005646145649242e-01,1.634115770596338724e+00,1.761014688930006011e+00,8.249702492134407539e-01,4.133497441168596964e+00,4.093109394624865338e+00
3.899082048119451027e+00,1.503563080545728070e+00,5.416622956429428815e-01,1.661746147871528745e+00,8.778323991078175459e-02,7.892402796825849498e-02
1.894427307523640636e+00,1.757613086886751219e+00,7.765573452384799680e-01,9.388869778231985208e-01,3.983027994849137610e-01,4.224064197658883302e-01
1.503665332390228038e+00,1.890364363777129908e+00,1.330591349800912093e+00,6.472612820450072135e-01,6.352655954426010831e-01,6.213954283935877454e-01
4.010301595274322395e+00,1.206452358525857527e+00,9.416442191691378749e-01,1.553407063718596381e+00,7.558760419640775385e-02,7.701558745435799214e-02
4.672119363017991134e+00,1.134473604555099602e+00,8.475215807490359410e-01,1.027313795475774949e-01,2.535613324784666625e-02,1.534636195951138808e-02
4.911691697183012906e+00,2.940229184080557445e+00,1.567940174788385876e+00,9.079308764091120754e-01,1.210117726491447554e-01,1.344429657767751696e-01
4.679112578118102661e+00,5.865825585294579536e-01,6.921122292061250292e-01,5.389920712630624777e-01,1.536732288653364087e-02,-6.617149828357864194e-03
7.979581731142804113e-01,2.095842803656466913e+00,1.165904580354267361e+00,3.160203607045253271e-01,1.778545316761359851e+00,1.779004825238536647e+00
2.542107588236236504e-01,9.830671187811033107e-01,9.938663469198072420e-01,1.946144469678356748e+00,4.574707115635339605e+00,4.545604617158319094e+00
3.788289298930304749e+00,2.313357651050641728e+00,6.359212733395176453e-01,1.687692029738162569e+00,1.515989848954035213e-01,1.711409666927443674e-01
3.867473115785855509e+00,1.533019142791693268e+00,1.047695037425034226e+00,1.776825028418908214e+00,1.093811666529783400e-01,1.214867588689616806e-01
9.152053706526399601e-01,2.461226770751599791e+00,6.241191391189356841e-01,1.074828510979246365e+00,1.818481022163297434e+00,1.817752434306167730e+00
2.948967115943188944e+00,2.919350716327488104e+00,6.315716963557781449e-01,1.539771527399468765e+00,3.140561047963388308e-01,3.147958062079428410e-01
3.291647043003262940e+00,1.442145377308921672e+00,8.238037474142368977e-01,1.268028721185026964e+00,1.269521599489433494e-01,1.274996130666351257e-01
2.035747565601620401e+00,1.528508085731904886e+00,1.103898194053697379e+00,1.236424998895740535e+00,3.270021194925226693e-01,3.196154130373257130e-01
1.011571358340795701e+00,2.711820003504186172e+00,1.137437521826253572e+00,5.389011645432648656e-01,1.673513752705110491e+00,1.676653949891225404e+00
1.831519834657846957e+00,2.392801474170925147e+00,1.469494863102356108e+00,1.868259477963736037e+00,7.003857704532939765e-01,7.077232193494029655e-01
1.551758858860537771e+00,2.917180384743052191e+00,5.340995839577307169e-01,1.239134280823154022e+00,9.227077014986965198e-01,9.213316644348276130e-01
2.368597809085404293e-01,1.580396053394606870e+00,1.612855453551072848e+00,1.051201931533521927e+00,8.088815625020261635e+00,8.076924649210022622e+00
1.523418684670061696e+00,2.657117494346651121e+00,8.791558001014438961e-01,1.925545983250682269e+00,9.702261918871919466e-01,9.620950356683075633e-01
1.393452417086877837e+00,2.943026281687928680e+00,1.334812177149052870e+00,1.058117282870539411e+00,1.197706559981722041e+00,1.188536142291520825e+00
3.443063128850617716e+00,1.955723468457719161e+00,1.272843920685798658e+00,1.120520567026671799e+00,1.681391315634491734e-01,1.772225911803111120e-01
3.259387985559178080e+00,7.932581978824775337e-01,1.953428117724249402e+00,8.809697704518959505e-01,7.971811416027252406e-02,8.280803471334070853e-02
3.442999040022409307e+00,1.159369803759062734e+00,1.914528199331433367e+00,7.377890285468957643e-02,9.192568921236986268e-02,1.313853357838933589e-01
1.606310109481903892e+00,1.736617484166617986e+00,1.993518896475394486e+00,1.329766839074675966e+00,6.150570574469301777e-01,6.115923030090354429e-01
3.053954155311708885e+00,1.623530398070401670e+00,8.436870466277230918e-01,1.390895829289769292e+00,1.678304152792661763e-01,1.693392265000637220e-01
7.781071676141713134e-01,1.749511778677435681e+00,1.805118588651745348e+00,6.227857691761626846e-01,1.641515229583230040e+00,1.628930560267528582e+00
3.869757184580108866e+00,2.192507812319825611e+00,8.566302786284029080e-01,7.630184869606124742e-01,1.259550970924884217e-01,1.279790638795764157e-01
4.711725552347379775e+00,1.183634121099387482e+00,9.246087036929155900e-01,3.497522674154924793e-01,3.374429716108323651e-02,2.485084433937802956e-02
3.872412519472887116e+00,1.729120342578229552e+00,8.561733277888734506e-01,1.071650946767143120e+00,1.058368403915514316e-01,8.865395620054659920e-02
3.710583531912640787e+00,5.217640081007839381e-01,1.931871207439507465e+00,6.843133094720033061e-01,3.966025557902476406e-02,4.289138789819250258e-02
2.944500585927247727e+00,2.321941825360467337e+00,6.718834018603803138e-01,1.915152104655955645e+00,2.602835776183244909e-01,2.921092803667796334e-01
3.860182644257053930e+00,1.962940267337910161e+00,1.425404318857073749e+00,1.986253743535046246e+00,1.566413254582530168e-01,1.393336974493590841e-01
2.427868923734560536e+00,9.967134378726795196e-01,5.570176611024868496e-01,2.486484798084465098e-02,1.293968758319705703e-01,1.163696382136866492e-01
1.436360492222993557e+00,2.564608397593294065e+00,8.423728411274307160e-01,1.891572981637010820e-01,8.838975525155348123e-01,8.831043910657006002e-01
3.937548158773680029e+00,1.866715476624200898e+00,1.645696047863389078e+00,1.469794215881468524e+00,1.380424426679381367e-01,1.431099757267669803e-01
2.681628657643275737e+00,2.048995520452335128e+00,1.852722584484991497e+00,8.244247886354778565e-01,2.871469473064742206e-01,3.131474387158776906e-01
4.640778074632931904e+00,1.159847443163011915e+00,1.287663023215414260e+00,4.341247205420677435e-01,4.416294955853000692e-02,3.119366409963275633e-02
3.016193998096652784e+00,2.072948396525982062e+00,1.548926578864620041e+00,8.763521661884918768e-01,2.295706354806715255e-01,2.267545870775119765e-01
2.763173758402769575e+00,8.103242809190387419e-01,6.078507799500447728e-01,1.922586164647672957e+00,9.991233046164427201e-02,8.394201652519045487e-02
3.862592154624279184e-01,1.426278936583695423e+00,1.809884756410386597e+00,5.063955315559767190e-01,3.458622718223609116e+00,3.441019270464335644e+00
1.261474564616518634e+00,1.129898787414015171e+00,6.926702254664696135e-01,1.505770894764614898e+00,4.944700887405669709e-01,4.848801559233225089e-01
3.649574714495678496e+00,2.904180266750332251e+00,8.800295392073572698e-01,5.564210289221473982e-01,1.845958815484313731e-01,1.621170563173396084e-01
2.306628707674998502e+00,2.701117137586248163e+00,9.915015913500688782e-01,7.986469926824883991e-01,4.486841025290330132e-01,4.574194083620284346e-01
4.643387108545200093e+00,2.208200974375815751e+00,9.609971922632170038e-01,1.421823515150674178e+00,9.812775278533822365e-02,1.189313301840462522e-01
3.152896923893336201e+00,9.549759805847281013e-01,1.369125569837105649e+00,1.271687509833268059e+00,9.992528840212377972e-02,8.931805894191756356e-02
1.466795681397181195e+00,8.895883587534467729e-01,6.664296878278410663e-01,8.097032784293041185e-01,2.934535657115430185e-01,2.790864028549182030e-01
1.376448742643684886e+00,1.272288475299266253e+00,5.526248225634446953e-01,7.367079850220981108e-02,4.799272706955083345e-01,5.060473847453289542e-01
1.599349403822414306e+00,1.022179312541675600e+00,1.861628464259228899e+00,2.640915570919510902e-01,3.084567015310349936e-01,3.037849650918083011e-01
1.242089296613852367e+00,1.052345666297744620e+00,1.671949379572625904e+00,2.509046360262876529e-01,4.589580191414347476e-01,4.882662259324039855e-01
2.751739638603543980e+00,1.817116388222877355e+00,1.175102364226116247e+00,9.047596387450296263e-02,2.100283330318563624e-01,1.517113894969712995e-01
6.061126952920039557e-01,2.012935171388805067e+00,5.283581131409306186e-01,4.372220719961408264e-01,2.649355800468951916e+00,2.645598716203101830e+00
2.976364024929289975e+00,1.886135702010528048e+00,1.719564088404048174e+00,7.576538303616087155e-02,1.964335732001881718e-01,1.756176076741540470e-01
2.259047128660431447e+00,2.552629699735265767e+00,1.910218131226063099e+00,1.875436522368955750e+00,5.630463547566793014e-01,5.518974576956164890e-01
4.418404712662117539e+00,1.442984156850657840e+00,8.245469989026128488e-01,1.327400075055572559e+00,6.720064767460069699e-02,8.284363256639308559e-02
4.475585022696464854e+00,6.089937279987679419e-01,1.724715786548371987e+00,4.036579374156759048e-01,2.832773814842875354e-02,4.946224104949548117e-02
1.626331494098153252e+00,1.039463096041294943e+00,1.924428115045360155e+00,1.134092207801087104e+00,3.461695658768952910e-01,3.421915893070283099e-01
1.115843205205982569e+00,1.173803342719691223e+00,1.924464568554145494e+00,1.542510205835114556e+00,7.192106108724000135e-01,7.374288210457242698e-01
2.225519722637645970e+00,6.693329489325201553e-01,8.639000270522867453e-01,1.066716632186955449e+00,1.175436224707860772e-01,9.462097080318490616e-02
2.630375238677134409e+00,6.346501167891756001e-01,1.412923940014629398e+00,1.137109352856456423e+00,9.052172579730571877e-02,9.542609202423046888e-02
3.612695961171169312e+00,6.499154525374670754e-01,1.785149624525959045e+00,9.663746289350882979e-01,5.347457669128131974e-02,4.985564999992126572e-02
4.859480387445168859e+00,7.765008309427030575e-01,7.396721007833123585e-01,1.528146544430643239e+00,2.845604913549001566e-02,-6.090365612170595827e-03
4.495906729728598172e+00,1.756859067527021701e+00,6.313555178475180885e-01,4.498328944693050779e-01,4.608988057575356262e-02,6.360302275345647294e-02
2.105118887574576991e+00,1.590402067335973779e+00,7.692944833896866452e-01,1.050369294171668910e+00,3.047427655558910820e-01,2.907710208321927503e-01
2.835585987626338511e+00,2.667302937177660649e+00,1.889656949246806938e+00,6.811710573943263736e-01,3.337862452548924219e-01,3.419157922733635502e-01
2.989470456864092629e+00,2.351897186034347165e+00,1.159230806113828782e+00,1.841309214352053747e+00,2.819711405848214225e-01,2.661442681390170928e-01
4.419716449607926201e+00,1.389073935220349387e+00,9.927202642452019887e-01,5.250291170835863497e-02,4.226806940110517524e-02,4.526018752910082599e-02
7.066820258407904287e-01,7.697103668563816115e-01,9.283168436339703788e-01,1.424372125506653042e+00,8.034040582234938110e-01,8.151686415301661048e-01
4.115509080298747513e+00,1.928907692356528258e+00,1.191312052790499010e+00,1.566207235501542172e-01,8.797374688967800338e-02,8.742235656687161183e-02
1.460394080431369757e+00,2.905005508396985014e+00,1.787882413886030086e+00,8.234332532246460001e-01,1.110243872359322870e+00,1.100210199446946868e+00
7.160005156853890274e-01,1.417730948922816703e+00,5.785336942695296081e-01,1.386785860442623752e+00,1.494864586325846512e+00,1.506491244672786944e+00
4.904759297123384876e+00,2.910902591685111229e+00,1.242534357237271569e+00,1.489731740048979791e+00,1.257777818552779370e-01,1.295463678958078124e-01
1.867032173476959267e+00,1.635850446586721851e+00,1.605783760692590212e+00,1.713410695766894420e+00,4.590482675126066336e-01,4.501935955775003273e-01
3.789659186400988311e+00,1.141634322330652651e+00,1.036301316404457218e+00,1.386218885841524306e+00,8.040191179189333515e-02,8.083878570749479520e-02
1.944423152856531889e+00,2.061342398651666574e+00,1.229753823121206402e+00,9.184473095069543014e-01,4.692820796295370522e-01,4.672243541177598103e-01
1.595252559222010147e+00,2.603133709052764200e+00,1.343502960911239219e+00,5.776595922289702312e-01,7.984234484287455746e-01,7.912000245645648411e-01
2.807941113049152282e+00,7.539658325216822554e-01,1.372074030680280332e+00,7.739075436609474945e-01,9.168264553209416745e-02,1.093163609996489760e-01
1.318144202914014462e+00,2.783172185726050518e+00,9.826630750129925485e-01,1.526466344494790572e+00,1.255238306976458329e+00,1.289616194778824720e+00
1.373235919004534678e+00,1.485217798178435800e+00,1.076144360799522470e+00,1.069361060271415864e+00,5.825302187168174273e-01,5.719392926839583779e-01
4.441380623022789242e-01,1.485892743294607410e+00,1.615715867003807649e+00,1.022961679378184607e+00,3.128275262090756126e+00,3.125546640001937160e+00
3.630145088452163993e+00,2.238401164495837925e+00,1.134499460365783641e+00,5.420713718304832618e-01,1.544802281485540274e-01,1.353325430695613285e-01
4.622507372189548214e+00,2.555753203739307367e+00,1.185078983107552775e+00,1.512275894201375870e-01,8.168614640495397428e-02,5.472270344470635262e-02
2.237078583968806211e-01,7.778945255717848450e-01,1.086001813833527674e+00,6.163263513137313687e-01,3.782057290034357422e+00,3.804399432613385645e+00
1.584047868600491960e+00,1.577363251487049478e+00,1.117658851746554438e+00,4.431177571678472926e-01,4.698075765798710446e-01,4.560583230523524989e-01
4.375078832882359769e+00,2.339008322498556947e+00,1.024045827165593892e+00,1.124748627854577077e-01,7.884198179405202400e-02,8.530636073495011240e-02
3.084613321445731415e+00,1.631206335691583131e+00,8.775941923434916747e-01,1.303336852558703018e-01,1.391690003297736122e-01,1.117531789605261394e-01
8.171473504615880401e-01,2.938635209566124562e+00,6.015858049865951962e-01,1.507636048538203433e-01,2.429914360489568992e+00,2.416821602654253276e+00
1.353897676027872254e+00,2.113520525996002597e+00,6.834449495085347381e-01,1.866005791217490772e+00,8.848390279632902811e-01,8.939806845184934403e-01
1.195748489758585054e+00,8.607535363208345114e-01,1.467240643036509917e+00,5.019634572018563112e-01,4.014613802704522505e-01,4.106320108837356320e-01
3.624683898588498820e-01,7.681912553592352699e-01,5.270013311859368388e-01,6.263936027688554731e-02,1.834068261394137922e+00,1.838430157775569063e+00
8.172602303297249460e-01,1.572903745901209849e+00,1.822405609461294596e+00,8.484892800187306960e-01,1.404149128888631193e+00,1.411991901729557686e+00
8.100332206165243853e-01,1.921572027629686374e+00,1.399768102875853959e+00,6.080110713015953738e-01,1.669272753821524624e+00,1.673294423445672807e+00
2.618228684968085140e+00,1.618724042266373342e+00,1.698790733300173716e+00,9.240979049489617125e-04,2.117507030737524887e-01,2.314825887037757768e-01
3.887586800123225217e+00,2.613641237051821165e+00,8.276613119836916388e-01,8.263155047491765881e-01,1.490353963881968224e-01,1.826777099651958614e-01
2.691712976569314186e+00,2.030605783823885346e+00,1.571318849454232724e+00,4.327904024567819086e-01,2.620903388980156956e-01,2.730398028798282639e-01
3.349950066086452960e+00,2.827892535476826730e+00,6.423488893466271499e-01,9.838924810628868478e-02,1.640407877860706742e-01,1.614834991733725411e-01
4.441825226870059318e+00,2.809858529560369966e+00,1.918094212268163457e+00,1.502867009451620772e+00,1.719489332389133041e-01,1.510770921914842690e-01
3.947957921951322113e+00,1.839209857726021413e+00,1.766013421194372546e+00,1.851316646646447017e+00,1.464760691283695515e-01,1.364280889361846882e-01
6.788447493307130376e-01,1.482571208729872358e+00,1.000565181914595758e+00,7.434823579921747694e-01,1.627621980583443539e+00,1.620817718550429554e+00
3.288892868118402646e-01,9.518288246417281329e-01,1.472737819127156511e+00,6.922644124862789017e-01,2.775891108100259075e+00,2.804351225121219038e+00
4.663278397653438212e+00,2.256122735166200322e+00,1.709755891589215260e+00,1.815284813532328068e+00,1.271936775416689369e-01,9.591298382081953067e-02
1.451738946188338986e+00,2.072204289306862179e+00,1.263771960712805287e+00,4.851842876866687693e-01,7.202513738202050986e-01,7.039851651768419538e-01
4.343590819432964878e+00,1.823696167070884444e+00,8.488387756708288823e-01,9.218983652237522364e-02,5.345056222488376446e-02,3.249728414824208655e-02
1.037573168608021845e+00,2.785634243195194593e+00,1.348570917986962936e+00,1.999079247646811108e+00,2.009813783060552694e+00,2.026774497645303263e+00
4.420785181803297270e+00,1.506334305221728620e+00,8.390097901269406577e-01,8.976499281904046779e-01,6.312917455932111344e-02,4.885339733872594292e-02
2.313528051113796113e+00,1.752742583056470682e+00,1.430941436619721951e+00,1.984849364352750500e+00,3.494833747276878677e-01,3.123931316089078036e-01
3.387804565618965924e-01,1.791857029930335576e+00,1.775523636664653182e+00,1.476901087634505894e+00,5.766624963257698688e+00,5.725136507743086689e+00
4.947352317773783703e+00,1.291223605585098522e+00,9.362469486602730262e-01,1.386271530049251854e+00,4.821098701285543575e-02,5.392810715682973266e-02
7.609832894464823028e-01,1.606988964638401907e+00,1.565183922219514301e+00,1.538468185736349136e+00,1.680590301908014617e+00,1.647464236767231194e+00
3.134806818735773604e-01,1.601594192663902794e+00,6.884071785311229874e-01,8.661059053862796286e-01,6.277610970598586526e+00,6.299094728546425159e+00
4.044139650762135219e+00,1.881073293675539215e+00,5.155858890288271823e-01,1.525315614998612679e+00,9.595502382758058779e-02,1.166723432591397630e-01
1.765359664190920386e+00,1.609534992785270457e+00,1.215181265139070543e+00,1.521339039173201346e+00,4.564969326719626186e-01,4.332543820955310210e-01
3.521260160658892246e-01,1.357081530727765939e+00,1.908503329532239556e+00,5.704599004757797687e-01,3.719101579765161425e+00,3.711713407127312792e+00
2.582651238202807176e-01,9.937277534997099870e-01,1.899365075349000787e+00,7.147779112943470903e-01,3.960012349536403686e+00,3.959806209496667506e+00
2.154029804445174445e+00,2.642840538729943844e+00,7.148606754086034298e-01,1.017300433174175733e+00,4.872724412698381524e-01,4.567399858552161351e-01
7.058040997752754730e-01,1.789695766865277982e+00,8.084837760849106214e-01,9.230498069496750890e-01,1.916282808746844424e+00,1.890897758839783283e+00
1.890413080055694195e+00,2.644922037877938781e+00,1.152307449456659194e+00,8.135640984831491451e-01,6.216236873194558310e-01,6.082131343024917980e-01
3.495209478821128091e+00,2.873043163846220605e+00,1.659188748456075890e+00,1.841742456869289724e+00,2.832873402855018985e-01,2.817722996643914346e-01
4.764651044254046397e+00,1.233984960679697762e+00,1.771391722665890622e+00,1.625397373283261615e-01,4.544177054665807236e-02,5.012293694940291033e-02
1.608730327883324929e+00,1.999783113000808132e+00,1.818433681532520607e+00,5.513154989128647987e-01,6.250485583928333533e-01,5.866707144758712689e-01
2.962628188371444260e+00,2.868416996797815699e+00,7.512915434051774533e-01,1.352641428669754120e+00,3.084287088007634514e-01,3.123751607987627632e-01
3.579610602199869707e+00,1.009396470967843129e+00,9.683167723997192500e-01,1.270748055350633177e+00,7.746430850776483967e-02,7.429504010668726288e-02
4.012711996635089484e+00,1.158452245698231575e+00,1.826421002953798389e+00,6.386737046729291656e-01,7.365808927540727635e-02,6.747683127545234250e-02
2.569385592699379384e+00,1.916462168325092419e+00,8.132672205634959850e-01,1.883517575808663524e+00,2.813106147258527256e-01,2.712005686142445193e-01
3.997562915289575969e+00,7.390067223315117673e-01,1.155403875692012639e+00,1.252485789727016519e+00,4.690133074968456939e-02,6.654983513295341380e-02
2.416423232475925609e+00,7.382547601486459943e-01,1.123797663349725084e+00,3.378765577812348209e-01,1.103248280522652613e-01,1.406529562560378810e-01
3.767402927318684647e+00,7.908318782724641505e-01,1.769494224377307523e+00,1.163913688013243908e+00,6.178912042429621221e-02,5.171690190467448378e-02
3.245451890847378618e+00,2.853827544288953799e+00,1.784542030658177625e+00,1.410759497204989943e+00,3.083193274011992724e-01,3.039840488774095406e-01
2.430044302548572954e+00,2.807073390940163726e+00,1.090552568855589266e+00,1.643881600412820942e+00,4.696566566799593723e-01,4.369793021917370845e-01
4.377807804236456768e+00,2.918084472412063590e+00,7.752972071132001597e-01,1.635186283036092147e+00,1.445546649667714956e-01,1.355608840496414225e-01
1.700469523049076948e+00,1.527524738443978736e+00,1.160836475599251960e+00,2.011067196311366878e-02,4.025480084795509117e-01,4.153590553498506255e-01
1.924716895559651197e+00,8.463445597113562480e-01,1.549645568720236843e+00,1.795377504988152850e+00,2.244871507200652816e-01,2.215358868614544785e-01
2.517193641659109637e+00,2.172921142359936386e+00,1.905582562741852781e+00,8.004040821083446833e-01,3.405834546187418432e-01,3.468037800825632400e-01
4.938801728682651881e-01,1.435801724979319349e+00,1.872681732228741236e+00,1.061738062081946099e+00,2.608729638443928245e+00,2.605647903373620622e+00
3.039935462193362525e+00,1.625699244548143740e+00,1.649631986495188496e+00,2.210062478550949283e-01,1.647784311645261179e-01,1.659036526389085497e-01
3.161812619789198808e-01,8.296841002026209555e-01,1.015985086617795519e+00,1.275750812399319534e+00,2.652858362324421737e+00,2.665386411944211442e+00
4.358409631094541048e+00,8.216157717306838970e-01,9.301237811588873861e-01,7.215681792505757031e-02,2.529674580845928111e-02,3.985391696843054721e-02
1.872767785737643242e+00,9.032076257032937150e-01,1.667912133888670434e+00,1.278879411175875003e-01,2.077595856980018474e-01,1.681367876191803556e-01
4.463300984900960167e+00,2.701016110655701130e+00,1.193845397001907171e+00,1.312731641032138130e+00,1.379440728901922264e-01,1.330032703235962677e-01
9.170276684718381421e-01,2.344139852158569681e+00,1.060952723821751098e+00,1.485771824137697816e+00,1.866946125252574529e+00,1.808217988988292335e+00
3.637991806225711944e+00,2.197656243507297269e+00,1.864191146926962306e+00,9.132663535045808523e-01,1.790635355187523703e-01,1.788482352215838012e-01
3.010464777831845851e+00,1.630668385647012997e+00,1.647218006188335693e+00,1.079317812684682076e+00,1.882370897333605075e-01,1.768812785034601376e-01
2.920666395763865442e+00,2.425185595789742354e+00,1.903492843335111706e+00,6.619431605942980301e-01,2.873248927392411112e-01,2.750654869342216702e-01
4.551415316787312371e+00,1.358472818658615244e+00,5.251109923260293133e-01,9.717483575884444669e-02,1.839226416268718509e-02,4.920686346314941118e-02
6.164364264688897421e-01,8.116565356219294092e-01,1.568896181433072634e+00,2.510929945572135669e-01,9.540792267133707538e-01,9.609091575222336035e-01
4.605165184794265620e+00,1.501461209605974068e+00,1.731240983538065992e+00,3.360675827773618174e-01,6.389043990825916952e-02,8.621840075588509122e-02
1.546385235867652197e+00,2.249353224679945917e+00,1.741083281571540908e+00,1.609657184844892619e-02,6.977762814887200626e-01,7.100576181080077154e-01
1.418359783082918213e+00,2.216665849210832206e+00,1.143555173601917829e+00,1.001523904824649591e+00,8.394088045535249565e-01,8.728983884090023571e-01
3.486513829741040293e+00,2.962786647581538979e+00,1.501154127677658545e+00,1.856587839389375993e+00,2.863233777975822125e-01,2.812413855879030145e-01
2.183305574102053281e+00,2.048471283594272663e+00,5.810191319664331777e-01,1.853440087880783738e+00,3.795572222258378203e-01,3.743353006403686289e-01
8.436587232026382388e-01,7.034598492561628946e-01,8.282105360707163744e-01,7.094532949873879613e-01,5.218550238871545455e-01,5.198906466170906127e-01
2.878564898012699658e+00,1.578957361039574181e+00,1.212557128676353013e+00,1.926723026892742219e+00,2.059833060771675273e-01,2.548293520394871448e-01
4.404642857491004371e+00,2.633234222650711054e+00,1.054662390053762389e+00,8.243045088063352122e-01,1.199606507980930936e-01,1.111477093804549010e-01
2.424395199981935756e-01,2.683312941279372144e+00,5.427051643417272198e-01,1.174278982523952353e+00,2.407040717016517206e+01,2.407086041169167601e+01
2.131683780320937416e+00,2.833322953679666245e+00,1.083029026478041779e+00,1.886840900704977786e+00,6.103130608422053793e-01,6.377331891909469030e-01
1.059945718248556101e+00,8.350413029791954322e-01,6.021030488791015989e-01,1.324750420105828663e+00,4.569702994338090685e-01,4.753773132995699480e-01
3.601448969104092068e+00,2.213001808822562033e+00,1.251654879719765967e+00,1.225664295146785765e+00,1.762310114113763704e-01,1.662731055955749271e-01
3.978095171739087998e+00,1.975028477939623883e+00,1.061534248982958673e+00,1.366844110470277096e+00,1.263035344834270712e-01,1.611516864990389375e-01
8.796924647932591323e-01,1.188866164842561135e+00,1.888218720142941009e+00,2.135292894726947832e-01,8.716515142264290583e-01,8.812410477027474709e-01
4.253608238883433756e+00,9.209934072321643850e-01,1.456820380242029422e+00,5.661914294435379524e-01,4.772915968941317255e-02,7.665461056983949306e-02
1.698936851972338458e+00,8.666180704845262150e-01,1.010685468441465895e+00,1.050180021239250694e+00,2.386766231474516664e-01,2.507808857318215567e-01
3.799361505047777143e+00,1.769281979036406938e+00,1.513884356947103216e+00,1.103511995142059554e+00,1.299430349279327157e-01,1.454958905969813976e-01
8.182391651870406513e-01,2.513757851957567624e+00,1.213331222442562085e+00,9.392649877760561594e-03,2.006249681400169571e+00,1.991399404928985151e+00
2.472336277816069572e+00,2.717499629710226738e+00,1.029642903150891575e+00,4.486479968456125178e-02,3.799916684594125682e-01,4.083570320012194221e-01
3.316347398216556996e+00,2.735440165283051783e+00,6.206259594126132262e-01,1.755980112835275664e+00,2.377903165927592322e-01,2.237709444264320557e-01
2.576031936326857785e+00,2.753276418072403420e+00,1.409028850571934166e+00,1.989649979835084626e+00,4.593043143082988777e-01,4.608418427157403019e-01
3.508504004519275465e+00,1.066406445190370533e+00,1.957927974309917385e+00,6.070090505794245583e-01,8.954045696638167351e-02,1.112852479061315625e-01
3.921368912398298878e+00,2.491024109503215733e+00,1.405500054849546654e+00,7.997753231405106966e-01,1.606673042247410421e-01,1.538792535946083007e-01
4.656269271539131616e+00,2.995136774307940009e+00,5.759351832955061923e-01,1.353499753368940572e+00,1.037704008319045856e-01,1.061583699047411455e-01
3.315505184195972621e+00,1.370001040800506775e+00,8.188612978720291036e-01,7.143787348429413431e-01,1.103016130416705209e-01,1.104674422068232797e-01
1.044560809053297623e+00,1.708816228366117684e+00,1.005213358469514207e+00,1.913383011895797292e+00,1.121743346914474193e+00,1.124878107213905576e+00
3.886940993316912785e+00,1.111903273681537518e+00,1.750778389429962445e+00,1.117188115090149259e+00,8.096555814401969198e-02,9.277198107673617633e-02
2.233967971140273789e+00,1.511067898321331704e+00,1.979729437692907545e+00,6.997270809845184125e-01,2.868190224544508449e-01,2.568568030641286692e-01
3.553244802712645534e+00,2.072535867886762695e+00,1.204722505452037851e+00,4.859892039927449225e-01,1.505038884053068182e-01,1.400208155740945704e-01
3.508161103092211963e+00,7.183958343505709720e-01,1.408795885343454790e+00,1.281024800459165780e+00,6.204148078423733087e-02,1.033505118150285645e-01
4.458997868127527298e+00,2.749729335522016704e+00,7.990054922208081889e-01,1.045631382923544628e+00,1.152196458488673469e-01,7.614620599045621163e-02
3.028498315712336630e+00,1.741001573137307634e+00,1.316815834581915867e+00,9.802412906050801400e-01,1.882536045351410059e-01,1.755152430187903456e-01
1.301475777861866412e+00,5.341688694656347991e-01,1.384692155041184369e+00,1.815080615760984450e-01,2.101291930023783117e-01,2.260983958744424704e-01
2.149989315939900614e+00,1.051382095304692177e+00,1.059704321420531725e+00,1.817720741335888457e+00,2.161436827074114109e-01,1.793232115264358217e-01
3.178974049944404801e+00,2.783718255912004391e+00,1.823435195932303854e+00,1.408737946474112546e+00,3.138707198377925223e-01,2.966352609425467191e-01
2.939891287121673358e+00,2.594512212347444446e+00,6.380817052853005045e-01,1.110824299931717718e+00,2.704788542453331890e-01,2.544076780650404990e-01
1.129410167887115346e+00,2.847646025915191892e+00,1.229551265950641792e+00,3.385277071443599795e-01,1.454493734293908602e+00,1.485839492363524750e+00
4.155354640460235061e+00,1.773772327719931763e+00,1.751465208794404482e+00,6.158302331674929686e-01,1.032089517525956457e-01,8.583493687759116697e-02
2.981397302975539176e+00,2.281614246921501277e+00,7.805096565756991511e-01,5.678276099670156452e-01,2.238861870008804766e-01,2.365272753929684169e-01
2.968646620758217836e+00,1.020198544939552976e+00,5.362385557709297146e-01,5.906876862180134857e-01,9.266679892045663613e-02,8.006933647587341496e-02
1.184471579782106154e+00,1.372885778144826929e+00,1.422656121730044632e+00,4.457248437888976511e-01,6.494856564073816507e-01,6.496946826967816557e-01
2.559786545038095884e+00,2.028938108855458111e+00,1.760185857026937972e+00,1.290358713867962193e+00,3.260356623626426420e-01,3.033778365614621109e-01
1.489742980573470099e+00,2.792467333993592593e+00,1.241630184828590000e+00,1.890172337726746310e+00,1.116997184676657762e+00,1.087573045938137639e+00
1.809524801834330177e+00,1.291274187674248175e+00,1.676737561988864478e+00,1.619198738184105979e+00,3.780993088917461442e-01,3.687299558678157618e-01
1.841060952644352211e+00,7.220269488096995314e-01,7.443179558406887164e-01,1.092581955491352286e+00,1.703910975897067193e-01,1.428675800545168018e-01
3.107336131809457225e+00,1.202980347603750833e+00,9.587004882444932763e-01,1.159040364884609264e-01,1.030587160417907044e-01,9.952975473155781239e-02
1.989379345751363548e+00,7.273113768533857604e-01,6.831794086974938285e-01,1.929939261802808836e+00,1.587093814236655853e-01,1.610749318253479057e-01
4.519548876944870841e+00,2.231605722957708871e+00,1.636220717600222585e+00,1.073746985141246002e+00,1.163194846821925671e-01,1.244950736620753506e-01
3.803647567382043349e+00,6.527920595683396332e-01,1.115139458591241972e+00,1.365445442129761044e+00,4.623681268434410435e-02,7.677914728776769060e-02
4.906910095373237191e+00,1.861424326935864793e+00,5.608772137507949118e-01,8.383128335104139683e-01,4.135019728351363444e-02,6.971631816851125985e-02
3.135872004225396470e+00,1.677463481729881245e+00,1.345235708019607568e+00,4.639191161620774828e-01,1.602871780182729411e-01,1.382034910390522175e-01
2.265547119470215254e+00,2.442470322793541371e+00,1.145534092541303117e+00,1.126301458513528475e+00,4.376190025168011366e-01,4.226196661635147622e-01
2.085771626488698960e+00,1.234707365177791116e+00,1.430606917142485113e+00,4.932658891086436626e-01,2.435346672681629188e-01,2.773185964531976744e-01
3.770109263998365767e-01,1.574214416023510310e+00,1.800187536255954290e+00,1.866136143239045753e+00,4.349491023296720549e+00,4.348384933187021240e+00
3.580249999071440925e+00,2.159833052754211558e+00,6.034965916116001861e-01,1.453577915691705469e+00,1.531504254868618631e-01,1.454199378128301912e-01
1.715614041546296598e+00,2.563346567974579937e+00,1.831139622865135763e+00,2.935125721842621882e-01,7.027317817721994153e-01,7.241365482687980304e-01
3.088757609254176861e-01,1.110446841989120248e+00,1.169751124202810466e+00,7.801691155019487844e-01,3.701181764103838034e+00,3.688671121966069055e+00
4.580530564330617338e+00,2.905654244804035446e+00,1.641734338535091986e+00,6.162961944015243887e-02,1.098517720188702806e-01,1.285060929239734417e-01
1.334604144136667836e+00,1.674953997589624821e+00,9.530347767430616956e-01,1.156412631668310764e+00,6.855247590790263246e-01,6.794683189987055227e-01
6.486353662112250840e-01,2.348019298365489060e+00,1.342300384596282203e+00,1.298603084641654748e+00,3.150828753176252217e+00,3.176705172489261209e+00
3.743533242316990250e+00,1.745925733896279475e+00,1.714959008192656897e+00,1.049983114953791929e-01,1.134436675560563795e-01,1.105177147011368460e-01
3.902975043429408153e+00,1.295228859546630140e+00,1.510673349558373291e+00,1.417412842560017650e+00,9.446566741228563935e-02,1.108432122729946512e-01
3.902702652990826859e+00,1.913016122214847625e+00,1.459145074443062740e+00,9.317884760366745844e-02,1.067189227827226583e-01,1.278794654212544735e-01
3.156546154007203953e+00,2.065403416484395294e+00,1.016708776276316062e+00,5.453359469851857266e-01,1.880382703678959155e-01,2.203362303123671817e-01
3.257822414153377366e-01,2.912004050664938060e+00,1.198857283759935388e+00,2.300380885811093012e-01,1.095288263041530463e+01,1.093693437655707079e+01
2.765353043997865523e+00,1.718419559613928227e+00,1.500670380640058088e+00,1.495291497457734486e+00,2.392540284810889262e-01,2.315636808063946672e-01
4.811341460049876950e+00,2.613706045374934561e+00,1.805865340192147173e+00,1.202999015831182961e+00,1.257215806848681339e-01,9.736415030640802049e-02
2.385008938610008844e+00,2.975304431135417538e+00,6.645627709441354058e-01,1.105569565605163174e+00,4.607991252592655851e-01,4.263229599197127517e-01
1.623603818489582906e+00,2.477481942275784110e+00,1.037758590069997489e+00,1.431666761442698110e-01,7.056606186878877640e-01,6.957009127731295095e-01
2.875370034083630344e+00,1.319481244630900552e+00,7.806454011255987702e-01,1.400138179034012387e+00,1.507850198010667608e-01,1.539594256754897306e-01
3.235087727226153120e+00,1.474166232265023080e+00,1.882820923123588841e+00,5.558713286951166843e-02,1.318287188033143154e-01,1.568750695667322226e-01
1.628387668369129848e+00,2.698610663572980073e+00,1.792320397693329070e+00,1.992291727873385376e-01,7.928807647653262070e-01,7.845422427994229730e-01
3.919512004149763751e+00,5.622176891242481878e-01,7.804444323863466426e-01,1.713787106089914580e+00,3.606028870756347593e-02,7.426010313367256699e-02
4.239287910727174591e+00,1.635606053907002089e+00,1.502253328891026030e+00,8.820065755356383264e-01,9.214485762043227168e-02,9.576670606780782191e-02
3.164198862078185792e-01,2.792707221134487661e+00,7.511479104445056842e-01,1.143035485081890013e+00,1.365132858817417194e+01,1.366892741369050768e+01
6.821484330846221411e-01,5.996471416231523577e-01,7.992853402292960929e-01,1.848576992183848633e+00,6.620715981336703360e-01,6.569242991455024328e-01
2.602778895422902750e+00,2.078082636051984622e+00,8.795249161123774861e-01,5.293893660904152032e-01,2.704498616449274029e-01,2.452646458033710120e-01
4.829129057276592141e-01,1.717719215091459750e+00,1.453710576846969804e+00,2.433272451079686594e-01,3.032334883423009941e+00,3.063980268064503409e+00
1.140188023440998455e+00,1.577704246220841711e+00,5.191347488940667443e-01,1.731853488441225553e+00,8.186970843070023873e-01,8.128512792020882172e-01
4.388388177942148971e+00,2.366743274815991782e+00,1.723958881427204881e+00,1.913184317787917088e-01,1.081350097000047250e-01,1.303334265565800898e-01
4.993093956676642797e+00,2.518207997733078685e+00,1.038735589615757959e+00,1.909349540970980863e+00,1.061557661724079338e-01,9.871208607111910116e-02
4.243716096184959596e+00,2.165047641787030575e+00,6.444246539049433009e-01,6.121513833741800692e-01,7.853610569310601197e-02,9.021692162403691095e-02
9.895247370924382668e-01,7.031437935479494250e-01,1.781184662185110401e+00,9.490617938782504037e-01,4.677548007947874842e-01,4.645055165246617102e-01
4.058667375997811355e+00,2.591157470350939906e+00,1.412621313792435940e+00,9.007215958015393209e-01,1.583381394959741395e-01,1.513375287994459806e-01
2.993452108693941849e+00,2.584525314834702048e+00,6.490677957059309833e-01,1.575192968516957670e+00,2.718446360445109788e-01,2.687867565451923513e-01
4.975241765806066141e+00,1.748892283699321482e+00,6.913824730563802312e-01,1.524566406269933339e+00,5.817035340313660152e-02,7.173195680376742711e-02
1.555769055688442037e+00,2.585260938208658654e+00,1.713604572219704192e+00,1.553438253631542088e+00,9.754104873772593276e-01,9.511555122236653448e-01
4.525059968238712926e+00,9.908690286125794167e-01,1.735336250903366961e+00,7.677656130686174585e-01,4.923698702027427820e-02,2.966000014227035755e-02
2.774929374303278240e-01,1.603999607893848767e+00,1.653442084824654712e+00,4.152511836473538054e-02,6.082473770102262201e+00,6.102038236960719786e+00
1.265512362124388446e+00,1.735094539544217440e+00,6.498928686620062400e-01,1.349309001134664232e-01,7.262115297062401442e-01,7.113998980529637750e-01
4.540768283164827501e+00,1.450566664634414638e+00,7.850877707047158038e-01,1.631336908514165573e+00,6.606759711998828888e-02,6.960917431218247020e-02
2.647513812145104950e+00,2.292101025326227060e+00,6.488324692517941639e-01,1.682535600557361066e+00,3.045572862464728248e-01,2.774393050902905222e-01
1.200467686136245771e+00,2.924804209407357192e+00,9.491611154496100156e-01,8.467907624139745515e-01,1.412870558468234394e+00,1.408390635285596826e+00
3.559665931398203753e+00,8.688551142349292267e-01,1.435330900764694606e+00,1.752199261465094748e+00,7.821017758046409918e-02,1.000169247118342375e-01
1.728286955147170900e+00,1.708532885759805220e+00,8.220062081763264139e-01,2.973121957001034765e-01,4.410084980332735771e-01,4.425094248273385156e-01
3.027982856966729752e+00,2.035874831325112488e+00,6.124058909496981062e-01,1.617450183351972548e+00,2.081661373870926091e-01,2.121353043943189354e-01
2.195083211701924775e+00,6.572138068447043180e-01,1.655385550473538192e+00,1.719113320387428923e+00,1.415268346693527579e-01,1.334465623425727943e-01
5.861231497596257611e-01,2.597824578349785529e+00,1.254986153837918561e+00,1.071311147425374033e+00,4.050763984460990841e+00,4.052513649728537004e+00
5.069371555982604693e-01,7.808111614071064910e-01,1.754106267007524478e+00,1.085993982947141001e+00,1.302321157755083503e+00,1.266419894679464475e+00
4.584415729675021645e+00,8.164766601350527120e-01,1.664391541236760252e+00,1.519980178351926892e+00,4.491059933674611260e-02,1.194404935172228149e-02
4.369255995435494810e+00,7.890745028125774052e-01,5.113772024078431233e-01,1.923195342668944097e-01,1.426951446504556333e-02,2.217403071980830753e-02
2.398672296134183313e+00,1.019308033554658710e+00,1.876692523328873596e+00,4.584963062651905563e-01,1.644272034634652324e-01,1.287751739768142056e-01
1.353051772006269804e+00,2.745915841211194586e+00,1.382707152832995057e+00,7.931860649832225274e-01,1.131677013819808675e+00,1.157488746537404189e+00
8.392230766310455614e-01,1.253592050274236591e+00,1.743320908388215296e+00,1.534894654255173352e+00,1.133789185004719258e+00,1.150416958215300101e+00
4.796409836536635218e+00,1.494522561476907319e+00,8.631253215040841642e-01,1.933623341522162864e+00,6.519226175440352711e-02,4.076026747205089423e-02
2.793834341571620694e+00,1.764942976321735024e+00,6.267473116428554647e-01,8.899918657668663968e-01,1.986434770653082715e-01,1.545969902576344868e-01
2.369934983440391274e-01,2.604394092275888362e+00,1.758507083218582734e+00,1.441670717636949206e-01,1.431327140626136085e+01,1.426441737449651548e+01
3.202971949445761801e+00,2.868625125476861992e+00,6.065354594463278071e-01,1.893917644386927890e+00,2.696488250421844035e-01,2.754222800077141264e-01
3.836315910197515944e+00,1.455794300558944432e+00,9.583029766312213260e-01,7.886635033086213387e-01,8.895830215488106929e-02,8.664331058445060019e-02
1.658979311081376196e+00,1.249650360699593010e+00,1.064651333150803847e+00,8.626124554127194699e-01,3.552453826753361188e-01,3.817744957597088429e-01
4.903839474607600835e+00,9.448572773898438193e-01,8.964273802231499388e-01,4.349999656752621124e-01,2.422375499333246848e-02,3.321841233440939872e-02
4.830870596833664044e-01,1.061749060817013701e+00,1.804413520573482366e+00,1.415166008895160754e+00,1.973348519615226504e+00,2.004086812772261972e+00
7.362747119430097520e-01,2.097024018053136096e+00,1.432668908344415515e+00,6.387681416861017425e-01,2.132661324535194414e+00,2.149746115952517744e+00
3.098392657051836974e+00,1.504566871196335587e+00,6.847176252059300472e-01,1.563192150332351815e+00,1.488111533281724352e-01,1.294269079738741279e-01
2.419951543338642708e+00,2.578850017760578872e+00,1.868471362899497112e+00,2.772452591461953553e-01,4.026207460608708932e-01,3.984423758979279140e-01
1.974049502907313736e+00,1.562913327770517169e+00,1.548598702198289212e+00,1.172975906667544033e+00,3.705287082414574495e-01,3.531384363902045909e-01
3.542561149174607849e+00,2.761214289269834143e+00,6.218409102133531929e-01,1.730132807661044492e+00,2.091473222668038812e-01,2.023348457737607353e-01
4.658773516905939438e+00,2.093871620753195550e+00,9.272731290044332608e-01,2.417681372529796313e-01,5.778514540897455171e-02,4.694635846061920997e-02
4.329826008746739952e+00,2.171271687952818219e+00,1.284662190070696486e+00,1.621027721407759969e+00,1.270383141888895839e-01,1.218584843247402377e-01
3.687742077931538187e+00,1.389494886891759817e+00,1.633883033541335905e+00,1.536427452608448041e+00,1.174442751881702440e-01,1.440779090585883604e-01
1.588783418009695358e+00,2.584529606392843792e+00,8.858671884699003130e-01,3.478712775271244340e-01,7.644241372046749472e-01,7.528196778393868582e-01
1.657162053714754668e+00,2.560616949251484975e+00,1.829891125964408616e+00,9.461611730645591578e-02,7.239322443657567607e-01,6.994601309145092038e-01
1.055113672141107850e+00,2.981958162745354191e+00,1.048220567624853716e+00,1.144248664439452501e+00,1.868527927431327118e+00,1.855320777717913039e+00
4.403309894414467962e+00,2.866368324179877192e+00,1.855832828768662068e+00,4.309136816976693041e-01,1.429794769750891703e-01,1.328577054183086303e-01
3.448742421730253582e+00,2.046430584286605736e+00,6.128874653629319269e-01,8.396656941978530853e-01,1.422229675194602860e-01,1.300049356668631917e-01
2.963759309619992788e+00,2.208351451613472349e+00,1.609256817932253725e+00,9.422341501344038139e-01,2.565452706074591860e-01,2.526057467096207154e-01
5.368028128291388867e-01,7.142610345279921669e-01,8.832193425871633918e-01,3.216387451887683380e-01,9.786698146114573005e-01,9.695152383857614797e-01
4.272764215179918779e+00,1.038617867290154484e+00,1.107151649182578135e+00,1.826548191354798956e+00,6.174803562617123265e-02,8.350222450780081518e-02
8.952967986710693715e-01,2.690538637170307723e+00,1.446293709950932316e+00,1.343419815442313592e+00,2.276386189006494476e+00,2.294144774978161383e+00
2.645816620000537078e+00,2.505134041242922383e+00,1.167164468729160909e+00,1.454461463334643989e+00,3.573969955503452645e-01,3.416557581859701043e-01
4.690448380288883889e+00,2.473912932927922359e+00,1.301346005372098213e+00,1.278893157524204627e+00,1.153192269685360816e-01,1.345621662908409732e-01
1.915782916242391387e+00,7.436763102318501018e-01,1.568474598781975260e+00,1.874312599548360048e+00,2.008631788810348040e-01,2.284502003438146911e-01
2.396713495475268019e+00,1.822883054442693718e+00,7.986131192402727841e-01,1.454132811152819782e+00,2.899592828373530051e-01,2.896471853708655897e-01
4.734574467944790754e+00,2.917176837964180258e+00,1.974387743474750767e+00,6.869761265473139922e-01,1.338877703509042671e-01,1.166255897258201418e-01
1.627244435435428738e+00,2.687833956916856337e+00,1.706087023079339016e+00,2.422063787992834172e-02,7.724187036995402433e-01,7.807829823022067739e-01
2.370887146665727307e+00,2.991043626684439793e+00,1.857980818863529393e+00,1.874562427737002102e+00,6.067063964115931851e-01,6.047809219022317606e-01
2.030069279583790909e+00,2.106565604664767832e+00,7.815049523710693169e-01,5.274540912045742047e-01,4.214311764539681038e-01,4.278574921907938866e-01
2.154448747342419423e+00,2.344257745860284903e+00,1.306578840246419349e+00,2.243969413118973577e-02,4.244721500114088109e-01,4.029416510836803522e-01
2.269714737358914824e+00,8.048012560717769937e-01,1.330748456331738883e+00,1.591113816370989698e+00,1.539404427897745897e-01,1.956141569781832124e-01
4.956440863919397088e+00,1.519064086120433643e+00,1.146273621486550098e+00,4.573673387712913208e-01,4.529157644593838350e-02,4.109673097616959453e-02
4.066050168592595604e+00,2.465313181284521260e+00,1.319919461479100775e+00,1.994299347840000847e+00,1.743894942023267169e-01,1.847643732401104133e-01
3.958511797244952390e-01,1.127523729824539522e+00,1.575434817043066316e+00,1.995834313073336475e+00,2.820064523007846269e+00,2.807946425925230471e+00
3.124028420949439777e+00,1.564261015697320678e+00,1.574037692048040560e+00,1.231922648323869440e+00,1.707798092995398420e-01,1.737168674183156014e-01
2.564226188926241323e-01,7.100401276844090503e-01,9.309606552737631491e-01,4.208511298165440451e-01,2.799956323929372548e+00,2.753932399803754816e+00
5.758820666854008730e-01,1.573988607805030693e+00,5.545475216695232579e-01,2.563550774074436767e-01,2.104207656869810261e+00,2.078043738022233633e+00
2.999260576265217804e+00,1.150300702927755436e+00,8.392900231034641223e-01,2.820897604786025692e-01,1.075155493219083214e-01,5.795817302571894258e-02
3.178836081504660793e+00,2.180521462666241916e+00,5.158097924529165823e-01,7.480946723538743903e-01,1.714307220143321264e-01,1.911344454228403045e-01
1.018578742714788543e+00,2.807221501933228058e+00,7.524179686338986484e-01,1.384783613255572421e+00,1.854860763747395724e+00,1.827042428295099885e+00
2.135501046262431313e+00,2.421425954098553213e+00,6.238174412325602214e-01,1.295098257583708223e+00,4.548154469680766310e-01,4.236264956246787450e-01
1.930447260098734352e+00,1.776048665132238469e+00,1.711384641320981004e+00,5.752554767787547707e-01,4.114900235773462644e-01,4.340721451242893214e-01
3.578486662126521889e+00,2.088902802110903956e+00,1.526895854785873530e+00,7.631800966603994318e-01,1.644409749603614745e-01,1.546681048851147322e-01
2.215310258250474007e+00,1.734177663409347314e+00,6.471371512175942975e-01,8.667035900181259134e-01,3.001199326559220726e-01,2.968675015560736652e-01
2.045927555487462079e+00,1.624421416743521362e+00,8.748838464085211264e-01,1.973813734068398107e+00,3.581303537821597383e-01,3.797315351796376470e-01
4.162372585595852215e+00,2.837001423384457155e+00,6.588538739121816423e-01,9.015226202782355980e-01,1.254047709610889294e-01,1.353671489545545115e-01
3.408957975187650646e+00,1.790029488988027939e+00,1.278868729091946710e+00,1.217592388600078124e+00,1.589326326334403738e-01,1.653645439319190447e-01
7.315822247210095330e-01,1.590017494526223096e+00,1.727732250733016173e+00,2.331978688241174158e-01,1.532907316163706124e+00,1.546207364245634208e+00
2.791517938496714812e+00,6.200073978651252649e-01,6.277154160004019268e-01,1.697452624425750844e+00,7.414970968297981968e-02,3.538869097703389172e-02
1.278427571277019226e+00,1.091289619799861610e+00,8.115117995111573723e-01,1.801117419568842859e-01,4.392336017079546129e-01,4.653462101170295351e-01
1.495458420478130712e+00,2.610523792355293971e+00,1.771389950950388315e+00,9.785768935145888747e-02,8.640189858927599387e-01,8.908656260912798386e-01
3.141846654475214162e+00,6.637630434755930064e-01,6.001674373395367024e-01,1.331093482552736074e+00,6.108471807471917842e-02,9.835037871956156530e-02
4.352866962520485217e+00,1.009811222606175729e+00,1.799932807436092075e+00,2.535099453670237590e-01,4.877065693970802224e-02,7.129732598293109236e-03
1.922354944296289059e+00,2.685171532670573846e+00,1.463817398553102445e+00,1.492722176965373126e-01,5.930623130048849889e-01,5.763603666863469366e-01
2.704358185775929346e+00,2.716095027267899642e+00,9.881844780752546686e-01,9.499917049549733150e-02,3.176744015722512415e-01,3.067464939309700322e-01
5.748752127470073692e-01,1.648116938949901522e+00,7.349301795997442710e-01,1.276989340577426635e+00,2.510834188949266021e+00,2.545323310215500179e+00
3.915824156876252182e+00,2.168341783855534111e+00,1.396312045580717420e+00,1.377908116994035481e-01,1.198736897412202712e-01,1.315716667200839685e-01
1.032330509224343107e+00,1.041028232499487949e+00,9.512712400116364320e-01,5.746798940799238142e-01,5.831161582208668204e-01,6.190150408601257093e-01
2.112849074767261470e+00,1.866546751239296587e+00,1.064091423462973696e+00,1.146938882475152521e+00,3.712329869220713507e-01,3.806938304047246535e-01
1.517221208083659789e+00,1.686309015821373603e+00,1.626617236279813694e+00,1.229033131303096216e+00,6.195006102756258626e-01,6.071198035929268322e-01
2.692945536976094179e+00,2.280221095778097506e+00,1.080082368950079807e+00,1.322488438416591805e+00,3.062957606183988601e-01,2.807615447084534366e-01
1.637938220361992769e+00,2.491242533292464589e+00,1.997564868124650062e+00,8.165866578148974764e-01,8.038882649340658437e-01,7.929417567821589463e-01
2.447888733096645009e+00,1.021674811465947741e+00,1.984088865768166121e+00,1.866903068787553188e-01,1.553715744483874506e-01,1.838493384551740661e-01
2.316777491532923339e+00,2.869604039939246842e+00,1.957851600197228370e+00,2.688765860094293192e-01,4.851238574079118071e-01,4.685689024176492024e-01
3.142897218357071143e+00,2.463267018070288472e+00,5.043031153840940028e-01,1.751714731060540764e-01,1.570128118687312002e-01,1.218912924792072416e-01
3.506894213480408418e+00,1.486290390855361077e+00,1.184948811929072754e+00,1.712852352926456767e+00,1.308907207278222073e-01,1.370310943270507398e-01
2.751638507383233012e+00,2.966261737109682439e+00,1.477939539926137247e+00,1.422862098040879042e+00,4.135658221344005181e-01,4.415296897576466151e-01
3.764487446406596050e+00,1.473736665261855094e+00,1.178914679299752466e+00,2.787465048194186501e-01,8.857618639840894592e-02,1.378442680622533612e-01
4.508481656514224056e+00,2.276921727608965718e+00,6.705104516621538391e-01,1.695117635657690025e+00,1.010328666436182549e-01,1.265966839212225303e-01
2.397539304456592024e+00,8.800125838038836967e-01,1.642476934797726162e+00,2.464139810386487550e-01,1.365718834485005750e-01,1.565207070454704419e-01
3.573438212665124292e-01,2.976360818372231876e+00,7.432538666181235376e-01,1.396001501566367820e+00,1.238626709640486823e+01,1.235105008390869763e+01
3.881114957455767733e+00,2.929759404193275074e+00,9.708892731203291326e-01,7.723112401283154238e-01,1.743968226638669128e-01,1.673754603739189828e-01
2.403271182158511099e+00,2.972213099263144809e+00,1.000452543283075979e+00,4.998638050879633532e-02,4.379886597078735955e-01,4.309527645997892620e-01
3.956342246613341551e+00,2.451837552015684096e+00,9.787315734002659529e-01,5.435509594576304337e-01,1.317033895357342388e-01,1.349508630718233293e-01
4.297087870058606818e+00,6.775454599459463934e-01,1.896107804082707737e+00,1.411405277807587844e+00,4.337012467045132241e-02,2.525171901173560093e-02
5.689576932653549468e-01,1.254993288549977493e+00,1.262396137516269334e+00,9.656119942430263503e-01,1.817183548123233017e+00,1.833558957353638386e+00
2.111097171043537113e+00,5.619293515706962339e-01,1.363610168586945726e+00,1.570513853405901328e+00,1.211567847169880141e-01,1.467406839314992772e-01
3.754747947255773877e+00,1.775726498255361996e+00,5.674598321081860686e-01,1.440737050768572169e+00,1.107178489267246768e-01,1.133918402335740427e-01
2.368130036795105919e+00,2.047633960962274458e+00,1.850839432193778666e+00,1.040337626057001641e+00,3.664469198489370694e-01,3.610882144392623672e-01
2.366533257737297280e+00,2.945030577265644656e+00,1.982110182494440709e+00,2.797743863662629504e-01,4.818569030051913504e-01,4.861062994393230974e-01
2.497028549371546280e+00,1.213658978440546710e+00,1.169284336391722690e+00,1.885296996781025136e-01,1.700623267172544362e-01,1.781070333407368811e-01
4.944529774506880138e+00,1.993664194725376815e+00,1.246727758882848480e+00,7.233417467730318684e-01,6.988210489868013076e-02,8.619207068341816491e-02
1.351756319719004118e+00,2.978173526652451830e+00,9.424973397178053602e-01,3.622305880418728030e-01,1.137214910722702754e+00,1.120370675498488122e+00
9.832729033788649708e-01,2.178899422868143976e+00,1.527032803747628176e+00,1.260743260237784824e+00,1.561778713635052718e+00,1.591133596327083843e+00
3.883217664080464981e+00,2.609829172249344964e+00,6.539017377371214579e-01,4.891150440656473197e-01,1.190994378002121629e-01,1.201703701603078350e-01
4.229270650679300303e+00,2.880828196829694043e+00,1.270647164046543320e+00,1.402927015464711769e+00,1.707217325969216382e-01,1.675917461991173474e-01
4.190274225822797627e-01,5.945760285378784982e-01,1.509288628395553111e+00,4.974866880483197473e-01,1.183305506983115540e+00,1.197491449483726322e+00
3.143902075709660071e+00,2.021846351024876753e+00,1.396448570727349070e+00,5.999778632813124180e-01,1.968216300928683771e-01,1.831463131726269733e-01
4.315038072090777277e+00,1.768929629823602578e+00,5.935210391757426152e-01,1.407983407234942197e+00,7.839294577919017626e-02,9.627514088872110576e-02
3.647203786653516300e+00,1.774249140254931856e+00,1.671599159183156491e+00,1.155926429546733081e+00,1.455656765520599583e-01,1.888731524069811318e-01
9.072403652280134345e-01,2.117008901017445766e+00,1.037577738460392363e+00,1.461779922440655799e-01,1.437926612879069754e+00,1.446958104069690165e+00
1.006202625481700696e+00,7.844063552786729732e-01,9.640387338570768350e-01,5.746495597588030524e-01,4.526501373138578366e-01,4.570546811505609153e-01
2.339997878496179684e+00,2.000819394686273789e+00,8.652370157375595117e-01,8.563551503728334957e-01,3.209303529181257719e-01,3.116359976854632952e-01
1.992119822396434037e+00,8.686224325478260067e-01,1.809579418711590115e+00,8.949326144300706609e-02,1.818069441157036947e-01,2.119973820594726610e-01
1.007515420279408991e+00,1.716269211013031315e+00,8.234998121095894463e-01,2.493125807427414298e-01,9.867322614257081348e-01,1.009672742433248782e+00
2.690495243960795424e+00,1.887420940591530094e+00,8.486131298747793261e-01,1.830070980345321896e+00,2.560242461790325219e-01,2.259136493836425563e-01
1.111015177030137302e+00,2.553962542335657560e+00,1.769457862327637576e+00,1.916529736906265047e-01,1.351495828930030063e+00,1.371210086031093622e+00
5.683726594762280593e-01,8.676482682721271544e-01,9.854532127292625621e-01,1.946880173838843264e+00,1.299017635888330080e+00,1.285775849673555626e+00
2.553096868429275634e+00,2.982755989978767008e+00,1.666976259230366741e+00,5.112884080259409991e-01,4.304131313583336449e-01,4.069356743752808314e-01
4.709542954536757087e+00,2.578740506251016029e+00,1.290759049816926574e+00,1.904808166419419635e+00,1.324205755915407456e-01,1.310179039755441366e-01
9.343813780327683283e-01,5.671646559702985257e-01,1.554968682534214164e+00,1.327350230170059486e+00,4.154246636768393341e-01,4.021736178665192840e-01
1.154132014046617360e+00,2.650414837647488309e+00,1.208289232756985632e+00,8.784123933341023704e-01,1.394895788358845534e+00,1.418187072200301602e+00
2.652015866071316896e+00,1.766327810551648891e+00,1.120055135521811573e+00,1.637468312743421528e+00,2.532547623286854899e-01,2.279764817072014726e-01
4.750922584657643277e+00,2.996393148341098822e+00,1.164084969958066651e+00,1.605269647117371523e+00,1.391758853878968250e-01,1.133246854198002029e-01
2.367373323864934154e+00,1.578280511687258247e+00,7.496766153702885127e-01,1.614536686159460110e-01,2.351264688170773831e-01,2.161026454996989310e-01
1.211845283914417815e+00,5.348806221797326454e-01,5.289506009151594412e-01,1.490917561174184724e+00,2.363569036312869465e-01,2.334948807545941529e-01
2.959420526459906942e+00,2.476188720478003980e+00,1.323161076428087224e+00,7.818414853835919942e-01,2.736231630121028768e-01,2.853994433976816403e-01
1.749305506283892253e+00,1.720837820124470730e+00,1.586651289798335362e+00,9.216846403728178316e-01,4.826740219910647389e-01,4.607913029694715168e-01
7.511658626851760445e-01,7.691874167475996060e-01,1.981353890281445818e+00,2.189678915586672492e-01,7.001125450559665397e-01,6.855240492109238026e-01
3.218379456633710944e+00,8.673410926769432594e-01,1.498455514492017970e+00,1.868267343276176495e+00,9.654385517080872614e-02,6.502262911194439665e-02
2.285371969152350857e+00,2.102692210562217223e+00,1.203145199550484934e+00,1.421358397307291854e+00,3.859362046059537921e-01,3.818624936570217399e-01
4.788016113761848658e+00,2.305493107130981656e+00,7.542204874454914165e-01,1.626547047678034374e+00,9.066708606186613117e-02,7.005865085131579573e-02
2.043739876138504385e+00,8.499955081871458651e-01,1.146250541138382761e+00,7.380688747346586531e-02,1.670968352294184278e-01,2.104347837765384588e-01
9.331520496726413150e-01,6.493790640857528551e-01,1.993605295845582770e+00,1.999447891225454521e+00,5.222658803486811552e-01,5.606972881530100095e-01
1.752903089770504685e+00,1.036474512544159232e+00,1.843190222568897418e+00,1.309695197645953435e+00,3.116891966040107320e-01,2.928819539127658911e-01
2.497785906126555489e+00,7.740146027473202572e-01,1.296428262991828451e+00,1.401715320337541204e+00,1.225262669834909640e-01,1.251247365062763128e-01
1.590437447202759813e+00,1.487716517679742001e+00,5.293876975748448288e-01,2.855167563724010371e-01,4.456454114616906770e-01,4.538868050898031692e-01
2.233300953443666526e+00,1.854082757824026428e+00,1.954246049042932309e+00,1.645394024113332465e+00,4.037695099456186654e-01,3.926638378081089287e-01
3.588222471080646514e+00,1.030984103137634111e+00,1.725708175252638199e+00,7.560031856926965332e-01,8.263271256114272656e-02,7.461475596037733804e-02
3.871924155526095035e+00,2.687080553750636813e+00,1.831058074728015406e+00,6.309194109108320347e-01,1.839320595348526988e-01,1.965490016605083434e-01
3.038616989601927276e+00,2.870650782457734973e+00,1.690630634085986461e+00,6.453470986618980998e-01,3.094756557906649386e-01,3.038468072005091059e-01
2.513498715373267522e+00,1.438242781748028332e+00,1.164345116136902725e+00,1.454904896556937999e+00,2.229301268589558571e-01,2.166974338639713338e-01
7.494300592039595532e-01,9.257977307623685981e-01,1.015030869387501866e+00,1.787106411182972643e-01,7.949997583128307621e-01,7.941813300846694013e-01
3.406889394577834906e+00,2.557990861068818678e+00,1.499762721190360804e+00,3.825136270555584694e-02,1.953613805097371425e-01,2.198709263212793308e-01
1.311490742448328639e+00,1.061950287590873510e+00,5.324339670247684175e-01,1.526786429757265307e+00,4.261975003902384040e-01,4.207617226612350714e-01
3.747209895347603847e+00,2.346104471517523660e+00,9.292828195004186886e-01,6.304575368421390102e-01,1.449667881941961722e-01,1.525085565687519240e-01
4.781355016165556471e+00,2.552342317043353681e+00,8.039392894967308800e-01,9.056018740663431821e-01,8.390583218849716196e-02,8.847098059314034701e-02
4.301501358248855489e+00,6.835857714285029640e-01,1.627313339265511027e+00,3.093913088822410895e-01,3.337829612644276772e-02,4.747213216300971012e-02
1.521370069740450415e+00,5.975238384744286924e-01,1.430282426360873105e+00,1.759919721921231694e+00,2.227551517171561524e-01,2.186587588307898067e-01
2.423949445905624334e+00,1.058778323563075663e+00,6.915200513594993437e-01,1.753151838448832045e-01,1.489898744403287956e-01,1.389396375425429042e-01
2.335112003745575038e+00,6.560039862360893537e-01,1.734266799748406473e+00,6.422550477798636415e-01,1.117120944239652358e-01,9.773632163955259244e-02
3.893937293158349799e+00,8.962038997469230495e-01,1.523678619616302132e+00,1.558367246564788866e+00,6.715639024958400261e-02,7.170947741979148693e-02
2.205129836772384166e+00,2.913299207829379345e+00,1.072455420490846079e+00,1.739264341055835272e+00,5.813601577125032671e-01,5.839511708736021545e-01
1.891426063114566070e+00,1.893368321655204189e+00,8.250256553277186544e-01,2.851733903224291655e-01,4.238569624715891049e-01,4.185178695965351414e-01
3.020714739753547651e+00,6.462535134548690330e-01,7.725874212880602387e-01,3.214268341770185611e-01,5.868370381917410727e-02,6.293206765408095038e-02
2.936179283707557541e+00,5.812273480175764728e-01,5.291215524754540045e-01,1.486514446001197642e+00,6.092559334330276133e-02,1.080502590727642209e-01
4.250093480821408143e+00,2.688296849609825401e+00,1.273706745079561387e+00,8.819004059171620113e-02,1.119437397615163921e-01,1.275283067652251690e-01
4.649823316025461395e+00,1.380039470206399832e+00,1.834549733754408773e+00,1.377241705256446291e+00,7.405890501471519560e-02,3.716552751111633357e-02
4.318582697033830797e+00,1.088901089235240871e+00,8.683163171905544653e-01,6.144454084818748996e-01,4.482612344931852233e-02,7.069589968900928667e-02
4.952844407144223027e+00,1.613600996517990493e+00,5.546439970841752221e-01,9.363032548475893613e-01,3.647856230752942464e-02,3.917425266743104068e-02
2.961064915561541611e+00,2.077069082474976014e+00,1.759870351256743959e+00,1.325079030148676118e+00,2.599730457700927255e-01,2.394649990642573056e-01
2.183761795907612324e+00,1.154218410929794159e+00,1.933005039160959226e+00,1.511546773809538058e+00,2.538887920799646203e-01,2.806020627749562513e-01
3.596288432966247228e+00,6.979609232117607309e-01,9.622743707299391547e-01,6.085560233248270556e-01,4.773581932041093268e-02,4.598199072464633635e-02
4.368878297430988766e+00,8.005896365336235831e-01,9.515034183108542765e-01,1.904974748589319145e+00,4.405544564713011202e-02,6.423740297679665645e-02
3.622468764647213568e+00,2.758750597525165826e+00,5.789788709984016180e-01,1.199135362987223008e+00,1.803778245387752666e-01,1.679411730071288800e-01
2.973221866905197519e+00,1.410407896272137585e+00,1.418200412148288736e+00,8.486331820294001904e-01,1.571201075512333456e-01,1.780990314643014216e-01
9.808201968153142936e-01,1.606273573518824271e+00,1.151964645944298260e+00,1.496645427968832376e+00,1.123554676511921313e+00,1.117751467241506091e+00
3.675582634817840422e+00,1.035460338248082479e+00,1.541848326711381389e+00,8.872536522189520269e-01,7.884596481409716917e-02,9.783003982415978961e-02
4.563605303139185665e+00,8.620219352718351269e-01,5.838137038777809762e-01,1.664750342420437956e-01,1.474519743986420044e-02,3.096814557739625134e-02
2.408111795632044139e+00,2.416665948288255983e+00,1.041593985273240763e+00,1.381954176129271961e-01,3.580541327543757535e-01,3.348509739940529473e-01
4.368722207635694410e+00,1.020209419349455304e+00,1.907380332630219888e+00,1.708160118936669303e+00,6.659570660798942721e-02,7.379063180706262048e-02
3.047984805834144773e+00,7.446252231571663938e-01,7.528912067342332648e-01,1.287693114298694708e+00,7.509480829942921654e-02,8.434098665346341506e-02
1.474394205708466243e+00,1.314355874229789833e+00,1.625244693870160351e+00,6.379717988304018927e-01,4.642013791017338686e-01,4.628444000450114837e-01
4.905450017944798624e+00,7.723583754151759351e-01,7.642132663166605333e-01,1.632446846530910323e+00,2.871858611185511279e-02,-7.077610475259656087e-03
3.770766201687764330e+00,1.244201485561697629e+00,1.194567590111136779e+00,1.432331100105730171e+00,9.197334372211879439e-02,9.742295191083115424e-02
4.901720992507305752e+00,1.836918846573968533e+00,6.695875564411541969e-01,9.207261129373243147e-01,4.984479966925488281e-02,4.327615713739840775e-02
3.128254764113632014e+00,8.603412967796584265e-01,5.093778221881435364e-01,1.519152207290741075e+00,7.915808723880732312e-02,1.028985692462177359e-01
3.767400851539393969e+00,1.934948971390139771e+00,1.125288640693228537e+00,1.059428091264766225e+00,1.343042586494301305e-01,1.128411275882902354e-01
1.517069039161492272e+00,1.959874139348168454e+00,1.286297307239400389e+00,1.481965693828340758e+00,7.166394086129519447e-01,7.361161956444398635e-01
2.738087995171909039e+00,1.683360409610659136e+00,7.389049416967963246e-01,1.784919021780613235e+00,2.154439515313207876e-01,2.180011766897827497e-01
2.044964426452797301e+00,1.184879500192570267e+00,1.724892389923907254e+00,1.293317910218955813e+00,2.745388991155338076e-01,3.252195091690289752e-01
3.491915698425847925e+00,2.347450643950373728e+00,7.471834294640227192e-01,1.680638214283980858e+00,1.889688625515054676e-01,1.686331724953078759e-01
4.724255289530525204e+00,2.622325846680766404e+00,1.467516470027940167e+00,7.963619272480353395e-01,1.125603986194946282e-01,1.314984370712301287e-01
2.877990779591165005e+00,1.294432960105738495e+00,7.469757053038708072e-01,8.767279511197845210e-01,1.404332697536696262e-01,1.295555062375696176e-01
2.321704703143112336e-01,6.154051275728131820e-01,1.725741817633766884e+00,1.908929489490133191e+00,2.765120270049844287e+00,2.745958730310296581e+00
1.715574793984820712e+00,2.917713974993722648e+00,1.082533546879307806e+00,1.263377041354585284e-01,7.647654045807289469e-01,7.861013582524081222e-01
2.789002114911903085e+00,2.512069403832494885e+00,7.113161001060547273e-01,1.611951190710442461e+00,3.061122028992924182e-01,3.179939620988803117e-01
4.005224269574449991e+00,2.733665965071916837e+00,9.304978972886059907e-01,1.147718158437244229e+00,1.608986376114675820e-01,1.816892401426367376e-01
3.008717209080298716e+00,2.104850654503723106e+00,9.868553445724729256e-01,1.323160088660413125e+00,2.280956788223902632e-01,1.957246515697967371e-01
1.162394849456657164e+00,5.729584446498856565e-01,1.011702129961834062e+00,1.657605139366630453e+00,2.972438606449465115e-01,2.730940230428816617e-01
3.121634842561881396e+00,1.688177196166910532e+00,1.485611961320855601e+00,4.999326236150878344e-01,1.660417159725186553e-01,1.776480582259582497e-01
4.416958024979194875e+00,6.152989063895606403e-01,6.133548104415259550e-01,1.232196380464801511e+00,2.469882544896486246e-02,7.593107497299141084e-03
2.694356560792478650e+00,9.323009525052623481e-01,1.670244786288794359e+00,5.714159429851748406e-01,1.227488117880327911e-01,1.490106494172681040e-01
4.254469180651776483e+00,6.510867239518212113e-01,1.431470210661754727e+00,1.743738430648037685e+00,4.138097611878582827e-02,7.461742762487655334e-02
2.776508235688355697e+00,1.653965970288534759e+00,7.259944214717927169e-01,1.543203696393067315e-01,1.732251212066273638e-01,1.705705242831663249e-01
4.994270935486374574e-01,1.617621071903180718e+00,1.117374845668846373e+00,4.680406334117963585e-01,2.769321076420553585e+00,2.769910974033550133e+00
4.875438663784603222e+00,8.879495268257384666e-01,1.269654533303765431e+00,2.569284961941924461e-01,2.669848113938310882e-02,2.720791175350475988e-02
4.128085796845255562e-01,2.699734876884929857e+00,6.504802596480949717e-01,1.639539241568243488e+00,8.815899914221340339e+00,8.810040593659415720e+00
1.538565416500541572e+00,1.351010408515357808e+00,6.946236678565341771e-01,7.867587405533109646e-01,4.176898389750540730e-01,4.169328343581140128e-01
3.318552101293767986e+00,2.742658262044268991e+00,7.664880853640790859e-01,2.085057948925708171e-01,1.894762224682997598e-01,1.848151509808055037e-01
4.108657090029974590e+00,1.413400159919066867e+00,1.629747460672179571e+00,4.642260451184194725e-01,8.003237532030932355e-02,8.859250535731127973e-02
1.229119110349300215e+00,2.972703974131375215e+00,1.068460355342112589e+00,5.870441962613843767e-01,1.356434038698201228e+00,1.349763853078131959e+00
4.380637765492120472e+00,5.063828177239128037e-01,5.196584430931874277e-01,4.104946641300939447e-01,1.167321196633893353e-02,1.248203960023916079e-03
3.580159924072022104e+00,1.896166564923122522e+00,8.858986028095865439e-01,1.971120160817787514e-01,1.129006691125891415e-01,1.068998088797111085e-01
6.282085544361194485e-01,2.785573945008065433e+00,1.090043189870108842e+00,1.418669378524950675e+00,4.118807151871250127e+00,4.106561844603310973e+00
2.328343239541894594e+00,2.305861089144150444e+00,5.411989810952333446e-01,1.817423943098309902e+00,3.799219104155240334e-01,3.783095446032449516e-01
4.465069471639735887e+00,2.152447397306158194e+00,1.913221151772691142e+00,3.532406266479490853e-01,1.027934640682324902e-01,1.135777327414515397e-01
2.348661315311737496e+00,2.954427832970291323e+00,1.519715879340274078e+00,1.180740119409220634e+00,5.280881067523655048e-01,5.692113966984450046e-01
4.348811367770253788e+00,8.370481297209748650e-01,5.333003980168629088e-01,1.924592786388666044e+00,3.901404669551253312e-02,6.439097031393115067e-03
1.198536673510601558e+00,8.435839725599001415e-01,1.247757057040935980e+00,5.641798427490898327e-01,3.867818827778130020e-01,3.592215617903093405e-01
4.390261850900081697e+00,1.225473345314014084e+00,7.692766172795900692e-01,5.312256591262383143e-01,4.303019024506762186e-02,4.166245014388889750e-02
3.549787625844761152e+00,2.550222288253951142e+00,1.122217839193556888e+00,1.092737248915101711e+00,2.008025985306040040e-01,2.014340366774672042e-01
3.248396256937178816e-01,1.243565700588956213e+00,1.821215939873448431e+00,3.715353746055662931e-01,3.701347612468286474e+00,3.700449608311636052e+00
7.042209962644525589e-01,2.304902792852012716e+00,1.521440914357388596e+00,9.216151603400470904e-01,2.630232026127383715e+00,2.667676634022670967e+00
3.738930406870965228e+00,2.156188059346166863e+00,9.193974524014474348e-01,7.729159397247689078e-01,1.377991153987313533e-01,1.012840523926794717e-01
4.226073363651804193e+00,1.940923700016148779e+00,9.054152982598566712e-01,1.908152533282275964e+00,1.132856288126402461e-01,1.101840754571064840e-01
1.979575127612441365e+00,5.624370297807808061e-01,6.530509883695326812e-01,1.528151950143893600e+00,1.195611169120606720e-01,9.410978270121292399e-02
1.478900735493316798e+00,9.281294468367224937e-01,1.773694727266415416e+00,1.047402671757428516e+00,3.476008196661791172e-01,3.415507042839625029e-01
4.875446430578642243e+00,2.848830355776281742e+00,7.202840004897725912e-01,7.951581725721739158e-01,7.785104846794792255e-02,8.814568960616277205e-02
4.265845638538518614e+00,6.054628296348900651e-01,5.468536069693010759e-01,1.755872337345414369e-01,1.305296166055455384e-02,-1.581856129155759239e-02
4.982247331734111384e+00,1.207965732522106261e+00,7.097624373171749212e-01,1.428918930744468963e+00,3.943120157082583704e-02,5.990687427325706860e-02
1.042746346937000634e+00,7.061874397819005722e-01,1.506488545025391312e+00,1.323512723908509381e+00,4.431485806568278840e-01,4.262269543644431335e-01
2.643140665096615827e+00,1.420721042103131770e+00,6.602152846033875200e-01,1.273328451493236813e+00,1.838757420167558831e-01,1.629131046589118448e-01
6.665734543135184431e-01,8.983977455042395643e-01,6.040360627716629960e-01,1.861469044977456688e+00,1.044895237732452964e+00,1.011978727856091220e+00
3.460289512889351382e+00,1.660847203794834748e+00,9.607631995110772483e-01,1.559595591265812375e+00,1.409561002520156592e-01,1.269612554640099644e-01
2.149336910892254426e+00,2.776086996661660589e+00,1.268611456297933593e+00,5.212875569015518185e-01,5.200042680400528416e-01,5.051634773170681214e-01
6.080025505171802180e-01,2.128204623722087518e+00,7.632619712059727224e-01,1.676435736720284453e+00,3.256916378368328591e+00,3.273485875074538587e+00
9.326322805888733747e-01,2.886216563684567138e+00,1.017002686905047248e+00,1.466354620861172853e+00,2.286786716151584464e+00,2.255547070133618437e+00
4.569436998471161360e+00,7.666964109697624874e-01,8.364881711102736261e-01,1.095251762075120094e+00,3.113121339709558344e-02,3.539263065840726752e-02
4.409073706145486327e+00,1.954991866720094951e+00,1.947715937316525814e+00,7.387770312541148687e-01,1.057110249440996186e-01,1.225369948291939459e-01
4.784732109565354996e+00,2.507497935201756789e+00,1.711783030456684784e+00,1.179069600630235692e+00,1.194836895021468837e-01,1.144444907255890986e-01
4.503457256560856159e+00,2.060680896067268009e+00,1.318848111430879211e+00,1.808913142918024297e+00,1.152112172699178427e-01,1.305798929087657601e-01
2.768742254362619892e+00,1.763996364848644971e+00,8.730562305613938090e-01,1.937900054981174458e+00,2.308195085055149420e-01,2.169585040011105526e-01
2.674187519160430515e+00,7.544959110478648423e-01,1.733068619641102703e+00,1.568306710494200118e+00,1.157723526016314758e-01,1.240560106449032779e-01
3.018093791474606657e+00,1.319176941876756048e+00,9.927433188476904036e-01,1.423883403432822492e+00,1.434212956985929932e-01,1.367448915825139333e-01
3.880754069294419573e+00,2.916362949500767243e+00,9.971899946867397446e-01,1.217960198484945300e+00,1.894721703058885875e-01,2.326500219948514914e-01
1.149049156928036997e+00,1.711602130201463234e+00,9.749088379120482983e-01,7.673585099954549626e-01,8.510244708506418121e-01,8.453464761007782879e-01
2.336552730726950688e+00,7.355118858757523359e-01,1.838107651258281017e+00,8.172445787345710144e-01,1.293731054101108224e-01,1.233875833344621892e-01
2.108448419086391468e+00,2.098471396696928615e+00,7.818969361311420840e-01,1.009620841410436620e+00,4.019281226374726290e-01,4.100048796598095291e-01
3.990334140272409513e+00,6.595693793070649402e-01,5.966789663070539707e-01,1.301631218576639659e+00,3.500659233488851579e-02,2.442891127249521149e-02
4.207921129068227240e-01,8.564184972691214481e-01,1.818668810114526746e+00,1.898425727714055933e+00,1.908010015559436612e+00,1.904089465713978191e+00
3.272973027217199515e+00,1.077610129617780244e+00,1.330278832820470214e+00,6.162978265831331459e-01,9.639212093199510389e-02,1.031604758547886580e-01
6.257939053332577384e-01,6.963698695793536508e-01,1.823982029835311547e+00,5.714756501644142617e-01,8.381011659666040003e-01,8.556057775112719810e-01
2.802319177480604662e+00,9.702635444523486363e-01,9.803835913939991098e-01,8.132247955771938486e-01,1.137999640317469696e-01,1.018828638920091095e-01
1.267747439744454141e+00,9.318438982794283731e-01,7.504308257290535078e-01,1.856546790938143676e+00,4.192259922586945575e-01,4.204403018388697677e-01
4.892370404205685475e+00,1.726806632002087838e+00,1.132237278854752338e+00,1.447760393880667129e+00,7.209878737646568947e-02,6.867863753497896462e-02
8.421298750786869736e-01,1.190990074443645685e+00,1.031759745548440410e+00,9.192755435359938332e-01,9.508446895338559246e-01,9.647984080675754415e-01
1.743395471410281505e+00,2.848962577389300144e+00,7.042603220315608592e-01,1.238292156828626034e+00,7.564980312585791733e-01,7.729277463027989237e-01
1.210180433990963866e+00,1.561837451154845846e+00,1.888739423152070884e+00,4.294577455075110350e-03,7.014720629970617738e-01,7.095513680348102259e-01
1.444473189245414346e+00,1.713250351212618261e+00,1.303199469152621859e+00,1.819073448660000647e+00,7.016706227416940056e-01,7.069966780452946464e-01
3.463503750431528694e+00,2.305790651235392286e+00,5.747626623968198345e-01,2.141724803737059535e-01,1.197518350714693730e-01,1.555944980799964517e-01
5.293287140105453759e-01,1.397205471921437514e+00,1.837435212803792073e+00,1.229731906787446372e+00,2.334071801333368779e+00,2.316635802138485190e+00
3.178127475282481740e+00,2.571548337582380217e+00,5.817844632030388929e-01,8.685253420273721936e-01,2.154905363855626477e-01,2.482432404143979920e-01
2.700956894552200893e+00,1.677304415570793461e+00,1.554149038307379715e+00,6.924011152893512211e-01,2.210469266806687760e-01,2.318205046756091348e-01
4.300031355846162251e-01,1.034630140267222886e+00,1.438381093068719085e+00,1.138406615035437497e+00,2.196038264888516167e+00,2.165387761652792342e+00
4.749028185001388458e+00,1.176540203980259935e+00,5.045893753960898342e-01,6.309257961841185924e-01,2.278700082201617905e-02,2.538919449118821545e-02
2.527092560957967304e+00,2.257462493650881363e+00,1.283320959954651119e+00,5.849041091951452387e-01,3.227367010362545141e-01,2.944608341084403169e-01
4.650693699172993578e-01,2.919128556255720319e+00,1.704210822117438351e+00,1.315083791331181251e+00,6.620931962063275833e+00,6.618481086644816713e+00
2.806877339930304416e+00,1.760312386024796005e+00,5.742436992472084167e-01,1.874611023821375344e+00,2.095791709434426386e-01,1.690137656099311991e-01
2.047658496599322309e+00,2.610523072178157822e+00,1.187604353726284812e+00,1.344274678517098920e+00,5.724821883326629557e-01,5.870868879016876152e-01
7.055904469979068505e-01,1.404422503032412894e+00,8.805088952250017531e-01,1.895691535743227352e+00,1.616030724542992347e+00,1.600264119591630063e+00
3.934213648474487623e+00,1.137750323326490953e+00,7.234622161936133944e-01,1.569505227263988889e+00,6.964191736074125394e-02,1.026981812591256649e-01
4.457130581790944568e+00,2.138141712195559485e+00,5.011353500879665024e-01,5.560050033510470779e-01,5.014091234284791948e-02,3.568635679751702011e-02
3.561293838375306553e+00,1.090560614869662048e+00,1.783482649023068412e+00,1.185943670327421762e+00,9.541458323270064767e-02,9.653853684878742347e-02
2.396334958843969520e+00,7.011819110297810020e-01,1.880505417596731510e+00,6.801165368650454734e-01,1.165073959805848908e-01,8.939085970037326245e-02
4.173941036389499537e+00,1.645261577364336203e+00,1.124223134771848986e+00,1.707940094010322651e+00,1.014311631641396927e-01,9.889897968451157040e-02
3.094918407896617429e-01,5.002812663040809849e-01,1.036410231762812773e+00,5.532996339660689600e-01,1.458314844044678926e+00,1.459233317985919154e+00
1.240793165990394131e+00,1.499329453824704617e+00,8.728892985250540359e-01,5.248786129686247026e-01,6.403985681098208760e-01,6.505757632816797642e-01
3.000886772705217531e+00,2.054606697799306936e+00,1.709761158851263563e+00,8.419843965101403427e-02,2.107290300100048419e-01,2.602044799089332505e-01
1.121177422474087360e+00,1.083272070198881165e+00,1.920255045715729914e+00,1.269823505449564127e+00,6.389381665970497171e-01,6.719600506749057178e-01
3.367770359983745188e+00,5.410767127282449795e-01,1.834361977568319757e+00,1.413049317558542795e+00,5.468370088925204875e-02,7.044448020846663661e-02
2.524443678725790452e+00,1.792490423908624564e+00,7.855387023251008127e-01,3.859741256225130979e-01,2.415777066818936281e-01,2.351748775991428508e-01
4.130528387406708468e+00,2.671093054126517874e+00,1.213399209422253211e+00,2.503611214054448642e-01,1.265656253792088737e-01,1.210265212023313441e-01
4.918274812944016361e+00,2.258740449852702170e+00,1.036668548581587412e+00,4.734273801568769091e-01,6.523315403632294618e-02,5.925534731652318948e-02
4.699040404800022830e-01,2.405139893337548962e+00,1.375731565431021597e+00,1.843377123925800998e+00,5.450258424375505228e+00,5.433394994010207313e+00
3.739730738941787980e+00,2.421882220254028439e+00,1.106591779210392978e+00,2.521137311153904825e-01,1.435542995410697686e-01,1.572275125395881379e-01
4.905438142908808419e-01,1.230294909073951892e+00,1.301401521403230177e+00,1.055182589983323593e+00,2.210992831054370278e+00,2.210159546780314344e+00
2.775839559213256091e+00,2.679657191317917686e+00,8.113155282917035027e-01,1.421809744686173271e-01,2.878456196817656410e-01,2.987271511826150583e-01
1.915668923333849971e+00,1.628096447159237847e+00,1.784100239846256430e+00,8.619714470690476027e-01,3.993789512080784254e-01,3.947953117567857273e-01
2.493373447312309032e+00,2.886820416861387795e+00,1.946817214384315431e+00,1.108015289440134055e-01,4.225799700661170277e-01,4.304476941820278846e-01
3.766068445511056684e+00,1.041608654944875978e+00,7.340174721017485027e-01,1.371234839225115021e+00,6.843112503099237076e-02,1.040650942840918580e-01
2.291427285765861299e-01,6.818337756156127583e-01,1.771628545054447557e+00,1.115260528767086035e+00,3.072741057375940166e+00,3.080284690840900730e+00
3.234739140046295258e+00,1.748617229525219363e+00,9.716124347442791631e-01,8.589938844451736610e-01,1.565304632110529892e-01,1.756293256601556274e-01
4.412841434139129326e+00,1.778110812988451084e+00,1.369324603773519611e+00,3.277674132631687165e-01,7.661262940693318313e-02,6.028028315272485060e-02
4.466757252844149484e+00,2.820870758115032739e+00,1.407968012213986153e+00,1.724621542264309637e+00,1.615038407899385964e-01,1.592264029872307585e-01
2.642856618066659280e+00,1.957173647511073034e+00,6.941578816702578258e-01,7.708521818986360241e-01,2.461948366979533898e-01,2.393472023599143295e-01
3.309828596643247689e+00,1.980386057918684273e+00,1.077169729698220557e+00,6.851687235152872368e-01,1.685619142379821689e-01,1.793970781567819917e-01
9.470351002050199085e-01,1.805670937510478247e+00,8.726013816153770364e-01,2.452101908252204421e-01,1.141750467637776101e+00,1.148535539209868839e+00
1.192808018349645893e+00,5.050006618025366656e-01,1.967257208261626200e+00,1.907209009551815937e+00,2.872346022050648595e-01,2.746897147335928824e-01
4.894801420131396519e+00,2.962829862446161755e+00,1.878236336354783598e+00,1.529385113237190286e+00,1.480579271157611287e-01,1.560706829901790105e-01
3.713559393531644659e-01,1.402975481768235833e+00,9.876570333753655895e-01,3.889133935907809203e-01,3.650015348340665877e+00,3.653575159625544799e+00
4.564343496761953389e+00,1.431929278180758214e+00,9.199857647636573432e-01,6.361288559155990896e-01,5.222620142894042472e-02,2.206068463416512374e-02
1.482739629057388431e+00,2.471551889044409034e+00,1.061922831729332328e+00,1.787219250080142929e+00,9.522481366060959740e-01,9.528691224540811744e-01
2.747803760125987260e+00,2.654097688928351406e+00,1.447974952428640272e+00,1.645705899635792502e+00,3.799682919972501294e-01,4.050109822457124142e-01
1.330781070480308026e+00,7.548280036671268789e-01,9.646746532459008483e-01,7.862903413685247145e-01,2.933633243707385874e-01,2.769476025258840179e-01
6.324802827900215529e-01,8.212757735734894649e-01,1.268567935740880559e+00,3.953692915554944953e-01,9.307289855780830345e-01,9.539903226862769259e-01
4.348172614590870566e+00,2.240828726484888733e+00,1.510252450965467785e+00,6.371777360220709507e-01,1.135394445485520820e-01,1.289717618545005995e-01
3.232227992273490447e+00,2.382168579143576714e+00,1.026056539730930472e+00,1.072293511179398307e+00,2.211761598141255003e-01,2.261534677764411860e-01
4.407956553694087454e+00,7.896515599813176411e-01,9.193775403725563677e-01,3.527776214957378809e-01,2.795403271158849665e-02,3.845935524067295441e-02
3.230206841429262621e+00,8.865903496166609443e-01,9.901775273332301675e-01,3.093420722280051383e-01,7.328704387068993298e-02,5.885409974627738017e-02
3.653663253125976507e+00,1.952140232209824244e+00,1.888288299495461953e+00,1.721092569908700298e+00,1.799631192800068280e-01,1.957859471097064263e-01
7.656773105701446536e-01,2.064006222814235958e+00,5.225237421890764900e-01,6.907237557357071012e-02,1.826396452259154035e+00,1.799703142834216951e+00
2.388383044483006756e-01,9.945192661239788956e-01,1.689206741076173302e+00,1.051204736520489957e+00,4.511650983430558703e+00,4.490964111621382315e+00
6.189578562157024288e-01,2.673264004262076110e+00,1.364781989838719234e+00,1.322546903957966702e+00,3.944108629008192590e+00,3.956688398180512323e+00
4.283852677942324938e+00,1.344616693177558719e+00,9.372319517517617715e-01,1.848679813932107230e+00,7.627389399199871467e-02,5.604676777815752881e-02
3.587767234602468602e-01,1.431239267821902139e+00,7.080674819925008023e-01,1.553187749072552748e+00,4.589244051099514721e+00,4.631277530607991189e+00
6.671734559816915322e-01,1.202758449962892717e+00,1.193868274049334044e+00,1.211680628532652682e+00,1.410576418649803987e+00,1.419230305884917165e+00
6.985997406672641574e-01,2.284673584488586595e+00,1.025312175185058239e+00,1.850211595140839549e+00,2.870026548749830209e+00,2.890087067786351049e+00
5.124722129805208137e-01,1.867090450621482267e+00,6.301438866397184313e-01,6.902964114731560130e-01,3.304384055182212343e+00,3.325753190314770347e+00
1.790435576425564612e+00,2.332887525001533291e+00,1.195278674977733102e+00,1.849024429631613842e+00,6.780203603008005953e-01,6.721676168030484844e-01
3.069459223234985323e+00,2.006196161678444057e+00,1.355479659896494216e+00,2.982786615675174779e-01,1.958739545900842205e-01,1.984186642409246359e-01
4.599596159743212453e+00,7.109979017739258556e-01,8.843824911772972808e-01,2.874922448225043503e-01,2.040511298341152538e-02,3.196128721906353609e-02
1.016747968706672278e+00,2.086187728090486804e+00,5.925135910089163183e-01,6.940852301489219833e-01,1.226443561718087327e+00,1.228655602413238679e+00
4.374556883004938612e-01,8.990734741384525108e-01,1.735872569591583314e+00,5.020369459632274545e-01,1.752937810110887229e+00,1.786574461819426585e+00
4.830353189984141871e+00,9.799884215095218121e-01,1.340070186525014861e+00,1.382610119721477737e+00,4.398354992259505269e-02,6.681483097509235969e-02
8.707494828379296337e-01,1.894456389161983223e+00,1.464449386514742324e+00,1.680852203563425906e+00,1.670009627289058329e+00,1.676577446681352779e+00
3.744112714449580270e+00,1.807400874701156290e+00,6.834226554956031041e-01,1.407598238185060913e+00,1.188439840224462390e-01,1.463933383582234349e-01
4.658589852466231029e+00,1.344475882050510496e+00,1.943152652872962127e+00,1.809230430828667968e+00,7.899008169701031423e-02,8.265143250290171717e-02
2.168720583816766911e+00,2.169247743778569770e+00,1.281799670621755372e+00,2.505799075694339351e-01,3.922407692722426065e-01,4.100323217168084788e-01
4.931334209986011352e+00,1.242248634802046947e+00,1.159864192057959986e+00,1.088650347960252285e+00,4.733070231329943728e-02,5.282148756217439761e-02
1.701402136511981800e+00,7.332479089246697335e-01,1.748874196785874080e+00,1.263188804164053991e+00,2.262975823306207501e-01,2.231772224947448924e-01
9.906462497733214967e-01,1.327092581010761219e+00,1.626480381966305178e+00,2.811984624883197004e-01,8.143256228901915028e-01,7.977563984874513903e-01
4.330282934809551953e+00,1.495426543972963485e+00,1.157544208308905809e+00,1.999170611511121409e+00,8.977226950501160374e-02,7.757627786472773290e-02
3.353329740670187853e+00,1.836806401626701390e+00,6.168228179689844159e-01,4.096777479471835903e-02,9.951060870620680177e-02,1.026516700183031233e-01
1.651770287750129018e+00,1.070597255624776034e+00,6.797492652826795378e-01,1.487567899004960115e+00,3.059796453096567670e-01,3.166038457272810080e-01
3.882988515266510010e-01,2.456441973800421508e+00,1.340783843951496079e+00,7.351715838482002496e-01,6.872317367816089373e+00,6.831670069101492437e+00
1.628669727874222373e+00,2.892574585320094815e+00,1.331794802891415941e+00,1.379094505902629608e+00,9.527343810113790834e-01,9.464477004709079822e-01
3.197156459243798654e+00,7.489007199463602049e-01,8.480822411119851578e-01,6.186048951934999263e-01,6.472952231656237121e-02,7.821367207744805983e-02
2.937885442485658416e+00,2.866384352101450261e+00,6.322778958709099895e-01,1.736944367689380986e+00,3.156680252148409971e-01,3.142762867420524908e-01
1.515393246290054341e+00,1.146360115089994025e+00,6.241226276439666432e-01,1.410753083817049003e-01,3.679195663082983070e-01,3.475800707654503885e-01
2.202391523349698677e+00,1.472391239946172270e+00,1.230288488111180856e+00,6.602782188250213569e-01,2.655592152945455697e-01,2.469816113765205545e-01
1.823875405802300786e+00,2.226066384176454527e+00,1.575359260086510282e+00,4.527091500576490013e-01,5.522465992998164541e-01,5.875514865827653477e-01
5.652731760934260885e-01,1.219825142324709510e+00,1.734004973683396233e+00,2.010070252570843596e-01,1.660730746621632559e+00,1.630445701260990310e+00
3.278573316328139420e+00,1.229138769602161174e+00,1.954964871605592514e+00,1.969161247947312399e+00,1.446328718242328448e-01,1.395231710521270818e-01
2.793626369254948560e+00,6.142243368468642828e-01,9.364848134893651865e-01,3.771759724512795398e-01,6.911587694416186645e-02,8.715098484843301907e-02
4.367695709283243133e+00,2.295928107264606055e+00,1.792131794942345202e+00,1.484258687669129717e+00,1.419060214176356416e-01,1.034455521455567573e-01
4.064708265860244474e+00,1.577060941473846789e+00,1.098377552981028460e+00,5.096488832250376522e-01,8.173854897949954512e-02,9.664834681566604468e-02
2.135283325706277768e+00,2.562414960895831761e+00,9.993631209593676346e-01,3.309561696281360099e-02,4.677702805920173068e-01,4.380881002352143838e-01
3.882509200096118107e+00,2.982142191353517546e+00,5.008655211689593267e-01,1.867515520997062195e+00,1.777786158787994231e-01,1.993411513534240898e-01
3.192537614138054813e+00,2.793608135299054940e+00,7.890559625794070220e-01,1.566816016790482546e+00,2.678543597389725917e-01,3.225268196869205961e-01
4.596921776951786498e+00,1.712937610283671752e+00,1.935018169184740788e+00,7.716519355265123448e-01,8.501913324691545704e-02,6.134820612310045579e-02
1.285054230831162769e+00,2.380419082358761429e+00,1.384275017533427743e+00,2.935276189549018699e-01,9.917887412357271337e-01,9.917816906423291279e-01
1.647265069140480875e+00,1.300350112937002978e+00,5.938219622440432666e-01,1.967624901529202441e+00,3.829531267308770026e-01,3.916415751675184631e-01
2.511043984834604892e+00,2.687324970506993704e+00,1.723503448578587172e+00,1.166508764940654252e+00,4.379309081042391805e-01,4.278642164111104984e-01
8.536688929742703991e-01,7.724235866830415631e-01,8.842380961579727749e-01,9.386504794876548985e-02,5.416942704285940824e-01,5.539567699210152796e-01
2.977451914076810091e+00,1.777147537775956465e+00,1.981398115254750181e+00,9.852584256874774571e-01,2.148915826459878442e-01,2.019700438192218173e-01
2.093949464761167611e+00,1.756269605766413777e+00,6.497069258080132581e-01,3.750003326422890471e-01,3.306742044939050551e-01,3.206875756448078207e-01
3.747332211287520032e+00,2.854432428653241871e+00,8.413819895459182518e-01,1.288192835920379808e+00,1.939138205429672412e-01,1.789003373251762674e-01
4.063981569312870690e+00,2.572737057469074440e+00,1.920851505531001813e+00,1.747129787406102253e+00,1.956924665485034187e-01,1.959667366065481198e-01
6.677164985951602461e-01,2.572062871363202774e+00,9.817189899528201424e-01,8.603310704165834100e-01,3.182000072795043266e+00,3.192783348778998054e+00
4.979971878799533513e+00,2.672095152243178173e+00,8.393152766180644875e-01,1.772424407366319121e+00,1.024172048497848792e-01,1.231603599051432768e-01
3.958685179369361595e+00,2.388060693014527391e+00,1.009235558034227154e+00,4.157913759094731265e-01,1.244749271915053523e-01,1.235825223266335815e-01
3.825402596574088321e+00,1.700973694275301540e+00,1.180314833245546646e+00,1.443859279957648845e-01,9.383140898344116687e-02,7.367206338836072843e-02
1.369743677914710744e+00,9.107004236955674736e-01,8.392697102295780809e-01,7.227465119176679220e-01,3.347616585420774005e-01,3.263440733382699244e-01
1.425503733545830487e+00,1.113547767258940002e+00,1.701094547266785106e+00,6.147382874793261287e-02,3.879765724090050716e-01,3.789039486672217127e-01
4.414734301495270685e+00,1.482327478485549355e+00,1.416878279843369004e+00,7.955184095282434864e-01,7.370246725990975412e-02,6.709678479434749709e-02
4.277082470712979534e-01,1.909400894972472784e+00,1.183677891891854017e+00,8.474376048307294962e-01,4.439703449512593103e+00,4.452571901830666867e+00
7.822418599822165142e-01,2.904500483728369442e+00,8.169083469388108698e-01,2.124459526155166866e-01,2.570794667575120762e+00,2.569185202010915603e+00
3.100291428069912314e+00,5.715971129677756002e-01,1.091235520166361272e+00,1.627548412454258742e+00,6.137810506533504518e-02,6.440183682227576534e-02
1.335703003762623853e+00,2.771384386929896859e+00,6.356303892667203304e-01,5.424096141356280487e-01,1.079888864725898845e+00,1.082040407718543928e+00
2.693512550885369894e+00,1.437004752437538890e+00,1.907167046843105007e+00,6.648170744847154978e-01,1.960920197595467096e-01,1.953902622753466711e-01
2.745744824642803561e+00,1.752027316970869553e+00,9.686567065901097173e-01,1.250299567120274347e+00,2.216100230899427093e-01,2.132338932132411269e-01
2.124433925628076203e+00,2.274364095887380532e+00,5.491256235823958054e-01,3.823086691604893339e-01,4.146784740830528060e-01,4.303176704477555403e-01
4.038181430129307969e+00,6.081491916662979946e-01,1.294930701491360914e+00,2.620291348497683082e-01,3.152709008014982495e-02,3.076116267892866490e-02
1.171709014352242395e+00,1.163645359580627980e+00,1.885899084357448574e+00,1.577162161159946452e+00,6.650437901527620488e-01,6.637876530550075316e-01
3.823971486353805460e+00,2.373489078786092499e+00,6.829511855856442715e-01,3.553375788843118332e-01,1.090120509663752291e-01,8.754996949411039675e-02
2.188501786488179945e+00,1.046963520159125860e+00,1.018305728747669336e+00,1.297703991363858833e+00,1.967669593995252653e-01,1.836040843882825180e-01
4.538178381490763691e+00,7.162275344044689573e-01,1.197451739627077405e+00,1.898780825858662924e+00,3.878078329460584589e-02,2.767427533740240281e-02
9.416051316206892619e-01,9.332741514928970528e-01,1.382836342512816064e+00,8.802562074892661403e-01,6.436659185201062394e-01,6.558667037315191184e-01
1.295876352693897005e+00,5.349860798197920708e-01,1.021362968933630100e+00,1.423711694225242574e+00,2.305797649687325312e-01,1.963025991394981296e-01
1.776488546692023496e+00,2.731663469168672975e+00,6.818362737105174709e-01,9.549112732403461923e-01,6.888536334542338935e-01,7.041988073489372502e-01
1.199414828051215132e+00,1.860579705134549400e+00,1.576955118852419790e+00,8.052255624405850742e-01,9.275689887501081810e-01,9.307199788493525361e-01
1.665414427587172730e+00,2.254096616402526010e+00,7.168692896040688156e-01,1.062694227160697835e+00,6.325744936678985297e-01,6.189986011964030421e-01
2.043157766220271565e+00,6.237533627065207087e-01,1.387010186022180847e+00,8.459091417600350660e-02,1.232427084840527626e-01,1.068166654752330663e-01
3.930897360599062917e+00,2.487471237849500305e+00,1.690695020612473565e+00,4.482260201738959005e-01,1.563009619948729501e-01,1.670577968193333318e-01
3.532110554724260165e+00,1.611445463957698720e+00,7.880048606224283603e-01,1.789304863333021300e+00,1.295028790210347447e-01,1.343652493454699504e-01
3.959025311800304259e+00,1.053069635585162978e+00,7.880178999920963712e-01,1.709797942053633113e+00,6.627287957437108523e-02,2.720199192039339520e-02
2.839804373008938398e+00,2.485054011769721960e+00,1.972772656799664404e+00,1.911929006697389299e+00,3.767008396917558843e-01,3.634434400282990363e-01
1.596220393467898235e+00,1.271611389477814935e+00,1.241963686579063531e+00,1.845750399388950580e+00,4.387225809237279561e-01,4.209312519964651944e-01
8.908124689879521885e-01,5.822448495113808908e-01,1.972598537893556658e+00,1.948453652135562875e+00,4.942297925940194459e-01,4.933260378591682871e-01
4.767990575051648250e+00,8.535608335209167175e-01,1.199398556639252655e+00,9.885621532382480314e-01,3.492916559763976914e-02,2.273345313108246502e-02
3.207013399993907221e+00,8.843938902670975821e-01,1.342854237828227770e+00,4.555499975088150855e-01,8.069772453906302878e-02,9.039802680329722673e-02
1.205218670655447966e+00,1.347245935556981244e+00,1.816013719058606313e+00,9.646642697943224043e-01,6.877389566583063107e-01,6.778265641568693711e-01
1.673703692269337573e+00,1.181319009164802480e+00,6.288878178358205950e-01,2.423442967277220639e-01,3.233694815721142035e-01,3.183697543115463491e-01
2.941317555331389944e+00,6.137299844649151126e-01,9.306487003974561745e-01,3.266465701076382011e-02,5.808148171623560285e-02,8.340945641454070025e-02
2.428233603236745086e+00,8.180984196235231432e-01,8.440318536595583510e-01,3.786156430602007905e-01,1.191679272716275884e-01,1.148773140598316478e-01
4.131117039763362309e-01,2.946313948873029442e+00,1.985567404252101875e+00,5.867189523572324816e-02,6.963619691017657765e+00,6.954170873494674332e+00
1.681821042891144202e+00,2.940594094636790778e+00,1.988115899879824955e+00,1.487150578602641104e+00,1.005286011662450685e+00,1.006525568035347984e+00
2.936484902945475373e+00,2.781622821038687299e+00,1.195716365007809534e+00,1.580544992991950393e+00,3.365611913626085916e-01,3.110869952277378614e-01
4.094705041112565169e+00,2.463348420825130169e+00,1.660876981674444641e+00,5.065599702861471876e-01,1.426676045383089564e-01,1.112051077175631036e-01
1.123405004647927363e+00,9.344380352646043386e-01,1.351457540980476546e+00,9.246585994283276211e-01,4.983811614151511526e-01,4.982049134906162968e-01
1.334201764896509435e+00,2.230423320706782064e+00,6.533563517038146751e-01,1.969789683775041711e+00,9.657213113006413163e-01,9.543139647072989007e-01
2.221650822133598879e+00,1.239968065293667099e+00,1.707755977807309478e+00,1.426549350868334676e+00,2.549197990455936980e-01,2.266905716325930686e-01
1.596792165993816015e+00,7.668006255761767864e-01,1.204853536380448009e+00,4.672324596022885412e-01,2.253086687869294003e-01,2.440900919621594722e-01
4.191060640518659675e+00,6.479629617360436189e-01,1.636190612784678144e+00,1.107419539503666117e+00,3.978414385252457275e-02,5.371013614353260801e-02
2.856717654138647866e+00,1.003906978438825259e+00,7.687661316110274701e-01,1.367986622539873798e+00,1.154516481929542815e-01,1.201225641009225215e-01
1.244391842191693742e+00,2.272883386980665055e+00,6.002265387750275183e-01,2.909283368987167773e-01,9.809175209832950992e-01,9.704214865497133857e-01
2.555243680536265494e+00,8.409790431530046462e-01,1.289132014388798098e+00,4.954519755154285221e-01,1.166666524501409063e-01,1.128176246250946479e-01
2.695521175584954854e+00,2.364907052379674468e+00,1.663383462148100733e+00,7.780437303398097804e-01,3.202607480746260116e-01,3.088745827922532716e-01
1.482289988931419833e+00,2.932091235913164340e+00,9.561542686249464573e-01,1.619315878069200298e+00,1.102284918826686333e+00,1.119552383966678777e+00
3.070153566123314803e+00,1.719404491388200507e+00,1.825644196251285489e+00,7.053806401344415722e-01,1.855835607871720305e-01,1.569109390655144542e-01
3.904989931584349261e+00,2.106170309121040418e+00,1.171316178898980542e+00,1.582720863920976662e+00,1.477036016561098231e-01,1.531787720580957135e-01
1.239173650621610445e+00,2.676931363301100486e+00,5.182385034844837479e-01,8.419464721781824146e-01,1.184557677447574786e+00,1.184944765653254128e+00
1.639728797266201354e+00,1.160368558798405836e+00,1.730629733104569912e+00,1.863753609487950325e+00,4.095732751891412726e-01,3.869776734937538376e-01
9.360839787177477334e-01,2.744769115425026662e+00,1.785484544217605052e+00,1.080142952173868354e+00,2.147954708456154105e+00,2.160343145455563274e+00
1.733776487777346498e+00,2.058064231708140568e+00,7.661217671498763426e-01,1.680945534224298044e+00,5.714679408213385603e-01,5.646878078028505499e-01
3.954008177449341854e+00,1.635261687292224764e+00,6.259754465721941719e-01,1.781055722857760593e+00,9.824934919413233492e-02,1.356424093657534469e-01
3.775337407649860477e+00,1.795030558400153797e+00,1.252071777237294015e+00,1.337148821433384649e+00,1.321787055987343751e-01,1.556667136125411965e-01
4.639504575877546166e+00,8.600918897177540767e-01,1.488792409769551739e+00,1.541661949934480580e+00,4.478928382992683477e-02,4.369169789624314376e-02
2.066181235041883113e+00,2.215397555345433478e+00,1.916558505878412921e+00,2.905387092602687016e-01,4.517177197893861851e-01,4.442086413961825464e-01
6.731380005035049185e-01,2.684145881804655076e+00,1.423712241865467520e+00,5.244299505432963304e-01,3.176292900458649981e+00,3.162668081848849511e+00
1.004214880076289784e+00,2.017392000941386598e+00,1.080980455863683742e+00,1.355806427069756070e+00,1.355062716271902667e+00,1.340658230877177726e+00
2.665996623094348816e+00,1.496883605616783131e+00,1.487684455673436990e+00,3.156473124405301256e-01,1.927566059405581012e-01,1.990743259855255187e-01
7.307663871102012543e-01,1.519857641761680034e+00,1.694974227139864009e+00,9.941378375581759741e-01,1.601644854207475488e+00,1.572994347194428544e+00
3.567139487164192158e+00,7.394275932756551040e-01,1.378248357529206158e+00,5.103381961517832188e-01,5.506626707047653640e-02,7.449841480148911010e-02
1.647689107335407854e+00,2.398504321966110631e+00,9.758939764078962131e-01,1.265623520538301960e+00,7.218013593539747141e-01,7.357765469727589602e-01
2.485525536091290011e+00,1.228786969441391097e+00,1.347001872306055947e+00,5.791773533132382745e-01,1.811372203061305253e-01,1.784665546703403938e-01
2.180851939102498527e+00,5.433307493095294038e-01,1.076802274247491198e+00,1.102867791534029029e+00,1.013098524020872304e-01,1.163115087128603342e-01
1.992521679015935909e+00,2.748107578935514717e+00,1.290793659709338126e+00,1.949880042441615613e+00,6.921804614632047770e-01,7.381379661839063688e-01
4.226863744205453521e+00,9.510181699825379642e-01,7.552339024368110998e-01,1.825038321428666732e+00,5.214623800064460690e-02,5.808851949116099894e-02
3.885821542832857967e-01,1.582495909724645378e+00,1.851797892119642519e+00,1.253738700826269481e+00,4.071142729271707950e+00,4.105531627128011785e+00
4.413263539579578953e+00,7.468663099683993112e-01,1.482647609513273679e+00,5.459241144755941910e-01,3.549253533747256939e-02,2.962823190072452414e-02
6.397019425569304696e-01,2.871922580356550903e+00,1.609321372842588582e+00,5.676366206298519845e-01,3.745674940742956593e+00,3.733556156460399844e+00
7.951630235872273467e-01,2.416090905588373694e+00,1.766892116212224195e+00,6.505048006798530569e-01,2.258472718358085274e+00,2.278506967224712021e+00
1.138038662691871483e+00,2.441487641266075315e+00,9.688357195134789102e-01,1.631485270357397876e+00,1.396570642537964035e+00,1.358261575787591990e+00
4.325257339308366866e+00,1.757213658753668639e+00,5.918485292522709384e-01,1.832941175455968130e+00,8.477914008038656135e-02,1.039713751979770839e-01
4.896397511153177895e+00,2.281487763769630472e+00,5.598918952703669794e-01,1.797671579535064179e+00,7.694522456128496946e-02,7.692884613769279678e-02
9.652358334242912008e-01,1.449200133930579781e+00,6.918838495436920866e-01,1.970706169752681314e+00,1.024643728891845962e+00,1.015037769628804432e+00
2.821495733923430116e+00,2.609963466129889831e+00,1.788832304756790892e+00,8.367022308467799707e-01,3.333539189160727445e-01,3.350723396245012253e-01
3.052614280628282106e+00,9.032292737800644566e-01,1.956223013909157871e+00,9.289579087436825588e-01,1.030337624354255716e-01,1.052606484178411073e-01
1.136977944652216577e+00,1.357268688742277352e+00,1.726916978198195007e+00,4.019710573783625840e-01,6.958580553238266075e-01,7.208099000378220822e-01
3.684435506646654535e+00,7.986784796685881815e-01,9.892828944096395682e-01,1.159622338510012618e+00,5.718135484128285262e-02,7.401741803013194010e-02
2.406845442784692590e+00,1.538328800228112359e+00,1.037497691617205620e+00,1.956486194964634606e+00,2.657192894812915318e-01,2.697375718575966697e-01
1.366726051901189010e+00,2.656829932086744783e+00,1.407994555989394492e+00,1.474555310831358712e+00,1.179786894413935361e+00,1.175375979587874653e+00
1.370023231290919297e+00,2.301265896713895476e+00,6.067525586563411455e-01,1.630726496772750167e+00,9.160504451770543621e-01,8.971594900272585882e-01
3.200307542419696727e+00,2.921701624342059489e+00,1.183422716429146426e+00,1.804127213434770116e+00,3.099952928921447803e-01,3.139773294571424622e-01
3.675437162579715533e-01,2.926338958811067315e+00,1.825463689267632805e+00,8.741312379957111300e-01,9.027705795432607871e+00,8.976202812262014774e+00
4.105981339421360232e+00,2.865792282016479398e+00,9.038532744823221110e-01,5.405905774697696842e-01,1.348425073827168030e-01,1.541609577636325057e-01
4.050599715965141456e+00,2.198245424803855208e+00,1.103434305828440376e+00,6.880127433874663190e-01,1.206704709480150989e-01,1.206485521528968818e-01
2.821949870852898723e+00,9.110606915644845483e-01,1.080523401806767314e+00,8.964016881000096415e-01,1.075692785377332650e-01,7.433144045823801560e-02
3.234608512371845990e-01,1.343046191650615118e+00,1.318287420514727470e+00,7.370859743977173917e-01,4.291609384920246129e+00,4.302907285993265774e+00
3.542803676561521620e+00,2.695347332917248373e+00,1.080857138302170561e+00,2.850626184174136490e-01,1.830075145312294038e-01,1.652294971587537908e-01
2.005174972272583123e+00,2.186354457640561577e+00,1.376761182984041820e+00,1.012584672132575525e+00,4.872372922988696398e-01,4.779166074778872786e-01
5.277622211448964595e-01,1.018306433687381274e+00,5.629063881546220172e-01,1.994793983823391459e+00,1.739875070068458429e+00,1.704153087582608972e+00
1.698691918527879707e+00,1.315509638372739820e+00,1.391951575340266478e+00,6.326626528408416661e-01,3.641326035915475323e-01,3.491541489972313506e-01
2.093551792206643558e+00,2.017244691016326197e+00,7.924385201233085096e-01,1.251059753594262469e+00,3.972355667370237597e-01,4.004249441650392094e-01
7.887762712448420643e-01,1.308873682480402367e+00,1.089429137516527035e+00,1.240353390607371598e+00,1.207203796826616937e+00,1.205514386478047539e+00
4.748099661537179550e+00,7.821913106665019377e-01,9.423382009978026330e-01,1.590689390945096982e-01,1.915517024723670941e-02,2.493406837677135390e-02
2.244999001726668109e+00,1.316829490218633936e+00,6.665463607892948561e-01,1.035594905898720164e-01,2.141279377952772234e-01,1.995010304659300404e-01
4.088135686534160484e+00,2.458191577368055825e+00,1.883610857836742536e+00,1.621681201189169252e+00,1.799630486660936390e-01,1.911795903687519838e-01
3.068220561738445262e+00,2.489026650597102375e+00,7.845468503486583423e-01,3.373976516707519746e-01,2.197628016353357916e-01,1.900893774935580594e-01
2.032155790263697526e+00,2.119746395204372469e+00,7.599761063062900890e-01,1.502346908035870454e+00,4.454736207766715195e-01,4.340081096399389660e-01
2.660683649216185831e+00,2.748019785236171408e+00,1.947770920925213867e+00,1.566394251148890859e+00,4.424625397378075253e-01,3.893639180869760130e-01
2.629335948380291832e+00,6.551608211512334190e-01,5.285630694052292355e-01,6.199838817021048332e-01,7.886196630916472716e-02,7.258061591424623538e-02
2.018703217726402155e+00,6.963351049116004443e-01,1.833812099428679065e+00,1.438977948829685438e+00,1.694953692861215500e-01,1.583930198021524238e-01
7.419872437411534349e-01,1.988283772960495632e+00,1.132565495201802719e+00,1.853841207067845831e+00,2.233184610688294658e+00,2.229116028839374763e+00
4.214133692967122258e+00,1.094742848772919830e+00,1.323395553668472502e+00,2.676084107199945272e-01,5.135885841064021656e-02,6.256497341377767474e-02
2.614514431825229579e+00,1.732760111082209953e+00,7.442897811218764925e-01,1.300387195005971552e+00,2.322416951012288566e-01,2.582513390484265647e-01
2.622512179615892780e+00,2.972218813016025418e+00,1.087057413539714190e+00,1.527758354071803160e+00,4.296738792717377242e-01,4.058875152127062180e-01
2.362440367251942508e+00,1.060345383751150283e+00,1.247230379921072885e+00,1.232795327770978000e+00,1.799660074109964425e-01,1.749014772307095900e-01
2.214828019651747582e+00,8.168968409677008768e-01,1.232555336736272267e+00,8.493082930935136332e-02,1.407484134733139047e-01,1.013130446637209303e-01
4.601609760341557553e+00,2.294749455698572582e+00,1.706891901880667639e+00,5.267317427852058476e-01,1.030175710153713731e-01,1.393017456127023379e-01
4.632213278171048110e+00,2.699512257644750779e+00,1.804885080524151197e+00,9.251386370705660944e-02,1.050275096756608517e-01,1.307557722135476164e-01
3.747505941192391887e+00,8.827224990258402126e-01,6.859557175073345281e-01,2.207617170964732978e-01,4.014170261368191911e-02,4.918431466102819033e-02
4.262094030635271702e-01,5.199018643267395712e-01,6.214363751228261235e-01,1.407512624931052780e+00,1.048366502904881647e+00,1.072360488763138164e+00
2.047738443175088907e+00,1.382852212394190872e+00,1.330770590378589580e+00,4.775790305287221926e-01,2.788451042753563591e-01,2.957949436072285776e-01
3.497793438336007643e+00,7.385660955642985304e-01,1.103814535990186529e+00,1.079349845641750738e+00,5.945966125894503601e-02,4.656265644461799608e-02
2.848859468316374155e+00,1.480539130100311018e+00,1.051770191547374056e+00,7.927016487628257835e-01,1.697901534195588313e-01,1.840101868189673862e-01
4.096431875384330290e+00,1.136275519214549723e+00,1.794791648661174577e+00,2.058179725913089619e-02,5.896416885544858433e-02,8.229816354556251934e-02
1.570771434108548581e+00,2.261030647453445841e+00,1.517692358613953907e+00,6.690024479378429145e-01,7.275851596572524560e-01,7.435908838975762158e-01
4.329952801720021505e+00,1.610563697135186878e+00,1.753857741145173010e+00,1.250539186223054600e+00,9.666870025791760024e-02,9.487057076742441697e-02
1.664871875796011480e+00,2.984069572247685986e+00,1.023255647132113033e+00,1.115494574872044620e+00,8.817843076263891522e-01,8.740102915126722882e-01
2.421476191445493420e+00,5.905565457118467920e-01,1.140739551082760928e+00,1.388703097600040293e+00,9.599282709734779928e-02,1.434407383718058204e-01
1.433725164908876692e+00,8.194756262666420543e-01,1.573485347760111397e+00,4.323161508496455863e-01,2.911282026847645255e-01,2.965433242963672056e-01
3.731969255658978302e+00,6.592383737844993430e-01,1.690175521972488326e+00,6.418267511556827731e-01,4.777425781142852212e-02,5.869701681363768270e-02
9.429960715847993669e-01,2.147964048874904552e+00,1.237109345600231336e+00,4.967604160546519321e-01,1.454624194044985330e+00,1.426574420937589904e+00
4.026330195579585158e+00,1.560939655954752148e+00,1.658805508853391730e+00,1.398191916252240929e+00,1.094335312598416765e-01,1.230898983041506523e-01
3.523513178198208085e+00,9.644427326755060648e-01,1.715381051703157578e+00,1.308422342816714545e+00,8.685156941617265536e-02,9.179075680141486615e-02
1.119149851257296380e+00,1.527624267527295965e+00,1.513918568453746172e+00,1.749780219774192513e+00,9.298126809195323972e-01,9.125769374631057529e-01
3.846621154252936048e+00,1.075768954345043937e+00,1.451354953681684989e+00,8.318959174502671416e-01,7.310445764135216351e-02,9.889485636728452544e-02
5.622017431912050833e-01,2.035316463252804020e+00,1.464969295564874319e+00,1.353812209784862830e+00,3.310356313808638262e+00,3.310302453863849692e+00
2.266128747396218834e+00,1.729662467469103238e+00,1.080809282995432108e+00,6.365425653496914471e-01,2.937505145520232230e-01,3.067144475407487247e-01
4.112962686243421651e+00,5.808902956606785128e-01,1.752256731140502621e+00,9.321344775168087793e-01,3.661094369429244294e-02,4.582270286352885941e-02
1.438653026878579544e+00,6.603287673472048036e-01,8.890880028186747275e-01,1.381549194025400329e+00,2.376080789008250538e-01,2.236241200057532408e-01
3.113554528079253814e+00,9.488231793961960925e-01,6.499048223314406458e-01,1.277236009488031732e+00,8.967463943269464444e-02,9.546255896700914234e-02
2.566269347752981655e+00,1.841468293789025878e+00,1.255152057039047753e+00,1.939737174439379652e+00,2.970375105724275544e-01,3.247214556366050942e-01
2.044166591624304030e-01,2.695221071655579781e+00,8.211346233933161098e-01,3.123936569217005133e-01,2.537577764524018420e+01,2.535366391442963518e+01
2.231012403618260809e+00,7.145029022458533330e-01,9.994350443511255122e-01,8.510715838597380234e-01,1.249269614534413986e-01,1.041910607310858466e-01
4.979545252996322446e+00,1.529648353700682417e+00,6.902286789166165448e-01,1.962033359552640688e+00,5.639891152940333663e-02,3.816488923918993220e-02
4.520642962438873869e-01,1.581753205821966768e+00,9.284951290817244907e-01,1.457815334501856741e+00,3.492666215200615820e+00,3.507474202109383654e+00
1.025338093780351345e+00,2.129833846197051628e+00,1.773759344763213619e+00,4.241965112122514370e-02,1.235469283935431539e+00,1.226220642058869714e+00
2.858832926857671208e-01,1.414619910938123892e+00,8.281193917258073967e-01,5.025557223133587659e-01,5.745655755604061277e+00,5.751534207295549983e+00
2.751138081624248333e+00,1.702783372949011387e+00,1.072855778185626940e+00,1.054635136913316007e+00,2.137811472080757558e-01,2.366172605348629554e-01
1.479020434106142146e+00,1.809228297245230710e+00,1.662957497431960086e+00,1.812532029275431222e+00,7.465877119514610083e-01,7.240661281109798120e-01
4.274861611646629811e-01,2.560173129931865965e+00,7.876904208499874160e-01,1.926594818399297582e+00,7.554596641633408716e+00,7.584051878133826641e+00
6.486681767131186049e-01,2.566035033845400992e+00,9.793496142138262694e-01,1.757601200135162411e+00,3.677381993000434335e+00,3.677946042073333199e+00
5.785815976914319148e-01,2.093382892152459540e+00,1.789704471004252007e+00,1.350809227722546968e+00,3.272992537974282801e+00,3.269470397088753977e+00
3.422752862420929798e+00,2.975363143675655575e+00,1.188151471259674796e+00,9.569288127671053967e-01,2.503130002206608862e-01,2.808859791843828502e-01
7.992166860971914311e-01,1.502787026417856442e+00,6.887283822761312013e-01,1.515229778060851018e+00,1.370580216955499253e+00,1.379702685639722315e+00
4.799933880899446947e+00,5.308267659729286603e-01,9.467593891614947132e-01,1.940455487109261412e+00,2.383852164764193107e-02,-2.489232217218861898e-03
2.612177660259719314e+00,2.674383422853289449e+00,1.592604708496630606e+00,1.658415542858737490e+00,4.286307913257214608e-01,4.274233909253881136e-01
1.667924068915114910e+00,2.364684137212019976e+00,1.935568254169315772e+00,9.942062471638457577e-01,7.554474079723176860e-01,7.399937032532319936e-01
4.539914724720497397e+00,1.562530492463867660e+00,8.266021229948556925e-01,1.809054603634922431e+00,7.473045482992080046e-02,8.002022745950214400e-02
3.959759938561980608e+00,1.249722565642725547e+00,7.819208493629300483e-01,1.723103165725316188e+00,7.862279553826721779e-02,6.919253098411258518e-02
1.865277161999576272e+00,1.899488745065641027e+00,6.556148897563454092e-01,1.294855296071929729e+00,4.455478451592558842e-01,4.387370601155796690e-01
3.012096907832702897e+00,5.308637755867857688e-01,1.139747036994264606e+00,1.115590843764069806e+00,5.729500274363016898e-02,7.644328174643599816e-02
3.222953832886225278e+00,5.050832906308793113e-01,8.887711996142315662e-01,1.851178893420922122e+00,4.967901771903084074e-02,1.578177674487455523e-02
4.696226468790809072e+00,2.313113270013670064e+00,1.309741013108795205e+00,1.426555382625793733e+00,1.107397494336706534e-01,1.163306312220965394e-01
4.828632052581522061e+00,1.701390140193098421e+00,6.925491799176781704e-01,3.591146800182352106e-01,3.430429764356348471e-02,2.959973783139168216e-02
3.711737987573429542e+00,2.085502699742537214e+00,5.706944849522680441e-01,4.041456660723052874e-01,9.618860918697455520e-02,1.026242281229814979e-01
9.547115040658336049e-01,8.922142173999967341e-01,1.010046760714927050e+00,9.042959738445721651e-01,5.804411076786014645e-01,5.329827046041877292e-01
3.057631849901631504e+00,2.870426973818348770e+00,1.171672695073544102e+00,6.076082748652624765e-01,2.874121873717542242e-01,2.682932258115465762e-01
5.882382330560620431e-01,8.677095561318635131e-01,8.738562023621552211e-01,1.027922861509066532e+00,1.141294007125649879e+00,1.133108967605211514e+00
2.268314077340231716e+00,8.528157540411691606e-01,1.385546004781694984e+00,5.614869381519318470e-01,1.467039462140869999e-01,1.797231462778362543e-01
3.841190317701756118e+00,1.575776661904586984e+00,7.163981026749514092e-01,1.440715017409033738e+00,9.954917920758177274e-02,7.439730201531440101e-02
4.139054047917462675e+00,1.720591939418235405e+00,8.937442005253961597e-01,4.344625265084212096e-01,7.545913242397414566e-02,5.294442601781276792e-02
1.932413471818450468e+00,1.807309569277323114e+00,1.911829009256962975e+00,1.923276420240884077e+00,5.126131483055061944e-01,5.087506201652769455e-01
1.559410618967071116e+00,2.137834718010238166e+00,1.212007017728686797e+00,1.668238735416793794e-01,6.479503717216905656e-01,6.542717219795438632e-01
3.676147704136405459e+00,2.634617786882097246e+00,8.038053683571642072e-01,1.381946602090632359e+00,1.869075957661797960e-01,1.746148494988205568e-01
4.567456528740714283e+00,2.955133827849426797e+00,1.000639621811196367e+00,1.645684556157990919e+00,1.440587247896591427e-01,1.457451156880121002e-01
4.174635000099085502e+00,1.619015099381224232e+00,1.207386515075714595e+00,3.378593862087957422e-01,7.687953422654175695e-02,4.413300789500448212e-02
3.498064575886871364e+00,1.646596728217314620e+00,1.722106933780692017e+00,6.341670296455452771e-01,1.361308458450596059e-01,1.698870495479387066e-01
1.962115451465519245e+00,1.085364490542353177e+00,7.312217478207458932e-01,1.114368666947852082e+00,2.322643138242983518e-01,2.254579756576963745e-01
1.731061520156354172e+00,2.246550968799752912e+00,1.782767429466116216e+00,1.183763506227785145e+00,6.829956032600054128e-01,6.855214672699884160e-01
3.800317221738076956e+00,1.784272494164570233e+00,1.337845171813946132e+00,7.094188374466516844e-01,1.196027210670486118e-01,1.736190717669542638e-01
3.357449797866554508e+00,1.628738157843551804e+00,8.241381194704642255e-01,1.626492187123551592e+00,1.433211184428948015e-01,1.320470366183352229e-01
2.749564232248362106e-01,1.351969980150231621e+00,1.405250326038517406e+00,1.064191985138816632e+00,5.523942223318528910e+00,5.499099557142588246e+00
2.638905252785684663e+00,1.676349274338245543e+00,1.555610144224403690e+00,1.413360805033426537e+00,2.524379288561333645e-01,2.326287819201487694e-01
4.894080332174819858e+00,2.053893098935280381e+00,1.446679013487257359e+00,1.125202782201939256e+00,8.711793462252467868e-02,1.205148003603638274e-01
1.609489024535582402e+00,2.561623361375200414e+00,6.207881824003365079e-01,1.057630655952861432e-01,7.559280436643494028e-01,7.521192447328347574e-01
4.821241000237860952e+00,1.983210432847240856e+00,1.192083271694181379e+00,1.253714437597308606e+00,8.383322336006254760e-02,6.815356671612664285e-02
4.085413383524921116e+00,2.354458557599467650e+00,8.655431720012496388e-01,6.230479455047417403e-01,1.133527546279502612e-01,1.126112829661619213e-01
2.848042916396949398e+00,1.500849587612474334e+00,1.904797995827838486e+00,1.431460688734685238e+00,2.079516327265540920e-01,2.069756513635569173e-01
9.736939136026232511e-01,1.947136579940715873e+00,1.798788963641884786e+00,1.971637706543287738e+00,1.529218307629412799e+00,1.549343329353563226e+00
2.547345590302587670e+00,2.775657623660387152e+00,1.914101926256067898e+00,1.594140831877186359e+00,4.816850888370505235e-01,4.960905094483835653e-01
4.775814104822590167e+00,1.689181541761801686e+00,1.409414129363287582e+00,1.856482921704113220e+00,8.579357796461253849e-02,9.333806825104633276e-02
2.015029398768787283e-01,9.029004988785700458e-01,8.591874714247734746e-01,6.377915234808206879e-01,5.522743127909794048e+00,5.532403882909769699e+00
1.887704450738462159e+00,2.424273169067051370e+00,1.609000346297100537e+00,1.745927755751708998e+00,6.782060494397034178e-01,6.620900289180556841e-01
1.867211848098634164e+00,1.936933529196891213e+00,1.063430173834442716e+00,9.953266129182496424e-01,4.651836834136229282e-01,4.400035895544571196e-01
4.075410206819705117e+00,1.256872516770279002e+00,1.217362968323888683e+00,1.236257449491602323e-01,5.865621207607983612e-02,6.678336325200609491e-02
4.308712251554489003e-01,1.004616880587474448e+00,1.316031573659414144e+00,6.855989372396504855e-01,2.043556036512884866e+00,2.054096394138174908e+00
1.390542568486359931e+00,1.126103079839642085e+00,1.288939096629628356e+00,6.086852510999789523e-01,4.187052548203806790e-01,4.221474892710844751e-01
4.557274000374545331e+00,2.557196080159177320e+00,5.881295470754006605e-01,1.783041442471467120e+00,1.068359683500279267e-01,1.126082080760886645e-01
3.859917899069192249e+00,2.107733996220887196e+00,1.265587999600420455e+00,7.275207601277222658e-01,1.352753622704808145e-01,1.479447671506193829e-01
1.550958137105650669e+00,1.806251124951403053e+00,1.127568129178020406e+00,1.910292628760666300e+00,6.529011361095770072e-01,6.301198239602515683e-01
3.942323443313545450e+00,9.741995532579440509e-01,8.071594296468421748e-01,9.177192424007214466e-01,5.435483457607673263e-02,4.760095846302870443e-02
4.631614496957844551e+00,2.467237853846523166e+00,1.739916653252044254e+00,1.091496228899822007e-01,9.510469111025271483e-02,7.781382932209382486e-02
4.871803778575753974e+00,1.733813300351700226e+00,1.193794978353239333e+00,1.170453205644079731e+00,7.020582156267125840e-02,3.304113737155849745e-02
4.907534350079738594e+00,1.228654487135511397e+00,6.763829384209912865e-01,2.619157992459453244e-01,2.043203662774041585e-02,3.111648405593159250e-02
2.784727219068450221e+00,2.176616469202036885e+00,1.708423902600633149e+00,1.762269875733927238e+00,3.212478784637887164e-01,3.167297607994717379e-01
7.261043553439348042e-01,2.224964816583756999e+00,1.426831450880200469e+00,1.031739586019020383e-01,2.154754818808981121e+00,2.162943238177329253e+00
2.706527818846604649e+00,9.165817334818755491e-01,6.036752189392131651e-01,9.159535226158257437e-01,1.094601908757847630e-01,1.221270679741606746e-01
9.765695270498415681e-01,2.661592817076963158e+00,6.359084903151469570e-01,1.617523920695030482e+00,1.906466827556042132e+00,1.888425405100289556e+00
2.797857109768139505e+00,1.486029490648018037e+00,1.361548932458593875e+00,5.816768026636103261e-01,1.783292796103375655e-01,2.085111529816459919e-01
5.694372533200086073e-01,1.063913919090416105e+00,8.702616956594810826e-01,1.598103321594339654e+00,1.579922802309674079e+00,1.586023124001259443e+00
3.578089731686735941e+00,1.229532230195305553e+00,1.489285758742253218e+00,1.625862429438026391e+00,1.088091801052837315e-01,1.290250959978246625e-01
4.959707473226336316e-01,2.848826656384754408e+00,1.893802918840547189e+00,7.932564293954813550e-01,5.554167808007341556e+00,5.588080443221751459e+00
1.543566484252533622e+00,1.643907573643231590e+00,1.433080123903521574e+00,7.471338193312757614e-01,5.402754129249610626e-01,5.307789491172331120e-01
4.314884032863524510e+00,2.124096847601398608e+00,6.624215921396392481e-01,1.597247355233593291e+00,1.025744089045935448e-01,9.028131769379148241e-02
7.023896521253751857e-01,1.770887950225650265e+00,9.915325017737883773e-01,7.747411938758026473e-01,1.890137283584486294e+00,1.893754500697413912e+00
1.193299670670929791e+00,2.986422931968024663e+00,1.906225091276517736e+00,1.519056406837946405e-01,1.430160085959748750e+00,1.452388537350692177e+00
1.956532402214409716e+00,2.318142747538804560e+00,1.159253608827852444e+00,1.185277825810508778e+00,5.346156541854335531e-01,5.574787592162481209e-01
1.862688083821725904e+00,2.575546530866488215e+00,1.984090722109822291e+00,6.025294751024212747e-01,6.540940047006348346e-01,6.147186570481923962e-01
4.102481123319594580e+00,1.361838682279828516e+00,1.666181301921477953e+00,1.397839310836370030e+00,9.207469557196590326e-02,1.208142124367724834e-01
5.738116208213789315e-01,2.798243629318749370e+00,1.880007561543300953e+00,1.970999983028953739e-01,4.082690796994536520e+00,4.073792330687986407e+00
2.230096007003010250e+00,2.460724022076953954e+00,5.079941558185043782e-01,4.219814527207035315e-01,4.067908841596439284e-01,4.166132710618009050e-01
4.095836733143957353e+00,2.360930755164308614e+00,5.198704236548779001e-01,1.596002113022404689e+00,1.187894169549364026e-01,9.231521805051359775e-02
3.985424845486028822e+00,2.597631275639948889e+00,1.268696868630426078e+00,6.996640114279215616e-01,1.546530769916001913e-01,1.370093306250507181e-01
4.588499909712424163e+00,1.654230432740235734e+00,1.205524994786939530e+00,1.731787348100119361e+00,8.551389718095142589e-02,9.284038997497076617e-02
3.257922549055134454e-01,2.170240247694434466e+00,1.747349004652828608e+00,1.894838017311624823e+00,7.859428507661457175e+00,7.823742031245335404e+00
4.962606724156020555e+00,2.669252353405219047e+00,1.389480579939736504e+00,1.418335056933204052e+00,1.149313701990494485e-01,1.310893606792998545e-01
2.138982329649165237e+00,1.241155863929155112e+00,1.838825062253038212e+00,1.545934163578348564e+00,2.806878900921302988e-01,2.699132179670631904e-01
4.543418528948139468e+00,2.658202767394266530e+00,1.430851218989341200e+00,6.107005528101292491e-01,1.183817366706008400e-01,1.239186014783556500e-01
4.950510897892243634e+00,2.487269449220116169e+00,1.536847289255176996e+00,1.005059091112758596e+00,1.020907117980159873e-01,1.050548089249757344e-01
2.295225174341385621e+00,2.540320232989404126e+00,9.706709616399366025e-01,8.740942676821104040e-01,4.267700318762189804e-01,4.156879795876617933e-01
2.670782967099311289e+00,2.176638495927502692e+00,8.324152233797058598e-01,3.759544168091168981e-01,2.641470743642991281e-01,2.904154669574521841e-01
2.447843938192155289e+00,1.476771459323099167e+00,1.267190056861464242e+00,1.212231358291913086e-01,2.148074730935718990e-01,2.616337679081762180e-01
4.991917070366327813e+00,1.999780975504031444e+00,1.440203300550021659e+00,2.087830783046003003e-01,5.887171475296073403e-02,7.148683955399814938e-02
2.600808654264329167e+00,2.757652809252221449e+00,1.360234556068552481e+00,7.353393413397255607e-01,3.838478747346679709e-01,3.495346336737988890e-01
3.414314933049409806e+00,2.396227459546130589e+00,1.096339213980695337e+00,8.071993245975539466e-02,1.683873248887797769e-01,1.708254380383501525e-01
2.259255235847789312e+00,1.904608075867438632e+00,7.612661522585159046e-01,1.380768812772125598e+00,3.315200014798430073e-01,3.270052077172011518e-01
3.665627417338833460e+00,1.100746097159144954e+00,7.276704165033135441e-01,2.055926055730883384e-02,4.907731815374111184e-02,6.728575161775052216e-02
3.556220608093108471e+00,2.703768591725206338e+00,1.162960855657045656e+00,1.710531302531037134e+00,2.314504933366698380e-01,2.326779784414895469e-01
3.691942361907793124e+00,1.798170319896325475e+00,1.257935040366531476e+00,5.288050459246296242e-01,1.223089526603268612e-01,1.651737761136566895e-01
2.953220539324126204e+00,1.044403693617681261e+00,1.306734338099590609e+00,1.940719962628959960e+00,1.323794470627110420e-01,1.462429915896212018e-01
2.439797841176278403e+00,1.373855137500705093e+00,5.860692161707218295e-01,1.383743860769182765e+00,2.041190784593386043e-01,2.160872982615089088e-01
1.714532575334599906e+00,1.464996092383017867e+00,1.247335183240103174e+00,1.579358962173253111e+00,4.396025231879635564e-01,4.327424585269021295e-01
2.807096637264779648e+00,1.964050124469048253e+00,1.429634295402321564e+00,1.889638637393764586e+00,2.778560657916379073e-01,2.600677032172371561e-01
2.827776736730974516e+00,5.464223446396685446e-01,9.298033449958852392e-01,1.078048527143993907e+00,6.399532855975215151e-02,6.229819558268340912e-02
3.125272096956275281e+00,1.068551434749818618e+00,1.792813268144366923e+00,3.503936179650288807e-01,1.058504295960912139e-01,1.099100136530362787e-01
4.636721861915701348e-01,7.012631621680092131e-01,1.570685032692903160e+00,8.904861858674621988e-01,1.279288287341883823e+00,1.288872741744668815e+00
6.843422755757172515e-01,2.879965655272801683e+00,1.049458470492925288e+00,1.653928837578762634e+00,3.836035644975706482e+00,3.840059436501404910e+00
3.748419386531150366e+00,1.509382500908747371e+00,9.851611090562919504e-01,7.090825810190020118e-01,9.648039387429666047e-02,9.088226196076872043e-02
3.773011453790191094e+00,1.577309110953337701e+00,6.110331910640725006e-01,2.008242739814425359e-01,6.339881376796407952e-02,6.438905018660330548e-02
8.083917819336399191e-01,2.266991019396480400e+00,6.798633919271759307e-01,8.132167065535267358e-01,1.976255640558320925e+00,1.967003259119865399e+00
3.872309454337120371e+00,2.028398043541030038e+00,1.013217182595565813e+00,1.430629848544886729e+00,1.369231882359253638e-01,1.171310148117994387e-01
4.759791940718061554e+00,1.944696891119475968e+00,1.178933794843114224e+00,9.622222053025450972e-01,7.889248815790360359e-02,6.154244532431703274e-02
4.754658836825444546e+00,1.899348848284284186e+00,1.350327615090331168e+00,2.995902398271010902e-01,6.529892795136467420e-02,7.515728917101942297e-02
2.894657079350126505e+00,1.239027972747364981e+00,1.368640852028231381e+00,1.681615872468452011e+00,1.593483435905161949e-01,1.738602416762337066e-01
8.965607893639704340e-01,2.148346248935351532e+00,8.490920138651589788e-01,1.951005228986791851e+00,1.814368428093481977e+00,1.810035951632140705e+00
3.943774337421034115e+00,1.418165323211756590e+00,7.738632013775614826e-01,1.933529612686026189e+00,9.223643389129010384e-02,8.950435474800981506e-02
2.678699922611055495e+00,2.535248490409915956e+00,1.832939160195121930e+00,4.764736756234970727e-01,3.393124060689681198e-01,3.502378586090120760e-01
4.543514208203592197e+00,1.276359240343994728e+00,1.686520726952879023e+00,1.187700820465410700e+00,6.774660261212006596e-02,6.501902910623948151e-02
2.786408462569637923e+00,1.758971981367865034e+00,1.372473077826398491e+00,1.359974454653987141e+00,2.329744499082551656e-01,2.958103795343386966e-01
1.213950063629597675e+00,6.144584275117368488e-01,7.361413929691804636e-01,1.586209893551116190e+00,2.836445293216721675e-01,2.862157568007400732e-01
7.651777058636108908e-01,6.455473241449125599e-01,1.613221491435795851e+00,2.128394108358671044e-01,5.559107607747094670e-01,5.455224072143580738e-01
3.147806474878441785e-01,2.031294752216628918e+00,1.101091649456474419e+00,5.034274767477773249e-01,7.530670401728272623e+00,7.494454341572511780e+00
4.484673763543991498e+00,6.375121410027768665e-01,1.455212757906672039e+00,1.439534188886358868e+00,3.481615171562998934e-02,3.901939231935325908e-02
4.626025539345502757e+00,2.877446703985216736e+00,1.742085645135744265e+00,1.424609156115858255e+00,1.551496494553669114e-01,1.756498783661276375e-01
6.522878542689833914e-01,1.086808289089735480e+00,1.816857655625917500e+00,2.918556657428772461e-01,1.220934986609972794e+00,1.219808392108066242e+00
3.472676929505222443e+00,1.838063908647142863e+00,8.310510576066314492e-01,1.734425731506466617e+00,1.535157368368467723e-01,1.783392505116338511e-01
1.616743914753284272e+00,1.370241566336688033e+00,1.957687380806698574e+00,1.184485754464702278e+00,4.672693533647092612e-01,4.554086063480001778e-01
4.394287255393395597e+00,5.308230878499032857e-01,1.484338811460566232e+00,5.439623884429773959e-01,2.548283637216632730e-02,2.346064574160947047e-02
4.837560545409725243e+00,2.590689737699096717e+00,5.659339768578166563e-01,9.851572651022100224e-02,2.893900225293993822e-02,2.523156406426944887e-02
2.362746941933376643e+00,2.164182330075390404e+00,1.447673115576862735e+00,9.132972556191898406e-01,3.651590574605915185e-01,3.501325057545150443e-01
2.043623304658297002e+00,5.046228147181746060e-01,6.719477033773453289e-01,1.731717571618649476e+00,1.034135165126016942e-01,7.376071483767683568e-02
4.522973247935664354e+00,1.445464210590966303e+00,1.349195485914039594e+00,1.374638573404098230e+00,7.506539633027900504e-02,5.600956359797549383e-02
1.548933787131584916e+00,2.369770562752783860e+00,8.804314435881948064e-01,1.545537476314885250e+00,8.013668465867803681e-01,7.633308929814884847e-01
4.486538275813634513e+00,1.986953764259874244e+00,1.079870967588448583e+00,9.020843710851966790e-01,8.898498779611288545e-02,1.041667953019528164e-01
4.788287185084008080e+00,1.951713360785135798e+00,1.550430066648029070e+00,8.489232983150241107e-01,8.375119177724621444e-02,8.032249609887791297e-02
1.262645542878062299e+00,8.473581415602775557e-01,1.613363729950051173e+00,1.238458392002298014e+00,4.046737834486451302e-01,4.025995085905458848e-01
2.103582060411595123e+00,7.114329806232027043e-01,7.323748309586224359e-01,1.962325744386115289e-01,1.323726380313917095e-01,1.208865004526274711e-01
3.845850490511534492e+00,2.844921264528835536e+00,1.780039840872749357e+00,1.511419798757333899e+00,2.267998028519080667e-01,2.458346633520922531e-01
1.367172501456343170e+00,1.302635766261749595e+00,1.376869081148934360e+00,9.701867135428385858e-01,5.252988387658561464e-01,5.083733441999327418e-01
3.519591400013285298e+00,1.142038938450565144e+00,1.656472712425234306e+00,1.193261097644091606e-01,8.459914942958088324e-02,1.182935099364097048e-01
2.253983233523599861e+00,1.309330647694979533e+00,1.211925257935063227e+00,1.436937353839863762e+00,2.452426700730453435e-01,2.669427348463442873e-01
4.849992783169472688e+00,2.009955930721600836e+00,9.224744260470064683e-01,1.658309896254539062e+00,8.314243080481095727e-02,6.916014999715697220e-02
4.324238462311240205e+00,1.566176341851927445e+00,1.809833468079201868e+00,8.532433296298644887e-01,8.846546460609119866e-02,8.445435006018682522e-02
4.740337202147676621e+00,1.632491173325033129e+00,1.484314952176807090e+00,1.887992452852257586e+00,8.604142449002283310e-02,9.862410479471192537e-02
2.990634991383774643e+00,1.314755538289596570e+00,9.638266254274221456e-01,4.126701374491008600e-01,1.300486337748139876e-01,1.550769940343893483e-01
3.822537343859635506e+00,1.229300575770960524e+00,1.774826767234603864e+00,1.570209292874280571e-01,7.789607503586357118e-02,6.205078923978614436e-02
1.425359355011971418e+00,2.131289785450790397e+00,1.547426328011713759e+00,1.873804610994476372e+00,9.319180233114855438e-01,9.219380773341755431e-01
3.596733771380346223e+00,1.239513037037937915e+00,1.002256295958056320e+00,1.509479902545332042e+00,9.774609366438327673e-02,1.478454219029047834e-01
7.769424934768316415e-01,1.898868427759136335e+00,8.518746997700357149e-01,1.487964647322264522e+00,1.884476150611273937e+00,1.902867639658011090e+00
1.603732970893543275e+00,2.058562319657810225e+00,1.072734158333568555e+00,7.642536203849694676e-01,6.185702617928583447e-01,6.365002325206956524e-01
3.435247457196644927e+00,1.732141670497847175e+00,1.055975501337695466e+00,1.873465400726097130e+00,1.576778855145715696e-01,1.963503851903932174e-01
4.386383816415607484e+00,2.621790420003291100e+00,1.759359256679623229e+00,4.361069161050634690e-02,1.143048092288730527e-01,1.232219732093194214e-01
1.073603091670947141e+00,2.937990155564110584e+00,5.337241516572207578e-01,7.822724557727716022e-01,1.643597954843063036e+00,1.634472999633377999e+00
1.488308395538453510e+00,1.711360921320532302e+00,8.756718880572909036e-01,1.787962852820242254e+00,6.234740447446467382e-01,5.888958674165496454e-01
6.513029113433561612e-01,1.602198627025893884e+00,1.334947710492649042e+00,1.874603391484543469e+00,2.127026160907000918e+00,2.144262258736341575e+00
2.777983110807530909e-01,2.820196704952830036e+00,6.291322035261744938e-01,1.365998788756869420e+00,1.918285347850658340e+01,1.916018620784274162e+01
1.520154846492616008e+00,1.625889524520656826e+00,7.741163611953181256e-01,1.998179417329669638e+00,5.725958800313678543e-01,5.860110896302522798e-01
2.364466816008440553e+00,1.999651306316628574e+00,8.854461174489300923e-01,1.881888468462367792e+00,3.441171137719506445e-01,3.046205022954538988e-01
4.171103560584272785e-01,2.363526016005776498e+00,1.068798351612185282e+00,1.343944863857693184e+00,6.380582581120044949e+00,6.371095536606907750e+00
8.925652276646787175e-01,8.876111988319472790e-01,5.785466719601624064e-01,7.847238885172824752e-02,5.986707806954569833e-01,5.983114761821507477e-01
3.482199868406373522e+00,2.286951446047166492e+00,1.266722556923963516e+00,2.817024692510483597e-02,1.578600173194230905e-01,1.328295864204956933e-01
4.342785755584631424e+00,2.474255986532178486e+00,1.453787000030282606e+00,1.670274669529945744e+00,1.501483598880472004e-01,1.392123321165972816e-01
3.964530177252065801e-01,1.451189851672484377e+00,1.438200959478768137e+00,1.856339459508147494e+00,3.764495226756328083e+00,3.747859370304922333e+00
3.857282312245396749e+00,2.221305890964544894e+00,5.961312665277851419e-01,1.555526020538011034e+00,1.345830259557222186e-01,1.371789535726788412e-01
1.675440022837529686e+00,2.452887149116725674e+00,1.888479908549892894e+00,5.290267952347400549e-01,7.240558945867201501e-01,6.988747873782236164e-01
2.185863241858864825e+00,1.265989522967408742e+00,1.402188914592681801e+00,6.854730902887256061e-01,2.350554475571959845e-01,2.298143146618058796e-01
4.793819018599025483e+00,2.150820237929110146e+00,1.722264794806306121e+00,1.759014752486494970e+00,1.136829835491631191e-01,1.411658273865093738e-01
1.907533137781674881e+00,1.122199083122215946e+00,1.148589086233434031e+00,1.184865619998982433e+00,2.660281099204845900e-01,2.940447052788267013e-01
1.145360055896095464e+00,2.053282570400087437e+00,5.664737270870519037e-01,9.531727060470156498e-01,1.017488739274263310e+00,1.055296754428956874e+00
4.189833662580170426e+00,9.983647408210878371e-01,1.133342698527435743e+00,1.473752075055554389e-01,4.193998093531834531e-02,5.024397127983942779e-02
1.245281293327244576e+00,1.949046522762237998e+00,1.821316350800967765e+00,1.308585841993106236e-01,8.538042542449129080e-01,8.456621334852207905e-01
3.192527247673953461e+00,1.106802884874854120e+00,1.453596798873065143e+00,1.344287416683521696e+00,1.157556496295583381e-01,1.223286930890663399e-01
3.105894566863599771e+00,9.571840542739918911e-01,8.040378828888621321e-01,2.999133608579960253e-01,8.187799662355957353e-02,9.608517635550892222e-02
9.687517015553777089e-01,2.926912604405576879e+00,8.777589950865680724e-01,7.374518039255537616e-01,1.964795786997539428e+00,1.970394001381627458e+00
4.004965976251291693e+00,6.893999500083826115e-01,1.204024117345720235e+00,3.171128787796706483e-02,3.216698303451157037e-02,6.117206881368841831e-02
3.284778631016749717e+00,1.812854551845781481e+00,7.806340766909654061e-01,4.363086586765458907e-01,1.390505590879292097e-01,1.258992232527351707e-01
6.563494883018993198e-01,1.921110226820687439e+00,1.758082449456704888e+00,5.226067409278047915e-01,2.290166372847374898e+00,2.286023528870090082e+00
3.750569943409474583e+00,2.470725490629400944e+00,1.701962613020530313e+00,1.348577621051540332e+00,1.989746194754566100e-01,1.685791136994152506e-01
1.972380562348600375e+00,1.063655531206375349e+00,1.373471197111553188e+00,3.289219872482584961e-02,2.222383609772925483e-01,2.138191970304794132e-01
1.849158506238940847e+00,2.991533348115675395e+00,1.665246211828710576e+00,4.394667210376912436e-02,7.043233785454507956e-01,7.291231109730536009e-01
3.775785631073523607e+00,2.969123215585574460e+00,1.700466562916504554e+00,1.814553462678782703e+00,2.538890751957884051e-01,2.549383088461231184e-01
3.859484948376854518e-01,1.752539791179259288e+00,1.062129301652401381e+00,1.677131042455330956e+00,5.036372477505349110e+00,5.051333457115594783e+00
3.928245033156585464e+00,2.030160009997482806e+00,1.378392557759555714e+00,1.770121705507827548e+00,1.504980997623378558e-01,1.590506924713943060e-01
2.988460422863291388e+00,1.430496564862949516e+00,1.131391418750177014e+00,1.941262858558448823e+00,1.719921336791152555e-01,1.912783055104555485e-01
3.615738721915475296e+00,1.249511359716018566e+00,1.518673100684368116e+00,4.155372708369295953e-01,9.086277388199295868e-02,7.415559182089649648e-02
3.891743886064289892e+00,1.917385824606691935e+00,1.546395581915709805e+00,4.236295893342587604e-01,1.197314310175870422e-01,1.304293201097080634e-01
4.330934527602238404e+00,1.039254159249483944e+00,1.688790178900857031e+00,6.807586889596741742e-01,5.542416444170778639e-02,6.901824046684902625e-02
4.308324758185079872e+00,1.825088960689925877e+00,1.365109092902693222e+00,9.489001797388563197e-02,7.600845275422478398e-02,9.915905401733754454e-02
1.557362794219026902e+00,1.736003051496935567e+00,8.237772530981006813e-01,1.477789903136055072e+00,5.646879875274060101e-01,5.925770267701936378e-01
2.869260422604035021e+00,1.283101430638381668e+00,1.761217625105313322e+00,4.744870468411301889e-01,1.506956150723621213e-01,1.407558103598950672e-01
2.737503483880716626e+00,7.300472120361896078e-01,8.269106015814859933e-01,5.476038443146227230e-01,8.567952839677966947e-02,5.705053714678043342e-02
3.692900898414191779e+00,1.963089105812195978e+00,1.004147693487322801e+00,1.184838866210059294e+00,1.409905288429530723e-01,1.281510935069707646e-01
4.130999761675933968e+00,2.880814416261516797e+00,1.855249230921770964e+00,4.585084289867178420e-01,1.668606963849546265e-01,1.933323027842437647e-01
1.978895471680317319e+00,2.604351500386515195e+00,8.612069949523846191e-01,1.149927253750599121e+00,5.663599964879679760e-01,5.464959083477394230e-01
2.852039755477984162e+00,8.238262575969927948e-01,1.189125184498573518e+00,3.596037544361472271e-01,9.166350630375330599e-02,6.413593327882000095e-02
3.129221360298058308e+00,1.238036597344129408e+00,5.791033689617897107e-01,1.164414497453911235e+00,1.120776073808274903e-01,8.585757399123937483e-02
8.741074774024908400e-01,1.665451574498816090e+00,1.519386535233388180e+00,6.583877738863319617e-01,1.296821591059429846e+00,1.270814731908675554e+00
4.491846018324357814e+00,2.056833465557119212e+00,8.139204397558209569e-01,4.756767762915037334e-01,6.762389764503409784e-02,8.203786160789214299e-02
2.930526743511060683e+00,1.737900661352713039e+00,7.695139313491747846e-01,6.917797438964592427e-01,1.791765401025099402e-01,1.638272111229071015e-01
8.196915065341388029e-01,2.187622842681443025e+00,1.900269298964684772e+00,1.606345906352198982e+00,2.154939483041723669e+00,2.142448694897533645e+00
1.369093464763196044e+00,5.755060662293338680e-01,1.391669912650173480e+00,1.471733972055696560e+00,2.422503703693684729e-01,2.651107333409049582e-01
3.592955150558081456e-01,1.903135410146996387e+00,1.854045393153829879e+00,4.777563276831400252e-01,5.326634421945916742e+00,5.345352597325449651e+00
1.621954730214127505e+00,2.201790313575563651e+00,9.617305874418028422e-01,1.097820358025169751e+00,6.644475165553782592e-01,6.820761012343439234e-01
9.288780243940526482e-01,2.815465827542210420e+00,1.359602216835119393e+00,1.018627409361850811e+00,2.164659620907989357e+00,2.149352592425342490e+00
4.112096675376152533e+00,1.114267723990338466e+00,1.486930281509835305e+00,1.772160875851638506e+00,7.697918619458718470e-02,4.290938392174753480e-02
3.843825448331536609e+00,6.259942747161924004e-01,7.880720642646277252e-01,9.888494148133741835e-01,3.742044768591679810e-02,4.446107727263703957e-02
1.498303114875479292e+00,1.885392664040764554e+00,1.827449638193189063e+00,8.674734436045561381e-02,6.193234678910208846e-01,6.544316901130371456e-01
2.875720573492549725e+00,1.858575492811567198e+00,9.716506966057317785e-01,5.870192890879539771e-01,2.033763716051439907e-01,1.962543326668134414e-01
1.470000835370689707e+00,2.079501001803906401e+00,1.971462840268260130e+00,2.223679938642986187e-02,7.047533495498436995e-01,6.993166644967072632e-01
2.978032727958371817e-01,8.513734582752542357e-01,1.999080224534619754e+00,9.048643341463273870e-01,2.791493396268382998e+00,2.726529423166156541e+00
2.024814685125496450e+00,1.248586356551356857e+00,8.289697153777761951e-01,1.325566838787234802e+00,2.606700938060023676e-01,2.953181086399357391e-01
3.420379294811317639e+00,2.833504915549135639e+00,1.450171198074295509e+00,1.088678751484397633e-01,2.163224206945401074e-01,2.123381679288295354e-01
3.017807791577860943e+00,2.679388102396851323e+00,1.723930206224586259e+00,8.051705460895863808e-02,2.721518713276955270e-01,2.373292000619369735e-01
2.894245998671297837e+00,2.213717236806362898e+00,1.176977559405449458e+00,1.326920465696209028e+00,2.654872320972888611e-01,2.643040937239235499e-01
2.244189346225182735e+00,2.503627900185733335e+00,7.181420127435709233e-01,1.500155685462777555e+00,4.437065383141598485e-01,4.317957784578227431e-01
3.966745255913062707e+00,1.437477073506168157e+00,7.353107012833819400e-01,3.870933565712553204e-01,6.267329725354180148e-02,7.523219578651814399e-02
4.787130679181644588e+00,2.796246380769666917e+00,1.652410672716516205e+00,1.424974315743512188e+00,1.379562400676109246e-01,1.810211868075613240e-01
5.807919174999570666e-01,6.409468243355022077e-01,1.344326381145262150e+00,9.061015616532273054e-01,8.548167538626857409e-01,8.387131830265919241e-01
7.491457787476578645e-01,8.685464869722021586e-01,1.285725552481660428e+00,1.528980955708131750e+00,8.746579862904310110e-01,8.777696817906336380e-01
3.607702083771407331e+00,6.620496734349496926e-01,1.728310406344666816e+00,3.912311120596945191e-01,4.948549514223783696e-02,4.179040817024206461e-02
3.921315384238664326e+00,9.298626388936375164e-01,9.824169611723525541e-01,1.066527412867663838e-01,4.300052760283296083e-02,2.971292982662260274e-02
2.567752692917438573e+00,2.545010879094262712e+00,6.180345939547087220e-01,9.282335717215683957e-02,3.028341074037101399e-01,3.120379534872502747e-01
8.408922832569909467e-01,2.654869632682348435e+00,1.059188808197425224e+00,8.544891584474441082e-01,2.279253501186430775e+00,2.310202737858449762e+00
1.803873284500011831e+00,2.215833379347159848e+00,1.683944475290752640e+00,9.065740132959372310e-01,5.996957152727477869e-01,6.084954183304036590e-01
2.453505134044477565e+00,2.015500799616990690e+00,1.737435993364296882e+00,4.239194794972331870e-01,3.092038261034982805e-01,3.006707980790845336e-01
3.345980398672843581e+00,2.402924139542331083e+00,1.206299164978971605e+00,8.250231602493296457e-01,2.082278325824251375e-01,2.185964512925971659e-01
1.942856250890617753e+00,2.248462570949019135e+00,5.460893209357150502e-01,1.086013549277121459e+00,4.868275919049715461e-01,4.915608085275650074e-01
2.638702570475814912e+00,2.861684859112354484e+00,8.367130380739893347e-01,2.636233150361242394e-01,3.516466158822093013e-01,3.679495266388483898e-01
3.749904364464670348e+00,2.748079669665227875e+00,1.978136860649899909e+00,1.123367063299962609e+00,2.219894882187143093e-01,2.109575552661516196e-01
3.506282750130758075e+00,9.584407283718714421e-01,1.780587890561111886e+00,1.700111349593210974e+00,9.328449339230840409e-02,9.604088093356387412e-02
1.446172788340129411e+00,2.224202241803555857e+00,6.515904087616081197e-01,1.487622538653408988e+00,8.034257268631057602e-01,8.363738025359871431e-01
1.188654859132032948e+00,2.465579686682157323e+00,1.318320638434095304e+00,1.048941389848963457e+00,1.274290609975887945e+00,1.274671691480003588e+00
2.955978679812441889e+00,2.329673791407441907e+00,1.411476091477613437e+00,1.818514946770868779e+00,2.975073808869482250e-01,3.170488835721431142e-01
4.298636360074287843e+00,2.579144840537917815e+00,8.633055580311156385e-01,1.706327763046971757e+00,1.391517501173325511e-01,1.389434606886688073e-01
4.841930165745316650e+00,2.280319011683473285e+00,1.769330587707179880e+00,8.749053748332096259e-01,1.002717294842298684e-01,1.016854282302444568e-01
7.762560822491952894e-01,2.557603123184168936e+00,1.149188664929107206e+00,5.472888567358416001e-01,2.389890808034410341e+00,2.375039894091145687e+00
3.727270865796667554e+00,2.214401473349849159e+00,1.587574371848461396e+00,3.888250571907907460e-01,1.518041995166905522e-01,2.087993108140636100e-01
1.454292791147549169e+00,1.723668686912675163e+00,6.229696160122129012e-01,1.530154931535270046e+00,6.084540199207379985e-01,6.324145588447115385e-01
1.465845906466640702e+00,1.352342703885034858e+00,1.337370704447419900e+00,5.086079208433338383e-01,4.624810288067779940e-01,4.860942823415256298e-01
2.749967631015048930e+00,2.674817360807801414e+00,1.780699851873343675e+00,1.892420685729382157e+00,4.165850008674660820e-01,4.397392023453077781e-01
4.676700646645509885e+00,6.546337760906710823e-01,1.650522009054653072e+00,3.196198648681773946e-01,2.612393780123350995e-02,5.725828737546102831e-03
1.599184271336875351e+00,1.709945443904290263e+00,7.917059987470520532e-01,6.081350366680249309e-02,5.013649245909895802e-01,4.861971806562229159e-01
7.911672785577374967e-01,9.080423722610668769e-01,1.413165568263068383e+00,1.401840742330996425e+00,8.480829994014352780e-01,8.444565661664603651e-01
1.739141702510621501e+00,7.260979243341163514e-01,1.980106860732676388e+00,1.413571374076750597e+00,2.265461176690928280e-01,1.929208713994983726e-01
1.687055835768482392e+00,1.186821158386367925e+00,1.859226880246087399e+00,6.220343895302340442e-01,3.460075487802689587e-01,3.279357637695905492e-01
4.476342140418368309e+00,1.623531416911173419e+00,1.238207230102336354e+00,7.847755441741297577e-01,7.455159303757336042e-02,9.114953906774686532e-02
3.393206190551371737e+00,2.680279311477523407e+00,1.016836256608079303e+00,6.538867114094175648e-01,2.132506226701692265e-01,1.705489203131239084e-01
3.676356028109191154e+00,2.098660615683829000e+00,1.132346371107637806e+00,1.635638039071375172e+00,1.656522689906442802e-01,1.476443737469739226e-01
2.283975308542449678e+00,8.811149595974658855e-01,1.672020910974894470e+00,9.630910463845292480e-01,1.613653480734260071e-01,1.592829324892069409e-01
2.869500518407523071e+00,2.970642240830727143e+00,1.267415117097475674e+00,8.336121866208809905e-01,3.473925115474660874e-01,3.454448472973274398e-01
3.780396116920339278e+00,8.828837810772439676e-01,1.788802183277923952e+00,7.565860768010759241e-01,6.436237484402371201e-02,6.363512810182583856e-02
3.880285241657340234e-01,2.118758999996794401e+00,1.619060224292362404e+00,4.957531922377280686e-01,5.486460921735457852e+00,5.471115518328318217e+00
4.246698172022080442e+00,1.955035279841641271e+00,1.569461473395571627e+00,1.661722396653468214e+00,1.266243228417934241e-01,1.447510873347706839e-01
3.661936874795342689e+00,1.195453422465810878e+00,1.835538432490067651e+00,1.497221322102151309e+00,1.049388734458921446e-01,5.758173510873293433e-02
4.078918223922318731e-01,2.983626941829789381e+00,1.335252312662826180e+00,1.546385765985989869e+00,8.743418203529797594e+00,8.751674384628506331e+00
3.545045793304053117e+00,1.757154507357845397e+00,8.514306805717335447e-01,9.645875170199202930e-01,1.284238806728381366e-01,9.807281292592048838e-02
1.933307535995828941e+00,1.933985331776384431e+00,1.742037271980320101e+00,1.312039326965712682e-01,4.266732617937285532e-01,4.120697081741264145e-01
5.587863268162445163e-01,2.285173092318032229e+00,6.174129066080431549e-01,3.146730926210841162e-01,3.463975727160278684e+00,3.462427893468224216e+00
3.594336503744900657e+00,5.590942716740008311e-01,8.799806758854125111e-01,5.927409682162083637e-01,3.718025103889165128e-02,6.930343102636545016e-02
3.534219709339009530e+00,1.137890425833107066e+00,1.066488565291793478e+00,2.090006471731506998e-01,7.567908797735514725e-02,5.736502267027600299e-02
3.190311997571319669e+00,1.941259548246728972e+00,1.609526911897038115e+00,1.298565401378405815e+00,2.071301610755640898e-01,1.780780650990383962e-01
1.701157314430993939e+00,1.260665914766890383e+00,1.583681189246641141e+00,1.524821980362004670e+00,3.972705896837877559e-01,4.167182140765802734e-01
8.079203061115858286e-01,1.071148139456087556e+00,1.024520225473458668e+00,8.623797342648114039e-01,8.967742678205701257e-01,8.950344544224115850e-01
1.179218520363803924e+00,1.870271697413787848e+00,8.610389302312099202e-01,1.099338766110659060e+00,9.184926129507013925e-01,9.186829879640940888e-01
2.147555292832354024e+00,1.323418452545445989e+00,1.898118631976223991e+00,1.601991078340850194e+00,3.020301885019718302e-01,3.132033931616703959e-01
1.564829072052266179e+00,2.407645931523624938e+00,5.494844616955576466e-01,1.607422525053146423e+00,7.633428642506439044e-01,7.833699158070738244e-01
2.057792768396190741e+00,2.174047861703488849e+00,1.078464148452432436e+00,1.897011915057566167e+00,4.933232564105775597e-01,4.964611330205943029e-01
1.705083793251798152e+00,2.097536120503366686e+00,1.288311308944403155e+00,7.766970425746357876e-01,5.852812082245082426e-01,5.429607070074252695e-01
4.637936766977857950e+00,5.410151668233804667e-01,1.435083500977193394e+00,1.293113736777716349e+00,2.668921631242218706e-02,2.251163875914992743e-02
2.588457923399344995e+00,1.491319205943832493e+00,1.954238281336895255e+00,2.035203416819986177e-01,2.062983509571806873e-01,2.066693221519714796e-01
4.394217647966656592e+00,5.550134479173871593e-01,1.047518149883860605e+00,8.765526765887354799e-01,2.570523453684850704e-02,2.457594370003708673e-03
7.101278877624159769e-01,2.062266316554567602e+00,1.621954793138317363e+00,1.163569468534433993e+00,2.361217095921825493e+00,2.340656713860889138e+00
4.014435818940927270e+00,6.791768375594698925e-01,1.570170607024985676e+00,1.340748617746607252e+00,4.673413868448396402e-02,5.945930769558213647e-02
3.946543786343006399e+00,2.815330233545007665e+00,1.031961815820792605e+00,3.344762516165480370e-01,1.451127269436469636e-01,1.499725034919346112e-01
3.295099313115695594e+00,7.721510247158034357e-01,6.829152937418485614e-01,1.427650774294351166e+00,6.667315140131858942e-02,4.848786400499907612e-02
2.310122862696576185e+00,2.364893677539040784e+00,1.242323631177720600e+00,1.416168228229572668e+00,4.293183477125392944e-01,4.405510341921099471e-01
4.531910448308306805e+00,2.295457060690222484e+00,1.124892859710183490e+00,7.495681752034308865e-01,9.765747843871835920e-02,1.003121935633324718e-01
3.578702063410198253e+00,1.617153304144853809e+00,8.619334553590002335e-01,5.768066405732510393e-01,1.076104910363693684e-01,8.167671911984647481e-02
2.406554864501768698e+00,1.323698575349504969e+00,1.371781279542255705e+00,7.274353961409689706e-01,2.096294654206417307e-01,2.040893685618396514e-01
4.497617627482841662e+00,2.366444729080285025e+00,8.814753143422580095e-01,6.918618076749567525e-01,9.006170315962251649e-02,6.369257428506211460e-02
4.975999103408927482e+00,2.215857472093675007e+00,5.479270998172074414e-01,8.087105413968866952e-01,4.464335455714306400e-02,2.728711545894527482e-02
3.407348248034992810e+00,5.895097578418249107e-01,1.992064231693473575e+00,8.609759425113823195e-01,5.462090813695756608e-02,6.061130902270160659e-02
1.820588127933312705e+00,1.722392716231791354e+00,1.872356922762184128e+00,1.139241965315298089e+00,4.818793342023814374e-01,4.572958434890874724e-01
8.178700804240190969e-01,1.229008092293875976e+00,6.954628652868022343e-01,1.216436277239479224e+00,1.025747685708864543e+00,1.000723356638480777e+00
1.718821078353912846e+00,1.150471988698401393e+00,1.548869473473740932e+00,4.589607893073113232e-01,3.104787290586770165e-01,3.179893133337309830e-01
4.697035314192713251e+00,2.383193074252853982e+00,7.074229086729511007e-01,1.565203826734185899e+00,9.458650093959955485e-02,7.433740759909400475e-02
2.925694747290389142e+00,1.986796831101981020e+00,1.223917006866792168e+00,2.947013865906826791e-01,2.099063761008612694e-01,2.043888804936283832e-01
1.757731307564600609e+00,2.512842089246047017e+00,1.717886589899169758e+00,1.944468528651992489e-01,6.501562098070032825e-01,6.450634038103779666e-01
4.194122613180042869e+00,1.681435866496415521e+00,1.580980760726840462e+00,8.785437404418134921e-01,9.820067603051585436e-02,9.491881956794764874e-02
2.214323826831223752e+00,1.682920426380231982e+00,1.920138713595772595e+00,8.834408865295255708e-01,3.312876518290059913e-01,3.388789763579035386e-01
3.544428892390896646e+00,1.598652614813296235e+00,1.601777799164197269e+00,1.711877900770945260e+00,1.487044427525656132e-01,1.399885642279037057e-01
4.967356416263620567e+00,1.778937271885096871e+00,1.096534244653131651e+00,1.960112762103552786e+00,7.788335029366835749e-02,6.230952718369668630e-02
3.392516826133476826e+00,5.565907825114864149e-01,1.949605658508531292e+00,1.602617766827430401e+00,5.807545334072379550e-02,4.877758002215996924e-02
3.702295416518893489e+00,6.720423830915679408e-01,1.293936378304445523e+00,1.004116915333639559e+00,4.939112256616511043e-02,7.268947778469932175e-02
1.561785690585857811e+00,8.305820623607952369e-01,1.967831699219297903e+00,1.803726471783328122e+00,3.196386472331242401e-01,3.382856768117066815e-01
4.284648595581659336e+00,1.963801218715965913e+00,5.111435109333843929e-01,1.073650542856122270e+00,7.352601758424909262e-02,7.242767191366089596e-02
1.975748174924210510e+00,2.526922390489862558e+00,5.544646871502326713e-01,2.272145822404869620e-01,5.246871157324857204e-01,5.493339681058769797e-01
3.588803260608234069e+00,1.298647427339410410e+00,1.865630508443122837e+00,1.209553439467186964e+00,1.136903048415053852e-01,1.279049992637660282e-01
4.934514846460364978e-01,1.579246193609369131e+00,6.961896811922820838e-01,1.413352861929924043e+00,3.094263733469984956e+00,3.072751369622672701e+00
2.253023889249817557e+00,1.066564564432859852e+00,1.426251528933001333e+00,9.777045860935089650e-01,1.947707118396370118e-01,2.250773225368047636e-01
3.675191915699684841e+00,2.015072441393045644e+00,7.270153001653220093e-01,6.756417033899664304e-02,9.207932007728594770e-02,1.482239285232343773e-01
1.311090490488736160e+00,6.216176660049419489e-01,5.162900548786114596e-01,1.213645802504398796e+00,2.418541518550315073e-01,2.491338661817808497e-01
2.803859056521762039e+00,8.712266009418480062e-01,1.022213881304649741e+00,5.503852823207688871e-02,9.423524637769017942e-02,6.176076535176837357e-02
3.002791035153725030e+00,2.526431359650965991e+00,1.629380032618782170e+00,6.439716540055429039e-01,2.763925950422194688e-01,3.064760236001307092e-01
3.442999747495301577e+00,1.379412030894489716e+00,1.691233495825394950e+00,6.243156573021300115e-01,1.169837294679741402e-01,1.292058868690193207e-01
2.909293373512064740e+00,2.971120845864775539e+00,8.567367384520536699e-01,1.080295198854896999e-01,2.880020846546919588e-01,2.858561282868482545e-01
2.344210696470323985e+00,2.051621676637515712e+00,1.533852475582056174e+00,7.495447424319057195e-01,3.470199473260644485e-01,3.062566430081172242e-01
1.748318432710966430e+00,1.228357175293286252e+00,1.514331503632836196e+00,1.226264305053129666e+00,3.537086378620243887e-01,3.516289648310402249e-01
2.807226316706215474e+00,2.087333528932826088e+00,1.425661022470540384e+00,2.201679594671652751e-01,2.413301256112302395e-01,2.353095331472886409e-01
7.007176883398911205e-01,2.903649128596316409e+00,6.313576300996828206e-01,6.471609573562862039e-01,3.295003025659777762e+00,3.288667942460094640e+00
1.502554094044178834e+00,5.825440147515863476e-01,1.436151446279128496e+00,1.544100285204121459e+00,2.161451282263208706e-01,2.076958215285779619e-01
4.478285771119165481e+00,2.817011004583640510e+00,1.639000583926286225e+00,1.057986877763247513e+00,1.494409874650493020e-01,1.687204095260140813e-01
7.650223102843334289e-01,2.411589946400240159e+00,8.032919824309535661e-01,1.977482435048494303e-02,2.116233818364757990e+00,2.107792893503387610e+00
2.536753718447795958e+00,2.822128910118182343e+00,1.934970094401060381e+00,6.181745213497791269e-02,3.985149610242925688e-01,4.071688524163661338e-01
4.463916001148684920e+00,2.488109570286022532e+00,1.174758177671991088e+00,3.911245121530371183e-01,9.925317041721014311e-02,6.103687667100952258e-02
4.067129837434292128e+00,2.968618986275018745e+00,1.112526102735602596e+00,5.792975619084508310e-01,1.574491925058607300e-01,1.376373006727580062e-01
1.430001755536006947e+00,9.330343567986618680e-01,1.295698861183448791e+00,1.923348585973332359e+00,3.846120104361783198e-01,3.844742583520616708e-01
2.269196364681667522e+00,2.265373247850656746e+00,1.140639016051484544e+00,5.731700140366855489e-01,3.846596411605833765e-01,3.667951300104853041e-01
1.695924704215004519e+00,7.233297489190722018e-01,5.074683762929538267e-01,8.364155055656370408e-01,1.918520928366669320e-01,1.926337190726573889e-01
1.352587908608632539e+00,1.669071874288823754e+00,1.743488317676979982e+00,1.379121933445882187e+00,7.543968845327234662e-01,7.534237470754361343e-01
1.739942320803664844e+00,2.830183249484333530e+00,6.430910456154746990e-01,1.388635639870883010e+00,7.565248501071240028e-01,7.603463504803483763e-01
4.497892857692883162e+00,2.702815822583994887e+00,5.328702850319104734e-01,1.028734657806813058e+00,8.722633968258332315e-02,8.064435950293108446e-02
4.235645167768707253e+00,2.021518420697656637e+00,1.056128573758879918e+00,1.776839886478565500e+00,1.201313752535123069e-01,1.329680632919016114e-01
2.867875224369794918e+00,1.547960815864745321e+00,1.046479380533161585e+00,8.093224523614734878e-01,1.755400384971209649e-01,1.482874154070472905e-01
2.909596695211126516e+00,2.639415239438263061e+00,1.992008054629825331e+00,1.622946623450498560e+00,3.685607868280349475e-01,3.605986787193843357e-01
2.387552860944908151e+00,1.529369144606164355e+00,1.820518389239806689e+00,8.252167688155289671e-01,2.602206113737831061e-01,2.908627406949441108e-01
3.552431404880020072e+00,5.508840610053473696e-01,1.500114337481339044e+00,1.581561147129348477e+00,4.912069955811070032e-02,4.081905551475065175e-02
4.051151966748174793e+00,1.053366492472506799e+00,1.797079709221202748e+00,1.657521858801563219e+00,7.769237965147737790e-02,1.085116079581178589e-01
2.332175155052241156e+00,1.877277108826932217e+00,9.113808831753396067e-01,1.675511534698029825e+00,3.253036030652535215e-01,3.323728354985799327e-01
3.912738860628996118e+00,1.652152514134980654e+00,1.261313034675824341e+00,3.380252736480682252e-01,9.400748257332586233e-02,8.929697516001121327e-02
4.778086235013971006e+00,2.914218594532772322e+00,1.945551196915543457e+00,5.001164543047718070e-01,1.242269610220614051e-01,1.261033291773087373e-01
3.437346227260745568e+00,1.523394459707278825e+00,9.954280776004180709e-01,6.169228154011445753e-01,1.165148674460014522e-01,1.486366406955107189e-01
3.833161769577769551e+00,1.744567831261067070e+00,1.390825155742969610e+00,4.035479909336570081e-02,9.820210986720338819e-02,9.197808696555964669e-02
6.277326131755680549e-01,1.228562397734876299e+00,1.146531712671930103e+00,1.399011357835429070e-01,1.391450420861405357e+00,1.369237025729364232e+00
1.405929653520131328e+00,1.109540322014444413e+00,8.894758741569439575e-01,4.645421383524419578e-01,3.898344750080169896e-01,3.999600053399499644e-01
1.754725147477232516e+00,6.126621466801414062e-01,1.922672255116946616e+00,6.850762826466714195e-01,1.694586890650013611e-01,1.839574429665548350e-01
2.010395333316918443e+00,8.730032627360030384e-01,1.268942205612605845e+00,8.536892038176540076e-01,1.860341831329654638e-01,2.032820990431774555e-01
3.832614704408127349e+00,2.878015785997718456e+00,1.261413150026440499e+00,4.251378957300699923e-02,1.559606156220380568e-01,1.255002186643978113e-01
1.033118291717797899e+00,1.441265313682475790e+00,9.391657756984310712e-01,1.208344839474839727e+00,8.745727284538129531e-01,8.826533974189214593e-01
1.374045342147417026e+00,1.058796119435032157e+00,1.986459731651632588e+00,1.540245390079672427e+00,4.811853519035699245e-01,4.826365247045920071e-01
2.485229553036151895e+00,1.879146680424786497e+00,6.801518808581816788e-01,1.400381688545822456e+00,2.748370741602016998e-01,2.699553212735160135e-01
4.198768231972609399e+00,1.685923064936993399e+00,7.783408346465920946e-01,1.191507986202830605e+00,8.467032128797684354e-02,7.526924985219564379e-02
2.387703814295960125e+00,2.269046672081956650e+00,1.878551726046867598e+00,7.848248486473179408e-01,3.874295104404267276e-01,3.968741238944387684e-01
3.956476897380005742e+00,2.935554317338057828e+00,8.706482985966930155e-01,6.005494696702806667e-01,1.532452782749345599e-01,1.519426421799416060e-01
1.806897494309897212e+00,1.108560428493041039e+00,1.747277498684785879e+00,7.314810795192008275e-01,2.909761269765057112e-01,2.900945364808932836e-01
2.137127854731604604e+00,1.897053829739669295e+00,1.081950597629786293e+00,8.336201128203144517e-01,3.607313799906242680e-01,4.008355142083032674e-01
2.502559220961111386e+00,1.329365052878380915e+00,6.850076226285742864e-01,1.581253677314631956e+00,1.939831013261791026e-01,1.951651444463187446e-01
9.942561314058728783e-01,2.664328800984501200e+00,1.220767870121365561e+00,1.425235771355902292e+00,1.905765324653711623e+00,1.882582193626909373e+00
1.811127316141381227e+00,1.057442079496322185e+00,5.493240038316760110e-01,1.897869971997618421e+00,2.623743751321708784e-01,2.439316206073288140e-01
1.806955567013448061e+00,2.176919780241018287e+00,1.793140329362623797e+00,3.582201221198499930e-01,5.509027132954369410e-01,5.356437672886721346e-01
2.974852049004375054e+00,1.276967023199060192e+00,9.780281524717182595e-01,1.067982805478642439e+00,1.373373678045910207e-01,1.050145222425069580e-01
8.577852510019827736e-01,2.629042541412859979e+00,1.846289725907072299e+00,1.101027290432209149e+00,2.345461323475502180e+00,2.367195040393974548e+00
3.867643237806616785e+00,6.407817458260723908e-01,1.244745473112942147e+00,1.312300410578895571e+00,4.467933669279834652e-02,8.189992703414489261e-02
3.813257784956187724e+00,2.394430950208714215e+00,9.312523621869954749e-01,1.711759458864892114e+00,1.698012039102362036e-01,1.571305534130753023e-01
3.478555880496298602e+00,2.181503207352880835e+00,1.617537710475706714e+00,1.566185680222442755e+00,2.065687306910294896e-01,2.247053032213007229e-01
1.669685497408429420e+00,2.698790556332406165e+00,1.095821055906200492e+00,1.613215914039236587e+00,8.470545541761597130e-01,8.319633405627058220e-01
4.309048468781223384e+00,5.447321529870298162e-01,1.733295957608281812e+00,7.984729234104612772e-01,3.029667574258120694e-02,1.649845598419793710e-02
1.836574530065192334e+00,1.374495808335530311e+00,1.768140336192590700e+00,1.797559445854128413e+00,4.068833453739252870e-01,3.717355130720555456e-01
1.807339766560774441e+00,7.669711573525990200e-01,1.928677370659204415e+00,1.353659646824050933e+00,2.225242865200679765e-01,2.212585245603119199e-01
1.030239222680496614e+00,2.357460652034321757e+00,9.241302859257984892e-01,1.664247167604689048e+00,1.574583512939062180e+00,1.599196886151841968e+00
4.157340723522157111e-01,2.760240256715528862e+00,7.159033421932872177e-01,5.843409962001795410e-01,7.717725602393282536e+00,7.742941815266309646e+00
3.315004317143768198e+00,2.030943343270856793e+00,9.246410652663608065e-01,1.141928804505132566e+00,1.775672566674701414e-01,1.880651202955543333e-01
2.462559057870822077e+00,5.526262122491061302e-01,1.579988705782145786e+00,1.518961759455652150e+00,9.470279293874608872e-02,8.925723900723693538e-02
1.304690535225441872e+00,2.194346370274813829e+00,1.363700246773007940e+00,1.721638815372011910e+00,1.061626077611838248e+00,1.085683375600744238e+00
1.988339669244600705e+00,2.146778773943288421e+00,1.120888013089118340e+00,9.347553143338873660e-01,4.665553354072038972e-01,5.013423872046421925e-01
2.329819684949943071e+00,2.252731654789033477e+00,7.499152375964541761e-01,1.697248730979607823e+00,3.816259659736339627e-01,3.662213923342756972e-01
1.439123359715927641e+00,1.853522523129933486e+00,1.947563465915063130e+00,3.952312919008309500e-01,6.804127508086724729e-01,6.857113201489761778e-01
1.407510125079310503e+00,2.850407368699294786e+00,7.274753133661331361e-01,2.031563519458339240e-01,1.021631778216688602e+00,1.020559823566951740e+00
5.880503222278667952e-01,6.398122907093823919e-01,1.616886305156412629e+00,1.811438263481988109e-01,7.895052230240575675e-01,7.765857337752314349e-01
1.119890208144336929e+00,2.486340583291084982e+00,1.980191167126079899e+00,2.838560999555528319e-02,1.283309154129129492e+00,1.259729550162685507e+00
2.418872226132386116e-01,1.980019125400439117e+00,1.151839492567017897e+00,1.164802953191184320e+00,1.151674981702673328e+01,1.150005342459705560e+01
1.974030167648504808e+00,2.714881371450918568e+00,1.154333723374089571e+00,8.453706548183230751e-01,5.966521861314622033e-01,5.988499056182678970e-01
9.982800689281019491e-01,2.180688155633804470e+00,1.063563172401342349e+00,1.642308067535473981e+00,1.535342296970653608e+00,1.540439779170047041e+00
2.612744193928329128e+00,5.163986764226792259e-01,9.419964084768654988e-01,1.226777073339076152e+00,7.053147611859006405e-02,7.332285996146999107e-02
4.723510270012157619e+00,2.510547483242964173e+00,1.566259306711077715e+00,1.734292049142952985e+00,1.322815508540258200e-01,1.579094752330612583e-01
2.492401252188759742e+00,2.112669670567414393e+00,1.120077571570133212e+00,1.218734610272533603e+00,3.229691046938928389e-01,3.091621623881780634e-01
2.136784612152102802e+00,8.441597134441903849e-01,1.223611062871091892e+00,8.076985767121998006e-01,1.614339258664456156e-01,1.362189090483665321e-01
4.561817209275441876e+00,2.017720768194962044e+00,8.250466115894168340e-01,9.700407591414133002e-01,7.878038403743273244e-02,5.515815189248457484e-02
2.908411230011266557e+00,1.894979795212561990e+00,1.421137684087237174e+00,1.318026261120444076e+00,2.331575421490816868e-01,2.410661964276665237e-01
2.867547500248498693e+00,2.719321477106138918e+00,1.620214528221781247e+00,1.076856403829398845e+00,3.422990048197760427e-01,3.315071763283388151e-01
1.446576955073716864e+00,2.593977845663971493e+00,1.920608257675387787e+00,1.006380630481968463e+00,1.040856716878384436e+00,1.007860454433384456e+00
4.357951444184359424e+00,2.900731838164870791e+00,1.408424687608515802e+00,1.379631955594877946e+00,1.653762506311183822e-01,1.838790762804886625e-01
4.980774501059904935e+00,2.672715934287249517e+00,7.410256048232970461e-01,7.214717747691272720e-01,6.659429569642498492e-02,9.460104026179660952e-02
5.758589959816055037e-01,1.447987733618286477e+00,6.464429636959547754e-01,3.699270910162393289e-01,1.929281137590388440e+00,1.932898686390922993e+00
1.821191611780703212e+00,2.164557128600157476e+00,1.992474054216381685e+00,3.806502300823182416e-01,5.507229441913044088e-01,5.635934492210845637e-01
4.285012529444981233e+00,5.713527825818069950e-01,1.248892593958636166e+00,1.892953676311282862e+00,3.521224570239325780e-02,7.278164828067989339e-03
1.032891850199540995e+00,2.489264770336309329e+00,1.678587367076209258e+00,1.841693224909403126e+00,1.797293084874096669e+00,1.769013048305041913e+00
3.718951291709884810e+00,2.121937118075862827e+00,7.326597107652009777e-01,1.369324296743325675e+00,1.433418221676266147e-01,1.465927923708745251e-01
3.682556709622964775e+00,2.976521911345089144e+00,1.839456455451614625e+00,1.934830663836370368e+00,2.781402337946657921e-01,2.823337431695988053e-01
3.269875107452849594e+00,1.163321927115937626e+00,1.108196149444678813e+00,1.837085904728356089e+00,1.166569774892508293e-01,1.128021595669133348e-01
1.808217535872751247e+00,6.407046016418006529e-01,6.753943107035876858e-01,2.759345888733477636e-01,1.540749784172878445e-01,1.482944644174491178e-01
3.342479535735562113e+00,9.384948642416666154e-01,1.407562607816187139e+00,1.972315557151068210e+00,9.731961071886245651e-02,8.474863323069650733e-02
3.198645861715457173e+00,2.890988463401766406e+00,7.107438202024498608e-01,1.947703914473217557e+00,2.814589944529524712e-01,3.103135693513823790e-01
3.682723810917905016e+00,2.466483920204192604e+00,1.691171666798620521e+00,4.402775661588371747e-01,1.776286259976704862e-01,1.604963015583645569e-01
2.123322657174274042e+00,1.255575469767546970e+00,1.067027393345351793e+00,1.144967673178060918e+00,2.465564407439683747e-01,2.438915638676702191e-01
3.239483623463712991e+00,2.886252990646214656e+00,1.552216049131728504e+00,1.384071624413700130e+00,3.013367162903894947e-01,3.221194249310934676e-01
2.849611981928081295e-01,2.945100005542597987e+00,1.550004277365716110e+00,4.247552620369874354e-01,1.338211139688596241e+01,1.336170696413149805e+01
5.252480227595970330e-01,2.451512675101190641e+00,1.399919262157526045e+00,1.549957919802138928e+00,4.632306281664881453e+00,4.635190868272528242e+00
1.138307589518430696e+00,1.966679876755996093e+00,1.956197613719033557e+00,4.858577694061476659e-01,1.049518664445083571e+00,1.047229504999425798e+00
5.425444120586628838e-01,1.122489495515228475e+00,1.944587721487784249e+00,1.680576512280687718e+00,1.833482036958706818e+00,1.845837538018295199e+00
2.496492003074350929e+00,2.074132939685024102e+00,8.368351631284938197e-01,1.559383708023447612e+00,3.125992982980173585e-01,2.636951335685250308e-01
3.607038575058855834e+00,9.283741912943578312e-01,1.374617968938412149e+00,1.931876215340897929e+00,8.262116139250688662e-02,7.668981425199150603e-02
2.534130829804048801e-01,7.473665806116687182e-01,1.381112601053878119e+00,8.788083165318194556e-01,3.022457599344356982e+00,3.006748008018038210e+00
2.918118582046131948e+00,8.288056124283267323e-01,1.933571544794406405e+00,5.414501303440155677e-01,9.665374977700258441e-02,1.184809839723614810e-01
4.031000795886185095e+00,5.535477875566958694e-01,1.422041377087391201e+00,1.087814751246378719e+00,3.541258629987645984e-02,3.429819621199189927e-02
2.542271304206086047e+00,9.781910573696251943e-01,6.127383330613631607e-01,1.708562584518862781e+00,1.380430925223009031e-01,1.267858002058269984e-01
3.613225843049809427e+00,2.269992728962680228e+00,1.114075046060308605e+00,1.769420768532364852e+00,1.878196174922966422e-01,2.055427549168296064e-01
4.307293404071010912e+00,2.266824468203956222e+00,1.199019715162428001e+00,1.423893531559950798e+00,1.275871754444570239e-01,1.403852709716107983e-01
2.194018710316158582e+00,2.565965581134975526e+00,1.167306893010722213e+00,9.541341542872494585e-02,4.501704280012411852e-01,4.705064119382104670e-01
5.320083939280317864e-01,1.117282979349672578e+00,1.887919099197922002e+00,1.618505419290252378e+00,1.863410387659561129e+00,1.885082121964513746e+00
1.231122402889903933e+00,6.323373251161930053e-01,5.023515707697240318e-01,1.219408972207135733e+00,2.697455685051478591e-01,2.851393267458398606e-01
3.313776703716756478e-01,1.881284984850497555e+00,1.400522346997346457e+00,9.528980734002945319e-01,6.319609979408530087e+00,6.308165430347902003e+00
1.483429432935610359e+00,2.279787668302278636e+00,1.279590720642696411e+00,1.430166673264623878e+00,8.632064762239045619e-01,8.691734503100669862e-01
4.233210146113052019e+00,1.332833296829214031e+00,1.512598617817271007e+00,9.792503170856159400e-01,7.680698055819470960e-02,8.274043738638547918e-02
3.229660546922372255e+00,2.213478541570784497e+00,6.371794031472526321e-01,4.771598402782830650e-01,1.672857791029562224e-01,1.745121956229913340e-01
3.921924193757105215e+00,2.878525539645427678e+00,1.299336106429469284e+00,6.894128140982960229e-01,1.783930542845499345e-01,1.851600726658357010e-01
4.022494621146023519e+00,8.268386122734603383e-01,9.441403310199144583e-01,1.185683829235987030e+00,4.865667089056039535e-02,5.051245894958000804e-02
3.378362734405147449e+00,1.866587933554956447e+00,1.931067083407615348e+00,3.881672953344295074e-02,1.531778182269006305e-01,1.448078083034741448e-01
1.648840797834467242e+00,1.904475879426398066e+00,9.823032759311867146e-01,1.959874179535689764e+00,6.135005842656866548e-01,6.120663337487862732e-01
2.157214825002961689e+00,6.522478366466704092e-01,1.080159126442837847e+00,1.851236771682269744e-01,1.173079906048335314e-01,9.768052288327687405e-02
1.714873132266987232e+00,2.818991187057242609e+00,5.422611740142944114e-01,1.986716688401879871e+00,7.968545328415775897e-01,7.788995848505312347e-01
1.132385129046901362e+00,5.525386712481288320e-01,1.687748411090429057e+00,3.575277340244522595e-01,2.777305792609640056e-01,2.922058784636740736e-01
3.592302301096821804e+00,2.752822729936927448e+00,1.738173077396958810e+00,1.612160535333493572e+00,2.521832555391037012e-01,2.457945625979527371e-01
8.037961081767233118e-01,1.421571509395910482e+00,9.585949672968629987e-01,1.570049631438714677e+00,1.314183655315098953e+00,1.316029855370603352e+00
3.710125210455364808e+00,2.725057261505510198e+00,1.851584981039084754e+00,1.986662408331468344e+00,2.534421612396470236e-01,2.426740881656853088e-01
3.250576036369561717e+00,2.100730157249528940e+00,1.443572171277565319e+00,1.887253338400322944e+00,2.290874858419533200e-01,1.964395726122864783e-01
4.444178460083631599e+00,2.821123329418083969e+00,9.047160124857613894e-01,1.499514363287126617e+00,1.383054790592418426e-01,1.302870915459727885e-01
2.059724713094636339e+00,1.995796160419010645e+00,9.936197905986958734e-01,1.326612610656483282e+00,4.178385850055472694e-01,4.501410091764731503e-01
4.283507979655660769e+00,7.333536883924327565e-01,1.063300736270060387e+00,1.829257301603851360e+00,4.290297931030388756e-02,4.082575120503705024e-02
4.051935608566942015e+00,1.417005644211960291e+00,6.100165305396727522e-01,1.087742795456200229e+00,6.902537787070302244e-02,5.538632993240483887e-02
2.572602988512689759e+00,1.441857510219285210e+00,6.078601044989278002e-01,8.610770102482798727e-01,1.894782981370617403e-01,2.033350937990563434e-01
3.476527523774753714e+00,1.901717408889376015e+00,1.458140134627932349e+00,8.714434821952490307e-01,1.594144887774639474e-01,1.497252253438950409e-01
1.988307998491302353e+00,6.188882327194442645e-01,1.433978673855005104e+00,1.523242180180924832e+00,1.478428422920340102e-01,1.355737287684763981e-01
3.308834905052011610e-01,2.184662668250565876e+00,8.081220742237871235e-01,1.503215647658639575e+00,8.969598077504983280e+00,8.938316680451769969e+00
3.009170504048618078e+00,2.986236120788303694e+00,1.133566419828575533e+00,1.916498820075707821e+00,3.562647076293217197e-01,3.219257801406193442e-01
1.654119720113665037e+00,1.384201620354742923e+00,1.630548047354392294e+00,6.366018245780091789e-01,4.090991813225562934e-01,4.174031951173163835e-01
3.887734651216784965e+00,2.288135438401489807e+00,1.916338663251646368e+00,7.323330375510175294e-01,1.598035019123155986e-01,1.625423307434658016e-01
2.411589975177326761e-01,2.669771173842451883e+00,1.341015623544846491e+00,8.533370515287992397e-01,1.645397472736955535e+01,1.645471605227277223e+01
7.470837416887365912e-01,1.230215761333881552e+00,7.212424834529561624e-01,1.095195184287289125e+00,1.167982899019104792e+00,1.181806751166852854e+00
1.505555580007095884e+00,2.144945319454127031e+00,1.562070307804586111e+00,1.297755008723748826e+00,8.051810380886909035e-01,7.959768038205049523e-01
2.230260532167168464e+00,1.410286868511318570e+00,7.449472240372445597e-01,8.485895660017062081e-01,2.424276144565821189e-01,2.427854766307176726e-01
3.753154818005127957e+00,2.784177156144024057e+00,1.097773761713468632e+00,6.585996306802130995e-01,1.809976046754817325e-01,1.636152157336279445e-01
4.565189286010522096e+00,1.001236961959396821e+00,1.677599449242126006e+00,1.341518347577622450e+00,5.399548204868359624e-02,3.674011611536509569e-02
2.376497880546685426e+00,2.099254768867672372e+00,1.023277017031204661e+00,1.082184879172568337e+00,3.393184044608923422e-01,3.243106045281277661e-01
4.149997405984680476e+00,5.436661124838020331e-01,6.254678414267460518e-01,1.442925827799770078e+00,2.743038489274502931e-02,4.674547265710334021e-02
3.350504947990990523e+00,1.687943343804497953e+00,1.084451452552650963e+00,4.371001294676117865e-01,1.347767830080354723e-01,1.488790399155507649e-01
8.283553552415259258e-01,9.104349662369302099e-01,9.039444540615017010e-01,5.122315502397876141e-01,6.933042128309500063e-01,6.731256818368795969e-01
8.729621400535541031e-01,1.105789002686980771e+00,1.083164120372978934e+00,1.402762921286305753e+00,8.820582297239333291e-01,8.756434648148228028e-01
1.547570831115091750e+00,2.139817650574110885e+00,1.359139193485045194e+00,1.184432910903297165e+00,7.397019704827650921e-01,7.420655194511565078e-01
4.499168584485837563e+00,7.948218918988634307e-01,1.523485097060744975e+00,1.099817074898312708e-01,3.115704334474532489e-02,1.499991718773619614e-02
2.250097251981307278e-01,1.308290130755271230e+00,1.321112910012099073e+00,8.009974375010138203e-01,7.021438557138937497e+00,7.034903553913573582e+00
2.117044081657448729e-01,1.666668946610663671e+00,1.242067129787738589e+00,7.311560952743063613e-01,1.067187373565162289e+01,1.065610721470457989e+01
4.299010716630600193e+00,6.061279620671162771e-01,9.374992554412554524e-01,6.617095812375641817e-01,2.667812056026717601e-02,1.991491888468733401e-02
3.841993611777814621e+00,1.011697211192169377e+00,1.785534629730732181e+00,1.681313888011513491e+00,8.278191305309344494e-02,7.602243217470196213e-02
4.273776659814743084e+00,2.126555242134027246e+00,1.722594638564066472e+00,7.082746223564206911e-01,1.181356320557588879e-01,8.114264375314413080e-02
3.571802118753485633e+00,2.301086274400828025e+00,1.394084043438242437e+00,6.240947869899651224e-01,1.747213067962815058e-01,1.396221962111778292e-01
4.071150730916044402e+00,1.946137581492849877e+00,1.028912388876983330e+00,8.638174024245985905e-01,1.074535295719692696e-01,9.012040845144302093e-02
6.609923113755584723e-01,1.301678518875534429e+00,1.451306359541314261e+00,1.936076767689882461e+00,1.667573870524491797e+00,1.691198571757000169e+00
2.974901480603612036e+00,1.497584138488947669e+00,1.346400100019328416e+00,1.309102424521970010e+00,1.745892269682921549e-01,1.861268950088886542e-01
1.907496861866241122e+00,1.751741951523454688e+00,8.241729995545268306e-01,3.648298144969741585e-01,3.867333492133135930e-01,3.956730323418795048e-01
2.769139333374326828e+00,2.061087530899270881e+00,1.786736239947345428e+00,1.919328565447565582e+00,3.175157097431001718e-01,3.049162979525857908e-01
1.706280917676030073e+00,2.532620588769571857e+00,9.732208563551717484e-01,1.109824363905603795e+00,7.093092548372568196e-01,6.998612575460536611e-01
1.240755799238695500e+00,1.500019361429916209e+00,1.816458769347916835e+00,2.266959337673968289e-01,6.646858814374541069e-01,6.654817630485762026e-01
1.079430443000428230e+00,1.325526927360527241e+00,9.567997107077019781e-01,1.351180582862516744e-01,6.801920859172695399e-01,6.854758489610783823e-01
7.348962687004547689e-01,1.059610083285173365e+00,6.287203676677894926e-01,9.144624365120059828e-01,9.895958174845773669e-01,9.590688973282094354e-01
2.020043117316335568e+00,2.325554367252069099e+00,1.434386448938192560e+00,1.789112995267795991e+00,5.707572730077665746e-01,5.564255719735784478e-01
4.184672644211763881e+00,2.779835330651994951e+00,9.257168611277808434e-01,1.118394592430653534e+00,1.468748866028999067e-01,1.313960928684545504e-01
2.963101899443512099e+00,2.164379793342603442e+00,1.701153264210098381e+00,1.724391411019619014e+00,2.844634243296916276e-01,3.105701284842564691e-01
1.630275461562000539e+00,2.166268536931920341e+00,1.520107464058885416e+00,4.456001896894374870e-01,6.387525208755776562e-01,6.277258372312163326e-01
4.553259365871186404e+00,8.981411498973602692e-01,1.184466208636767437e+00,5.505099491411185042e-01,3.618127607229720127e-02,1.969055094840145570e-02
1.957920812854267334e+00,1.341056102129114969e+00,1.687261948338247164e+00,1.187522991114275284e+00,3.276824625411940417e-01,3.438434966288004269e-01
2.344672213537970951e+00,1.882003957495779201e+00,1.524285125033378430e+00,1.065331342476574905e+00,3.303589401806182879e-01,3.213899033397939475e-01
3.970786600083490825e+00,2.554085179130137995e+00,1.739444695388995266e+00,5.533552479908498967e-03,1.408812928374081896e-01,1.593469608484892885e-01
2.180096393316335313e+00,2.405484703239808564e+00,9.426267055623478441e-01,1.807284186508978596e+00,4.790759904262167357e-01,4.595948633236514591e-01
1.423399270715900000e+00,7.005971239329071842e-01,8.820612333968019803e-01,8.774703457487400549e-01,2.454770080293441625e-01,2.829853890119955473e-01
2.130122960678455080e+00,1.732733728974929388e+00,6.544442819070155348e-01,5.357885748466617581e-01,3.178929943100749500e-01,3.160806951443438928e-01
2.833628142470567823e+00,1.433584042433748040e+00,1.905260930667201480e+00,1.936827909283670657e+00,2.156551194921364767e-01,2.182608235897736670e-01
4.586864031556405763e+00,2.847493044810883056e+00,5.986616095143881822e-01,8.361069937080090053e-01,8.510548690542189820e-02,8.015808858365439105e-02
3.831192688370534061e+00,6.027231712189424773e-01,1.779408072584689471e+00,1.911082530089210252e+00,5.126806009946223430e-02,5.015038863453560175e-02
4.501843476568924807e+00,1.497282876291218479e+00,1.840080747082797563e+00,8.800216361541268739e-01,7.837484174377362667e-02,7.859774841165426129e-02
2.647743838990408882e+00,2.440988238976584235e+00,1.712458402548600489e+00,1.050303527882444188e+00,3.560081562915392572e-01,3.492321232712508050e-01
2.473241407560129890e+00,1.439416486728937183e+00,1.013794702097450040e+00,3.813708532953272723e-01,2.057671995896312722e-01,2.304077046471607049e-01
2.159952158692187485e+00,9.746517264817653459e-01,9.254360109368044984e-01,7.318690322295740014e-01,1.776783240438871703e-01,1.324177644055409553e-01
1.007011181051785664e+00,5.522886558331689955e-01,9.362923014763276930e-01,6.895178591239070620e-02,3.062318878816866485e-01,2.817964800339842202e-01
4.143385070232286083e+00,9.874831032198417846e-01,1.030220255435858379e+00,1.489629950320334073e+00,5.851063357723056829e-02,5.085106828578161986e-02
6.657415838078473147e-01,1.703848737307592565e+00,1.093584489094439949e+00,1.808804877741151396e+00,2.190417497843351935e+00,2.187589614778345570e+00
1.590957184486734510e+00,1.238864168210939809e+00,1.086369159228080861e+00,7.865112756886041279e-01,3.741906022604538640e-01,4.028252866098957496e-01
1.270596663961979900e+00,1.629009082048518575e+00,7.671664361550442068e-01,1.440042605687507304e+00,7.214993396241643486e-01,7.323706701130718866e-01
2.909819195724760998e+00,1.621479860293281394e+00,7.349456481024194687e-01,1.019968719416824099e+00,1.742053077469681022e-01,1.740212867219579351e-01
3.097678493397431954e+00,2.942918413121026422e+00,1.493539245299221774e+00,1.322604301697846374e+00,3.278934526347219158e-01,3.116623963782104711e-01
1.495184888879974361e+00,5.021747605674902193e-01,1.338323413069888224e+00,1.163163543820799894e+00,1.770553882232631104e-01,2.161683917638945740e-01
1.058299768380429162e+00,6.214161968203564257e-01,1.416793808289828593e+00,5.119265009022317958e-01,3.436834382334436611e-01,3.609320671672585634e-01
1.331659592405126880e+00,2.161913186411088095e+00,9.441245151205548414e-01,1.998488830810373207e+00,9.877610471230325873e-01,1.038633360367808178e+00
1.801384422853700373e+00,2.987854035162198496e+00,1.491334353818066782e+00,7.872617454182015972e-01,7.871786348356746288e-01,7.572215767083386728e-01
2.067987593930804557e+00,5.562818489873060379e-01,1.643019131838127755e+00,9.148527976611242618e-01,1.185626557255652358e-01,1.528983514930401522e-01
3.973417810301093311e+00,2.682643914468583191e+00,1.249094733482484898e+00,1.445326809027347004e+00,1.811347982708806648e-01,1.790297457860006158e-01
4.549865709363793975e+00,7.211960354052635580e-01,1.244156969793119405e+00,5.219108157303073980e-01,2.945452641921529960e-02,1.228062178322499726e-02
3.339201445362711684e+00,8.052727781409139141e-01,1.228046184689446152e+00,1.049485998762257122e+00,7.213858946754724000e-02,7.460918528831939067e-02
4.653701657597295593e-01,1.087327912327176627e+00,5.840664225676113208e-01,1.605929468170614660e+00,2.211464521201900624e+00,2.213753632779167813e+00
2.425356936859387691e+00,6.160284430945159873e-01,1.052697615449986523e+00,2.711794768424602431e-02,8.920025889451074774e-02,8.284896592347454347e-02
2.450785459416621404e+00,1.712569195647881459e+00,1.033455169113046246e+00,1.821397465508928004e+00,2.827442548857494464e-01,2.536620495959440169e-01
4.481681619612936984e+00,2.057835373145116886e+00,9.806610487728676384e-01,9.530395968947891205e-02,6.104353601043938093e-02,5.398401938451705823e-02
1.740646174420927839e+00,8.300193258517301054e-01,1.311329777439365074e+00,1.242748954014938345e-01,2.109470552600329896e-01,1.852032756424172311e-01
3.649783811401544398e+00,2.312263184285652251e+00,1.323012999251055088e+00,3.225465957035300590e-01,1.565434010855231428e-01,1.582556361812598456e-01
3.986650537637866698e+00,2.951076611437112529e+00,1.968840703211769849e+00,4.134150137202308173e-02,1.696428437500196174e-01,1.423346701606048037e-01
2.658397539793837083e+00,1.607858208154469448e+00,7.850679412150374237e-01,9.510516819695991053e-02,1.870800721916890674e-01,1.913812922479269374e-01
2.560914602851554367e+00,5.279100851831248775e-01,1.846560231808926922e+00,5.884816709788966982e-01,7.715445880278676283e-02,6.882831362160989064e-02
7.755188056125801310e-01,9.249402571085389990e-01,6.138385403259254414e-01,1.281836928021126365e+00,8.141274593739056264e-01,8.331433999260584589e-01
4.960223710803252084e-01,2.117279954287938359e+00,1.921921489920480841e+00,1.650832574796432306e+00,4.175956145952925525e+00,4.160111194543387292e+00
4.866025188819858016e+00,2.966607009637971970e+00,1.113577807838422862e+00,1.178872087738334296e+00,1.176768870061684347e-01,9.044013838789650983e-02
2.905264100414159945e+00,9.718661458765114336e-01,1.118499696642670571e+00,7.024836584501281678e-02,9.932544831908220184e-02,7.104254705761951783e-02
1.481862370477363910e+00,6.737438927117751497e-01,1.604114072253962853e+00,8.949755053931092164e-01,2.412633824800569371e-01,2.463767538419210368e-01
4.057038365996377571e+00,1.620496643395032299e+00,1.029745454480422318e+00,5.937830826803836004e-02,6.757459650496476511e-02,1.462101541125178650e-01
4.624724597945670257e-01,2.310407533091880961e+00,6.400475337673885434e-01,1.496368827181176364e+00,5.742177391504121431e+00,5.714333000704358234e+00
4.728470763726756232e+00,2.311390526971390802e+00,1.391404287935686934e+00,4.858644963700764485e-01,8.838500094981072142e-02,7.560380911882269572e-02
1.016119736122775397e+00,1.157680897016203803e+00,1.842663381644712439e+00,1.495814592819811217e+00,8.010358870261420350e-01,8.315752080952717451e-01
4.930708322966156132e+00,1.337092409244292179e+00,1.665326952290854257e+00,6.853929958146498524e-01,5.258279410907352319e-02,6.533553307408990207e-02
1.610979104785742244e+00,2.078670450076576692e+00,1.196518524200676836e+00,4.018847404819290148e-01,6.071869118792069253e-01,6.322498672632967942e-01
4.560851971648318681e+00,8.058983111148707579e-01,1.118235072538383168e+00,4.788606694283905618e-01,3.059862579414302647e-02,3.632967219133924341e-02
4.007155965797893904e-01,2.530449877660257307e+00,1.647627473322600178e+00,4.355827805088554605e-01,6.439025505458308984e+00,6.448275828111066588e+00
8.980897081149044059e-01,1.582799289364071882e+00,1.488983310473752208e+00,2.420365738534446809e-01,1.114186317338153209e+00,1.114731028274047686e+00
3.832458372715746853e-01,7.226416864290520214e-01,1.322543395946199407e+00,1.726316158717712712e+00,1.776517105602292368e+00,1.753723861148306140e+00
1.575830428745660816e+00,1.076249843676901685e+00,1.291136331364192813e+00,1.201162151229014263e+00,3.528010537411494507e-01,3.564765247800107950e-01
3.821499134242960061e+00,6.655828367973288806e-01,5.154988789468468724e-01,5.779209113532195463e-01,2.862694755024871446e-02,8.534126417054355845e-03
9.425542827698645265e-01,1.731396930221501762e+00,1.074069803153618885e+00,8.343930323093688983e-01,1.189512082035842466e+00,1.201416858271174171e+00
8.351226475844890640e-01,1.484177260949004928e+00,1.582759787220600067e+00,5.684352544022091003e-01,1.218471047526811457e+00,1.163212472778400564e+00
3.616288544552653583e+00,1.338230253296937011e+00,8.471920508948631579e-01,9.238271481576396660e-01,9.284281310054744163e-02,5.045404577117963002e-02
2.891783076921548457e+00,2.601948933391895924e+00,1.203002785569868172e+00,5.507168767449233115e-01,2.888360607774615452e-01,2.849203566310051783e-01
4.815972039496353441e-01,6.891591693584835365e-01,9.256389800894371245e-01,4.359106964301817655e-02,1.066820872550957811e+00,1.067548260720344810e+00
1.567040882254812306e+00,1.755026417771036407e+00,1.283865227737424508e+00,5.506291982002415875e-01,5.438963133216627721e-01,5.795945153349566503e-01
3.826710968554249970e+00,1.759679091407748475e+00,1.469394858940631154e+00,1.161379920370842811e+00,1.276336113741878275e-01,1.098760946104704178e-01
2.827311308069728302e+00,2.641409294152592402e+00,1.545480775611604241e+00,7.314348397190999496e-01,3.230339732103801320e-01,3.341852315792673278e-01
4.728824386753800013e+00,1.231988720764259249e+00,1.941079534275002239e+00,1.021977303928081060e-01,4.704264982278266727e-02,9.370051243743356129e-03
3.903493867183275512e+00,1.028972430020256290e+00,1.072122573010256374e+00,1.870133799238006711e+00,7.328859404287145496e-02,1.191888707277118098e-01
3.754850236422414778e+00,2.150009765491486480e+00,9.080466927472427008e-01,3.633207806048452948e-01,1.211760642037676972e-01,6.729026906116380990e-02
4.089520043822613360e+00,1.092336973024355284e+00,6.874397693773834916e-01,1.063330340369795790e+00,5.424859535151203838e-02,8.267505051980010566e-02
6.078722404731961015e-01,5.662139953390011859e-01,1.878354606971160079e+00,1.145742315008319023e+00,7.418294404244222262e-01,7.325300403627561519e-01
1.890286757068235568e+00,6.952186807851665762e-01,1.650276308983794182e+00,6.803003647824157341e-02,1.566614002080249091e-01,1.181725525692716439e-01
4.099558067079787094e+00,7.692457287523699616e-01,1.344070852546615402e+00,1.046118337894350825e+00,4.653204587414044163e-02,3.292582464419718108e-02
1.628307634472194287e+00,1.796353329950650446e+00,1.033339660235337076e+00,1.693702983237951543e+00,5.770546934622639013e-01,5.923504071565400819e-01
2.342855024665234431e+00,1.953824847053619918e+00,1.084057387399590899e+00,1.492973014967593048e+00,3.397530767321619294e-01,3.343797565155035567e-01
3.187674439191125586e+00,2.513113713604406385e+00,6.685057596574114358e-01,1.369018359675587160e+00,2.303207395710680228e-01,2.108589600654500740e-01
7.390262273533718673e-01,2.515547475200323291e+00,1.152332930156951596e+00,3.754593179348426624e-01,2.473145147463509552e+00,2.474020965601840150e+00
3.549293497904478567e+00,6.030254614866338292e-01,1.508910513129624098e+00,1.430183812091614382e+00,5.281150573213849730e-02,4.994739709461694377e-02
2.096190478319375217e+00,1.310523669079765252e+00,1.435851709134691623e+00,4.829090223017327155e-01,2.563555791332353673e-01,2.718945029522326085e-01
4.412733542709936785e+00,1.383532062170702126e+00,1.276819501987231931e+00,1.977207838930081119e+00,8.190241462456773758e-02,9.277062980208362897e-02
2.545338681045063556e+00,9.297578850550692886e-01,1.003876365952219185e+00,1.615481177425436954e+00,1.392475942245008091e-01,1.269231445705655270e-01
3.482945312895193712e-01,2.440599695079792131e+00,1.232438324533132512e+00,1.758083349021577479e+00,8.822442068404658500e+00,8.804049712099288882e+00
3.808617733973432173e+00,1.629236968408816599e+00,5.709601798520355098e-01,1.284530316293858609e+00,9.537604652900669167e-02,9.328750443887751098e-02
3.525150779359070619e+00,7.129068487716325730e-01,5.786893082013691014e-01,4.686759985500636994e-01,4.028409111059289005e-02,3.418688673510008463e-02
4.757527926725819256e+00,2.332232159722819276e+00,1.553882770078255593e+00,1.008125217656546502e+00,1.054093730644268256e-01,1.076918270982365061e-01
4.095855634297395298e+00,2.261337415385718863e+00,7.610941552251434539e-01,1.914388247386328734e+00,1.349739236067870329e-01,1.114005822705869536e-01
2.919309868746003733e+00,1.373087445469111767e+00,1.546691758557092067e+00,1.650171281329684936e+00,1.784239295098014599e-01,1.779042947095898775e-01
3.953232990751130771e+00,2.225489772111116871e+00,5.998016114998401260e-01,1.699705146587178861e+00,1.306062407030945949e-01,1.111505594063389307e-01
1.136442009059716485e+00,6.610942303493528849e-01,1.834617223118038876e+00,3.809039167013190674e-01,3.362815103725295685e-01,3.445349567356035814e-01
4.555333985677838093e+00,7.556556044312080500e-01,1.706117279808698539e+00,1.600364200710226115e+00,4.301184600793386825e-02,4.534436319954131267e-02
3.873702434033344133e+00,2.001578448177947500e+00,1.083970142800413816e+00,1.027490684015277767e+00,1.292055067189172290e-01,1.212199336472787187e-01
2.574002819120897900e+00,7.245793843685814917e-01,1.934258892039523392e+00,6.836172558506221630e-01,1.072518131354446430e-01,7.262490062171020333e-02
3.957342064358949085e-01,2.015883690298490016e+00,8.445957576156412072e-01,1.494419303477537042e+00,5.933394196040514323e+00,5.952915178406712471e+00
2.188328591989761929e+00,1.713080058493553937e+00,1.978781078048241104e+00,1.747900651543812023e+00,3.917997296922980932e-01,3.717208642830471810e-01
1.896820392785832254e+00,2.616328444155854527e+00,1.549677769404160577e+00,1.460712274388020759e+00,6.958010350367249686e-01,6.832259181450486274e-01
3.377855357804968595e+00,5.170618466345789921e-01,1.360932779293893669e+00,2.440800399959328626e-01,4.109066630864457309e-02,3.637137365051956034e-02
4.942804408582492925e+00,7.376214507182100588e-01,1.022401158904988838e+00,4.196996786426747672e-01,2.014010606947384471e-02,2.534038777491991884e-02
1.705273517069430422e+00,9.974831105009156484e-01,5.509769393130260484e-01,7.355561970271018435e-01,2.627380966590738831e-01,2.488337403622171706e-01
4.680469239889304411e+00,1.219723176221108929e+00,1.024179368616168651e+00,5.151872973041922155e-01,4.160287494887697501e-02,2.816503420250238143e-02
3.484225961295432938e+00,2.989469123040713328e+00,1.507425793853236495e+00,1.242604106012994203e+00,2.652186355865730483e-01,2.336856245457469561e-01
9.645516094089690018e-01,5.654665882979171831e-01,1.640575264572545988e+00,1.960471121181848186e-01,3.499682797866197626e-01,3.679448779285722781e-01
3.446355650001848847e+00,2.328535057763706284e+00,6.523476197341147031e-01,1.453757617498511623e+00,1.825659122509096233e-01,1.697898941790281224e-01
2.858665573340334998e+00,8.098534510861528091e-01,9.416243606973396796e-01,5.037438031402237115e-01,8.839074260532314709e-02,7.610225168459090750e-02
1.512854829099705034e+00,1.008191847506834993e+00,5.177477960842821192e-01,1.211536645891121422e+00,3.196706046200527562e-01,2.751029535602058651e-01
8.387041089848099595e-01,7.883179787685946627e-01,1.985017519359463911e+00,1.576423073368938166e+00,7.114686381639736545e-01,6.967881628317517118e-01
9.899369413162462106e-01,1.465135327041124036e+00,8.061725928429340771e-01,1.034694080524371840e+00,9.178547898710839315e-01,9.326055912159767480e-01
4.366132176678956256e+00,1.284057949165937185e+00,6.437902607473013905e-01,1.691249808188326043e+00,6.070781555316717010e-02,7.904109543463679055e-02
2.477206275325443130e+00,7.823421852807064258e-01,1.628583614717672656e+00,7.731224306380148903e-01,1.213861632652589173e-01,9.779201101546011743e-02
2.917779204498373691e+00,2.568476674502818469e+00,6.982142848518239076e-01,1.647987963477811846e+00,2.882287590763283891e-01,2.866097992584162868e-01
3.735969909583479076e+00,2.685206131015390962e+00,9.860171984795339517e-01,6.220081838074089653e-01,1.698584335817598934e-01,1.797016018488435951e-01
1.201207533156395613e+00,1.513822552956067158e+00,1.781470254999018454e+00,7.607775085023802397e-01,7.565587265695647989e-01,7.252695817098284703e-01
1.392796812451658539e+00,8.694168698629041181e-01,1.928769568261307743e+00,1.764058860856904554e+00,3.932278834180874538e-01,3.829132633438753208e-01
3.930627191123062580e+00,5.962452798309654245e-01,9.598538519460507734e-01,4.172571381934508938e-01,3.102023633162478977e-02,4.247751339595702558e-02
1.682344548136398554e+00,9.782778607157117667e-01,7.938011265937470196e-01,6.762430234874519108e-01,2.627704972783119208e-01,2.820694777231027017e-01
9.254361839109168653e-01,2.338029738559950221e+00,8.584211221301343286e-01,1.191688376460622312e-01,1.542567737027738195e+00,1.510938937381382630e+00
4.079760397612311351e+00,2.780121254180209167e+00,1.678930911528087044e+00,1.301529578103754359e+00,1.878258063095949726e-01,1.630542814315048272e-01
1.658640564153072150e+00,1.481933585820770949e+00,8.347745680642887356e-01,5.056984695685513564e-01,4.074624513708768880e-01,4.280734117310910913e-01
7.965257263856506675e-01,1.964889002309727406e+00,8.355141245462103239e-01,1.432748373452365609e+00,1.870527362546309025e+00,1.859786873021546105e+00
3.231394627710692635e+00,2.273893996583702837e+00,1.656791752758306036e+00,7.381972709444717395e-01,2.205239487450983971e-01,2.250715143253936013e-01
1.444003763163324239e+00,1.717603795011712453e+00,1.806940715299682587e+00,5.024515145273416028e-01,6.285906081393822786e-01,6.026482871987655088e-01
8.871713058022625553e-01,2.152050936828511674e+00,7.673376783263665679e-01,1.029070384056193888e+00,1.653654026344085537e+00,1.674351557566093218e+00
1.423265430694279798e+00,1.674284984554349709e+00,6.212100717389714699e-01,2.966622137057954856e-01,5.872031667309111080e-01,5.923408575970675605e-01
3.217826765503062347e+00,2.059488793349927072e+00,8.585509129605204404e-01,1.675961609311218403e+00,1.992312033883880951e-01,2.248786537607332381e-01
1.605960381296513084e+00,7.970732872866382879e-01,6.414856282071649263e-01,7.429514163658346160e-01,2.290150276141729169e-01,2.074597353541551281e-01
6.004290285982565312e-01,2.448023155984736743e+00,1.684234263686563482e+00,8.737668050450353441e-02,3.213730413402941188e+00,3.200093869888852804e+00
2.573829568468554818e+00,1.878621881169253882e+00,1.161524227344060023e+00,1.549598064177389878e+00,2.831138344554484654e-01,2.559743792241029881e-01
1.600610718387785791e+00,1.007566216660741754e+00,1.967628191120098791e+00,2.937371693448889154e-01,3.071117974617686430e-01,2.795947730490916383e-01
9.516697705877885660e-01,1.591408586631378519e+00,1.467863295855451167e+00,1.464990572385630463e+00,1.191615841130070130e+00,1.162036194442100490e+00
2.637544299538802761e+00,2.443084757736389889e+00,1.142429908858000109e+00,1.599121699383510897e+00,3.548181890370860625e-01,3.550630734246850162e-01
1.873377983716724815e+00,1.626725688110464141e+00,1.261416551319650470e+00,1.994400906296764697e+00,4.465009598280318404e-01,4.246005563677354155e-01
2.969512463809699465e+00,2.078790037672624713e+00,1.742007483243832588e+00,1.277271559277721957e+00,2.564490413200655183e-01,2.521938063052321932e-01
3.805142387259489833e+00,7.912971331844571576e-01,1.865155302546473326e+00,8.343246493487530557e-01,5.823511430082815160e-02,4.039433016679393196e-02
2.453569785827152128e+00,1.299522453861394755e+00,9.423977494612481021e-01,1.891855551637433130e+00,2.112565623839792739e-01,2.142958140769194719e-01
4.336063146078942054e+00,1.703634237512833938e+00,1.049443060708965092e+00,5.630109914471634891e-01,7.450503105092065592e-02,8.698600868249277418e-02
