E,P
0.000000000000000000e+00,0.000000000000000000e+00
4.000800160032006534e+04,2.000399653093343384e-04
8.001600320064013067e+04,4.000796744653352150e-04
1.200240048009601887e+05,6.001188713159812419e-04
1.600320064012802613e+05,8.001572997118750179e-04
2.000400080016003340e+05,1.000194703507555202e-03
2.400480096019203775e+05,1.200230826562808262e-03
2.800560112022404792e+05,1.400265412743980850e-03
3.200640128025605227e+05,1.600298205925290707e-03
3.600720144028805662e+05,1.800328949990139633e-03
4.000800160032006679e+05,2.000357388832424508e-03
4.400880176035207114e+05,2.200383266357847870e-03
4.800960192038407549e+05,2.400406326485230238e-03
5.201040208041608566e+05,2.600426313147822643e-03
5.601120224044809584e+05,2.800442970294615263e-03
6.001200240048009437e+05,3.000456041891648440e-03
6.401280256051210454e+05,3.200465271923327165e-03
6.801360272054411471e+05,3.400470404393726460e-03
7.201440288057611324e+05,3.600471183327904560e-03
7.601520304060812341e+05,3.800467352773213500e-03
8.001600320064013358e+05,4.000458656800606229e-03
8.401680336067213211e+05,4.200444839505950226e-03
8.801760352070414228e+05,4.400425645011332015e-03
9.201840368073615246e+05,4.600400817466369918e-03
9.601920384076815099e+05,4.800370101049522033e-03
1.000200040008001612e+06,5.000333239969394217e-03
1.040208041608321713e+06,5.200289978466047201e-03
1.080216043208641699e+06,5.400240060812304572e-03
1.120224044808961917e+06,5.600183231315065090e-03
1.160232046409281902e+06,5.800119234316598524e-03
1.200240048009601887e+06,6.000047814195864047e-03
1.240248049609922105e+06,6.199968715369813879e-03
1.280256051210242091e+06,6.399881682294689990e-03
1.320264052810562076e+06,6.599786459467342492e-03
1.360272054410882294e+06,6.799682791426524611e-03
1.400280056011202279e+06,6.999570422754204137e-03
1.440288057611522265e+06,7.199449098076860995e-03
1.480296059211842483e+06,7.399318562066800435e-03
1.520304060812162468e+06,7.599178559443440194e-03
1.560312062412482454e+06,7.799028834974629752e-03
1.600320064012802672e+06,7.998869133477946175e-03
1.640328065613122657e+06,8.198699199821990816e-03
1.680336067213442642e+06,8.398518778927692094e-03
1.720344068813762860e+06,8.598327615769616947e-03
1.760352070414082846e+06,8.798125455377250187e-03
1.800360072014402831e+06,8.997912042836312893e-03
1.840368073614723049e+06,9.197687123290053043e-03
1.880376075215043034e+06,9.397450441940534416e-03
1.920384076815363020e+06,9.597201744049954977e-03
1.960392078415683238e+06,9.796940774941925376e-03
2.000400080016003223e+06,9.996667280002769981e-03
2.040408081616323441e+06,1.019638100468282620e-02
2.080416083216643427e+06,1.039608169449773335e-02
2.120424084816963412e+06,1.059576909502973029e-02
2.160432086417283397e+06,1.079544295192894944e-02
2.200440088017603382e+06,1.099510301091470750e-02
2.240448089617923833e+06,1.119474901777679256e-02
2.280456091218243819e+06,1.139438071837676342e-02
2.320464092818563804e+06,1.159399785864923156e-02
2.360472094418883789e+06,1.179360018460316045e-02
2.400480096019203775e+06,1.199318744232314403e-02
2.440488097619523760e+06,1.219275937797070601e-02
2.480496099219844211e+06,1.239231573778556625e-02
2.520504100820164196e+06,1.259185626808694870e-02
2.560512102420484181e+06,1.279138071527485994e-02
2.600520104020804167e+06,1.299088882583136588e-02
2.640528105621124152e+06,1.319038034632188244e-02
2.680536107221444603e+06,1.338985502339645924e-02
2.720544108821764588e+06,1.358931260379105457e-02
2.760552110422084574e+06,1.378875283432881918e-02
2.800560112022404559e+06,1.398817546192138335e-02
2.840568113622724544e+06,1.418758023357011983e-02
2.880576115223044530e+06,1.438696689636743964e-02
2.920584116823364981e+06,1.458633519749805325e-02
2.960592118423684966e+06,1.478568488424025773e-02
3.000600120024004951e+06,1.498501570396719960e-02
3.040608121624324936e+06,1.518432740414816379e-02
3.080616123224644922e+06,1.538361973234983818e-02
3.120624124824964907e+06,1.558289243623758348e-02
3.160632126425285358e+06,1.578214526357670303e-02
3.200640128025605343e+06,1.598137796223371779e-02
3.240648129625925329e+06,1.618059028017763620e-02
3.280656131226245314e+06,1.637978196548121532e-02
3.320664132826565299e+06,1.657895276632222192e-02
3.360672134426885284e+06,1.677810243098471973e-02
3.400680136027205735e+06,1.697723070786030450e-02
3.440688137627525721e+06,1.717633734544939117e-02
3.480696139227845706e+06,1.737542209236245597e-02
3.520704140828165691e+06,1.757448469732131660e-02
3.560712142428485677e+06,1.777352490916037087e-02
3.600720144028805662e+06,1.797254247682787687e-02
3.640728145629126113e+06,1.817153714938718467e-02
3.680736147229446098e+06,1.837050867601801307e-02
3.720744148829766084e+06,1.856945680601769164e-02
3.760752150430086069e+06,1.876838128880242013e-02
3.800760152030406054e+06,1.896728187390852097e-02
3.840768153630726039e+06,1.916615831099368131e-02
3.880776155231046490e+06,1.936501034983820896e-02
3.920784156831366476e+06,1.956383774034628140e-02
3.960792158431686461e+06,1.976264023254718089e-02
4.000800160032006446e+06,1.996141757659656429e-02
4.040808161632326432e+06,2.016016952277767393e-02
4.080816163232646883e+06,2.035889582150261432e-02
4.120824164832966868e+06,2.055759622331355604e-02
4.160832166433286853e+06,2.075627047888401258e-02
4.200840168033607304e+06,2.095491833902004761e-02
4.240848169633926824e+06,2.115353955466153790e-02
4.280856171234247275e+06,2.135213387688339112e-02
4.320864172834566794e+06,2.155070105689677398e-02
4.360872174434887245e+06,2.174924084605037861e-02
4.400880176035206765e+06,2.194775299583161254e-02
4.440888177635527216e+06,2.214623725786785124e-02
4.480896179235847667e+06,2.234469338392765930e-02
4.520904180836167186e+06,2.254312112592201517e-02
4.560912182436487637e+06,2.274152023590555668e-02
4.600920184036807157e+06,2.293989046607776416e-02
4.640928185637127608e+06,2.313823156878421980e-02
4.680936187237448059e+06,2.333654329651781156e-02
4.720944188837767579e+06,2.353482540191995098e-02
4.760952190438088030e+06,2.373307763778180479e-02
4.800960192038407549e+06,2.393129975704546414e-02
4.840968193638728000e+06,2.412949151280524909e-02
4.880976195239047520e+06,2.432765265830880846e-02
4.920984196839367971e+06,2.452578294695842778e-02
4.960992198439688422e+06,2.472388213231218115e-02
5.001000200040007941e+06,2.492194996808515597e-02
5.041008201640328392e+06,2.511998620815065683e-02
5.081016203240647912e+06,2.531799060654141287e-02
5.121024204840968363e+06,2.551596291745078168e-02
5.161032206441288814e+06,2.571390289523394282e-02
5.201040208041608334e+06,2.591181029440908432e-02
5.241048209641928785e+06,2.610968486965864477e-02
5.281056211242248304e+06,2.630752637583045131e-02
5.321064212842568755e+06,2.650533456793896514e-02
5.361072214442889206e+06,2.670310920116643338e-02
5.401080216043208726e+06,2.690085003086409299e-02
5.441088217643529177e+06,2.709855681255337462e-02
5.481096219243848696e+06,2.729622930192705799e-02
5.521104220844169147e+06,2.749386725485049657e-02
5.561112222444488667e+06,2.769147042736275210e-02
5.601120224044809118e+06,2.788903857567782626e-02
5.641128225645129569e+06,2.808657145618579515e-02
5.681136227245449089e+06,2.828406882545400625e-02
5.721144228845769539e+06,2.848153044022827193e-02
5.761152230446089059e+06,2.867895605743400050e-02
5.801160232046409510e+06,2.887634543417741742e-02
5.841168233646729961e+06,2.907369832774668594e-02
5.881176235247049481e+06,2.927101449561310409e-02
5.921184236847369932e+06,2.946829369543228078e-02
5.961192238447689451e+06,2.966553568504525298e-02
6.001200240048009902e+06,2.986274022247971741e-02
6.041208241648329422e+06,3.005990706595110251e-02
6.081216243248649873e+06,3.025703597386382449e-02
6.121224244848970324e+06,3.045412670481234887e-02
6.161232246449289843e+06,3.065117901758241531e-02
6.201240248049610294e+06,3.084819267115216160e-02
6.241248249649929814e+06,3.104516742469326171e-02
6.281256251250250265e+06,3.124210303757210538e-02
6.321264252850570716e+06,3.143899926935090489e-02
6.361272254450890236e+06,3.163585587978886421e-02
6.401280256051210687e+06,3.183267262884333093e-02
6.441288257651530206e+06,3.202944927667090297e-02
6.481296259251850657e+06,3.222618558362858737e-02
6.521304260852171108e+06,3.242288131027493830e-02
6.561312262452490628e+06,3.261953621737116726e-02
6.601320264052811079e+06,3.281615006588230882e-02
6.641328265653130598e+06,3.301272261697831695e-02
6.681336267253451049e+06,3.320925363203522385e-02
6.721344268853770569e+06,3.340574287263621545e-02
6.761352270454091020e+06,3.360219010057281797e-02
6.801360272054411471e+06,3.379859507784596651e-02
6.841368273654730991e+06,3.399495756666713608e-02
6.881376275255051441e+06,3.419127732945947962e-02
6.921384276855370961e+06,3.438755412885891038e-02
6.961392278455691412e+06,3.458378772771524695e-02
7.001400280056011863e+06,3.477997788909328869e-02
7.041408281656331383e+06,3.497612437627391907e-02
7.081416283256651834e+06,3.517222695275525751e-02
7.121424284856971353e+06,3.536828538225373492e-02
7.161432286457291804e+06,3.556429942870516919e-02
7.201440288057611324e+06,3.576026885626588936e-02
7.241448289657931775e+06,3.595619342931383189e-02
7.281456291258252226e+06,3.615207291244965787e-02
7.321464292858571745e+06,3.634790707049774527e-02
7.361472294458892196e+06,3.654369566850741713e-02
7.401480296059211716e+06,3.673943847175390603e-02
7.441488297659532167e+06,3.693513524573951989e-02
7.481496299259852618e+06,3.713078575619470356e-02
7.521504300860172138e+06,3.732638976907905887e-02
7.561512302460492589e+06,3.752194705058251034e-02
7.601520304060812108e+06,3.771745736712633218e-02
7.641528305661132559e+06,3.791292048536421683e-02
7.681536307261452079e+06,3.810833617218335745e-02
7.721544308861772530e+06,3.830370419470553039e-02
7.761552310462092981e+06,3.849902432028810134e-02
7.801560312062412500e+06,3.869429631652516327e-02
7.841568313662732951e+06,3.888951995124854261e-02
7.881576315263052471e+06,3.908469499252888862e-02
7.921584316863372922e+06,3.927982120867670041e-02
7.961592318463693373e+06,3.947489836824339543e-02
8.001600320064012893e+06,3.966992624002236428e-02
8.041608321664333344e+06,3.986490459305000456e-02
8.081616323264652863e+06,4.005983319660675473e-02
8.121624324864973314e+06,4.025471182021819055e-02
8.161632326465293765e+06,4.044954023365600337e-02
8.201640328065613285e+06,4.064431820693905489e-02
8.241648329665933736e+06,4.083904551033443187e-02
8.281656331266253255e+06,4.103372191435845917e-02
8.321664332866573706e+06,4.122834718977774759e-02
8.361672334466893226e+06,4.142292110761018609e-02
8.401680336067214608e+06,4.161744343912600341e-02
8.441688337667534128e+06,4.181191395584875348e-02
8.481696339267853647e+06,4.200633242955639779e-02
8.521704340868173167e+06,4.220069863228222834e-02
8.561712342468494549e+06,4.239501233631598476e-02
8.601720344068814069e+06,4.258927331420477025e-02
8.641728345669133589e+06,4.278348133875412712e-02
8.681736347269454971e+06,4.297763618302901517e-02
8.721744348869774491e+06,4.317173762035481088e-02
8.761752350470094010e+06,4.336578542431833438e-02
8.801760352070413530e+06,4.355977936876881396e-02
8.841768353670734912e+06,4.375371922781891992e-02
8.881776355271054432e+06,4.394760477584568753e-02
8.921784356871373951e+06,4.414143578749159941e-02
8.961792358471695334e+06,4.433521203766552232e-02
9.001800360072014853e+06,4.452893330154367862e-02
9.041808361672334373e+06,4.472259935457065239e-02
9.081816363272655755e+06,4.491620997246038166e-02
9.121824364872975275e+06,4.510976493119708136e-02
9.161832366473294795e+06,4.530326400703627021e-02
9.201840368073614314e+06,4.549670697650572831e-02
9.241848369673935696e+06,4.569009361640646860e-02
9.281856371274255216e+06,4.588342370381363888e-02
9.321864372874574736e+06,4.607669701607761126e-02
9.361872374474896118e+06,4.626991333082482866e-02
9.401880376075215638e+06,4.646307242595879017e-02
9.441888377675535157e+06,4.665617407966105024e-02
9.481896379275854677e+06,4.684921807039211378e-02
9.521904380876176059e+06,4.704220417689243539e-02
9.561912382476495579e+06,4.723513217818328669e-02
9.601920384076815099e+06,4.742800185356779719e-02
9.641928385677136481e+06,4.762081298263184936e-02
9.681936387277456000e+06,4.781356534524495994e-02
9.721944388877775520e+06,4.800625872156131374e-02
9.761952390478095040e+06,4.819889289202063803e-02
9.801960392078416422e+06,4.839146763734915313e-02
9.841968393678735942e+06,4.858398273856044669e-02
9.881976395279055461e+06,4.877643797695649375e-02
9.921984396879376844e+06,4.896883313412847549e-02
9.961992398479696363e+06,4.916116799195775072e-02
1.000200040008001588e+07,4.935344233261676483e-02
1.004200840168033727e+07,4.954565593856996575e-02
1.008201640328065678e+07,4.973780859257466436e-02
1.012202440488097630e+07,4.992990007768201982e-02
1.016203240648129582e+07,5.012193017723787225e-02
1.020204040808161721e+07,5.031389867488369333e-02
1.024204840968193673e+07,5.050580535455741205e-02
1.028205641128225625e+07,5.069765000049440695e-02
1.032206441288257763e+07,5.088943239722833189e-02
1.036207241448289715e+07,5.108115232959196950e-02
1.040208041608321667e+07,5.127280958271822342e-02
1.044208841768353619e+07,5.146440394204089552e-02
1.048209641928385757e+07,5.165593519329565037e-02
1.052210442088417709e+07,5.184740312252079236e-02
1.056211242248449661e+07,5.203880751605823030e-02
1.060212042408481799e+07,5.223014816055431692e-02
1.064212842568513751e+07,5.242142484296066773e-02
1.068213642728545703e+07,5.261263735053510471e-02
1.072214442888577841e+07,5.280378547084246810e-02
1.076215243048609793e+07,5.299486899175546301e-02
1.080216043208641745e+07,5.318588770145555450e-02
1.084216843368673697e+07,5.337684138843380027e-02
1.088217643528705835e+07,5.356772984149167638e-02
1.092218443688737787e+07,5.375855284974195847e-02
1.096219243848769739e+07,5.394931020260954058e-02
1.100220044008801877e+07,5.414000168983229555e-02
1.104220844168833829e+07,5.433062710146185914e-02
1.108221644328865781e+07,5.452118622786455288e-02
1.112222444488897733e+07,5.471167885972212652e-02
1.116223244648929872e+07,5.490210478803264627e-02
1.120224044808961824e+07,5.509246380411123717e-02
1.124224844968993776e+07,5.528275569959101993e-02
1.128225645129025914e+07,5.547298026642384638e-02
1.132226445289057866e+07,5.566313729688111139e-02
1.136227245449089818e+07,5.585322658355460629e-02
1.140228045609121770e+07,5.604324791935731687e-02
1.144228845769153908e+07,5.623320109752420054e-02
1.148229645929185860e+07,5.642308591161299819e-02
1.152230446089217812e+07,5.661290215550505989e-02
1.156231246249249950e+07,5.680264962340612206e-02
1.160232046409281902e+07,5.699232810984706382e-02
1.164232846569313854e+07,5.718193740968476046e-02
1.168233646729345992e+07,5.737147731810284673e-02
1.172234446889377944e+07,5.756094763061245928e-02
1.176235247049409896e+07,5.775034814305306241e-02
1.180236047209441848e+07,5.793967865159321828e-02
1.184236847369473986e+07,5.812893895273135714e-02
1.188237647529505938e+07,5.831812884329649893e-02
1.192238447689537890e+07,5.850724812044911377e-02
1.196239247849570028e+07,5.869629658168182967e-02
1.200240048009601980e+07,5.888527402482014728e-02
1.204240848169633932e+07,5.907418024802330025e-02
1.208241648329665884e+07,5.926301504978494228e-02
1.212242448489698023e+07,5.945177822893391029e-02
1.216243248649729975e+07,5.964046958463495307e-02
1.220244048809761927e+07,5.982908891638951537e-02
1.224244848969794065e+07,6.001763602403648035e-02
1.228245649129826017e+07,6.020611070775282875e-02
1.232246449289857969e+07,6.039451276805447161e-02
1.236247249449890107e+07,6.058284200579694412e-02
1.240248049609922059e+07,6.077109822217609952e-02
1.244248849769954011e+07,6.095928121872887934e-02
1.248249649929985963e+07,6.114739079733403498e-02
1.252250450090018101e+07,6.133542676021280782e-02
1.256251250250050053e+07,6.152338890992965076e-02
1.260252050410082005e+07,6.171127704939300546e-02
1.264252850570114143e+07,6.189909098185591985e-02
1.268253650730146095e+07,6.208683051091679755e-02
1.272254450890178047e+07,6.227449544052010566e-02
1.276255251050209999e+07,6.246208557495706165e-02
1.280256051210242137e+07,6.264960071886632731e-02
1.284256851370274089e+07,6.283704067723469566e-02
1.288257651530306041e+07,6.302440525539780569e-02
1.292258451690338179e+07,6.321169425904081540e-02
1.296259251850370131e+07,6.339890749419901939e-02
1.300260052010402083e+07,6.358604476725862598e-02
1.304260852170434222e+07,6.377310588495743726e-02
1.308261652330466174e+07,6.396009065438537644e-02
1.312262452490498126e+07,6.414699888298532049e-02
1.316263252650530078e+07,6.433383037855369690e-02
1.320264052810562216e+07,6.452058494924113596e-02
1.324264852970594168e+07,6.470726240355312298e-02
1.328265653130626120e+07,6.489386255035073381e-02
1.332266453290658258e+07,6.508038519885116224e-02
1.336267253450690210e+07,6.526683015862845549e-02
1.340268053610722162e+07,6.545319723961415259e-02
1.344268853770754114e+07,6.563948625209786725e-02
1.348269653930786252e+07,6.582569700672802337e-02
1.352270454090818204e+07,6.601182931451239633e-02
1.356271254250850156e+07,6.619788298681879291e-02
1.360272054410882294e+07,6.638385783537571749e-02
1.364272854570914246e+07,6.656975367227284390e-02
1.368273654730946198e+07,6.675557030996186192e-02
1.372274454890978150e+07,6.694130756125689363e-02
1.376275255051010288e+07,6.712696523933525672e-02
1.380276055211042240e+07,6.731254315773795016e-02
1.384276855371074192e+07,6.749804113037037590e-02
1.388277655531106330e+07,6.768345897150288004e-02
1.392278455691138282e+07,6.786879649577133577e-02
1.396279255851170234e+07,6.805405351817780946e-02
1.400280056011202373e+07,6.823922985409112962e-02
1.404280856171234325e+07,6.842432531924740047e-02
1.408281656331266277e+07,6.860933972975070960e-02
1.412282456491298229e+07,6.879427290207368317e-02
1.416283256651330367e+07,6.897912465305797158e-02
1.420284056811362319e+07,6.916389479991497113e-02
1.424284856971394271e+07,6.934858316022626812e-02
1.428285657131426409e+07,6.953318955194433271e-02
1.432286457291458361e+07,6.971771379339293528e-02
1.436287257451490313e+07,6.990215570326786809e-02
1.440288057611522265e+07,7.008651510063743095e-02
1.444288857771554403e+07,7.027079180494295862e-02
1.448289657931586355e+07,7.045498563599943143e-02
1.452290458091618307e+07,7.063909641399600259e-02
1.456291258251650445e+07,7.082312395949656725e-02
1.460292058411682397e+07,7.100706809344022041e-02
1.464292858571714349e+07,7.119092863714193697e-02
1.468293658731746487e+07,7.137470541229301579e-02
1.472294458891778439e+07,7.155839824096159318e-02
1.476295259051810391e+07,7.174200694559323965e-02
1.480296059211842343e+07,7.192553134901148726e-02
1.484296859371874481e+07,7.210897127441825982e-02
1.488297659531906433e+07,7.229232654539452518e-02
1.492298459691938385e+07,7.247559698590071153e-02
1.496299259851970524e+07,7.265878242027724865e-02
1.500300060012002476e+07,7.284188267324508137e-02
1.504300860172034428e+07,7.302489756990618308e-02
1.508301660332066379e+07,7.320782693574405531e-02
1.512302460492098518e+07,7.339067059662422732e-02
1.516303260652130470e+07,7.357342837879472797e-02
1.520304060812162422e+07,7.375610010888664081e-02
1.524304860972194560e+07,7.393868561391449268e-02
1.528305661132226512e+07,7.412118472127683655e-02
1.532306461292258464e+07,7.430359725875668175e-02
1.536307261452290416e+07,7.448592305452199358e-02
1.540308061612322554e+07,7.466816193712617900e-02
1.544308861772354506e+07,7.485031373550847522e-02
1.548309661932386458e+07,7.503237827899456036e-02
1.552310462092418596e+07,7.521435539729688646e-02
1.556311262252450548e+07,7.539624492051523463e-02
1.560312062412482500e+07,7.557804667913711749e-02
1.564312862572514638e+07,7.575976050403825102e-02
1.568313662732546590e+07,7.594138622648301251e-02
1.572314462892578542e+07,7.612292367812487082e-02
1.576315263052610494e+07,7.630437269100685815e-02
1.580316063212642632e+07,7.648573309756197258e-02
1.584316863372674584e+07,7.666700473061367760e-02
1.588317663532706536e+07,7.684818742337626296e-02
1.592318463692738675e+07,7.702928100945533041e-02
1.596319263852770627e+07,7.721028532284818224e-02
1.600320064012802579e+07,7.739120019794427929e-02
1.604320864172834530e+07,7.757202546952562949e-02
1.608321664332866669e+07,7.775276097276724585e-02
1.612322464492898621e+07,7.793340654323750727e-02
1.616323264652930573e+07,7.811396201689861651e-02
1.620324064812962711e+07,7.829442723010700267e-02
1.624324864972994663e+07,7.847480201961365420e-02
1.628325665133026615e+07,7.865508622256464633e-02
1.632326465293058753e+07,7.883527967650140467e-02
1.636327265453090705e+07,7.901538221936119100e-02
1.640328065613122657e+07,7.919539368947745017e-02
1.644328865773154609e+07,7.937531392558019872e-02
1.648329665933186747e+07,7.955514276679645502e-02
1.652330466093218699e+07,7.973488005265054468e-02
1.656331266253250651e+07,7.991452562306450291e-02
1.660332066413282789e+07,8.009407931835850480e-02
1.664332866573314741e+07,8.027354097925112897e-02
1.668333666733346693e+07,8.045291044685981552e-02
1.672334466893378645e+07,8.063218756270117138e-02
1.676335267053410783e+07,8.081137216869137274e-02
1.680336067213442922e+07,8.099046410714651201e-02
1.684336867373474687e+07,8.116946322078284759e-02
1.688337667533506826e+07,8.134836935271738678e-02
1.692338467693538591e+07,8.152718234646794127e-02
1.696339267853570729e+07,8.170590204595372386e-02
1.700340068013602868e+07,8.188452829549551504e-02
1.704340868173634633e+07,8.206306093981605154e-02
1.708341668333666772e+07,8.224149982404044268e-02
1.712342468493698910e+07,8.241984479369632299e-02
1.716343268653730676e+07,8.259809569471433799e-02
1.720344068813762814e+07,8.277625237342838005e-02
1.724344868973794952e+07,8.295431467657597702e-02
1.728345669133826718e+07,8.313228245129847260e-02
1.732346469293858856e+07,8.331015554514151211e-02
1.736347269453890994e+07,8.348793380605519510e-02
1.740348069613922760e+07,8.366561708239449169e-02
1.744348869773954898e+07,8.384320522291949240e-02
1.748349669933987036e+07,8.402069807679572733e-02
1.752350470094018802e+07,8.419809549359437428e-02
1.756351270254050940e+07,8.437539732329273068e-02
1.760352070414082706e+07,8.455260341627429677e-02
1.764352870574114844e+07,8.472971362332923362e-02
1.768353670734146982e+07,8.490672779565450190e-02
1.772354470894178748e+07,8.508364578485422269e-02
1.776355271054210886e+07,8.526046744293998281e-02
1.780356071214243025e+07,8.543719262233097356e-02
1.784356871374274790e+07,8.561382117585437934e-02
1.788357671534306929e+07,8.579035295674562744e-02
1.792358471694339067e+07,8.596678781864859620e-02
1.796359271854370832e+07,8.614312561561585091e-02
1.800360072014402971e+07,8.631936620210906019e-02
1.804360872174435109e+07,8.649550943299902372e-02
1.808361672334466875e+07,8.667155516356608858e-02
1.812362472494499013e+07,8.684750324950031575e-02
1.816363272654531151e+07,8.702335354690174385e-02
1.820364072814562917e+07,8.719910591228058339e-02
1.824364872974595055e+07,8.737476020255754983e-02
1.828365673134626821e+07,8.755031627506397462e-02
1.832366473294658959e+07,8.772577398754215217e-02
1.836367273454691097e+07,8.790113319814542303e-02
1.840368073614722863e+07,8.807639376543850707e-02
1.844368873774755001e+07,8.825155554839772543e-02
1.848369673934787139e+07,8.842661840641111159e-02
1.852370474094818905e+07,8.860158219927871670e-02
1.856371274254851043e+07,8.877644678721280380e-02
1.860372074414883181e+07,8.895121203083798667e-02
1.864372874574914947e+07,8.912587779119147957e-02
1.868373674734947085e+07,8.930044392972334710e-02
1.872374474894979224e+07,8.947491030829660130e-02
1.876375275055010989e+07,8.964927678918740983e-02
1.880376075215043128e+07,8.982354323508537353e-02
1.884376875375074893e+07,8.999770950909359579e-02
1.888377675535107031e+07,9.017177547472891852e-02
1.892378475695139170e+07,9.034574099592211638e-02
1.896379275855170935e+07,9.051960593701799396e-02
1.900380076015203074e+07,9.069337016277569108e-02
1.904380876175235212e+07,9.086703353836869668e-02
1.908381676335266978e+07,9.104059592938509859e-02
1.912382476495299116e+07,9.121405720182777788e-02
1.916383276655331254e+07,9.138741722211450591e-02
1.920384076815363020e+07,9.156067585707804157e-02
1.924384876975395158e+07,9.173383297396647817e-02
1.928385677135427296e+07,9.190688844044317407e-02
1.932386477295459062e+07,9.207984212458698858e-02
1.936387277455491200e+07,9.225269389489253180e-02
1.940388077615523338e+07,9.242544362027008131e-02
1.944388877775555104e+07,9.259809117004588752e-02
1.948389677935587242e+07,9.277063641396225691e-02
1.952390478095619008e+07,9.294307922217764917e-02
1.956391278255651146e+07,9.311541946526685765e-02
1.960392078415683284e+07,9.328765701422110646e-02
1.964392878575715050e+07,9.345979174044810600e-02
1.968393678735747188e+07,9.363182351577233054e-02
1.972394478895779327e+07,9.380375221243493489e-02
1.976395279055811092e+07,9.397557770309400427e-02
1.980396079215843230e+07,9.414729986082462365e-02
1.984396879375875369e+07,9.431891855911894718e-02
1.988397679535907134e+07,9.449043367188630915e-02
1.992398479695939273e+07,9.466184507345340449e-02
1.996399279855971411e+07,9.483315263856424704e-02
2.000400080016003177e+07,9.500435624238029453e-02
2.004400880176035315e+07,9.517545576048067058e-02
2.008401680336067453e+07,9.534645106886205368e-02
2.012402480496099219e+07,9.551734204393889927e-02
2.016403280656131357e+07,9.568812856254341193e-02
2.020404080816163123e+07,9.585881050192575359e-02
2.024404880976195261e+07,9.602938773975394637e-02
2.028405681136227399e+07,9.619986015411410851e-02
2.032406481296259165e+07,9.637022762351035721e-02
2.036407281456291303e+07,9.654049002686505843e-02
2.040408081616323441e+07,9.671064724351866038e-02
2.044408881776355207e+07,9.688069915322995718e-02
2.048409681936387345e+07,9.705064563617603335e-02
2.052410482096419483e+07,9.722048657295231933e-02
2.056411282256451249e+07,9.739022184457263309e-02
2.060412082416483387e+07,9.755985133246930507e-02
2.064412882576515526e+07,9.772937491849309488e-02
2.068413682736547291e+07,9.789879248491327457e-02
2.072414482896579430e+07,9.806810391441776742e-02
2.076415283056611568e+07,9.823730909011299528e-02
2.080416083216643333e+07,9.840640789552403123e-02
2.084416883376675472e+07,9.857540021459459956e-02
2.088417683536707237e+07,9.874428593168704804e-02
2.092418483696739376e+07,9.891306493158250057e-02
2.096419283856771514e+07,9.908173709948069063e-02
2.100420084016803280e+07,9.925030232100004457e-02
2.104420884176835418e+07,9.941876048217780648e-02
2.108421684336867556e+07,9.958711146946985782e-02
2.112422484496899322e+07,9.975535516975085615e-02
2.116423284656931460e+07,9.992349147031415191e-02
2.120424084816963598e+07,1.000915202588718855e-01
2.124424884976995364e+07,1.002594414235548209e-01
2.128425685137027502e+07,1.004272548529125259e-01
2.132426485297059640e+07,1.005949604359132193e-01
2.136427285457091406e+07,1.007625580619437855e-01
2.140428085617123544e+07,1.009300476208098291e-01
2.144428885777155682e+07,1.010974290027355643e-01
2.148429685937187448e+07,1.012647020983638291e-01
2.152430486097219586e+07,1.014318667987560707e-01
2.156431286257251352e+07,1.015989229953922768e-01
2.160432086417283490e+07,1.017658705801710028e-01
2.164432886577315629e+07,1.019327094454092753e-01
2.168433686737347394e+07,1.020994394838425218e-01
2.172434486897379532e+07,1.022660605886247243e-01
2.176435287057411671e+07,1.024325726533280995e-01
2.180436087217443436e+07,1.025989755719432517e-01
2.184436887377475575e+07,1.027652692388790617e-01
2.188437687537507713e+07,1.029314535489625898e-01
2.192438487697539479e+07,1.030975283974390755e-01
2.196439287857571617e+07,1.032634936799718961e-01
2.200440088017603755e+07,1.034293492926424141e-01
2.204440888177635521e+07,1.035950951319499769e-01
2.208441688337667659e+07,1.037607310948118894e-01
2.212442488497699797e+07,1.039262570785632334e-01
2.216443288657731563e+07,1.040916729809568536e-01
2.220444088817763701e+07,1.042569787001633441e-01
2.224444888977795467e+07,1.044221741347708121e-01
2.228445689137827605e+07,1.045872591837849752e-01
2.232446489297859743e+07,1.047522337466289394e-01
2.236447289457891509e+07,1.049170977231431295e-01
2.240448089617923647e+07,1.050818510135853173e-01
2.244448889777955785e+07,1.052464935186303713e-01
2.248449689937987551e+07,1.054110251393702152e-01
2.252450490098019689e+07,1.055754457773138005e-01
2.256451290258051828e+07,1.057397553343869118e-01
2.260452090418083593e+07,1.059039537129320557e-01
2.264452890578115731e+07,1.060680408157084753e-01
2.268453690738147870e+07,1.062320165458918581e-01
2.272454490898179635e+07,1.063958808070744055e-01
2.276455291058211774e+07,1.065596335032645559e-01
2.280456091218243539e+07,1.067232745388869836e-01
2.284456891378275678e+07,1.068868038187824193e-01
2.288457691538307816e+07,1.070502212482075527e-01
2.292458491698339581e+07,1.072135267328348379e-01
2.296459291858371720e+07,1.073767201787524800e-01
2.300460092018403858e+07,1.075398014924641987e-01
2.304460892178435624e+07,1.077027705808891178e-01
2.308461692338467762e+07,1.078656273513616953e-01
2.312462492498499900e+07,1.080283717116314601e-01
2.316463292658531666e+07,1.081910035698629702e-01
2.320464092818563804e+07,1.083535228346356183e-01
2.324464892978595942e+07,1.085159294149435211e-01
2.328465693138627708e+07,1.086782232201952553e-01
2.332466493298659846e+07,1.088404041602139133e-01
2.336467293458691984e+07,1.090024721452367007e-01
2.340468093618723750e+07,1.091644270859149501e-01
2.344468893778755888e+07,1.093262688933138993e-01
2.348469693938787654e+07,1.094879974789125104e-01
2.352470494098819792e+07,1.096496127546033317e-01
2.356471294258851930e+07,1.098111146326923304e-01
2.360472094418883696e+07,1.099725030258986436e-01
2.364472894578915834e+07,1.101337778473545359e-01
2.368473694738947973e+07,1.102949390106050948e-01
2.372474494898979738e+07,1.104559864296080773e-01
2.376475295059011877e+07,1.106169200187338275e-01
2.380476095219044015e+07,1.107777396927649288e-01
2.384476895379075781e+07,1.109384453668961351e-01
2.388477695539107919e+07,1.110990369567341485e-01
2.392478495699140057e+07,1.112595143782973972e-01
2.396479295859171823e+07,1.114198775480158138e-01
2.400480096019203961e+07,1.115801263827307654e-01
2.404480896179236099e+07,1.117402607996947073e-01
2.408481696339267865e+07,1.119002807165710156e-01
2.412482496499300003e+07,1.120601860514338355e-01
2.416483296659331769e+07,1.122199767227678446e-01
2.420484096819363907e+07,1.123796526494679759e-01
2.424484896979396045e+07,1.125392137508393064e-01
2.428485697139427811e+07,1.126986599465967243e-01
2.432486497299459949e+07,1.128579911568648730e-01
2.436487297459492087e+07,1.130172073021777357e-01
2.440488097619523853e+07,1.131763083034785233e-01
2.444488897779555991e+07,1.133352940821194393e-01
2.448489697939588130e+07,1.134941645598614712e-01
2.452490498099619895e+07,1.136529196588740159e-01
2.456491298259652033e+07,1.138115593017348798e-01
2.460492098419684172e+07,1.139700834114298067e-01
2.464492898579715937e+07,1.141284919113523810e-01
2.468493698739748076e+07,1.142867847253037916e-01
2.472494498899780214e+07,1.144449617774924433e-01
2.476495299059811980e+07,1.146030229925339011e-01
2.480496099219844118e+07,1.147609682954504745e-01
2.484496899379875883e+07,1.149187976116710780e-01
2.488497699539908022e+07,1.150765108670309261e-01
2.492498499699940160e+07,1.152341079877712976e-01
2.496499299859971926e+07,1.153915889005392159e-01
2.500500100020004064e+07,1.155489535323872691e-01
2.504500900180036202e+07,1.157062018107733320e-01
2.508501700340067968e+07,1.158633336635602057e-01
2.512502500500100106e+07,1.160203490190155062e-01
2.516503300660132244e+07,1.161772478058112484e-01
2.520504100820164010e+07,1.163340299530236099e-01
2.524504900980196148e+07,1.164906953901327369e-01
2.528505701140228286e+07,1.166472440470223831e-01
2.532506501300260052e+07,1.168036758539796049e-01
2.536507301460292190e+07,1.169599907416945805e-01
2.540508101620324329e+07,1.171161886412602354e-01
2.544508901780356094e+07,1.172722694841719510e-01
2.548509701940388232e+07,1.174282332023273839e-01
2.552510502100419998e+07,1.175840797280260086e-01
2.556511302260452136e+07,1.177398089939690057e-01
2.560512102420484275e+07,1.178954209332587766e-01
2.564512902580516040e+07,1.180509154793988047e-01
2.568513702740548179e+07,1.182062925662932251e-01
2.572514502900580317e+07,1.183615521282466582e-01
2.576515303060612082e+07,1.185166940999637097e-01
2.580516103220644221e+07,1.186717184165489158e-01
2.584516903380676359e+07,1.188266250135062013e-01
2.588517703540708125e+07,1.189814138267386440e-01
2.592518503700740263e+07,1.191360847925482663e-01
2.596519303860772401e+07,1.192906378476355361e-01
2.600520104020804167e+07,1.194450729290991720e-01
2.604520904180836305e+07,1.195993899744358241e-01
2.608521704340868443e+07,1.197535889215396582e-01
2.612522504500900209e+07,1.199076697087020638e-01
2.616523304660932347e+07,1.200616322746114184e-01
2.620524104820964113e+07,1.202154765583526297e-01
2.624524904980996251e+07,1.203692024994068993e-01
2.628525705141028389e+07,1.205228100376512651e-01
2.632526505301060155e+07,1.206762991133584623e-01
2.636527305461092293e+07,1.208296696671963266e-01
2.640528105621124431e+07,1.209829216402277391e-01
2.644528905781156197e+07,1.211360549739100012e-01
2.648529705941188335e+07,1.212890696100947241e-01
2.652530506101220474e+07,1.214419654910273150e-01
2.656531306261252239e+07,1.215947425593466996e-01
2.660532106421284378e+07,1.217474007580850170e-01
2.664532906581316516e+07,1.218999400306671754e-01
2.668533706741348282e+07,1.220523603209104635e-01
2.672534506901380420e+07,1.222046615730244118e-01
2.676535307061412185e+07,1.223568437316101265e-01
2.680536107221444324e+07,1.225089067416602062e-01
2.684536907381476462e+07,1.226608505485581729e-01
2.688537707541508228e+07,1.228126750980781945e-01
2.692538507701540366e+07,1.229643803363847654e-01
2.696539307861572504e+07,1.231159662100321933e-01
2.700540108021604270e+07,1.232674326659643910e-01
2.704540908181636408e+07,1.234187796515143765e-01
2.708541708341668546e+07,1.235700071144039680e-01
2.712542508501700312e+07,1.237211150027433260e-01
2.716543308661732450e+07,1.238721032650307308e-01
2.720544108821764588e+07,1.240229718501520140e-01
2.724544908981796354e+07,1.241737207073802252e-01
2.728545709141828492e+07,1.243243497863754099e-01
2.732546509301860631e+07,1.244748590371839575e-01
2.736547309461892396e+07,1.246252484102383928e-01
2.740548109621924534e+07,1.247755178563569600e-01
2.744548909781956300e+07,1.249256673267431506e-01
2.748549709941988438e+07,1.250756967729854119e-01
2.752550510102020577e+07,1.252256061470566617e-01
2.756551310262052342e+07,1.253753954013138716e-01
2.760552110422084481e+07,1.255250644884978728e-01
2.764552910582116619e+07,1.256746133617326067e-01
2.768553710742148384e+07,1.258240419745250416e-01
2.772554510902180523e+07,1.259733502807646177e-01
2.776555311062212661e+07,1.261225382347228030e-01
2.780556111222244427e+07,1.262716057910527045e-01
2.784556911382276565e+07,1.264205529047888465e-01
2.788557711542308703e+07,1.265693795313463932e-01
2.792558511702340469e+07,1.267180856265210098e-01
2.796559311862372607e+07,1.268666711464884744e-01
2.800560112022404745e+07,1.270151360478039559e-01
2.804560912182436511e+07,1.271634802874019032e-01
2.808561712342468649e+07,1.273117038225955455e-01
2.812562512502500415e+07,1.274598066110762540e-01
2.816563312662532553e+07,1.276077886109135140e-01
2.820564112822564691e+07,1.277556497805540370e-01
2.824564912982596457e+07,1.279033900788217881e-01
2.828565713142628595e+07,1.280510094649170982e-01
2.832566513302660733e+07,1.281985078984166637e-01
2.836567313462692499e+07,1.283458853392727417e-01
2.840568113622724637e+07,1.284931417478130111e-01
2.844568913782756776e+07,1.286402770847398791e-01
2.848569713942788541e+07,1.287872913111302031e-01
2.852570514102820680e+07,1.289341843884348748e-01
2.856571314262852818e+07,1.290809562784781817e-01
2.860572114422884583e+07,1.292276069434575569e-01
2.864572914582916722e+07,1.293741363459430527e-01
2.868573714742948860e+07,1.295205444488768398e-01
2.872574514902980626e+07,1.296668312155728753e-01
2.876575315063012764e+07,1.298129966097164023e-01
2.880576115223044530e+07,1.299590405953633676e-01
2.884576915383076668e+07,1.301049631369402271e-01
2.888577715543108806e+07,1.302507641992431686e-01
2.892578515703140572e+07,1.303964437474380011e-01
2.896579315863172710e+07,1.305420017470593774e-01
2.900580116023204848e+07,1.306874381640105443e-01
2.904580916183236614e+07,1.308327529645627041e-01
2.908581716343268752e+07,1.309779461153548208e-01
2.912582516503300890e+07,1.311230175833927869e-01
2.916583316663332656e+07,1.312679673360492572e-01
2.920584116823364794e+07,1.314127953410630656e-01
2.924584916983396932e+07,1.315575015665387260e-01
2.928585717143428698e+07,1.317020859809459321e-01
2.932586517303460836e+07,1.318465485531192527e-01
2.936587317463492975e+07,1.319908892522574650e-01
2.940588117623524740e+07,1.321351080479231666e-01
2.944588917783556879e+07,1.322792049100422751e-01
2.948589717943588644e+07,1.324231798089035572e-01
2.952590518103620782e+07,1.325670327151581562e-01
2.956591318263652921e+07,1.327107635998190094e-01
2.960592118423684686e+07,1.328543724342605981e-01
2.964592918583716825e+07,1.329978591902181151e-01
2.968593718743748963e+07,1.331412238397873815e-01
2.972594518903780729e+07,1.332844663554239029e-01
2.976595319063812867e+07,1.334275867099428414e-01
2.980596119223845005e+07,1.335705848765181558e-01
2.984596919383876771e+07,1.337134608286822957e-01
2.988597719543908909e+07,1.338562145403256465e-01
2.992598519703941047e+07,1.339988459856960579e-01
2.996599319863972813e+07,1.341413551393983161e-01
3.000600120024004951e+07,1.342837419763937001e-01
3.004600920184037089e+07,1.344260064719993986e-01
3.008601720344068855e+07,1.345681486018880102e-01
3.012602520504100993e+07,1.347101683420872109e-01
3.016603320664132759e+07,1.348520656689789488e-01
3.020604120824164897e+07,1.349938405592992219e-01
3.024604920984197035e+07,1.351354929901373847e-01
3.028605721144228801e+07,1.352770229389357592e-01
3.032606521304260939e+07,1.354184303834890246e-01
3.036607321464293078e+07,1.355597153019437451e-01
3.040608121624324843e+07,1.357008776727978983e-01
3.044608921784356982e+07,1.358419174749002922e-01
3.048609721944389120e+07,1.359828346874500937e-01
3.052610522104420885e+07,1.361236292899962452e-01
3.056611322264453024e+07,1.362643012624371042e-01
3.060612122424485162e+07,1.364048505850196935e-01
3.064612922584516928e+07,1.365452772383393409e-01
3.068613722744549066e+07,1.366855812033392070e-01
3.072614522904580832e+07,1.368257624613095080e-01
3.076615323064612970e+07,1.369658209938872939e-01
3.080616123224645108e+07,1.371057567830556989e-01
3.084616923384676874e+07,1.372455698111434974e-01
3.088617723544709012e+07,1.373852600608246599e-01
3.092618523704741150e+07,1.375248275151176314e-01
3.096619323864772916e+07,1.376642721573849426e-01
3.100620124024805054e+07,1.378035939713326274e-01
3.104620924184837192e+07,1.379427929410097786e-01
3.108621724344868958e+07,1.380818690508077984e-01
3.112622524504901096e+07,1.382208222854601209e-01
3.116623324664933234e+07,1.383596526300414631e-01
3.120624124824965000e+07,1.384983600699674633e-01
3.124624924984997138e+07,1.386369445909939602e-01
3.128625725145029277e+07,1.387754061792166593e-01
3.132626525305061042e+07,1.389137448210703285e-01
3.136627325465093181e+07,1.390519605033285477e-01
3.140628125625124946e+07,1.391900532131029045e-01
3.144628925785157084e+07,1.393280229378426882e-01
3.148629725945189223e+07,1.394658696653341134e-01
3.152630526105220988e+07,1.396035933836999310e-01
3.156631326265253127e+07,1.397411940813988174e-01
3.160632126425285265e+07,1.398786717472248198e-01
3.164632926585317031e+07,1.400160263703068564e-01
3.168633726745349169e+07,1.401532579401080503e-01
3.172634526905381307e+07,1.402903664464254241e-01
3.176635327065413073e+07,1.404273518793889564e-01
3.180636127225445211e+07,1.405642142294614427e-01
3.184636927385477349e+07,1.407009534874376078e-01
3.188637727545509115e+07,1.408375696444437442e-01
3.192638527705541253e+07,1.409740626919371298e-01
3.196639327865573391e+07,1.411104326217053340e-01
3.200640128025605157e+07,1.412466794258658287e-01
3.204640928185637295e+07,1.413828030968654059e-01
3.208641728345669061e+07,1.415188036274794003e-01
3.212642528505701199e+07,1.416546810108114673e-01
3.216643328665733337e+07,1.417904352402927781e-01
3.220644128825765103e+07,1.419260663096814645e-01
3.224644928985797241e+07,1.420615742130621750e-01
3.228645729145829380e+07,1.421969589448454085e-01
3.232646529305861145e+07,1.423322204997670426e-01
3.236647329465893283e+07,1.424673588728876117e-01
3.240648129625925422e+07,1.426023740595918909e-01
3.244648929785957187e+07,1.427372660555882022e-01
3.248649729945989326e+07,1.428720348569079701e-01
3.252650530106021464e+07,1.430066804599050279e-01
3.256651330266053230e+07,1.431412028612551179e-01
3.260652130426085368e+07,1.432756020579553091e-01
3.264652930586117506e+07,1.434098780473233858e-01
3.268653730746149272e+07,1.435440308269972931e-01
3.272654530906181410e+07,1.436780603949346369e-01
3.276655331066213176e+07,1.438119667494118792e-01
3.280656131226245314e+07,1.439457498890240605e-01
3.284656931386277452e+07,1.440794098126839951e-01
3.288657731546309218e+07,1.442129465196217986e-01
3.292658531706341356e+07,1.443463600093842225e-01
3.296659331866373494e+07,1.444796502818342099e-01
3.300660132026405260e+07,1.446128173371501735e-01
3.304660932186437398e+07,1.447458611758254410e-01
3.308661732346469536e+07,1.448787817986677828e-01
3.312662532506501302e+07,1.450115792067986353e-01
3.316663332666533440e+07,1.451442534016527119e-01
3.320664132826565579e+07,1.452768043849772817e-01
3.324664932986597344e+07,1.454092321588315861e-01
3.328665733146629483e+07,1.455415367255863679e-01
3.332666533306661621e+07,1.456737180879231763e-01
3.336667333466693386e+07,1.458057762488337294e-01
3.340668133626725525e+07,1.459377112116195530e-01
3.344668933786757290e+07,1.460695229798910644e-01
3.348669733946789429e+07,1.462012115575672677e-01
3.352670534106821567e+07,1.463327769488750041e-01
3.356671334266853333e+07,1.464642191583483966e-01
3.360672134426885843e+07,1.465955381908282673e-01
3.364672934586917609e+07,1.467267340514615270e-01
3.368673734746949375e+07,1.468578067457005643e-01
3.372674534906981140e+07,1.469887562793027458e-01
3.376675335067013651e+07,1.471195826583296673e-01
3.380676135227045417e+07,1.472502858891466260e-01
3.384676935387077183e+07,1.473808659784220931e-01
3.388677735547109693e+07,1.475113229331270481e-01
3.392678535707141459e+07,1.476416567605343122e-01
3.396679335867173225e+07,1.477718674682180489e-01
3.400680136027205735e+07,1.479019550640532088e-01
3.404680936187237501e+07,1.480319195562147527e-01
3.408681736347269267e+07,1.481617609531771518e-01
3.412682536507301778e+07,1.482914792637138879e-01
3.416683336667333543e+07,1.484210744968966489e-01
3.420684136827365309e+07,1.485505466620948289e-01
3.424684936987397820e+07,1.486798957689749456e-01
3.428685737147429585e+07,1.488091218275000016e-01
3.432686537307461351e+07,1.489382248479288740e-01
3.436687337467493862e+07,1.490672048408157035e-01
3.440688137627525628e+07,1.491960618170093122e-01
3.444688937787557393e+07,1.493247957876526200e-01
3.448689737947589904e+07,1.494534067641820063e-01
3.452690538107621670e+07,1.495818947583265890e-01
3.456691338267653435e+07,1.497102597821078074e-01
3.460692138427685946e+07,1.498385018478388120e-01
3.464692938587717712e+07,1.499666209681235485e-01
3.468693738747749478e+07,1.500946171558565911e-01
3.472694538907781988e+07,1.502224904242222270e-01
3.476695339067813754e+07,1.503502407866939283e-01
3.480696139227845520e+07,1.504778682570337145e-01
3.484696939387878031e+07,1.506053728492915966e-01
3.488697739547909796e+07,1.507327545778049671e-01
3.492698539707941562e+07,1.508600134571979057e-01
3.496699339867974073e+07,1.509871495023806243e-01
3.500700140028005838e+07,1.511141627285488565e-01
3.504700940188037604e+07,1.512410531511831913e-01
3.508701740348069370e+07,1.513678207860485736e-01
3.512702540508101881e+07,1.514944656491935548e-01
3.516703340668133646e+07,1.516209877569497100e-01
3.520704140828165412e+07,1.517473871259310825e-01
3.524704940988197923e+07,1.518736637730335459e-01
3.528705741148229688e+07,1.519998177154341101e-01
3.532706541308261454e+07,1.521258489705904215e-01
3.536707341468293965e+07,1.522517575562400693e-01
3.540708141628325731e+07,1.523775434903999471e-01
3.544708941788357496e+07,1.525032067913657252e-01
3.548709741948390007e+07,1.526287474777111297e-01
3.552710542108421773e+07,1.527541655682874422e-01
3.556711342268453538e+07,1.528794610822226951e-01
3.560712142428486049e+07,1.530046340389212833e-01
3.564712942588517815e+07,1.531296844580631589e-01
3.568713742748549581e+07,1.532546123596032761e-01
3.572714542908582091e+07,1.533794177637709810e-01
3.576715343068613857e+07,1.535041006910693728e-01
3.580716143228645623e+07,1.536286611622747211e-01
3.584716943388678133e+07,1.537530991984357720e-01
3.588717743548709899e+07,1.538774148208731651e-01
3.592718543708741665e+07,1.540016080511787955e-01
3.596719343868774176e+07,1.541256789112153136e-01
3.600720144028805941e+07,1.542496274231151820e-01
3.604720944188837707e+07,1.543734536092804810e-01
3.608721744348870218e+07,1.544971574923819368e-01
3.612722544508901983e+07,1.546207390953584504e-01
3.616723344668933749e+07,1.547441984414164584e-01
3.620724144828966260e+07,1.548675355540292953e-01
3.624724944988998026e+07,1.549907504569365824e-01
3.628725745149029791e+07,1.551138431741435619e-01
3.632726545309062302e+07,1.552368137299205419e-01
3.636727345469094068e+07,1.553596621488021745e-01
3.640728145629125834e+07,1.554823884555869007e-01
3.644728945789157599e+07,1.556049926753363677e-01
3.648729745949190110e+07,1.557274748333747072e-01
3.652730546109221876e+07,1.558498349552878415e-01
3.656731346269253641e+07,1.559720730669231226e-01
3.660732146429286152e+07,1.560941891943884718e-01
3.664732946589317918e+07,1.562161833640517694e-01
3.668733746749349684e+07,1.563380556025403267e-01
3.672734546909382194e+07,1.564598059367402483e-01
3.676735347069413960e+07,1.565814343937957098e-01
3.680736147229445726e+07,1.567029410011084034e-01
3.684736947389478236e+07,1.568243257863368989e-01
3.688737747549510002e+07,1.569455887773960057e-01
3.692738547709541768e+07,1.570667300024561341e-01
3.696739347869574279e+07,1.571877494899427408e-01
3.700740148029606044e+07,1.573086472685355230e-01
3.704740948189637810e+07,1.574294233671680310e-01
3.708741748349670321e+07,1.575500778150268621e-01
3.712742548509702086e+07,1.576706106415510511e-01
3.716743348669733852e+07,1.577910218764315142e-01
3.720744148829766363e+07,1.579113115496104114e-01
3.724744948989798129e+07,1.580314796912803688e-01
3.728745749149829894e+07,1.581515263318840903e-01
3.732746549309862405e+07,1.582714515021135804e-01
3.736747349469894171e+07,1.583912552329094225e-01
3.740748149629925936e+07,1.585109375554604183e-01
3.744748949789958447e+07,1.586304985012027269e-01
3.748749749949990213e+07,1.587499381018193101e-01
3.752750550110021979e+07,1.588692563892392939e-01
3.756751350270054489e+07,1.589884533956373858e-01
3.760752150430086255e+07,1.591075291534331804e-01
3.764752950590118021e+07,1.592264836952905493e-01
3.768753750750149786e+07,1.593453170541170305e-01
3.772754550910182297e+07,1.594640292630632172e-01
3.776755351070214063e+07,1.595826203555220091e-01
3.780756151230245829e+07,1.597010903651281399e-01
3.784756951390278339e+07,1.598194393257574841e-01
3.788757751550310105e+07,1.599376672715263348e-01
3.792758551710341871e+07,1.600557742367909320e-01
3.796759351870374382e+07,1.601737602561467411e-01
3.800760152030406147e+07,1.602916253644277866e-01
3.804760952190437913e+07,1.604093695967061528e-01
3.808761752350470424e+07,1.605269929882912616e-01
3.812762552510502189e+07,1.606444955747291792e-01
3.816763352670533955e+07,1.607618773918021160e-01
3.820764152830566466e+07,1.608791384755277609e-01
3.824764952990598232e+07,1.609962788621585594e-01
3.828765753150629997e+07,1.611132985881812973e-01
3.832766553310662508e+07,1.612301976903161294e-01
3.836767353470694274e+07,1.613469762055163292e-01
3.840768153630726039e+07,1.614636341709673462e-01
3.844768953790758550e+07,1.615801716240864438e-01
3.848769753950790316e+07,1.616965886025217569e-01
3.852770554110822082e+07,1.618128851441520133e-01
3.856771354270854592e+07,1.619290612870856738e-01
3.860772154430886358e+07,1.620451170696602661e-01
3.864772954590918124e+07,1.621610525304419959e-01
3.868773754750950634e+07,1.622768677082248867e-01
3.872774554910982400e+07,1.623925626420301971e-01
3.876775355071014166e+07,1.625081373711059207e-01
3.880776155231046677e+07,1.626235919349260373e-01
3.884776955391078442e+07,1.627389263731898739e-01
3.888777755551110208e+07,1.628541407258215501e-01
3.892778555711142719e+07,1.629692350329692840e-01
3.896779355871174484e+07,1.630842093350048372e-01
3.900780156031206250e+07,1.631990636725227928e-01
3.904780956191238016e+07,1.633137980863400007e-01
3.908781756351270527e+07,1.634284126174949392e-01
3.912782556511302292e+07,1.635429073072470207e-01
3.916783356671334058e+07,1.636572821970760927e-01
3.920784156831366569e+07,1.637715373286816878e-01
3.924784956991398335e+07,1.638856727439824135e-01
3.928785757151430100e+07,1.639996884851153969e-01
3.932786557311462611e+07,1.641135845944356741e-01
3.936787357471494377e+07,1.642273611145153300e-01
3.940788157631526142e+07,1.643410180881432203e-01
3.944788957791558653e+07,1.644545555583240837e-01
3.948789757951590419e+07,1.645679735682780420e-01
3.952790558111622185e+07,1.646812721614398511e-01
3.956791358271654695e+07,1.647944513814584566e-01
3.960792158431686461e+07,1.649075112721962166e-01
3.964792958591718227e+07,1.650204518777283746e-01
3.968793758751750737e+07,1.651332732423423377e-01
3.972794558911782503e+07,1.652459754105370937e-01
3.976795359071814269e+07,1.653585584270226561e-01
3.980796159231846780e+07,1.654710223367193700e-01
3.984796959391878545e+07,1.655833671847572186e-01
3.988797759551910311e+07,1.656955930164753787e-01
3.992798559711942822e+07,1.658076998774214161e-01
3.996799359871974587e+07,1.659196878133507858e-01
4.000800160032006353e+07,1.660315568702261380e-01
4.004800960192038864e+07,1.661433070942167911e-01
4.008801760352070630e+07,1.662549385316979267e-01
4.012802560512102395e+07,1.663664512292501729e-01
4.016803360672134906e+07,1.664778452336588277e-01
4.020804160832166672e+07,1.665891205919133589e-01
4.024804960992198437e+07,1.667002773512066549e-01
4.028805761152230948e+07,1.668113155589345531e-01
4.032806561312262714e+07,1.669222352626950068e-01
4.036807361472294480e+07,1.670330365102877523e-01
4.040808161632326245e+07,1.671437193497134488e-01
4.044808961792358756e+07,1.672542838291731226e-01
4.048809761952390522e+07,1.673647299970675850e-01
4.052810562112422287e+07,1.674750579019967933e-01
4.056811362272454798e+07,1.675852675927592961e-01
4.060812162432486564e+07,1.676953591183513725e-01
4.064812962592518330e+07,1.678053325279668107e-01
4.068813762752550840e+07,1.679151878709959356e-01
4.072814562912582606e+07,1.680249251970251101e-01
4.076815363072614372e+07,1.681345445558362350e-01
4.080816163232646883e+07,1.682440459974059721e-01
4.084816963392678648e+07,1.683534295719051610e-01
4.088817763552710414e+07,1.684626953296982366e-01
4.092818563712742925e+07,1.685718433213426459e-01
4.096819363872774690e+07,1.686808735975881546e-01
4.100820164032806456e+07,1.687897862093763190e-01
4.104820964192838967e+07,1.688985812078397375e-01
4.108821764352870733e+07,1.690072586443015501e-01
4.112822564512902498e+07,1.691158185702748007e-01
4.116823364672935009e+07,1.692242610374618816e-01
4.120824164832966775e+07,1.693325860977537289e-01
4.124824964992998540e+07,1.694407938032293781e-01
4.128825765153031051e+07,1.695488842061553814e-01
4.132826565313062817e+07,1.696568573589850304e-01
4.136827365473094583e+07,1.697647133143578568e-01
4.140828165633127093e+07,1.698724521250990493e-01
4.144828965793158859e+07,1.699800738442187598e-01
4.148829765953190625e+07,1.700875785249114924e-01
4.152830566113223135e+07,1.701949662205556046e-01
4.156831366273254901e+07,1.703022369847125295e-01
4.160832166433286667e+07,1.704093908711263872e-01
4.164832966593318433e+07,1.705164279337230970e-01
4.168833766753350943e+07,1.706233482266100443e-01
4.172834566913382709e+07,1.707301518040752475e-01
4.176835367073414475e+07,1.708368387205869421e-01
4.180836167233446985e+07,1.709434090307928311e-01
4.184836967393478751e+07,1.710498627895195300e-01
4.188837767553510517e+07,1.711562000517719839e-01
4.192838567713543028e+07,1.712624208727328290e-01
4.196839367873574793e+07,1.713685253077617821e-01
4.200840168033606559e+07,1.714745134123950576e-01
4.204840968193639070e+07,1.715803852423448406e-01
4.208841768353670835e+07,1.716861408534984257e-01
4.212842568513702601e+07,1.717917803019179124e-01
4.216843368673735112e+07,1.718973036438395385e-01
4.220844168833766878e+07,1.720027109356728479e-01
4.224844968993798643e+07,1.721080022340003568e-01
4.228845769153831154e+07,1.722131775955768884e-01
4.232846569313862920e+07,1.723182370773288230e-01
4.236847369473894686e+07,1.724231807363537650e-01
4.240848169633927196e+07,1.725280086299196824e-01
4.244848969793958962e+07,1.726327208154644077e-01
4.248849769953990728e+07,1.727373173505951376e-01
4.252850570114023238e+07,1.728417982930876839e-01
4.256851370274055004e+07,1.729461637008859187e-01
4.260852170434086770e+07,1.730504136321012465e-01
4.264852970594119281e+07,1.731545481450119661e-01
4.268853770754151046e+07,1.732585672980625768e-01
4.272854570914182812e+07,1.733624711498633619e-01
4.276855371074215323e+07,1.734662597591897226e-01
4.280856171234247088e+07,1.735699331849814564e-01
4.284856971394278854e+07,1.736734914863423407e-01
4.288857771554311365e+07,1.737769347225394945e-01
4.292858571714343131e+07,1.738802629530027122e-01
4.296859371874374896e+07,1.739834762373239363e-01
4.300860172034406662e+07,1.740865746352566745e-01
4.304860972194439173e+07,1.741895582067153614e-01
4.308861772354470938e+07,1.742924270117747754e-01
4.312862572514502704e+07,1.743951811106694838e-01
4.316863372674535215e+07,1.744978205637932878e-01
4.320864172834566981e+07,1.746003454316984449e-01
4.324864972994598746e+07,1.747027557750953641e-01
4.328865773154631257e+07,1.748050516548518285e-01
4.332866573314663023e+07,1.749072331319923290e-01
4.336867373474694788e+07,1.750093002676977871e-01
4.340868173634727299e+07,1.751112531233046943e-01
4.344868973794759065e+07,1.752130917603045568e-01
4.348869773954790831e+07,1.753148162403434240e-01
4.352870574114823341e+07,1.754164266252213056e-01
4.356871374274855107e+07,1.755179229768914217e-01
4.360872174434886873e+07,1.756193053574598428e-01
4.364872974594919384e+07,1.757205738291846564e-01
4.368873774754951149e+07,1.758217284544756343e-01
4.372874574914982915e+07,1.759227692958934830e-01
4.376875375075015426e+07,1.760236964161494000e-01
4.380876175235047191e+07,1.761245098781042684e-01
4.384876975395078957e+07,1.762252097447683796e-01
4.388877775555111468e+07,1.763257960793006562e-01
4.392878575715143234e+07,1.764262689450079857e-01
4.396879375875174999e+07,1.765266284053449430e-01
4.400880176035207510e+07,1.766268745239130411e-01
4.404880976195239276e+07,1.767270073644599815e-01
4.408881776355271041e+07,1.768270269908794601e-01
4.412882576515303552e+07,1.769269334672103067e-01
4.416883376675335318e+07,1.770267268576359576e-01
4.420884176835367084e+07,1.771264072264840117e-01
4.424884976995399594e+07,1.772259746382254531e-01
4.428885777155431360e+07,1.773254291574742347e-01
4.432886577315463126e+07,1.774247708489867237e-01
4.436887377475494891e+07,1.775239997776610068e-01
4.440888177635527402e+07,1.776231160085363636e-01
4.444888977795559168e+07,1.777221196067927667e-01
4.448889777955590934e+07,1.778210106377502708e-01
4.452890578115623444e+07,1.779197891668684028e-01
4.456891378275655210e+07,1.780184552597455783e-01
4.460892178435686976e+07,1.781170089821187130e-01
4.464892978595719486e+07,1.782154503998624462e-01
4.468893778755751252e+07,1.783137795789886126e-01
4.472894578915783018e+07,1.784119965856458545e-01
4.476895379075815529e+07,1.785101014861188162e-01
4.480896179235847294e+07,1.786080943468277282e-01
4.484896979395879060e+07,1.787059752343278241e-01
4.488897779555911571e+07,1.788037442153087297e-01
4.492898579715943336e+07,1.789014013565939087e-01
4.496899379875975102e+07,1.789989467251402455e-01
4.500900180036007613e+07,1.790963803880372407e-01
4.504900980196039379e+07,1.791937024125066225e-01
4.508901780356071144e+07,1.792909128659017914e-01
4.512902580516103655e+07,1.793880118157071268e-01
4.516903380676135421e+07,1.794849993295375978e-01
4.520904180836167186e+07,1.795818754751380419e-01
4.524904980996199697e+07,1.796786403203828320e-01
4.528905781156231463e+07,1.797752939332750433e-01
4.532906581316263229e+07,1.798718363819460930e-01
4.536907381476295739e+07,1.799682677346551851e-01
4.540908181636327505e+07,1.800645880597886717e-01
4.544908981796359271e+07,1.801607974258594702e-01
4.548909781956391782e+07,1.802568959015067029e-01
4.552910582116423547e+07,1.803528835554948917e-01
4.556911382276455313e+07,1.804487604567136805e-01
4.560912182436487079e+07,1.805445266741770582e-01
4.564912982596519589e+07,1.806401822770228871e-01
4.568913782756551355e+07,1.807357273345123749e-01
4.572914582916583121e+07,1.808311619160296035e-01
4.576915383076615632e+07,1.809264860910807793e-01
4.580916183236647397e+07,1.810216999292938445e-01
4.584916983396679163e+07,1.811168035004179500e-01
4.588917783556711674e+07,1.812117968743228169e-01
4.592918583716743439e+07,1.813066801209982093e-01
4.596919383876775205e+07,1.814014533105534344e-01
4.600920184036807716e+07,1.814961165132168153e-01
4.604920984196839482e+07,1.815906697993350805e-01
4.608921784356871247e+07,1.816851132393728363e-01
4.612922584516903758e+07,1.817794469039121785e-01
4.616923384676935524e+07,1.818736708636518595e-01
4.620924184836967289e+07,1.819677851894070109e-01
4.624924984996999800e+07,1.820617899521085603e-01
4.628925785157031566e+07,1.821556852228025103e-01
4.632926585317063332e+07,1.822494710726496880e-01
4.636927385477095842e+07,1.823431475729249962e-01
4.640928185637127608e+07,1.824367147950169410e-01
4.644928985797159374e+07,1.825301728104271048e-01
4.648929785957191885e+07,1.826235216907697023e-01
4.652930586117223650e+07,1.827167615077708029e-01
4.656931386277255416e+07,1.828098923332681092e-01
4.660932186437287927e+07,1.829029142392102347e-01
4.664932986597319692e+07,1.829958272976561773e-01
4.668933786757351458e+07,1.830886315807748466e-01
4.672934586917383969e+07,1.831813271608445648e-01
4.676935387077415735e+07,1.832739141102524283e-01
4.680936187237447500e+07,1.833663925014939189e-01
4.684936987397480011e+07,1.834587624071722933e-01
4.688937787557511777e+07,1.835510238999980281e-01
4.692938587717543542e+07,1.836431770527883756e-01
4.696939387877575308e+07,1.837352219384668639e-01
4.700940188037607819e+07,1.838271586300626037e-01
4.704940988197639585e+07,1.839189872007100102e-01
4.708941788357671350e+07,1.840107077236480537e-01
4.712942588517703861e+07,1.841023202722199270e-01
4.716943388677735627e+07,1.841938249198723510e-01
4.720944188837767392e+07,1.842852217401552140e-01
4.724944988997799903e+07,1.843765108067210445e-01
4.728945789157831669e+07,1.844676921933242619e-01
4.732946589317863435e+07,1.845587659738210373e-01
4.736947389477895945e+07,1.846497322221684889e-01
4.740948189637927711e+07,1.847405910124242101e-01
4.744948989797959477e+07,1.848313424187459086e-01
4.748949789957991987e+07,1.849219865153907683e-01
4.752950590118023753e+07,1.850125233767148936e-01
4.756951390278055519e+07,1.851029530771729215e-01
4.760952190438088030e+07,1.851932756913174660e-01
4.764952990598119795e+07,1.852834912937986189e-01
4.768953790758151561e+07,1.853735999593633388e-01
4.772954590918184072e+07,1.854636017628551736e-01
4.776955391078215837e+07,1.855534967792134282e-01
4.780956191238247603e+07,1.856432850834729698e-01
4.784956991398280114e+07,1.857329667507636173e-01
4.788957791558311880e+07,1.858225418563095033e-01
4.792958591718343645e+07,1.859120104754287406e-01
4.796959391878376156e+07,1.860013726835329229e-01
4.800960192038407922e+07,1.860906285561264306e-01
4.804960992198439687e+07,1.861797781688061815e-01
4.808961792358472198e+07,1.862688215972609640e-01
4.812962592518503964e+07,1.863577589172709936e-01
4.816963392678535730e+07,1.864465902047073853e-01
4.820964192838568240e+07,1.865353155355317649e-01
4.824964992998600006e+07,1.866239349857955476e-01
4.828965793158631772e+07,1.867124486316397158e-01
4.832966593318663538e+07,1.868008565492941531e-01
4.836967393478696048e+07,1.868891588150771443e-01
4.840968193638727814e+07,1.869773555053949599e-01
4.844968993798759580e+07,1.870654466967413276e-01
4.848969793958792090e+07,1.871534324656970172e-01
4.852970594118823856e+07,1.872413128889291456e-01
4.856971394278855622e+07,1.873290880431909000e-01
4.860972194438888133e+07,1.874167580053209825e-01
4.864972994598919898e+07,1.875043228522430827e-01
4.868973794758951664e+07,1.875917826609654337e-01
4.872974594918984175e+07,1.876791375085803404e-01
4.876975395079015940e+07,1.877663874722635406e-01
4.880976195239047706e+07,1.878535326292740115e-01
4.884976995399080217e+07,1.879405730569532196e-01
4.888977795559111983e+07,1.880275088327247879e-01
4.892978595719143748e+07,1.881143400340939409e-01
4.896979395879176259e+07,1.882010667386470604e-01
4.900980196039208025e+07,1.882876890240511580e-01
4.904980996199239790e+07,1.883742069680534870e-01
4.908981796359272301e+07,1.884606206484810142e-01
4.912982596519304067e+07,1.885469301432398659e-01
4.916983396679335833e+07,1.886331355303149937e-01
4.920984196839368343e+07,1.887192368877696480e-01
4.924984996999400109e+07,1.888052342937447947e-01
4.928985797159431875e+07,1.888911278264588101e-01
4.932986597319464386e+07,1.889769175642069254e-01
4.936987397479496151e+07,1.890626035853606723e-01
4.940988197639527917e+07,1.891481859683676325e-01
4.944988997799560428e+07,1.892336647917507719e-01
4.948989797959592193e+07,1.893190401341079965e-01
4.952990598119623959e+07,1.894043120741117914e-01
4.956991398279655725e+07,1.894894806905086382e-01
4.960992198439688236e+07,1.895745460621186262e-01
4.964992998599720001e+07,1.896595082678348976e-01
4.968993798759751767e+07,1.897443673866233138e-01
4.972994598919784278e+07,1.898291234975218733e-01
4.976995399079816043e+07,1.899137766796402949e-01
4.980996199239847809e+07,1.899983270121595735e-01
4.984996999399880320e+07,1.900827745743314812e-01
4.988997799559912086e+07,1.901671194454781222e-01
4.992998599719943851e+07,1.902513617049914896e-01
4.996999399879976362e+07,1.903355014323329930e-01
5.001000200040008128e+07,1.904195387070329593e-01
5.005001000200039893e+07,1.905034736086903269e-01
5.009001800360072404e+07,1.905873062169719245e-01
5.013002600520104170e+07,1.906710366116123045e-01
5.017003400680135936e+07,1.907546648724130767e-01
5.021004200840168446e+07,1.908381910792426028e-01
5.025005001000200212e+07,1.909216153120353865e-01
5.029005801160231978e+07,1.910049376507917673e-01
5.033006601320264488e+07,1.910881581755774494e-01
5.037007401480296254e+07,1.911712769665229739e-01
5.041008201640328020e+07,1.912542941038232192e-01
5.045009001800360531e+07,1.913372096677372625e-01
5.049009801960392296e+07,1.914200237385875469e-01
5.053010602120424062e+07,1.915027363967596596e-01
5.057011402280456573e+07,1.915853477227018320e-01
5.061012202440488338e+07,1.916678577969244679e-01
5.065013002600520104e+07,1.917502666999997829e-01
5.069013802760552615e+07,1.918325745125613047e-01
5.073014602920584381e+07,1.919147813153033455e-01
5.077015403080616146e+07,1.919968871889807527e-01
5.081016203240648657e+07,1.920788922144083810e-01
5.085017003400680423e+07,1.921607964724604545e-01
5.089017803560712188e+07,1.922426000440705662e-01
5.093018603720743954e+07,1.923243030102308182e-01
5.097019403880776465e+07,1.924059054519916545e-01
5.101020204040808231e+07,1.924874074504611954e-01
5.105021004200839996e+07,1.925688090868050983e-01
5.109021804360872507e+07,1.926501104422458643e-01
5.113022604520904273e+07,1.927313115980625047e-01
5.117023404680936038e+07,1.928124126355901247e-01
5.121024204840968549e+07,1.928934136362194796e-01
5.125025005001000315e+07,1.929743146813965582e-01
5.129025805161032081e+07,1.930551158526221112e-01
5.133026605321064591e+07,1.931358172314512345e-01
5.137027405481096357e+07,1.932164188994929810e-01
5.141028205641128123e+07,1.932969209384098885e-01
5.145029005801160634e+07,1.933773234299176469e-01
5.149029805961192399e+07,1.934576264557844871e-01
5.153030606121224165e+07,1.935378300978309318e-01
5.157031406281256676e+07,1.936179344379293787e-01
5.161032206441288441e+07,1.936979395580034624e-01
5.165033006601320207e+07,1.937778455400279709e-01
5.169033806761352718e+07,1.938576524660280687e-01
5.173034606921384484e+07,1.939373604180791855e-01
5.177035407081416249e+07,1.940169694783063503e-01
5.181036207241448760e+07,1.940964797288839971e-01
5.185037007401480526e+07,1.941758912520353542e-01
5.189037807561512291e+07,1.942552041300321386e-01
5.193038607721544802e+07,1.943344184451941681e-01
5.197039407881576568e+07,1.944135342798887500e-01
5.201040208041608334e+07,1.944925517165306261e-01
5.205041008201640844e+07,1.945714708375811952e-01
5.209041808361672610e+07,1.946502917255482912e-01
5.213042608521704376e+07,1.947290144629857389e-01
5.217043408681736887e+07,1.948076391324930212e-01
5.221044208841768652e+07,1.948861658167146682e-01
5.225045009001800418e+07,1.949645945983400630e-01
5.229045809161832184e+07,1.950429255601029421e-01
5.233046609321864694e+07,1.951211587847810069e-01
5.237047409481896460e+07,1.951992943551954518e-01
5.241048209641928226e+07,1.952773323542106865e-01
5.245049009801960737e+07,1.953552728647338088e-01
5.249049809961992502e+07,1.954331159697143550e-01
5.253050610122024268e+07,1.955108617521436609e-01
5.257051410282056779e+07,1.955885102950547794e-01
5.261052210442088544e+07,1.956660616815217857e-01
5.265053010602120310e+07,1.957435159946595560e-01
5.269053810762152821e+07,1.958208733176232674e-01
5.273054610922184587e+07,1.958981337336081208e-01
5.277055411082216352e+07,1.959752973258488407e-01
5.281056211242248863e+07,1.960523641776193149e-01
5.285057011402280629e+07,1.961293343722322058e-01
5.289057811562312394e+07,1.962062079930385894e-01
5.293058611722344905e+07,1.962829851234274836e-01
5.297059411882376671e+07,1.963596658468255152e-01
5.301060212042408437e+07,1.964362502466965588e-01
5.305061012202440947e+07,1.965127384065412652e-01
5.309061812362472713e+07,1.965891304098967285e-01
5.313062612522504479e+07,1.966654263403360692e-01
5.317063412682536989e+07,1.967416262814681571e-01
5.321064212842568755e+07,1.968177303169370285e-01
5.325065013002600521e+07,1.968937385304216359e-01
5.329065813162633032e+07,1.969696510056354877e-01
5.333066613322664797e+07,1.970454678263261206e-01
5.337067413482696563e+07,1.971211890762749885e-01
5.341068213642729074e+07,1.971968148392967135e-01
5.345069013802760839e+07,1.972723451992390020e-01
5.349069813962792605e+07,1.973477802399821179e-01
5.353070614122824371e+07,1.974231200454386326e-01
5.357071414282856882e+07,1.974983646995529252e-01
5.361072214442888647e+07,1.975735142863007943e-01
5.365073014602920413e+07,1.976485688896891801e-01
5.369073814762952924e+07,1.977235285937558318e-01
5.373074614922984689e+07,1.977983934825686407e-01
5.377075415083016455e+07,1.978731636402256966e-01
5.381076215243048966e+07,1.979478391508545931e-01
5.385077015403080732e+07,1.980224200986121230e-01
5.389077815563112497e+07,1.980969065676840557e-01
5.393078615723145008e+07,1.981712986422845824e-01
5.397079415883176774e+07,1.982455964066560106e-01
5.401080216043208539e+07,1.983197999450685145e-01
5.405081016203241050e+07,1.983939093418195243e-01
5.409081816363272816e+07,1.984679246812335873e-01
5.413082616523304582e+07,1.985418460476619795e-01
5.417083416683337092e+07,1.986156735254821226e-01
5.421084216843368858e+07,1.986894071990975286e-01
5.425085017003400624e+07,1.987630471529371889e-01
5.429085817163433135e+07,1.988365934714554362e-01
5.433086617323464900e+07,1.989100462391313051e-01
5.437087417483496666e+07,1.989834055404684499e-01
5.441088217643529177e+07,1.990566714599946718e-01
5.445089017803560942e+07,1.991298440822614757e-01
5.449089817963592708e+07,1.992029234918438751e-01
5.453090618123625219e+07,1.992759097733399487e-01
5.457091418283656985e+07,1.993488030113704790e-01
5.461092218443688750e+07,1.994216032905786196e-01
5.465093018603721261e+07,1.994943106956295342e-01
5.469093818763753027e+07,1.995669253112100916e-01
5.473094618923784792e+07,1.996394472220284488e-01
5.477095419083817303e+07,1.997118765128137186e-01
5.481096219243849069e+07,1.997842132683156635e-01
5.485097019403880835e+07,1.998564575733042248e-01
5.489097819563912600e+07,1.999286095125694385e-01
5.493098619723945111e+07,2.000006691709207418e-01
5.497099419883976877e+07,2.000726366331869177e-01
5.501100220044008642e+07,2.001445119842155118e-01
5.505101020204041153e+07,2.002162953088728048e-01
5.509101820364072919e+07,2.002879866920430907e-01
5.513102620524104685e+07,2.003595862186285936e-01
5.517103420684137195e+07,2.004310939735491071e-01
5.521104220844168961e+07,2.005025100417415218e-01
5.525105021004200727e+07,2.005738345081596041e-01
5.529105821164233238e+07,2.006450674577736348e-01
5.533106621324265003e+07,2.007162089755700485e-01
5.537107421484296769e+07,2.007872591465510448e-01
5.541108221644329280e+07,2.008582180557344776e-01
5.545109021804361045e+07,2.009290857881531334e-01
5.549109821964392811e+07,2.009998624288548419e-01
5.553110622124425322e+07,2.010705480629018105e-01
5.557111422284457088e+07,2.011411427753704018e-01
5.561112222444488853e+07,2.012116466513508006e-01
5.565113022604521364e+07,2.012820597759468200e-01
5.569113822764553130e+07,2.013523822342752345e-01
5.573114622924584895e+07,2.014226141114658364e-01
5.577115423084617406e+07,2.014927554926608522e-01
5.581116223244649172e+07,2.015628064630147209e-01
5.585117023404680938e+07,2.016327671076937056e-01
5.589117823564713448e+07,2.017026375118756709e-01
5.593118623724745214e+07,2.017724177607496672e-01
5.597119423884776980e+07,2.018421079395155693e-01
5.601120224044809490e+07,2.019117081333839381e-01
5.605121024204841256e+07,2.019812184275755207e-01
5.609121824364873022e+07,2.020506389073209730e-01
5.613122624524905533e+07,2.021199696578606098e-01
5.617123424684937298e+07,2.021892107644439884e-01
5.621124224844969064e+07,2.022583623123296870e-01
5.625125025005000830e+07,2.023274243867848876e-01
5.629125825165033340e+07,2.023963970730851547e-01
5.633126625325065106e+07,2.024652804565140463e-01
5.637127425485096872e+07,2.025340746223628363e-01
5.641128225645129383e+07,2.026027796559302652e-01
5.645129025805161148e+07,2.026713956425220398e-01
5.649129825965192914e+07,2.027399226674506949e-01
5.653130626125225425e+07,2.028083608160352602e-01
5.657131426285257190e+07,2.028767101736008438e-01
5.661132226445288956e+07,2.029449708254785212e-01
5.665133026605321467e+07,2.030131428570047802e-01
5.669133826765353233e+07,2.030812263535214102e-01
5.673134626925384998e+07,2.031492214003750574e-01
5.677135427085417509e+07,2.032171280829170867e-01
5.681136227245449275e+07,2.032849464865030265e-01
5.685137027405481040e+07,2.033526766964925958e-01
5.689137827565513551e+07,2.034203187982491223e-01
5.693138627725545317e+07,2.034878728771392919e-01
5.697139427885577083e+07,2.035553390185329548e-01
5.701140228045609593e+07,2.036227173078028196e-01
5.705141028205641359e+07,2.036900078303240103e-01
5.709141828365673125e+07,2.037572106714738707e-01
5.713142628525705636e+07,2.038243259166316601e-01
5.717143428685737401e+07,2.038913536511782754e-01
5.721144228845769167e+07,2.039582939604959178e-01
5.725145029005801678e+07,2.040251469299677878e-01
5.729145829165833443e+07,2.040919126449778354e-01
5.733146629325865209e+07,2.041585911909104267e-01
5.737147429485897720e+07,2.042251826531501224e-01
5.741148229645929486e+07,2.042916871170812332e-01
5.745149029805961251e+07,2.043581046680877089e-01
5.749149829965993017e+07,2.044244353915527224e-01
5.753150630126025528e+07,2.044906793728585026e-01
5.757151430286057293e+07,2.045568366973858632e-01
5.761152230446089059e+07,2.046229074505140910e-01
5.765153030606121570e+07,2.046888917176205858e-01
5.769153830766153336e+07,2.047547895840805821e-01
5.773154630926185101e+07,2.048206011352667888e-01
5.777155431086217612e+07,2.048863264565493336e-01
5.781156231246249378e+07,2.049519656332951523e-01
5.785157031406281143e+07,2.050175187508680164e-01
5.789157831566313654e+07,2.050829858946280060e-01
5.793158631726345420e+07,2.051483671499314265e-01
5.797159431886377186e+07,2.052136626021303922e-01
5.801160232046409696e+07,2.052788723365726320e-01
5.805161032206441462e+07,2.053439964386011007e-01
5.809161832366473228e+07,2.054090349935538684e-01
5.813162632526505738e+07,2.054739880867637314e-01
5.817163432686537504e+07,2.055388558035578517e-01
5.821164232846569270e+07,2.056036382292577847e-01
5.825165033006601781e+07,2.056683354491788407e-01
5.829165833166633546e+07,2.057329475486300296e-01
5.833166633326665312e+07,2.057974746129137833e-01
5.837167433486697823e+07,2.058619167273255945e-01
5.841168233646729589e+07,2.059262739771538231e-01
5.845169033806761354e+07,2.059905464476793624e-01
5.849169833966793865e+07,2.060547342241754454e-01
5.853170634126825631e+07,2.061188373919072558e-01
5.857171434286857396e+07,2.061828560361318730e-01
5.861172234446889907e+07,2.062467902420977717e-01
5.865173034606921673e+07,2.063106400950446562e-01
5.869173834766953439e+07,2.063744056802032656e-01
5.873174634926985949e+07,2.064380870827950132e-01
5.877175435087017715e+07,2.065016843880317088e-01
5.881176235247049481e+07,2.065651976811153923e-01
5.885177035407081246e+07,2.066286270472380282e-01
5.889177835567113757e+07,2.066919725715812006e-01
5.893178635727145523e+07,2.067552343393158909e-01
5.897179435887177289e+07,2.068184124356022835e-01
5.901180236047209799e+07,2.068815069455893774e-01
5.905181036207241565e+07,2.069445179544147639e-01
5.909181836367273331e+07,2.070074455472045161e-01
5.913182636527305841e+07,2.070702898090727162e-01
5.917183436687337607e+07,2.071330508251213731e-01
5.921184236847369373e+07,2.071957286804400611e-01
5.925185037007401884e+07,2.072583234601056701e-01
5.929185837167433649e+07,2.073208352491822670e-01
5.933186637327465415e+07,2.073832641327207071e-01
5.937187437487497926e+07,2.074456101957584953e-01
5.941188237647529691e+07,2.075078735233193972e-01
5.945189037807561457e+07,2.075700542004133564e-01
5.949189837967593968e+07,2.076321523120361334e-01
5.953190638127625734e+07,2.076941679431690835e-01
5.957191438287657499e+07,2.077561011787789069e-01
5.961192238447690010e+07,2.078179521038174826e-01
5.965193038607721776e+07,2.078797208032214516e-01
5.969193838767753541e+07,2.079414073619121062e-01
5.973194638927786052e+07,2.080030118647951676e-01
5.977195439087817818e+07,2.080645343967604532e-01
5.981196239247849584e+07,2.081259750426816824e-01
5.985197039407882094e+07,2.081873338874161983e-01
5.989197839567913860e+07,2.082486110158047465e-01
5.993198639727945626e+07,2.083098065126713361e-01
5.997199439887978137e+07,2.083709204628227674e-01
6.001200240048009902e+07,2.084319529510486879e-01
6.005201040208041668e+07,2.084929040621210372e-01
6.009201840368074179e+07,2.085537738807941854e-01
6.013202640528105944e+07,2.086145624918042396e-01
6.017203440688137710e+07,2.086752699798692656e-01
6.021204240848169476e+07,2.087358964296887331e-01
6.025205041008201987e+07,2.087964419259434601e-01
6.029205841168233752e+07,2.088569065532952518e-01
6.033206641328265518e+07,2.089172903963868178e-01
6.037207441488298029e+07,2.089775935398413831e-01
6.041208241648329794e+07,2.090378160682625774e-01
6.045209041808361560e+07,2.090979580662341020e-01
6.049209841968394071e+07,2.091580196183196461e-01
6.053210642128425837e+07,2.092180008090625265e-01
6.057211442288457602e+07,2.092779017229855210e-01
6.061212242448490113e+07,2.093377224445905627e-01
6.065213042608521879e+07,2.093974630583587127e-01
6.069213842768553644e+07,2.094571236487496879e-01
6.073214642928586155e+07,2.095167043002018337e-01
6.077215443088617921e+07,2.095762050971317625e-01
6.081216243248649687e+07,2.096356261239341878e-01
6.085217043408682197e+07,2.096949674649818129e-01
6.089217843568713963e+07,2.097542292046248313e-01
6.093218643728745729e+07,2.098134114271910378e-01
6.097219443888778239e+07,2.098725142169853564e-01
6.101220244048810005e+07,2.099315376582897297e-01
6.105221044208841771e+07,2.099904818353628688e-01
6.109221844368874282e+07,2.100493468324401702e-01
6.113222644528906047e+07,2.101081327337332438e-01
6.117223444688937813e+07,2.101668396234298852e-01
6.121224244848970324e+07,2.102254675856938537e-01
6.125225045009002090e+07,2.102840167046645392e-01
6.129225845169033855e+07,2.103424870644569067e-01
6.133226645329066366e+07,2.104008787491612187e-01
6.137227445489098132e+07,2.104591918428427022e-01
6.141228245649129897e+07,2.105174264295415487e-01
6.145229045809161663e+07,2.105755825932725533e-01
6.149229845969194174e+07,2.106336604180250038e-01
6.153230646129225940e+07,2.106916599877623753e-01
6.157231446289257705e+07,2.107495813864221634e-01
6.161232246449290216e+07,2.108074246979157462e-01
6.165233046609321982e+07,2.108651900061280227e-01
6.169233846769353747e+07,2.109228773949174407e-01
6.173234646929386258e+07,2.109804869481154976e-01
6.177235447089418024e+07,2.110380187495267679e-01
6.181236247249449790e+07,2.110954728829286531e-01
6.185237047409482300e+07,2.111528494320711047e-01
6.189237847569514066e+07,2.112101484806764573e-01
6.193238647729545832e+07,2.112673701124392622e-01
6.197239447889578342e+07,2.113245144110260654e-01
6.201240248049610108e+07,2.113815814600751575e-01
6.205241048209641874e+07,2.114385713431965186e-01
6.209241848369674385e+07,2.114954841439714572e-01
6.213242648529706150e+07,2.115523199459524717e-01
6.217243448689737916e+07,2.116090788326630279e-01
6.221244248849770427e+07,2.116657608875975594e-01
6.225245049009802192e+07,2.117223661942209123e-01
6.229245849169833958e+07,2.117788948359684842e-01
6.233246649329866469e+07,2.118353468962458075e-01
6.237247449489898235e+07,2.118917224584284942e-01
6.241248249649930000e+07,2.119480216058619582e-01
6.245249049809962511e+07,2.120042444218613320e-01
6.249249849969994277e+07,2.120603909897111339e-01
6.253250650130026042e+07,2.121164613926651565e-01
6.257251450290058553e+07,2.121724557139462453e-01
6.261252250450090319e+07,2.122283740367461868e-01
6.265253050610122085e+07,2.122842164442254875e-01
6.269253850770154595e+07,2.123399830195130400e-01
6.273254650930186361e+07,2.123956738457061788e-01
6.277255451090218127e+07,2.124512890058703474e-01
6.281256251250249892e+07,2.125068285830389037e-01
6.285257051410282403e+07,2.125622926602130369e-01
6.289257851570314169e+07,2.126176813203614901e-01
6.293258651730345935e+07,2.126729946464203935e-01
6.297259451890378445e+07,2.127282327212931257e-01
6.301260252050410211e+07,2.127833956278500638e-01
6.305261052210441977e+07,2.128384834489285282e-01
6.309261852370474488e+07,2.128934962673324216e-01
6.313262652530506253e+07,2.129484341658322011e-01
6.317263452690538019e+07,2.130032972271646008e-01
6.321264252850570530e+07,2.130580855340325763e-01
6.325265053010602295e+07,2.131127991691049439e-01
6.329265853170634061e+07,2.131674382150164082e-01
6.333266653330666572e+07,2.132220027543672014e-01
6.337267453490698338e+07,2.132764928697230278e-01
6.341268253650730103e+07,2.133309086436148694e-01
6.345269053810762614e+07,2.133852501585387917e-01
6.349269853970794380e+07,2.134395174969557774e-01
6.353270654130826145e+07,2.134937107412914759e-01
6.357271454290858656e+07,2.135478299739362318e-01
6.361272254450890422e+07,2.136018752772446960e-01
6.365273054610922188e+07,2.136558467335357980e-01
6.369273854770954698e+07,2.137097444250925238e-01
6.373274654930986464e+07,2.137635684341616937e-01
6.377275455091018230e+07,2.138173188429539351e-01
6.381276255251050740e+07,2.138709957336434042e-01
6.385277055411082506e+07,2.139245991883675646e-01
6.389277855571114272e+07,2.139781292892272424e-01
6.393278655731146783e+07,2.140315861182861823e-01
6.397279455891178548e+07,2.140849697575710753e-01
6.401280256051210314e+07,2.141382802890713921e-01
6.405281056211242825e+07,2.141915177947391058e-01
6.409281856371274590e+07,2.142446823564885527e-01
6.413282656531306356e+07,2.142977740561964051e-01
6.417283456691338122e+07,2.143507929757013653e-01
6.421284256851370633e+07,2.144037391968039996e-01
6.425285057011402398e+07,2.144566128012667106e-01
6.429285857171434164e+07,2.145094138708134035e-01
6.433286657331466675e+07,2.145621424871295702e-01
6.437287457491498441e+07,2.146147987318618167e-01
6.441288257651530206e+07,2.146673826866179469e-01
6.445289057811562717e+07,2.147198944329667125e-01
6.449289857971594483e+07,2.147723340524377023e-01
6.453290658131626248e+07,2.148247016265210918e-01
6.457291458291658759e+07,2.148769972366676162e-01
6.461292258451690525e+07,2.149292209642883478e-01
6.465293058611722291e+07,2.149813728907545018e-01
6.469293858771754801e+07,2.150334530973973535e-01
6.473294658931786567e+07,2.150854616655080431e-01
6.477295459091818333e+07,2.151373986763374935e-01
6.481296259251850843e+07,2.151892642110961318e-01
6.485297059411882609e+07,2.152410583509538899e-01
6.489297859571914375e+07,2.152927811770399269e-01
6.493298659731946886e+07,2.153444327704425454e-01
6.497299459891978651e+07,2.153960132122090254e-01
6.501300260052010417e+07,2.154475225833455132e-01
6.505301060212042928e+07,2.154989609648167992e-01
6.509301860372074693e+07,2.155503284375462347e-01
6.513302660532106459e+07,2.156016250824155378e-01
6.517303460692138970e+07,2.156528509802647375e-01
6.521304260852170736e+07,2.157040062118918966e-01
6.525305061012202501e+07,2.157550908580530558e-01
6.529305861172235012e+07,2.158061049994621505e-01
6.533306661332266778e+07,2.158570487167906227e-01
6.537307461492298543e+07,2.159079220906676422e-01
6.541308261652331054e+07,2.159587252016796355e-01
6.545309061812362820e+07,2.160094581303702854e-01
6.549309861972394586e+07,2.160601209572404480e-01
6.553310662132426351e+07,2.161107137627479025e-01
6.557311462292458862e+07,2.161612366273072683e-01
6.561312262452490628e+07,2.162116896312898939e-01
6.565313062612522393e+07,2.162620728550235794e-01
6.569313862772554904e+07,2.163123863787926593e-01
6.573314662932586670e+07,2.163626302828376702e-01
6.577315463092618436e+07,2.164128046473553224e-01
6.581316263252650946e+07,2.164629095524983338e-01
6.585317063412682712e+07,2.165129450783752907e-01
6.589317863572714478e+07,2.165629113050505650e-01
6.593318663732746989e+07,2.166128083125440362e-01
6.597319463892778754e+07,2.166626361808311196e-01
6.601320264052810520e+07,2.167123949898425717e-01
6.605321064212843031e+07,2.167620848194644068e-01
6.609321864372874796e+07,2.168117057495375921e-01
6.613322664532906562e+07,2.168612578598581586e-01
6.617323464692939073e+07,2.169107412301768956e-01
6.621324264852970839e+07,2.169601559401992952e-01
6.625325065013002604e+07,2.170095020695854138e-01
6.629325865173035115e+07,2.170587796979497608e-01
6.633326665333066881e+07,2.171079889048611045e-01
6.637327465493098646e+07,2.171571297698424441e-01
6.641328265653131157e+07,2.172062023723707880e-01
6.645329065813162923e+07,2.172552067918770702e-01
6.649329865973194689e+07,2.173041431077460672e-01
6.653330666133227199e+07,2.173530113993162038e-01
6.657331466293258965e+07,2.174018117458794697e-01
6.661332266453290731e+07,2.174505442266812527e-01
6.665333066613323241e+07,2.174992089209203117e-01
6.669333866773355007e+07,2.175478059077484982e-01
6.673334666933386773e+07,2.175963352662708405e-01
6.677335467093418539e+07,2.176447970755451822e-01
6.681336267253451049e+07,2.176931914145823210e-01
6.685337067413482815e+07,2.177415183623456207e-01
6.689337867573514581e+07,2.177897779977511772e-01
6.693338667733547091e+07,2.178379703996674022e-01
6.697339467893578857e+07,2.178860956469151899e-01
6.701340268053610623e+07,2.179341538182675564e-01
6.705341068213643134e+07,2.179821449924496668e-01
6.709341868373674899e+07,2.180300692481387248e-01
6.713342668533706665e+07,2.180779266639637781e-01
6.717343468693739176e+07,2.181257173185055798e-01
6.721344268853771687e+07,2.181734412902966713e-01
6.725345069013802707e+07,2.182210986578209666e-01
6.729345869173835218e+07,2.182686894995139737e-01
6.733346669333867729e+07,2.183162138937624064e-01
6.737347469493898749e+07,2.183636719189041286e-01
6.741348269653931260e+07,2.184110636532282379e-01
6.745349069813962281e+07,2.184583891749746765e-01
6.749349869973994792e+07,2.185056485623343425e-01
6.753350670134027302e+07,2.185528418934488126e-01
6.757351470294058323e+07,2.185999692464103694e-01
6.761352270454090834e+07,2.186470306992617796e-01
6.765353070614123344e+07,2.186940263299962939e-01
6.769353870774154365e+07,2.187409562165573973e-01
6.773354670934186876e+07,2.187878204368389201e-01
6.777355471094219387e+07,2.188346190686846771e-01
6.781356271254250407e+07,2.188813521898884951e-01
6.785357071414282918e+07,2.189280198781941855e-01
6.789357871574315429e+07,2.189746222112952390e-01
6.793358671734346449e+07,2.190211592668348806e-01
6.797359471894378960e+07,2.190676311224059591e-01
6.801360272054411471e+07,2.191140378555507529e-01
6.805361072214442492e+07,2.191603795437608582e-01
6.809361872374475002e+07,2.192066562644772454e-01
6.813362672534507513e+07,2.192528680950900088e-01
6.817363472694538534e+07,2.192990151129382836e-01
6.821364272854571044e+07,2.193450973953102734e-01
6.825365073014603555e+07,2.193911150194428894e-01
6.829365873174634576e+07,2.194370680625219450e-01
6.833366673334667087e+07,2.194829566016819056e-01
6.837367473494699597e+07,2.195287807140057501e-01
6.841368273654730618e+07,2.195745404765249154e-01
6.845369073814763129e+07,2.196202359662193238e-01
6.849369873974795640e+07,2.196658672600171058e-01
6.853370674134826660e+07,2.197114344347944892e-01
6.857371474294859171e+07,2.197569375673759928e-01
6.861372274454891682e+07,2.198023767345339274e-01
6.865373074614922702e+07,2.198477520129885621e-01
6.869373874774955213e+07,2.198930634794080408e-01
6.873374674934987724e+07,2.199383112104081328e-01
6.877375475095018744e+07,2.199834952825522050e-01
6.881376275255051255e+07,2.200286157723512215e-01
6.885377075415083766e+07,2.200736727562635497e-01
6.889377875575114787e+07,2.201186663106948216e-01
6.893378675735147297e+07,2.201635965119980165e-01
6.897379475895179808e+07,2.202084634364732396e-01
6.901380276055210829e+07,2.202532671603675551e-01
6.905381076215243340e+07,2.202980077598752084e-01
6.909381876375275850e+07,2.203426853111371264e-01
6.913382676535306871e+07,2.203872998902411395e-01
6.917383476695339382e+07,2.204318515732217876e-01
6.921384276855371892e+07,2.204763404360602086e-01
6.925385077015402913e+07,2.205207665546840279e-01
6.929385877175435424e+07,2.205651300049674135e-01
6.933386677335467935e+07,2.206094308627308265e-01
6.937387477495498955e+07,2.206536692037410485e-01
6.941388277655531466e+07,2.206978451037109878e-01
6.945389077815563977e+07,2.207419586382997068e-01
6.949389877975594997e+07,2.207860098831122830e-01
6.953390678135627508e+07,2.208299989136997266e-01
6.957391478295660019e+07,2.208739258055588961e-01
6.961392278455691040e+07,2.209177906341324160e-01
6.965393078615723550e+07,2.209615934748086485e-01
6.969393878775756061e+07,2.210053344029214717e-01
6.973394678935787082e+07,2.210490134937503626e-01
6.977395479095819592e+07,2.210926308225202586e-01
6.981396279255852103e+07,2.211361864644013908e-01
6.985397079415883124e+07,2.211796804945093120e-01
6.989397879575915635e+07,2.212231129879048130e-01
6.993398679735948145e+07,2.212664840195937843e-01
6.997399479895979166e+07,2.213097936645271047e-01
7.001400280056011677e+07,2.213530419976007524e-01
7.005401080216042697e+07,2.213962290936555000e-01
7.009401880376075208e+07,2.214393550274769695e-01
7.013402680536107719e+07,2.214824198737955496e-01
7.017403480696138740e+07,2.215254237072862287e-01
7.021404280856171250e+07,2.215683666025686505e-01
7.025405081016203761e+07,2.216112486342069476e-01
7.029405881176234782e+07,2.216540698767096862e-01
7.033406681336267292e+07,2.216968304045298099e-01
7.037407481496299803e+07,2.217395302920645295e-01
7.041408281656330824e+07,2.217821696136553222e-01
7.045409081816363335e+07,2.218247484435877936e-01
7.049409881976395845e+07,2.218672668560915662e-01
7.053410682136426866e+07,2.219097249253403625e-01
7.057411482296459377e+07,2.219521227254518114e-01
7.061412282456491888e+07,2.219944603304873365e-01
7.065413082616522908e+07,2.220367378144521842e-01
7.069413882776555419e+07,2.220789552512954235e-01
7.073414682936587930e+07,2.221211127149096132e-01
7.077415483096618950e+07,2.221632102791309959e-01
7.081416283256651461e+07,2.222052480177393041e-01
7.085417083416683972e+07,2.222472260044577042e-01
7.089417883576714993e+07,2.222891443129527689e-01
7.093418683736747503e+07,2.223310030168343665e-01
7.097419483896780014e+07,2.223728021896556328e-01
7.101420284056811035e+07,2.224145419049128325e-01
7.105421084216843545e+07,2.224562222360453867e-01
7.109421884376876056e+07,2.224978432564357622e-01
7.113422684536907077e+07,2.225394050394093881e-01
7.117423484696939588e+07,2.225809076582346280e-01
7.121424284856972098e+07,2.226223511861226967e-01
7.125425085017003119e+07,2.226637356962275771e-01
7.129425885177035630e+07,2.227050612616460756e-01
7.133426685337068141e+07,2.227463279554175446e-01
7.137427485497099161e+07,2.227875358505239656e-01
7.141428285657131672e+07,2.228286850198899216e-01
7.145429085817164183e+07,2.228697755363824584e-01
7.149429885977195203e+07,2.229108074728110012e-01
7.153430686137227714e+07,2.229517809019273544e-01
7.157431486297260225e+07,2.229926958964256467e-01
7.161432286457291245e+07,2.230335525289421916e-01
7.165433086617323756e+07,2.230743508720555712e-01
7.169433886777356267e+07,2.231150909982864139e-01
7.173434686937387288e+07,2.231557729800974221e-01
7.177435487097419798e+07,2.231963968898933448e-01
7.181436287257452309e+07,2.232369628000208384e-01
7.185437087417483330e+07,2.232774707827684391e-01
7.189437887577515841e+07,2.233179209103666185e-01
7.193438687737548351e+07,2.233583132549875061e-01
7.197439487897579372e+07,2.233986478887450278e-01
7.201440288057611883e+07,2.234389248836947117e-01
7.205441088217644393e+07,2.234791443118337995e-01
7.209441888377675414e+07,2.235193062451009960e-01
7.213442688537707925e+07,2.235594107553765808e-01
7.217443488697740436e+07,2.235994579144822414e-01
7.221444288857771456e+07,2.236394477941810455e-01
7.225445089017803967e+07,2.236793804661774965e-01
7.229445889177836478e+07,2.237192560021173116e-01
7.233446689337867498e+07,2.237590744735874493e-01
7.237447489497900009e+07,2.237988359521160819e-01
7.241448289657932520e+07,2.238385405091725400e-01
7.245449089817963541e+07,2.238781882161672010e-01
7.249449889977996051e+07,2.239177791444515175e-01
7.253450690138028562e+07,2.239573133653179060e-01
7.257451490298059583e+07,2.239967909499996912e-01
7.261452290458092093e+07,2.240362119696711618e-01
7.265453090618124604e+07,2.240755764954474039e-01
7.269453890778155625e+07,2.241148845983842730e-01
7.273454690938188136e+07,2.241541363494784500e-01
7.277455491098219156e+07,2.241933318196671909e-01
7.281456291258251667e+07,2.242324710798284937e-01
7.285457091418284178e+07,2.242715542007809593e-01
7.289457891578315198e+07,2.243105812532836807e-01
7.293458691738347709e+07,2.243495523080363263e-01
7.297459491898380220e+07,2.243884674356790010e-01
7.301460292058411241e+07,2.244273267067922462e-01
7.305461092218443751e+07,2.244661301918969287e-01
7.309461892378476262e+07,2.245048779614543244e-01
7.313462692538507283e+07,2.245435700858659234e-01
7.317463492698539793e+07,2.245822066354735413e-01
7.321464292858572304e+07,2.246207876805590975e-01
7.325465093018603325e+07,2.246593132913447255e-01
7.329465893178635836e+07,2.246977835379926902e-01
7.333466693338668346e+07,2.247361984906052768e-01
7.337467493498699367e+07,2.247745582192248459e-01
7.341468293658731878e+07,2.248128627938337509e-01
7.345469093818764389e+07,2.248511122843542542e-01
7.349469893978795409e+07,2.248893067606485552e-01
7.353470694138827920e+07,2.249274462925187346e-01
7.357471494298860431e+07,2.249655309497066991e-01
7.361472294458891451e+07,2.250035608018940703e-01
7.365473094618923962e+07,2.250415359187023512e-01
7.369473894778956473e+07,2.250794563696926487e-01
7.373474694938987494e+07,2.251173222243657845e-01
7.377475495099020004e+07,2.251551335521622677e-01
7.381476295259052515e+07,2.251928904224620998e-01
7.385477095419083536e+07,2.252305929045849142e-01
7.389477895579116046e+07,2.252682410677898928e-01
7.393478695739148557e+07,2.253058349812755989e-01
7.397479495899179578e+07,2.253433747141801724e-01
7.401480296059212089e+07,2.253808603355811069e-01
7.405481096219244599e+07,2.254182919144953057e-01
7.409481896379275620e+07,2.254556695198789151e-01
7.413482696539308131e+07,2.254929932206275744e-01
7.417483496699340641e+07,2.255302630855760826e-01
7.421484296859371662e+07,2.255674791834984538e-01
7.425485097019404173e+07,2.256046415831080287e-01
7.429485897179436684e+07,2.256417503530572244e-01
7.433486697339467704e+07,2.256788055619376177e-01
7.437487497499500215e+07,2.257158072782800007e-01
7.441488297659532726e+07,2.257527555705540756e-01
7.445489097819563746e+07,2.257896505071687321e-01
7.449489897979596257e+07,2.258264921564717975e-01
7.453490698139628768e+07,2.258632805867501481e-01
7.457491498299659789e+07,2.259000158662295421e-01
7.461492298459692299e+07,2.259366980630747312e-01
7.465493098619724810e+07,2.259733272453893216e-01
7.469493898779755831e+07,2.260099034812158014e-01
7.473494698939788342e+07,2.260464268385355135e-01
7.477495499099820852e+07,2.260828973852685442e-01
7.481496299259851873e+07,2.261193151892738062e-01
7.485497099419884384e+07,2.261556803183489561e-01
7.489497899579916894e+07,2.261919928402304214e-01
7.493498699739947915e+07,2.262282528225932066e-01
7.497499499899980426e+07,2.262644603330511150e-01
7.501500300060012937e+07,2.263006154391565272e-01
7.505501100220043957e+07,2.263367182084003726e-01
7.509501900380076468e+07,2.263727687082122964e-01
7.513502700540108979e+07,2.264087670059604374e-01
7.517503500700139999e+07,2.264447131689514559e-01
7.521504300860172510e+07,2.264806072644305612e-01
7.525505101020205021e+07,2.265164493595814843e-01
7.529505901180236042e+07,2.265522395215262830e-01
7.533506701340268552e+07,2.265879778173256198e-01
7.537507501500299573e+07,2.266236643139784290e-01
7.541508301660332084e+07,2.266592990784221384e-01
7.545509101820364594e+07,2.266948821775325307e-01
7.549509901980395615e+07,2.267304136781236046e-01
7.553510702140428126e+07,2.267658936469478803e-01
7.557511502300460637e+07,2.268013221506960664e-01
7.561512302460491657e+07,2.268366992559970874e-01
7.565513102620524168e+07,2.268720250294182783e-01
7.569513902780556679e+07,2.269072995374650792e-01
7.573514702940587699e+07,2.269425228465812294e-01
7.577515503100620210e+07,2.269776950231485735e-01
7.581516303260652721e+07,2.270128161334872274e-01
7.585517103420683742e+07,2.270478862438553846e-01
7.589517903580716252e+07,2.270829054204493991e-01
7.593518703740748763e+07,2.271178737294037575e-01
7.597519503900779784e+07,2.271527912367909963e-01
7.601520304060812294e+07,2.271876580086217845e-01
7.605521104220844805e+07,2.272224741108447577e-01
7.609521904380875826e+07,2.272572396093466840e-01
7.613522704540908337e+07,2.272919545699523536e-01
7.617523504700940847e+07,2.273266190584244673e-01
7.621524304860971868e+07,2.273612331404637477e-01
7.625525105021004379e+07,2.273957968817089947e-01
7.629525905181036890e+07,2.274303103477368082e-01
7.633526705341067910e+07,2.274647736040617818e-01
7.637527505501100421e+07,2.274991867161365033e-01
7.641528305661132932e+07,2.275335497493513326e-01
7.645529105821163952e+07,2.275678627690346234e-01
7.649529905981196463e+07,2.276021258404525294e-01
7.653530706141228974e+07,2.276363390288091704e-01
7.657531506301259995e+07,2.276705023992463550e-01
7.661532306461292505e+07,2.277046160168438582e-01
7.665533106621325016e+07,2.277386799466192269e-01
7.669533906781356037e+07,2.277726942535277799e-01
7.673534706941388547e+07,2.278066590024626636e-01
7.677535507101421058e+07,2.278405742582548243e-01
7.681536307261452079e+07,2.278744400856728691e-01
7.685537107421484590e+07,2.279082565494232604e-01
7.689537907581517100e+07,2.279420237141501770e-01
7.693538707741548121e+07,2.279757416444355145e-01
7.697539507901580632e+07,2.280094104047988568e-01
7.701540308061613142e+07,2.280430300596975324e-01
7.705541108221644163e+07,2.280766006735265583e-01
7.709541908381676674e+07,2.281101223106186127e-01
7.713542708541709185e+07,2.281435950352440623e-01
7.717543508701740205e+07,2.281770189116109349e-01
7.721544308861772716e+07,2.282103940038649192e-01
7.725545109021805227e+07,2.282437203760893374e-01
7.729545909181836247e+07,2.282769980923051167e-01
7.733546709341868758e+07,2.283102272164708457e-01
7.737547509501901269e+07,2.283434078124827460e-01
7.741548309661932290e+07,2.283765399441745891e-01
7.745549109821964800e+07,2.284096236753178077e-01
7.749549909981997311e+07,2.284426590696213843e-01
7.753550710142028332e+07,2.284756461907318514e-01
7.757551510302060843e+07,2.285085851022334302e-01
7.761552310462093353e+07,2.285414758676477809e-01
7.765553110622124374e+07,2.285743185504342245e-01
7.769553910782156885e+07,2.286071132139896045e-01
7.773554710942189395e+07,2.286398599216483141e-01
7.777555511102220416e+07,2.286725587366822410e-01
7.781556311262252927e+07,2.287052097223008784e-01
7.785557111422285438e+07,2.287378129416512418e-01
7.789557911582316458e+07,2.287703684578178132e-01
7.793558711742348969e+07,2.288028763338227078e-01
7.797559511902379990e+07,2.288353366326254523e-01
7.801560312062412500e+07,2.288677494171231508e-01
7.805561112222445011e+07,2.289001147501503741e-01
7.809561912382476032e+07,2.289324326944792154e-01
7.813562712542508543e+07,2.289647033128192621e-01
7.817563512702541053e+07,2.289969266678176241e-01
7.821564312862572074e+07,2.290291028220589054e-01
7.825565113022604585e+07,2.290612318380651213e-01
7.829565913182637095e+07,2.290933137782959206e-01
7.833566713342668116e+07,2.291253487051483073e-01
7.837567513502700627e+07,2.291573366809568357e-01
7.841568313662733138e+07,2.291892777679934989e-01
7.845569113822764158e+07,2.292211720284678400e-01
7.849569913982796669e+07,2.292530195245268410e-01
7.853570714142829180e+07,2.292848203182549505e-01
7.857571514302860200e+07,2.293165744716740839e-01
7.861572314462892711e+07,2.293482820467437344e-01
7.865573114622925222e+07,2.293799431053607230e-01
7.869573914782956243e+07,2.294115577093594482e-01
7.873574714942988753e+07,2.294431259205117757e-01
7.877575515103021264e+07,2.294746478005270096e-01
7.881576315263052285e+07,2.295061234110519488e-01
7.885577115423084795e+07,2.295375528136709142e-01
7.889577915583117306e+07,2.295689360699056658e-01
7.893578715743148327e+07,2.296002732412154024e-01
7.897579515903180838e+07,2.296315643889969282e-01
7.901580316063213348e+07,2.296628095745844034e-01
7.905581116223244369e+07,2.296940088592495377e-01
7.909581916383276880e+07,2.297251623042015634e-01
7.913582716543309391e+07,2.297562699705871236e-01
7.917583516703340411e+07,2.297873319194904118e-01
7.921584316863372922e+07,2.298183482119331156e-01
7.925585117023405433e+07,2.298493189088744448e-01
7.929585917183436453e+07,2.298802440712110207e-01
7.933586717343468964e+07,2.299111237597770696e-01
7.937587517503501475e+07,2.299419580353443127e-01
7.941588317663532495e+07,2.299727469586219653e-01
7.945589117823565006e+07,2.300034905902567928e-01
7.949589917983597517e+07,2.300341889908330273e-01
7.953590718143628538e+07,2.300648422208725064e-01
7.957591518303661048e+07,2.300954503408345619e-01
7.961592318463693559e+07,2.301260134111161038e-01
7.965593118623724580e+07,2.301565314920515082e-01
7.969593918783757091e+07,2.301870046439128126e-01
7.973594718943789601e+07,2.302174329269095210e-01
7.977595519103820622e+07,2.302478164011887429e-01
7.981596319263853133e+07,2.302781551268352211e-01
7.985597119423885643e+07,2.303084491638711651e-01
7.989597919583916664e+07,2.303386985722564173e-01
7.993598719743949175e+07,2.303689034118884260e-01
7.997599519903981686e+07,2.303990637426022448e-01
8.001600320064012706e+07,2.304291796241705326e-01
8.005601120224045217e+07,2.304592511163035262e-01
8.009601920384077728e+07,2.304892782786491234e-01
8.013602720544108748e+07,2.305192611707928552e-01
8.017603520704141259e+07,2.305491998522578856e-01
8.021604320864173770e+07,2.305790943825050121e-01
8.025605121024204791e+07,2.306089448209327208e-01
8.029605921184237301e+07,2.306387512268771589e-01
8.033606721344269812e+07,2.306685136596121066e-01
8.037607521504300833e+07,2.306982321783490886e-01
8.041608321664333344e+07,2.307279068422373181e-01
8.045609121824365854e+07,2.307575377103636971e-01
8.049609921984396875e+07,2.307871248417528443e-01
8.053610722144429386e+07,2.308166682953670945e-01
8.057611522304461896e+07,2.308461681301065271e-01
8.061612322464492917e+07,2.308756244048090212e-01
8.065613122624525428e+07,2.309050371782501443e-01
8.069613922784556448e+07,2.309344065091432641e-01
8.073614722944588959e+07,2.309637324561395477e-01
8.077615523104621470e+07,2.309930150778279345e-01
8.081616323264652491e+07,2.310222544327351635e-01
8.085617123424685001e+07,2.310514505793258011e-01
8.089617923584717512e+07,2.310806035760022414e-01
8.093618723744748533e+07,2.311097134811047338e-01
8.097619523904781044e+07,2.311387803529113827e-01
8.101620324064813554e+07,2.311678042496381202e-01
8.105621124224844575e+07,2.311967852294388448e-01
8.109621924384877086e+07,2.312257233504052545e-01
8.113622724544909596e+07,2.312546186705669859e-01
8.117623524704940617e+07,2.312834712478916421e-01
8.121624324864973128e+07,2.313122811402847367e-01
8.125625125025005639e+07,2.313410484055896943e-01
8.129625925185036659e+07,2.313697731015879333e-01
8.133626725345069170e+07,2.313984552859988664e-01
8.137627525505101681e+07,2.314270950164799001e-01
8.141628325665132701e+07,2.314556923506263797e-01
8.145629125825165212e+07,2.314842473459717831e-01
8.149629925985197723e+07,2.315127600599875546e-01
8.153630726145228744e+07,2.315412305500831602e-01
8.157631526305261254e+07,2.315696588736062544e-01
8.161632326465293765e+07,2.315980450878424302e-01
8.165633126625324786e+07,2.316263892500155241e-01
8.169633926785357296e+07,2.316546914172873672e-01
8.173634726945389807e+07,2.316829516467580063e-01
8.177635527105420828e+07,2.317111699954655935e-01
8.181636327265453339e+07,2.317393465203864689e-01
8.185637127425485849e+07,2.317674812784351612e-01
8.189637927585516870e+07,2.317955743264643320e-01
8.193638727745549381e+07,2.318236257212649976e-01
8.197639527905581892e+07,2.318516355195662793e-01
8.201640328065612912e+07,2.318796037780355979e-01
8.205641128225645423e+07,2.319075305532786735e-01
8.209641928385677934e+07,2.319354159018394701e-01
8.213642728545708954e+07,2.319632598802002510e-01
8.217643528705741465e+07,2.319910625447816899e-01
8.221644328865773976e+07,2.320188239519427043e-01
8.225645129025804996e+07,2.320465441579805943e-01
8.229645929185837507e+07,2.320742232191311261e-01
8.233646729345870018e+07,2.321018611915683372e-01
8.237647529505901039e+07,2.321294581314047589e-01
8.241648329665933549e+07,2.321570140946913885e-01
8.245649129825966060e+07,2.321845291374176057e-01
8.249649929985997081e+07,2.322120033155113117e-01
8.253650730146029592e+07,2.322394366848389013e-01
8.257651530306062102e+07,2.322668293012053187e-01
8.261652330466093123e+07,2.322941812203539458e-01
8.265653130626125634e+07,2.323214924979668250e-01
8.269653930786158144e+07,2.323487631896645755e-01
8.273654730946189165e+07,2.323759933510063380e-01
8.277655531106221676e+07,2.324031830374899410e-01
8.281656331266254187e+07,2.324303323045518177e-01
8.285657131426285207e+07,2.324574412075670893e-01
8.289657931586317718e+07,2.324845098018495926e-01
8.293658731746350229e+07,2.325115381426517691e-01
8.297659531906381249e+07,2.325385262851648871e-01
8.301660332066413760e+07,2.325654742845189027e-01
8.305661132226446271e+07,2.325923821957825988e-01
8.309661932386477292e+07,2.326192500739635294e-01
8.313662732546509802e+07,2.326460779740080198e-01
8.317663532706542313e+07,2.326728659508013053e-01
8.321664332866573334e+07,2.326996140591674478e-01
8.325665133026605844e+07,2.327263223538693915e-01
8.329665933186636865e+07,2.327529908896089628e-01
8.333666733346669376e+07,2.327796197210270090e-01
8.337667533506701887e+07,2.328062089027032600e-01
8.341668333666732907e+07,2.328327584891563828e-01
8.345669133826765418e+07,2.328592685348441771e-01
8.349669933986797929e+07,2.328857390941633243e-01
8.353670734146828949e+07,2.329121702214496659e-01
8.357671534306861460e+07,2.329385619709780364e-01
8.361672334466893971e+07,2.329649143969624581e-01
8.365673134626924992e+07,2.329912275535559463e-01
8.369673934786957502e+07,2.330175014948507872e-01
8.373674734946990013e+07,2.330437362748783714e-01
8.377675535107021034e+07,2.330699319476092768e-01
8.381676335267053545e+07,2.330960885669534077e-01
8.385677135427086055e+07,2.331222061867597450e-01
8.389677935587117076e+07,2.331482848608166791e-01
8.393678735747149587e+07,2.331743246428518157e-01
8.397679535907182097e+07,2.332003255865321423e-01
8.401680336067213118e+07,2.332262877454639727e-01
8.405681136227245629e+07,2.332522111731929748e-01
8.409681936387278140e+07,2.332780959232042539e-01
8.413682736547309160e+07,2.333039420489222970e-01
8.417683536707341671e+07,2.333297496037110563e-01
8.421684336867374182e+07,2.333555186408740323e-01
8.425685137027405202e+07,2.333812492136541072e-01
8.429685937187437713e+07,2.334069413752337951e-01
8.433686737347470224e+07,2.334325951787351583e-01
8.437687537507501245e+07,2.334582106772197796e-01
8.441688337667533755e+07,2.334837879236889291e-01
8.445689137827566266e+07,2.335093269710835084e-01
8.449689937987597287e+07,2.335348278722839954e-01
8.453690738147629797e+07,2.335602906801107215e-01
8.457691538307662308e+07,2.335857154473236219e-01
8.461692338467693329e+07,2.336111022266224024e-01
8.465693138627725840e+07,2.336364510706465947e-01
8.469693938787758350e+07,2.336617620319755007e-01
8.473694738947789371e+07,2.336870351631282761e-01
8.477695539107821882e+07,2.337122705165639025e-01
8.481696339267854393e+07,2.337374681446813263e-01
8.485697139427885413e+07,2.337626280998193473e-01
8.489697939587917924e+07,2.337877504342567581e-01
8.493698739747950435e+07,2.338128352002122878e-01
8.497699539907981455e+07,2.338378824498447417e-01
8.501700340068013966e+07,2.338628922352528894e-01
8.505701140228046477e+07,2.338878646084756319e-01
8.509701940388077497e+07,2.339127996214918903e-01
8.513702740548110008e+07,2.339376973262208004e-01
8.517703540708142519e+07,2.339625577745216012e-01
8.521704340868173540e+07,2.339873810181937186e-01
8.525705141028206050e+07,2.340121671089768207e-01
8.529705941188238561e+07,2.340369160985507901e-01
8.533706741348269582e+07,2.340616280385357795e-01
8.537707541508302093e+07,2.340863029804922946e-01
8.541708341668334603e+07,2.341109409759211391e-01
8.545709141828365624e+07,2.341355420762634976e-01
8.549709941988398135e+07,2.341601063329009635e-01
8.553710742148430645e+07,2.341846337971555392e-01
8.557711542308461666e+07,2.342091245202896632e-01
8.561712342468494177e+07,2.342335785535063497e-01
8.565713142628526688e+07,2.342579959479490215e-01
8.569713942788557708e+07,2.342823767547017599e-01
8.573714742948590219e+07,2.343067210247891941e-01
8.577715543108622730e+07,2.343310288091765003e-01
8.581716343268653750e+07,2.343553001587695972e-01
8.585717143428686261e+07,2.343795351244150893e-01
8.589717943588718772e+07,2.344037337569002122e-01
8.593718743748749793e+07,2.344278961069529432e-01
8.597719543908782303e+07,2.344520222252421682e-01
8.601720344068813324e+07,2.344761121623774314e-01
8.605721144228845835e+07,2.345001659689092133e-01
8.609721944388878345e+07,2.345241836953287917e-01
8.613722744548909366e+07,2.345481653920684362e-01
8.617723544708941877e+07,2.345721111095012690e-01
8.621724344868974388e+07,2.345960208979414319e-01
8.625725145029005408e+07,2.346198948076440860e-01
8.629725945189037919e+07,2.346437328888053842e-01
8.633726745349070430e+07,2.346675351915625818e-01
8.637727545509101450e+07,2.346913017659940093e-01
8.641728345669133961e+07,2.347150326621191552e-01
8.645729145829166472e+07,2.347387279298986940e-01
8.649729945989197493e+07,2.347623876192344583e-01
8.653730746149230003e+07,2.347860117799695778e-01
8.657731546309262514e+07,2.348096004618884236e-01
8.661732346469293535e+07,2.348331537147166082e-01
8.665733146629326046e+07,2.348566715881212075e-01
8.669733946789358556e+07,2.348801541317105945e-01
8.673734746949389577e+07,2.349036013950345225e-01
8.677735547109422088e+07,2.349270134275842914e-01
8.681736347269454598e+07,2.349503902787925813e-01
8.685737147429485619e+07,2.349737319980336192e-01
8.689737947589518130e+07,2.349970386346231788e-01
8.693738747749550641e+07,2.350203102378186082e-01
8.697739547909581661e+07,2.350435468568188579e-01
8.701740348069614172e+07,2.350667485407645918e-01
8.705741148229646683e+07,2.350899153387380758e-01
8.709741948389677703e+07,2.351130472997633170e-01
8.713742748549710214e+07,2.351361444728061190e-01
8.717743548709742725e+07,2.351592069067740542e-01
8.721744348869773746e+07,2.351822346505164918e-01
8.725745149029806256e+07,2.352052277528247359e-01
8.729745949189838767e+07,2.352281862624318876e-01
8.733746749349869788e+07,2.352511102280130662e-01
8.737747549509902298e+07,2.352739996981853265e-01
8.741748349669934809e+07,2.352968547215077422e-01
8.745749149829965830e+07,2.353196753464814051e-01
8.749749949989998341e+07,2.353424616215495091e-01
8.753750750150030851e+07,2.353652135950973223e-01
8.757751550310061872e+07,2.353879313154522979e-01
8.761752350470094383e+07,2.354106148308841018e-01
8.765753150630126894e+07,2.354332641896045575e-01
8.769753950790157914e+07,2.354558794397678123e-01
8.773754750950190425e+07,2.354784606294702265e-01
8.777755551110222936e+07,2.355010078067505952e-01
8.781756351270253956e+07,2.355235210195899820e-01
8.785757151430286467e+07,2.355460003159119686e-01
8.789757951590318978e+07,2.355684457435824608e-01
8.793758751750349998e+07,2.355908573504099379e-01
8.797759551910382509e+07,2.356132351841453421e-01
8.801760352070415020e+07,2.356355792924822445e-01
8.805761152230446041e+07,2.356578897230566794e-01
8.809761952390478551e+07,2.356801665234474485e-01
8.813762752550511062e+07,2.357024097411759278e-01
8.817763552710542083e+07,2.357246194237062609e-01
8.821764352870574594e+07,2.357467956184452762e-01
8.825765153030607104e+07,2.357689383727426535e-01
8.829765953190638125e+07,2.357910477338908128e-01
8.833766753350670636e+07,2.358131237491251087e-01
8.837767553510703146e+07,2.358351664656237467e-01
8.841768353670734167e+07,2.358571759305078397e-01
8.845769153830766678e+07,2.358791521908415179e-01
8.849769953990799189e+07,2.359010952936319572e-01
8.853770754150830209e+07,2.359230052858292681e-01
8.857771554310862720e+07,2.359448822143267455e-01
8.861772354470893741e+07,2.359667261259607574e-01
8.865773154630926251e+07,2.359885370675109117e-01
8.869773954790958762e+07,2.360103150856999177e-01
8.873774754950989783e+07,2.360320602271937795e-01
8.877775555111022294e+07,2.360537725386017693e-01
8.881776355271054804e+07,2.360754520664765099e-01
8.885777155431085825e+07,2.360970988573139195e-01
8.889777955591118336e+07,2.361187129575534061e-01
8.893778755751150846e+07,2.361402944135777004e-01
8.897779555911181867e+07,2.361618432717131344e-01
8.901780356071214378e+07,2.361833595782294459e-01
8.905781156231246889e+07,2.362048433793400015e-01
8.909781956391277909e+07,2.362262947212017128e-01
8.913782756551310420e+07,2.362477136499151753e-01
8.917783556711342931e+07,2.362691002115246131e-01
8.921784356871373951e+07,2.362904544520179895e-01
8.925785157031406462e+07,2.363117764173270074e-01
8.929785957191438973e+07,2.363330661533271926e-01
8.933786757351469994e+07,2.363543237058378377e-01
8.937787557511502504e+07,2.363755491206222248e-01
8.941788357671535015e+07,2.363967424433874032e-01
8.945789157831566036e+07,2.364179037197844668e-01
8.949789957991598547e+07,2.364390329954085268e-01
8.953790758151631057e+07,2.364601303157986834e-01
8.957791558311662078e+07,2.364811957264380815e-01
8.961792358471694589e+07,2.365022292727540498e-01
8.965793158631727099e+07,2.365232310001180449e-01
8.969793958791758120e+07,2.365442009538456514e-01
8.973794758951790631e+07,2.365651391791968594e-01
8.977795559111823142e+07,2.365860457213757595e-01
8.981796359271854162e+07,2.366069206255308199e-01
8.985797159431886673e+07,2.366277639367549701e-01
8.989797959591919184e+07,2.366485757000853785e-01
8.993798759751950204e+07,2.366693559605037300e-01
8.997799559911982715e+07,2.366901047629362265e-01
9.001800360072015226e+07,2.367108221522535305e-01
9.005801160232046247e+07,2.367315081732709048e-01
9.009801960392078757e+07,2.367521628707482118e-01
9.013802760552111268e+07,2.367727862893899693e-01
9.017803560712142289e+07,2.367933784738453784e-01
9.021804360872174799e+07,2.368139394687083510e-01
9.025805161032207310e+07,2.368344693185175653e-01
9.029805961192238331e+07,2.368549680677565772e-01
9.033806761352270842e+07,2.368754357608537364e-01
9.037807561512303352e+07,2.368958724421822981e-01
9.041808361672334373e+07,2.369162781560604503e-01
9.045809161832366884e+07,2.369366529467514249e-01
9.049809961992399395e+07,2.369569968584634145e-01
9.053810762152430415e+07,2.369773099353496559e-01
9.057811562312462926e+07,2.369975922215085407e-01
9.061812362472495437e+07,2.370178437609836153e-01
9.065813162632526457e+07,2.370380645977635536e-01
9.069813962792558968e+07,2.370582547757823511e-01
9.073814762952591479e+07,2.370784143389191856e-01
9.077815563112622499e+07,2.370985433309986123e-01
9.081816363272655010e+07,2.371186417957905357e-01
9.085817163432687521e+07,2.371387097770102648e-01
9.089817963592718542e+07,2.371587473183185135e-01
9.093818763752751052e+07,2.371787544633215394e-01
9.097819563912783563e+07,2.371987312555711158e-01
9.101820364072814584e+07,2.372186777385645318e-01
9.105821164232847095e+07,2.372385939557447587e-01
9.109821964392879605e+07,2.372584799505004227e-01
9.113822764552910626e+07,2.372783357661657766e-01
9.117823564712943137e+07,2.372981614460209221e-01
9.121824364872974157e+07,2.373179570332916710e-01
9.125825165033006668e+07,2.373377225711496841e-01
9.129825965193039179e+07,2.373574581027124986e-01
9.133826765353070199e+07,2.373771636710435839e-01
9.137827565513102710e+07,2.373968393191523418e-01
9.141828365673135221e+07,2.374164850899941615e-01
9.145829165833166242e+07,2.374361010264705307e-01
9.149829965993198752e+07,2.374556871714289530e-01
9.153830766153231263e+07,2.374752435676631412e-01
9.157831566313262284e+07,2.374947702579129072e-01
9.161832366473294795e+07,2.375142672848643555e-01
9.165833166633327305e+07,2.375337346911498004e-01
9.169833966793358326e+07,2.375531725193478771e-01
9.173834766953390837e+07,2.375725808119835414e-01
9.177835567113423347e+07,2.375919596115282084e-01
9.181836367273454368e+07,2.376113089603996698e-01
9.185837167433486879e+07,2.376306289009622041e-01
9.189837967593519390e+07,2.376499194755266053e-01
9.193838767753550410e+07,2.376691807263503209e-01
9.197839567913582921e+07,2.376884126956372578e-01
9.201840368073615432e+07,2.377076154255381435e-01
9.205841168233646452e+07,2.377267889581502480e-01
9.209841968393678963e+07,2.377459333355176896e-01
9.213842768553711474e+07,2.377650485996313512e-01
9.217843568713742495e+07,2.377841347924289084e-01
9.221844368873775005e+07,2.378031919557949680e-01
9.225845169033807516e+07,2.378222201315610129e-01
9.229845969193838537e+07,2.378412193615054848e-01
9.233846769353871047e+07,2.378601896873538957e-01
9.237847569513903558e+07,2.378791311507787165e-01
9.241848369673934579e+07,2.378980437933995995e-01
9.245849169833967090e+07,2.379169276567832947e-01
9.249849969993999600e+07,2.379357827824437055e-01
9.253850770154030621e+07,2.379546092118420553e-01
9.257851570314063132e+07,2.379734069863867485e-01
9.261852370474095643e+07,2.379921761474335651e-01
9.265853170634126663e+07,2.380109167362856049e-01
9.269853970794159174e+07,2.380296287941934541e-01
9.273854770954191685e+07,2.380483123623550190e-01
9.277855571114222705e+07,2.380669674819158310e-01
9.281856371274255216e+07,2.380855941939689080e-01
9.285857171434287727e+07,2.381041925395548653e-01
9.289857971594318748e+07,2.381227625596618880e-01
9.293858771754351258e+07,2.381413042952259529e-01
9.297859571914383769e+07,2.381598177871306898e-01
9.301860372074414790e+07,2.381783030762074371e-01
9.305861172234447300e+07,2.381967602032354914e-01
9.309861972394479811e+07,2.382151892089418577e-01
9.313862772554510832e+07,2.382335901340015272e-01
9.317863572714543343e+07,2.382519630190373938e-01
9.321864372874575853e+07,2.382703079046203931e-01
9.325865173034606874e+07,2.382886248312694466e-01
9.329865973194639385e+07,2.383069138394515729e-01
9.333866773354671896e+07,2.383251749695819155e-01
9.337867573514702916e+07,2.383434082620237981e-01
9.341868373674735427e+07,2.383616137570887528e-01
9.345869173834767938e+07,2.383797914950365748e-01
9.349869973994798958e+07,2.383979415160753512e-01
9.353870774154831469e+07,2.384160638603615989e-01
9.357871574314863980e+07,2.384341585680000986e-01
9.361872374474895000e+07,2.384522256790441719e-01
9.365873174634927511e+07,2.384702652334956263e-01
9.369873974794960022e+07,2.384882772713047550e-01
9.373874774954991043e+07,2.385062618323704475e-01
9.377875575115023553e+07,2.385242189565402737e-01
9.381876375275056064e+07,2.385421486836104277e-01
9.385877175435087085e+07,2.385600510533257557e-01
9.389877975595119596e+07,2.385779261053800060e-01
9.393878775755150616e+07,2.385957738794156069e-01
9.397879575915183127e+07,2.386135944150239163e-01
9.401880376075215638e+07,2.386313877517451942e-01
9.405881176235246658e+07,2.386491539290685748e-01
9.409881976395279169e+07,2.386668929864322608e-01
9.413882776555311680e+07,2.386846049632234679e-01
9.417883576715342700e+07,2.387022898987784525e-01
9.421884376875375211e+07,2.387199478323826507e-01
9.425885177035407722e+07,2.387375788032706503e-01
9.429885977195438743e+07,2.387551828506262741e-01
9.433886777355471253e+07,2.387727600135826078e-01
9.437887577515503764e+07,2.387903103312219999e-01
9.441888377675534785e+07,2.388078338425762281e-01
9.445889177835567296e+07,2.388253305866264442e-01
9.449889977995599806e+07,2.388428006023032291e-01
9.453890778155630827e+07,2.388602439284867041e-01
9.457891578315663338e+07,2.388776606040065031e-01
9.461892378475695848e+07,2.388950506676418561e-01
9.465893178635726869e+07,2.389124141581215888e-01
9.469893978795759380e+07,2.389297511141243169e-01
9.473894778955791891e+07,2.389470615742782522e-01
9.477895579115822911e+07,2.389643455771614522e-01
9.481896379275855422e+07,2.389816031613017644e-01
9.485897179435887933e+07,2.389988343651769653e-01
9.489897979595918953e+07,2.390160392272146217e-01
9.493898779755951464e+07,2.390332177857923679e-01
9.497899579915983975e+07,2.390503700792378228e-01
9.501900380076014996e+07,2.390674961458285896e-01
9.505901180236047506e+07,2.390845960237924783e-01
9.509901980396080017e+07,2.391016697513073108e-01
9.513902780556111038e+07,2.391187173665011989e-01
9.517903580716143548e+07,2.391357389074524886e-01
9.521904380876176059e+07,2.391527344121897325e-01
9.525905181036207080e+07,2.391697039186918561e-01
9.529905981196239591e+07,2.391866474648882135e-01
9.533906781356272101e+07,2.392035650886585041e-01
9.537907581516303122e+07,2.392204568278329113e-01
9.541908381676335633e+07,2.392373227201921582e-01
9.545909181836368144e+07,2.392541628034675072e-01
9.549909981996399164e+07,2.392709771153408160e-01
9.553910782156431675e+07,2.392877656934446762e-01
9.557911582316464186e+07,2.393045285753622742e-01
9.561912382476495206e+07,2.393212657986275860e-01
9.565913182636527717e+07,2.393379774007254601e-01
9.569913982796560228e+07,2.393546634190914235e-01
9.573914782956591249e+07,2.393713238911120422e-01
9.577915583116623759e+07,2.393879588541247272e-01
9.581916383276656270e+07,2.394045683454179285e-01
9.585917183436687291e+07,2.394211524022310522e-01
9.589917983596719801e+07,2.394377110617546822e-01
9.593918783756752312e+07,2.394542443611304139e-01
9.597919583916783333e+07,2.394707523374511038e-01
9.601920384076815844e+07,2.394872350277607587e-01
9.605921184236848354e+07,2.395036924690546465e-01
9.609921984396879375e+07,2.395201246982794074e-01
9.613922784556911886e+07,2.395365317523329984e-01
9.617923584716944396e+07,2.395529136680647486e-01
9.621924384876975417e+07,2.395692704822754981e-01
9.625925185037007928e+07,2.395856022317175149e-01
9.629925985197040439e+07,2.396019089530946611e-01
9.633926785357071459e+07,2.396181906830623654e-01
9.637927585517103970e+07,2.396344474582277062e-01
9.641928385677136481e+07,2.396506793151494397e-01
9.645929185837167501e+07,2.396668862903380548e-01
9.649929985997200012e+07,2.396830684202558015e-01
9.653930786157231033e+07,2.396992257413167737e-01
9.657931586317263544e+07,2.397153582898869650e-01
9.661932386477296054e+07,2.397314661022842130e-01
9.665933186637327075e+07,2.397475492147783382e-01
9.669933986797359586e+07,2.397636076635912550e-01
9.673934786957392097e+07,2.397796414848968327e-01
9.677935587117423117e+07,2.397956507148211180e-01
9.681936387277455628e+07,2.398116353894422792e-01
9.685937187437488139e+07,2.398275955447906616e-01
9.689937987597519159e+07,2.398435312168488986e-01
9.693938787757551670e+07,2.398594424415519399e-01
9.697939587917584181e+07,2.398753292547870231e-01
9.701940388077615201e+07,2.398911916923937571e-01
9.705941188237647712e+07,2.399070297901642612e-01
9.709941988397680223e+07,2.399228435838430817e-01
9.713942788557711244e+07,2.399386331091273028e-01
9.717943588717743754e+07,2.399543984016666021e-01
9.721944388877776265e+07,2.399701394970633062e-01
9.725945189037807286e+07,2.399858564308723352e-01
9.729945989197839797e+07,2.400015492386013694e-01
9.733946789357872307e+07,2.400172179557108765e-01
9.737947589517903328e+07,2.400328626176140845e-01
9.741948389677935839e+07,2.400484832596771478e-01
9.745949189837968349e+07,2.400640799172190920e-01
9.749949989997999370e+07,2.400796526255118413e-01
9.753950790158031881e+07,2.400952014197804407e-01
9.757951590318064392e+07,2.401107263352028898e-01
9.761952390478095412e+07,2.401262274069102809e-01
9.765953190638127923e+07,2.401417046699869384e-01
9.769953990798160434e+07,2.401571581594702520e-01
9.773954790958191454e+07,2.401725879103509542e-01
9.777955591118223965e+07,2.401879939575730094e-01
9.781956391278256476e+07,2.402033763360337248e-01
9.785957191438287497e+07,2.402187350805837507e-01
9.789957991598320007e+07,2.402340702260272187e-01
9.793958791758352518e+07,2.402493818071217146e-01
9.797959591918383539e+07,2.402646698585783336e-01
9.801960392078416049e+07,2.402799344150617356e-01
9.805961192238448560e+07,2.402951755111902010e-01
9.809961992398479581e+07,2.403103931815356864e-01
9.813962792558512092e+07,2.403255874606238240e-01
9.817963592718544602e+07,2.403407583829340333e-01
9.821964392878575623e+07,2.403559059828994926e-01
9.825965193038608134e+07,2.403710302949072786e-01
9.829965993198640645e+07,2.403861313532983657e-01
9.833966793358671665e+07,2.404012091923676264e-01
9.837967593518704176e+07,2.404162638463639423e-01
9.841968393678736687e+07,2.404312953494902871e-01
9.845969193838767707e+07,2.404463037359036437e-01
9.849969993998800218e+07,2.404612890397151426e-01
9.853970794158832729e+07,2.404762512949901454e-01
9.857971594318863750e+07,2.404911905357482171e-01
9.861972394478896260e+07,2.405061067959631538e-01
9.865973194638928771e+07,2.405210001095631211e-01
9.869973994798959792e+07,2.405358705104306549e-01
9.873974794958992302e+07,2.405507180324026884e-01
9.877975595119024813e+07,2.405655427092706078e-01
9.881976395279055834e+07,2.405803445747803360e-01
9.885977195439088345e+07,2.405951236626323320e-01
9.889977995599120855e+07,2.406098800064817023e-01
9.893978795759151876e+07,2.406246136399381452e-01
9.897979595919184387e+07,2.406393245965661176e-01
9.901980396079216897e+07,2.406540129098847791e-01
9.905981196239247918e+07,2.406686786133680755e-01
9.909981996399280429e+07,2.406833217404448222e-01
9.913982796559311450e+07,2.406979423244987593e-01
9.917983596719343960e+07,2.407125403988684686e-01
9.921984396879376471e+07,2.407271159968476237e-01
9.925985197039407492e+07,2.407416691516847951e-01
9.929985997199440002e+07,2.407561998965837557e-01
9.933986797359472513e+07,2.407707082647033425e-01
9.937987597519503534e+07,2.407851942891575669e-01
9.941988397679536045e+07,2.407996580030156708e-01
9.945989197839568555e+07,2.408140994393021539e-01
9.949989997999599576e+07,2.408285186309968295e-01
9.953990798159632087e+07,2.408429156110348524e-01
9.957991598319664598e+07,2.408572904123068292e-01
9.961992398479695618e+07,2.408716430676587916e-01
9.965993198639728129e+07,2.408859736098922788e-01
9.969993998799760640e+07,2.409002820717643656e-01
9.973994798959791660e+07,2.409145684859877179e-01
9.977995599119824171e+07,2.409288328852306760e-01
9.981996399279856682e+07,2.409430753021172544e-01
9.985997199439887702e+07,2.409572957692271700e-01
9.989997999599920213e+07,2.409714943190960079e-01
9.993998799759952724e+07,2.409856709842150835e-01
9.997999599919983745e+07,2.409998257970316637e-01
1.000200040008001626e+08,2.410139587899489122e-01
1.000600120024004877e+08,2.410280699953259442e-01
1.001000200040007979e+08,2.410421594454779659e-01
1.001400280056011230e+08,2.410562271726761352e-01
1.001800360072014481e+08,2.410702732091478395e-01
1.002200440088017583e+08,2.410842975870765570e-01
1.002600520104020834e+08,2.410983003386019952e-01
1.003000600120024085e+08,2.411122814958200911e-01
1.003400680136027187e+08,2.411262410907831222e-01
1.003800760152030438e+08,2.411401791554997065e-01
1.004200840168033689e+08,2.411540957219348302e-01
1.004600920184036791e+08,2.411679908220099311e-01
1.005001000200040042e+08,2.411818644876029816e-01
1.005401080216043293e+08,2.411957167505484056e-01
1.005801160232046396e+08,2.412095476426372453e-01
1.006201240248049647e+08,2.412233571956172440e-01
1.006601320264052898e+08,2.412371454411927352e-01
1.007001400280056000e+08,2.412509124110247816e-01
1.007401480296059251e+08,2.412646581367312304e-01
1.007801560312062502e+08,2.412783826498867967e-01
1.008201640328065604e+08,2.412920859820229802e-01
1.008601720344068855e+08,2.413057681646282593e-01
1.009001800360072106e+08,2.413194292291480081e-01
1.009401880376075208e+08,2.413330692069846628e-01
1.009801960392078459e+08,2.413466881294976663e-01
1.010202040408081710e+08,2.413602860280036067e-01
1.010602120424084812e+08,2.413738629337761621e-01
1.011002200440088063e+08,2.413874188780462393e-01
1.011402280456091315e+08,2.414009538920019737e-01
1.011802360472094417e+08,2.414144680067888127e-01
1.012202440488097668e+08,2.414279612535094599e-01
1.012602520504100919e+08,2.414414336632241254e-01
1.013002600520104021e+08,2.414548852669503309e-01
1.013402680536107272e+08,2.414683160956631325e-01
1.013802760552110523e+08,2.414817261802950366e-01
1.014202840568113625e+08,2.414951155517362225e-01
1.014602920584116876e+08,2.415084842408344035e-01
1.015003000600120127e+08,2.415218322783949656e-01
1.015403080616123229e+08,2.415351596951809954e-01
1.015803160632126480e+08,2.415484665219134186e-01
1.016203240648129731e+08,2.415617527892708061e-01
1.016603320664132833e+08,2.415750185278897066e-01
1.017003400680136085e+08,2.415882637683645084e-01
1.017403480696139336e+08,2.416014885412475499e-01
1.017803560712142438e+08,2.416146928770490920e-01
1.018203640728145689e+08,2.416278768062375681e-01
1.018603720744148791e+08,2.416410403592393619e-01
1.019003800760152042e+08,2.416541835664390847e-01
1.019403880776155293e+08,2.416673064581793817e-01
1.019803960792158395e+08,2.416804090647612646e-01
1.020204040808161646e+08,2.416934914164439174e-01
1.020604120824164897e+08,2.417065535434448909e-01
1.021004200840167999e+08,2.417195954759400744e-01
1.021404280856171250e+08,2.417326172440637244e-01
1.021804360872174501e+08,2.417456188779086024e-01
1.022204440888177603e+08,2.417586004075259198e-01
1.022604520904180855e+08,2.417715618629255325e-01
1.023004600920184106e+08,2.417845032740757183e-01
1.023404680936187208e+08,2.417974246709035380e-01
1.023804760952190459e+08,2.418103260832947243e-01
1.024204840968193710e+08,2.418232075410935988e-01
1.024604920984196812e+08,2.418360690741034602e-01
1.025005001000200063e+08,2.418489107120862791e-01
1.025405081016203314e+08,2.418617324847629479e-01
1.025805161032206416e+08,2.418745344218132531e-01
1.026205241048209667e+08,2.418873165528760139e-01
1.026605321064212918e+08,2.419000789075489710e-01
1.027005401080216020e+08,2.419128215153889538e-01
1.027405481096219271e+08,2.419255444059118798e-01
1.027805561112222522e+08,2.419382476085928102e-01
1.028205641128225625e+08,2.419509311528660611e-01
1.028605721144228876e+08,2.419635950681250924e-01
1.029005801160232127e+08,2.419762393837227021e-01
1.029405881176235229e+08,2.419888641289709985e-01
1.029805961192238480e+08,2.420014693331414835e-01
1.030206041208241731e+08,2.420140550254650524e-01
1.030606121224244833e+08,2.420266212351321333e-01
1.031006201240248084e+08,2.420391679912926031e-01
1.031406281256251335e+08,2.420516953230559543e-01
1.031806361272254437e+08,2.420642032594911841e-01
1.032206441288257688e+08,2.420766918296270720e-01
1.032606521304260939e+08,2.420891610624520129e-01
1.033006601320264041e+08,2.421016109869141841e-01
1.033406681336267292e+08,2.421140416319215172e-01
1.033806761352270544e+08,2.421264530263418369e-01
1.034206841368273646e+08,2.421388451990028057e-01
1.034606921384276897e+08,2.421512181786920348e-01
1.035007001400280148e+08,2.421635719941570841e-01
1.035407081416283250e+08,2.421759066741055455e-01
1.035807161432286501e+08,2.421882222472050983e-01
1.036207241448289752e+08,2.422005187420835093e-01
1.036607321464292854e+08,2.422127961873286883e-01
1.037007401480296105e+08,2.422250546114888270e-01
1.037407481496299356e+08,2.422372940430722876e-01
1.037807561512302458e+08,2.422495145105477143e-01
1.038207641528305709e+08,2.422617160423441718e-01
1.038607721544308960e+08,2.422738986668510341e-01
1.039007801560312063e+08,2.422860624124181239e-01
1.039407881576315314e+08,2.422982073073558229e-01
1.039807961592318565e+08,2.423103333799349057e-01
1.040208041608321667e+08,2.423224406583867896e-01
1.040608121624324918e+08,2.423345291709035065e-01
1.041008201640328169e+08,2.423465989456377589e-01
1.041408281656331271e+08,2.423586500107028641e-01
1.041808361672334522e+08,2.423706823941730315e-01
1.042208441688337773e+08,2.423826961240831412e-01
1.042608521704340875e+08,2.423946912284289656e-01
1.043008601720344126e+08,2.424066677351672250e-01
1.043408681736347377e+08,2.424186256722154487e-01
1.043808761752350479e+08,2.424305650674522250e-01
1.044208841768353730e+08,2.424424859487171457e-01
1.044608921784356833e+08,2.424543883438108893e-01
1.045009001800360084e+08,2.424662722804951931e-01
1.045409081816363335e+08,2.424781377864930476e-01
1.045809161832366437e+08,2.424899848894885579e-01
1.046209241848369688e+08,2.425018136171271099e-01
1.046609321864372939e+08,2.425136239970153984e-01
1.047009401880376041e+08,2.425254160567214268e-01
1.047409481896379292e+08,2.425371898237746182e-01
1.047809561912382543e+08,2.425489453256658434e-01
1.048209641928385645e+08,2.425606825898473651e-01
1.048609721944388896e+08,2.425724016437330599e-01
1.049009801960392147e+08,2.425841025146983354e-01
1.049409881976395249e+08,2.425957852300801576e-01
1.049809961992398500e+08,2.426074498171772176e-01
1.050210042008401752e+08,2.426190963032499037e-01
1.050610122024404854e+08,2.426307247155203017e-01
1.051010202040408105e+08,2.426423350811723334e-01
1.051410282056411356e+08,2.426539274273517566e-01
1.051810362072414458e+08,2.426655017811661930e-01
1.052210442088417709e+08,2.426770581696851559e-01
1.052610522104420960e+08,2.426885966199401889e-01
1.053010602120424062e+08,2.427001171589248385e-01
1.053410682136427313e+08,2.427116198135946812e-01
1.053810762152430564e+08,2.427231046108674628e-01
1.054210842168433666e+08,2.427345715776229595e-01
1.054610922184436917e+08,2.427460207407032555e-01
1.055011002200440168e+08,2.427574521269126318e-01
1.055411082216443270e+08,2.427688657630176772e-01
1.055811162232446522e+08,2.427802616757472609e-01
1.056211242248449773e+08,2.427916398917926710e-01
1.056611322264452875e+08,2.428030004378075868e-01
1.057011402280456126e+08,2.428143433404081897e-01
1.057411482296459377e+08,2.428256686261730801e-01
1.057811562312462479e+08,2.428369763216434996e-01
1.058211642328465730e+08,2.428482664533232749e-01
1.058611722344468981e+08,2.428595390476788185e-01
1.059011802360472083e+08,2.428707941311392671e-01
1.059411882376475334e+08,2.428820317300965093e-01
1.059811962392478585e+08,2.428932518709051858e-01
1.060212042408481687e+08,2.429044545798827170e-01
1.060612122424484938e+08,2.429156398833094144e-01
1.061012202440488189e+08,2.429268078074285631e-01
1.061412282456491292e+08,2.429379583784462837e-01
1.061812362472494543e+08,2.429490916225317820e-01
1.062212442488497794e+08,2.429602075658172378e-01
1.062612522504500896e+08,2.429713062343979713e-01
1.063012602520504147e+08,2.429823876543324157e-01
1.063412682536507398e+08,2.429934518516421449e-01
1.063812762552510500e+08,2.430044988523119842e-01
1.064212842568513751e+08,2.430155286822900107e-01
1.064612922584517002e+08,2.430265413674876085e-01
1.065013002600520104e+08,2.430375369337795244e-01
1.065413082616523355e+08,2.430485154070038400e-01
1.065813162632526606e+08,2.430594768129621663e-01
1.066213242648529708e+08,2.430704211774195045e-01
1.066613322664532959e+08,2.430813485261044127e-01
1.067013402680536211e+08,2.430922588847090893e-01
1.067413482696539313e+08,2.431031522788892341e-01
1.067813562712542564e+08,2.431140287342642703e-01
1.068213642728545815e+08,2.431248882764173169e-01
1.068613722744548917e+08,2.431357309308951886e-01
1.069013802760552168e+08,2.431465567232085623e-01
1.069413882776555419e+08,2.431573656788318938e-01
1.069813962792558521e+08,2.431681578232035290e-01
1.070214042808561772e+08,2.431789331817257593e-01
1.070614122824564874e+08,2.431896917797647939e-01
1.071014202840568125e+08,2.432004336426508706e-01
1.071414282856571376e+08,2.432111587956783116e-01
1.071814362872574478e+08,2.432218672641054402e-01
1.072214442888577729e+08,2.432325590731548581e-01
1.072614522904580981e+08,2.432432342480131959e-01
1.073014602920584083e+08,2.432538928138314183e-01
1.073414682936587334e+08,2.432645347957247128e-01
1.073814762952590585e+08,2.432751602187726014e-01
1.074214842968593687e+08,2.432857691080189122e-01
1.074614922984596938e+08,2.432963614884719461e-01
1.075015003000600189e+08,2.433069373851043937e-01
1.075415083016603291e+08,2.433174968228534463e-01
1.075815163032606542e+08,2.433280398266208233e-01
1.076215243048609793e+08,2.433385664212728006e-01
1.076615323064612895e+08,2.433490766316402931e-01
1.077015403080616146e+08,2.433595704825188832e-01
1.077415483096619397e+08,2.433700479986687926e-01
1.077815563112622499e+08,2.433805092048150764e-01
1.078215643128625751e+08,2.433909541256475406e-01
1.078615723144629002e+08,2.434013827858207690e-01
1.079015803160632104e+08,2.434117952099542903e-01
1.079415883176635355e+08,2.434221914226325223e-01
1.079815963192638606e+08,2.434325714484048553e-01
1.080216043208641708e+08,2.434429353117856798e-01
1.080616123224644959e+08,2.434532830372543866e-01
1.081016203240648210e+08,2.434636146492555331e-01
1.081416283256651312e+08,2.434739301721987603e-01
1.081816363272654563e+08,2.434842296304589038e-01
1.082216443288657814e+08,2.434945130483760212e-01
1.082616523304660916e+08,2.435047804502553925e-01
1.083016603320664167e+08,2.435150318603676034e-01
1.083416683336667418e+08,2.435252673029486559e-01
1.083816763352670521e+08,2.435354868021998853e-01
1.084216843368673772e+08,2.435456903822880714e-01
1.084616923384677023e+08,2.435558780673454105e-01
1.085017003400680125e+08,2.435660498814697372e-01
1.085417083416683376e+08,2.435762058487243586e-01
1.085817163432686627e+08,2.435863459931381647e-01
1.086217243448689729e+08,2.435964703387057673e-01
1.086617323464692980e+08,2.436065789093874168e-01
1.087017403480696231e+08,2.436166717291090855e-01
1.087417483496699333e+08,2.436267488217625510e-01
1.087817563512702584e+08,2.436368102112053957e-01
1.088217643528705835e+08,2.436468559212610352e-01
1.088617723544708937e+08,2.436568859757187733e-01
1.089017803560712188e+08,2.436669003983339410e-01
1.089417883576715440e+08,2.436768992128277578e-01
1.089817963592718542e+08,2.436868824428875258e-01
1.090218043608721793e+08,2.436968501121665465e-01
1.090618123624725044e+08,2.437068022442843429e-01
1.091018203640728146e+08,2.437167388628264930e-01
1.091418283656731397e+08,2.437266599913447962e-01
1.091818363672734648e+08,2.437365656533573288e-01
1.092218443688737750e+08,2.437464558723483610e-01
1.092618523704741001e+08,2.437563306717686062e-01
1.093018603720744252e+08,2.437661900750349997e-01
1.093418683736747354e+08,2.437760341055310032e-01
1.093818763752750605e+08,2.437858627866064387e-01
1.094218843768753856e+08,2.437956761415776830e-01
1.094618923784756958e+08,2.438054741937275838e-01
1.095019003800760210e+08,2.438152569663056268e-01
1.095419083816763461e+08,2.438250244825278523e-01
1.095819163832766563e+08,2.438347767655769660e-01
1.096219243848769814e+08,2.438445138386023947e-01
1.096619323864773065e+08,2.438542357247203141e-01
1.097019403880776167e+08,2.438639424470136485e-01
1.097419483896779418e+08,2.438736340285321547e-01
1.097819563912782520e+08,2.438833104922924488e-01
1.098219643928785771e+08,2.438929718612780906e-01
1.098619723944789022e+08,2.439026181584395270e-01
1.099019803960792124e+08,2.439122494066942315e-01
1.099419883976795375e+08,2.439218656289267040e-01
1.099819963992798626e+08,2.439314668479885262e-01
1.100220044008801728e+08,2.439410530866983895e-01
1.100620124024804980e+08,2.439506243678420949e-01
1.101020204040808231e+08,2.439601807141726919e-01
1.101420284056811333e+08,2.439697221484104783e-01
1.101820364072814584e+08,2.439792486932429727e-01
1.102220444088817835e+08,2.439887603713250530e-01
1.102620524104820937e+08,2.439982572052789567e-01
1.103020604120824188e+08,2.440077392176943083e-01
1.103420684136827439e+08,2.440172064311281752e-01
1.103820764152830541e+08,2.440266588681051507e-01
1.104220844168833792e+08,2.440360965511173263e-01
1.104620924184837043e+08,2.440455195026243196e-01
1.105021004200840145e+08,2.440549277450534127e-01
1.105421084216843396e+08,2.440643213007995249e-01
1.105821164232846648e+08,2.440737001922252680e-01
1.106221244248849750e+08,2.440830644416609185e-01
1.106621324264853001e+08,2.440924140714046675e-01
1.107021404280856252e+08,2.441017491037223430e-01
1.107421484296859354e+08,2.441110695608477710e-01
1.107821564312862605e+08,2.441203754649826363e-01
1.108221644328865856e+08,2.441296668382964830e-01
1.108621724344868958e+08,2.441389437029269083e-01
1.109021804360872209e+08,2.441482060809795074e-01
1.109421884376875460e+08,2.441574539945279287e-01
1.109821964392878562e+08,2.441666874656139297e-01
1.110222044408881813e+08,2.441759065162473763e-01
1.110622124424885064e+08,2.441851111684063547e-01
1.111022204440888166e+08,2.441943014440371151e-01
1.111422284456891418e+08,2.442034773650542390e-01
1.111822364472894669e+08,2.442126389533405273e-01
1.112222444488897771e+08,2.442217862307472231e-01
1.112622524504901022e+08,2.442309192190938449e-01
1.113022604520904273e+08,2.442400379401684085e-01
1.113422684536907375e+08,2.442491424157273161e-01
1.113822764552910626e+08,2.442582326674955784e-01
1.114222844568913877e+08,2.442673087171666479e-01
1.114622924584916979e+08,2.442763705864026413e-01
1.115023004600920230e+08,2.442854182968342280e-01
1.115423084616923481e+08,2.442944518700607692e-01
1.115823164632926583e+08,2.443034713276503178e-01
1.116223244648929834e+08,2.443124766911397294e-01
1.116623324664933085e+08,2.443214679820345792e-01
1.117023404680936188e+08,2.443304452218092448e-01
1.117423484696939439e+08,2.443394084319070458e-01
1.117823564712942690e+08,2.443483576337401597e-01
1.118223644728945792e+08,2.443572928486897056e-01
1.118623724744949043e+08,2.443662140981057718e-01
1.119023804760952294e+08,2.443751214033075270e-01
1.119423884776955396e+08,2.443840147855831091e-01
1.119823964792958647e+08,2.443928942661898751e-01
1.120224044808961898e+08,2.444017598663542623e-01
1.120624124824965000e+08,2.444106116072718160e-01
1.121024204840968251e+08,2.444194495101074671e-01
1.121424284856971502e+08,2.444282735959952824e-01
1.121824364872974604e+08,2.444370838860386308e-01
1.122224444888977855e+08,2.444458804013103226e-01
1.122624524904981107e+08,2.444546631628524425e-01
1.123024604920984209e+08,2.444634321916765440e-01
1.123424684936987460e+08,2.444721875087636220e-01
1.123824764952990562e+08,2.444809291350641955e-01
1.124224844968993813e+08,2.444896570914983081e-01
1.124624924984997064e+08,2.444983713989555274e-01
1.125025005001000166e+08,2.445070720782951401e-01
1.125425085017003417e+08,2.445157591503460126e-01
1.125825165033006668e+08,2.445244326359067299e-01
1.126225245049009770e+08,2.445330925557455959e-01
1.126625325065013021e+08,2.445417389306007439e-01
1.127025405081016272e+08,2.445503717811800259e-01
1.127425485097019374e+08,2.445589911281612072e-01
1.127825565113022625e+08,2.445675969921919934e-01
1.128225645129025877e+08,2.445761893938898923e-01
1.128625725145028979e+08,2.445847683538424633e-01
1.129025805161032230e+08,2.445933338926072897e-01
1.129425885177035481e+08,2.446018860307119513e-01
1.129825965193038583e+08,2.446104247886541072e-01
1.130226045209041834e+08,2.446189501869016070e-01
1.130626125225045085e+08,2.446274622458924075e-01
1.131026205241048187e+08,2.446359609860347117e-01
1.131426285257051438e+08,2.446444464277068853e-01
1.131826365273054689e+08,2.446529185912576509e-01
1.132226445289057791e+08,2.446613774970060329e-01
1.132626525305061042e+08,2.446698231652414124e-01
1.133026605321064293e+08,2.446782556162235001e-01
1.133426685337067395e+08,2.446866748701825578e-01
1.133826765353070647e+08,2.446950809473192601e-01
1.134226845369073898e+08,2.447034738678047494e-01
1.134626925385077000e+08,2.447118536517808030e-01
1.135027005401080251e+08,2.447202203193597214e-01
1.135427085417083502e+08,2.447285738906244679e-01
1.135827165433086604e+08,2.447369143856286400e-01
1.136227245449089855e+08,2.447452418243965810e-01
1.136627325465093106e+08,2.447535562269233522e-01
1.137027405481096208e+08,2.447618576131747881e-01
1.137427485497099459e+08,2.447701460030875242e-01
1.137827565513102710e+08,2.447784214165691363e-01
1.138227645529105812e+08,2.447866838734979733e-01
1.138627725545109063e+08,2.447949333937234351e-01
1.139027805561112314e+08,2.448031699970657782e-01
1.139427885577115417e+08,2.448113937033163934e-01
1.139827965593118668e+08,2.448196045322376113e-01
1.140228045609121919e+08,2.448278025035628691e-01
1.140628125625125021e+08,2.448359876369967936e-01
1.141028205641128272e+08,2.448441599522150902e-01
1.141428285657131523e+08,2.448523194688647375e-01
1.141828365673134625e+08,2.448604662065638482e-01
1.142228445689137876e+08,2.448686001849019189e-01
1.142628525705141127e+08,2.448767214234397194e-01
1.143028605721144229e+08,2.448848299417093199e-01
1.143428685737147480e+08,2.448929257592142583e-01
1.143828765753150731e+08,2.449010088954294284e-01
1.144228845769153833e+08,2.449090793698012469e-01
1.144628925785157084e+08,2.449171372017475978e-01
1.145029005801160336e+08,2.449251824106579156e-01
1.145429085817163438e+08,2.449332150158931576e-01
1.145829165833166689e+08,2.449412350367859703e-01
1.146229245849169940e+08,2.449492424926406342e-01
1.146629325865173042e+08,2.449572374027330912e-01
1.147029405881176293e+08,2.449652197863110004e-01
1.147429485897179544e+08,2.449731896625938488e-01
1.147829565913182646e+08,2.449811470507728406e-01
1.148229645929185897e+08,2.449890919700110636e-01
1.148629725945189148e+08,2.449970244394434615e-01
1.149029805961192250e+08,2.450049444781769448e-01
1.149429885977195501e+08,2.450128521052902797e-01
1.149829965993198603e+08,2.450207473398342828e-01
1.150230046009201854e+08,2.450286302008317929e-01
1.150630126025205106e+08,2.450365007072776713e-01
1.151030206041208208e+08,2.450443588781389126e-01
1.151430286057211459e+08,2.450522047323546171e-01
1.151830366073214710e+08,2.450600382888361017e-01
1.152230446089217812e+08,2.450678595664668447e-01
1.152630526105221063e+08,2.450756685841025961e-01
1.153030606121224314e+08,2.450834653605713787e-01
1.153430686137227416e+08,2.450912499146734869e-01
1.153830766153230667e+08,2.450990222651816819e-01
1.154230846169233918e+08,2.451067824308410248e-01
1.154630926185237020e+08,2.451145304303690153e-01
1.155031006201240271e+08,2.451222662824556753e-01
1.155431086217243522e+08,2.451299900057634373e-01
1.155831166233246624e+08,2.451377016189273672e-01
1.156231246249249876e+08,2.451454011405550526e-01
1.156631326265253127e+08,2.451530885892267142e-01
1.157031406281256229e+08,2.451607639834951780e-01
1.157431486297259480e+08,2.451684273418860138e-01
1.157831566313262731e+08,2.451760786828975081e-01
1.158231646329265833e+08,2.451837180250006354e-01
1.158631726345269084e+08,2.451913453866392256e-01
1.159031806361272335e+08,2.451989607862299358e-01
1.159431886377275437e+08,2.452065642421622782e-01
1.159831966393278688e+08,2.452141557727986754e-01
1.160232046409281939e+08,2.452217353964744606e-01
1.160632126425285041e+08,2.452293031314979610e-01
1.161032206441288292e+08,2.452368589961505529e-01
1.161432286457291543e+08,2.452444030086865789e-01
1.161832366473294646e+08,2.452519351873335418e-01
1.162232446489297897e+08,2.452594555502920493e-01
1.162632526505301148e+08,2.452669641157357860e-01
1.163032606521304250e+08,2.452744609018117361e-01
1.163432686537307501e+08,2.452819459266400437e-01
1.163832766553310752e+08,2.452894192083141522e-01
1.164232846569313854e+08,2.452968807649007488e-01
1.164632926585317105e+08,2.453043306144399305e-01
1.165033006601320356e+08,2.453117687749451215e-01
1.165433086617323458e+08,2.453191952644031559e-01
1.165833166633326709e+08,2.453266101007743338e-01
1.166233246649329960e+08,2.453340133019923652e-01
1.166633326665333062e+08,2.453414048859645369e-01
1.167033406681336313e+08,2.453487848705716567e-01
1.167433486697339565e+08,2.453561532736681650e-01
1.167833566713342667e+08,2.453635101130820506e-01
1.168233646729345918e+08,2.453708554066149905e-01
1.168633726745349169e+08,2.453781891720423769e-01
1.169033806761352271e+08,2.453855114271132620e-01
1.169433886777355522e+08,2.453928221895505246e-01
1.169833966793358773e+08,2.454001214770508144e-01
1.170234046809361875e+08,2.454074093072846074e-01
1.170634126825365126e+08,2.454146856978962621e-01
1.171034206841368377e+08,2.454219506665040185e-01
1.171434286857371479e+08,2.454292042307000821e-01
1.171834366873374730e+08,2.454364464080505959e-01
1.172234446889377981e+08,2.454436772160957514e-01
1.172634526905381083e+08,2.454508966723497332e-01
1.173034606921384335e+08,2.454581047943008576e-01
1.173434686937387586e+08,2.454653015994115450e-01
1.173834766953390688e+08,2.454724871051182922e-01
1.174234846969393939e+08,2.454796613288318663e-01
1.174634926985397190e+08,2.454868242879372220e-01
1.175035007001400292e+08,2.454939759997935844e-01
1.175435087017403543e+08,2.455011164817343938e-01
1.175835167033406794e+08,2.455082457510674998e-01
1.176235247049409896e+08,2.455153638250750503e-01
1.176635327065413147e+08,2.455224707210136303e-01
1.177035407081416249e+08,2.455295664561142344e-01
1.177435487097419500e+08,2.455366510475822939e-01
1.177835567113422751e+08,2.455437245125977608e-01
1.178235647129425853e+08,2.455507868683150796e-01
1.178635727145429105e+08,2.455578381318633541e-01
1.179035807161432356e+08,2.455648783203461805e-01
1.179435887177435458e+08,2.455719074508418143e-01
1.179835967193438709e+08,2.455789255404032534e-01
1.180236047209441960e+08,2.455859326060580994e-01
1.180636127225445062e+08,2.455929286648087240e-01
1.181036207241448313e+08,2.455999137336323246e-01
1.181436287257451564e+08,2.456068878294808133e-01
1.181836367273454666e+08,2.456138509692809835e-01
1.182236447289457917e+08,2.456208031699345373e-01
1.182636527305461168e+08,2.456277444483180028e-01
1.183036607321464270e+08,2.456346748212829556e-01
1.183436687337467521e+08,2.456415943056558526e-01
1.183836767353470773e+08,2.456485029182382263e-01
1.184236847369473875e+08,2.456554006758065734e-01
1.184636927385477126e+08,2.456622875951125773e-01
1.185037007401480377e+08,2.456691636928829414e-01
1.185437087417483479e+08,2.456760289858195834e-01
1.185837167433486730e+08,2.456828834905995240e-01
1.186237247449489981e+08,2.456897272238750818e-01
1.186637327465493083e+08,2.456965602022737616e-01
1.187037407481496334e+08,2.457033824423983659e-01
1.187437487497499585e+08,2.457101939608270225e-01
1.187837567513502687e+08,2.457169947741132121e-01
1.188237647529505938e+08,2.457237848987857687e-01
1.188637727545509189e+08,2.457305643513489901e-01
1.189037807561512291e+08,2.457373331482825551e-01
1.189437887577515543e+08,2.457440913060416898e-01
1.189837967593518794e+08,2.457508388410571121e-01
1.190238047609521896e+08,2.457575757697350871e-01
1.190638127625525147e+08,2.457643021084574553e-01
1.191038207641528398e+08,2.457710178735817153e-01
1.191438287657531500e+08,2.457777230814409408e-01
1.191838367673534751e+08,2.457844177483439752e-01
1.192238447689538002e+08,2.457911018905753198e-01
1.192638527705541104e+08,2.457977755243952178e-01
1.193038607721544355e+08,2.458044386660397651e-01
1.193438687737547606e+08,2.458110913317207991e-01
1.193838767753550708e+08,2.458177335376260653e-01
1.194238847769553959e+08,2.458243652999191342e-01
1.194638927785557210e+08,2.458309866347395400e-01
1.195039007801560313e+08,2.458375975582027528e-01
1.195439087817563564e+08,2.458441980864002063e-01
1.195839167833566815e+08,2.458507882353993812e-01
1.196239247849569917e+08,2.458573680212437773e-01
1.196639327865573168e+08,2.458639374599529692e-01
1.197039407881576419e+08,2.458704965675226894e-01
1.197439487897579521e+08,2.458770453599247729e-01
1.197839567913582772e+08,2.458835838531072682e-01
1.198239647929586023e+08,2.458901120629943815e-01
1.198639727945589125e+08,2.458966300054866161e-01
1.199039807961592376e+08,2.459031376964607718e-01
1.199439887977595627e+08,2.459096351517698620e-01
1.199839967993598729e+08,2.459161223872433355e-01
1.200240048009601980e+08,2.459225994186869935e-01
1.200640128025605232e+08,2.459290662618830170e-01
1.201040208041608334e+08,2.459355229325900505e-01
1.201440288057611585e+08,2.459419694465432293e-01
1.201840368073614836e+08,2.459484058194541245e-01
1.202240448089617938e+08,2.459548320670109089e-01
1.202640528105621189e+08,2.459612482048783300e-01
1.203040608121624291e+08,2.459676542486976814e-01
1.203440688137627542e+08,2.459740502140869423e-01
1.203840768153630793e+08,2.459804361166407216e-01
1.204240848169633895e+08,2.459868119719303692e-01
1.204640928185637146e+08,2.459931777955039478e-01
1.205041008201640397e+08,2.459995336028862611e-01
1.205441088217643499e+08,2.460058794095789092e-01
1.205841168233646750e+08,2.460122152310603716e-01
1.206241248249650002e+08,2.460185410827859243e-01
1.206641328265653104e+08,2.460248569801877505e-01
1.207041408281656355e+08,2.460311629386750243e-01
1.207441488297659606e+08,2.460374589736337436e-01
1.207841568313662708e+08,2.460437451004270359e-01
1.208241648329665959e+08,2.460500213343949361e-01
1.208641728345669210e+08,2.460562876908545804e-01
1.209041808361672312e+08,2.460625441851002071e-01
1.209441888377675563e+08,2.460687908324031004e-01
1.209841968393678814e+08,2.460750276480117849e-01
1.210242048409681916e+08,2.460812546471518591e-01
1.210642128425685167e+08,2.460874718450261900e-01
1.211042208441688418e+08,2.460936792568149400e-01
1.211442288457691520e+08,2.460998768976754014e-01
1.211842368473694772e+08,2.461060647827423009e-01
1.212242448489698023e+08,2.461122429271276335e-01
1.212642528505701125e+08,2.461184113459207734e-01
1.213042608521704376e+08,2.461245700541885018e-01
1.213442688537707627e+08,2.461307190669750622e-01
1.213842768553710729e+08,2.461368583993020775e-01
1.214242848569713980e+08,2.461429880661687442e-01
1.214642928585717231e+08,2.461491080825516931e-01
1.215043008601720333e+08,2.461552184634052398e-01
1.215443088617723584e+08,2.461613192236611625e-01
1.215843168633726835e+08,2.461674103782289236e-01
1.216243248649729937e+08,2.461734919419956147e-01
1.216643328665733188e+08,2.461795639298260119e-01
1.217043408681736439e+08,2.461856263565625758e-01
1.217443488697739542e+08,2.461916792370255624e-01
1.217843568713742793e+08,2.461977225860129403e-01
1.218243648729746044e+08,2.462037564183005567e-01
1.218643728745749146e+08,2.462097807486419987e-01
1.219043808761752397e+08,2.462157955917687879e-01
1.219443888777755648e+08,2.462218009623903248e-01
1.219843968793758750e+08,2.462277968751939439e-01
1.220244048809762001e+08,2.462337833448449420e-01
1.220644128825765252e+08,2.462397603859865503e-01
1.221044208841768354e+08,2.462457280132400728e-01
1.221444288857771605e+08,2.462516862412048591e-01
1.221844368873774856e+08,2.462576350844583595e-01
1.222244448889777958e+08,2.462635745575560697e-01
1.222644528905781209e+08,2.462695046750316974e-01
1.223044608921784461e+08,2.462754254513970509e-01
1.223444688937787563e+08,2.462813369011422338e-01
1.223844768953790814e+08,2.462872390387354782e-01
1.224244848969794065e+08,2.462931318786233947e-01
1.224644928985797167e+08,2.462990154352307781e-01
1.225045009001800418e+08,2.463048897229608014e-01
1.225445089017803669e+08,2.463107547561950439e-01
1.225845169033806771e+08,2.463166105492933244e-01
1.226245249049810022e+08,2.463224571165940624e-01
1.226645329065813273e+08,2.463282944724139445e-01
1.227045409081816375e+08,2.463341226310482857e-01
1.227445489097819626e+08,2.463399416067708070e-01
1.227845569113822877e+08,2.463457514138337745e-01
1.228245649129825979e+08,2.463515520664681102e-01
1.228645729145829231e+08,2.463573435788831978e-01
1.229045809161832333e+08,2.463631259652671601e-01
1.229445889177835584e+08,2.463688992397867206e-01
1.229845969193838835e+08,2.463746634165872862e-01
1.230246049209841937e+08,2.463804185097930033e-01
1.230646129225845188e+08,2.463861645335067574e-01
1.231046209241848439e+08,2.463919015018102010e-01
1.231446289257851541e+08,2.463976294287638091e-01
1.231846369273854792e+08,2.464033483284069070e-01
1.232246449289858043e+08,2.464090582147576147e-01
1.232646529305861145e+08,2.464147591018130135e-01
1.233046609321864396e+08,2.464204510035490903e-01
1.233446689337867647e+08,2.464261339339207657e-01
1.233846769353870749e+08,2.464318079068620049e-01
1.234246849369874001e+08,2.464374729362857064e-01
1.234646929385877252e+08,2.464431290360838689e-01
1.235047009401880354e+08,2.464487762201275356e-01
1.235447089417883605e+08,2.464544145022668498e-01
1.235847169433886856e+08,2.464600438963311380e-01
1.236247249449889958e+08,2.464656644161288268e-01
1.236647329465893209e+08,2.464712760754475263e-01
1.237047409481896460e+08,2.464768788880541128e-01
1.237447489497899562e+08,2.464824728676947019e-01
1.237847569513902813e+08,2.464880580280946476e-01
1.238247649529906064e+08,2.464936343829586818e-01
1.238647729545909166e+08,2.464992019459707751e-01
1.239047809561912417e+08,2.465047607307943589e-01
1.239447889577915668e+08,2.465103107510721869e-01
1.239847969593918771e+08,2.465158520204265014e-01
1.240248049609922022e+08,2.465213845524589498e-01
1.240648129625925273e+08,2.465269083607506684e-01
1.241048209641928375e+08,2.465324234588623098e-01
1.241448289657931626e+08,2.465379298603340708e-01
1.241848369673934877e+08,2.465434275786857199e-01
1.242248449689937979e+08,2.465489166274165977e-01
1.242648529705941230e+08,2.465543970200057000e-01
1.243048609721944481e+08,2.465598687699116776e-01
1.243448689737947583e+08,2.465653318905728364e-01
1.243848769753950834e+08,2.465707863954071932e-01
1.244248849769954085e+08,2.465762322978125864e-01
1.244648929785957187e+08,2.465816696111664819e-01
1.245049009801960438e+08,2.465870983488263057e-01
1.245449089817963690e+08,2.465925185241291673e-01
1.245849169833966792e+08,2.465979301503921084e-01
1.246249249849970043e+08,2.466033332409120482e-01
1.246649329865973294e+08,2.466087278089658386e-01
1.247049409881976396e+08,2.466141138678101807e-01
1.247449489897979647e+08,2.466194914306818475e-01
1.247849569913982898e+08,2.466248605107975445e-01
1.248249649929986000e+08,2.466302211213540763e-01
1.248649729945989251e+08,2.466355732755282082e-01
1.249049809961992502e+08,2.466409169864768602e-01
1.249449889977995604e+08,2.466462522673370517e-01
1.249849969993998855e+08,2.466515791312258732e-01
1.250250050010002106e+08,2.466568975912406814e-01
1.250650130026005208e+08,2.466622076604589875e-01
1.251050210042008460e+08,2.466675093519384854e-01
1.251450290058011711e+08,2.466728026787171901e-01
1.251850370074014813e+08,2.466780876538133271e-01
1.252250450090018064e+08,2.466833642902255264e-01
1.252650530106021315e+08,2.466886326009326280e-01
1.253050610122024417e+08,2.466938925988939602e-01
1.253450690138027668e+08,2.466991442970491444e-01
1.253850770154030919e+08,2.467043877083182901e-01
1.254250850170034021e+08,2.467096228456018836e-01
1.254650930186037272e+08,2.467148497217809822e-01
1.255051010202040523e+08,2.467200683497170199e-01
1.255451090218043625e+08,2.467252787422521132e-01
1.255851170234046876e+08,2.467304809122088105e-01
1.256251250250049978e+08,2.467356748723902871e-01
1.256651330266053230e+08,2.467408606355803724e-01
1.257051410282056481e+08,2.467460382145434672e-01
1.257451490298059583e+08,2.467512076220246819e-01
1.257851570314062834e+08,2.467563688707498371e-01
1.258251650330066085e+08,2.467615219734254350e-01
1.258651730346069187e+08,2.467666669427387716e-01
1.259051810362072438e+08,2.467718037913578799e-01
1.259451890378075689e+08,2.467769325319316420e-01
1.259851970394078791e+08,2.467820531770897330e-01
1.260252050410082042e+08,2.467871657394427320e-01
1.260652130426085293e+08,2.467922702315820394e-01
1.261052210442088395e+08,2.467973666660800425e-01
1.261452290458091646e+08,2.468024550554900332e-01
1.261852370474094898e+08,2.468075354123463183e-01
1.262252450490098000e+08,2.468126077491641090e-01
1.262652530506101251e+08,2.468176720784397427e-01
1.263052610522104502e+08,2.468227284126505439e-01
1.263452690538107604e+08,2.468277767642549081e-01
1.263852770554110855e+08,2.468328171456924125e-01
1.264252850570114106e+08,2.468378495693836772e-01
1.264652930586117208e+08,2.468428740477305594e-01
1.265053010602120459e+08,2.468478905931160150e-01
1.265453090618123710e+08,2.468528992179043202e-01
1.265853170634126812e+08,2.468578999344408775e-01
1.266253250650130063e+08,2.468628927550524377e-01
1.266653330666133314e+08,2.468678776920470164e-01
1.267053410682136416e+08,2.468728547577139498e-01
1.267453490698139668e+08,2.468778239643239503e-01
1.267853570714142919e+08,2.468827853241290504e-01
1.268253650730146021e+08,2.468877388493627145e-01
1.268653730746149272e+08,2.468926845522398106e-01
1.269053810762152523e+08,2.468976224449567214e-01
1.269453890778155625e+08,2.469025525396912613e-01
1.269853970794158876e+08,2.469074748486027593e-01
1.270254050810162127e+08,2.469123893838320316e-01
1.270654130826165229e+08,2.469172961575015757e-01
1.271054210842168480e+08,2.469221951817153204e-01
1.271454290858171731e+08,2.469270864685589595e-01
1.271854370874174833e+08,2.469319700300997289e-01
1.272254450890178084e+08,2.469368458783865183e-01
1.272654530906181335e+08,2.469417140254500098e-01
1.273054610922184438e+08,2.469465744833024834e-01
1.273454690938187689e+08,2.469514272639380392e-01
1.273854770954190940e+08,2.469562723793325421e-01
1.274254850970194042e+08,2.469611098414436490e-01
1.274654930986197293e+08,2.469659396622107816e-01
1.275055011002200544e+08,2.469707618535552929e-01
1.275455091018203646e+08,2.469755764273803555e-01
1.275855171034206897e+08,2.469803833955711014e-01
1.276255251050210148e+08,2.469851827699945379e-01
1.276655331066213250e+08,2.469899745624996312e-01
1.277055411082216501e+08,2.469947587849173343e-01
1.277455491098219752e+08,2.469995354490605866e-01
1.277855571114222854e+08,2.470043045667244530e-01
1.278255651130226105e+08,2.470090661496859019e-01
1.278655731146229357e+08,2.470138202097040825e-01
1.279055811162232459e+08,2.470185667585202416e-01
1.279455891178235710e+08,2.470233058078577792e-01
1.279855971194238961e+08,2.470280373694221654e-01
1.280256051210242063e+08,2.470327614549011619e-01
1.280656131226245314e+08,2.470374780759647115e-01
1.281056211242248565e+08,2.470421872442649103e-01
1.281456291258251667e+08,2.470468889714362570e-01
1.281856371274254918e+08,2.470515832690954316e-01
1.282256451290258020e+08,2.470562701488414614e-01
1.282656531306261271e+08,2.470609496222557211e-01
1.283056611322264522e+08,2.470656217009019329e-01
1.283456691338267624e+08,2.470702863963262219e-01
1.283856771354270875e+08,2.470749437200571441e-01
1.284256851370274127e+08,2.470795936836056583e-01
1.284656931386277229e+08,2.470842362984652096e-01
1.285057011402280480e+08,2.470888715761117571e-01
1.285457091418283731e+08,2.470934995280036905e-01
1.285857171434286833e+08,2.470981201655820525e-01
1.286257251450290084e+08,2.471027335002703995e-01
1.286657331466293335e+08,2.471073395434748854e-01
1.287057411482296437e+08,2.471119383065842334e-01
1.287457491498299688e+08,2.471165298009699307e-01
1.287857571514302939e+08,2.471211140379859783e-01
1.288257651530306041e+08,2.471256910289691966e-01
1.288657731546309292e+08,2.471302607852390587e-01
1.289057811562312543e+08,2.471348233180978293e-01
1.289457891578315645e+08,2.471393786388304536e-01
1.289857971594318897e+08,2.471439267587047517e-01
1.290258051610322148e+08,2.471484676889713072e-01
1.290658131626325250e+08,2.471530014408636067e-01
1.291058211642328501e+08,2.471575280255979556e-01
1.291458291658331752e+08,2.471620474543735346e-01
1.291858371674334854e+08,2.471665597383725377e-01
1.292258451690338105e+08,2.471710648887599504e-01
1.292658531706341356e+08,2.471755629166838553e-01
1.293058611722344458e+08,2.471800538332752650e-01
1.293458691738347709e+08,2.471845376496482338e-01
1.293858771754350960e+08,2.471890143768998016e-01
1.294258851770354062e+08,2.471934840261101607e-01
1.294658931786357313e+08,2.471979466083425170e-01
1.295059011802360564e+08,2.472024021346432010e-01
1.295459091818363667e+08,2.472068506160417234e-01
1.295859171834366918e+08,2.472112920635507194e-01
1.296259251850370169e+08,2.472157264881660044e-01
1.296659331866373271e+08,2.472201539008666571e-01
1.297059411882376522e+08,2.472245743126149642e-01
1.297459491898379773e+08,2.472289877343564202e-01
1.297859571914382875e+08,2.472333941770198662e-01
1.298259651930386126e+08,2.472377936515174623e-01
1.298659731946389377e+08,2.472421861687446598e-01
1.299059811962392479e+08,2.472465717395802565e-01
1.299459891978395730e+08,2.472509503748864801e-01
1.299859971994398981e+08,2.472553220855089329e-01
1.300260052010402083e+08,2.472596868822766747e-01
1.300660132026405334e+08,2.472640447760021398e-01
1.301060212042408586e+08,2.472683957774813590e-01
1.301460292058411688e+08,2.472727398974937651e-01
1.301860372074414939e+08,2.472770771468023876e-01
1.302260452090418190e+08,2.472814075361537411e-01
1.302660532106421292e+08,2.472857310762779370e-01
1.303060612122424543e+08,2.472900477778887385e-01
1.303460692138427794e+08,2.472943576516834219e-01
1.303860772154430896e+08,2.472986607083430266e-01
1.304260852170434147e+08,2.473029569585321608e-01
1.304660932186437398e+08,2.473072464128991677e-01
1.305061012202440500e+08,2.473115290820761536e-01
1.305461092218443751e+08,2.473158049766788491e-01
1.305861172234447002e+08,2.473200741073068865e-01
1.306261252250450104e+08,2.473243364845435777e-01
1.306661332266453356e+08,2.473285921189560810e-01
1.307061412282456607e+08,2.473328410210954009e-01
1.307461492298459709e+08,2.473370832014963883e-01
1.307861572314462960e+08,2.473413186706777955e-01
1.308261652330466211e+08,2.473455474391422215e-01
1.308661732346469313e+08,2.473497695173762778e-01
1.309061812362472564e+08,2.473539849158504500e-01
1.309461892378475666e+08,2.473581936450192642e-01
1.309861972394478917e+08,2.473623957153211761e-01
1.310262052410482168e+08,2.473665911371787651e-01
1.310662132426485270e+08,2.473707799209985403e-01
1.311062212442488521e+08,2.473749620771711344e-01
1.311462292458491772e+08,2.473791376160712763e-01
1.311862372474494874e+08,2.473833065480578186e-01
1.312262452490498126e+08,2.473874688834737379e-01
1.312662532506501377e+08,2.473916246326461343e-01
1.313062612522504479e+08,2.473957738058863709e-01
1.313462692538507730e+08,2.473999164134899342e-01
1.313862772554510981e+08,2.474040524657366291e-01
1.314262852570514083e+08,2.474081819728904674e-01
1.314662932586517334e+08,2.474123049451996958e-01
1.315063012602520585e+08,2.474164213928969347e-01
1.315463092618523687e+08,2.474205313261990946e-01
1.315863172634526938e+08,2.474246347553074044e-01
1.316263252650530189e+08,2.474287316904075495e-01
1.316663332666533291e+08,2.474328221416695062e-01
1.317063412682536542e+08,2.474369061192477071e-01
1.317463492698539793e+08,2.474409836332810420e-01
1.317863572714542896e+08,2.474450546938928297e-01
1.318263652730546147e+08,2.474491193111908738e-01
1.318663732746549398e+08,2.474531774952674901e-01
1.319063812762552500e+08,2.474572292561995346e-01
1.319463892778555751e+08,2.474612746040484035e-01
1.319863972794559002e+08,2.474653135488600608e-01
1.320264052810562104e+08,2.474693461006650663e-01
1.320664132826565355e+08,2.474733722694786309e-01
1.321064212842568606e+08,2.474773920653005055e-01
1.321464292858571708e+08,2.474814054981152589e-01
1.321864372874574959e+08,2.474854125778920277e-01
1.322264452890578210e+08,2.474894133145846553e-01
1.322664532906581312e+08,2.474934077181318304e-01
1.323064612922584563e+08,2.474973957984568651e-01
1.323464692938587815e+08,2.475013775654678894e-01
1.323864772954590917e+08,2.475053530290578785e-01
1.324264852970594168e+08,2.475093221991045700e-01
1.324664932986597419e+08,2.475132850854705746e-01
1.325065013002600521e+08,2.475172416980033485e-01
1.325465093018603772e+08,2.475211920465352211e-01
1.325865173034607023e+08,2.475251361408834783e-01
1.326265253050610125e+08,2.475290739908503068e-01
1.326665333066613376e+08,2.475330056062228501e-01
1.327065413082616627e+08,2.475369309967732356e-01
1.327465493098619729e+08,2.475408501722585752e-01
1.327865573114622980e+08,2.475447631424209649e-01
1.328265653130626231e+08,2.475486699169876514e-01
1.328665733146629333e+08,2.475525705056708103e-01
1.329065813162632585e+08,2.475564649181678234e-01
1.329465893178635836e+08,2.475603531641610844e-01
1.329865973194638938e+08,2.475642352533181656e-01
1.330266053210642189e+08,2.475681111952917623e-01
1.330666133226645440e+08,2.475719809997198040e-01
1.331066213242648542e+08,2.475758446762253429e-01
1.331466293258651793e+08,2.475797022344166654e-01
1.331866373274655044e+08,2.475835536838873474e-01
1.332266453290658146e+08,2.475873990342161157e-01
1.332666533306661397e+08,2.475912382949670976e-01
1.333066613322664648e+08,2.475950714756896820e-01
1.333466693338667750e+08,2.475988985859185199e-01
1.333866773354671001e+08,2.476027196351736903e-01
1.334266853370674253e+08,2.476065346329606454e-01
1.334666933386677355e+08,2.476103435887701265e-01
1.335067013402680606e+08,2.476141465120783869e-01
1.335467093418683708e+08,2.476179434123470802e-01
1.335867173434686959e+08,2.476217342990232884e-01
1.336267253450690210e+08,2.476255191815396051e-01
1.336667333466693312e+08,2.476292980693141355e-01
1.337067413482696563e+08,2.476330709717504130e-01
1.337467493498699814e+08,2.476368378982376217e-01
1.337867573514702916e+08,2.476405988581504569e-01
1.338267653530706167e+08,2.476443538608491535e-01
1.338667733546709418e+08,2.476481029156796243e-01
1.339067813562712520e+08,2.476518460319733494e-01
1.339467893578715771e+08,2.476555832190475148e-01
1.339867973594719023e+08,2.476593144862049012e-01
1.340268053610722125e+08,2.476630398427340507e-01
1.340668133626725376e+08,2.476667592979091281e-01
1.341068213642728627e+08,2.476704728609901429e-01
1.341468293658731729e+08,2.476741805412227271e-01
1.341868373674734980e+08,2.476778823478383573e-01
1.342268453690738082e+08,2.476815782900543550e-01
1.342668533706741333e+08,2.476852683770737196e-01
1.343068613722744584e+08,2.476889526180854062e-01
1.343468693738747835e+08,2.476926310222641592e-01
1.343868773754751086e+08,2.476963035987706507e-01
1.344268853770754337e+08,2.476999703567513977e-01
1.344668933786757290e+08,2.477036313053388450e-01
1.345069013802760541e+08,2.477072864536514485e-01
1.345469093818763793e+08,2.477109358107935089e-01
1.345869173834767044e+08,2.477145793858553935e-01
1.346269253850770295e+08,2.477182171879134531e-01
1.346669333866773546e+08,2.477218492260300220e-01
1.347069413882776499e+08,2.477254755092535565e-01
1.347469493898779750e+08,2.477290960466184966e-01
1.347869573914783001e+08,2.477327108471453765e-01
1.348269653930786252e+08,2.477363199198409083e-01
1.348669733946789503e+08,2.477399232736978707e-01
1.349069813962792456e+08,2.477435209176951647e-01
1.349469893978795707e+08,2.477471128607978967e-01
1.349869973994798958e+08,2.477506991119573510e-01
1.350270054010802209e+08,2.477542796801110447e-01
1.350670134026805460e+08,2.477578545741827010e-01
1.351070214042808712e+08,2.477614238030822758e-01
1.351470294058811665e+08,2.477649873757059862e-01
1.351870374074814916e+08,2.477685453009363936e-01
1.352270454090818167e+08,2.477720975876423204e-01
1.352670534106821418e+08,2.477756442446789331e-01
1.353070614122824669e+08,2.477791852808877426e-01
1.353470694138827920e+08,2.477827207050966318e-01
1.353870774154830873e+08,2.477862505261198833e-01
1.354270854170834124e+08,2.477897747527582073e-01
1.354670934186837375e+08,2.477932933937986859e-01
1.355071014202840626e+08,2.477968064580148844e-01
1.355471094218843877e+08,2.478003139541668509e-01
1.355871174234847128e+08,2.478038158910011446e-01
1.356271254250850081e+08,2.478073122772507519e-01
1.356671334266853333e+08,2.478108031216352813e-01
1.357071414282856584e+08,2.478142884328608520e-01
1.357471494298859835e+08,2.478177682196201215e-01
1.357871574314863086e+08,2.478212424905924249e-01
1.358271654330866337e+08,2.478247112544436082e-01
1.358671734346869290e+08,2.478281745198261943e-01
1.359071814362872541e+08,2.478316322953794115e-01
1.359471894378875792e+08,2.478350845897290544e-01
1.359871974394879043e+08,2.478385314114876503e-01
1.360272054410882294e+08,2.478419727692544872e-01
1.360672134426885545e+08,2.478454086716155025e-01
1.361072214442888498e+08,2.478488391271434221e-01
1.361472294458891749e+08,2.478522641443977326e-01
1.361872374474895000e+08,2.478556837319247363e-01
1.362272454490898252e+08,2.478590978982574966e-01
1.362672534506901503e+08,2.478625066519159481e-01
1.363072614522904754e+08,2.478659100014068140e-01
1.363472694538907707e+08,2.478693079552237721e-01
1.363872774554910958e+08,2.478727005218473167e-01
1.364272854570914209e+08,2.478760877097448412e-01
1.364672934586917460e+08,2.478794695273707216e-01
1.365073014602920711e+08,2.478828459831662612e-01
1.365473094618923962e+08,2.478862170855596903e-01
1.365873174634926915e+08,2.478895828429662496e-01
1.366273254650930166e+08,2.478929432637881625e-01
1.366673334666933417e+08,2.478962983564147460e-01
1.367073414682936668e+08,2.478996481292222442e-01
1.367473494698939919e+08,2.479029925905740506e-01
1.367873574714943171e+08,2.479063317488206242e-01
1.368273654730946124e+08,2.479096656122994902e-01
1.368673734746949375e+08,2.479129941893352951e-01
1.369073814762952626e+08,2.479163174882398901e-01
1.369473894778955877e+08,2.479196355173121646e-01
1.369873974794959128e+08,2.479229482848383237e-01
1.370274054810962379e+08,2.479262557990916382e-01
1.370674134826965332e+08,2.479295580683326949e-01
1.371074214842968583e+08,2.479328551008092296e-01
1.371474294858971834e+08,2.479361469047562938e-01
1.371874374874975085e+08,2.479394334883961992e-01
1.372274454890978336e+08,2.479427148599385178e-01
1.372674534906981587e+08,2.479459910275801371e-01
1.373074614922984540e+08,2.479492619995052882e-01
1.373474694938987792e+08,2.479525277838855457e-01
1.373874774954991043e+08,2.479557883888798830e-01
1.374274854970994294e+08,2.479590438226345894e-01
1.374674934986997545e+08,2.479622940932833808e-01
1.375075015003000498e+08,2.479655392089474275e-01
1.375475095019003749e+08,2.479687791777353267e-01
1.375875175035007000e+08,2.479720140077431023e-01
1.376275255051010251e+08,2.479752437070543158e-01
1.376675335067013502e+08,2.479784682837399556e-01
1.377075415083016753e+08,2.479816877458586033e-01
1.377475495099019706e+08,2.479849021014562949e-01
1.377875575115022957e+08,2.479881113585666874e-01
1.378275655131026208e+08,2.479913155252109758e-01
1.378675735147029459e+08,2.479945146093979480e-01
1.379075815163032711e+08,2.479977086191239855e-01
1.379475895179035962e+08,2.480008975623731182e-01
1.379875975195038915e+08,2.480040814471170529e-01
1.380276055211042166e+08,2.480072602813151172e-01
1.380676135227045417e+08,2.480104340729142876e-01
1.381076215243048668e+08,2.480136028298493278e-01
1.381476295259051919e+08,2.480167665600426508e-01
1.381876375275055170e+08,2.480199252714044289e-01
1.382276455291058123e+08,2.480230789718326223e-01
1.382676535307061374e+08,2.480262276692129231e-01
1.383076615323064625e+08,2.480293713714188386e-01
1.383476695339067876e+08,2.480325100863116639e-01
1.383876775355071127e+08,2.480356438217405368e-01
1.384276855371074378e+08,2.480387725855424663e-01
1.384676935387077332e+08,2.480418963855423042e-01
1.385077015403080583e+08,2.480450152295527455e-01
1.385477095419083834e+08,2.480481291253744669e-01
1.385877175435087085e+08,2.480512380807960160e-01
1.386277255451090336e+08,2.480543421035938945e-01
1.386677335467093587e+08,2.480574412015325303e-01
1.387077415483096540e+08,2.480605353823643888e-01
1.387477495499099791e+08,2.480636246538298340e-01
1.387877575515103042e+08,2.480667090236573502e-01
1.388277655531106293e+08,2.480697884995633207e-01
1.388677735547109544e+08,2.480728630892523323e-01
1.389077815563112795e+08,2.480759328004168707e-01
1.389477895579115748e+08,2.480789976407376252e-01
1.389877975595118999e+08,2.480820576178833503e-01
1.390278055611122251e+08,2.480851127395108935e-01
1.390678135627125502e+08,2.480881630132652227e-01
1.391078215643128753e+08,2.480912084467795375e-01
1.391478295659132004e+08,2.480942490476751583e-01
1.391878375675134957e+08,2.480972848235615258e-01
1.392278455691138208e+08,2.481003157820364513e-01
1.392678535707141459e+08,2.481033419306858112e-01
1.393078615723144710e+08,2.481063632770837968e-01
1.393478695739147961e+08,2.481093798287928864e-01
1.393878775755151212e+08,2.481123915933637347e-01
1.394278855771154165e+08,2.481153985783353944e-01
1.394678935787157416e+08,2.481184007912351774e-01
1.395079015803160667e+08,2.481213982395787387e-01
1.395479095819163918e+08,2.481243909308700757e-01
1.395879175835167170e+08,2.481273788726015284e-01
1.396279255851170421e+08,2.481303620722538905e-01
1.396679335867173374e+08,2.481333405372962708e-01
1.397079415883176625e+08,2.481363142751862316e-01
1.397479495899179876e+08,2.481392832933697890e-01
1.397879575915183127e+08,2.481422475992813570e-01
1.398279655931186378e+08,2.481452072003438869e-01
1.398679735947189629e+08,2.481481621039687557e-01
1.399079815963192582e+08,2.481511123175558498e-01
1.399479895979195833e+08,2.481540578484936477e-01
1.399879975995199084e+08,2.481569987041590541e-01
1.400280056011202335e+08,2.481599348919176218e-01
1.400680136027205586e+08,2.481628664191234401e-01
1.401080216043208539e+08,2.481657932931191635e-01
1.401480296059211791e+08,2.481687155212360940e-01
1.401880376075215042e+08,2.481716331107941265e-01
1.402280456091218293e+08,2.481745460691018312e-01
1.402680536107221544e+08,2.481774544034564267e-01
1.403080616123224795e+08,2.481803581211437515e-01
1.403480696139227748e+08,2.481832572294384309e-01
1.403880776155230999e+08,2.481861517356036828e-01
1.404280856171234250e+08,2.481890416468915950e-01
1.404680936187237501e+08,2.481919269705428477e-01
1.405081016203240752e+08,2.481948077137869912e-01
1.405481096219244003e+08,2.481976838838423349e-01
1.405881176235246956e+08,2.482005554879158915e-01
1.406281256251250207e+08,2.482034225332036270e-01
1.406681336267253458e+08,2.482062850268902110e-01
1.407081416283256710e+08,2.482091429761492107e-01
1.407481496299259961e+08,2.482119963881430913e-01
1.407881576315263212e+08,2.482148452700231045e-01
1.408281656331266165e+08,2.482176896289294832e-01
1.408681736347269416e+08,2.482205294719913302e-01
1.409081816363272667e+08,2.482233648063266462e-01
1.409481896379275918e+08,2.482261956390424684e-01
1.409881976395279169e+08,2.482290219772346762e-01
1.410282056411282420e+08,2.482318438279882133e-01
1.410682136427285373e+08,2.482346611983770046e-01
1.411082216443288624e+08,2.482374740954639836e-01
1.411482296459291875e+08,2.482402825263010648e-01
1.411882376475295126e+08,2.482430864979292551e-01
1.412282456491298378e+08,2.482458860173786253e-01
1.412682536507301629e+08,2.482486810916682829e-01
1.413082616523304582e+08,2.482514717278064831e-01
1.413482696539307833e+08,2.482542579327905452e-01
1.413882776555311084e+08,2.482570397136069085e-01
1.414282856571314335e+08,2.482598170772312152e-01
1.414682936587317586e+08,2.482625900306282274e-01
1.415083016603320837e+08,2.482653585807518548e-01
1.415483096619323790e+08,2.482681227345452657e-01
1.415883176635327041e+08,2.482708824989407481e-01
1.416283256651330292e+08,2.482736378808599043e-01
1.416683336667333543e+08,2.482763888872135394e-01
1.417083416683336794e+08,2.482791355249016896e-01
1.417483496699340045e+08,2.482818778008137051e-01
1.417883576715342999e+08,2.482846157218281946e-01
1.418283656731346250e+08,2.482873492948131089e-01
1.418683736747349501e+08,2.482900785266256849e-01
1.419083816763352752e+08,2.482928034241124737e-01
1.419483896779356003e+08,2.482955239941094794e-01
1.419883976795359254e+08,2.482982402434419644e-01
1.420284056811362207e+08,2.483009521789246443e-01
1.420684136827365458e+08,2.483036598073616041e-01
1.421084216843368709e+08,2.483063631355463818e-01
1.421484296859371960e+08,2.483090621702619127e-01
1.421884376875375211e+08,2.483117569182805850e-01
1.422284456891378462e+08,2.483144473863642954e-01
1.422684536907381415e+08,2.483171335812643377e-01
1.423084616923384666e+08,2.483198155097216253e-01
1.423484696939387918e+08,2.483224931784664413e-01
1.423884776955391169e+08,2.483251665942187159e-01
1.424284856971394420e+08,2.483278357636878875e-01
1.424684936987397671e+08,2.483305006935729031e-01
1.425085017003400624e+08,2.483331613905623847e-01
1.425485097019403875e+08,2.483358178613344625e-01
1.425885177035407126e+08,2.483384701125569138e-01
1.426285257051410377e+08,2.483411181508871080e-01
1.426685337067413628e+08,2.483437619829721166e-01
1.427085417083416879e+08,2.483464016154486309e-01
1.427485497099419832e+08,2.483490370549429616e-01
1.427885577115423083e+08,2.483516683080711773e-01
1.428285657131426334e+08,2.483542953814390497e-01
1.428685737147429585e+08,2.483569182816419973e-01
1.429085817163432837e+08,2.483595370152652526e-01
1.429485897179435790e+08,2.483621515888837505e-01
1.429885977195439041e+08,2.483647620090622121e-01
1.430286057211442292e+08,2.483673682823551165e-01
1.430686137227445543e+08,2.483699704153067289e-01
1.431086217243448794e+08,2.483725684144511836e-01
1.431486297259452045e+08,2.483751622863123731e-01
1.431886377275454998e+08,2.483777520374040870e-01
1.432286457291458249e+08,2.483803376742299285e-01
1.432686537307461500e+08,2.483829192032833977e-01
1.433086617323464751e+08,2.483854966310478640e-01
1.433486697339468002e+08,2.483880699639966216e-01
1.433886777355471253e+08,2.483906392085928616e-01
1.434286857371474206e+08,2.483932043712896998e-01
1.434686937387477458e+08,2.483957654585302599e-01
1.435087017403480709e+08,2.483983224767475906e-01
1.435487097419483960e+08,2.484008754323646651e-01
1.435887177435487211e+08,2.484034243317945478e-01
1.436287257451490462e+08,2.484059691814402560e-01
1.436687337467493415e+08,2.484085099876948421e-01
1.437087417483496666e+08,2.484110467569414227e-01
1.437487497499499917e+08,2.484135794955530940e-01
1.437887577515503168e+08,2.484161082098931272e-01
1.438287657531506419e+08,2.484186329063148013e-01
1.438687737547509670e+08,2.484211535911615143e-01
1.439087817563512623e+08,2.484236702707667832e-01
1.439487897579515874e+08,2.484261829514542719e-01
1.439887977595519125e+08,2.484286916395377631e-01
1.440288057611522377e+08,2.484311963413212143e-01
1.440688137627525628e+08,2.484336970630987573e-01
1.441088217643528879e+08,2.484361938111546986e-01
1.441488297659531832e+08,2.484386865917635467e-01
1.441888377675535083e+08,2.484411754111900683e-01
1.442288457691538334e+08,2.484436602756892321e-01
1.442688537707541585e+08,2.484461411915062645e-01
1.443088617723544836e+08,2.484486181648766501e-01
1.443488697739548087e+08,2.484510912020261586e-01
1.443888777755551040e+08,2.484535603091708456e-01
1.444288857771554291e+08,2.484560254925170797e-01
1.444688937787557542e+08,2.484584867582615708e-01
1.445089017803560793e+08,2.484609441125913143e-01
1.445489097819564044e+08,2.484633975616837021e-01
1.445889177835567296e+08,2.484658471117064948e-01
1.446289257851570249e+08,2.484682927688178222e-01
1.446689337867573500e+08,2.484707345391662103e-01
1.447089417883576751e+08,2.484731724288905819e-01
1.447489497899580002e+08,2.484756064441203116e-01
1.447889577915583253e+08,2.484780365909751987e-01
1.448289657931586504e+08,2.484804628755654665e-01
1.448689737947589457e+08,2.484828853039919017e-01
1.449089817963592708e+08,2.484853038823456595e-01
1.449489897979595959e+08,2.484877186167084862e-01
1.449889977995599210e+08,2.484901295131525523e-01
1.450290058011602461e+08,2.484925365777406470e-01
1.450690138027605712e+08,2.484949398165260392e-01
1.451090218043608665e+08,2.484973392355525612e-01
1.451490298059611917e+08,2.484997348408546636e-01
1.451890378075615168e+08,2.485021266384572769e-01
1.452290458091618419e+08,2.485045146343760336e-01
1.452690538107621670e+08,2.485068988346171570e-01
1.453090618123624921e+08,2.485092792451774335e-01
1.453490698139627874e+08,2.485116558720443791e-01
1.453890778155631125e+08,2.485140287211961008e-01
1.454290858171634376e+08,2.485163977986014072e-01
1.454690938187637627e+08,2.485187631102197814e-01
1.455091018203640878e+08,2.485211246620013803e-01
1.455491098219643831e+08,2.485234824598871461e-01
1.455891178235647082e+08,2.485258365098086952e-01
1.456291258251650333e+08,2.485281868176883457e-01
1.456691338267653584e+08,2.485305333894392288e-01
1.457091418283656836e+08,2.485328762309652606e-01
1.457491498299660087e+08,2.485352153481610593e-01
1.457891578315663040e+08,2.485375507469121392e-01
1.458291658331666291e+08,2.485398824330947443e-01
1.458691738347669542e+08,2.485422104125759590e-01
1.459091818363672793e+08,2.485445346912137643e-01
1.459491898379676044e+08,2.485468552748569260e-01
1.459891978395679295e+08,2.485491721693451062e-01
1.460292058411682248e+08,2.485514853805088353e-01
1.460692138427685499e+08,2.485537949141695679e-01
1.461092218443688750e+08,2.485561007761395991e-01
1.461492298459692001e+08,2.485584029722222588e-01
1.461892378475695252e+08,2.485607015082116622e-01
1.462292458491698503e+08,2.485629963898930428e-01
1.462692538507701457e+08,2.485652876230424468e-01
1.463092618523704708e+08,2.485675752134270111e-01
1.463492698539707959e+08,2.485698591668047963e-01
1.463892778555711210e+08,2.485721394889248981e-01
1.464292858571714461e+08,2.485744161855273915e-01
1.464692938587717712e+08,2.485766892623434421e-01
1.465093018603720665e+08,2.485789587250951949e-01
1.465493098619723916e+08,2.485812245794959408e-01
1.465893178635727167e+08,2.485834868312499779e-01
1.466293258651730418e+08,2.485857454860526949e-01
1.466693338667733669e+08,2.485880005495905987e-01
1.467093418683736920e+08,2.485902520275413141e-01
1.467493498699739873e+08,2.485924999255735846e-01
1.467893578715743124e+08,2.485947442493472714e-01
1.468293658731746376e+08,2.485969850045134377e-01
1.468693738747749627e+08,2.485992221967142923e-01
1.469093818763752878e+08,2.486014558315832179e-01
1.469493898779756129e+08,2.486036859147447986e-01
1.469893978795759082e+08,2.486059124518148200e-01
1.470294058811762333e+08,2.486081354484002970e-01
1.470694138827765584e+08,2.486103549100995014e-01
1.471094218843768835e+08,2.486125708425019065e-01
1.471494298859772086e+08,2.486147832511882705e-01
1.471894378875775337e+08,2.486169921417306361e-01
1.472294458891778290e+08,2.486191975196923309e-01
1.472694538907781541e+08,2.486213993906279951e-01
1.473094618923784792e+08,2.486235977600835534e-01
1.473494698939788043e+08,2.486257926335962709e-01
1.473894778955791295e+08,2.486279840166947530e-01
1.474294858971794546e+08,2.486301719148989731e-01
1.474694938987797499e+08,2.486323563337203002e-01
1.475095019003800750e+08,2.486345372786613883e-01
1.475495099019804001e+08,2.486367147552163981e-01
1.475895179035807252e+08,2.486388887688708305e-01
1.476295259051810503e+08,2.486410593251016377e-01
1.476695339067813754e+08,2.486432264293771677e-01
1.477095419083816707e+08,2.486453900871572475e-01
1.477495499099819958e+08,2.486475503038931834e-01
1.477895579115823209e+08,2.486497070850276769e-01
1.478295659131826460e+08,2.486518604359950202e-01
1.478695739147829711e+08,2.486540103622209286e-01
1.479095819163832963e+08,2.486561568691226520e-01
1.479495899179835916e+08,2.486582999621089474e-01
1.479895979195839167e+08,2.486604396465801892e-01
1.480296059211842418e+08,2.486625759279281755e-01
1.480696139227845669e+08,2.486647088115363502e-01
1.481096219243848920e+08,2.486668383027797469e-01
1.481496299259851873e+08,2.486689644070249616e-01
1.481896379275855124e+08,2.486710871296301528e-01
1.482296459291858375e+08,2.486732064759451799e-01
1.482696539307861626e+08,2.486753224513114369e-01
1.483096619323864877e+08,2.486774350610620465e-01
1.483496699339868128e+08,2.486795443105217496e-01
1.483896779355871081e+08,2.486816502050069044e-01
1.484296859371874332e+08,2.486837527498256539e-01
1.484696939387877584e+08,2.486858519502777032e-01
1.485097019403880835e+08,2.486879478116545972e-01
1.485497099419884086e+08,2.486900403392394987e-01
1.485897179435887337e+08,2.486921295383073272e-01
1.486297259451890290e+08,2.486942154141247863e-01
1.486697339467893541e+08,2.486962979719502809e-01
1.487097419483896792e+08,2.486983772170340279e-01
1.487497499499900043e+08,2.487004531546179731e-01
1.487897579515903294e+08,2.487025257899358743e-01
1.488297659531906545e+08,2.487045951282133571e-01
1.488697739547909498e+08,2.487066611746677480e-01
1.489097819563912749e+08,2.487087239345083245e-01
1.489497899579916000e+08,2.487107834129361483e-01
1.489897979595919251e+08,2.487128396151441212e-01
1.490298059611922503e+08,2.487148925463170401e-01
1.490698139627925754e+08,2.487169422116315975e-01
1.491098219643928707e+08,2.487189886162563257e-01
1.491498299659931958e+08,2.487210317653517355e-01
1.491898379675935209e+08,2.487230716640701778e-01
1.492298459691938460e+08,2.487251083175559818e-01
1.492698539707941711e+08,2.487271417309454558e-01
1.493098619723944962e+08,2.487291719093667475e-01
1.493498699739947915e+08,2.487311988579400945e-01
1.493898779755951166e+08,2.487332225817776299e-01
1.494298859771954417e+08,2.487352430859835484e-01
1.494698939787957668e+08,2.487372603756539957e-01
1.495099019803960919e+08,2.487392744558771240e-01
1.495499099819964170e+08,2.487412853317331751e-01
1.495899179835967124e+08,2.487432930082943972e-01
1.496299259851970375e+08,2.487452974906251002e-01
1.496699339867973626e+08,2.487472987837816285e-01
1.497099419883976877e+08,2.487492968928124437e-01
1.497499499899980128e+08,2.487512918227580694e-01
1.497899579915983379e+08,2.487532835786511742e-01
1.498299659931986332e+08,2.487552721655164611e-01
1.498699739947989583e+08,2.487572575883708614e-01
1.499099819963992834e+08,2.487592398522233683e-01
1.499499899979996085e+08,2.487612189620751479e-01
1.499899979995999336e+08,2.487631949229195116e-01
1.500300060012002587e+08,2.487651677397419991e-01
1.500700140028005540e+08,2.487671374175202954e-01
1.501100220044008791e+08,2.487691039612242860e-01
1.501500300060012043e+08,2.487710673758160851e-01
1.501900380076015294e+08,2.487730276662499795e-01
1.502300460092018545e+08,2.487749848374725403e-01
1.502700540108021796e+08,2.487769388944225946e-01
1.503100620124024749e+08,2.487788898420311701e-01
1.503500700140028000e+08,2.487808376852216341e-01
1.503900780156031251e+08,2.487827824289095824e-01
1.504300860172034502e+08,2.487847240780028946e-01
1.504700940188037753e+08,2.487866626374018453e-01
1.505101020204041004e+08,2.487885981119989098e-01
1.505501100220043957e+08,2.487905305066789585e-01
1.505901180236047208e+08,2.487924598263192011e-01
1.506301260252050459e+08,2.487943860757892145e-01
1.506701340268053710e+08,2.487963092599508597e-01
1.507101420284056962e+08,2.487982293836585035e-01
1.507501500300059915e+08,2.488001464517587691e-01
1.507901580316063166e+08,2.488020604690907578e-01
1.508301660332066417e+08,2.488039714404859659e-01
1.508701740348069668e+08,2.488058793707683125e-01
1.509101820364072919e+08,2.488077842647541393e-01
1.509501900380076170e+08,2.488096861272522387e-01
1.509901980396079123e+08,2.488115849630638809e-01
1.510302060412082374e+08,2.488134807769828150e-01
1.510702140428085625e+08,2.488153735737951844e-01
1.511102220444088876e+08,2.488172633582797222e-01
1.511502300460092127e+08,2.488191501352076396e-01
1.511902380476095378e+08,2.488210339093426260e-01
1.512302460492098331e+08,2.488229146854409601e-01
1.512702540508101583e+08,2.488247924682514267e-01
1.513102620524104834e+08,2.488266672625153164e-01
1.513502700540108085e+08,2.488285390729665647e-01
1.513902780556111336e+08,2.488304079043316130e-01
1.514302860572114587e+08,2.488322737613295477e-01
1.514702940588117540e+08,2.488341366486719886e-01
1.515103020604120791e+08,2.488359965710632282e-01
1.515503100620124042e+08,2.488378535332000929e-01
1.515903180636127293e+08,2.488397075397721370e-01
1.516303260652130544e+08,2.488415585954614484e-01
1.516703340668133795e+08,2.488434067049428988e-01
1.517103420684136748e+08,2.488452518728838936e-01
1.517503500700139999e+08,2.488470941039445938e-01
1.517903580716143250e+08,2.488489334027778332e-01
1.518303660732146502e+08,2.488507697740291180e-01
1.518703740748149753e+08,2.488526032223366824e-01
1.519103820764153004e+08,2.488544337523314887e-01
1.519503900780155957e+08,2.488562613686371994e-01
1.519903980796159208e+08,2.488580860758702884e-01
1.520304060812162459e+08,2.488599078786398744e-01
1.520704140828165710e+08,2.488617267815479428e-01
1.521104220844168961e+08,2.488635427891892071e-01
1.521504300860172212e+08,2.488653559061511922e-01
1.521904380876175165e+08,2.488671661370141508e-01
1.522304460892178416e+08,2.488689734863512582e-01
1.522704540908181667e+08,2.488707779587284175e-01
1.523104620924184918e+08,2.488725795587043987e-01
1.523504700940188169e+08,2.488743782908308388e-01
1.523904780956191421e+08,2.488761741596521859e-01
1.524304860972194374e+08,2.488779671697057549e-01
1.524704940988197625e+08,2.488797573255217832e-01
1.525105021004200876e+08,2.488815446316233193e-01
1.525505101020204127e+08,2.488833290925263897e-01
1.525905181036207378e+08,2.488851107127398876e-01
1.526305261052210629e+08,2.488868894967656287e-01
1.526705341068213582e+08,2.488886654490983230e-01
1.527105421084216833e+08,2.488904385742257142e-01
1.527505501100220084e+08,2.488922088766284124e-01
1.527905581116223335e+08,2.488939763607800337e-01
1.528305661132226586e+08,2.488957410311471719e-01
1.528705741148229837e+08,2.488975028921893429e-01
1.529105821164232790e+08,2.488992619483591517e-01
1.529505901180236042e+08,2.489010182041021257e-01
1.529905981196239293e+08,2.489027716638568533e-01
1.530306061212242544e+08,2.489045223320549838e-01
1.530706141228245795e+08,2.489062702131211169e-01
1.531106221244249046e+08,2.489080153114729688e-01
1.531506301260251999e+08,2.489097576315212890e-01
1.531906381276255250e+08,2.489114971776699436e-01
1.532306461292258501e+08,2.489132339543157768e-01
1.532706541308261752e+08,2.489149679658488323e-01
1.533106621324265003e+08,2.489166992166522430e-01
1.533506701340267956e+08,2.489184277111021470e-01
1.533906781356271207e+08,2.489201534535679661e-01
1.534306861372274458e+08,2.489218764484120994e-01
1.534706941388277709e+08,2.489235966999902572e-01
1.535107021404280961e+08,2.489253142126511553e-01
1.535507101420284212e+08,2.489270289907367373e-01
1.535907181436287165e+08,2.489287410385821464e-01
1.536307261452290416e+08,2.489304503605156982e-01
1.536707341468293667e+08,2.489321569608588802e-01
1.537107421484296918e+08,2.489338608439264078e-01
1.537507501500300169e+08,2.489355620140262237e-01
1.537907581516303420e+08,2.489372604754594986e-01
1.538307661532306373e+08,2.489389562325206029e-01
1.538707741548309624e+08,2.489406492894972456e-01
1.539107821564312875e+08,2.489423396506702801e-01
1.539507901580316126e+08,2.489440273203139264e-01
1.539907981596319377e+08,2.489457123026956320e-01
1.540308061612322628e+08,2.489473946020761830e-01
1.540708141628325582e+08,2.489490742227096209e-01
1.541108221644328833e+08,2.489507511688433261e-01
1.541508301660332084e+08,2.489524254447179896e-01
1.541908381676335335e+08,2.489540970545676690e-01
1.542308461692338586e+08,2.489557660026196773e-01
1.542708541708341837e+08,2.489574322930948047e-01
1.543108621724344790e+08,2.489590959302070972e-01
1.543508701740348041e+08,2.489607569181640501e-01
1.543908781756351292e+08,2.489624152611664976e-01
1.544308861772354543e+08,2.489640709634086957e-01
1.544708941788357794e+08,2.489657240290782669e-01
1.545109021804361045e+08,2.489673744623563112e-01
1.545509101820363998e+08,2.489690222674173226e-01
1.545909181836367249e+08,2.489706674484291893e-01
1.546309261852370501e+08,2.489723100095533326e-01
1.546709341868373752e+08,2.489739499549445123e-01
1.547109421884377003e+08,2.489755872887510768e-01
1.547509501900380254e+08,2.489772220151147963e-01
1.547909581916383207e+08,2.489788541381708908e-01
1.548309661932386458e+08,2.489804836620481687e-01
1.548709741948389709e+08,2.489821105908688048e-01
1.549109821964392960e+08,2.489837349287486457e-01
1.549509901980396211e+08,2.489853566797969597e-01
1.549909981996399462e+08,2.489869758481166040e-01
1.550310062012402415e+08,2.489885924378039406e-01
1.550710142028405666e+08,2.489902064529489201e-01
1.551110222044408917e+08,2.489918178976350538e-01
1.551510302060412169e+08,2.489934267759394138e-01
1.551910382076415420e+08,2.489950330919326604e-01
1.552310462092418671e+08,2.489966368496790705e-01
1.552710542108421624e+08,2.489982380532365369e-01
1.553110622124424875e+08,2.489998367066564855e-01
1.553510702140428126e+08,2.490014328139840971e-01
1.553910782156431377e+08,2.490030263792580578e-01
1.554310862172434628e+08,2.490046174065108087e-01
1.554710942188437879e+08,2.490062058997683792e-01
1.555111022204440832e+08,2.490077918630504705e-01
1.555511102220444083e+08,2.490093753003704835e-01
1.555911182236447334e+08,2.490109562157355183e-01
1.556311262252450585e+08,2.490125346131462913e-01
1.556711342268453836e+08,2.490141104965973018e-01
1.557111422284457088e+08,2.490156838700767206e-01
1.557511502300460041e+08,2.490172547375664736e-01
1.557911582316463292e+08,2.490188231030421862e-01
1.558311662332466543e+08,2.490203889704732665e-01
1.558711742348469794e+08,2.490219523438228499e-01
1.559111822364473045e+08,2.490235132270478269e-01
1.559511902380475998e+08,2.490250716240988704e-01
1.559911982396479249e+08,2.490266275389204365e-01
1.560312062412482500e+08,2.490281809754507913e-01
1.560712142428485751e+08,2.490297319376219565e-01
1.561112222444489002e+08,2.490312804293597915e-01
1.561512302460492253e+08,2.490328264545839665e-01
1.561912382476495206e+08,2.490343700172080177e-01
1.562312462492498457e+08,2.490359111211392917e-01
1.562712542508501709e+08,2.490374497702789736e-01
1.563112622524504960e+08,2.490389859685221141e-01
1.563512702540508211e+08,2.490405197197576304e-01
1.563912782556511462e+08,2.490420510278683330e-01
1.564312862572514415e+08,2.490435798967308989e-01
1.564712942588517666e+08,2.490451063302159262e-01
1.565113022604520917e+08,2.490466303321879071e-01
1.565513102620524168e+08,2.490481519065052274e-01
1.565913182636527419e+08,2.490496710570202221e-01
1.566313262652530670e+08,2.490511877875791480e-01
1.566713342668533623e+08,2.490527021020222387e-01
1.567113422684536874e+08,2.490542140041836217e-01
1.567513502700540125e+08,2.490557234978914292e-01
1.567913582716543376e+08,2.490572305869677705e-01
1.568313662732546628e+08,2.490587352752287043e-01
1.568713742748549879e+08,2.490602375664843215e-01
1.569113822764552832e+08,2.490617374645386350e-01
1.569513902780556083e+08,2.490632349731897455e-01
1.569913982796559334e+08,2.490647300962297583e-01
1.570314062812562585e+08,2.490662228374447840e-01
1.570714142828565836e+08,2.490677132006149652e-01
1.571114222844569087e+08,2.490692011895145330e-01
1.571514302860572040e+08,2.490706868079117231e-01
1.571914382876575291e+08,2.490721700595688315e-01
1.572314462892578542e+08,2.490736509482422978e-01
1.572714542908581793e+08,2.490751294776825941e-01
1.573114622924585044e+08,2.490766056516342530e-01
1.573514702940588295e+08,2.490780794738360060e-01
1.573914782956591249e+08,2.490795509480205616e-01
1.574314862972594500e+08,2.490810200779148831e-01
1.574714942988597751e+08,2.490824868672399939e-01
1.575115023004601002e+08,2.490839513197110056e-01
1.575515103020604253e+08,2.490854134390373120e-01
1.575915183036607504e+08,2.490868732289223120e-01
1.576315263052610457e+08,2.490883306930636865e-01
1.576715343068613708e+08,2.490897858351532324e-01
1.577115423084616959e+08,2.490912386588769178e-01
1.577515503100620210e+08,2.490926891679149657e-01
1.577915583116623461e+08,2.490941373659417424e-01
1.578315663132626712e+08,2.490955832566258410e-01
1.578715743148629665e+08,2.490970268436300816e-01
1.579115823164632916e+08,2.490984681306114834e-01
1.579515903180636168e+08,2.490999071212213756e-01
1.579915983196639419e+08,2.491013438191052309e-01
1.580316063212642670e+08,2.491027782279028602e-01
1.580716143228645921e+08,2.491042103512483008e-01
1.581116223244648874e+08,2.491056401927698727e-01
1.581516303260652125e+08,2.491070677560901780e-01
1.581916383276655376e+08,2.491084930448261014e-01
1.582316463292658627e+08,2.491099160625888098e-01
1.582716543308661878e+08,2.491113368129838357e-01
1.583116623324665129e+08,2.491127552996109662e-01
1.583516703340668082e+08,2.491141715260643263e-01
1.583916783356671333e+08,2.491155854959324345e-01
1.584316863372674584e+08,2.491169972127980914e-01
1.584716943388677835e+08,2.491184066802384633e-01
1.585117023404681087e+08,2.491198139018250546e-01
1.585517103420684338e+08,2.491212188811238182e-01
1.585917183436687291e+08,2.491226216216949896e-01
1.586317263452690542e+08,2.491240221270932809e-01
1.586717343468693793e+08,2.491254204008676865e-01
1.587117423484697044e+08,2.491268164465617330e-01
1.587517503500700295e+08,2.491282102677132848e-01
1.587917583516703248e+08,2.491296018678546276e-01
1.588317663532706499e+08,2.491309912505124957e-01
1.588717743548709750e+08,2.491323784192081003e-01
1.589117823564713001e+08,2.491337633774570182e-01
1.589517903580716252e+08,2.491351461287693303e-01
1.589917983596719503e+08,2.491365266766496223e-01
1.590318063612722456e+08,2.491379050245968452e-01
1.590718143628725708e+08,2.491392811761045656e-01
1.591118223644728959e+08,2.491406551346607434e-01
1.591518303660732210e+08,2.491420269037478430e-01
1.591918383676735461e+08,2.491433964868428885e-01
1.592318463692738712e+08,2.491447638874174086e-01
1.592718543708741665e+08,2.491461291089374086e-01
1.593118623724744916e+08,2.491474921548634813e-01
1.593518703740748167e+08,2.491488530286507519e-01
1.593918783756751418e+08,2.491502117337488498e-01
1.594318863772754669e+08,2.491515682736020476e-01
1.594718943788757920e+08,2.491529226516491224e-01
1.595119023804760873e+08,2.491542748713234390e-01
1.595519103820764124e+08,2.491556249360529218e-01
1.595919183836767375e+08,2.491569728492601665e-01
1.596319263852770627e+08,2.491583186143623008e-01
1.596719343868773878e+08,2.491596622347710954e-01
1.597119423884777129e+08,2.491610037138929090e-01
1.597519503900780082e+08,2.491623430551287433e-01
1.597919583916783333e+08,2.491636802618742430e-01
1.598319663932786584e+08,2.491650153375196963e-01
1.598719743948789835e+08,2.491663482854500067e-01
1.599119823964793086e+08,2.491676791090448040e-01
1.599519903980796337e+08,2.491690078116783336e-01
1.599919983996799290e+08,2.491703343967195394e-01
1.600320064012802541e+08,2.491716588675320088e-01
1.600720144028805792e+08,2.491729812274741107e-01
1.601120224044809043e+08,2.491743014798988298e-01
1.601520304060812294e+08,2.491756196281538771e-01
1.601920384076815546e+08,2.491769356755817177e-01
1.602320464092818499e+08,2.491782496255195434e-01
1.602720544108821750e+08,2.491795614812991888e-01
1.603120624124825001e+08,2.491808712462473818e-01
1.603520704140828252e+08,2.491821789236854656e-01
1.603920784156831503e+08,2.491834845169296209e-01
1.604320864172834754e+08,2.491847880292907547e-01
1.604720944188837707e+08,2.491860894640745561e-01
1.605121024204840958e+08,2.491873888245815238e-01
1.605521104220844209e+08,2.491886861141069387e-01
1.605921184236847460e+08,2.491899813359408355e-01
1.606321264252850711e+08,2.491912744933681423e-01
1.606721344268853962e+08,2.491925655896685132e-01
1.607121424284856915e+08,2.491938546281164957e-01
1.607521504300860167e+08,2.491951416119813911e-01
1.607921584316863418e+08,2.491964265445274496e-01
1.608321664332866669e+08,2.491977094290136752e-01
1.608721744348869920e+08,2.491989902686939651e-01
1.609121824364873171e+08,2.492002690668171094e-01
1.609521904380876124e+08,2.492015458266266803e-01
1.609921984396879375e+08,2.492028205513611983e-01
1.610322064412882626e+08,2.492040932442541046e-01
1.610722144428885877e+08,2.492053639085336503e-01
1.611122224444889128e+08,2.492066325474230626e-01
1.611522304460892379e+08,2.492078991641404062e-01
1.611922384476895332e+08,2.492091637618987499e-01
1.612322464492898583e+08,2.492104263439060274e-01
1.612722544508901834e+08,2.492116869133651491e-01
1.613122624524905086e+08,2.492129454734739180e-01
1.613522704540908337e+08,2.492142020274251413e-01
1.613922784556911290e+08,2.492154565784065745e-01
1.614322864572914541e+08,2.492167091296008941e-01
1.614722944588917792e+08,2.492179596841858080e-01
1.615123024604921043e+08,2.492192082453340007e-01
1.615523104620924294e+08,2.492204548162131050e-01
1.615923184636927545e+08,2.492216993999857855e-01
1.616323264652930498e+08,2.492229419998097106e-01
1.616723344668933749e+08,2.492241826188375531e-01
1.617123424684937000e+08,2.492254212602170171e-01
1.617523504700940251e+08,2.492266579270908111e-01
1.617923584716943502e+08,2.492278926225967306e-01
1.618323664732946754e+08,2.492291253498675752e-01
1.618723744748949707e+08,2.492303561120311761e-01
1.619123824764952958e+08,2.492315849122105076e-01
1.619523904780956209e+08,2.492328117535235199e-01
1.619923984796959460e+08,2.492340366390833062e-01
1.620324064812962711e+08,2.492352595719980191e-01
1.620724144828965962e+08,2.492364805553708706e-01
1.621124224844968915e+08,2.492376995923002159e-01
1.621524304860972166e+08,2.492389166858794969e-01
1.621924384876975417e+08,2.492401318391972709e-01
1.622324464892978668e+08,2.492413450553372378e-01
1.622724544908981919e+08,2.492425563373782127e-01
1.623124624924985170e+08,2.492437656883941255e-01
1.623524704940988123e+08,2.492449731114540490e-01
1.623924784956991374e+08,2.492461786096222542e-01
1.624324864972994626e+08,2.492473821859581273e-01
1.624724944988997877e+08,2.492485838435162804e-01
1.625125025005001128e+08,2.492497835853464128e-01
1.625525105021004379e+08,2.492509814144934499e-01
1.625925185037007332e+08,2.492521773339975433e-01
1.626325265053010583e+08,2.492533713468939871e-01
1.626725345069013834e+08,2.492545634562132739e-01
1.627125425085017085e+08,2.492557536649811778e-01
1.627525505101020336e+08,2.492569419762186433e-01
1.627925585117023587e+08,2.492581283929418134e-01
1.628325665133026540e+08,2.492593129181621403e-01
1.628725745149029791e+08,2.492604955548862466e-01
1.629125825165033042e+08,2.492616763061160645e-01
1.629525905181036294e+08,2.492628551748487242e-01
1.629925985197039545e+08,2.492640321640766654e-01
1.630326065213042796e+08,2.492652072767875815e-01
1.630726145229045749e+08,2.492663805159644475e-01
1.631126225245049000e+08,2.492675518845855198e-01
1.631526305261052251e+08,2.492687213856243644e-01
1.631926385277055502e+08,2.492698890220498287e-01
1.632326465293058753e+08,2.492710547968260693e-01
1.632726545309062004e+08,2.492722187129125799e-01
1.633126625325064957e+08,2.492733807732641360e-01
1.633526705341068208e+08,2.492745409808309054e-01
1.633926785357071459e+08,2.492756993385583375e-01
1.634326865373074710e+08,2.492768558493872744e-01
1.634726945389077961e+08,2.492780105162538395e-01
1.635127025405081213e+08,2.492791633420896047e-01
1.635527105421084166e+08,2.492803143298214230e-01
1.635927185437087417e+08,2.492814634823715680e-01
1.636327265453090668e+08,2.492826108026577336e-01
1.636727345469093919e+08,2.492837562935928952e-01
1.637127425485097170e+08,2.492848999580855318e-01
1.637527505501100421e+08,2.492860417990394595e-01
1.637927585517103374e+08,2.492871818193539146e-01
1.638327665533106625e+08,2.492883200219235817e-01
1.638727745549109876e+08,2.492894564096385102e-01
1.639127825565113127e+08,2.492905909853842805e-01
1.639527905581116378e+08,2.492917237520417828e-01
1.639927985597119331e+08,2.492928547124874383e-01
1.640328065613122582e+08,2.492939838695931443e-01
1.640728145629125834e+08,2.492951112262261626e-01
1.641128225645129085e+08,2.492962367852492866e-01
1.641528305661132336e+08,2.492973605495207856e-01
1.641928385677135587e+08,2.492984825218943767e-01
1.642328465693138540e+08,2.492996027052193087e-01
1.642728545709141791e+08,2.493007211023403058e-01
1.643128625725145042e+08,2.493018377160975685e-01
1.643528705741148293e+08,2.493029525493268284e-01
1.643928785757151544e+08,2.493040656048593207e-01
1.644328865773154795e+08,2.493051768855218675e-01
1.644728945789157748e+08,2.493062863941367113e-01
1.645129025805160999e+08,2.493073941335217369e-01
1.645529105821164250e+08,2.493085001064903050e-01
1.645929185837167501e+08,2.493096043158513631e-01
1.646329265853170753e+08,2.493107067644093899e-01
1.646729345869174004e+08,2.493118074549644514e-01
1.647129425885176957e+08,2.493129063903121723e-01
1.647529505901180208e+08,2.493140035732437643e-01
1.647929585917183459e+08,2.493150990065460260e-01
1.648329665933186710e+08,2.493161926930013428e-01
1.648729745949189961e+08,2.493172846353876870e-01
1.649129825965193212e+08,2.493183748364787011e-01
1.649529905981196165e+08,2.493194632990435311e-01
1.649929985997199416e+08,2.493205500258470209e-01
1.650330066013202667e+08,2.493216350196496567e-01
1.650730146029205918e+08,2.493227182832075117e-01
1.651130226045209169e+08,2.493237998192723015e-01
1.651530306061212420e+08,2.493248796305914117e-01
1.651930386077215374e+08,2.493259577199078980e-01
1.652330466093218625e+08,2.493270340899604032e-01
1.652730546109221876e+08,2.493281087434833510e-01
1.653130626125225127e+08,2.493291816832067243e-01
1.653530706141228378e+08,2.493302529118562594e-01
1.653930786157231629e+08,2.493313224321533628e-01
1.654330866173234582e+08,2.493323902468151387e-01
1.654730946189237833e+08,2.493334563585543895e-01
1.655131026205241084e+08,2.493345207700796429e-01
1.655531106221244335e+08,2.493355834840950969e-01
1.655931186237247586e+08,2.493366445033007028e-01
1.656331266253250837e+08,2.493377038303921656e-01
1.656731346269253790e+08,2.493387614680608599e-01
1.657131426285257041e+08,2.493398174189939975e-01
1.657531506301260293e+08,2.493408716858744045e-01
1.657931586317263544e+08,2.493419242713807993e-01
1.658331666333266795e+08,2.493429751781875980e-01
1.658731746349270046e+08,2.493440244089649704e-01
1.659131826365272999e+08,2.493450719663788673e-01
1.659531906381276250e+08,2.493461178530910760e-01
1.659931986397279501e+08,2.493471620717591097e-01
1.660332066413282752e+08,2.493482046250362905e-01
1.660732146429286003e+08,2.493492455155717769e-01
1.661132226445289254e+08,2.493502847460104810e-01
1.661532306461292207e+08,2.493513223189931793e-01
1.661932386477295458e+08,2.493523582371564296e-01
1.662332466493298709e+08,2.493533925031326259e-01
1.662732546509301960e+08,2.493544251195500550e-01
1.663132626525305212e+08,2.493554560890327565e-01
1.663532706541308463e+08,2.493564854142006626e-01
1.663932786557311416e+08,2.493575130976695697e-01
1.664332866573314667e+08,2.493585391420510833e-01
1.664732946589317918e+08,2.493595635499527563e-01
1.665133026605321169e+08,2.493605863239779230e-01
1.665533106621324420e+08,2.493616074667258931e-01
1.665933186637327373e+08,2.493626269807917850e-01
1.666333266653330624e+08,2.493636448687666651e-01
1.666733346669333875e+08,2.493646611332374363e-01
1.667133426685337126e+08,2.493656757767869492e-01
1.667533506701340377e+08,2.493666888019940020e-01
1.667933586717343628e+08,2.493677002114332020e-01
1.668333666733346581e+08,2.493687100076752150e-01
1.668733746749349833e+08,2.493697181932865437e-01
1.669133826765353084e+08,2.493707247708296382e-01
1.669533906781356335e+08,2.493717297428629520e-01
1.669933986797359586e+08,2.493727331119408031e-01
1.670334066813362837e+08,2.493737348806135401e-01
1.670734146829365790e+08,2.493747350514274597e-01
1.671134226845369041e+08,2.493757336269247782e-01
1.671534306861372292e+08,2.493767306096437431e-01
1.671934386877375543e+08,2.493777260021185771e-01
1.672334466893378794e+08,2.493787198068794508e-01
1.672734546909382045e+08,2.493797120264525380e-01
1.673134626925384998e+08,2.493807026633600987e-01
1.673534706941388249e+08,2.493816917201202854e-01
1.673934786957391500e+08,2.493826791992473091e-01
1.674334866973394752e+08,2.493836651032514118e-01
1.674734946989398003e+08,2.493846494346388665e-01
1.675135027005401254e+08,2.493856321959119215e-01
1.675535107021404207e+08,2.493866133895689674e-01
1.675935187037407458e+08,2.493875930181043143e-01
1.676335267053410709e+08,2.493885710840084424e-01
1.676735347069413960e+08,2.493895475897677794e-01
1.677135427085417211e+08,2.493905225378649226e-01
1.677535507101420462e+08,2.493914959307784451e-01
1.677935587117423415e+08,2.493924677709830340e-01
1.678335667133426666e+08,2.493934380609494905e-01
1.678735747149429917e+08,2.493944068031446193e-01
1.679135827165433168e+08,2.493953740000314223e-01
1.679535907181436419e+08,2.493963396540689326e-01
1.679935987197439671e+08,2.493973037677123250e-01
1.680336067213442624e+08,2.493982663434128333e-01
1.680736147229445875e+08,2.493992273836178331e-01
1.681136227245449126e+08,2.494001868907708974e-01
1.681536307261452377e+08,2.494011448673116305e-01
1.681936387277455628e+08,2.494021013156758060e-01
1.682336467293458879e+08,2.494030562382953398e-01
1.682736547309461832e+08,2.494040096375983173e-01
1.683136627325465083e+08,2.494049615160089661e-01
1.683536707341468334e+08,2.494059118759476557e-01
1.683936787357471585e+08,2.494068607198309251e-01
1.684336867373474836e+08,2.494078080500715389e-01
1.684736947389478087e+08,2.494087538690783756e-01
1.685137027405481040e+08,2.494096981792565115e-01
1.685537107421484292e+08,2.494106409830072479e-01
1.685937187437487543e+08,2.494115822827280282e-01
1.686337267453490794e+08,2.494125220808125487e-01
1.686737347469494045e+08,2.494134603796506755e-01
1.687137427485497296e+08,2.494143971816285554e-01
1.687537507501500249e+08,2.494153324891284496e-01
1.687937587517503500e+08,2.494162663045289552e-01
1.688337667533506751e+08,2.494171986302048116e-01
1.688737747549510002e+08,2.494181294685270667e-01
1.689137827565513253e+08,2.494190588218629379e-01
1.689537907581516504e+08,2.494199866925759790e-01
1.689937987597519457e+08,2.494209130830259413e-01
1.690338067613522708e+08,2.494218379955688569e-01
1.690738147629525959e+08,2.494227614325570108e-01
1.691138227645529211e+08,2.494236833963389688e-01
1.691538307661532462e+08,2.494246038892596051e-01
1.691938387677535415e+08,2.494255229136600471e-01
1.692338467693538666e+08,2.494264404718776751e-01
1.692738547709541917e+08,2.494273565662462888e-01
1.693138627725545168e+08,2.494282711990958301e-01
1.693538707741548419e+08,2.494291843727526881e-01
1.693938787757551670e+08,2.494300960895394770e-01
1.694338867773554623e+08,2.494310063517752030e-01
1.694738947789557874e+08,2.494319151617750974e-01
1.695139027805561125e+08,2.494328225218508388e-01
1.695539107821564376e+08,2.494337284343103867e-01
1.695939187837567627e+08,2.494346329014580088e-01
1.696339267853570879e+08,2.494355359255943927e-01
1.696739347869573832e+08,2.494364375090165065e-01
1.697139427885577083e+08,2.494373376540177378e-01
1.697539507901580334e+08,2.494382363628878385e-01
1.697939587917583585e+08,2.494391336379128965e-01
1.698339667933586836e+08,2.494400294813754193e-01
1.698739747949590087e+08,2.494409238955542230e-01
1.699139827965593040e+08,2.494418168827245985e-01
1.699539907981596291e+08,2.494427084451581733e-01
1.699939987997599542e+08,2.494435985851230220e-01
1.700340068013602793e+08,2.494444873048835831e-01
1.700740148029606044e+08,2.494453746067007149e-01
1.701140228045609295e+08,2.494462604928317229e-01
1.701540308061612248e+08,2.494471449655302764e-01
1.701940388077615499e+08,2.494480280270465478e-01
1.702340468093618751e+08,2.494489096796270733e-01
1.702740548109622002e+08,2.494497899255148921e-01
1.703140628125625253e+08,2.494506687669494349e-01
1.703540708141628504e+08,2.494515462061666078e-01
1.703940788157631457e+08,2.494524222453987639e-01
1.704340868173634708e+08,2.494532968868747314e-01
1.704740948189637959e+08,2.494541701328197858e-01
1.705141028205641210e+08,2.494550419854557055e-01
1.705541108221644461e+08,2.494559124470007161e-01
1.705941188237647712e+08,2.494567815196695737e-01
1.706341268253650665e+08,2.494576492056734263e-01
1.706741348269653916e+08,2.494585155072200355e-01
1.707141428285657167e+08,2.494593804265135828e-01
1.707541508301660419e+08,2.494602439657547799e-01
1.707941588317663670e+08,2.494611061271408692e-01
1.708341668333666921e+08,2.494619669128655959e-01
1.708741748349669874e+08,2.494628263251192080e-01
1.709141828365673125e+08,2.494636843660885117e-01
1.709541908381676376e+08,2.494645410379568162e-01
1.709941988397679627e+08,2.494653963429039889e-01
1.710342068413682878e+08,2.494662502831064554e-01
1.710742148429686129e+08,2.494671028607371444e-01
1.711142228445689082e+08,2.494679540779655980e-01
1.711542308461692333e+08,2.494688039369578891e-01
1.711942388477695584e+08,2.494696524398766491e-01
1.712342468493698835e+08,2.494704995888810672e-01
1.712742548509702086e+08,2.494713453861269747e-01
1.713142628525705338e+08,2.494721898337667054e-01
1.713542708541708291e+08,2.494730329339492347e-01
1.713942788557711542e+08,2.494738746888200964e-01
1.714342868573714793e+08,2.494747151005214658e-01
1.714742948589718044e+08,2.494755541711920765e-01
1.715143028605721295e+08,2.494763919029672761e-01
1.715543108621724546e+08,2.494772282979790812e-01
1.715943188637727499e+08,2.494780633583560392e-01
1.716343268653730750e+08,2.494788970862233946e-01
1.716743348669734001e+08,2.494797294837029777e-01
1.717143428685737252e+08,2.494805605529133163e-01
1.717543508701740503e+08,2.494813902959694962e-01
1.717943588717743754e+08,2.494822187149833004e-01
1.718343668733746707e+08,2.494830458120631256e-01
1.718743748749749959e+08,2.494838715893140935e-01
1.719143828765753210e+08,2.494846960488379395e-01
1.719543908781756461e+08,2.494855191927330407e-01
1.719943988797759712e+08,2.494863410230944989e-01
1.720344068813762665e+08,2.494871615420140853e-01
1.720744148829765916e+08,2.494879807515801851e-01
1.721144228845769167e+08,2.494887986538779912e-01
1.721544308861772418e+08,2.494896152509892828e-01
1.721944388877775669e+08,2.494904305449926196e-01
1.722344468893778920e+08,2.494912445379631749e-01
1.722744548909781873e+08,2.494920572319729024e-01
1.723144628925785124e+08,2.494928686290904807e-01
1.723544708941788375e+08,2.494936787313812299e-01
1.723944788957791626e+08,2.494944875409072504e-01
1.724344868973794878e+08,2.494952950597273678e-01
1.724744948989798129e+08,2.494961012898971320e-01
1.725145029005801082e+08,2.494969062334688459e-01
1.725545109021804333e+08,2.494977098924915093e-01
1.725945189037807584e+08,2.494985122690109580e-01
1.726345269053810835e+08,2.494993133650697248e-01
1.726745349069814086e+08,2.495001131827070950e-01
1.727145429085817337e+08,2.495009117239591345e-01
1.727545509101820290e+08,2.495017089908587171e-01
1.727945589117823541e+08,2.495025049854354138e-01
1.728345669133826792e+08,2.495032997097156313e-01
1.728745749149830043e+08,2.495040931657225569e-01
1.729145829165833294e+08,2.495048853554761581e-01
1.729545909181836545e+08,2.495056762809932105e-01
1.729945989197839499e+08,2.495064659442872423e-01
1.730346069213842750e+08,2.495072543473686733e-01
1.730746149229846001e+08,2.495080414922446754e-01
1.731146229245849252e+08,2.495088273809192292e-01
1.731546309261852503e+08,2.495096120153931785e-01
1.731946389277855754e+08,2.495103953976641475e-01
1.732346469293858707e+08,2.495111775297266243e-01
1.732746549309861958e+08,2.495119584135719049e-01
1.733146629325865209e+08,2.495127380511881765e-01
1.733546709341868460e+08,2.495135164445603793e-01
1.733946789357871711e+08,2.495142935956704278e-01
1.734346869373874962e+08,2.495150695064969892e-01
1.734746949389877915e+08,2.495158441790156501e-01
1.735147029405881166e+08,2.495166176151988047e-01
1.735547109421884418e+08,2.495173898170157945e-01
1.735947189437887669e+08,2.495181607864327689e-01
1.736347269453890920e+08,2.495189305254128243e-01
1.736747349469894171e+08,2.495196990359158373e-01
1.737147429485897124e+08,2.495204663198987149e-01
1.737547509501900375e+08,2.495212323793151166e-01
1.737947589517903626e+08,2.495219972161157318e-01
1.738347669533906877e+08,2.495227608322480306e-01
1.738747749549910128e+08,2.495235232296565131e-01
1.739147829565913379e+08,2.495242844102824875e-01
1.739547909581916332e+08,2.495250443760642645e-01
1.739947989597919583e+08,2.495258031289370459e-01
1.740348069613922834e+08,2.495265606708329253e-01
1.740748149629926085e+08,2.495273170036809984e-01
1.741148229645929337e+08,2.495280721294072523e-01
1.741548309661932588e+08,2.495288260499346489e-01
1.741948389677935541e+08,2.495295787671830412e-01
1.742348469693938792e+08,2.495303302830693126e-01
1.742748549709942043e+08,2.495310805995072656e-01
1.743148629725945294e+08,2.495318297184076772e-01
1.743548709741948545e+08,2.495325776416782437e-01
1.743948789757951796e+08,2.495333243712236915e-01
1.744348869773954749e+08,2.495340699089457215e-01
1.744748949789958000e+08,2.495348142567430094e-01
1.745149029805961251e+08,2.495355574165111501e-01
1.745549109821964502e+08,2.495362993901428517e-01
1.745949189837967753e+08,2.495370401795277138e-01
1.746349269853970706e+08,2.495377797865524216e-01
1.746749349869973958e+08,2.495385182131005519e-01
1.747149429885977209e+08,2.495392554610528502e-01
1.747549509901980460e+08,2.495399915322868978e-01
1.747949589917983711e+08,2.495407264286774729e-01
1.748349669933986962e+08,2.495414601520962172e-01
1.748749749949989915e+08,2.495421927044119137e-01
1.749149829965993166e+08,2.495429240874903476e-01
1.749549909981996417e+08,2.495436543031943344e-01
1.749949989997999668e+08,2.495443833533837197e-01
1.750350070014002919e+08,2.495451112399154348e-01
1.750750150030006170e+08,2.495458379646434133e-01
1.751150230046009123e+08,2.495465635294186746e-01
1.751550310062012374e+08,2.495472879360893237e-01
1.751950390078015625e+08,2.495480111865004680e-01
1.752350470094018877e+08,2.495487332824943838e-01
1.752750550110022128e+08,2.495494542259102944e-01
1.753150630126025379e+08,2.495501740185846473e-01
1.753550710142028332e+08,2.495508926623508095e-01
1.753950790158031583e+08,2.495516101590394276e-01
1.754350870174034834e+08,2.495523265104780397e-01
1.754750950190038085e+08,2.495530417184914640e-01
1.755151030206041336e+08,2.495537557849015209e-01
1.755551110222044587e+08,2.495544687115271443e-01
1.755951190238047540e+08,2.495551805001844092e-01
1.756351270254050791e+08,2.495558911526865042e-01
1.756751350270054042e+08,2.495566006708437035e-01
1.757151430286057293e+08,2.495573090564634777e-01
1.757551510302060544e+08,2.495580163113503280e-01
1.757951590318063796e+08,2.495587224373059521e-01
1.758351670334066749e+08,2.495594274361292164e-01
1.758751750350070000e+08,2.495601313096161011e-01
1.759151830366073251e+08,2.495608340595596719e-01
1.759551910382076502e+08,2.495615356877502744e-01
1.759951990398079753e+08,2.495622361959752844e-01
1.760352070414083004e+08,2.495629355860193299e-01
1.760752150430085957e+08,2.495636338596641524e-01
1.761152230446089208e+08,2.495643310186887176e-01
1.761552310462092459e+08,2.495650270648690772e-01
1.761952390478095710e+08,2.495657219999785903e-01
1.762352470494098961e+08,2.495664158257876741e-01
1.762752550510102212e+08,2.495671085440639980e-01
1.763152630526105165e+08,2.495678001565724280e-01
1.763552710542108417e+08,2.495684906650750268e-01
1.763952790558111668e+08,2.495691800713310260e-01
1.764352870574114919e+08,2.495698683770968818e-01
1.764752950590118170e+08,2.495705555841263024e-01
1.765153030606121421e+08,2.495712416941701095e-01
1.765553110622124374e+08,2.495719267089764604e-01
1.765953190638127625e+08,2.495726106302906533e-01
1.766353270654130876e+08,2.495732934598552666e-01
1.766753350670134127e+08,2.495739751994100752e-01
1.767153430686137378e+08,2.495746558506921065e-01
1.767553510702140629e+08,2.495753354154356396e-01
1.767953590718143582e+08,2.495760138953722063e-01
1.768353670734146833e+08,2.495766912922305070e-01
1.768753750750150084e+08,2.495773676077366332e-01
1.769153830766153336e+08,2.495780428436137899e-01
1.769553910782156587e+08,2.495787170015825729e-01
1.769953990798159838e+08,2.495793900833607748e-01
1.770354070814162791e+08,2.495800620906634681e-01
1.770754150830166042e+08,2.495807330252030054e-01
1.771154230846169293e+08,2.495814028886890468e-01
1.771554310862172544e+08,2.495820716828284769e-01
1.771954390878175795e+08,2.495827394093255158e-01
1.772354470894178748e+08,2.495834060698816914e-01
1.772754550910181999e+08,2.495840716661957559e-01
1.773154630926185250e+08,2.495847361999638525e-01
1.773554710942188501e+08,2.495853996728793767e-01
1.773954790958191752e+08,2.495860620866330315e-01
1.774354870974195004e+08,2.495867234429128556e-01
1.774754950990197957e+08,2.495873837434041953e-01
1.775155031006201208e+08,2.495880429897897601e-01
1.775555111022204459e+08,2.495887011837494840e-01
1.775955191038207710e+08,2.495893583269607474e-01
1.776355271054210961e+08,2.495900144210982108e-01
1.776755351070214212e+08,2.495906694678338700e-01
1.777155431086217165e+08,2.495913234688370841e-01
1.777555511102220416e+08,2.495919764257745477e-01
1.777955591118223667e+08,2.495926283403103185e-01
1.778355671134226918e+08,2.495932792141057899e-01
1.778755751150230169e+08,2.495939290488197460e-01
1.779155831166233420e+08,2.495945778461083342e-01
1.779555911182236373e+08,2.495952256076250098e-01
1.779955991198239625e+08,2.495958723350206743e-01
1.780356071214242876e+08,2.495965180299435926e-01
1.780756151230246127e+08,2.495971626940393651e-01
1.781156231246249378e+08,2.495978063289510662e-01
1.781556311262252629e+08,2.495984489363190506e-01
1.781956391278255582e+08,2.495990905177811470e-01
1.782356471294258833e+08,2.495997310749725751e-01
1.782756551310262084e+08,2.496003706095258901e-01
1.783156631326265335e+08,2.496010091230711492e-01
1.783556711342268586e+08,2.496016466172357451e-01
1.783956791358271837e+08,2.496022830936444892e-01
1.784356871374274790e+08,2.496029185539196948e-01
1.784756951390278041e+08,2.496035529996810109e-01
1.785157031406281292e+08,2.496041864325455051e-01
1.785557111422284544e+08,2.496048188541277468e-01
1.785957191438287795e+08,2.496054502660396968e-01
1.786357271454291046e+08,2.496060806698907619e-01
1.786757351470293999e+08,2.496067100672877681e-01
1.787157431486297250e+08,2.496073384598350431e-01
1.787557511502300501e+08,2.496079658491343056e-01
1.787957591518303752e+08,2.496085922367847765e-01
1.788357671534307003e+08,2.496092176243830951e-01
1.788757751550310254e+08,2.496098420135234031e-01
1.789157831566313207e+08,2.496104654057972883e-01
1.789557911582316458e+08,2.496110878027937852e-01
1.789957991598319709e+08,2.496117092060994580e-01
1.790358071614322960e+08,2.496123296172983175e-01
1.790758151630326211e+08,2.496129490379718485e-01
1.791158231646329463e+08,2.496135674696990381e-01
1.791558311662332416e+08,2.496141849140563473e-01
1.791958391678335667e+08,2.496148013726177672e-01
1.792358471694338918e+08,2.496154168469547630e-01
1.792758551710342169e+08,2.496160313386363017e-01
1.793158631726345420e+08,2.496166448492288525e-01
1.793558711742348671e+08,2.496172573802964145e-01
1.793958791758351624e+08,2.496178689334004885e-01
1.794358871774354875e+08,2.496184795101000775e-01
1.794758951790358126e+08,2.496190891119517419e-01
1.795159031806361377e+08,2.496196977405095441e-01
1.795559111822364628e+08,2.496203053973251040e-01
1.795959191838367879e+08,2.496209120839475160e-01
1.796359271854370832e+08,2.496215178019234870e-01
1.796759351870374084e+08,2.496221225527971987e-01
1.797159431886377335e+08,2.496227263381104455e-01
1.797559511902380586e+08,2.496233291594024961e-01
1.797959591918383837e+08,2.496239310182102322e-01
1.798359671934386790e+08,2.496245319160680931e-01
1.798759751950390041e+08,2.496251318545080200e-01
1.799159831966393292e+08,2.496257308350595949e-01
1.799559911982396543e+08,2.496263288592499019e-01
1.799959991998399794e+08,2.496269259286036657e-01
